Date,Open,High,Low,Close,Volume
2008-06-24,15.742114067077637,15.742114067077637,15.742114067077637,9.475112915039062,0
2008-06-25,15.742114067077637,15.742114067077637,15.742114067077637,9.475112915039062,0
2008-06-26,15.826521873474121,15.826521873474121,15.826521873474121,9.525918006896973,474
2008-06-27,15.362277030944824,15.362277030944824,15.27786922454834,9.246491432189941,237
2008-06-30,15.362277030944824,15.362277030944824,15.362277030944824,9.246491432189941,0
2008-07-01,15.151256561279297,15.151256561279297,15.151256561279297,9.119478225708008,355
2008-07-02,15.362277030944824,15.362277030944824,15.362277030944824,9.246491432189941,355
2008-07-03,15.362277030944824,15.362277030944824,15.362277030944824,9.246491432189941,0
2008-07-07,15.362277030944824,15.362277030944824,15.362277030944824,9.246491432189941,0
2008-07-08,14.771421432495117,14.771421432495117,14.771421432495117,8.890857696533203,3199
2008-07-09,14.771421432495117,14.771421432495117,14.771421432495117,8.890857696533203,0
2008-07-10,14.771421432495117,14.771421432495117,14.771421432495117,8.890857696533203,0
2008-07-11,14.771421432495117,14.771421432495117,14.771421432495117,8.890857696533203,0
2008-07-14,14.982440948486328,14.982440948486328,14.982440948486328,9.01786994934082,1066
2008-07-15,14.982440948486328,14.982440948486328,14.982440948486328,9.01786994934082,0
2008-07-16,14.982440948486328,14.982440948486328,14.982440948486328,9.01786994934082,0
2008-07-17,14.940237045288086,15.193461418151855,14.940237045288086,8.992467880249023,829
2008-07-18,14.940237045288086,14.940237045288086,14.940237045288086,8.992467880249023,0
2008-07-21,15.910929679870605,15.910929679870605,15.910929679870605,9.576723098754883,237
2008-07-22,15.53109359741211,15.53109359741211,15.53109359741211,9.348098754882812,592
2008-07-23,15.53109359741211,15.53109359741211,15.53109359741211,9.348098754882812,0
2008-07-24,15.53109359741211,15.53109359741211,15.53109359741211,9.348098754882812,0
2008-07-25,15.53109359741211,15.53109359741211,15.53109359741211,9.348098754882812,0
2008-07-28,15.53109359741211,15.53109359741211,15.53109359741211,9.348098754882812,0
2008-07-29,15.53109359741211,15.53109359741211,15.53109359741211,9.348098754882812,0
2008-07-30,15.53109359741211,15.53109359741211,15.53109359741211,9.348098754882812,0
2008-07-31,16.79721450805664,16.79721450805664,16.79721450805664,10.110174179077148,1540
2008-08-01,15.902488708496094,15.902488708496094,15.902488708496094,9.57164192199707,9241
2008-08-04,15.902488708496094,15.902488708496094,15.902488708496094,9.57164192199707,0
2008-08-05,16.07974624633789,16.07974624633789,16.07974624633789,9.678333282470703,118
2008-08-06,16.07974624633789,16.07974624633789,16.07974624633789,9.678333282470703,0
2008-08-07,16.07974624633789,16.07974624633789,16.07974624633789,9.678333282470703,0
2008-08-08,16.07974624633789,16.07974624633789,16.07974624633789,9.678333282470703,0
2008-08-11,16.07974624633789,16.07974624633789,16.07974624633789,9.678333282470703,0
2008-08-12,16.07974624633789,16.07974624633789,16.07974624633789,9.678333282470703,0
2008-08-13,16.07974624633789,16.07974624633789,16.07974624633789,9.678333282470703,0
2008-08-14,14.81362533569336,14.81362533569336,14.81362533569336,8.916257858276367,829
2008-08-15,14.81362533569336,14.81362533569336,14.81362533569336,8.916257858276367,0
2008-08-18,14.822066307067871,14.822066307067871,14.822066307067871,8.921338081359863,14809
2008-08-19,14.822066307067871,14.822066307067871,14.822066307067871,8.921338081359863,0
2008-08-20,14.822066307067871,14.822066307067871,14.822066307067871,8.921338081359863,0
2008-08-21,14.822066307067871,14.822066307067871,14.822066307067871,8.921338081359863,0
2008-08-22,14.096156120300293,14.096156120300293,14.096156120300293,8.484417915344238,1185
2008-08-25,13.71631908416748,13.71631908416748,13.71631908416748,8.255796432495117,1303
2008-08-26,13.71631908416748,13.71631908416748,13.71631908416748,8.255796432495117,0
2008-08-27,13.71631908416748,13.71631908416748,13.71631908416748,8.255796432495117,0
2008-08-28,14.22276782989502,14.22276782989502,14.22276782989502,8.560624122619629,1066
2008-08-29,14.22276782989502,14.22276782989502,14.22276782989502,8.560624122619629,1185
2008-09-02,14.22276782989502,14.22276782989502,14.22276782989502,8.560624122619629,0
2008-09-03,14.22276782989502,14.22276782989502,14.22276782989502,8.560624122619629,0
2008-09-04,14.22276782989502,14.22276782989502,14.22276782989502,8.560624122619629,0
2008-09-05,13.268956184387207,13.268956184387207,13.268956184387207,7.9865312576293945,474
2008-09-08,13.268956184387207,13.268956184387207,13.268956184387207,7.9865312576293945,0
2008-09-09,13.268956184387207,13.268956184387207,13.268956184387207,7.9865312576293945,0
2008-09-10,13.083257675170898,13.083257675170898,13.083257675170898,7.874759197235107,1185
2008-09-11,12.66121768951416,12.66121768951416,12.66121768951416,7.620734691619873,1066
2008-09-12,12.66121768951416,12.66121768951416,12.66121768951416,7.620734691619873,0
2008-09-15,12.66121768951416,12.66121768951416,12.66121768951416,7.620734691619873,0
2008-09-16,12.32358455657959,12.32358455657959,12.32358455657959,7.417514801025391,474
2008-09-17,11.952190399169922,12.32358455657959,11.952190399169922,7.193973541259766,34831
2008-09-18,11.952190399169922,11.952190399169922,11.952190399169922,7.193973541259766,0
2008-09-19,11.952190399169922,11.952190399169922,11.952190399169922,7.193973541259766,0
2008-09-22,11.952190399169922,11.952190399169922,11.952190399169922,7.193973541259766,0
2008-09-23,11.952190399169922,11.952190399169922,11.952190399169922,7.193973541259766,0
2008-09-24,11.952190399169922,11.952190399169922,11.952190399169922,7.193973541259766,0
2008-09-25,11.952190399169922,11.952190399169922,11.952190399169922,7.193973541259766,0
2008-09-26,11.952190399169922,11.952190399169922,11.952190399169922,7.193973541259766,0
2008-09-29,11.952190399169922,11.952190399169922,11.952190399169922,7.193973541259766,0
2008-09-30,11.952190399169922,11.952190399169922,11.952190399169922,7.193973541259766,0
2008-10-01,11.952190399169922,11.952190399169922,11.952190399169922,7.193973541259766,0
2008-10-02,11.952190399169922,11.952190399169922,11.952190399169922,7.193973541259766,0
2008-10-03,11.952190399169922,11.952190399169922,11.952190399169922,7.193973541259766,0
2008-10-06,11.817136764526367,11.817136764526367,11.817136764526367,7.112685203552246,2369
2008-10-07,11.817136764526367,11.817136764526367,11.817136764526367,7.112685203552246,0
2008-10-08,12.450197219848633,12.450197219848633,12.450197219848633,7.493721961975098,118
2008-10-09,12.450197219848633,12.450197219848633,12.450197219848633,7.493721961975098,0
2008-10-10,12.450197219848633,12.450197219848633,12.450197219848633,7.493721961975098,0
2008-10-13,12.450197219848633,12.450197219848633,12.450197219848633,7.493721961975098,0
2008-10-14,12.450197219848633,12.450197219848633,12.450197219848633,7.493721961975098,0
2008-10-15,10.804239273071289,11.167194366455078,10.804239273071289,6.503027439117432,237536
2008-10-16,10.128973960876465,10.466607093811035,10.128973960876465,6.096587657928467,238958
2008-10-17,10.128973960876465,10.128973960876465,10.128973960876465,6.096587657928467,0
2008-10-20,10.128973960876465,10.128973960876465,10.128973960876465,6.096587657928467,0
2008-10-21,10.128973960876465,10.128973960876465,10.128973960876465,6.096587657928467,0
2008-10-22,10.128973960876465,10.128973960876465,10.128973960876465,6.096587657928467,0
2008-10-23,8.609627723693848,8.609627723693848,8.609627723693848,5.182098388671875,118
2008-10-24,7.5545268058776855,7.5545268058776855,7.5545268058776855,4.5470380783081055,118
2008-10-27,7.005874156951904,7.005874156951904,7.005874156951904,4.216806888580322,71320
2008-10-28,7.005874156951904,7.005874156951904,7.005874156951904,4.216806888580322,118472
2008-10-29,7.005874156951904,7.005874156951904,7.005874156951904,4.216806888580322,0
2008-10-30,8.73624038696289,8.73624038696289,8.73624038696289,5.258307933807373,118
2008-10-31,8.73624038696289,8.73624038696289,8.73624038696289,5.258307933807373,0
2008-11-03,8.398608207702637,8.398608207702637,8.398608207702637,5.055087089538574,355
2008-11-04,9.622525215148926,9.622525215148926,9.622525215148926,5.7917585372924805,237
2008-11-05,9.622525215148926,9.622525215148926,9.622525215148926,5.7917585372924805,0
2008-11-06,8.829089164733887,8.871293067932129,8.829089164733887,5.339594841003418,6516
2008-11-07,8.871293067932129,8.871293067932129,8.871293067932129,5.339594841003418,0
2008-11-10,8.871293067932129,8.871293067932129,8.871293067932129,5.339594841003418,0
2008-11-11,8.871293067932129,8.871293067932129,8.871293067932129,5.339594841003418,0
2008-11-12,6.963669776916504,6.963669776916504,6.963669776916504,4.191402912139893,829
2008-11-13,7.465054035186768,7.465054035186768,7.465054035186768,4.493185520172119,0
2008-11-14,7.419810771942139,7.419810771942139,7.419810771942139,4.465953350067139,221
2008-11-17,6.786413192749023,6.876897811889648,6.786413192749023,4.1391754150390625,884
2008-11-18,6.876897811889648,6.876897811889648,6.876897811889648,4.1391754150390625,0
2008-11-19,6.06252908706665,6.06252908706665,5.972043037414551,3.594547986984253,1216
2008-11-20,5.972043037414551,5.972043037414551,5.972043037414551,3.594547986984253,0
2008-11-21,5.610101222991943,6.198256969451904,5.610101222991943,3.7307050228118896,2321
2008-11-24,6.243500232696533,6.243500232696533,6.243500232696533,3.75793719291687,995
2008-11-25,6.243500232696533,6.243500232696533,6.243500232696533,3.75793719291687,0
2008-11-26,6.243500232696533,6.243500232696533,6.243500232696533,3.75793719291687,0
2008-11-28,7.284082889556885,7.284082889556885,7.26598596572876,4.373367786407471,83218
2008-12-01,6.786413192749023,6.786413192749023,6.786413192749023,4.084713935852051,884
2008-12-02,6.786413192749023,6.786413192749023,6.786413192749023,4.084713935852051,0
2008-12-03,6.786413192749023,6.786413192749023,6.786413192749023,4.084713935852051,0
2008-12-04,7.284082889556885,7.329326152801514,7.284082889556885,4.411490440368652,9173
2008-12-05,6.967383861541748,6.967383861541748,6.967383861541748,4.193639278411865,221
2008-12-08,6.967383861541748,6.967383861541748,6.967383861541748,4.193639278411865,0
2008-12-09,6.967383861541748,6.967383861541748,6.967383861541748,4.193639278411865,0
2008-12-10,6.967383861541748,6.967383861541748,6.967383861541748,4.193639278411865,0
2008-12-11,6.967383861541748,6.967383861541748,6.967383861541748,4.193639278411865,0
2008-12-12,7.736509799957275,7.736509799957275,7.736509799957275,4.656572341918945,221
2008-12-15,7.917480945587158,7.917480945587158,7.917480945587158,4.765498638153076,6962
2008-12-16,8.23418140411377,8.23418140411377,8.143694877624512,4.901655197143555,553
2008-12-17,8.143694877624512,8.143694877624512,8.143694877624512,4.901655197143555,0
2008-12-18,8.596122741699219,8.867579460144043,8.369909286499023,5.037814140319824,113388
2008-12-19,8.369909286499023,8.369909286499023,8.369909286499023,5.037814140319824,0
2008-12-22,8.68660831451416,8.68660831451416,8.68660831451416,5.228432655334473,884
2008-12-23,8.369909286499023,8.369909286499023,8.369909286499023,5.037814140319824,221
2008-12-24,8.369909286499023,8.369909286499023,8.369909286499023,5.037814140319824,0
2008-12-26,8.596122741699219,8.596122741699219,8.143694877624512,4.901655197143555,1768
2008-12-29,8.143694877624512,8.143694877624512,8.143694877624512,4.901655197143555,0
2008-12-30,8.143694877624512,8.143694877624512,8.143694877624512,4.901655197143555,0
2008-12-31,8.369909286499023,8.369909286499023,8.369909286499023,5.037814140319824,774
2009-01-02,8.958065032958984,8.958065032958984,8.958065032958984,5.391822814941406,442
2009-01-05,8.596122741699219,8.958065032958984,8.596122741699219,5.391822814941406,884
2009-01-06,8.958065032958984,8.958065032958984,8.958065032958984,5.391822814941406,0
2009-01-07,8.958065032958984,8.958065032958984,8.958065032958984,5.391822814941406,774
2009-01-08,8.550880432128906,8.550880432128906,8.550880432128906,5.146739959716797,774
2009-01-09,8.550880432128906,8.550880432128906,8.550880432128906,5.146739959716797,0
2009-01-12,8.415151596069336,8.415151596069336,8.415151596069336,5.065044403076172,221
2009-01-13,8.415151596069336,8.415151596069336,8.415151596069336,5.065044403076172,0
2009-01-14,8.415151596069336,8.415151596069336,8.415151596069336,5.065044403076172,0
2009-01-15,7.039772033691406,7.075965881347656,7.0126261711120605,4.258993625640869,38901
2009-01-16,7.419810771942139,7.419810771942139,7.419810771942139,4.465953350067139,332
2009-01-20,6.153014183044434,6.243500232696533,6.153014183044434,3.75793719291687,2873
2009-01-21,6.243500232696533,6.243500232696533,6.243500232696533,3.75793719291687,0
2009-01-22,6.243500232696533,6.243500232696533,6.243500232696533,3.75793719291687,0
2009-01-23,6.243500232696533,6.243500232696533,6.243500232696533,3.75793719291687,0
2009-01-26,6.514955997467041,6.514955997467041,6.514955997467041,3.921325206756592,553
2009-01-27,6.514955997467041,6.514955997467041,6.514955997467041,3.921325206756592,0
2009-01-28,7.781753063201904,7.80889892578125,7.781753063201904,4.700143814086914,4420929
2009-01-29,7.80889892578125,7.80889892578125,7.80889892578125,4.700143814086914,0
2009-01-30,7.80889892578125,7.80889892578125,7.80889892578125,4.700143814086914,0
2009-02-02,7.80889892578125,7.80889892578125,7.80889892578125,4.700143814086914,0
2009-02-03,7.80889892578125,7.80889892578125,7.80889892578125,4.700143814086914,0
2009-02-04,7.80889892578125,7.80889892578125,7.80889892578125,4.700143814086914,0
2009-02-05,7.030724048614502,7.030724048614502,7.030724048614502,4.2317633628845215,5526
2009-02-06,7.0126261711120605,7.0126261711120605,7.0126261711120605,4.220870494842529,553459
2009-02-09,7.0126261711120605,7.0126261711120605,7.0126261711120605,4.220870494842529,0
2009-02-10,6.967383861541748,6.967383861541748,6.967383861541748,4.193639278411865,111
2009-02-11,6.967383861541748,6.967383861541748,6.967383861541748,4.193639278411865,0
2009-02-12,6.967383861541748,6.967383861541748,6.967383861541748,4.193639278411865,0
2009-02-13,6.967383861541748,6.967383861541748,6.967383861541748,4.193639278411865,0
2009-02-17,6.967383861541748,6.967383861541748,6.967383861541748,4.193639278411865,0
2009-02-18,5.745829105377197,5.745829105377197,5.700586795806885,3.431159257888794,774
2009-02-19,5.700586795806885,5.700586795806885,5.700586795806885,3.431159257888794,0
2009-02-20,5.573906898498535,5.573906898498535,5.573906898498535,3.3549108505249023,1879
2009-02-23,5.338644981384277,5.338644981384277,5.338644981384277,3.213308095932007,442
2009-02-24,5.338644981384277,5.338644981384277,5.338644981384277,3.213308095932007,0
2009-02-25,5.474372863769531,5.474372863769531,5.474372863769531,3.2950024604797363,221
2009-02-26,5.655344009399414,5.655344009399414,5.655344009399414,3.4039268493652344,221
2009-02-27,5.51961612701416,5.51961612701416,5.51961612701416,3.322233200073242,221
2009-03-02,5.021944999694824,5.021944999694824,5.021944999694824,3.0226871967315674,4863
2009-03-03,5.293402194976807,5.293402194976807,4.795732021331787,2.886530876159668,10499
2009-03-04,5.112431049346924,5.112431049346924,5.112431049346924,3.0771501064300537,221
2009-03-05,4.931459903717041,4.931459903717041,4.931459903717041,2.9682252407073975,442
2009-03-06,4.931459903717041,4.931459903717041,4.931459903717041,2.9682252407073975,0
2009-03-09,4.931459903717041,4.931459903717041,4.931459903717041,2.9682252407073975,0
2009-03-10,4.931459903717041,4.931459903717041,4.931459903717041,2.9682252407073975,0
2009-03-11,4.931459903717041,4.931459903717041,4.931459903717041,2.9682252407073975,0
2009-03-12,4.931459903717041,4.931459903717041,4.931459903717041,2.9682252407073975,0
2009-03-13,5.836315155029297,5.836315155029297,5.700586795806885,3.431159257888794,1547
2009-03-16,5.926799774169922,5.926799774169922,5.836315155029297,3.5128538608551025,1277111
2009-03-17,5.836315155029297,5.836315155029297,5.836315155029297,3.5128538608551025,0
2009-03-18,5.836315155029297,5.836315155029297,5.836315155029297,3.5128538608551025,0
2009-03-19,5.836315155029297,5.836315155029297,5.836315155029297,3.5128538608551025,0
2009-03-20,5.836315155029297,5.836315155029297,5.836315155029297,3.5128538608551025,0
2009-03-23,6.46971321105957,6.46971321105957,6.46971321105957,3.894094705581665,8399
2009-03-24,6.59639310836792,6.59639310836792,6.59639310836792,3.9703426361083984,4200
2009-03-25,6.59639310836792,6.59639310836792,6.59639310836792,3.9703426361083984,0
2009-03-26,6.76831579208374,6.76831579208374,6.76831579208374,4.073820114135742,1658
2009-03-27,6.76831579208374,6.76831579208374,6.76831579208374,4.073820114135742,0
2009-03-30,6.76831579208374,6.76831579208374,6.76831579208374,4.073820114135742,0
2009-03-31,6.06252908706665,6.06252908706665,6.06252908706665,3.649009943008423,332
2009-04-01,6.06252908706665,6.06252908706665,6.06252908706665,3.649009943008423,0
2009-04-02,6.06252908706665,6.06252908706665,6.06252908706665,3.649009943008423,0
2009-04-03,7.10311222076416,7.10311222076416,7.10311222076416,4.275333881378174,1105
2009-04-06,7.10311222076416,7.10311222076416,7.10311222076416,4.275333881378174,0
2009-04-07,7.10311222076416,7.10311222076416,7.10311222076416,4.275333881378174,0
2009-04-08,7.10311222076416,7.10311222076416,7.10311222076416,4.275333881378174,0
2009-04-09,7.10311222076416,7.10311222076416,7.10311222076416,4.275333881378174,0
2009-04-13,7.10311222076416,7.10311222076416,7.10311222076416,4.275333881378174,0
2009-04-14,7.10311222076416,7.10311222076416,7.10311222076416,4.275333881378174,0
2009-04-15,7.10311222076416,7.10311222076416,7.10311222076416,4.275333881378174,0
2009-04-16,7.10311222076416,7.10311222076416,7.10311222076416,4.275333881378174,0
2009-04-17,7.10311222076416,7.10311222076416,7.10311222076416,4.275333881378174,0
2009-04-20,7.465054035186768,7.465054035186768,7.465054035186768,4.493185520172119,111
2009-04-21,7.465054035186768,7.465054035186768,7.465054035186768,4.493185520172119,1768
2009-04-22,7.465054035186768,7.465054035186768,7.465054035186768,4.493185520172119,0
2009-04-23,7.826995849609375,7.826995849609375,7.826995849609375,4.711036682128906,10167
2009-04-24,7.826995849609375,7.826995849609375,7.826995849609375,4.711036682128906,0
2009-04-27,7.691267967224121,7.691267967224121,7.691267967224121,4.629342079162598,1105
2009-04-28,7.691267967224121,7.691267967224121,7.691267967224121,4.629342079162598,0
2009-04-29,7.691267967224121,7.691267967224121,7.691267967224121,4.629342079162598,0
2009-04-30,8.550880432128906,8.550880432128906,8.550880432128906,5.146739959716797,1326
2009-05-01,8.550880432128906,8.550880432128906,8.550880432128906,5.146739959716797,0
2009-05-04,8.550880432128906,8.550880432128906,8.550880432128906,5.146739959716797,0
2009-05-05,8.550880432128906,8.550880432128906,8.550880432128906,5.146739959716797,0
2009-05-06,8.550880432128906,8.550880432128906,8.550880432128906,5.146739959716797,0
2009-05-07,8.550880432128906,8.550880432128906,8.550880432128906,5.146739959716797,0
2009-05-08,8.550880432128906,8.550880432128906,8.550880432128906,5.146739959716797,0
2009-05-11,8.550880432128906,8.550880432128906,8.550880432128906,5.146739959716797,0
2009-05-12,8.550880432128906,8.550880432128906,8.550880432128906,5.146739959716797,0
2009-05-13,8.550880432128906,8.550880432128906,8.550880432128906,5.146739959716797,0
2009-05-14,8.415151596069336,8.415151596069336,8.415151596069336,5.065044403076172,2763
2009-05-15,8.424200057983398,8.47849178314209,8.424200057983398,5.092275619506836,167762
2009-05-18,8.460393905639648,8.460393905639648,8.460393905639648,5.092275619506836,0
2009-05-19,8.460393905639648,8.460393905639648,8.460393905639648,5.092275619506836,0
2009-05-20,8.460393905639648,8.460393905639648,8.460393905639648,5.092275619506836,0
2009-05-21,8.460393905639648,8.460393905639648,8.460393905639648,5.092275619506836,0
2009-05-22,8.460393905639648,8.460393905639648,8.460393905639648,5.092275619506836,0
2009-05-26,8.460393905639648,8.460393905639648,8.460393905639648,5.092275619506836,0
2009-05-27,8.460393905639648,8.460393905639648,8.460393905639648,5.092275619506836,0
2009-05-28,9.410491943359375,9.410491943359375,9.410491943359375,5.664135456085205,1105260
2009-05-29,9.410491943359375,9.410491943359375,9.410491943359375,5.664135456085205,0
2009-06-01,9.953405380249023,9.953405380249023,9.953405380249023,5.990913391113281,553
2009-06-02,9.998647689819336,9.998647689819336,9.998647689819336,6.0181450843811035,442
2009-06-03,9.998647689819336,9.998647689819336,9.998647689819336,6.0181450843811035,0
2009-06-04,9.998647689819336,9.998647689819336,9.998647689819336,6.0181450843811035,0
2009-06-05,9.998647689819336,9.998647689819336,9.998647689819336,6.0181450843811035,0
2009-06-08,9.998647689819336,9.998647689819336,9.998647689819336,6.0181450843811035,0
2009-06-09,9.998647689819336,9.998647689819336,9.998647689819336,6.0181450843811035,0
2009-06-10,9.998647689819336,9.998647689819336,9.998647689819336,6.0181450843811035,0
2009-06-11,9.998647689819336,9.998647689819336,9.998647689819336,6.0181450843811035,0
2009-06-12,9.998647689819336,9.998647689819336,9.998647689819336,6.0181450843811035,0
2009-06-15,9.998647689819336,9.998647689819336,9.998647689819336,6.0181450843811035,0
2009-06-16,9.998647689819336,9.998647689819336,9.998647689819336,6.0181450843811035,0
2009-06-17,9.998647689819336,9.998647689819336,9.998647689819336,6.0181450843811035,0
2009-06-18,9.998647689819336,9.998647689819336,9.998647689819336,6.0181450843811035,0
2009-06-19,9.998647689819336,9.998647689819336,9.998647689819336,6.0181450843811035,0
2009-06-22,9.998647689819336,9.998647689819336,9.998647689819336,6.0181450843811035,0
2009-06-23,9.998647689819336,9.998647689819336,9.998647689819336,6.0181450843811035,0
2009-06-24,9.998647689819336,9.998647689819336,9.998647689819336,6.0181450843811035,0
2009-06-25,9.998647689819336,9.998647689819336,9.998647689819336,6.0181450843811035,0
2009-06-26,10.586804389953613,10.586804389953613,10.40583324432373,6.2632293701171875,40006
2009-06-29,10.40583324432373,10.40583324432373,10.40583324432373,6.2632293701171875,0
2009-06-30,10.76777458190918,10.76777458190918,10.76777458190918,6.481080055236816,553
2009-07-01,10.76777458190918,10.76777458190918,10.76777458190918,6.481080055236816,0
2009-07-02,10.76777458190918,10.76777458190918,10.76777458190918,6.481080055236816,0
2009-07-06,10.76777458190918,10.76777458190918,10.76777458190918,6.481080055236816,0
2009-07-07,10.76777458190918,10.76777458190918,10.76777458190918,6.481080055236816,0
2009-07-08,10.76777458190918,10.76777458190918,10.76777458190918,6.481080055236816,0
2009-07-09,10.76777458190918,10.76777458190918,10.76777458190918,6.481080055236816,0
2009-07-10,10.76777458190918,10.76777458190918,10.76777458190918,6.481080055236816,0
2009-07-13,10.76777458190918,10.76777458190918,10.76777458190918,6.481080055236816,0
2009-07-14,10.76777458190918,10.76777458190918,10.76777458190918,6.481080055236816,0
2009-07-15,11.129716873168945,11.129716873168945,11.129716873168945,6.6989288330078125,663
2009-07-16,11.129716873168945,11.129716873168945,11.129716873168945,6.6989288330078125,0
2009-07-17,11.401172637939453,11.401172637939453,11.401172637939453,6.8623175621032715,221
2009-07-20,11.401172637939453,11.401172637939453,11.401172637939453,6.8623175621032715,0
2009-07-21,11.717872619628906,11.717872619628906,11.564046859741211,6.971243858337402,261147
2009-07-22,11.582143783569336,11.582143783569336,11.582143783569336,6.971243858337402,0
2009-07-23,11.582143783569336,11.582143783569336,11.582143783569336,6.971243858337402,0
2009-07-24,12.441757202148438,12.441757202148438,12.170299530029297,7.325251579284668,442
2009-07-27,12.170299530029297,12.170299530029297,12.170299530029297,7.325251579284668,0
2009-07-28,12.170299530029297,12.170299530029297,12.170299530029297,7.325251579284668,0
2009-07-29,12.215542793273926,12.215542793273926,12.215542793273926,7.352485656738281,2100
2009-07-30,12.215542793273926,12.215542793273926,12.215542793273926,7.352485656738281,0
2009-07-31,12.215542793273926,12.215542793273926,12.215542793273926,7.352485656738281,0
2009-08-03,12.215542793273926,12.215542793273926,12.215542793273926,7.352485656738281,0
2009-08-04,12.215542793273926,12.215542793273926,12.215542793273926,7.352485656738281,0
2009-08-05,12.215542793273926,12.215542793273926,12.215542793273926,7.352485656738281,0
2009-08-06,13.093252182006836,13.093252182006836,13.093252182006836,7.880773067474365,2321
2009-08-07,13.120397567749023,13.120397567749023,13.120397567749023,7.897111892700195,553017
2009-08-10,13.120397567749023,13.120397567749023,13.120397567749023,7.897111892700195,0
2009-08-11,12.975621223449707,13.165640830993652,12.975621223449707,7.92434549331665,1989
2009-08-12,12.803698539733887,13.075155258178711,12.803698539733887,7.869882106781006,3426
2009-08-13,13.075155258178711,13.075155258178711,13.075155258178711,7.869882106781006,0
2009-08-14,13.075155258178711,13.075155258178711,13.075155258178711,7.869882106781006,0
2009-08-17,12.73130989074707,12.73130989074707,12.73130989074707,7.66292142868042,553
2009-08-18,12.73130989074707,12.73130989074707,12.73130989074707,7.66292142868042,0
2009-08-19,12.73130989074707,12.73130989074707,12.73130989074707,7.66292142868042,0
2009-08-20,12.73130989074707,12.73130989074707,12.73130989074707,7.66292142868042,0
2009-08-21,12.73130989074707,12.73130989074707,12.73130989074707,7.66292142868042,0
2009-08-24,12.73130989074707,12.73130989074707,12.73130989074707,7.66292142868042,0
2009-08-25,12.73130989074707,12.73130989074707,12.73130989074707,7.66292142868042,0
2009-08-26,12.73130989074707,12.73130989074707,12.73130989074707,7.66292142868042,0
2009-08-27,13.799038887023926,13.799038887023926,13.799038887023926,8.305583000183105,553
2009-08-28,13.799038887023926,13.799038887023926,13.799038887023926,8.305583000183105,0
2009-08-31,13.799038887023926,13.799038887023926,13.799038887023926,8.305583000183105,0
2009-09-01,13.78999137878418,13.78999137878418,13.78999137878418,8.300137519836426,663
2009-09-02,13.78999137878418,13.78999137878418,13.78999137878418,8.300137519836426,0
2009-09-03,13.78999137878418,13.78999137878418,13.78999137878418,8.300137519836426,0
2009-09-04,13.78999137878418,13.78999137878418,13.78999137878418,8.300137519836426,0
2009-09-08,13.753795623779297,13.753795623779297,13.753795623779297,8.278350830078125,774
2009-09-09,13.753795623779297,13.753795623779297,13.753795623779297,8.278350830078125,0
2009-09-10,13.527583122253418,13.527583122253418,13.527583122253418,8.142195701599121,442
2009-09-11,13.527583122253418,13.527583122253418,13.527583122253418,8.142195701599121,0
2009-09-14,13.527583122253418,13.527583122253418,13.527583122253418,8.142195701599121,0
2009-09-15,13.527583122253418,13.527583122253418,13.527583122253418,8.142195701599121,0
2009-09-16,13.527583122253418,13.527583122253418,13.527583122253418,8.142195701599121,0
2009-09-17,13.527583122253418,13.527583122253418,13.527583122253418,8.142195701599121,0
2009-09-18,13.527583122253418,13.527583122253418,13.527583122253418,8.142195701599121,0
2009-09-21,13.527583122253418,13.527583122253418,13.527583122253418,8.142195701599121,0
2009-09-22,13.527583122253418,13.527583122253418,13.527583122253418,8.142195701599121,0
2009-09-23,13.527583122253418,13.527583122253418,13.527583122253418,8.142195701599121,0
2009-09-24,13.527583122253418,13.527583122253418,13.527583122253418,8.142195701599121,0
2009-09-25,13.527583122253418,13.527583122253418,13.527583122253418,8.142195701599121,0
2009-09-28,13.527583122253418,13.527583122253418,13.527583122253418,8.142195701599121,0
2009-09-29,13.527583122253418,13.527583122253418,13.527583122253418,8.142195701599121,0
2009-09-30,13.527583122253418,13.527583122253418,13.527583122253418,8.142195701599121,0
2009-10-01,14.115737915039062,14.115737915039062,14.115737915039062,8.496203422546387,3758
2009-10-02,14.115737915039062,14.115737915039062,14.115737915039062,8.496203422546387,0
2009-10-05,14.115737915039062,14.115737915039062,14.115737915039062,8.496203422546387,0
2009-10-06,14.115737915039062,14.115737915039062,14.115737915039062,8.496203422546387,0
2009-10-07,14.115737915039062,14.115737915039062,14.115737915039062,8.496203422546387,0
2009-10-08,14.115737915039062,14.115737915039062,14.115737915039062,8.496203422546387,0
2009-10-09,14.676749229431152,14.676749229431152,14.676749229431152,8.833873748779297,77360
2009-10-12,14.676749229431152,14.676749229431152,14.676749229431152,8.833873748779297,0
2009-10-13,14.522923469543457,14.522923469543457,14.522923469543457,8.741288185119629,332
2009-10-14,15.301097869873047,15.427778244018555,15.301097869873047,9.285914421081543,1216
2009-10-15,15.427778244018555,15.427778244018555,15.427778244018555,9.285914421081543,0
2009-10-16,15.201563835144043,15.201563835144043,15.201563835144043,9.149759292602539,685856
2009-10-19,15.201563835144043,15.201563835144043,15.201563835144043,9.149759292602539,142122
2009-10-20,15.201563835144043,15.201563835144043,15.201563835144043,9.149759292602539,0
2009-10-21,15.201563835144043,15.201563835144043,15.201563835144043,9.149759292602539,0
2009-10-22,15.382534980773926,15.382534980773926,15.382534980773926,9.258683204650879,1105
2009-10-23,15.780672073364258,15.780672073364258,15.780672073364258,9.498321533203125,1216
2009-10-26,15.780672073364258,15.780672073364258,15.780672073364258,9.498321533203125,0
2009-10-27,15.780672073364258,15.780672073364258,15.780672073364258,9.498321533203125,0
2009-10-28,14.296709060668945,14.31480598449707,14.296709060668945,8.616021156311035,442
2009-10-29,14.31480598449707,14.31480598449707,14.31480598449707,8.616021156311035,0
2009-10-30,14.31480598449707,14.31480598449707,14.31480598449707,8.616021156311035,0
2009-11-02,14.31480598449707,14.31480598449707,14.31480598449707,8.616021156311035,0
2009-11-03,14.31480598449707,14.31480598449707,14.31480598449707,8.616021156311035,0
2009-11-04,14.31480598449707,14.31480598449707,14.31480598449707,8.616021156311035,0
2009-11-05,14.703893661499023,14.703893661499023,14.703893661499023,8.850212097167969,1989
2009-11-06,14.703893661499023,14.703893661499023,14.703893661499023,8.850212097167969,0
2009-11-09,14.703893661499023,14.703893661499023,14.703893661499023,8.850212097167969,0
2009-11-10,15.427778244018555,15.427778244018555,15.427778244018555,9.285914421081543,198927
2009-11-11,15.382534980773926,15.382534980773926,15.382534980773926,9.258683204650879,1547
2009-11-12,15.789719581604004,15.789719581604004,15.789719581604004,9.503765106201172,333313
2009-11-13,15.789719581604004,15.789719581604004,15.789719581604004,9.503765106201172,0
2009-11-16,15.744477272033691,15.744477272033691,15.744477272033691,9.476536750793457,29397
2009-11-17,15.744477272033691,15.744477272033691,15.744477272033691,9.476536750793457,0
2009-11-18,15.744477272033691,15.744477272033691,15.744477272033691,9.476536750793457,0
2009-11-19,15.744477272033691,15.744477272033691,15.744477272033691,9.476536750793457,0
2009-11-20,15.382534980773926,15.382534980773926,15.382534980773926,9.258683204650879,442060
2009-11-23,15.382534980773926,15.382534980773926,15.382534980773926,9.258683204650879,0
2009-11-24,15.382534980773926,15.382534980773926,15.382534980773926,9.258683204650879,0
2009-11-25,15.382534980773926,15.382534980773926,15.382534980773926,9.258683204650879,0
2009-11-27,15.382534980773926,15.382534980773926,15.382534980773926,9.258683204650879,0
2009-11-30,15.382534980773926,15.382534980773926,15.382534980773926,9.258683204650879,0
2009-12-01,15.382534980773926,15.382534980773926,15.382534980773926,9.258683204650879,0
2009-12-02,15.382534980773926,15.382534980773926,15.382534980773926,9.258683204650879,0
2009-12-03,15.382534980773926,15.382534980773926,15.382534980773926,9.258683204650879,0
2009-12-04,15.382534980773926,15.382534980773926,15.382534980773926,9.258683204650879,0
2009-12-07,15.382534980773926,15.382534980773926,15.382534980773926,9.258683204650879,0
2009-12-08,15.382534980773926,15.382534980773926,15.382534980773926,9.258683204650879,0
2009-12-09,15.382534980773926,15.382534980773926,15.382534980773926,9.258683204650879,0
2009-12-10,15.382534980773926,15.382534980773926,15.382534980773926,9.258683204650879,0
2009-12-11,15.382534980773926,15.382534980773926,15.382534980773926,9.258683204650879,0
2009-12-14,14.884864807128906,14.884864807128906,14.884864807128906,8.959136962890625,1547
2009-12-15,14.884864807128906,14.884864807128906,14.884864807128906,8.959136962890625,0
2009-12-16,14.884864807128906,14.884864807128906,14.884864807128906,8.959136962890625,0
2009-12-17,14.884864807128906,14.884864807128906,14.884864807128906,8.959136962890625,0
2009-12-18,14.884864807128906,14.884864807128906,14.884864807128906,8.959136962890625,0
2009-12-21,14.884864807128906,14.884864807128906,14.884864807128906,8.959136962890625,0
2009-12-22,14.884864807128906,14.884864807128906,14.884864807128906,8.959136962890625,0
2009-12-23,14.884864807128906,14.884864807128906,14.884864807128906,8.959136962890625,0
2009-12-24,14.884864807128906,14.884864807128906,14.884864807128906,8.959136962890625,0
2009-12-28,14.884864807128906,14.884864807128906,14.884864807128906,8.959136962890625,0
2009-12-29,14.884864807128906,14.884864807128906,14.884864807128906,8.959136962890625,0
2009-12-30,14.884864807128906,14.884864807128906,14.884864807128906,8.959136962890625,0
2009-12-31,14.884864807128906,14.884864807128906,14.884864807128906,8.959136962890625,0
2010-01-04,14.884864807128906,14.884864807128906,14.884864807128906,8.959136962890625,0
2010-01-05,14.884864807128906,14.884864807128906,14.884864807128906,8.959136962890625,0
2010-01-06,14.884864807128906,14.884864807128906,14.884864807128906,8.959136962890625,0
2010-01-07,14.884864807128906,14.884864807128906,14.884864807128906,8.959136962890625,0
2010-01-08,15.563506126403809,15.563506126403809,15.563506126403809,9.367608070373535,884
2010-01-11,15.563506126403809,15.563506126403809,15.563506126403809,9.367608070373535,0
2010-01-12,15.518263816833496,15.518263816833496,15.518263816833496,9.340376853942871,221251
2010-01-13,15.518263816833496,15.518263816833496,15.518263816833496,9.340376853942871,0
2010-01-14,15.2920503616333,15.2920503616333,15.2920503616333,9.204222679138184,553
2010-01-15,15.201563835144043,15.201563835144043,15.201563835144043,9.149759292602539,166436
2010-01-19,15.228710174560547,15.23775863647461,15.219661712646484,9.171544075012207,2818131
2010-01-20,14.387194633483887,14.387194633483887,14.387194633483887,8.659591674804688,221251
2010-01-21,14.387194633483887,14.387194633483887,14.387194633483887,8.659591674804688,0
2010-01-22,13.889525413513184,14.025253295898438,13.86237907409668,8.441740989685059,319609
2010-01-25,14.025253295898438,14.025253295898438,14.025253295898438,8.441740989685059,0
2010-01-26,13.57282543182373,13.57282543182373,13.57282543182373,8.169427871704102,884
2010-01-27,13.500436782836914,13.500436782836914,13.500436782836914,8.125859260559082,884
2010-01-28,13.500436782836914,13.500436782836914,13.500436782836914,8.125859260559082,0
2010-01-29,12.993718147277832,12.993718147277832,12.993718147277832,7.820865631103516,442
2010-02-01,12.993718147277832,12.993718147277832,12.993718147277832,7.820865631103516,0
2010-02-02,13.43709659576416,13.43709659576416,13.43709659576416,8.087732315063477,338507
2010-02-03,13.43709659576416,13.43709659576416,13.43709659576416,8.087732315063477,0
2010-02-04,13.43709659576416,13.43709659576416,13.43709659576416,8.087732315063477,0
2010-02-05,11.220202445983887,11.220202445983887,11.220202445983887,6.753392696380615,375751
2010-02-08,11.618338584899902,11.618338584899902,11.618338584899902,6.993029594421387,268220
2010-02-09,11.618338584899902,11.618338584899902,11.618338584899902,6.993029594421387,342596
2010-02-10,12.450804710388184,12.450804710388184,12.333173751831055,7.423286437988281,805322
2010-02-11,11.898843765258789,11.898843765258789,11.898843765258789,7.161865234375,132618
2010-02-12,11.53690242767334,11.53690242767334,11.53690242767334,6.9440131187438965,442
2010-02-16,11.53690242767334,11.53690242767334,11.53690242767334,6.9440131187438965,0
2010-02-17,12.125057220458984,12.125057220458984,12.125057220458984,7.298019886016846,221
2010-02-18,12.125057220458984,12.125057220458984,12.125057220458984,7.298019886016846,0
2010-02-19,12.125057220458984,12.125057220458984,12.125057220458984,7.298019886016846,0
2010-02-22,12.125057220458984,12.125057220458984,12.125057220458984,7.298019886016846,0
2010-02-23,12.125057220458984,12.125057220458984,12.125057220458984,7.298019886016846,0
2010-02-24,11.102570533752441,11.518803596496582,11.102570533752441,6.9167799949646,1769234
2010-02-25,11.2654447555542,11.346881866455078,11.2654447555542,6.829640865325928,25529
2010-02-26,11.81740665435791,11.81740665435791,11.81740665435791,7.11284875869751,82886
2010-03-01,11.81740665435791,11.81740665435791,11.81740665435791,7.11284875869751,0
2010-03-02,11.491659164428711,11.491659164428711,11.491659164428711,6.9167799949646,166104
2010-03-03,12.333173751831055,12.342223167419434,12.333173751831055,7.428732872009277,552575
2010-03-04,12.342223167419434,12.342223167419434,12.342223167419434,7.428732872009277,0
2010-03-05,12.81274700164795,12.81274700164795,12.81274700164795,7.711939811706543,552575
2010-03-08,12.957524299621582,12.957524299621582,12.957524299621582,7.79907751083374,884120
2010-03-09,12.667969703674316,12.667969703674316,12.667969703674316,7.624800205230713,110515
2010-03-10,12.921330451965332,12.921330451965332,12.921330451965332,7.777297019958496,8289
2010-03-11,12.921330451965332,12.921330451965332,12.921330451965332,7.777297019958496,0
2010-03-12,12.8489408493042,12.8489408493042,12.8489408493042,7.733725070953369,1105
2010-03-15,12.939427375793457,12.939427375793457,12.939427375793457,7.78818941116333,221
2010-03-16,12.939427375793457,12.939427375793457,12.939427375793457,7.78818941116333,0
2010-03-17,12.939427375793457,12.939427375793457,12.939427375793457,7.78818941116333,0
2010-03-18,12.939427375793457,12.939427375793457,12.939427375793457,7.78818941116333,0
2010-03-19,12.939427375793457,12.939427375793457,12.939427375793457,7.78818941116333,0
2010-03-22,12.088863372802734,12.088863372802734,12.088863372802734,7.276236057281494,55257
2010-03-23,12.088863372802734,12.088863372802734,12.088863372802734,7.276236057281494,0
2010-03-24,12.088863372802734,12.088863372802734,12.088863372802734,7.276236057281494,0
2010-03-25,12.088863372802734,12.088863372802734,12.088863372802734,7.276236057281494,0
2010-03-26,12.125057220458984,12.125057220458984,12.125057220458984,7.298019886016846,884
2010-03-29,12.125057220458984,12.125057220458984,12.125057220458984,7.298019886016846,0
2010-03-30,12.125057220458984,12.125057220458984,12.125057220458984,7.298019886016846,0
2010-03-31,12.125057220458984,12.125057220458984,12.125057220458984,7.298019886016846,0
2010-04-01,12.125057220458984,12.125057220458984,12.125057220458984,7.298019886016846,0
2010-04-05,12.125057220458984,12.125057220458984,12.125057220458984,7.298019886016846,0
2010-04-06,12.125057220458984,12.125057220458984,12.125057220458984,7.298019886016846,0
2010-04-07,12.125057220458984,12.125057220458984,12.125057220458984,7.298019886016846,0
2010-04-08,12.125057220458984,12.125057220458984,12.125057220458984,7.298019886016846,0
2010-04-09,12.125057220458984,12.125057220458984,12.125057220458984,7.298019886016846,0
2010-04-12,12.125057220458984,12.125057220458984,12.125057220458984,7.298019886016846,0
2010-04-13,12.125057220458984,12.125057220458984,12.125057220458984,7.298019886016846,0
2010-04-14,12.125057220458984,12.125057220458984,12.125057220458984,7.298019886016846,0
2010-04-15,12.125057220458984,12.125057220458984,12.125057220458984,7.298019886016846,0
2010-04-16,12.125057220458984,12.125057220458984,12.125057220458984,7.298019886016846,0
2010-04-19,12.125057220458984,12.125057220458984,12.125057220458984,7.298019886016846,0
2010-04-20,12.125057220458984,12.125057220458984,12.125057220458984,7.298019886016846,0
2010-04-21,12.532241821289062,12.532241821289062,12.532241821289062,7.543105602264404,18124
2010-04-22,12.06171703338623,12.06171703338623,12.06171703338623,7.259896755218506,110515
2010-04-23,12.06171703338623,12.06171703338623,12.06171703338623,7.259896755218506,0
2010-04-26,11.898843765258789,11.898843765258789,11.898843765258789,7.161865234375,1547
2010-04-27,11.898843765258789,11.898843765258789,11.898843765258789,7.161865234375,0
2010-04-28,11.898843765258789,11.898843765258789,11.898843765258789,7.161865234375,0
2010-04-29,11.898843765258789,11.898843765258789,11.898843765258789,7.161865234375,0
2010-04-30,11.898843765258789,11.898843765258789,11.898843765258789,7.161865234375,0
2010-05-03,11.898843765258789,11.898843765258789,11.898843765258789,7.161865234375,0
2010-05-04,10.224862098693848,10.224862098693848,10.224862098693848,6.154300212860107,152069
2010-05-05,9.455735206604004,9.500978469848633,9.455735206604004,5.718599319458008,123556
2010-05-06,9.04854965209961,9.04854965209961,9.04854965209961,5.44628381729126,2321
2010-05-07,8.777093887329102,8.777093887329102,8.777093887329102,5.282895565032959,165772
2010-05-10,10.822066307067871,10.822066307067871,10.822066307067871,6.513754844665527,482729
2010-05-11,10.242959022521973,10.242959022521973,10.242959022521973,6.165194988250732,221
2010-05-12,10.659192085266113,10.659192085266113,10.659192085266113,6.415722846984863,414431
2010-05-13,10.279152870178223,10.279152870178223,10.279152870178223,6.1869797706604,37133
2010-05-14,9.04854965209961,9.04854965209961,9.04854965209961,5.44628381729126,1216
2010-05-17,9.04854965209961,9.04854965209961,9.04854965209961,5.44628381729126,0
2010-05-18,9.04854965209961,9.04854965209961,9.04854965209961,5.44628381729126,0
2010-05-19,9.04854965209961,9.04854965209961,9.04854965209961,5.44628381729126,0
2010-05-20,9.04854965209961,9.04854965209961,9.04854965209961,5.44628381729126,0
2010-05-21,9.04854965209961,9.04854965209961,9.04854965209961,5.44628381729126,0
2010-05-24,9.04854965209961,9.04854965209961,9.04854965209961,5.44628381729126,0
2010-05-25,9.04854965209961,9.04854965209961,9.04854965209961,5.44628381729126,0
2010-05-26,9.04854965209961,9.04854965209961,9.04854965209961,5.44628381729126,0
2010-05-27,9.093792915344238,9.093792915344238,9.093792915344238,5.473517417907715,154721
2010-05-28,9.093792915344238,9.093792915344238,9.093792915344238,5.473517417907715,0
2010-06-01,9.093792915344238,9.093792915344238,9.093792915344238,5.473517417907715,0
2010-06-02,8.68660831451416,8.68660831451416,8.68660831451416,5.228432655334473,553
2010-06-03,8.68660831451416,8.68660831451416,8.68660831451416,5.228432655334473,0
2010-06-04,8.813287734985352,8.813287734985352,8.813287734985352,5.304680824279785,1105
2010-06-07,8.216083526611328,8.216083526611328,8.216083526611328,4.945225715637207,221
2010-06-08,8.053210258483887,8.053210258483887,7.691267967224121,4.629342079162598,995
2010-06-09,7.691267967224121,7.691267967224121,7.691267967224121,4.629342079162598,0
2010-06-10,8.849481582641602,8.849481582641602,8.849481582641602,5.326467037200928,718347
2010-06-11,8.849481582641602,8.849481582641602,8.849481582641602,5.326467037200928,0
2010-06-14,9.591463088989258,9.591463088989258,9.591463088989258,5.7730607986450195,854833
2010-06-15,9.953405380249023,10.043890953063965,9.953405380249023,6.045374393463135,913959
2010-06-16,10.043890953063965,10.043890953063965,10.043890953063965,6.045374393463135,55257
2010-06-17,10.043890953063965,10.043890953063965,10.043890953063965,6.045374393463135,0
2010-06-18,10.043890953063965,10.043890953063965,10.043890953063965,6.045374393463135,0
2010-06-21,10.76777458190918,10.76777458190918,10.76777458190918,6.481080055236816,237828
2010-06-22,10.333443641662598,10.333443641662598,10.152473449707031,6.219658374786377,570257
2010-06-23,10.333443641662598,10.333443641662598,10.333443641662598,6.219658374786377,0
2010-06-24,10.333443641662598,10.333443641662598,10.333443641662598,6.219658374786377,0
2010-06-25,10.333443641662598,10.333443641662598,10.333443641662598,6.219658374786377,0
2010-06-28,10.333443641662598,10.333443641662598,10.333443641662598,6.219658374786377,0
2010-06-29,9.04854965209961,9.04854965209961,9.04854965209961,5.44628381729126,663
2010-06-30,9.04854965209961,9.04854965209961,9.04854965209961,5.44628381729126,0
2010-07-01,9.709094047546387,9.709094047546387,9.709094047546387,5.8438639640808105,56031
2010-07-02,9.709094047546387,9.709094047546387,9.709094047546387,5.8438639640808105,0
2010-07-06,9.709094047546387,9.709094047546387,9.709094047546387,5.8438639640808105,0
2010-07-07,9.709094047546387,9.709094047546387,9.709094047546387,5.8438639640808105,0
2010-07-08,11.220202445983887,11.220202445983887,11.220202445983887,6.753392696380615,11825
2010-07-09,11.220202445983887,11.220202445983887,11.220202445983887,6.753392696380615,0
2010-07-12,11.53690242767334,11.53690242767334,11.53690242767334,6.9440131187438965,7073
2010-07-13,11.53690242767334,11.53690242767334,11.53690242767334,6.9440131187438965,0
2010-07-14,11.53690242767334,11.53690242767334,11.53690242767334,6.9440131187438965,0
2010-07-15,11.53690242767334,11.53690242767334,11.53690242767334,6.9440131187438965,0
2010-07-16,11.53690242767334,11.53690242767334,11.53690242767334,6.9440131187438965,0
2010-07-19,11.53690242767334,11.53690242767334,11.53690242767334,6.9440131187438965,0
2010-07-20,11.53690242767334,11.53690242767334,11.53690242767334,6.9440131187438965,0
2010-07-21,11.53690242767334,11.53690242767334,11.53690242767334,6.9440131187438965,0
2010-07-22,11.582143783569336,11.582143783569336,11.582143783569336,6.971243858337402,111
2010-07-23,11.582143783569336,11.582143783569336,11.582143783569336,6.971243858337402,0
2010-07-26,11.582143783569336,11.582143783569336,11.582143783569336,6.971243858337402,0
2010-07-27,11.582143783569336,11.582143783569336,11.582143783569336,6.971243858337402,0
2010-07-28,11.582143783569336,11.582143783569336,11.582143783569336,6.971243858337402,0
2010-07-29,11.582143783569336,11.582143783569336,11.582143783569336,6.971243858337402,0
2010-07-30,11.582143783569336,11.582143783569336,11.582143783569336,6.971243858337402,0
2010-08-02,11.582143783569336,11.582143783569336,11.582143783569336,6.971243858337402,0
2010-08-03,11.582143783569336,11.582143783569336,11.582143783569336,6.971243858337402,0
2010-08-04,11.582143783569336,11.582143783569336,11.582143783569336,6.971243858337402,0
2010-08-05,11.582143783569336,11.582143783569336,11.582143783569336,6.971243858337402,0
2010-08-06,11.582143783569336,11.582143783569336,11.582143783569336,6.971243858337402,0
2010-08-09,11.582143783569336,11.582143783569336,11.582143783569336,6.971243858337402,0
2010-08-10,11.582143783569336,11.582143783569336,11.582143783569336,6.971243858337402,0
2010-08-11,11.582143783569336,11.582143783569336,11.582143783569336,6.971243858337402,0
2010-08-12,11.582143783569336,11.582143783569336,11.582143783569336,6.971243858337402,0
2010-08-13,11.582143783569336,11.582143783569336,11.582143783569336,6.971243858337402,0
2010-08-16,11.582143783569336,11.582143783569336,11.582143783569336,6.971243858337402,0
2010-08-17,11.582143783569336,11.582143783569336,11.582143783569336,6.971243858337402,0
2010-08-18,10.939697265625,10.939697265625,10.939697265625,6.584558010101318,111
2010-08-19,10.939697265625,10.939697265625,10.939697265625,6.584558010101318,0
2010-08-20,10.939697265625,10.939697265625,10.939697265625,6.584558010101318,0
2010-08-23,10.939697265625,10.939697265625,10.939697265625,6.584558010101318,0
2010-08-24,10.939697265625,10.939697265625,10.939697265625,6.584558010101318,0
2010-08-25,10.939697265625,10.939697265625,10.939697265625,6.584558010101318,0
2010-08-26,10.939697265625,10.939697265625,10.939697265625,6.584558010101318,0
2010-08-27,10.939697265625,10.939697265625,10.939697265625,6.584558010101318,0
2010-08-30,10.939697265625,10.939697265625,10.939697265625,6.584558010101318,0
2010-08-31,10.939697265625,10.939697265625,10.939697265625,6.584558010101318,0
2010-09-01,10.939697265625,10.939697265625,10.939697265625,6.584558010101318,0
2010-09-02,10.939697265625,10.939697265625,10.939697265625,6.584558010101318,0
2010-09-03,10.939697265625,10.939697265625,10.939697265625,6.584558010101318,0
2010-09-07,10.939697265625,10.939697265625,10.939697265625,6.584558010101318,0
2010-09-08,11.256397247314453,11.256397247314453,11.256397247314453,6.775179386138916,64541
2010-09-09,11.527853012084961,11.527853012084961,11.527853012084961,6.938567161560059,21992
2010-09-10,11.527853012084961,11.527853012084961,11.527853012084961,6.938567161560059,0
2010-09-13,11.527853012084961,11.527853012084961,11.527853012084961,6.938567161560059,0
2010-09-14,11.582143783569336,11.582143783569336,11.582143783569336,6.971243858337402,221
2010-09-15,11.53690242767334,11.53690242767334,11.53690242767334,6.9440131187438965,1216
2010-09-16,11.672630310058594,11.672630310058594,11.672630310058594,7.025707721710205,221
2010-09-17,11.446415901184082,11.446415901184082,11.446415901184082,6.889549255371094,111
2010-09-20,11.446415901184082,11.446415901184082,11.446415901184082,6.889549255371094,0
2010-09-21,11.446415901184082,11.446415901184082,11.446415901184082,6.889549255371094,0
2010-09-22,11.446415901184082,11.446415901184082,11.446415901184082,6.889549255371094,0
2010-09-23,11.446415901184082,11.446415901184082,11.446415901184082,6.889549255371094,0
2010-09-24,11.446415901184082,11.446415901184082,11.446415901184082,6.889549255371094,0
2010-09-27,11.446415901184082,11.446415901184082,11.446415901184082,6.889549255371094,0
2010-09-28,11.446415901184082,11.446415901184082,11.446415901184082,6.889549255371094,0
2010-09-29,11.446415901184082,11.446415901184082,11.446415901184082,6.889549255371094,0
2010-09-30,11.355931282043457,11.355931282043457,11.355931282043457,6.835087299346924,7183
2010-10-01,11.355931282043457,11.355931282043457,11.355931282043457,6.835087299346924,0
2010-10-04,11.355931282043457,11.355931282043457,11.355931282043457,6.835087299346924,0
2010-10-05,11.355931282043457,11.355931282043457,11.355931282043457,6.835087299346924,0
2010-10-06,11.355931282043457,11.355931282043457,11.355931282043457,6.835087299346924,0
2010-10-07,12.043620109558105,12.043620109558105,12.043620109558105,7.249006271362305,2984
2010-10-08,12.043620109558105,12.043620109558105,12.043620109558105,7.249006271362305,0
2010-10-11,12.043620109558105,12.043620109558105,12.043620109558105,7.249006271362305,0
2010-10-12,12.043620109558105,12.043620109558105,12.043620109558105,7.249006271362305,0
2010-10-13,12.043620109558105,12.043620109558105,12.043620109558105,7.249006271362305,0
2010-10-14,12.043620109558105,12.043620109558105,12.043620109558105,7.249006271362305,0
2010-10-15,11.971232414245605,11.971232414245605,11.862648963928223,7.140079498291016,61004
2010-10-18,12.088863372802734,12.088863372802734,12.088863372802734,7.276236057281494,442
2010-10-19,11.808358192443848,11.808358192443848,11.808358192443848,7.107400417327881,111
2010-10-20,12.10696029663086,12.125057220458984,12.10696029663086,7.298019886016846,13372
2010-10-21,12.260786056518555,12.2698335647583,12.260786056518555,7.385162830352783,4973
2010-10-22,12.215542793273926,12.224591255187988,12.206494331359863,7.347038269042969,34702
2010-10-25,12.206494331359863,12.206494331359863,12.206494331359863,7.347038269042969,0
2010-10-26,12.206494331359863,12.206494331359863,12.206494331359863,7.347038269042969,0
2010-10-27,12.206494331359863,12.206494331359863,12.206494331359863,7.347038269042969,0
2010-10-28,11.64548397064209,11.64548397064209,11.64548397064209,7.009369373321533,58352
2010-10-29,11.64548397064209,11.64548397064209,11.64548397064209,7.009369373321533,0
2010-11-01,11.64548397064209,11.64548397064209,11.64548397064209,7.009369373321533,0
2010-11-02,11.64548397064209,11.64548397064209,11.64548397064209,7.009369373321533,0
2010-11-03,11.64548397064209,11.64548397064209,11.64548397064209,7.009369373321533,0
2010-11-04,11.383075714111328,11.383075714111328,11.328784942626953,6.824195861816406,9062
2010-11-05,10.939697265625,10.948745727539062,10.813017845153809,6.508309364318848,5415
2010-11-08,10.713482856750488,10.713482856750488,10.55965805053711,6.426615238189697,250979
2010-11-09,10.876357078552246,10.876357078552246,10.659192085266113,6.415722846984863,14477
2010-11-10,10.659192085266113,10.659192085266113,10.659192085266113,6.415722846984863,0
2010-11-11,10.315346717834473,10.315346717834473,10.315346717834473,6.208764553070068,1658
2010-11-12,10.59585189819336,10.613948822021484,10.59585189819336,6.388491630554199,45974
2010-11-15,10.73158073425293,10.785872459411621,10.722532272338867,6.491971492767334,1768
2010-11-16,10.324396133422852,10.324396133422852,10.324396133422852,6.2142109870910645,442
2010-11-17,10.52346420288086,10.52346420288086,10.52346420288086,6.334029674530029,1326
2010-11-18,10.76777458190918,10.76777458190918,10.76777458190918,6.481080055236816,27297
2010-11-19,10.414880752563477,10.469173431396484,10.378686904907227,6.3013529777526855,6410
2010-11-22,10.288202285766602,10.288202285766602,9.944356918334961,5.985464572906494,4531
2010-11-23,9.627656936645508,9.754337310791016,9.56431770324707,5.778509140014648,47190
2010-11-24,9.365249633789062,9.365249633789062,9.365249633789062,5.636905193328857,3868
2010-11-26,9.365249633789062,9.365249633789062,9.365249633789062,5.636905193328857,0
2010-11-29,8.777093887329102,8.903773307800293,8.777093887329102,5.359145164489746,2251852
2010-11-30,8.668511390686035,8.804239273071289,8.668511390686035,5.299234867095947,20998
2010-12-01,9.310957908630371,9.383346557617188,9.310957908630371,5.647797584533691,188207
2010-12-02,9.500978469848633,9.763385772705078,9.500978469848633,5.8765411376953125,24092
2010-12-03,10.052939414978027,10.09818172454834,10.052939414978027,6.0780534744262695,995
2010-12-06,9.871968269348145,9.899113655090332,9.871968269348145,5.958235263824463,663
2010-12-07,9.899113655090332,9.899113655090332,9.899113655090332,5.958235263824463,0
2010-12-08,9.953405380249023,9.953405380249023,9.953405380249023,5.990913391113281,1105
2010-12-09,9.953405380249023,9.953405380249023,9.953405380249023,5.990913391113281,0
2010-12-10,9.953405380249023,9.953405380249023,9.953405380249023,5.990913391113281,0
2010-12-13,10.09818172454834,10.170570373535156,9.971502304077148,6.0181450843811035,12488
2010-12-14,10.197715759277344,10.197715759277344,10.125328063964844,6.094394683837891,4089
2010-12-15,10.007697105407715,10.007697105407715,9.636706352233887,5.8438639640808105,230424
2010-12-16,9.718143463134766,9.718143463134766,9.636706352233887,5.822078704833984,119135
2010-12-17,9.636706352233887,9.636706352233887,9.636706352233887,5.800294876098633,221
2010-12-20,9.618609428405762,9.618609428405762,9.519075393676758,5.7294921875,1879
2010-12-21,9.835774421691895,9.835774421691895,9.835774421691895,5.920111179351807,4973
2010-12-22,9.835774421691895,9.835774421691895,9.835774421691895,5.920111179351807,0
2010-12-23,9.835774421691895,9.835774421691895,9.835774421691895,5.920111179351807,0
2010-12-27,9.410491943359375,9.482880592346191,9.410491943359375,5.707705974578857,774
2010-12-28,9.419541358947754,9.419541358947754,9.365249633789062,5.636905193328857,6741
2010-12-29,9.365249633789062,9.365249633789062,9.365249633789062,5.636905193328857,0
2010-12-30,9.365249633789062,9.365249633789062,9.365249633789062,5.636905193328857,0
2010-12-31,9.365249633789062,9.365249633789062,9.365249633789062,5.636905193328857,0
2011-01-03,9.365249633789062,9.365249633789062,9.365249633789062,5.636905193328857,0
2011-01-04,9.727191925048828,9.727191925048828,9.663851737976074,5.822078704833984,2321
2011-01-05,9.365249633789062,9.410491943359375,9.365249633789062,5.664135456085205,1437
2011-01-06,9.139036178588867,9.139036178588867,9.139036178588867,5.500748157501221,2016456
2011-01-07,9.04854965209961,9.04854965209961,9.04854965209961,5.44628381729126,442
2011-01-10,8.849481582641602,8.849481582641602,8.849481582641602,5.326467037200928,332
2011-01-11,8.813287734985352,8.813287734985352,8.813287734985352,5.304680824279785,16798
2011-01-12,9.636706352233887,9.85387134552002,9.636706352233887,5.931004047393799,2321
2011-01-13,10.451075553894043,10.451075553894043,10.261055946350098,6.176085472106934,332
2011-01-14,10.432977676391602,10.432977676391602,10.432977676391602,6.279565811157227,221
2011-01-18,10.686338424682617,10.686338424682617,10.686338424682617,6.432063579559326,1326
2011-01-19,10.794919967651367,10.794919967651367,10.794919967651367,6.49741792678833,1105
2011-01-20,10.613948822021484,10.622998237609863,10.568707466125488,6.388491630554199,5636
2011-01-21,11.084473609924316,11.156862258911133,11.084473609924316,6.715266704559326,4421
2011-01-24,11.039231300354004,11.039231300354004,11.039231300354004,6.644466400146484,111399
2011-01-25,10.776823043823242,10.876357078552246,10.776823043823242,6.546432971954346,446701
2011-01-26,10.876357078552246,10.876357078552246,10.876357078552246,6.546432971954346,0
2011-01-27,11.039231300354004,11.22925090789795,11.039231300354004,6.7479472160339355,4089
2011-01-28,11.14781379699707,11.14781379699707,10.858260154724121,6.540988445281982,354311
2011-01-31,11.057328224182129,11.07542610168457,11.057328224182129,6.666253566741943,608164
2011-02-01,11.292591094970703,11.30163860321045,11.292591094970703,6.8024091720581055,84765
2011-02-02,11.2654447555542,11.2654447555542,11.256397247314453,6.775179386138916,1326
2011-02-03,11.256397247314453,11.256397247314453,11.256397247314453,6.775179386138916,0
2011-02-04,11.256397247314453,11.256397247314453,11.256397247314453,6.775179386138916,0
2011-02-07,11.256397247314453,11.256397247314453,11.256397247314453,6.775179386138916,0
2011-02-08,11.256397247314453,11.256397247314453,11.256397247314453,6.775179386138916,0
2011-02-09,11.202104568481445,11.202104568481445,11.11161994934082,6.709821701049805,3536
2011-02-10,10.659192085266113,10.677289009094238,10.641095161437988,6.426615238189697,1547
2011-02-11,10.713482856750488,10.803969383239746,10.713482856750488,6.502865314483643,219041
2011-02-14,10.813017845153809,10.813017845153809,10.813017845153809,6.508309364318848,1768
2011-02-15,10.73158073425293,10.73158073425293,10.73158073425293,6.459292411804199,277061
2011-02-16,11.220202445983887,11.220202445983887,11.220202445983887,6.753392696380615,884
2011-02-17,11.220202445983887,11.220202445983887,11.220202445983887,6.753392696380615,0
2011-02-18,11.482609748840332,11.482609748840332,11.482609748840332,6.911336421966553,663
2011-02-22,10.822066307067871,10.822066307067871,10.794919967651367,6.49741792678833,332
2011-02-23,10.912551879882812,11.039231300354004,10.912551879882812,6.644466400146484,279161
2011-02-24,11.039231300354004,11.039231300354004,11.039231300354004,6.644466400146484,0
2011-02-25,11.012085914611816,11.012085914611816,10.993988990783691,6.617236137390137,3094
2011-02-28,10.993988990783691,10.993988990783691,10.993988990783691,6.617236137390137,0
2011-03-01,10.993988990783691,10.993988990783691,10.993988990783691,6.617236137390137,0
2011-03-02,10.76777458190918,10.76777458190918,10.740629196166992,6.46474027633667,2984
2011-03-03,10.740629196166992,10.740629196166992,10.740629196166992,6.46474027633667,0
2011-03-04,10.740629196166992,10.740629196166992,10.740629196166992,6.46474027633667,0
2011-03-07,10.740629196166992,10.740629196166992,10.740629196166992,6.46474027633667,0
2011-03-08,10.48727035522461,10.48727035522461,10.48727035522461,6.312245845794678,584071
2011-03-09,10.451075553894043,10.460124015808105,10.451075553894043,6.2959065437316895,884
2011-03-10,10.460124015808105,10.460124015808105,10.460124015808105,6.2959065437316895,0
2011-03-11,10.460124015808105,10.460124015808105,10.460124015808105,6.2959065437316895,0
2011-03-14,10.460124015808105,10.460124015808105,10.460124015808105,6.2959065437316895,0
2011-03-15,10.270105361938477,10.270105361938477,10.270105361938477,6.181534290313721,332
2011-03-16,10.351540565490723,10.351540565490723,10.351540565490723,6.2305474281311035,48627
2011-03-17,10.36963939666748,10.378686904907227,10.36963939666748,6.246890068054199,2431
2011-03-18,10.432977676391602,10.432977676391602,10.432977676391602,6.279565811157227,221
2011-03-21,10.803969383239746,10.803969383239746,10.794919967651367,6.49741792678833,1105
2011-03-22,10.794919967651367,10.794919967651367,10.794919967651367,6.49741792678833,0
2011-03-23,10.822066307067871,10.822066307067871,10.822066307067871,6.513754844665527,774
2011-03-24,10.90350341796875,10.90350341796875,10.90350341796875,6.562773704528809,2100
2011-03-25,10.939697265625,10.939697265625,10.90350341796875,6.562773704528809,1989
2011-03-28,10.73158073425293,10.73158073425293,10.73158073425293,6.459292411804199,221
2011-03-29,10.794919967651367,10.858260154724121,10.794919967651367,6.535541534423828,2873
2011-03-30,10.722532272338867,10.858260154724121,10.722532272338867,6.535541534423828,884
2011-03-31,10.858260154724121,10.858260154724121,10.858260154724121,6.535541534423828,0
2011-04-01,10.677289009094238,10.677289009094238,10.677289009094238,6.426615238189697,2210
2011-04-04,10.677289009094238,10.677289009094238,10.677289009094238,6.426615238189697,0
2011-04-05,10.604901313781738,10.613948822021484,10.604901313781738,6.388491630554199,11383
2011-04-06,10.613948822021484,10.613948822021484,10.613948822021484,6.388491630554199,0
2011-04-07,11.012085914611816,11.174960136413574,11.012085914611816,6.726161479949951,553
2011-04-08,11.174960136413574,11.174960136413574,11.174960136413574,6.726161479949951,0
2011-04-11,11.11161994934082,11.11161994934082,11.11161994934082,6.688036918640137,221
2011-04-12,11.11161994934082,11.11161994934082,11.11161994934082,6.688036918640137,0
2011-04-13,11.1930570602417,11.1930570602417,11.084473609924316,6.671698093414307,114936
2011-04-14,10.948745727539062,10.966842651367188,10.948745727539062,6.600897312164307,1326
2011-04-15,10.831114768981934,10.831114768981934,10.831114768981934,6.519200801849365,442
2011-04-18,10.44202709197998,10.532511711120605,10.423930168151855,6.339476585388184,5305
2011-04-19,10.532511711120605,10.532511711120605,10.532511711120605,6.339476585388184,0
2011-04-20,10.613948822021484,10.613948822021484,10.613948822021484,6.388491630554199,1326
2011-04-21,10.686338424682617,10.686338424682617,10.686338424682617,6.432063579559326,33376
2011-04-25,10.686338424682617,10.686338424682617,10.686338424682617,6.432063579559326,0
2011-04-26,10.686338424682617,10.686338424682617,10.686338424682617,6.432063579559326,0
2011-04-27,10.966842651367188,10.966842651367188,10.930648803710938,6.579112529754639,553
2011-04-28,11.346881866455078,11.509756088256836,11.346881866455078,6.927675724029541,663
2011-04-29,11.392125129699707,11.763114929199219,11.392125129699707,7.080170154571533,3094
2011-05-02,11.527853012084961,11.527853012084961,11.292591094970703,6.796964645385742,332
2011-05-03,11.11161994934082,11.11161994934082,11.11161994934082,6.688036918640137,663
2011-05-04,10.993988990783691,10.993988990783691,10.993988990783691,6.617236137390137,221
2011-05-05,10.722532272338867,10.722532272338867,10.722532272338867,6.4538493156433105,553
2011-05-06,10.677289009094238,10.677289009094238,10.677289009094238,6.426615238189697,663
2011-05-09,10.586804389953613,10.813017845153809,10.586804389953613,6.508309364318848,5194
2011-05-10,10.813017845153809,10.813017845153809,10.813017845153809,6.508309364318848,0
2011-05-11,10.813017845153809,10.813017845153809,10.813017845153809,6.508309364318848,0
2011-05-12,10.451075553894043,10.451075553894043,10.315346717834473,6.279565811157227,11825
2011-05-13,10.09818172454834,10.09818172454834,10.09818172454834,6.0780534744262695,1768
2011-05-16,10.179618835449219,10.315346717834473,10.179618835449219,6.208764553070068,221803
2011-05-17,10.360589981079102,10.360589981079102,10.360589981079102,6.235997200012207,221
2011-05-18,10.360589981079102,10.360589981079102,10.360589981079102,6.235997200012207,0
2011-05-19,10.360589981079102,10.360589981079102,10.360589981079102,6.235997200012207,0
2011-05-20,10.179618835449219,10.179618835449219,10.179618835449219,6.12706995010376,553
2011-05-23,10.179618835449219,10.179618835449219,10.179618835449219,6.12706995010376,0
2011-05-24,10.179618835449219,10.179618835449219,10.179618835449219,6.12706995010376,0
2011-05-25,9.817676544189453,10.179618835449219,9.817676544189453,6.12706995010376,22545
2011-05-26,10.179618835449219,10.179618835449219,10.179618835449219,6.12706995010376,0
2011-05-27,10.224862098693848,10.224862098693848,10.224862098693848,6.154300212860107,442
2011-05-31,10.632046699523926,10.632046699523926,10.632046699523926,6.399385929107666,442
2011-06-01,10.632046699523926,10.632046699523926,10.632046699523926,6.399385929107666,0
2011-06-02,10.360589981079102,10.360589981079102,10.360589981079102,6.235997200012207,884
2011-06-03,10.40583324432373,10.541561126708984,10.40583324432373,6.328582286834717,3205
2011-06-06,10.324396133422852,10.324396133422852,10.324396133422852,6.2142109870910645,332
2011-06-07,10.451075553894043,10.451075553894043,10.451075553894043,6.2904582023620605,553
2011-06-08,10.451075553894043,10.451075553894043,10.451075553894043,6.2904582023620605,0
2011-06-09,10.451075553894043,10.451075553894043,10.451075553894043,6.2904582023620605,0
2011-06-10,9.998647689819336,9.998647689819336,9.862919807434082,5.936450481414795,995
2011-06-13,9.817676544189453,9.817676544189453,9.817676544189453,5.909219264984131,221
2011-06-14,9.817676544189453,9.817676544189453,9.817676544189453,5.909219264984131,0
2011-06-15,9.908163070678711,9.908163070678711,9.77243423461914,5.88198709487915,774489
2011-06-16,9.77243423461914,9.77243423461914,9.77243423461914,5.88198709487915,0
2011-06-17,9.998647689819336,10.451075553894043,9.998647689819336,6.2904582023620605,1437
2011-06-20,10.451075553894043,10.451075553894043,10.451075553894043,6.2904582023620605,0
2011-06-21,10.451075553894043,10.451075553894043,10.315346717834473,6.208764553070068,663
2011-06-22,10.270105361938477,10.270105361938477,10.270105361938477,6.181534290313721,2321
2011-06-23,9.6819486618042,9.817676544189453,9.6819486618042,5.909219264984131,1326
2011-06-24,9.817676544189453,9.817676544189453,9.817676544189453,5.909219264984131,0
2011-06-27,9.817676544189453,9.817676544189453,9.817676544189453,5.909219264984131,0
2011-06-28,9.944356918334961,9.944356918334961,9.944356918334961,5.985464572906494,221
2011-06-29,10.13437557220459,10.13437557220459,10.13437557220459,6.099837779998779,5747
2011-06-30,10.360589981079102,10.451075553894043,10.360589981079102,6.2904582023620605,7183
2011-07-01,10.451075553894043,10.451075553894043,10.451075553894043,6.2904582023620605,0
2011-07-05,10.451075553894043,10.451075553894043,10.451075553894043,6.2904582023620605,0
2011-07-06,10.13437557220459,10.13437557220459,10.107231140136719,6.083500385284424,7736
2011-07-07,10.107231140136719,10.107231140136719,10.107231140136719,6.083500385284424,0
2011-07-08,10.13437557220459,10.13437557220459,9.754337310791016,5.898327827453613,50395
2011-07-11,9.365249633789062,9.365249633789062,9.129986763000488,5.495301723480225,6299
2011-07-12,9.410491943359375,9.410491943359375,9.356201171875,5.631458282470703,5305
2011-07-13,9.274764060974121,9.274764060974121,9.274764060974121,5.5824408531188965,332
2011-07-14,9.546220779418945,9.546220779418945,9.347151756286621,5.626012325286865,68630
2011-07-15,9.356201171875,9.482880592346191,9.310957908630371,5.604226112365723,25639
2011-07-18,9.256667137145996,9.256667137145996,9.093792915344238,5.473517417907715,13262
2011-07-19,9.374298095703125,9.374298095703125,9.338104248046875,5.620565414428711,51721
2011-07-20,9.591463088989258,9.953405380249023,9.591463088989258,5.990913391113281,199037
2011-07-21,10.351540565490723,10.44202709197998,10.351540565490723,6.285013675689697,53931
2011-07-22,10.043890953063965,10.043890953063965,10.043890953063965,6.045374393463135,2763
2011-07-25,10.043890953063965,10.043890953063965,10.043890953063965,6.045374393463135,0
2011-07-26,10.043890953063965,10.043890953063965,10.043890953063965,6.045374393463135,0
2011-07-27,9.356201171875,9.356201171875,9.274764060974121,5.5824408531188965,10720
2011-07-28,9.347151756286621,9.347151756286621,9.347151756286621,5.626012325286865,2984
2011-07-29,9.347151756286621,9.347151756286621,9.347151756286621,5.626012325286865,0
2011-08-01,9.347151756286621,9.347151756286621,9.347151756286621,5.626012325286865,0
2011-08-02,8.668511390686035,9.039502143859863,8.668511390686035,5.440838813781738,2321
2011-08-03,9.030452728271484,9.030452728271484,9.030452728271484,5.435392379760742,1105
2011-08-04,8.596122741699219,8.596122741699219,7.962724208831787,4.792730808258057,280597
2011-08-05,8.333715438842773,8.34276294708252,8.333715438842773,5.021474361419678,995
2011-08-08,8.34276294708252,8.34276294708252,8.34276294708252,5.021474361419678,0
2011-08-09,8.089404106140137,8.089404106140137,8.089404106140137,4.868978023529053,644192
2011-08-10,7.763656139373779,7.763656139373779,7.428860187530518,4.471400260925293,1989
2011-08-11,7.1121602058410645,7.700315952301025,7.1121602058410645,4.6347880363464355,663
2011-08-12,8.197986602783203,8.197986602783203,8.197986602783203,4.9343342781066895,1326
2011-08-15,8.197986602783203,8.197986602783203,8.197986602783203,4.9343342781066895,0
2011-08-16,8.197986602783203,8.197986602783203,8.197986602783203,4.9343342781066895,0
2011-08-17,8.360859870910645,8.360859870910645,8.360859870910645,5.03236722946167,332
2011-08-18,8.15274429321289,8.15274429321289,7.971773147583008,4.836301326751709,4089
2011-08-19,7.781753063201904,7.781753063201904,7.781753063201904,4.683804035186768,332
2011-08-22,7.799849987030029,7.799849987030029,7.799849987030029,4.694697856903076,221
2011-08-23,7.953676223754883,7.953676223754883,7.953676223754883,4.787283897399902,442
2011-08-24,7.953676223754883,7.953676223754883,7.953676223754883,4.787283897399902,0
2011-08-25,7.899384021759033,7.899384021759033,7.899384021759033,4.754606246948242,442
2011-08-26,7.817946910858154,7.817946910858154,7.817946910858154,4.705589771270752,221
2011-08-29,7.989870071411133,8.080354690551758,7.989870071411133,4.847194194793701,1437
2011-08-30,8.053210258483887,8.053210258483887,8.053210258483887,4.847194194793701,0
2011-08-31,8.252278327941895,8.252278327941895,8.23418140411377,4.956119060516357,2542
2011-09-01,8.23418140411377,8.23418140411377,8.23418140411377,4.956119060516357,0
2011-09-02,8.23418140411377,8.23418140411377,8.23418140411377,4.956119060516357,0
2011-09-06,7.130258083343506,7.374567985534668,7.130258083343506,4.438722133636475,1989
2011-09-07,7.510296821594238,7.655074119567871,7.320277214050293,4.509524345397949,540639
2011-09-08,7.22979211807251,7.275033950805664,7.22979211807251,4.378812789916992,223793
2011-09-09,6.922141075134277,7.021675109863281,6.922141075134277,4.226316452026367,4421
2011-09-12,6.514955997467041,6.659732818603516,6.514955997467041,4.00846529006958,112283
2011-09-13,6.614490032196045,6.614490032196045,6.614490032196045,3.981234073638916,1547
2011-09-14,6.804510116577148,6.804510116577148,6.804510116577148,4.095605850219727,4200
2011-09-15,7.419810771942139,7.419810771942139,7.419810771942139,4.465953350067139,22435
2011-09-16,7.419810771942139,7.419810771942139,7.419810771942139,4.465953350067139,0
2011-09-19,7.419810771942139,7.419810771942139,7.419810771942139,4.465953350067139,0
2011-09-20,7.121209144592285,7.22979211807251,7.121209144592285,4.313457489013672,8620
2011-09-21,7.166451930999756,7.166451930999756,7.166451930999756,4.313457489013672,0
2011-09-22,7.166451930999756,7.166451930999756,7.166451930999756,4.313457489013672,0
2011-09-23,6.894995212554932,7.030724048614502,6.867849826812744,4.2317633628845215,995
2011-09-26,7.030724048614502,7.030724048614502,7.030724048614502,4.2317633628845215,0
2011-09-27,7.5283942222595215,7.5283942222595215,7.419810771942139,4.465953350067139,6852
2011-09-28,7.410762786865234,7.410762786865234,7.410762786865234,4.460506439208984,852954
2011-09-29,7.709364891052246,7.709364891052246,7.5283942222595215,4.531308650970459,232081
2011-09-30,7.492199897766113,7.537442207336426,7.293130874633789,4.389703750610352,30944
2011-10-03,7.10311222076416,7.22979211807251,7.0126261711120605,4.220870494842529,23319
2011-10-04,6.976431846618652,7.374567985534668,6.858800888061523,4.438722133636475,834719
2011-10-05,7.30217981338501,7.401713848114014,7.130258083343506,4.455060958862305,6962
2011-10-06,7.5283942222595215,7.591733932495117,7.5283942222595215,4.569433212280273,884
2011-10-07,7.5283942222595215,7.5283942222595215,7.5283942222595215,4.531308650970459,553
2011-10-10,7.799849987030029,7.799849987030029,7.727461814880371,4.651127338409424,9725
2011-10-11,7.664122104644775,7.736509799957275,7.591733932495117,4.596664905548096,60562
2011-10-12,7.745559215545654,8.11655044555664,7.745559215545654,4.711036682128906,4089
2011-10-13,7.6822190284729,8.035113334655762,7.6822190284729,4.836301326751709,5968
2011-10-14,7.64602518081665,7.64602518081665,7.64602518081665,4.602111339569092,442
2011-10-17,7.383616924285889,7.383616924285889,7.383616924285889,4.444167613983154,1989
2011-10-18,7.6007819175720215,7.673171043395996,7.428860187530518,4.61845064163208,3205
2011-10-19,7.492199897766113,7.492199897766113,7.492199897766113,4.509524345397949,884
2011-10-20,7.356471061706543,7.356471061706543,7.202645778656006,4.335241794586182,554453
2011-10-21,7.474102973937988,7.5826849937438965,7.474102973937988,4.509524345397949,367352
2011-10-24,7.555539131164551,7.555539131164551,7.555539131164551,4.547647476196289,663
2011-10-25,7.555539131164551,7.555539131164551,7.555539131164551,4.547647476196289,0
2011-10-26,7.510296821594238,7.510296821594238,7.510296821594238,4.520416259765625,442
2011-10-27,8.26132583618164,8.415151596069336,8.26132583618164,5.065044403076172,1105
2011-10-28,8.098451614379883,8.098451614379883,8.098451614379883,4.874424934387207,995
2011-10-31,7.772705078125,7.772705078125,7.772705078125,4.678359508514404,221
2011-11-01,7.772705078125,7.772705078125,7.772705078125,4.678359508514404,0
2011-11-02,7.17549991607666,7.17549991607666,7.17549991607666,4.318902969360352,221
2011-11-03,7.193596839904785,7.347423076629639,7.193596839904785,4.4223833084106445,1326
2011-11-04,7.166451930999756,7.166451930999756,7.166451930999756,4.313457489013672,221
2011-11-07,7.121209144592285,7.121209144592285,7.0126261711120605,4.2317633628845215,59789
2011-11-08,7.184548854827881,7.220743179321289,7.075965881347656,4.346136093139648,35807
2011-11-09,6.714024066925049,6.804510116577148,6.714024066925049,4.095605850219727,31165
2011-11-10,6.750217914581299,6.849752902984619,6.750217914581299,4.095605850219727,80344
2011-11-11,6.804510116577148,6.804510116577148,6.804510116577148,4.095605850219727,0
2011-11-14,6.849752902984619,6.849752902984619,6.804510116577148,4.095605850219727,102889
2011-11-15,6.695927143096924,6.695927143096924,6.695927143096924,4.0302510261535645,442
2011-11-16,6.750217914581299,6.831655025482178,6.750217914581299,4.106498718261719,2652
2011-11-17,6.7411699295043945,6.7411699295043945,6.6868791580200195,4.024804592132568,1105
2011-11-18,6.6868791580200195,6.6868791580200195,6.6868791580200195,4.024804592132568,0
2011-11-21,6.6868791580200195,6.6868791580200195,6.6868791580200195,4.024804592132568,0
2011-11-22,6.6868791580200195,6.6868791580200195,6.6868791580200195,4.024804592132568,0
2011-11-23,6.6868791580200195,6.6868791580200195,6.6868791580200195,4.024804592132568,0
2011-11-25,6.107770919799805,6.107770919799805,6.071577072143555,3.6544575691223145,1216
2011-11-28,6.514955997467041,6.514955997467041,6.514955997467041,3.921325206756592,9394
2011-11-29,6.514955997467041,6.514955997467041,6.514955997467041,3.921325206756592,0
2011-11-30,6.514955997467041,6.514955997467041,6.514955997467041,3.921325206756592,0
2011-12-01,6.650683879852295,6.6868791580200195,6.650683879852295,4.024804592132568,1879
2011-12-02,6.813558101654053,6.813558101654053,6.813558101654053,4.101051330566406,995
2011-12-05,7.130258083343506,7.130258083343506,7.130258083343506,4.291672229766846,442
2011-12-06,7.075965881347656,7.075965881347656,7.075965881347656,4.258993625640869,332
2011-12-07,7.021675109863281,7.22979211807251,6.913092136383057,4.351581573486328,11715
2011-12-08,7.10311222076416,7.10311222076416,7.10311222076416,4.275333881378174,1658
2011-12-09,7.1121602058410645,7.1121602058410645,7.1121602058410645,4.280779838562012,332
2011-12-12,6.922141075134277,6.922141075134277,6.894995212554932,4.150068283081055,1105
2011-12-13,6.894995212554932,6.894995212554932,6.894995212554932,4.150068283081055,0
2011-12-14,6.388276100158691,6.514955997467041,6.315887928009033,3.801506519317627,22766
2011-12-15,6.433518886566162,6.433518886566162,6.415421962738037,3.8614161014556885,3205
2011-12-16,6.415421962738037,6.415421962738037,6.406373977661133,3.8559699058532715,58683
2011-12-19,6.587345123291016,6.650683879852295,6.514955997467041,3.932217836380005,8289
2011-12-20,6.695927143096924,6.831655025482178,6.677830219268799,4.111945629119873,36801
2011-12-21,6.714024066925049,6.750217914581299,6.650683879852295,4.003018856048584,21771
2011-12-22,6.786413192749023,6.786413192749023,6.786413192749023,4.084713935852051,553
2011-12-23,6.76831579208374,6.76831579208374,6.7592668533325195,4.0683746337890625,1216
2011-12-27,6.7230730056762695,6.7230730056762695,6.7230730056762695,4.0465898513793945,1105
2011-12-28,6.542101860046387,6.542101860046387,6.542101860046387,3.937664747238159,774
2011-12-29,6.533052921295166,6.533052921295166,6.533052921295166,3.932217836380005,884
2011-12-30,6.677830219268799,6.732120990753174,6.677830219268799,4.052035808563232,3426
2012-01-03,6.985480785369873,6.985480785369873,6.985480785369873,4.204532146453857,553
2012-01-04,6.732120990753174,6.732120990753174,6.732120990753174,4.052035808563232,332
2012-01-05,6.732120990753174,6.732120990753174,6.732120990753174,4.052035808563232,0
2012-01-06,6.732120990753174,6.732120990753174,6.732120990753174,4.052035808563232,0
2012-01-09,6.451615810394287,6.451615810394287,6.397325038909912,3.8505241870880127,3315
2012-01-10,6.397325038909912,6.397325038909912,6.397325038909912,3.8505241870880127,0
2012-01-11,6.487811088562012,6.487811088562012,6.487811088562012,3.9049863815307617,884
2012-01-12,6.415421962738037,6.560198783874512,6.415421962738037,3.9485559463500977,3426
2012-01-13,6.605442047119141,6.605442047119141,6.451615810394287,3.88319993019104,2100
2012-01-17,6.451615810394287,6.451615810394287,6.451615810394287,3.88319993019104,0
2012-01-18,6.46971321105957,6.46971321105957,6.46971321105957,3.894094705581665,221
2012-01-19,6.7592668533325195,6.7592668533325195,6.7592668533325195,4.0683746337890625,1658
2012-01-20,6.831655025482178,6.831655025482178,6.831655025482178,4.111945629119873,332
2012-01-23,7.166451930999756,7.166451930999756,7.166451930999756,4.313457489013672,188649
2012-01-24,7.121209144592285,7.157402992248535,7.075965881347656,4.308010578155518,373872
2012-01-25,7.13930606842041,7.184548854827881,7.0126261711120605,4.3243489265441895,212189
2012-01-26,7.446957111358643,7.446957111358643,7.446957111358643,4.482292175292969,774
2012-01-27,7.329326152801514,7.510296821594238,7.329326152801514,4.514970302581787,2984
2012-01-30,7.121209144592285,7.220743179321289,7.039772033691406,4.340689182281494,4089
2012-01-31,7.22979211807251,7.22979211807251,7.157402992248535,4.308010578155518,6078
2012-02-01,7.157402992248535,7.157402992248535,7.157402992248535,4.308010578155518,0
2012-02-02,7.419810771942139,7.419810771942139,7.419810771942139,4.465953350067139,24313
2012-02-03,7.71841287612915,7.727461814880371,7.71841287612915,4.651127338409424,884
2012-02-06,7.691267967224121,7.691267967224121,7.655074119567871,4.60755729675293,151184
2012-02-07,7.872239112854004,7.872239112854004,7.872239112854004,4.738268852233887,110736
2012-02-08,7.908432960510254,7.908432960510254,7.908432960510254,4.7600531578063965,221
2012-02-09,8.071307182312012,8.071307182312012,7.962724208831787,4.792730808258057,147095
2012-02-10,7.790802001953125,7.790802001953125,7.790802001953125,4.68925142288208,8510
2012-02-13,7.691267967224121,7.691267967224121,7.691267967224121,4.629342079162598,110957
2012-02-14,7.6369757652282715,7.6369757652282715,7.6369757652282715,4.596664905548096,2321
2012-02-15,7.655074119567871,7.655074119567871,7.655074119567871,4.60755729675293,1326
2012-02-16,7.320277214050293,7.510296821594238,7.320277214050293,4.520416259765625,5747
2012-02-17,7.700315952301025,7.700315952301025,7.6188788414001465,4.585771560668945,2100
2012-02-21,7.8450927734375,7.872239112854004,7.754608154296875,4.732821464538574,13041
2012-02-22,7.5464911460876465,7.6822190284729,7.5464911460876465,4.623895645141602,1105
2012-02-23,7.555539131164551,7.6822190284729,7.474102973937988,4.623895645141602,6078
2012-02-24,7.6369757652282715,7.691267967224121,7.6188788414001465,4.585771560668945,94490
2012-02-27,7.519344806671143,7.627927780151367,7.519344806671143,4.5912184715271,2210
2012-02-28,7.6188788414001465,7.6188788414001465,7.6188788414001465,4.585771560668945,221
2012-02-29,7.510296821594238,7.510296821594238,7.510296821594238,4.520416259765625,3094
2012-03-01,7.664122104644775,7.691267967224121,7.5464911460876465,4.629342079162598,111620
2012-03-02,7.6369757652282715,7.664122104644775,7.5464911460876465,4.542201995849609,1658
2012-03-05,7.392665863037109,7.392665863037109,7.392665863037109,4.449614524841309,663
2012-03-06,6.967383861541748,6.967383861541748,6.967383861541748,4.193639278411865,663
2012-03-07,6.967383861541748,6.967383861541748,6.967383861541748,4.193639278411865,0
2012-03-08,7.275033950805664,7.329326152801514,7.275033950805664,4.411490440368652,1989
2012-03-09,7.374567985534668,7.374567985534668,7.284082889556885,4.384258270263672,145217
2012-03-12,7.284082889556885,7.284082889556885,7.284082889556885,4.384258270263672,0
2012-03-13,7.347423076629639,7.347423076629639,7.347423076629639,4.4223833084106445,553
2012-03-14,7.347423076629639,7.347423076629639,7.347423076629639,4.4223833084106445,0
2012-03-15,7.26598596572876,7.338374137878418,7.26598596572876,4.416936874389648,1437
2012-03-16,7.419810771942139,7.5826849937438965,7.419810771942139,4.5639872550964355,1547
2012-03-19,7.6822190284729,7.6822190284729,7.6822190284729,4.623895645141602,553
2012-03-20,7.501247882843018,7.655074119567871,7.501247882843018,4.5367560386657715,2873
2012-03-21,7.519344806671143,7.519344806671143,7.519344806671143,4.525861740112305,221
2012-03-22,7.293130874633789,7.293130874633789,7.284082889556885,4.384258270263672,5747
2012-03-23,7.284082889556885,7.284082889556885,7.284082889556885,4.384258270263672,0
2012-03-26,7.211695194244385,7.30217981338501,7.166451930999756,4.395151138305664,3094
2012-03-27,7.30217981338501,7.30217981338501,7.30217981338501,4.395151138305664,0
2012-03-28,7.30217981338501,7.30217981338501,7.30217981338501,4.395151138305664,0
2012-03-29,6.750217914581299,6.894995212554932,6.750217914581299,4.150068283081055,1326
2012-03-30,6.985480785369873,6.994528770446777,6.985480785369873,4.204532146453857,2431
2012-04-02,6.876897811889648,6.949286937713623,6.876897811889648,4.182746887207031,995
2012-04-03,6.813558101654053,6.813558101654053,6.7049760818481445,4.0356974601745605,663
2012-04-04,6.379228115081787,6.487811088562012,6.379228115081787,3.9049863815307617,527819
2012-04-05,6.487811088562012,6.487811088562012,6.487811088562012,3.9049863815307617,0
2012-04-09,6.487811088562012,6.487811088562012,6.487811088562012,3.9049863815307617,0
2012-04-10,6.071577072143555,6.153014183044434,6.071577072143555,3.6871347427368164,4752
2012-04-11,6.415421962738037,6.415421962738037,6.162063121795654,3.708920955657959,4200
2012-04-12,6.397325038909912,6.451615810394287,6.397325038909912,3.8668625354766846,3758
2012-04-13,5.881557941436768,6.05348014831543,5.881557941436768,3.643564224243164,13372
2012-04-16,5.926799774169922,5.926799774169922,5.691537857055664,3.556424379348755,5194
2012-04-17,5.908702850341797,5.908702850341797,5.908702850341797,3.556424379348755,0
2012-04-18,5.881557941436768,5.881557941436768,5.881557941436768,3.5400850772857666,221
2012-04-19,5.628198146820068,5.68248987197876,5.4472270011901855,3.278662919998169,4200
2012-04-20,5.772974967956543,5.772974967956543,5.754878044128418,3.4692840576171875,4200
2012-04-23,5.619150161743164,5.709634780883789,5.4834208488464355,3.436605453491211,111289
2012-04-24,5.827266216278076,5.827266216278076,5.827266216278076,3.5074079036712646,221
2012-04-25,5.800120830535889,5.800120830535889,5.800120830535889,3.4910693168640137,663
2012-04-26,5.628198146820068,5.691537857055664,5.59200382232666,3.414820432662964,3536
2012-04-27,5.809168815612793,5.809168815612793,5.809168815612793,3.4965147972106934,221
2012-04-30,5.664391994476318,5.664391994476318,5.628198146820068,3.387589693069458,3536
2012-05-01,5.772974967956543,5.772974967956543,5.772974967956543,3.474729299545288,375751
2012-05-02,5.5286641120910645,5.5286641120910645,5.383886814117432,3.262324333190918,43211
2012-05-03,5.3929362297058105,5.4110331535339355,5.3929362297058105,3.2568774223327637,6741
2012-05-04,5.4834208488464355,5.646295070648193,5.4834208488464355,3.3167874813079834,17461
2012-05-07,5.782023906707764,5.782023906707764,5.745829105377197,3.4583899974823,3205
2012-05-08,5.727732181549072,5.727732181549072,5.727732181549072,3.4474973678588867,553
2012-05-09,5.727732181549072,5.727732181549072,5.727732181549072,3.4474973678588867,0
2012-05-10,5.727732181549072,5.727732181549072,5.727732181549072,3.4474973678588867,0
2012-05-11,5.718684196472168,5.718684196472168,5.718684196472168,3.4420526027679443,553
2012-05-14,5.4834208488464355,5.4834208488464355,5.4834208488464355,3.300448417663574,553
2012-05-15,5.311499118804932,5.311499118804932,5.311499118804932,3.1969685554504395,6852
2012-05-16,5.202916145324707,5.202916145324707,5.121479034423828,3.082597017288208,3868
2012-05-17,5.1395769119262695,5.1395769119262695,5.030993938446045,3.0281338691711426,5636
2012-05-18,5.184819221496582,5.184819221496582,5.121479034423828,3.082597017288208,10057
2012-05-21,5.112431049346924,5.112431049346924,5.112431049346924,3.0771501064300537,995
2012-05-22,5.202916145324707,5.248158931732178,5.193868160247803,3.158845901489258,5526
2012-05-23,5.248158931732178,5.248158931732178,5.248158931732178,3.158845901489258,0
2012-05-24,5.248158931732178,5.248158931732178,5.248158931732178,3.158845901489258,0
2012-05-25,5.248158931732178,5.248158931732178,5.248158931732178,3.158845901489258,0
2012-05-29,5.248158931732178,5.248158931732178,5.248158931732178,3.158845901489258,0
2012-05-30,4.7233428955078125,4.7233428955078125,4.678100109100342,2.8157289028167725,116593
2012-05-31,4.678100109100342,4.678100109100342,4.678100109100342,2.8157289028167725,0
2012-06-01,4.732391834259033,4.877169132232666,4.732391834259033,2.919208526611328,13925
2012-06-04,4.850022792816162,4.850022792816162,4.850022792816162,2.919208526611328,0
2012-06-05,4.850022792816162,4.850022792816162,4.850022792816162,2.919208526611328,0
2012-06-06,5.302450180053711,5.302450180053711,5.302450180053711,3.1915225982666016,105652
2012-06-07,5.356741905212402,5.356741905212402,5.338644981384277,3.2187540531158447,2542
2012-06-08,5.347692966461182,5.347692966461182,5.347692966461182,3.2187540531158447,0
2012-06-11,5.763926982879639,5.763926982879639,5.4291300773620605,3.267770767211914,227992
2012-06-12,5.5105671882629395,5.51961612701416,5.4472270011901855,3.278662919998169,1216
2012-06-13,5.474372863769531,5.474372863769531,5.474372863769531,3.2950024604797363,3979
2012-06-14,5.474372863769531,5.474372863769531,5.474372863769531,3.2950024604797363,0
2012-06-15,5.4472270011901855,5.4472270011901855,5.4472270011901855,3.278662919998169,221
2012-06-18,5.492469787597656,5.492469787597656,5.302450180053711,3.1915225982666016,184670
2012-06-19,5.420082092285156,5.456275939941406,5.401984214782715,3.2841098308563232,4089
2012-06-20,5.59200382232666,5.59200382232666,5.59200382232666,3.3658039569854736,553
2012-06-21,5.664391994476318,5.664391994476318,5.537713050842285,3.3331267833709717,2210
2012-06-22,5.718684196472168,5.727732181549072,5.610101222991943,3.4039268493652344,236944
2012-06-25,5.5648579597473145,5.5648579597473145,5.320548057556152,3.213308095932007,32160
2012-06-26,5.329596042633057,5.329596042633057,5.257207870483398,3.1860766410827637,49732
2012-06-27,5.293402194976807,5.4653239250183105,5.293402194976807,3.289555788040161,1216
2012-06-28,5.401984214782715,5.401984214782715,5.401984214782715,3.251432418823242,442
2012-06-29,5.863461017608643,5.863461017608643,5.863461017608643,3.529193639755249,332
2012-07-02,5.836315155029297,5.926799774169922,5.836315155029297,3.567316770553589,884
2012-07-03,5.926799774169922,5.926799774169922,5.926799774169922,3.567316770553589,0
2012-07-05,5.926799774169922,5.926799774169922,5.926799774169922,3.567316770553589,0
2012-07-06,5.926799774169922,5.926799774169922,5.926799774169922,3.567316770553589,0
2012-07-09,5.383886814117432,5.383886814117432,5.275304794311523,3.175184726715088,1216
2012-07-10,5.257207870483398,5.257207870483398,5.257207870483398,3.1642913818359375,1105
2012-07-11,5.284352779388428,5.284352779388428,5.202916145324707,3.1316142082214355,6520
2012-07-12,5.211965084075928,5.211965084075928,5.175771236419678,3.1207211017608643,2763
2012-07-13,5.076237201690674,5.112431049346924,5.076237201690674,3.0771501064300537,442
2012-07-16,5.076237201690674,5.076237201690674,5.076237201690674,3.055366039276123,553
2012-07-17,5.076237201690674,5.076237201690674,5.076237201690674,3.055366039276123,0
2012-07-18,5.076237201690674,5.076237201690674,5.076237201690674,3.055366039276123,0
2012-07-19,5.076237201690674,5.076237201690674,5.076237201690674,3.055366039276123,0
2012-07-20,5.076237201690674,5.076237201690674,5.076237201690674,3.055366039276123,0
2012-07-23,4.660003185272217,4.660003185272217,4.660003185272217,2.804837226867676,55257
2012-07-24,4.596663951873779,4.596663951873779,4.596663951873779,2.7667131423950195,221
2012-07-25,4.596663951873779,4.596663951873779,4.596663951873779,2.7667131423950195,0
2012-07-26,4.596663951873779,4.596663951873779,4.596663951873779,2.7667131423950195,0
2012-07-27,5.230062007904053,5.239110946655273,5.230062007904053,3.1533989906311035,332
2012-07-30,5.474372863769531,5.474372863769531,5.474372863769531,3.2950024604797363,553
2012-07-31,5.474372863769531,5.474372863769531,5.474372863769531,3.2950024604797363,0
2012-08-01,5.474372863769531,5.474372863769531,5.474372863769531,3.2950024604797363,0
2012-08-02,5.474372863769531,5.474372863769531,5.474372863769531,3.2950024604797363,0
2012-08-03,5.474372863769531,5.474372863769531,5.474372863769531,3.2950024604797363,0
2012-08-06,5.474372863769531,5.474372863769531,5.474372863769531,3.2950024604797363,0
2012-08-07,5.845363140106201,5.854412078857422,5.845363140106201,3.5237457752227783,5526
2012-08-08,5.854412078857422,5.854412078857422,5.854412078857422,3.5237457752227783,0
2012-08-09,5.854412078857422,5.854412078857422,5.854412078857422,3.5237457752227783,0
2012-08-10,5.854412078857422,5.854412078857422,5.854412078857422,3.5237457752227783,0
2012-08-13,5.881557941436768,5.881557941436768,5.881557941436768,3.5400850772857666,111
2012-08-14,5.881557941436768,5.881557941436768,5.881557941436768,3.5400850772857666,0
2012-08-15,5.881557941436768,5.881557941436768,5.881557941436768,3.5400850772857666,0
2012-08-16,6.035383224487305,6.315887928009033,6.035383224487305,3.801506519317627,884
2012-08-17,6.315887928009033,6.315887928009033,6.315887928009033,3.801506519317627,0
2012-08-20,6.361131191253662,6.361131191253662,6.361131191253662,3.828738212585449,1547
2012-08-21,6.361131191253662,6.361131191253662,6.361131191253662,3.828738212585449,0
2012-08-22,6.171111106872559,6.189208030700684,6.171111106872559,3.7252588272094727,2763
2012-08-23,6.189208030700684,6.279694080352783,6.143966197967529,3.77972149848938,339723
2012-08-24,6.171111106872559,6.171111106872559,6.171111106872559,3.7143659591674805,50063
2012-08-27,6.171111106872559,6.171111106872559,6.171111106872559,3.7143659591674805,0
2012-08-28,6.2706451416015625,6.2706451416015625,6.2706451416015625,3.774275302886963,221
2012-08-29,6.2706451416015625,6.2706451416015625,6.2706451416015625,3.774275302886963,0
2012-08-30,6.2706451416015625,6.2706451416015625,6.2706451416015625,3.774275302886963,0
2012-08-31,6.2706451416015625,6.2706451416015625,6.2706451416015625,3.774275302886963,0
2012-09-04,6.2706451416015625,6.2706451416015625,6.2706451416015625,3.774275302886963,0
2012-09-05,6.406373977661133,6.406373977661133,6.406373977661133,3.8559699058532715,11494
2012-09-06,6.7411699295043945,6.7411699295043945,6.7411699295043945,4.0574822425842285,221
2012-09-07,6.885947227478027,6.885947227478027,6.885947227478027,4.144622802734375,221
2012-09-10,6.876897811889648,6.904044151306152,6.876897811889648,4.155516147613525,442
2012-09-11,7.057868957519531,7.238840103149414,7.057868957519531,4.357027530670166,3094
2012-09-12,7.238840103149414,7.238840103149414,7.238840103149414,4.357027530670166,0
2012-09-13,7.238840103149414,7.238840103149414,7.238840103149414,4.357027530670166,0
2012-09-14,7.238840103149414,7.238840103149414,7.238840103149414,4.357027530670166,0
2012-09-17,7.238840103149414,7.238840103149414,7.238840103149414,4.357027530670166,0
2012-09-18,7.238840103149414,7.238840103149414,7.238840103149414,4.357027530670166,0
2012-09-19,7.085014820098877,7.085014820098877,7.085014820098877,4.264441013336182,221
2012-09-20,6.804510116577148,6.804510116577148,6.804510116577148,4.095605850219727,221
2012-09-21,7.256937026977539,7.256937026977539,7.256937026977539,4.367919921875,553
2012-09-24,7.148355007171631,7.148355007171631,7.148355007171631,4.302565097808838,663
2012-09-25,7.085014820098877,7.085014820098877,7.085014820098877,4.264441013336182,553
2012-09-26,7.085014820098877,7.085014820098877,7.085014820098877,4.264441013336182,0
2012-09-27,7.085014820098877,7.085014820098877,7.085014820098877,4.264441013336182,0
2012-09-28,7.085014820098877,7.085014820098877,7.085014820098877,4.264441013336182,0
2012-10-01,7.085014820098877,7.085014820098877,7.085014820098877,4.264441013336182,0
2012-10-02,7.085014820098877,7.085014820098877,7.085014820098877,4.264441013336182,0
2012-10-03,6.76831579208374,6.76831579208374,6.76831579208374,4.073820114135742,442
2012-10-04,6.813558101654053,6.813558101654053,6.813558101654053,4.101051330566406,995
2012-10-05,6.813558101654053,6.813558101654053,6.813558101654053,4.101051330566406,0
2012-10-08,6.813558101654053,6.813558101654053,6.813558101654053,4.101051330566406,0
2012-10-09,6.813558101654053,6.813558101654053,6.813558101654053,4.101051330566406,0
2012-10-10,6.813558101654053,6.813558101654053,6.813558101654053,4.101051330566406,0
2012-10-11,6.641635894775391,6.641635894775391,6.641635894775391,3.9975743293762207,332
2012-10-12,6.641635894775391,6.641635894775391,6.641635894775391,3.9975743293762207,0
2012-10-15,6.641635894775391,6.641635894775391,6.641635894775391,3.9975743293762207,4531
2012-10-16,6.641635894775391,6.641635894775391,6.641635894775391,3.9975743293762207,0
2012-10-17,6.641635894775391,6.641635894775391,6.641635894775391,3.9975743293762207,0
2012-10-18,6.641635894775391,6.641635894775391,6.641635894775391,3.9975743293762207,0
2012-10-19,6.641635894775391,6.641635894775391,6.641635894775391,3.9975743293762207,0
2012-10-22,6.605442047119141,6.605442047119141,6.605442047119141,3.9757885932922363,221
2012-10-23,6.605442047119141,6.605442047119141,6.605442047119141,3.9757885932922363,0
2012-10-24,6.605442047119141,6.605442047119141,6.605442047119141,3.9757885932922363,0
2012-10-25,6.605442047119141,6.605442047119141,6.605442047119141,3.9757885932922363,0
2012-10-26,6.605442047119141,6.605442047119141,6.605442047119141,3.9757885932922363,0
2012-10-31,7.057868957519531,7.057868957519531,7.057868957519531,4.248101711273193,1658
2012-11-01,7.057868957519531,7.057868957519531,7.057868957519531,4.248101711273193,0
2012-11-02,7.057868957519531,7.057868957519531,7.057868957519531,4.248101711273193,0
2012-11-05,7.057868957519531,7.057868957519531,7.057868957519531,4.248101711273193,0
2012-11-06,7.057868957519531,7.057868957519531,7.057868957519531,4.248101711273193,0
2012-11-07,7.057868957519531,7.057868957519531,7.057868957519531,4.248101711273193,0
2012-11-08,7.057868957519531,7.057868957519531,7.057868957519531,4.248101711273193,0
2012-11-09,7.057868957519531,7.057868957519531,7.057868957519531,4.248101711273193,0
2012-11-12,7.057868957519531,7.057868957519531,7.057868957519531,4.248101711273193,0
2012-11-13,7.057868957519531,7.057868957519531,7.057868957519531,4.248101711273193,0
2012-11-14,7.057868957519531,7.057868957519531,7.057868957519531,4.248101711273193,0
2012-11-15,7.057868957519531,7.057868957519531,7.057868957519531,4.248101711273193,0
2012-11-16,7.057868957519531,7.057868957519531,7.057868957519531,4.248101711273193,0
2012-11-19,7.057868957519531,7.057868957519531,7.057868957519531,4.248101711273193,0
2012-11-20,6.361131191253662,6.361131191253662,6.361131191253662,3.828738212585449,442
2012-11-21,6.361131191253662,6.361131191253662,6.361131191253662,3.828738212585449,0
2012-11-23,6.361131191253662,6.361131191253662,6.361131191253662,3.828738212585449,0
2012-11-26,6.361131191253662,6.361131191253662,6.361131191253662,3.828738212585449,0
2012-11-27,6.361131191253662,6.361131191253662,6.361131191253662,3.828738212585449,0
2012-11-28,6.7773637771606445,6.7773637771606445,6.7773637771606445,4.0792670249938965,442
2012-11-29,6.7773637771606445,6.7773637771606445,6.7773637771606445,4.0792670249938965,0
2012-11-30,6.7773637771606445,6.7773637771606445,6.7773637771606445,4.0792670249938965,0
2012-12-03,6.7773637771606445,6.7773637771606445,6.7773637771606445,4.0792670249938965,0
2012-12-04,6.7773637771606445,6.7773637771606445,6.7773637771606445,4.0792670249938965,0
2012-12-05,6.7773637771606445,6.7773637771606445,6.7773637771606445,4.0792670249938965,0
2012-12-06,6.7773637771606445,6.7773637771606445,6.7773637771606445,4.0792670249938965,0
2012-12-07,6.7773637771606445,6.7773637771606445,6.7773637771606445,4.0792670249938965,0
2012-12-10,6.7773637771606445,6.7773637771606445,6.7773637771606445,4.0792670249938965,0
2012-12-11,6.804510116577148,6.804510116577148,6.804510116577148,4.095605850219727,43543
2012-12-12,6.804510116577148,6.804510116577148,6.804510116577148,4.095605850219727,0
2012-12-13,6.922141075134277,6.949286937713623,6.922141075134277,4.182746887207031,1216
2012-12-14,6.949286937713623,6.949286937713623,6.949286937713623,4.182746887207031,0
2012-12-17,6.949286937713623,6.949286937713623,6.949286937713623,4.182746887207031,0
2012-12-18,7.039772033691406,7.039772033691406,7.039772033691406,4.237209320068359,221
2012-12-19,7.039772033691406,7.039772033691406,7.039772033691406,4.237209320068359,0
2012-12-20,7.039772033691406,7.039772033691406,7.039772033691406,4.237209320068359,0
2012-12-21,7.275033950805664,7.275033950805664,7.275033950805664,4.378812789916992,320493
2012-12-24,7.275033950805664,7.275033950805664,7.275033950805664,4.378812789916992,0
2012-12-26,7.13930606842041,7.238840103149414,7.13930606842041,4.357027530670166,13372
2012-12-27,7.238840103149414,7.238840103149414,7.238840103149414,4.357027530670166,0
2012-12-28,7.238840103149414,7.238840103149414,7.238840103149414,4.357027530670166,0
2012-12-31,7.238840103149414,7.238840103149414,7.238840103149414,4.357027530670166,1768
2013-01-02,7.238840103149414,7.238840103149414,7.238840103149414,4.357027530670166,0
2013-01-03,7.419810771942139,7.419810771942139,7.419810771942139,4.465953350067139,3868
2013-01-04,7.419810771942139,7.419810771942139,7.419810771942139,4.465953350067139,0
2013-01-07,7.419810771942139,7.419810771942139,7.419810771942139,4.465953350067139,0
2013-01-08,7.428860187530518,7.428860187530518,7.428860187530518,4.471400260925293,442
2013-01-09,7.428860187530518,7.428860187530518,7.428860187530518,4.471400260925293,0
2013-01-10,7.5645880699157715,7.700315952301025,7.5645880699157715,4.6347880363464355,221
2013-01-11,7.817946910858154,7.917480945587158,7.817946910858154,4.7600531578063965,1989
2013-01-14,7.881287097930908,7.881287097930908,7.799849987030029,4.694697856903076,774
2013-01-15,7.799849987030029,7.799849987030029,7.799849987030029,4.694697856903076,0
2013-01-16,7.799849987030029,7.799849987030029,7.799849987030029,4.694697856903076,0
2013-01-17,7.799849987030029,7.799849987030029,7.799849987030029,4.694697856903076,0
2013-01-18,7.709364891052246,7.709364891052246,7.709364891052246,4.640235900878906,1437
2013-01-22,7.709364891052246,7.709364891052246,7.709364891052246,4.640235900878906,0
2013-01-23,7.781753063201904,7.781753063201904,7.781753063201904,4.683804035186768,1658
2013-01-24,7.781753063201904,7.781753063201904,7.781753063201904,4.683804035186768,0
2013-01-25,7.908432960510254,7.908432960510254,7.908432960510254,4.7600531578063965,553
2013-01-28,7.908432960510254,7.908432960510254,7.908432960510254,4.7600531578063965,0
2013-01-29,7.908432960510254,7.908432960510254,7.908432960510254,4.7600531578063965,0
2013-01-30,7.908432960510254,7.908432960510254,7.908432960510254,4.7600531578063965,0
2013-01-31,7.5645880699157715,7.5645880699157715,7.401713848114014,4.455060958862305,1989
2013-02-01,7.510296821594238,7.510296821594238,7.510296821594238,4.520416259765625,112173
2013-02-04,7.510296821594238,7.510296821594238,7.510296821594238,4.520416259765625,0
2013-02-05,7.166451930999756,7.166451930999756,7.166451930999756,4.313457489013672,995
2013-02-06,7.166451930999756,7.166451930999756,7.166451930999756,4.313457489013672,0
2013-02-07,7.121209144592285,7.121209144592285,7.075965881347656,4.264441013336182,28292
2013-02-08,7.30217981338501,7.30217981338501,7.30217981338501,4.395151138305664,442
2013-02-11,7.211695194244385,7.211695194244385,7.211695194244385,4.340689182281494,1658
2013-02-12,7.211695194244385,7.211695194244385,7.211695194244385,4.340689182281494,0
2013-02-13,7.211695194244385,7.211695194244385,7.211695194244385,4.340689182281494,0
2013-02-14,7.211695194244385,7.211695194244385,7.211695194244385,4.340689182281494,0
2013-02-15,7.066917896270752,7.066917896270752,7.066917896270752,4.2535481452941895,332
2013-02-19,7.066917896270752,7.066917896270752,7.066917896270752,4.2535481452941895,0
2013-02-20,6.976431846618652,6.976431846618652,6.976431846618652,4.1990838050842285,111
2013-02-21,6.804510116577148,6.804510116577148,6.786413192749023,4.084713935852051,663
2013-02-22,6.958334922790527,6.958334922790527,6.958334922790527,4.188191890716553,553
2013-02-25,6.858800888061523,6.858800888061523,6.6868791580200195,4.024804592132568,3094
2013-02-26,6.6868791580200195,6.6868791580200195,6.6868791580200195,4.024804592132568,0
2013-02-27,6.795461177825928,6.795461177825928,6.795461177825928,4.090160369873047,111
2013-02-28,6.804510116577148,6.804510116577148,6.804510116577148,4.095605850219727,332
2013-03-01,6.804510116577148,6.804510116577148,6.804510116577148,4.095605850219727,0
2013-03-04,6.804510116577148,6.804510116577148,6.804510116577148,4.095605850219727,0
2013-03-05,6.804510116577148,6.804510116577148,6.804510116577148,4.095605850219727,0
2013-03-06,6.804510116577148,6.804510116577148,6.804510116577148,4.095605850219727,0
2013-03-07,6.804510116577148,6.804510116577148,6.804510116577148,4.095605850219727,0
2013-03-08,6.958334922790527,6.985480785369873,6.958334922790527,4.1990838050842285,3205
2013-03-11,6.940237998962402,6.940237998962402,6.940237998962402,4.177300453186035,111
2013-03-12,6.976431846618652,6.976431846618652,6.976431846618652,4.1990838050842285,774
2013-03-13,6.867849826812744,6.867849826812744,6.867849826812744,4.133730411529541,663
2013-03-14,6.867849826812744,6.867849826812744,6.867849826812744,4.133730411529541,0
2013-03-15,6.867849826812744,6.867849826812744,6.867849826812744,4.133730411529541,0
2013-03-18,6.867849826812744,6.867849826812744,6.867849826812744,4.133730411529541,0
2013-03-19,6.695927143096924,6.695927143096924,6.496859073638916,3.910432815551758,18567
2013-03-20,6.750217914581299,6.750217914581299,6.750217914581299,4.062929153442383,663
2013-03-21,6.750217914581299,6.750217914581299,6.750217914581299,4.062929153442383,0
2013-03-22,6.695927143096924,6.695927143096924,6.605442047119141,3.9757885932922363,2431
2013-03-25,6.333984851837158,6.333984851837158,6.306839942932129,3.7960612773895264,332
2013-03-26,6.234450817108154,6.234450817108154,6.189208030700684,3.7252588272094727,442
2013-03-27,5.9810919761657715,5.9810919761657715,5.9810919761657715,3.5999948978424072,11825
2013-03-28,6.116819858551025,6.116819858551025,6.071577072143555,3.6599037647247314,6520
2013-04-01,6.125868797302246,6.125868797302246,6.125868797302246,3.6871347427368164,111
2013-04-02,6.261597156524658,6.261597156524658,6.198256969451904,3.7307050228118896,3205
2013-04-03,6.13491678237915,6.13491678237915,6.071577072143555,3.6544575691223145,2486807
2013-04-04,6.05348014831543,6.05348014831543,6.044432163238525,3.638118028640747,221
2013-04-05,6.080626010894775,6.107770919799805,6.080626010894775,3.6762423515319824,995
2013-04-08,6.107770919799805,6.107770919799805,6.107770919799805,3.6762423515319824,0
2013-04-09,6.125868797302246,6.125868797302246,6.125868797302246,3.6871347427368164,111
2013-04-10,6.125868797302246,6.125868797302246,6.125868797302246,3.6871347427368164,0
2013-04-11,6.361131191253662,6.46971321105957,6.361131191253662,3.8723084926605225,663
2013-04-12,6.243500232696533,6.243500232696533,6.243500232696533,3.75793719291687,221
2013-04-15,6.216353893280029,6.216353893280029,6.216353893280029,3.7415971755981445,111
2013-04-16,6.297791004180908,6.297791004180908,6.297791004180908,3.7906148433685303,111
2013-04-17,6.143966197967529,6.153014183044434,6.026333808898926,3.627224922180176,2873
2013-04-18,6.06252908706665,6.06252908706665,6.06252908706665,3.649009943008423,221
2013-04-19,6.198256969451904,6.198256969451904,6.153014183044434,3.7307050228118896,1547
2013-04-22,6.198256969451904,6.198256969451904,6.198256969451904,3.7307050228118896,0
2013-04-23,6.198256969451904,6.198256969451904,6.198256969451904,3.7307050228118896,0
2013-04-24,6.198256969451904,6.198256969451904,6.198256969451904,3.7307050228118896,0
2013-04-25,6.198256969451904,6.198256969451904,6.198256969451904,3.7307050228118896,0
2013-04-26,6.478762149810791,6.478762149810791,6.478762149810791,3.89953875541687,663
2013-04-29,6.659732818603516,6.659732818603516,6.659732818603516,4.00846529006958,2210
2013-04-30,6.460665225982666,6.460665225982666,6.460665225982666,3.888648509979248,332
2013-05-01,6.460665225982666,6.460665225982666,6.460665225982666,3.888648509979248,0
2013-05-02,6.478762149810791,6.478762149810791,6.478762149810791,3.89953875541687,1326
2013-05-03,6.478762149810791,6.478762149810791,6.478762149810791,3.89953875541687,0
2013-05-06,6.478762149810791,6.478762149810791,6.478762149810791,3.89953875541687,0
2013-05-07,6.478762149810791,6.478762149810791,6.478762149810791,3.89953875541687,0
2013-05-08,6.786413192749023,6.786413192749023,6.786413192749023,4.084713935852051,553
2013-05-09,6.533052921295166,6.533052921295166,6.533052921295166,3.932217836380005,4310
2013-05-10,6.533052921295166,6.533052921295166,6.533052921295166,3.932217836380005,0
2013-05-13,6.533052921295166,6.533052921295166,6.533052921295166,3.932217836380005,0
2013-05-14,6.533052921295166,6.533052921295166,6.533052921295166,3.932217836380005,0
2013-05-15,6.433518886566162,6.433518886566162,6.433518886566162,3.8723084926605225,3094
2013-05-16,6.433518886566162,6.433518886566162,6.433518886566162,3.8723084926605225,0
2013-05-17,6.505908012390137,6.505908012390137,6.505908012390137,3.915879964828491,1105
2013-05-20,6.505908012390137,6.505908012390137,6.505908012390137,3.915879964828491,0
2013-05-21,6.505908012390137,6.505908012390137,6.505908012390137,3.915879964828491,0
2013-05-22,6.388276100158691,6.388276100158691,6.388276100158691,3.845076322555542,120572
2013-05-23,6.2887420654296875,6.2887420654296875,6.2887420654296875,3.785168409347534,663
2013-05-24,6.2887420654296875,6.2887420654296875,6.2887420654296875,3.785168409347534,0
2013-05-28,6.641635894775391,6.641635894775391,6.415421962738037,3.921325206756592,26192
2013-05-29,6.496859073638916,6.496859073638916,6.496859073638916,3.910432815551758,663
2013-05-30,6.496859073638916,6.496859073638916,6.496859073638916,3.910432815551758,0
2013-05-31,6.605442047119141,6.605442047119141,6.460665225982666,3.888648509979248,1547
2013-06-03,6.460665225982666,6.460665225982666,6.460665225982666,3.888648509979248,0
2013-06-04,6.533052921295166,6.533052921295166,6.533052921295166,3.932217836380005,1879
2013-06-05,6.605442047119141,6.605442047119141,6.605442047119141,3.9757885932922363,553
2013-06-06,6.605442047119141,6.605442047119141,6.605442047119141,3.9757885932922363,0
2013-06-07,6.560198783874512,6.560198783874512,6.560198783874512,3.9485559463500977,1437
2013-06-10,6.560198783874512,6.560198783874512,6.560198783874512,3.9485559463500977,0
2013-06-11,6.343033790588379,6.343033790588379,6.343033790588379,3.8178458213806152,774
2013-06-12,6.46971321105957,6.46971321105957,6.46971321105957,3.894094705581665,111
2013-06-13,6.46971321105957,6.46971321105957,6.46971321105957,3.894094705581665,0
2013-06-14,6.46971321105957,6.46971321105957,6.46971321105957,3.894094705581665,0
2013-06-17,6.46971321105957,6.46971321105957,6.46971321105957,3.894094705581665,0
2013-06-18,6.406373977661133,6.406373977661133,6.406373977661133,3.8559699058532715,221
2013-06-19,6.406373977661133,6.406373977661133,6.406373977661133,3.8559699058532715,0
2013-06-20,6.406373977661133,6.406373977661133,6.406373977661133,3.8559699058532715,0
2013-06-21,6.406373977661133,6.406373977661133,6.406373977661133,3.8559699058532715,0
2013-06-24,5.908702850341797,5.908702850341797,5.908702850341797,3.556424379348755,1105
2013-06-25,5.908702850341797,5.908702850341797,5.908702850341797,3.556424379348755,0
2013-06-26,5.908702850341797,5.908702850341797,5.908702850341797,3.556424379348755,0
2013-06-27,5.908702850341797,5.908702850341797,5.908702850341797,3.556424379348755,553127
2013-06-28,5.908702850341797,5.908702850341797,5.908702850341797,3.556424379348755,0
2013-07-01,5.908702850341797,5.908702850341797,5.908702850341797,3.556424379348755,0
2013-07-02,5.926799774169922,5.926799774169922,5.926799774169922,3.567316770553589,884
2013-07-03,5.926799774169922,5.926799774169922,5.926799774169922,3.567316770553589,0
2013-07-05,5.926799774169922,5.926799774169922,5.926799774169922,3.567316770553589,0
2013-07-08,6.026333808898926,6.026333808898926,6.026333808898926,3.627224922180176,332
2013-07-09,5.9810919761657715,5.9810919761657715,5.9810919761657715,3.5999948978424072,884
2013-07-10,5.9810919761657715,5.9810919761657715,5.9810919761657715,3.5999948978424072,0
2013-07-11,5.9810919761657715,5.9810919761657715,5.9810919761657715,3.5999948978424072,0
2013-07-12,5.9810919761657715,5.9810919761657715,5.9810919761657715,3.5999948978424072,0
2013-07-15,5.763926982879639,5.763926982879639,5.763926982879639,3.4692840576171875,1105
2013-07-16,5.727732181549072,5.727732181549072,5.727732181549072,3.4474973678588867,8068
2013-07-17,5.727732181549072,5.727732181549072,5.727732181549072,3.4474973678588867,0
2013-07-18,5.899654865264893,5.899654865264893,5.899654865264893,3.5509777069091797,49290
2013-07-19,5.899654865264893,5.899654865264893,5.899654865264893,3.5509777069091797,0
2013-07-22,5.899654865264893,5.899654865264893,5.899654865264893,3.5509777069091797,0
2013-07-23,6.107770919799805,6.107770919799805,6.06252908706665,3.649009943008423,49290
2013-07-24,6.189208030700684,6.189208030700684,6.189208030700684,3.7252588272094727,332
2013-07-25,6.189208030700684,6.189208030700684,6.189208030700684,3.7252588272094727,0
2013-07-26,6.569246768951416,6.569246768951416,6.569246768951416,3.954002857208252,718347
2013-07-29,6.533052921295166,6.533052921295166,6.533052921295166,3.932217836380005,552575
2013-07-30,6.533052921295166,6.533052921295166,6.533052921295166,3.932217836380005,13262
2013-07-31,6.533052921295166,6.533052921295166,6.533052921295166,3.932217836380005,0
2013-08-01,6.63258695602417,6.63258695602417,6.605442047119141,3.9757885932922363,553680
2013-08-02,6.63258695602417,6.63258695602417,6.63258695602417,3.9921255111694336,553
2013-08-05,6.587345123291016,6.587345123291016,6.587345123291016,3.964895725250244,221
2013-08-06,6.587345123291016,6.587345123291016,6.587345123291016,3.964895725250244,0
2013-08-07,6.587345123291016,6.587345123291016,6.587345123291016,3.964895725250244,0
2013-08-08,6.587345123291016,6.587345123291016,6.587345123291016,3.964895725250244,0
2013-08-09,6.587345123291016,6.587345123291016,6.587345123291016,3.964895725250244,0
2013-08-12,6.587345123291016,6.587345123291016,6.587345123291016,3.964895725250244,0
2013-08-13,6.587345123291016,6.587345123291016,6.587345123291016,3.964895725250244,0
2013-08-14,6.931189060211182,6.931189060211182,6.840703964233398,4.117392063140869,3868
2013-08-15,6.804510116577148,6.804510116577148,6.804510116577148,4.095605850219727,221
2013-08-16,6.804510116577148,6.804510116577148,6.804510116577148,4.095605850219727,0
2013-08-19,6.804510116577148,6.804510116577148,6.804510116577148,4.095605850219727,0
2013-08-20,6.804510116577148,6.804510116577148,6.804510116577148,4.095605850219727,0
2013-08-21,6.714024066925049,6.714024066925049,6.714024066925049,4.04114294052124,884
2013-08-22,6.7411699295043945,6.7411699295043945,6.7411699295043945,4.0574822425842285,1989
2013-08-23,6.7411699295043945,6.7411699295043945,6.7411699295043945,4.0574822425842285,0
2013-08-26,6.7411699295043945,6.7411699295043945,6.7411699295043945,4.0574822425842285,0
2013-08-27,6.7411699295043945,6.7411699295043945,6.7411699295043945,4.0574822425842285,0
2013-08-28,6.7411699295043945,6.7411699295043945,6.7411699295043945,4.0574822425842285,0
2013-08-29,6.7411699295043945,6.7411699295043945,6.7411699295043945,4.0574822425842285,0
2013-08-30,6.7411699295043945,6.7411699295043945,6.7411699295043945,4.0574822425842285,0
2013-09-03,6.7411699295043945,6.7411699295043945,6.7411699295043945,4.0574822425842285,0
2013-09-04,6.587345123291016,6.587345123291016,6.587345123291016,3.964895725250244,2210
2013-09-05,6.587345123291016,6.587345123291016,6.587345123291016,3.964895725250244,0
2013-09-06,6.587345123291016,6.587345123291016,6.587345123291016,3.964895725250244,0
2013-09-09,6.59639310836792,6.659732818603516,6.59639310836792,4.00846529006958,448359
2013-09-10,6.659732818603516,6.659732818603516,6.659732818603516,4.00846529006958,0
2013-09-11,6.913092136383057,6.913092136383057,6.913092136383057,4.160960674285889,7515
2013-09-12,6.849752902984619,6.849752902984619,6.849752902984619,4.122837543487549,1326
2013-09-13,6.849752902984619,6.849752902984619,6.849752902984619,4.122837543487549,0
2013-09-16,6.849752902984619,6.849752902984619,6.849752902984619,4.122837543487549,0
2013-09-17,6.849752902984619,6.849752902984619,6.849752902984619,4.122837543487549,0
2013-09-18,7.30217981338501,7.30217981338501,7.30217981338501,4.395151138305664,1326
2013-09-19,7.30217981338501,7.30217981338501,7.30217981338501,4.395151138305664,0
2013-09-20,7.30217981338501,7.30217981338501,7.30217981338501,4.395151138305664,0
2013-09-23,7.30217981338501,7.30217981338501,7.30217981338501,4.395151138305664,0
2013-09-24,7.30217981338501,7.30217981338501,7.30217981338501,4.395151138305664,0
2013-09-25,7.30217981338501,7.30217981338501,7.30217981338501,4.395151138305664,0
2013-09-26,7.338374137878418,7.338374137878418,7.338374137878418,4.416936874389648,774
2013-09-27,7.492199897766113,7.492199897766113,7.492199897766113,4.509524345397949,52605
2013-09-30,7.492199897766113,7.492199897766113,7.492199897766113,4.509524345397949,0
2013-10-01,7.492199897766113,7.492199897766113,7.492199897766113,4.509524345397949,0
2013-10-02,7.492199897766113,7.492199897766113,7.492199897766113,4.509524345397949,0
2013-10-03,7.591733932495117,7.591733932495117,7.591733932495117,4.569433212280273,2210
2013-10-04,7.754608154296875,7.872239112854004,7.754608154296875,4.738268852233887,3426
2013-10-07,7.826995849609375,7.826995849609375,7.826995849609375,4.711036682128906,1105
2013-10-08,7.826995849609375,7.826995849609375,7.826995849609375,4.711036682128906,0
2013-10-09,7.826995849609375,7.826995849609375,7.826995849609375,4.711036682128906,553
2013-10-10,7.917480945587158,7.989870071411133,7.8450927734375,4.721927642822266,3205
2013-10-11,7.8450927734375,7.8450927734375,7.8450927734375,4.721927642822266,0
2013-10-14,7.8450927734375,7.8450927734375,7.8450927734375,4.721927642822266,0
2013-10-15,8.098451614379883,8.125597953796387,8.098451614379883,4.890764236450195,884
2013-10-16,8.125597953796387,8.125597953796387,8.125597953796387,4.890764236450195,0
2013-10-17,8.125597953796387,8.125597953796387,8.125597953796387,4.890764236450195,0
2013-10-18,8.125597953796387,8.125597953796387,8.125597953796387,4.890764236450195,0
2013-10-21,8.315617561340332,8.406103134155273,8.315617561340332,5.059598445892334,2321
2013-10-22,8.324666023254395,8.324666023254395,8.324666023254395,5.0105814933776855,884
2013-10-23,8.197986602783203,8.197986602783203,8.134647369384766,4.928887367248535,193401
2013-10-24,8.161791801452637,8.161791801452637,8.161791801452637,4.912548542022705,73934
2013-10-25,8.170841217041016,8.170841217041016,8.11655044555664,4.890764236450195,954518
2013-10-28,8.125597953796387,8.125597953796387,8.125597953796387,4.890764236450195,0
2013-10-29,8.098451614379883,8.098451614379883,8.098451614379883,4.874424934387207,553
2013-10-30,8.089404106140137,8.089404106140137,8.080354690551758,4.863531589508057,6078
2013-10-31,8.080354690551758,8.080354690551758,8.080354690551758,4.863531589508057,0
2013-11-01,8.053210258483887,8.053210258483887,8.053210258483887,4.847194194793701,2210
2013-11-04,8.053210258483887,8.053210258483887,8.053210258483887,4.847194194793701,0
2013-11-05,8.053210258483887,8.053210258483887,8.053210258483887,4.847194194793701,0
2013-11-06,7.980821132659912,7.980821132659912,7.980821132659912,4.803622245788574,442
2013-11-07,7.962724208831787,7.962724208831787,7.944626808166504,4.7818379402160645,442
2013-11-08,7.745559215545654,7.80889892578125,7.745559215545654,4.700143814086914,221
2013-11-11,7.8450927734375,7.854142189025879,7.8450927734375,4.721927642822266,2431
2013-11-12,7.8450927734375,7.8450927734375,7.8450927734375,4.721927642822266,0
2013-11-13,7.8450927734375,7.8450927734375,7.8450927734375,4.721927642822266,0
2013-11-14,7.691267967224121,7.691267967224121,7.691267967224121,4.629342079162598,762553
2013-11-15,7.691267967224121,7.691267967224121,7.691267967224121,4.629342079162598,0
2013-11-18,7.691267967224121,7.691267967224121,7.691267967224121,4.629342079162598,0
2013-11-19,7.691267967224121,7.691267967224121,7.691267967224121,4.629342079162598,0
2013-11-20,7.772705078125,7.781753063201904,7.772705078125,4.683804035186768,221
2013-11-21,7.781753063201904,7.781753063201904,7.781753063201904,4.683804035186768,0
2013-11-22,7.854142189025879,7.9355788230896,7.854142189025879,4.77639102935791,276398
2013-11-25,7.908432960510254,7.908432960510254,7.908432960510254,4.7600531578063965,553
2013-11-26,7.790802001953125,7.790802001953125,7.790802001953125,4.68925142288208,111
2013-11-27,7.962724208831787,7.962724208831787,7.962724208831787,4.792730808258057,111
2013-11-29,8.026063919067383,8.026063919067383,8.026063919067383,4.830855369567871,2210
2013-12-02,8.026063919067383,8.026063919067383,8.026063919067383,4.830855369567871,0
2013-12-03,8.026063919067383,8.026063919067383,8.026063919067383,4.830855369567871,0
2013-12-04,7.872239112854004,7.872239112854004,7.872239112854004,4.738268852233887,995
2013-12-05,7.64602518081665,7.772705078125,7.64602518081665,4.678359508514404,5194
2013-12-06,7.772705078125,7.772705078125,7.772705078125,4.678359508514404,0
2013-12-09,7.736509799957275,7.736509799957275,7.736509799957275,4.656572341918945,111
2013-12-10,7.736509799957275,7.736509799957275,7.736509799957275,4.656572341918945,0
2013-12-11,7.745559215545654,7.745559215545654,7.745559215545654,4.662020206451416,663
2013-12-12,7.745559215545654,7.745559215545654,7.745559215545654,4.662020206451416,0
2013-12-13,7.664122104644775,7.664122104644775,7.664122104644775,4.613004684448242,1105
2013-12-16,7.826995849609375,7.826995849609375,7.519344806671143,4.525861740112305,2210
2013-12-17,7.519344806671143,7.519344806671143,7.519344806671143,4.525861740112305,0
2013-12-18,7.772705078125,7.772705078125,7.772705078125,4.678359508514404,2652
2013-12-19,7.781753063201904,7.781753063201904,7.781753063201904,4.683804035186768,553
2013-12-20,7.962724208831787,7.962724208831787,7.826995849609375,4.711036682128906,2321
2013-12-23,7.863190174102783,7.863190174102783,7.863190174102783,4.732821464538574,221
2013-12-24,7.863190174102783,7.863190174102783,7.863190174102783,4.732821464538574,0
2013-12-26,7.863190174102783,7.863190174102783,7.863190174102783,4.732821464538574,0
2013-12-27,8.071307182312012,8.071307182312012,8.071307182312012,4.858087062835693,111
2013-12-30,8.071307182312012,8.071307182312012,8.071307182312012,4.858087062835693,0
2013-12-31,8.071307182312012,8.071307182312012,8.071307182312012,4.858087062835693,0
2014-01-02,8.071307182312012,8.071307182312012,8.071307182312012,4.858087062835693,4200
2014-01-03,8.035113334655762,8.035113334655762,8.026063919067383,4.830855369567871,442
2014-01-06,8.026063919067383,8.026063919067383,8.026063919067383,4.830855369567871,0
2014-01-07,8.23418140411377,8.288472175598145,8.23418140411377,4.988796234130859,5084
2014-01-08,8.288472175598145,8.288472175598145,8.288472175598145,4.988796234130859,0
2014-01-09,8.288472175598145,8.288472175598145,8.288472175598145,4.988796234130859,0
2014-01-10,8.288472175598145,8.288472175598145,8.288472175598145,4.988796234130859,0
2014-01-13,8.442296981811523,8.442296981811523,8.378957748413086,5.054152965545654,58352
2014-01-14,8.397054672241211,8.397054672241211,8.397054672241211,5.054152965545654,0
2014-01-15,8.71052360534668,8.756807327270508,8.71052360534668,5.394375324249268,1080
2014-01-16,8.654984474182129,8.654984474182129,8.654984474182129,5.331649303436279,540
2014-01-17,8.543904304504395,8.543904304504395,8.386540412902832,5.166284084320068,357256
2014-01-21,8.386540412902832,8.386540412902832,8.386540412902832,5.166284084320068,0
2014-01-22,8.386540412902832,8.386540412902832,8.386540412902832,5.166284084320068,0
2014-01-23,8.386540412902832,8.386540412902832,8.386540412902832,5.166284084320068,0
2014-01-24,8.386540412902832,8.386540412902832,8.386540412902832,5.166284084320068,0
2014-01-27,7.960733890533447,7.960733890533447,7.960733890533447,4.903977870941162,1080
2014-01-28,7.960733890533447,7.960733890533447,7.960733890533447,4.903977870941162,0
2014-01-29,7.960733890533447,7.960733890533447,7.960733890533447,4.903977870941162,0
2014-01-30,7.960733890533447,7.960733890533447,7.960733890533447,4.903977870941162,0
2014-01-31,7.960733890533447,7.960733890533447,7.960733890533447,4.903977870941162,0
2014-02-03,7.840396881103516,7.840396881103516,7.784856796264648,4.795632839202881,3349
2014-02-04,7.868166923522949,7.868166923522949,7.868166923522949,4.846953868865967,2485
2014-02-05,7.868166923522949,7.868166923522949,7.868166923522949,4.846953868865967,0
2014-02-06,7.868166923522949,7.868166923522949,7.868166923522949,4.846953868865967,0
2014-02-07,8.414310455322266,8.414310455322266,8.414310455322266,5.183389663696289,1188
2014-02-10,8.256946563720703,8.256946563720703,8.256946563720703,5.086451053619385,1080
2014-02-11,8.377284049987793,8.377284049987793,8.21992015838623,5.086451053619385,29816
2014-02-12,8.256946563720703,8.256946563720703,8.145867347717285,5.01802396774292,1404
2014-02-13,8.145867347717285,8.145867347717285,8.145867347717285,5.01802396774292,0
2014-02-14,8.145867347717285,8.145867347717285,8.145867347717285,5.01802396774292,0
2014-02-18,8.284716606140137,8.284716606140137,8.284716606140137,5.103558540344238,1080
2014-02-19,8.284716606140137,8.284716606140137,8.284716606140137,5.103558540344238,0
2014-02-20,8.266203880310059,8.266203880310059,8.266203880310059,5.092154026031494,108
2014-02-21,8.340256690979004,8.340256690979004,8.340256690979004,5.1377716064453125,108
2014-02-24,8.340256690979004,8.340256690979004,8.340256690979004,5.1377716064453125,0
2014-02-25,8.340256690979004,8.340256690979004,8.340256690979004,5.1377716064453125,0
2014-02-26,8.340256690979004,8.340256690979004,8.340256690979004,5.1377716064453125,0
2014-02-27,8.238433837890625,8.34951400756836,8.238433837890625,5.14347505569458,3565
2014-02-28,8.34951400756836,8.506876945495605,8.34951400756836,5.24041223526001,540
2014-03-03,8.229177474975586,8.229177474975586,8.229177474975586,5.069345474243164,540
2014-03-04,8.442079544067383,8.442079544067383,8.442079544067383,5.200496673583984,432
2014-03-05,8.516134262084961,8.516134262084961,8.386540412902832,5.166284084320068,6374
2014-03-06,8.525389671325684,8.525389671325684,8.525389671325684,5.251816749572754,1188
2014-03-07,8.525389671325684,8.525389671325684,8.525389671325684,5.251816749572754,67411
2014-03-10,8.525389671325684,8.525389671325684,8.525389671325684,5.251816749572754,0
2014-03-11,8.451336860656738,8.451336860656738,8.451336860656738,5.206198692321777,34354
2014-03-12,8.451336860656738,8.451336860656738,8.451336860656738,5.206198692321777,0
2014-03-13,8.451336860656738,8.451336860656738,8.451336860656738,5.206198692321777,0
2014-03-14,8.451336860656738,8.451336860656738,8.451336860656738,5.206198692321777,0
2014-03-17,8.358770370483398,8.358770370483398,8.358770370483398,5.149177074432373,1296
2014-03-18,8.368026733398438,8.368026733398438,8.358770370483398,5.149177074432373,324
2014-03-19,8.358770370483398,8.358770370483398,8.358770370483398,5.149177074432373,0
2014-03-20,8.358770370483398,8.358770370483398,8.358770370483398,5.149177074432373,0
2014-03-21,8.358770370483398,8.358770370483398,8.358770370483398,5.149177074432373,0
2014-03-24,8.229177474975586,8.229177474975586,8.229177474975586,5.069345474243164,108
2014-03-25,8.293973922729492,8.293973922729492,8.293973922729492,5.109260559082031,5942
2014-03-26,8.543904304504395,8.543904304504395,8.543904304504395,5.2632222175598145,216
2014-03-27,8.543904304504395,8.543904304504395,8.543904304504395,5.2632222175598145,0
2014-03-28,8.562417030334473,8.654984474182129,8.562417030334473,5.331649303436279,2917
2014-03-31,8.88640022277832,8.88640022277832,8.88640022277832,5.474207401275635,324
2014-04-01,8.88640022277832,8.88640022277832,8.88640022277832,5.474207401275635,0
2014-04-02,8.88640022277832,8.88640022277832,8.88640022277832,5.474207401275635,0
2014-04-03,9.191869735717773,9.191869735717773,9.191869735717773,5.662383556365967,432
2014-04-04,9.228897094726562,9.24740982055664,9.127074241638184,5.622466564178467,4321
2014-04-07,9.127074241638184,9.127074241638184,9.127074241638184,5.622466564178467,0
2014-04-08,9.127074241638184,9.127074241638184,9.127074241638184,5.622466564178467,108
2014-04-09,9.090046882629395,9.09930419921875,9.090046882629395,5.605360984802246,3349
2014-04-10,9.062276840209961,9.062276840209961,8.951196670532227,5.514123916625977,5726
2014-04-11,8.877143859863281,8.969710350036621,8.877143859863281,5.497016429901123,1837
2014-04-14,9.224231719970703,9.224231719970703,9.06356430053711,5.708498477935791,176806
2014-04-15,9.091917037963867,9.129720687866211,9.091917037963867,5.750164985656738,635
2014-04-16,9.129720687866211,9.129720687866211,9.129720687866211,5.750164985656738,0
2014-04-17,9.195878028869629,9.365997314453125,9.195878028869629,5.8989763259887695,2434
2014-04-21,9.328192710876465,9.328192710876465,9.328192710876465,5.875165939331055,106
2014-04-22,9.328192710876465,9.328192710876465,9.328192710876465,5.875165939331055,0
2014-04-23,9.328192710876465,9.328192710876465,9.328192710876465,5.875165939331055,0
2014-04-24,9.33764362335205,9.33764362335205,9.280938148498535,5.845405101776123,212
2014-04-25,9.2147798538208,9.224231719970703,9.2147798538208,5.809689521789551,1693
2014-04-28,9.224231719970703,9.224231719970703,9.224231719970703,5.809689521789551,0
2014-04-29,9.224231719970703,9.224231719970703,9.224231719970703,5.809689521789551,0
2014-04-30,9.224231719970703,9.224231719970703,9.224231719970703,5.809689521789551,0
2014-05-01,9.33764362335205,9.33764362335205,9.33764362335205,5.881119728088379,319753
2014-05-02,9.451057434082031,9.451057434082031,9.318741798400879,5.8692145347595215,423
2014-05-05,9.356546401977539,9.3943510055542,9.224231719970703,5.916836738586426,1905
2014-05-06,9.3943510055542,9.3943510055542,9.3943510055542,5.916836738586426,0
2014-05-07,9.403801918029785,9.413252830505371,9.403801918029785,5.928740501403809,158712
2014-05-08,9.451057434082031,9.592823028564453,9.451057434082031,6.023982524871826,628607
2014-05-09,9.498311996459961,9.498311996459961,9.498311996459961,5.98231315612793,1058
2014-05-12,9.517213821411133,9.55501937866211,9.3943510055542,6.018029689788818,952
2014-05-13,9.55501937866211,9.55501937866211,9.55501937866211,6.018029689788818,0
2014-05-14,9.55501937866211,9.55501937866211,9.55501937866211,6.018029689788818,0
2014-05-15,9.384900093078613,9.384900093078613,9.384900093078613,5.910883903503418,1058
2014-05-16,9.422703742980957,9.422703742980957,9.422703742980957,5.934693813323975,90995
2014-05-19,9.422703742980957,9.422703742980957,9.422703742980957,5.934693813323975,0
2014-05-20,9.422703742980957,9.422703742980957,9.422703742980957,5.934693813323975,0
2014-05-21,9.469959259033203,9.621175765991211,9.469959259033203,6.000171184539795,531581
2014-05-22,9.3943510055542,9.517213821411133,9.3943510055542,5.994218349456787,1799
2014-05-23,9.526664733886719,9.526664733886719,9.526664733886719,6.000171184539795,423
2014-05-27,9.658980369567871,9.658980369567871,9.54556655883789,6.012077331542969,1164
2014-05-28,9.54556655883789,9.54556655883789,9.54556655883789,6.012077331542969,0
2014-05-29,9.54556655883789,9.54556655883789,9.54556655883789,6.012077331542969,0
2014-05-30,9.602273941040039,9.602273941040039,9.602273941040039,6.047793388366699,48566
2014-06-02,9.573921203613281,9.573921203613281,9.573921203613281,6.029935359954834,165273
2014-06-03,9.573921203613281,9.573921203613281,9.573921203613281,6.029935359954834,0
2014-06-04,9.526664733886719,9.526664733886719,9.526664733886719,6.000171184539795,361018
2014-06-05,9.715686798095703,9.923609733581543,9.715686798095703,6.250179767608643,804249
2014-06-06,9.980316162109375,9.980316162109375,9.980316162109375,6.285893440246582,212
2014-06-09,10.207140922546387,10.207140922546387,10.207140922546387,6.4287567138671875,635
2014-06-10,9.942511558532715,9.999217987060547,9.904707908630371,6.297799110412598,4232
2014-06-11,9.999217987060547,9.999217987060547,9.999217987060547,6.297799110412598,0
2014-06-12,9.999217987060547,9.999217987060547,9.999217987060547,6.297799110412598,0
2014-06-13,10.112630844116211,10.112630844116211,10.112630844116211,6.369232177734375,185905
2014-06-16,9.810196876525879,9.810196876525879,9.810196876525879,6.178747653961182,317
2014-06-17,9.800745964050293,9.800745964050293,9.800745964050293,6.172794818878174,6454
2014-06-18,9.800745964050293,9.800745964050293,9.800745964050293,6.172794818878174,0
2014-06-19,9.800745964050293,9.800745964050293,9.800745964050293,6.172794818878174,0
2014-06-20,10.03702163696289,10.03702163696289,10.03702163696289,6.321608543395996,132260
2014-06-23,10.03702163696289,10.03702163696289,10.03702163696289,6.321608543395996,0
2014-06-24,10.103179931640625,10.122081756591797,10.084278106689453,6.3513712882995605,1481
2014-06-25,10.084278106689453,10.084278106689453,10.084278106689453,6.3513712882995605,0
2014-06-26,10.084278106689453,10.084278106689453,10.084278106689453,6.3513712882995605,0
2014-06-27,10.084278106689453,10.084278106689453,10.084278106689453,6.3513712882995605,0
2014-06-30,9.753491401672363,9.753491401672363,9.753491401672363,6.143033981323242,1270
2014-07-01,9.942511558532715,9.942511558532715,9.942511558532715,6.262083053588867,1058
2014-07-02,9.942511558532715,9.942511558532715,9.942511558532715,6.262083053588867,0
2014-07-03,9.942511558532715,9.942511558532715,9.942511558532715,6.262083053588867,0
2014-07-07,9.781844139099121,9.781844139099121,9.781844139099121,6.160890102386475,529
2014-07-08,9.744039535522461,9.744039535522461,9.526664733886719,6.107316493988037,1063267
2014-07-09,9.640077590942383,9.904707908630371,9.640077590942383,6.137081146240234,2116
2014-07-10,9.318741798400879,9.328192710876465,9.290389060974121,5.857309818267822,2963
2014-07-11,9.479410171508789,9.488861083984375,9.479410171508789,5.976361274719238,741
2014-07-14,9.810196876525879,9.810196876525879,9.810196876525879,6.178747653961182,1058
2014-07-15,9.572596549987793,9.572596549987793,9.572596549987793,6.154285430908203,104
2014-07-16,9.572596549987793,9.572596549987793,9.572596549987793,6.154285430908203,0
2014-07-17,9.572596549987793,9.572596549987793,9.572596549987793,6.154285430908203,0
2014-07-18,9.572596549987793,9.572596549987793,9.572596549987793,6.154285430908203,0
2014-07-21,9.427995681762695,9.427995681762695,9.427995681762695,6.061319351196289,519
2014-07-22,9.427995681762695,9.427995681762695,9.427995681762695,6.061319351196289,0
2014-07-23,9.427995681762695,9.427995681762695,9.427995681762695,6.061319351196289,0
2014-07-24,9.427995681762695,9.427995681762695,9.427995681762695,6.061319351196289,0
2014-07-25,9.427995681762695,9.427995681762695,9.427995681762695,6.061319351196289,0
2014-07-28,9.427995681762695,9.427995681762695,9.427995681762695,6.061319351196289,0
2014-07-29,9.427995681762695,9.427995681762695,9.427995681762695,6.061319351196289,0
2014-07-30,9.987120628356934,9.987120628356934,9.987120628356934,6.420784950256348,311
2014-07-31,9.987120628356934,9.987120628356934,9.987120628356934,6.420784950256348,0
2014-08-01,9.678638458251953,9.678638458251953,9.51475715637207,6.117099285125732,4367496
2014-08-04,9.630437850952148,9.649718284606934,9.630437850952148,6.203869342803955,830
2014-08-05,9.399076461791992,9.427995681762695,9.399076461791992,6.061319351196289,1037
2014-08-06,9.225555419921875,9.225555419921875,9.225555419921875,5.93117094039917,104
2014-08-07,9.16771411895752,9.16771411895752,9.16771411895752,5.893984794616699,104
2014-08-08,9.16771411895752,9.16771411895752,9.16771411895752,5.893984794616699,0
2014-08-11,9.312314987182617,9.350875854492188,9.312314987182617,6.011740207672119,9129
2014-08-12,9.244834899902344,9.244834899902344,9.244834899902344,5.94356632232666,207
2014-08-13,9.321954727172852,9.321954727172852,9.321954727172852,5.9931464195251465,104
2014-08-14,9.321954727172852,9.321954727172852,9.321954727172852,5.9931464195251465,0
2014-08-15,9.321954727172852,9.321954727172852,9.321954727172852,5.9931464195251465,0
2014-08-18,9.341236114501953,9.341236114501953,9.341236114501953,6.0055413246154785,726
2014-08-19,9.360515594482422,9.360515594482422,9.360515594482422,6.017936706542969,622
2014-08-20,9.360515594482422,9.360515594482422,9.360515594482422,6.017936706542969,0
2014-08-21,9.562956809997559,9.562956809997559,9.562956809997559,6.148087978363037,3112
2014-08-22,9.562956809997559,9.562956809997559,9.562956809997559,6.148087978363037,0
2014-08-25,9.562956809997559,9.562956809997559,9.562956809997559,6.148087978363037,0
2014-08-26,9.562956809997559,9.562956809997559,9.562956809997559,6.148087978363037,0
2014-08-27,9.562956809997559,9.562956809997559,9.562956809997559,6.148087978363037,0
2014-08-28,9.697918891906738,9.697918891906738,9.553317070007324,6.141890048980713,3734
2014-08-29,9.553317070007324,9.553317070007324,9.553317070007324,6.141890048980713,0
2014-09-02,9.553317070007324,9.553317070007324,9.553317070007324,6.141890048980713,0
2014-09-03,9.553317070007324,9.553317070007324,9.553317070007324,6.141890048980713,0
2014-09-04,9.553317070007324,9.553317070007324,9.553317070007324,6.141890048980713,0
2014-09-05,9.553317070007324,9.553317070007324,9.553317070007324,6.141890048980713,0
2014-09-08,9.553317070007324,9.553317070007324,9.553317070007324,6.141890048980713,0
2014-09-09,9.601517677307129,9.601517677307129,9.601517677307129,6.172878265380859,726
2014-09-10,9.601517677307129,9.601517677307129,9.601517677307129,6.172878265380859,0
2014-09-11,9.601517677307129,9.601517677307129,9.601517677307129,6.172878265380859,0
2014-09-12,9.601517677307129,9.601517677307129,9.601517677307129,6.172878265380859,0
2014-09-15,9.601517677307129,9.601517677307129,9.601517677307129,6.172878265380859,0
2014-09-16,9.601517677307129,9.601517677307129,9.601517677307129,6.172878265380859,0
2014-09-17,9.640077590942383,9.640077590942383,9.640077590942383,6.197668552398682,104
2014-09-18,9.707558631896973,9.707558631896973,9.649718284606934,6.21006441116333,834122
2014-09-19,9.659358024597168,9.659358024597168,9.659358024597168,6.21006441116333,0
2014-09-22,9.61115837097168,9.61115837097168,9.61115837097168,6.179075717926025,104
2014-09-23,9.61115837097168,9.61115837097168,9.61115837097168,6.179075717926025,0
2014-09-24,9.389435768127441,9.389435768127441,9.370156288146973,6.024136066436768,1970938
2014-09-25,9.379796028137207,9.379796028137207,9.379796028137207,6.030333518981934,1037336
2014-09-26,9.379796028137207,9.379796028137207,9.379796028137207,6.030333518981934,0
2014-09-29,9.158074378967285,9.158074378967285,9.158074378967285,5.887786865234375,1853201
2014-09-30,9.186993598937988,9.196634292602539,9.186993598937988,5.906379222869873,829973
2014-10-01,9.283394813537598,9.283394813537598,9.158074378967285,5.887786865234375,1066278
2014-10-02,8.936351776123047,8.936351776123047,8.917072296142578,5.73284387588501,311305
2014-10-03,8.917072296142578,8.917072296142578,8.897791862487793,5.720448970794678,1089825
2014-10-06,9.013472557067871,9.013472557067871,9.013472557067871,5.794820785522461,882565
2014-10-07,8.897791862487793,8.897791862487793,8.888152122497559,5.7142510414123535,1022502
2014-10-08,8.859231948852539,8.965272903442383,8.859231948852539,5.7638349533081055,1213683
2014-10-09,8.743551254272461,8.743551254272461,8.69534969329834,5.590297698974609,1556
2014-10-10,8.830310821533203,8.830310821533203,8.618229866027832,5.540716648101807,31224
2014-10-13,8.618229866027832,8.618229866027832,8.618229866027832,5.540716648101807,0
2014-10-14,8.618229866027832,8.618229866027832,8.618229866027832,5.540716648101807,0
2014-10-15,8.627869606018066,8.627869606018066,8.348307609558105,5.36718225479126,1349
2014-10-16,8.194066047668457,8.194066047668457,8.136225700378418,5.249425888061523,21162
2014-10-17,8.165145874023438,8.165145874023438,8.165145874023438,5.249425888061523,0
2014-10-20,8.582676887512207,8.582676887512207,8.582676887512207,5.649289608001709,2032000
2014-10-21,8.68110179901123,8.759842872619629,8.68110179901123,5.72703218460083,1134059
2014-10-22,8.68110179901123,8.69094467163086,8.622047424316406,5.675203323364258,1664919
2014-10-23,8.730315208435059,8.730315208435059,8.730315208435059,5.746467590332031,1385316
2014-10-24,8.730315208435059,8.730315208435059,8.730315208435059,5.746467590332031,0
2014-10-27,8.730315208435059,8.730315208435059,8.730315208435059,5.746467590332031,0
2014-10-28,8.759842872619629,8.759842872619629,8.759842872619629,5.765903472900391,508
2014-10-29,8.75,8.75,8.710630416870117,5.733511924743652,914
2014-10-30,8.523621559143066,8.523621559143066,8.523621559143066,5.61041784286499,1117600
2014-10-31,8.671259880065918,8.671259880065918,8.671259880065918,5.707597255706787,304800
2014-11-03,8.464567184448242,8.533465385437012,8.464567184448242,5.571547508239746,22758
2014-11-04,8.395668983459473,8.395668983459473,8.32677173614502,5.48084831237793,304902
2014-11-05,8.32677173614502,8.32677173614502,8.32677173614502,5.48084831237793,0
2014-11-06,8.366142272949219,8.366142272949219,8.366142272949219,5.50676155090332,102
2014-11-07,8.129920959472656,8.129920959472656,8.129920959472656,5.35127592086792,609600
2014-11-10,8.218503952026367,8.218503952026367,8.218503952026367,5.409583568572998,102
2014-11-11,8.218503952026367,8.218503952026367,8.218503952026367,5.409583568572998,0
2014-11-12,8.110236167907715,8.129920959472656,8.110236167907715,5.35127592086792,406908
2014-11-13,8.129920959472656,8.129920959472656,8.129920959472656,5.35127592086792,0
2014-11-14,8.25787353515625,8.25787353515625,8.25787353515625,5.435497760772705,305
2014-11-17,8.287402153015137,8.287402153015137,8.277559280395508,5.454934597015381,0
2014-11-18,8.366142272949219,8.366142272949219,8.366142272949219,5.50676155090332,203
2014-11-19,8.464567184448242,8.464567184448242,8.425196647644043,5.571547508239746,0
2014-11-20,8.464567184448242,8.464567184448242,8.464567184448242,5.571547508239746,0
2014-11-21,8.464567184448242,8.464567184448242,8.464567184448242,5.571547508239746,0
2014-11-24,8.464567184448242,8.464567184448242,8.464567184448242,5.571547508239746,0
2014-11-25,8.838582992553711,8.838582992553711,8.838582992553711,5.817731857299805,203
2014-11-26,8.769684791564941,8.769684791564941,8.769684791564941,5.772382736206055,203
2014-11-28,8.848424911499023,8.848424911499023,8.848424911499023,5.824211120605469,3962
2014-12-01,8.848424911499023,8.848424911499023,8.848424911499023,5.824211120605469,0
2014-12-02,8.828740119934082,8.838582992553711,8.828740119934082,5.817731857299805,1422
2014-12-03,8.838582992553711,8.838582992553711,8.838582992553711,5.817731857299805,0
2014-12-04,8.72047233581543,8.72047233581543,8.72047233581543,5.739989280700684,102
2014-12-05,8.72047233581543,8.72047233581543,8.72047233581543,5.739989280700684,0
2014-12-08,8.81889820098877,8.81889820098877,8.81889820098877,5.804774284362793,1321
2014-12-09,8.592519760131836,8.592519760131836,8.592519760131836,5.655768871307373,203
2014-12-10,8.523621559143066,8.523621559143066,8.523621559143066,5.61041784286499,102
2014-12-11,8.553150177001953,8.553150177001953,8.366142272949219,5.50676155090332,406
2014-12-12,8.366142272949219,8.366142272949219,8.366142272949219,5.50676155090332,0
2014-12-15,8.277559280395508,8.277559280395508,8.179134368896484,5.383669853210449,203
2014-12-16,8.120079040527344,8.198819160461426,8.120079040527344,5.3966264724731445,406
2014-12-17,8.198819160461426,8.198819160461426,8.198819160461426,5.3966264724731445,0
2014-12-18,8.198819160461426,8.198819160461426,8.198819160461426,5.3966264724731445,0
2014-12-19,8.464567184448242,8.464567184448242,8.464567184448242,5.571547508239746,4572
2014-12-22,8.4448823928833,8.4448823928833,8.4448823928833,5.558590412139893,4470
2014-12-23,8.4448823928833,8.4448823928833,8.4448823928833,5.558590412139893,0
2014-12-24,8.4448823928833,8.4448823928833,8.4448823928833,5.558590412139893,0
2014-12-26,8.68110179901123,8.68110179901123,8.68110179901123,5.714073657989502,3048
2014-12-29,8.68110179901123,8.68110179901123,8.68110179901123,5.714073657989502,0
2014-12-30,8.68110179901123,8.68110179901123,8.68110179901123,5.714073657989502,0
2014-12-31,8.248030662536621,8.248030662536621,8.169290542602539,5.377191066741943,711
2015-01-02,8.208661079406738,8.287402153015137,8.208661079406738,5.454934597015381,4064
2015-01-05,8.090551376342773,8.090551376342773,7.726377964019775,5.085655689239502,2134
2015-01-06,7.726377964019775,7.726377964019775,7.726377964019775,5.085655689239502,0
2015-01-07,7.706693172454834,7.7165350914001465,7.657479763031006,5.079178810119629,7722
2015-01-08,7.6771650314331055,7.775590896606445,7.312992095947266,4.813558101654053,610
2015-01-09,6.840550899505615,6.840550899505615,6.840550899505615,4.50258731842041,203
2015-01-12,7.234251976013184,7.234251976013184,7.234251976013184,4.7617292404174805,3962
2015-01-13,7.234251976013184,7.234251976013184,7.234251976013184,4.7617292404174805,0
2015-01-14,6.919291019439697,6.929133892059326,6.879920959472656,4.637013912200928,255118
2015-01-15,6.840550899505615,6.879920959472656,6.840550899505615,4.637013912200928,254914
2015-01-16,6.811024188995361,6.811024188995361,6.791338920593262,4.577310562133789,406
2015-01-20,6.929133892059326,6.97834587097168,6.909449100494385,4.703352928161621,355702
2015-01-21,6.879920959472656,6.879920959472656,6.879920959472656,4.637013912200928,721665
2015-01-22,6.929133892059326,6.929133892059326,6.889763832092285,4.64364767074585,77216
2015-01-23,6.811024188995361,6.909449100494385,6.811024188995361,4.610478401184082,1020064
2015-01-26,6.899606227874756,6.899606227874756,6.899606227874756,4.650280475616455,1118
2015-01-27,6.879920959472656,6.889763832092285,6.879920959472656,4.64364767074585,304800
2015-01-28,6.653542995452881,6.653542995452881,6.653542995452881,4.484436988830566,466446
2015-01-29,6.653542995452881,6.653542995452881,6.653542995452881,4.484436988830566,0
2015-01-30,6.653542995452881,6.653542995452881,6.653542995452881,4.484436988830566,0
2015-02-02,6.653542995452881,6.653542995452881,6.653542995452881,4.484436988830566,3150
2015-02-03,6.988189220428467,6.988189220428467,6.988189220428467,4.709986209869385,2134
2015-02-04,6.909449100494385,6.909449100494385,6.909449100494385,4.656916618347168,101702
2015-02-05,6.909449100494385,6.909449100494385,6.909449100494385,4.656916618347168,0
2015-02-06,6.811024188995361,6.811024188995361,6.811024188995361,4.590577602386475,773278
2015-02-09,6.673227787017822,6.683071136474609,6.673227787017822,4.50433874130249,1422
2015-02-10,6.761810779571533,6.761810779571533,6.732283115386963,4.537507057189941,203
2015-02-11,6.6338582038879395,6.66338586807251,6.6338582038879395,4.4910712242126465,294742
2015-02-12,6.66338586807251,6.66338586807251,6.66338586807251,4.4910712242126465,0
2015-02-13,6.66338586807251,6.66338586807251,6.66338586807251,4.4910712242126465,0
2015-02-17,7.08661413192749,7.106298923492432,7.08661413192749,4.7895917892456055,3150
2015-02-18,7.125984191894531,7.125984191894531,7.125984191894531,4.802858352661133,13411
2015-02-19,7.125984191894531,7.125984191894531,7.125984191894531,4.802858352661133,0
2015-02-20,7.175197124481201,7.175197124481201,7.175197124481201,4.836028575897217,711
2015-02-23,7.175197124481201,7.175197124481201,7.175197124481201,4.836028575897217,0
2015-02-24,7.175197124481201,7.175197124481201,7.175197124481201,4.836028575897217,0
2015-02-25,7.175197124481201,7.175197124481201,7.175197124481201,4.836028575897217,0
2015-02-26,7.13582706451416,7.13582706451416,7.13582706451416,4.809492111206055,305
2015-02-27,7.155511856079102,7.185039043426514,7.145668983459473,4.816126823425293,2134
2015-03-02,7.214567184448242,7.214567184448242,7.214567184448242,4.862563133239746,37998
2015-03-03,7.214567184448242,7.214567184448242,7.214567184448242,4.862563133239746,0
2015-03-04,7.1161417961120605,7.1161417961120605,7.1161417961120605,4.796224594116211,203
2015-03-05,7.1161417961120605,7.1161417961120605,7.1161417961120605,4.796224594116211,0
2015-03-06,7.1161417961120605,7.1161417961120605,7.1161417961120605,4.796224594116211,0
2015-03-09,6.958661079406738,6.958661079406738,6.929133892059326,4.670183181762695,10973
2015-03-10,6.72244119644165,6.72244119644165,6.66338586807251,4.4910712242126465,432206
2015-03-11,6.673227787017822,6.673227787017822,6.66338586807251,4.4910712242126465,573024
2015-03-12,6.751968860626221,6.801180839538574,6.72244119644165,4.530873775482178,452831
2015-03-13,6.6338582038879395,6.6338582038879395,6.6338582038879395,4.4711689949035645,101600
2015-03-16,6.72244119644165,6.72244119644165,6.72244119644165,4.530873775482178,2540
2015-03-17,6.72244119644165,6.72244119644165,6.72244119644165,4.530873775482178,0
2015-03-18,6.860236167907715,6.860236167907715,6.860236167907715,4.623745918273926,290576
2015-03-19,6.751968860626221,6.751968860626221,6.751968860626221,4.550775527954102,4877
2015-03-20,7.13582706451416,7.224409103393555,7.13582706451416,4.86919641494751,1450340
2015-03-23,7.303150177001953,7.312992095947266,7.303150177001953,4.922267913818359,152603
2015-03-24,7.440945148468018,7.440945148468018,7.421259880065918,5.001871109008789,1767027
2015-03-25,7.4311017990112305,7.460629940032959,7.342520236968994,4.948802947998047,765353
2015-03-26,7.342520236968994,7.372046947479248,7.342520236968994,4.968703269958496,1066902
2015-03-27,7.588582992553711,7.588582992553711,7.312992095947266,4.928900718688965,203810
2015-03-30,7.4704718589782715,7.4704718589782715,7.45078706741333,5.021772861480713,610
2015-03-31,7.3228349685668945,7.3228349685668945,7.3228349685668945,4.935534477233887,203
2015-04-01,7.3228349685668945,7.3228349685668945,7.3228349685668945,4.935534477233887,0
2015-04-02,7.509842872619629,7.509842872619629,7.509842872619629,5.061576843261719,508
2015-04-06,7.608267784118652,7.608267784118652,7.608267784118652,5.127914905548096,305
2015-04-07,7.608267784118652,7.608267784118652,7.608267784118652,5.127914905548096,0
2015-04-08,7.45078706741333,7.45078706741333,7.4311017990112305,5.0085039138793945,5791
2015-04-09,7.4311017990112305,7.4311017990112305,7.4311017990112305,5.0085039138793945,0
2015-04-10,7.3622050285339355,7.3622050285339355,7.13582706451416,4.855929374694824,28753
2015-04-13,7.204723834991455,7.204723834991455,7.204723834991455,4.855929374694824,0
2015-04-14,7.175197124481201,7.224409103393555,7.145668983459473,4.86919641494751,238354
2015-04-15,7.175197124481201,7.2834649085998535,7.145668983459473,4.908998966217041,4572
2015-04-16,7.13582706451416,7.13582706451416,7.076772212982178,4.769690990447998,305
2015-04-17,6.97834587097168,6.97834587097168,6.870079040527344,4.676815986633301,311506
2015-04-20,6.938975811004639,6.938975811004639,6.938975811004639,4.676815986633301,0
2015-04-21,6.929133892059326,7.007874011993408,6.919291019439697,4.663548469543457,3131515
2015-04-22,6.919291019439697,6.919291019439697,6.919291019439697,4.663548469543457,0
2015-04-23,6.919291019439697,7.007874011993408,6.919291019439697,4.72325325012207,203
2015-04-24,7.13582706451416,7.13582706451416,7.057086944580078,4.796224594116211,81686
2015-04-27,7.204723834991455,7.204723834991455,7.204723834991455,4.855929374694824,264363
2015-04-28,7.204723834991455,7.204723834991455,7.204723834991455,4.855929374694824,0
2015-04-29,7.204723834991455,7.204723834991455,7.204723834991455,4.855929374694824,0
2015-04-30,7.204723834991455,7.204723834991455,7.204723834991455,4.855929374694824,0
2015-05-01,7.204723834991455,7.204723834991455,7.204723834991455,4.855929374694824,0
2015-05-04,7.3622050285339355,7.3622050285339355,7.185039043426514,4.842660903930664,11684
2015-05-05,7.214567184448242,7.214567184448242,7.214567184448242,4.862563133239746,1219
2015-05-06,7.214567184448242,7.214567184448242,7.214567184448242,4.862563133239746,0
2015-05-07,7.214567184448242,7.214567184448242,7.214567184448242,4.862563133239746,0
2015-05-08,7.214567184448242,7.214567184448242,7.214567184448242,4.862563133239746,0
2015-05-11,7.440945148468018,7.440945148468018,7.440945148468018,5.015140056610107,305
2015-05-12,7.440945148468018,7.440945148468018,7.440945148468018,5.015140056610107,0
2015-05-13,7.440945148468018,7.440945148468018,7.440945148468018,5.015140056610107,0
2015-05-14,7.440945148468018,7.440945148468018,7.440945148468018,5.015140056610107,0
2015-05-15,7.381889820098877,7.381889820098877,7.381889820098877,4.97533655166626,3556
2015-05-18,7.352362155914307,7.352362155914307,7.352362155914307,4.955434799194336,102
2015-05-19,7.352362155914307,7.352362155914307,7.352362155914307,4.955434799194336,0
2015-05-20,7.352362155914307,7.352362155914307,7.352362155914307,4.955434799194336,0
2015-05-21,7.352362155914307,7.352362155914307,7.352362155914307,4.955434799194336,0
2015-05-22,7.352362155914307,7.352362155914307,7.352362155914307,4.955434799194336,0
2015-05-26,6.958661079406738,6.958661079406738,6.929133892059326,4.670183181762695,1321
2015-05-27,6.929133892059326,6.929133892059326,6.929133892059326,4.670183181762695,0
2015-05-28,6.929133892059326,6.929133892059326,6.929133892059326,4.670183181762695,0
2015-05-29,6.929133892059326,6.929133892059326,6.929133892059326,4.670183181762695,0
2015-06-01,6.929133892059326,6.929133892059326,6.929133892059326,4.670183181762695,0
2015-06-02,7.13582706451416,7.13582706451416,7.13582706451416,4.809492111206055,102
2015-06-03,7.214567184448242,7.253936767578125,7.204723834991455,4.86919641494751,41656
2015-06-04,7.224409103393555,7.224409103393555,7.224409103393555,4.86919641494751,0
2015-06-05,7.076772212982178,7.1161417961120605,7.076772212982178,4.769690990447998,812902
2015-06-08,7.037402153015137,7.037402153015137,7.037402153015137,4.743155002593994,1422
2015-06-09,7.125984191894531,7.125984191894531,7.125984191894531,4.802858352661133,690880
2015-06-10,7.125984191894531,7.125984191894531,7.125984191894531,4.802858352661133,0
2015-06-11,7.204723834991455,7.204723834991455,7.204723834991455,4.855929374694824,14122
2015-06-12,7.165353775024414,7.165353775024414,7.165353775024414,4.829392910003662,203
2015-06-15,7.165353775024414,7.165353775024414,7.165353775024414,4.829392910003662,0
2015-06-16,6.988189220428467,6.988189220428467,6.988189220428467,4.709986209869385,305
2015-06-17,6.998031139373779,7.007874011993408,6.998031139373779,4.72325325012207,241706
2015-06-18,7.007874011993408,7.007874011993408,7.007874011993408,4.72325325012207,0
2015-06-19,7.007874011993408,7.007874011993408,7.007874011993408,4.72325325012207,0
2015-06-22,7.539370059967041,7.54921293258667,7.539370059967041,5.088111400604248,409651
2015-06-23,7.45078706741333,7.45078706741333,7.45078706741333,5.021772861480713,254102
2015-06-24,7.332676887512207,7.332676887512207,7.303150177001953,4.922267913818359,1930
2015-06-25,7.421259880065918,7.421259880065918,7.421259880065918,5.001871109008789,508
2015-06-26,7.421259880065918,7.421259880065918,7.421259880065918,5.001871109008789,0
2015-06-29,7.02755880355835,7.047244071960449,7.02755880355835,4.749787330627441,406603
2015-06-30,7.037402153015137,7.047244071960449,6.899606227874756,4.729886531829834,2065731
2015-07-01,7.017716884613037,7.017716884613037,7.017716884613037,4.729886531829834,0
2015-07-02,6.948819160461426,7.007874011993408,6.860236167907715,4.72325325012207,10566
2015-07-06,6.584646224975586,6.72244119644165,6.584646224975586,4.464536190032959,465023
2015-07-07,6.535432815551758,6.692913055419922,6.535432815551758,4.510971546173096,457403
2015-07-08,6.624015808105469,6.624015808105469,6.564960956573486,4.424732685089111,304800
2015-07-09,6.564960956573486,6.564960956573486,6.564960956573486,4.424732685089111,0
2015-07-10,7.08661413192749,7.08661413192749,7.08661413192749,4.7763237953186035,406400
2015-07-13,7.057086944580078,7.106298923492432,7.057086944580078,4.7895917892456055,508
2015-07-14,7.106298923492432,7.106298923492432,7.106298923492432,4.7895917892456055,0
2015-07-15,7.1161417961120605,7.1161417961120605,7.1161417961120605,4.796224594116211,101702
2015-07-16,7.1161417961120605,7.1161417961120605,7.1161417961120605,4.796224594116211,0
2015-07-17,7.1161417961120605,7.1161417961120605,7.1161417961120605,4.796224594116211,0
2015-07-20,7.1161417961120605,7.1161417961120605,7.1161417961120605,4.796224594116211,0
2015-07-21,7.1161417961120605,7.1161417961120605,7.1161417961120605,4.796224594116211,0
2015-07-22,7.1161417961120605,7.1161417961120605,7.1161417961120605,4.796224594116211,0
2015-07-23,7.1161417961120605,7.1161417961120605,7.1161417961120605,4.796224594116211,0
2015-07-24,7.007874011993408,7.007874011993408,7.007874011993408,4.72325325012207,4166
2015-07-27,7.007874011993408,7.007874011993408,7.007874011993408,4.72325325012207,0
2015-07-28,7.007874011993408,7.007874011993408,7.007874011993408,4.72325325012207,0
2015-07-29,6.968503952026367,7.696849822998047,6.968503952026367,5.187618732452393,1118
2015-07-30,6.781496047973633,6.781496047973633,6.781496047973633,4.570675849914551,102
2015-07-31,6.751968860626221,6.751968860626221,6.732283115386963,4.537507057189941,305
2015-08-03,6.732283115386963,6.732283115386963,6.732283115386963,4.574288845062256,0
2015-08-04,6.564960956573486,6.564960956573486,6.496063232421875,4.46060037612915,8534
2015-08-05,6.584646224975586,6.584646224975586,6.584646224975586,4.473976135253906,813
2015-08-06,6.732283115386963,6.732283115386963,6.732283115386963,4.574288845062256,20625
2015-08-07,6.653542995452881,6.653542995452881,6.653542995452881,4.520788192749023,7010
2015-08-10,6.653542995452881,6.653542995452881,6.653542995452881,4.520788192749023,0
2015-08-11,6.673227787017822,6.673227787017822,6.574802875518799,4.467288494110107,762406
2015-08-12,6.594488143920898,6.594488143920898,6.525590896606445,4.480663299560547,344932
2015-08-13,6.545276165008545,6.545276165008545,6.545276165008545,4.447226524353027,172720
2015-08-14,6.397637844085693,6.456693172454834,6.397637844085693,4.3870368003845215,254508
2015-08-17,6.456693172454834,6.456693172454834,6.456693172454834,4.3870368003845215,0
2015-08-18,6.456693172454834,6.456693172454834,6.456693172454834,4.3870368003845215,0
2015-08-19,6.456693172454834,6.456693172454834,6.456693172454834,4.3870368003845215,0
2015-08-20,6.456693172454834,6.456693172454834,6.456693172454834,4.3870368003845215,0
2015-08-21,6.20078706741333,6.20078706741333,6.20078706741333,4.213160037994385,1107237
2015-08-24,6.20078706741333,6.20078706741333,6.20078706741333,4.213160037994385,0
2015-08-25,5.925197124481201,5.925197124481201,5.905511856079102,4.0125346183776855,305
2015-08-26,5.846457004547119,5.846457004547119,5.846457004547119,3.9724087715148926,30277
2015-08-27,5.994093894958496,5.994093894958496,5.994093894958496,4.0727219581604,1016
2015-08-28,5.994093894958496,5.994093894958496,5.994093894958496,4.0727219581604,0
2015-08-31,5.994093894958496,5.994093894958496,5.994093894958496,4.0727219581604,0
2015-09-01,5.994093894958496,5.994093894958496,5.994093894958496,4.0727219581604,0
2015-09-02,5.994093894958496,5.994093894958496,5.994093894958496,4.0727219581604,0
2015-09-03,5.994093894958496,5.994093894958496,5.994093894958496,4.0727219581604,0
2015-09-04,5.610236167907715,5.610236167907715,5.610236167907715,3.8119072914123535,56490
2015-09-08,5.610236167907715,5.610236167907715,5.610236167907715,3.8119072914123535,0
2015-09-09,5.905511856079102,5.905511856079102,5.905511856079102,4.0125346183776855,274320
2015-09-10,5.905511856079102,5.905511856079102,5.905511856079102,4.0125346183776855,0
2015-09-11,5.905511856079102,5.905511856079102,5.905511856079102,4.0125346183776855,0
2015-09-14,5.905511856079102,5.905511856079102,5.905511856079102,4.0125346183776855,0
2015-09-15,5.610236167907715,5.610236167907715,5.501968860626221,3.738344192504883,509524
2015-09-16,5.629920959472656,5.629920959472656,5.629920959472656,3.825281858444214,508
2015-09-17,5.708661079406738,5.708661079406738,5.708661079406738,3.8787832260131836,406
2015-09-18,5.570866107940674,5.570866107940674,5.531496047973633,3.7584078311920166,813
2015-09-21,5.531496047973633,5.531496047973633,5.531496047973633,3.7584078311920166,0
2015-09-22,5.531496047973633,5.531496047973633,5.531496047973633,3.7584078311920166,0
2015-09-23,5.118110179901123,5.118110179901123,5.118110179901123,3.477530002593994,7620
2015-09-24,5.167323112487793,5.167323112487793,5.118110179901123,3.477530002593994,203
2015-09-25,5.118110179901123,5.118110179901123,5.118110179901123,3.477530002593994,0
2015-09-28,5.118110179901123,5.118110179901123,5.118110179901123,3.477530002593994,0
2015-09-29,5.118110179901123,5.118110179901123,5.118110179901123,3.477530002593994,0
2015-09-30,5.118110179901123,5.118110179901123,5.118110179901123,3.477530002593994,0
2015-10-01,5.118110179901123,5.118110179901123,5.118110179901123,3.477530002593994,0
2015-10-02,5.118110179901123,5.265748023986816,5.118110179901123,3.5778441429138184,1019353
2015-10-05,5.265748023986816,5.265748023986816,5.265748023986816,3.5778441429138184,0
2015-10-06,5.659449100494385,5.659449100494385,5.659449100494385,3.8453450202941895,203
2015-10-07,5.88582706451416,5.88582706451416,5.88582706451416,3.9991602897644043,102
2015-10-08,5.620079040527344,5.708661079406738,5.620079040527344,3.8787832260131836,409346
2015-10-09,5.708661079406738,5.708661079406738,5.708661079406738,3.8787832260131836,0
2015-10-12,5.708661079406738,5.708661079406738,5.708661079406738,3.8787832260131836,0
2015-10-13,5.610236167907715,5.610236167907715,5.610236167907715,3.8119072914123535,1727
2015-10-14,5.610236167907715,5.610236167907715,5.610236167907715,3.8119072914123535,102
2015-10-15,5.610236167907715,5.610236167907715,5.610236167907715,3.8119072914123535,0
2015-10-16,5.610236167907715,5.610236167907715,5.610236167907715,3.8119072914123535,102
2015-10-19,5.541338920593262,5.551180839538574,5.541338920593262,3.771782875061035,9957
2015-10-20,5.580708980560303,5.610236167907715,5.511810779571533,3.7450320720672607,413004
2015-10-21,5.511810779571533,5.511810779571533,5.511810779571533,3.7450320720672607,0
2015-10-22,5.688975811004639,5.688975811004639,5.688975811004639,3.8654074668884277,406400
2015-10-23,5.688975811004639,5.688975811004639,5.688975811004639,3.8654074668884277,0
2015-10-26,5.561024188995361,5.561024188995361,5.561024188995361,3.778470039367676,203
2015-10-27,5.570866107940674,5.570866107940674,5.570866107940674,3.7851572036743164,45314
2015-10-28,5.580708980560303,5.649606227874756,5.580708980560303,3.8386571407318115,2883611
2015-10-29,5.442913055419922,5.442913055419922,5.442913055419922,3.6982192993164062,3048000
2015-10-30,5.442913055419922,5.442913055419922,5.442913055419922,3.6982192993164062,0
2015-11-02,5.442913055419922,5.442913055419922,5.442913055419922,3.6982192993164062,610
2015-11-03,5.442913055419922,5.442913055419922,5.442913055419922,3.6982192993164062,0
2015-11-04,5.442913055419922,5.442913055419922,5.442913055419922,3.6982192993164062,0
2015-11-05,5.688975811004639,5.688975811004639,5.531496047973633,3.7584078311920166,3048102
2015-11-06,5.492125988006592,5.492125988006592,5.492125988006592,3.731656551361084,1829
2015-11-09,5.492125988006592,5.492125988006592,5.492125988006592,3.731656551361084,0
2015-11-10,5.334646224975586,5.344488143920898,5.334646224975586,3.6313436031341553,3353
2015-11-11,5.344488143920898,5.344488143920898,5.344488143920898,3.6313436031341553,0
2015-11-12,5.344488143920898,5.344488143920898,5.344488143920898,3.6313436031341553,0
2015-11-13,5.118110179901123,5.118110179901123,5.118110179901123,3.477530002593994,1524
2015-11-16,5.118110179901123,5.118110179901123,5.118110179901123,3.477530002593994,0
2015-11-17,5.374015808105469,5.374015808105469,5.374015808105469,3.6514062881469727,305
2015-11-18,5.374015808105469,5.374015808105469,5.374015808105469,3.6514062881469727,0
2015-11-19,5.41338586807251,5.41338586807251,5.374015808105469,3.6514062881469727,3251
2015-11-20,5.305118083953857,5.305118083953857,5.305118083953857,3.6045937538146973,914
2015-11-23,5.393701076507568,5.393701076507568,5.393701076507568,3.6647815704345703,102
2015-11-24,5.393701076507568,5.393701076507568,5.393701076507568,3.6647815704345703,0
2015-11-25,5.393701076507568,5.393701076507568,5.393701076507568,3.6647815704345703,0
2015-11-27,5.393701076507568,5.393701076507568,5.393701076507568,3.6647815704345703,0
2015-11-30,5.393701076507568,5.393701076507568,5.393701076507568,3.6647815704345703,0
2015-12-01,5.393701076507568,5.393701076507568,5.393701076507568,3.6647815704345703,0
2015-12-02,5.393701076507568,5.393701076507568,5.393701076507568,3.6647815704345703,0
2015-12-03,5.393701076507568,5.393701076507568,5.393701076507568,3.6647815704345703,0
2015-12-04,5.285432815551758,5.285432815551758,5.196849822998047,3.531029224395752,71933
2015-12-07,5.196849822998047,5.196849822998047,5.196849822998047,3.531029224395752,0
2015-12-08,5.059054851531982,5.088582992553711,5.059054851531982,3.4574670791625977,61265
2015-12-09,5.088582992553711,5.088582992553711,5.088582992553711,3.4574670791625977,1016
2015-12-10,5.088582992553711,5.088582992553711,5.088582992553711,3.4574670791625977,0
2015-12-11,4.95078706741333,4.95078706741333,4.95078706741333,3.3638410568237305,102
2015-12-14,4.842520236968994,4.842520236968994,4.832676887512207,3.2835896015167236,203
2015-12-15,4.832676887512207,4.872046947479248,4.832676887512207,3.310340404510498,2743
2015-12-16,4.881889820098877,5.04921293258667,4.881889820098877,3.4307162761688232,55677
2015-12-17,5.04921293258667,5.04921293258667,5.04921293258667,3.4307162761688232,0
2015-12-18,4.911417007446289,4.911417007446289,4.911417007446289,3.337090492248535,305
2015-12-21,4.872046947479248,4.872046947479248,4.694881916046143,3.18996524810791,4166
2015-12-22,4.694881916046143,4.694881916046143,4.694881916046143,3.18996524810791,0
2015-12-23,4.694881916046143,4.694881916046143,4.694881916046143,3.18996524810791,0
2015-12-24,4.95078706741333,4.95078706741333,4.95078706741333,3.3638410568237305,508
2015-12-28,4.8622050285339355,4.921259880065918,4.8228349685668945,3.343778371810913,3759
2015-12-29,4.832676887512207,4.832676887512207,4.832676887512207,3.2835896015167236,203
2015-12-30,4.763780117034912,4.763780117034912,4.753936767578125,3.2300896644592285,20726
2015-12-31,4.753936767578125,4.753936767578125,4.753936767578125,3.2300896644592285,0
2016-01-04,4.753936767578125,4.753936767578125,4.753936767578125,3.2300896644592285,78842
2016-01-05,4.498031139373779,4.537402153015137,4.498031139373779,3.0829641819000244,2032
2016-01-06,4.537402153015137,4.537402153015137,4.537402153015137,3.0829641819000244,0
2016-01-07,4.330708980560303,4.330708980560303,4.330708980560303,2.9425253868103027,813
2016-01-08,4.330708980560303,4.330708980560303,4.330708980560303,2.9425253868103027,0
2016-01-11,4.281496047973633,4.281496047973633,4.281496047973633,2.9090874195098877,3861
2016-01-12,4.281496047973633,4.281496047973633,4.281496047973633,2.9090874195098877,0
2016-01-13,4.281496047973633,4.281496047973633,4.281496047973633,2.9090874195098877,0
2016-01-14,4.301180839538574,4.301180839538574,4.301180839538574,2.9224627017974854,254000
2016-01-15,4.301180839538574,4.301180839538574,4.301180839538574,2.9224627017974854,0
2016-01-19,4.301180839538574,4.301180839538574,4.301180839538574,2.9224627017974854,0
2016-01-20,4.064960956573486,4.064960956573486,4.064960956573486,2.7619614601135254,102
2016-01-21,3.907480001449585,3.907480001449585,3.907480001449585,2.6549594402313232,1524
2016-01-22,3.907480001449585,3.907480001449585,3.907480001449585,2.6549594402313232,2032
2016-01-25,3.907480001449585,3.907480001449585,3.907480001449585,2.6549594402313232,0
2016-01-26,3.907480001449585,3.907480001449585,3.907480001449585,2.6549594402313232,15646
2016-01-27,4.064960956573486,4.064960956573486,4.025590896606445,2.735210418701172,1626
2016-01-28,4.143701076507568,4.330708980560303,4.143701076507568,2.9425253868103027,2438
2016-01-29,4.330708980560303,4.330708980560303,4.330708980560303,2.9425253868103027,0
2016-02-01,4.045276165008545,4.045276165008545,4.045276165008545,2.782738447189331,21234
2016-02-02,4.045276165008545,4.045276165008545,4.045276165008545,2.782738447189331,0
2016-02-03,3.789370059967041,3.789370059967041,3.789370059967041,2.606700897216797,152400
2016-02-04,4.045276165008545,4.045276165008545,4.045276165008545,2.782738447189331,2032
2016-02-05,4.045276165008545,4.045276165008545,4.045276165008545,2.782738447189331,152400
2016-02-08,3.9370079040527344,3.9370079040527344,3.7795279026031494,2.6879489421844482,1055827
2016-02-09,3.75,3.75,3.75,2.579618215560913,367386
2016-02-10,3.740156888961792,3.740156888961792,3.740156888961792,2.572847366333008,2032
2016-02-11,3.582676887512207,3.582676887512207,3.582676887512207,2.464517593383789,2540
2016-02-12,3.996062994003296,3.996062994003296,3.996062994003296,2.748884916305542,1524
2016-02-16,3.996062994003296,3.996062994003296,3.996062994003296,2.748884916305542,0
2016-02-17,3.996062994003296,3.996062994003296,3.996062994003296,2.748884916305542,0
2016-02-18,3.996062994003296,3.996062994003296,3.996062994003296,2.748884916305542,0
2016-02-19,3.622046947479248,3.622046947479248,3.622046947479248,2.4915997982025146,152502
2016-02-22,3.622046947479248,3.622046947479248,3.622046947479248,2.4915997982025146,0
2016-02-23,3.622046947479248,3.622046947479248,3.622046947479248,2.4915997982025146,0
2016-02-24,3.79921293258667,3.79921293258667,3.79921293258667,2.613471746444702,102
2016-02-25,3.79921293258667,3.79921293258667,3.79921293258667,2.613471746444702,0
2016-02-26,3.79921293258667,3.79921293258667,3.79921293258667,2.613471746444702,0
2016-02-29,3.79921293258667,3.79921293258667,3.79921293258667,2.613471746444702,0
2016-03-01,3.79921293258667,3.79921293258667,3.79921293258667,2.613471746444702,0
2016-03-02,4.251968860626221,4.251968860626221,4.143701076507568,2.850445032119751,141122
2016-03-03,4.143701076507568,4.143701076507568,4.143701076507568,2.850445032119751,0
2016-03-04,4.143701076507568,4.143701076507568,4.143701076507568,2.850445032119751,0
2016-03-07,4.143701076507568,4.143701076507568,4.143701076507568,2.850445032119751,0
2016-03-08,4.143701076507568,4.143701076507568,4.143701076507568,2.850445032119751,0
2016-03-09,4.143701076507568,4.143701076507568,4.143701076507568,2.850445032119751,0
2016-03-10,4.744093894958496,4.744093894958496,4.498031139373779,3.0941879749298096,5588
2016-03-11,4.498031139373779,4.498031139373779,4.498031139373779,3.0941879749298096,0
2016-03-14,4.498031139373779,4.498031139373779,4.498031139373779,3.0941879749298096,0
2016-03-15,4.498031139373779,4.498031139373779,4.498031139373779,3.0941879749298096,0
2016-03-16,4.498031139373779,4.498031139373779,4.498031139373779,3.0941879749298096,0
2016-03-17,4.566928863525391,4.566928863525391,4.566928863525391,3.141582489013672,305
2016-03-18,4.566928863525391,4.566928863525391,4.566928863525391,3.141582489013672,0
2016-03-21,4.566928863525391,4.566928863525391,4.566928863525391,3.141582489013672,0
2016-03-22,4.448819160461426,4.537402153015137,4.448819160461426,3.0603346824645996,10770
2016-03-23,4.448819160461426,4.448819160461426,4.448819160461426,3.0603346824645996,0
2016-03-24,4.379920959472656,4.379920959472656,4.379920959472656,3.0129401683807373,69901
2016-03-28,4.379920959472656,4.379920959472656,4.379920959472656,3.0129401683807373,0
2016-03-29,4.232283115386963,4.261810779571533,4.232283115386963,2.931691884994507,28550
2016-03-30,4.429133892059326,4.429133892059326,4.429133892059326,3.0467934608459473,508
2016-03-31,4.22244119644165,4.22244119644165,4.22244119644165,2.9046096801757812,203
2016-04-01,4.22244119644165,4.22244119644165,4.22244119644165,2.9046096801757812,0
2016-04-04,4.22244119644165,4.22244119644165,4.22244119644165,2.9046096801757812,0
2016-04-05,4.045276165008545,4.045276165008545,4.045276165008545,2.782738447189331,1444549
2016-04-06,4.045276165008545,4.045276165008545,4.045276165008545,2.782738447189331,0
2016-04-07,4.045276165008545,4.045276165008545,4.045276165008545,2.782738447189331,0
2016-04-08,4.045276165008545,4.045276165008545,4.045276165008545,2.782738447189331,0
2016-04-11,4.045276165008545,4.045276165008545,4.045276165008545,2.782738447189331,0
2016-04-12,4.045276165008545,4.045276165008545,4.045276165008545,2.782738447189331,0
2016-04-13,4.045276165008545,4.045276165008545,4.045276165008545,2.782738447189331,0
2016-04-14,4.52755880355835,4.52755880355835,4.52755880355835,3.114499568939209,40030
2016-04-15,4.52755880355835,4.52755880355835,4.52755880355835,3.114499568939209,0
2016-04-18,4.52755880355835,4.52755880355835,4.52755880355835,3.114499568939209,0
2016-04-19,4.52755880355835,4.52755880355835,4.52755880355835,3.114499568939209,0
2016-04-20,4.52755880355835,4.52755880355835,4.52755880355835,3.114499568939209,0
2016-04-21,4.852362155914307,4.852362155914307,4.852362155914307,3.3379311561584473,101702
2016-04-22,4.753936767578125,4.773622035980225,4.753936767578125,3.283766269683838,914
2016-04-25,4.773622035980225,4.773622035980225,4.773622035980225,3.283766269683838,0
2016-04-26,4.891732215881348,4.891732215881348,4.891732215881348,3.3650143146514893,1321
2016-04-27,4.95078706741333,4.95078706741333,4.95078706741333,3.405637741088867,1016
2016-04-28,4.921259880065918,5.246063232421875,4.921259880065918,3.650120973587036,813
2016-04-29,5.246063232421875,5.246063232421875,5.246063232421875,3.650120973587036,0
2016-05-02,5.246063232421875,5.246063232421875,5.246063232421875,3.650120973587036,0
2016-05-03,5.246063232421875,5.246063232421875,5.246063232421875,3.650120973587036,0
2016-05-04,5.246063232421875,5.246063232421875,5.246063232421875,3.650120973587036,0
2016-05-05,5.246063232421875,5.246063232421875,5.246063232421875,3.650120973587036,0
2016-05-06,4.438975811004639,4.438975811004639,4.350393772125244,3.0269289016723633,32715
2016-05-09,4.350393772125244,4.350393772125244,4.350393772125244,3.0269289016723633,0
2016-05-10,4.350393772125244,4.350393772125244,4.350393772125244,3.0269289016723633,0
2016-05-11,4.507874011993408,4.507874011993408,4.507874011993408,3.1365015506744385,84938
2016-05-12,4.498031139373779,4.498031139373779,4.409449100494385,3.068018913269043,610
2016-05-13,4.507874011993408,4.517716884613037,4.507874011993408,3.1433496475219727,487680
2016-05-16,4.517716884613037,4.517716884613037,4.517716884613037,3.1433496475219727,0
2016-05-17,4.517716884613037,4.517716884613037,4.517716884613037,3.1433496475219727,0
2016-05-18,4.517716884613037,4.517716884613037,4.517716884613037,3.1433496475219727,0
2016-05-19,4.58661413192749,4.596457004547119,4.389763832092285,3.0543222427368164,246685
2016-05-20,4.458661079406738,4.458661079406738,4.458661079406738,3.102259635925293,610
2016-05-23,4.458661079406738,4.458661079406738,4.458661079406738,3.102259635925293,0
2016-05-24,4.744093894958496,4.744093894958496,4.744093894958496,3.30085825920105,2032
2016-05-25,4.7834649085998535,4.7834649085998535,4.7834649085998535,3.3282530307769775,406
2016-05-26,4.724409103393555,4.724409103393555,4.645668983459473,3.2323763370513916,3048
2016-05-27,4.645668983459473,4.645668983459473,4.645668983459473,3.2323763370513916,0
2016-05-31,4.645668983459473,4.645668983459473,4.645668983459473,3.2323763370513916,0
2016-06-01,4.645668983459473,4.645668983459473,4.645668983459473,3.2323763370513916,0
2016-06-02,4.468503952026367,4.468503952026367,4.468503952026367,3.1091082096099854,561848
2016-06-03,4.468503952026367,4.468503952026367,4.468503952026367,3.1091082096099854,0
2016-06-06,4.468503952026367,4.468503952026367,4.468503952026367,3.1091082096099854,0
2016-06-07,4.488189220428467,4.488189220428467,4.488189220428467,3.1228041648864746,102
2016-06-08,4.488189220428467,4.488189220428467,4.488189220428467,3.1228041648864746,6096
2016-06-09,4.488189220428467,4.488189220428467,4.488189220428467,3.1228041648864746,0
2016-06-10,4.488189220428467,4.488189220428467,4.488189220428467,3.1228041648864746,0
2016-06-13,4.488189220428467,4.488189220428467,4.488189220428467,3.1228041648864746,0
2016-06-14,4.074802875518799,4.074802875518799,4.015748023986816,2.800936460494995,996391
2016-06-15,4.055118083953857,4.064960956573486,4.015748023986816,2.8283300399780273,790346
2016-06-16,4.064960956573486,4.064960956573486,4.064960956573486,2.8283300399780273,0
2016-06-17,4.251968860626221,4.251968860626221,4.251968860626221,2.958446741104126,33223
2016-06-20,4.251968860626221,4.251968860626221,4.251968860626221,2.958446741104126,0
2016-06-21,4.251968860626221,4.251968860626221,4.251968860626221,2.958446741104126,0
2016-06-22,4.370079040527344,4.370079040527344,4.370079040527344,3.040625810623169,1219
2016-06-23,4.58661413192749,4.58661413192749,4.58661413192749,3.1912875175476074,8026
2016-06-24,3.7303149700164795,3.7303149700164795,3.7204720973968506,2.5886406898498535,3933444
2016-06-27,3.7204720973968506,3.7204720973968506,3.7204720973968506,2.5886406898498535,0
2016-06-28,3.7204720973968506,3.7204720973968506,3.7204720973968506,2.5886406898498535,0
2016-06-29,3.828739881515503,3.956692934036255,3.828739881515503,2.7529990673065186,5588
2016-06-30,3.956692934036255,3.956692934036255,3.956692934036255,2.7529990673065186,0
2016-07-01,3.956692934036255,3.956692934036255,3.956692934036255,2.7529990673065186,0
2016-07-05,3.956692934036255,3.956692934036255,3.956692934036255,2.7529990673065186,0
2016-07-06,3.592519998550415,3.6417319774627686,3.592519998550415,2.5338544845581055,1930
2016-07-07,3.6417319774627686,3.6417319774627686,3.6417319774627686,2.5338544845581055,0
2016-07-08,3.6417319774627686,3.6417319774627686,3.6417319774627686,2.5338544845581055,0
2016-07-11,3.8484249114990234,3.8484249114990234,3.8484249114990234,2.6776676177978516,363220
2016-07-12,3.8484249114990234,3.8484249114990234,3.8484249114990234,2.6776676177978516,0
2016-07-13,4.025590896606445,4.025590896606445,4.025590896606445,2.800936460494995,1727
2016-07-14,4.104331016540527,4.104331016540527,4.104331016540527,2.8557231426239014,610
2016-07-15,4.104331016540527,4.104331016540527,4.104331016540527,2.8557231426239014,0
2016-07-18,4.104331016540527,4.104331016540527,4.104331016540527,2.8557231426239014,0
2016-07-19,4.104331016540527,4.104331016540527,4.104331016540527,2.8557231426239014,10465
2016-07-20,4.104331016540527,4.104331016540527,4.104331016540527,2.8557231426239014,0
2016-07-21,4.11417293548584,4.153542995452881,4.055118083953857,2.889963388442993,612343
2016-07-22,4.153542995452881,4.153542995452881,4.153542995452881,2.889963388442993,0
2016-07-25,4.153542995452881,4.153542995452881,4.153542995452881,2.889963388442993,0
2016-07-26,4.153542995452881,4.153542995452881,4.153542995452881,2.889963388442993,0
2016-07-27,4.153542995452881,4.153542995452881,4.153542995452881,2.931645631790161,0
2016-07-28,4.153542995452881,4.153542995452881,4.153542995452881,2.931645631790161,0
2016-07-29,4.153542995452881,4.153542995452881,4.153542995452881,2.931645631790161,0
2016-08-01,4.153542995452881,4.153542995452881,4.153542995452881,2.931645631790161,0
2016-08-02,4.153542995452881,4.153542995452881,4.153542995452881,2.931645631790161,0
2016-08-03,4.153542995452881,4.153542995452881,4.153542995452881,2.931645631790161,660400
2016-08-04,4.153542995452881,4.153542995452881,4.153542995452881,2.931645631790161,0
2016-08-05,4.153542995452881,4.153542995452881,4.153542995452881,2.931645631790161,0
2016-08-08,4.005906105041504,4.005906105041504,4.005906105041504,2.8274407386779785,4775
2016-08-09,4.005906105041504,4.005906105041504,4.005906105041504,2.8274407386779785,6299
2016-08-10,4.005906105041504,4.005906105041504,4.005906105041504,2.8274407386779785,0
2016-08-11,4.005906105041504,4.005906105041504,4.005906105041504,2.8274407386779785,0
2016-08-12,4.448819160461426,4.448819160461426,4.448819160461426,3.140057325363159,203
2016-08-15,4.448819160461426,4.448819160461426,4.448819160461426,3.140057325363159,0
2016-08-16,4.448819160461426,4.448819160461426,4.448819160461426,3.140057325363159,15748
2016-08-17,4.448819160461426,4.448819160461426,4.448819160461426,3.140057325363159,0
2016-08-18,4.448819160461426,4.448819160461426,4.448819160461426,3.140057325363159,0
2016-08-19,4.448819160461426,4.448819160461426,4.448819160461426,3.140057325363159,0
2016-08-22,4.251968860626221,4.251968860626221,3.917323112487793,2.7649178504943848,1626
2016-08-23,4.074802875518799,4.192913055419922,4.074802875518799,2.9594345092773438,1118
2016-08-24,4.281496047973633,4.281496047973633,4.281496047973633,3.0219573974609375,102
2016-08-25,4.281496047973633,4.281496047973633,4.281496047973633,3.0219573974609375,0
2016-08-26,4.104331016540527,4.104331016540527,4.104331016540527,2.896911382675171,711
2016-08-29,4.104331016540527,4.104331016540527,4.104331016540527,2.896911382675171,0
2016-08-30,4.104331016540527,4.104331016540527,4.104331016540527,2.896911382675171,0
2016-08-31,4.104331016540527,4.104331016540527,4.104331016540527,2.896911382675171,0
2016-09-01,4.320866107940674,4.320866107940674,4.320866107940674,3.049746036529541,406
2016-09-02,4.429133892059326,4.429133892059326,4.429133892059326,3.1261627674102783,102
2016-09-06,4.704723834991455,4.704723834991455,4.704723834991455,3.3206794261932373,1016
2016-09-07,4.704723834991455,4.704723834991455,4.704723834991455,3.3206794261932373,0
2016-09-08,4.704723834991455,4.704723834991455,4.704723834991455,3.3206794261932373,0
2016-09-09,4.52755880355835,4.52755880355835,4.52755880355835,3.1956326961517334,240182
2016-09-12,4.52755880355835,4.52755880355835,4.52755880355835,3.1956326961517334,0
2016-09-13,4.52755880355835,4.52755880355835,4.52755880355835,3.1956326961517334,0
2016-09-14,4.360236167907715,4.360236167907715,4.360236167907715,3.077533006668091,37490
2016-09-15,4.360236167907715,4.360236167907715,4.360236167907715,3.077533006668091,0
2016-09-16,4.360236167907715,4.360236167907715,4.360236167907715,3.077533006668091,0
2016-09-19,4.360236167907715,4.360236167907715,4.360236167907715,3.077533006668091,0
2016-09-20,4.360236167907715,4.360236167907715,4.360236167907715,3.077533006668091,0
2016-09-21,4.360236167907715,4.360236167907715,4.360236167907715,3.077533006668091,0
2016-09-22,4.360236167907715,4.360236167907715,4.360236167907715,3.077533006668091,0
2016-09-23,4.360236167907715,4.360236167907715,4.360236167907715,3.077533006668091,0
2016-09-26,4.360236167907715,4.360236167907715,4.360236167907715,3.077533006668091,0
2016-09-27,4.360236167907715,4.360236167907715,4.360236167907715,3.077533006668091,0
2016-09-28,4.429133892059326,4.429133892059326,4.429133892059326,3.1261627674102783,509016
2016-09-29,4.143701076507568,4.143701076507568,4.143701076507568,2.924699544906616,102
2016-09-30,4.212597846984863,4.212597846984863,4.212597846984863,2.973327875137329,102
2016-10-03,4.212597846984863,4.212597846984863,4.212597846984863,2.973327875137329,0
2016-10-04,4.281496047973633,4.281496047973633,4.281496047973633,3.0219573974609375,519481
2016-10-05,4.281496047973633,4.281496047973633,4.281496047973633,3.0219573974609375,0
2016-10-06,4.399606227874756,4.399606227874756,4.330708980560303,3.0566928386688232,508
2016-10-07,4.330708980560303,4.330708980560303,4.330708980560303,3.0566928386688232,0
2016-10-10,4.330708980560303,4.330708980560303,4.330708980560303,3.0566928386688232,0
2016-10-11,4.330708980560303,4.330708980560303,4.330708980560303,3.0566928386688232,0
2016-10-12,4.468503952026367,4.468503952026367,4.468503952026367,3.1539509296417236,102
2016-10-13,4.153542995452881,4.212597846984863,4.153542995452881,2.9524877071380615,4470
2016-10-14,4.183071136474609,4.183071136474609,4.183071136474609,2.9524877071380615,0
2016-10-17,4.183071136474609,4.183071136474609,4.183071136474609,2.9524877071380615,0
2016-10-18,4.183071136474609,4.183071136474609,4.183071136474609,2.9524877071380615,0
2016-10-19,4.429133892059326,4.429133892059326,4.399606227874756,3.1261627674102783,1321
2016-10-20,4.606298923492432,4.606298923492432,4.606298923492432,3.251209259033203,40640
2016-10-21,4.606298923492432,4.606298923492432,4.606298923492432,3.251209259033203,682752
2016-10-24,4.793306827545166,4.793306827545166,4.793306827545166,3.383201837539673,448462
2016-10-25,4.793306827545166,4.793306827545166,4.793306827545166,3.383201837539673,123952
2016-10-26,4.793306827545166,4.793306827545166,4.793306827545166,3.383201837539673,0
2016-10-27,4.793306827545166,4.793306827545166,4.793306827545166,3.383201837539673,0
2016-10-28,4.793306827545166,4.793306827545166,4.793306827545166,3.383201837539673,0
2016-10-31,4.793306827545166,4.793306827545166,4.793306827545166,3.383201837539673,0
2016-11-01,4.793306827545166,4.793306827545166,4.793306827545166,3.383201837539673,0
2016-11-02,4.793306827545166,4.793306827545166,4.793306827545166,3.383201837539673,0
2016-11-03,4.793306827545166,4.793306827545166,4.793306827545166,3.383201837539673,0
2016-11-04,4.793306827545166,4.793306827545166,4.793306827545166,3.383201837539673,0
2016-11-07,4.596457004547119,4.596457004547119,4.596457004547119,3.244262456893921,102
2016-11-08,4.596457004547119,4.596457004547119,4.596457004547119,3.244262456893921,0
2016-11-09,4.596457004547119,4.596457004547119,4.596457004547119,3.244262456893921,0
2016-11-10,4.596457004547119,4.596457004547119,4.596457004547119,3.244262456893921,0
2016-11-11,4.52755880355835,4.52755880355835,4.52755880355835,3.1956326961517334,4572
2016-11-14,4.52755880355835,4.52755880355835,4.52755880355835,3.1956326961517334,0
2016-11-15,4.498031139373779,4.498031139373779,4.498031139373779,3.1747920513153076,610
2016-11-16,4.498031139373779,4.498031139373779,4.498031139373779,3.1747920513153076,610819
2016-11-17,4.498031139373779,4.498031139373779,4.47834587097168,3.1608972549438477,2845
2016-11-18,4.429133892059326,4.429133892059326,4.360236167907715,3.077533006668091,23165
2016-11-21,4.360236167907715,4.360236167907715,4.360236167907715,3.077533006668091,0
2016-11-22,4.360236167907715,4.360236167907715,4.360236167907715,3.077533006668091,0
2016-11-23,4.409449100494385,4.438975811004639,4.409449100494385,3.1331090927124023,3048
2016-11-25,4.438975811004639,4.438975811004639,4.438975811004639,3.1331090927124023,0
2016-11-28,4.438975811004639,4.438975811004639,4.438975811004639,3.1331090927124023,0
2016-11-29,4.438975811004639,4.438975811004639,4.438975811004639,3.1331090927124023,0
2016-11-30,4.438975811004639,4.438975811004639,4.438975811004639,3.1331090927124023,0
2016-12-01,4.438975811004639,4.438975811004639,4.438975811004639,3.1331090927124023,0
2016-12-02,4.370079040527344,4.370079040527344,4.370079040527344,3.0844810009002686,30683
2016-12-05,4.370079040527344,4.370079040527344,4.370079040527344,3.0844810009002686,0
2016-12-06,4.7834649085998535,4.7834649085998535,4.714567184448242,3.3276264667510986,691286
2016-12-07,4.714567184448242,4.714567184448242,4.714567184448242,3.3276264667510986,0
2016-12-08,5.108267784118652,5.127953052520752,4.9704718589782715,3.508249282836914,48666
2016-12-09,4.921259880065918,4.921259880065918,4.921259880065918,3.4735140800476074,305
2016-12-12,4.921259880065918,4.921259880065918,4.921259880065918,3.4735140800476074,25400
2016-12-13,5.059054851531982,5.059054851531982,5.059054851531982,3.570772171020508,203
2016-12-14,5.059054851531982,5.059054851531982,5.059054851531982,3.570772171020508,487782
2016-12-15,5.059054851531982,5.059054851531982,5.059054851531982,3.570772171020508,0
2016-12-16,5.019684791564941,5.019684791564941,5.019684791564941,3.5429847240448,3759
2016-12-19,4.9311017990112305,4.9311017990112305,4.9311017990112305,3.4804608821868896,26822
2016-12-20,4.940945148468018,4.960629940032959,4.940945148468018,3.501302480697632,316179
2016-12-21,4.9704718589782715,4.9704718589782715,4.9704718589782715,3.508249282836914,305
2016-12-22,4.9704718589782715,4.9704718589782715,4.9704718589782715,3.508249282836914,15748
2016-12-23,4.9704718589782715,4.9704718589782715,4.9704718589782715,3.508249282836914,0
2016-12-27,4.990157127380371,4.990157127380371,4.990157127380371,3.5221431255340576,1219
2016-12-28,4.8622050285339355,4.8622050285339355,4.8622050285339355,3.4318323135375977,203
2016-12-29,4.921259880065918,4.921259880065918,4.921259880065918,3.4735140800476074,813
2016-12-30,4.960629940032959,4.980315208435059,4.960629940032959,3.5151970386505127,1118
2017-01-03,4.980315208435059,4.980315208435059,4.980315208435059,3.5151970386505127,9042
2017-01-04,4.980315208435059,4.980315208435059,4.980315208435059,3.5151970386505127,0
2017-01-05,4.980315208435059,4.980315208435059,4.980315208435059,3.5151970386505127,0
2017-01-06,4.980315208435059,4.980315208435059,4.980315208435059,3.5151970386505127,0
2017-01-09,4.980315208435059,4.980315208435059,4.980315208435059,3.5151970386505127,0
2017-01-10,4.980315208435059,4.980315208435059,4.980315208435059,3.5151970386505127,0
2017-01-11,4.980315208435059,4.980315208435059,4.980315208435059,3.5151970386505127,0
2017-01-12,5.305118083953857,5.305118083953857,5.305118083953857,3.7444489002227783,609600
2017-01-13,5.196849822998047,5.196849822998047,5.196849822998047,3.6680305004119873,75184
2017-01-17,5.196849822998047,5.196849822998047,5.196849822998047,3.6680305004119873,0
2017-01-18,5.433071136474609,5.433071136474609,5.433071136474609,3.834759473800659,2032
2017-01-19,5.433071136474609,5.433071136474609,5.433071136474609,3.834759473800659,0
2017-01-20,5.344488143920898,5.344488143920898,5.344488143920898,3.7722373008728027,160630
2017-01-23,5.275590896606445,5.275590896606445,5.275590896606445,3.723606586456299,406
2017-01-24,5.41338586807251,5.41338586807251,5.41338586807251,3.820866823196411,2235
2017-01-25,5.462597846984863,5.462597846984863,5.462597846984863,3.855600118637085,6299
2017-01-26,5.639763832092285,5.797244071960449,5.639763832092285,4.091800689697266,1422
2017-01-27,5.797244071960449,5.797244071960449,5.797244071960449,4.091800689697266,0
2017-01-30,5.36417293548584,5.36417293548584,5.36417293548584,3.82443904876709,204013
2017-01-31,5.462597846984863,5.462597846984863,5.462597846984863,3.8946123123168945,5283
2017-02-01,5.462597846984863,5.462597846984863,5.462597846984863,3.8946123123168945,0
2017-02-02,5.462597846984863,5.462597846984863,5.462597846984863,3.8946123123168945,214782
2017-02-03,5.531496047973633,5.531496047973633,5.531496047973633,3.943734884262085,711
2017-02-06,5.531496047973633,5.531496047973633,5.531496047973633,3.943734884262085,0
2017-02-07,5.531496047973633,5.531496047973633,5.531496047973633,3.943734884262085,355600
2017-02-08,5.275590896606445,5.305118083953857,5.255906105041504,3.7542667388916016,27127
2017-02-09,5.265748023986816,5.265748023986816,5.265748023986816,3.7542667388916016,0
2017-02-10,5.275590896606445,5.442913055419922,5.275590896606445,3.8805787563323975,204216
2017-02-13,5.442913055419922,5.442913055419922,5.442913055419922,3.8805787563323975,0
2017-02-14,5.305118083953857,5.305118083953857,5.305118083953857,3.782336473464966,279806
2017-02-15,5.305118083953857,5.305118083953857,5.305118083953857,3.782336473464966,0
2017-02-16,5.305118083953857,5.305118083953857,5.305118083953857,3.782336473464966,34544
2017-02-17,5.305118083953857,5.305118083953857,5.305118083953857,3.782336473464966,0
2017-02-21,5.305118083953857,5.305118083953857,5.305118083953857,3.782336473464966,0
2017-02-22,5.2165350914001465,5.2165350914001465,5.2165350914001465,3.7191803455352783,1016
2017-02-23,5.2165350914001465,5.2165350914001465,5.2165350914001465,3.7191803455352783,737210
2017-02-24,5.098424911499023,5.098424911499023,5.098424911499023,3.634971857070923,342189
2017-02-27,5.098424911499023,5.098424911499023,5.098424911499023,3.634971857070923,0
2017-02-28,5.098424911499023,5.098424911499023,5.098424911499023,3.634971857070923,0
2017-03-01,5.098424911499023,5.098424911499023,5.098424911499023,3.634971857070923,0
2017-03-02,5.295276165008545,5.295276165008545,5.295276165008545,3.7753186225891113,813
2017-03-03,5.3838582038879395,5.3838582038879395,5.3838582038879395,3.8384735584259033,2235
2017-03-06,5.3838582038879395,5.3838582038879395,5.3838582038879395,3.8384735584259033,0
2017-03-07,5.3838582038879395,5.3838582038879395,5.3838582038879395,3.8384735584259033,0
2017-03-08,5.698819160461426,5.787402153015137,5.698819160461426,4.126184940338135,3658
2017-03-09,5.561024188995361,5.561024188995361,5.561024188995361,3.9647867679595947,1422
2017-03-10,5.561024188995361,5.561024188995361,5.561024188995361,3.9647867679595947,23470
2017-03-13,5.561024188995361,5.561024188995361,5.561024188995361,3.9647867679595947,0
2017-03-14,5.561024188995361,5.561024188995361,5.561024188995361,3.9647867679595947,3048
2017-03-15,5.561024188995361,5.561024188995361,5.561024188995361,3.9647867679595947,0
2017-03-16,5.561024188995361,5.561024188995361,5.561024188995361,3.9647867679595947,23470
2017-03-17,5.561024188995361,5.561024188995361,5.561024188995361,3.9647867679595947,0
2017-03-20,5.561024188995361,5.561024188995361,5.561024188995361,3.9647867679595947,0
2017-03-21,5.561024188995361,5.561024188995361,5.561024188995361,3.9647867679595947,2032
2017-03-22,5.915353775024414,5.915353775024414,5.915353775024414,4.217409133911133,610
2017-03-23,5.915353775024414,5.915353775024414,5.915353775024414,4.217409133911133,0
2017-03-24,5.915353775024414,5.915353775024414,5.915353775024414,4.217409133911133,173126
2017-03-27,5.915353775024414,5.915353775024414,5.915353775024414,4.217409133911133,0
2017-03-28,5.944881916046143,6.289370059967041,5.944881916046143,4.266531467437744,1016
2017-03-29,6.043306827545166,6.043306827545166,6.043306827545166,4.308635234832764,336906
2017-03-30,5.925197124481201,5.925197124481201,5.925197124481201,4.224427223205566,508
2017-03-31,5.905511856079102,5.905511856079102,5.905511856079102,4.21039342880249,102
2017-04-03,5.905511856079102,5.905511856079102,5.905511856079102,4.21039342880249,2337
2017-04-04,5.757874011993408,5.757874011993408,5.757874011993408,4.10513162612915,508
2017-04-05,5.757874011993408,5.757874011993408,5.757874011993408,4.10513162612915,0
2017-04-06,5.757874011993408,5.757874011993408,5.757874011993408,4.10513162612915,0
2017-04-07,5.757874011993408,5.757874011993408,5.757874011993408,4.10513162612915,0
2017-04-10,5.757874011993408,5.757874011993408,5.757874011993408,4.10513162612915,0
2017-04-11,5.757874011993408,5.757874011993408,5.757874011993408,4.10513162612915,0
2017-04-12,5.757874011993408,5.757874011993408,5.757874011993408,4.10513162612915,0
2017-04-13,5.757874011993408,5.757874011993408,5.757874011993408,4.10513162612915,0
2017-04-17,5.757874011993408,5.757874011993408,5.757874011993408,4.10513162612915,0
2017-04-18,5.797244071960449,5.856298923492432,5.797244071960449,4.175305366516113,6198
2017-04-19,5.767716884613037,5.767716884613037,5.767716884613037,4.112150192260742,1016
2017-04-20,5.767716884613037,5.767716884613037,5.767716884613037,4.112150192260742,0
2017-04-21,6.161417007446289,6.161417007446289,6.161417007446289,4.392843246459961,1016
2017-04-24,6.240157127380371,6.240157127380371,6.240157127380371,4.448981761932373,509321
2017-04-25,6.476377964019775,6.476377964019775,6.476377964019775,4.617396354675293,2540
2017-04-26,6.446849822998047,6.446849822998047,6.269684791564941,4.470033645629883,3048
2017-04-27,6.269684791564941,6.269684791564941,6.269684791564941,4.512537956237793,0
2017-04-28,6.476377964019775,6.476377964019775,6.456693172454834,4.647133827209473,71933
2017-05-01,6.456693172454834,6.456693172454834,6.456693172454834,4.647133827209473,0
2017-05-02,6.456693172454834,6.456693172454834,6.456693172454834,4.647133827209473,508
2017-05-03,6.456693172454834,6.456693172454834,6.456693172454834,4.647133827209473,0
2017-05-04,6.4665350914001465,6.525590896606445,6.4665350914001465,4.696723461151123,59538
2017-05-05,6.525590896606445,6.525590896606445,6.525590896606445,4.696723461151123,69494
2017-05-08,6.525590896606445,6.525590896606445,6.525590896606445,4.696723461151123,0
2017-05-09,6.525590896606445,6.525590896606445,6.525590896606445,4.696723461151123,0
2017-05-10,6.525590896606445,6.525590896606445,6.525590896606445,4.696723461151123,0
2017-05-11,6.525590896606445,6.525590896606445,6.525590896606445,4.696723461151123,0
2017-05-12,6.525590896606445,6.525590896606445,6.525590896606445,4.696723461151123,0
2017-05-15,6.840550899505615,6.840550899505615,6.840550899505615,4.923412799835205,203
2017-05-16,6.840550899505615,6.840550899505615,6.840550899505615,4.923412799835205,0
2017-05-17,6.840550899505615,6.840550899505615,6.840550899505615,4.923412799835205,0
2017-05-18,6.1811017990112305,6.1811017990112305,6.1811017990112305,4.448780059814453,8128
2017-05-19,6.1811017990112305,6.1811017990112305,6.1811017990112305,4.448780059814453,0
2017-05-22,6.1811017990112305,6.1811017990112305,6.1811017990112305,4.448780059814453,254000
2017-05-23,6.289370059967041,6.338582992553711,6.289370059967041,4.562126636505127,1118
2017-05-24,6.338582992553711,6.338582992553711,6.338582992553711,4.562126636505127,0
2017-05-25,6.338582992553711,6.338582992553711,6.338582992553711,4.562126636505127,0
2017-05-26,6.338582992553711,6.338582992553711,6.338582992553711,4.562126636505127,0
2017-05-30,6.338582992553711,6.338582992553711,6.338582992553711,4.562126636505127,0
2017-05-31,6.338582992553711,6.338582992553711,6.338582992553711,4.562126636505127,0
2017-06-01,6.338582992553711,6.338582992553711,6.338582992553711,4.562126636505127,0
2017-06-02,6.338582992553711,6.338582992553711,6.338582992553711,4.562126636505127,0
2017-06-05,6.338582992553711,6.338582992553711,6.338582992553711,4.562126636505127,0
2017-06-06,6.338582992553711,6.338582992553711,6.338582992553711,4.562126636505127,101600
2017-06-07,6.348424911499023,6.348424911499023,6.259842872619629,4.505453109741211,16561
2017-06-08,6.259842872619629,6.259842872619629,6.259842872619629,4.505453109741211,0
2017-06-09,6.938975811004639,6.938975811004639,6.604331016540527,4.7533955574035645,3454
2017-06-12,6.938975811004639,6.938975811004639,6.938975811004639,4.994251728057861,50902
2017-06-13,6.938975811004639,6.938975811004639,6.938975811004639,4.994251728057861,0
2017-06-14,6.938975811004639,6.938975811004639,6.938975811004639,4.994251728057861,0
2017-06-15,6.938975811004639,6.938975811004639,6.938975811004639,4.994251728057861,0
2017-06-16,6.338582992553711,6.338582992553711,6.338582992553711,4.562126636505127,1016
2017-06-19,6.437007904052734,6.437007904052734,6.4271650314331055,4.625882625579834,4572
2017-06-20,6.309054851531982,6.309054851531982,6.309054851531982,4.540873050689697,1016
2017-06-21,6.309054851531982,6.309054851531982,6.309054851531982,4.540873050689697,0
2017-06-22,6.309054851531982,6.309054851531982,6.309054851531982,4.540873050689697,408330
2017-06-23,6.309054851531982,6.309054851531982,6.309054851531982,4.540873050689697,0
2017-06-26,6.377953052520752,6.377953052520752,6.377953052520752,4.590462684631348,102
2017-06-27,6.377953052520752,6.377953052520752,6.377953052520752,4.590462684631348,0
2017-06-28,6.377953052520752,6.377953052520752,6.377953052520752,4.590462684631348,0
2017-06-29,6.692913055419922,6.692913055419922,6.692913055419922,4.81715202331543,119583
2017-06-30,6.742125988006592,6.742125988006592,6.624015808105469,4.767563819885254,84430
2017-07-03,6.574802875518799,6.574802875518799,6.574802875518799,4.732142925262451,1016
2017-07-05,6.61417293548584,6.61417293548584,6.61417293548584,4.760478973388672,81280
2017-07-06,6.659999847412109,6.659999847412109,6.659999847412109,4.793462753295898,200
2017-07-07,6.630000114440918,6.630000114440918,6.630000114440918,4.7718706130981445,100
2017-07-10,6.610000133514404,6.809999942779541,6.610000133514404,4.7790679931640625,27700
2017-07-11,6.639999866485596,6.639999866485596,6.639999866485596,4.7790679931640625,0
2017-07-12,6.639999866485596,6.639999866485596,6.639999866485596,4.7790679931640625,0
2017-07-13,6.650000095367432,6.650000095367432,6.639999866485596,4.7790679931640625,400
2017-07-14,6.639999866485596,6.639999866485596,6.639999866485596,4.7790679931640625,0
2017-07-17,6.690000057220459,6.690000057220459,6.690000057220459,4.815054893493652,1400
2017-07-18,6.690000057220459,6.690000057220459,6.690000057220459,4.815054893493652,250000
2017-07-19,6.690000057220459,6.690000057220459,6.690000057220459,4.815054893493652,0
2017-07-20,6.639999866485596,6.659999847412109,6.639999866485596,4.793462753295898,80000
2017-07-21,6.849999904632568,6.849999904632568,6.849999904632568,4.93021297454834,500
2017-07-24,6.849999904632568,6.849999904632568,6.849999904632568,4.93021297454834,0
2017-07-25,6.849999904632568,6.849999904632568,6.849999904632568,4.93021297454834,0
2017-07-26,6.849999904632568,6.849999904632568,6.849999904632568,4.93021297454834,0
2017-07-27,6.71999979019165,6.730000019073486,6.71999979019165,4.843844413757324,40000
2017-07-28,6.730000019073486,6.730000019073486,6.730000019073486,4.843844413757324,0
2017-07-31,6.730000019073486,6.730000019073486,6.730000019073486,4.843844413757324,0
2017-08-01,6.800000190734863,6.800000190734863,6.699999809265137,4.822251796722412,500
2017-08-02,6.699999809265137,6.699999809265137,6.699999809265137,4.873900413513184,0
2017-08-03,6.710000038146973,6.710000038146973,6.699999809265137,4.873900413513184,18600
2017-08-04,6.699999809265137,6.699999809265137,6.699999809265137,4.873900413513184,7200
2017-08-07,6.699999809265137,6.699999809265137,6.699999809265137,4.873900413513184,0
2017-08-08,6.880000114440918,6.880000114440918,6.880000114440918,5.004841327667236,800
2017-08-09,6.630000114440918,6.630000114440918,6.630000114440918,4.82297945022583,457900
2017-08-10,6.630000114440918,6.630000114440918,6.630000114440918,4.82297945022583,0
2017-08-11,6.630000114440918,6.630000114440918,6.630000114440918,4.82297945022583,5000
2017-08-14,6.760000228881836,6.849999904632568,6.760000228881836,4.983017921447754,2000
2017-08-15,6.849999904632568,6.849999904632568,6.849999904632568,4.983017921447754,0
2017-08-16,6.579999923706055,6.579999923706055,6.579999923706055,4.786606311798096,1000
2017-08-17,6.579999923706055,6.579999923706055,6.579999923706055,4.786606311798096,0
2017-08-18,6.579999923706055,6.579999923706055,6.579999923706055,4.786606311798096,0
2017-08-21,6.579999923706055,6.579999923706055,6.579999923706055,4.786606311798096,0
2017-08-22,6.400000095367432,6.400000095367432,6.329999923706055,4.6047444343566895,1600
2017-08-23,6.300000190734863,6.300000190734863,6.300000190734863,4.582921981811523,600
2017-08-24,6.440000057220459,6.449999809265137,6.380000114440918,4.662941932678223,10300
2017-08-25,6.389999866485596,6.389999866485596,6.389999866485596,4.648392200469971,600
2017-08-28,6.400000095367432,6.400000095367432,6.400000095367432,4.655666351318359,10500
2017-08-29,6.400000095367432,6.400000095367432,6.400000095367432,4.655666351318359,0
2017-08-30,6.690000057220459,6.690000057220459,6.690000057220459,4.866627216339111,1000
2017-08-31,6.380000114440918,6.380000114440918,6.380000114440918,4.641117572784424,3700
2017-09-01,6.550000190734863,6.550000190734863,6.380000114440918,4.641117572784424,102600
2017-09-05,6.320000171661377,6.320000171661377,6.190000057220459,4.546549320220947,7700
2017-09-06,6.25,6.25,6.25,4.546549320220947,1600
2017-09-07,6.25,6.25,6.25,4.546549320220947,397000
2017-09-08,6.46999979019165,6.480000019073486,6.329999923706055,4.6047444343566895,604000
2017-09-11,6.329999923706055,6.329999923706055,6.329999923706055,4.6047444343566895,0
2017-09-12,6.550000190734863,6.550000190734863,6.550000190734863,4.764782905578613,2500
2017-09-13,6.599999904632568,6.599999904632568,6.599999904632568,4.8011555671691895,2600
2017-09-14,6.699999809265137,6.699999809265137,6.699999809265137,4.873900413513184,6000
2017-09-15,6.699999809265137,6.699999809265137,6.699999809265137,4.873900413513184,0
2017-09-18,6.699999809265137,6.699999809265137,6.699999809265137,4.873900413513184,0
2017-09-19,6.650000095367432,6.650000095367432,6.650000095367432,4.837528705596924,3500
2017-09-20,6.650000095367432,6.650000095367432,6.650000095367432,4.837528705596924,0
2017-09-21,6.670000076293945,6.670000076293945,6.670000076293945,4.852077484130859,3500
2017-09-22,6.789999961853027,7.059999942779541,6.789999961853027,5.135781764984131,4100
2017-09-25,6.519999980926514,6.519999980926514,6.519999980926514,4.742959976196289,500
2017-09-26,6.519999980926514,6.519999980926514,6.519999980926514,4.742959976196289,3000
2017-09-27,6.800000190734863,6.960000038146973,6.800000190734863,4.9975666999816895,201400
2017-09-28,6.869999885559082,6.869999885559082,6.869999885559082,4.9975666999816895,0
2017-09-29,6.809999942779541,6.920000076293945,6.809999942779541,5.033940315246582,1800
2017-10-02,6.920000076293945,6.920000076293945,6.920000076293945,5.033940315246582,0
2017-10-03,6.920000076293945,6.920000076293945,6.920000076293945,5.033940315246582,0
2017-10-04,6.570000171661377,6.570000171661377,6.570000171661377,4.779332637786865,300000
2017-10-05,6.599999904632568,6.599999904632568,6.599999904632568,4.8011555671691895,3700
2017-10-06,6.639999866485596,6.639999866485596,6.639999866485596,4.830253601074219,105600
2017-10-09,6.739999771118164,6.739999771118164,6.699999809265137,4.873900413513184,3300
2017-10-10,6.519999980926514,6.519999980926514,6.519999980926514,4.742959976196289,13800
2017-10-11,6.519999980926514,6.519999980926514,6.519999980926514,4.742959976196289,0
2017-10-12,6.519999980926514,6.519999980926514,6.519999980926514,4.742959976196289,0
2017-10-13,6.590000152587891,6.590000152587891,6.590000152587891,4.793881416320801,120700
2017-10-16,6.590000152587891,6.590000152587891,6.590000152587891,4.793881416320801,0
2017-10-17,6.570000171661377,6.570000171661377,6.570000171661377,4.779332637786865,2000
2017-10-18,6.570000171661377,6.570000171661377,6.570000171661377,4.8137688636779785,0
2017-10-19,6.570000171661377,6.570000171661377,6.570000171661377,4.8137688636779785,0
2017-10-20,6.460000038146973,6.5,6.460000038146973,4.762480735778809,1200
2017-10-23,6.5,6.75,6.5,4.945653438568115,10000
2017-10-24,6.570000171661377,6.570000171661377,6.46999979019165,4.740500450134277,3700
2017-10-25,6.46999979019165,6.46999979019165,6.46999979019165,4.740500450134277,0
2017-10-26,6.739999771118164,7.010000228881836,6.739999771118164,5.1361517906188965,5400
2017-10-27,7.010000228881836,7.010000228881836,7.010000228881836,5.1361517906188965,0
2017-10-30,7.010000228881836,7.010000228881836,7.010000228881836,5.1361517906188965,0
2017-10-31,7.010000228881836,7.010000228881836,7.010000228881836,5.1361517906188965,0
2017-11-01,7.010000228881836,7.010000228881836,7.010000228881836,5.1361517906188965,0
2017-11-02,6.840000152587891,6.840000152587891,6.840000152587891,5.011596202850342,50300
2017-11-03,6.840000152587891,6.840000152587891,6.840000152587891,5.011596202850342,0
2017-11-06,6.46999979019165,6.46999979019165,6.400000095367432,4.689212322235107,37900
2017-11-07,6.340000152587891,6.340000152587891,6.340000152587891,4.6452507972717285,1100
2017-11-08,6.340000152587891,6.340000152587891,6.340000152587891,4.6452507972717285,0
2017-11-09,6.340000152587891,6.340000152587891,6.340000152587891,4.6452507972717285,0
2017-11-10,6.409999847412109,6.409999847412109,6.409999847412109,4.696539402008057,200
2017-11-13,6.409999847412109,6.409999847412109,6.409999847412109,4.696539402008057,0
2017-11-14,6.269999980926514,6.269999980926514,6.269999980926514,4.593962669372559,400
2017-11-15,6.269999980926514,6.269999980926514,6.269999980926514,4.593962669372559,0
2017-11-16,6.269999980926514,6.269999980926514,6.269999980926514,4.593962669372559,0
2017-11-17,6.269999980926514,6.269999980926514,6.269999980926514,4.593962669372559,0
2017-11-20,6.400000095367432,6.400000095367432,6.400000095367432,4.689212322235107,4500
2017-11-21,6.400000095367432,6.400000095367432,6.400000095367432,4.689212322235107,0
2017-11-22,6.360000133514404,6.360000133514404,6.360000133514404,4.659904479980469,1100
2017-11-24,6.360000133514404,6.360000133514404,6.360000133514404,4.659904479980469,0
2017-11-27,6.599999904632568,6.599999904632568,6.599999904632568,4.835748672485352,1700
2017-11-28,6.599999904632568,6.599999904632568,6.599999904632568,4.835748672485352,0
2017-11-29,6.650000095367432,6.75,6.650000095367432,4.923673152923584,16000
2017-11-30,6.590000152587891,6.590000152587891,6.590000152587891,4.828423023223877,500
2017-12-01,6.590000152587891,6.590000152587891,6.590000152587891,4.828423023223877,0
2017-12-04,6.590000152587891,6.590000152587891,6.590000152587891,4.828423023223877,0
2017-12-05,6.590000152587891,6.590000152587891,6.590000152587891,4.828423023223877,0
2017-12-06,6.590000152587891,6.590000152587891,6.590000152587891,4.828423023223877,0
2017-12-07,6.590000152587891,6.590000152587891,6.590000152587891,4.828423023223877,0
2017-12-08,6.590000152587891,6.590000152587891,6.590000152587891,4.828423023223877,0
2017-12-11,6.590000152587891,6.590000152587891,6.590000152587891,4.828423023223877,0
2017-12-12,6.53000020980835,6.53000020980835,6.53000020980835,4.784461498260498,2700
2017-12-13,6.5,6.5,6.5,4.762480735778809,200
2017-12-14,6.5,6.5,6.5,4.762480735778809,0
2017-12-15,6.5,6.5,6.5,4.762480735778809,0
2017-12-18,6.510000228881836,6.510000228881836,6.510000228881836,4.769807815551758,1500
2017-12-19,6.730000019073486,6.730000019073486,6.539999961853027,4.791787624359131,2400
2017-12-20,6.619999885559082,6.619999885559082,6.519999980926514,4.777133941650391,300
2017-12-21,6.610000133514404,6.610000133514404,6.610000133514404,4.843076705932617,700
2017-12-22,6.610000133514404,6.610000133514404,6.610000133514404,4.843076705932617,0
2017-12-26,6.610000133514404,6.610000133514404,6.610000133514404,4.843076705932617,0
2017-12-27,6.53000020980835,6.539999961853027,6.489999771118164,4.762480735778809,17600
2017-12-28,6.5,6.5,6.5,4.762480735778809,0
2017-12-29,6.300000190734863,6.429999828338623,6.300000190734863,4.61594295501709,10600
2018-01-02,6.5,6.5,6.460000038146973,4.733173847198486,8000
2018-01-03,6.75,6.75,6.75,4.945653438568115,8000
2018-01-04,6.760000228881836,6.760000228881836,6.550000190734863,4.872384071350098,61900
2018-01-05,6.650000095367432,6.650000095367432,6.650000095367432,4.872384071350098,0
2018-01-08,6.699999809265137,7.059999942779541,6.699999809265137,5.172786712646484,700
2018-01-09,7.059999942779541,7.059999942779541,7.059999942779541,5.172786712646484,0
2018-01-10,6.900000095367432,6.900000095367432,6.900000095367432,5.055556297302246,600
2018-01-11,7.03000020980835,7.139999866485596,7.03000020980835,5.187439918518066,31500
2018-01-12,7.079999923706055,7.079999923706055,7.079999923706055,5.187439918518066,0
2018-01-16,7.369999885559082,7.369999885559082,7.170000076293945,5.253383159637451,10800
2018-01-17,7.170000076293945,7.369999885559082,7.170000076293945,5.399920463562012,4300
2018-01-18,7.059999942779541,7.099999904632568,6.909999847412109,5.202094078063965,3000
2018-01-19,7.090000152587891,7.21999979019165,7,5.2900166511535645,427000
2018-01-22,7.409999847412109,7.409999847412109,7.329999923706055,5.370612621307373,1400
2018-01-23,7.329999923706055,7.329999923706055,7.329999923706055,5.370612621307373,0
2018-01-24,7.409999847412109,7.409999847412109,7.409999847412109,5.429227828979492,400
2018-01-25,7.409999847412109,7.409999847412109,7.409999847412109,5.429227828979492,0
2018-01-26,7.409999847412109,7.409999847412109,7.409999847412109,5.429227828979492,0
2018-01-29,7.440000057220459,7.449999809265137,7.199999809265137,5.275363445281982,12400
2018-01-30,7.199999809265137,7.199999809265137,7.199999809265137,5.330144882202148,0
2018-01-31,7.309999942779541,7.309999942779541,7.25,5.367159366607666,2000
2018-02-01,7.25,7.25,7.25,5.367159366607666,6800
2018-02-02,7.25,7.25,7.25,5.367159366607666,0
2018-02-05,7.139999866485596,7.139999866485596,7.139999866485596,5.285727024078369,15900
2018-02-06,7.139999866485596,7.139999866485596,7.139999866485596,5.285727024078369,7300
2018-02-07,6.889999866485596,6.889999866485596,6.880000114440918,5.093250274658203,3300
2018-02-08,6.78000020980835,6.78000020980835,6.739999771118164,4.9896087646484375,800
2018-02-09,6.739999771118164,6.739999771118164,6.739999771118164,4.9896087646484375,179700
2018-02-12,6.739999771118164,6.739999771118164,6.739999771118164,4.9896087646484375,0
2018-02-13,6.820000171661377,6.820000171661377,6.820000171661377,5.048832893371582,600
2018-02-14,7.119999885559082,7.139999866485596,7.119999885559082,5.27092170715332,8100
2018-02-15,6.849999904632568,7.099999904632568,6.849999904632568,5.256115436553955,2200
2018-02-16,7.050000190734863,7.130000114440918,7.050000190734863,5.278323173522949,8500
2018-02-20,6.929999828338623,7.059999942779541,6.920000076293945,5.1672797203063965,75400
2018-02-21,7.019999980926514,7.019999980926514,7.019999980926514,5.196890830993652,6000
2018-02-22,7.03000020980835,7.050000190734863,7.03000020980835,5.219099998474121,3900
2018-02-23,6.860000133514404,6.860000133514404,6.860000133514404,5.078444004058838,200
2018-02-26,6.860000133514404,6.860000133514404,6.860000133514404,5.078444004058838,500100
2018-02-27,6.860000133514404,6.860000133514404,6.860000133514404,5.078444004058838,425000
2018-02-28,6.949999809265137,6.949999809265137,6.949999809265137,5.1450700759887695,1900
2018-03-01,6.869999885559082,6.929999828338623,6.869999885559082,5.1302642822265625,4000
2018-03-02,6.820000171661377,6.820000171661377,6.820000171661377,5.048832893371582,1200
2018-03-05,6.860000133514404,6.860000133514404,6.849999904632568,5.071041107177734,5200
2018-03-06,6.730000019073486,6.769999980926514,6.730000019073486,5.011817932128906,3900
2018-03-07,6.769999980926514,6.769999980926514,6.769999980926514,5.011817932128906,150000
2018-03-08,6.769999980926514,6.769999980926514,6.769999980926514,5.011817932128906,0
2018-03-09,6.730000019073486,6.730000019073486,6.730000019073486,4.982205867767334,500
2018-03-12,6.730000019073486,6.730000019073486,6.730000019073486,4.982205867767334,0
2018-03-13,6.730000019073486,6.730000019073486,6.730000019073486,4.982205867767334,0
2018-03-14,6.730000019073486,6.730000019073486,6.730000019073486,4.982205867767334,0
2018-03-15,6.619999885559082,6.619999885559082,6.619999885559082,4.900772571563721,463300
2018-03-16,6.659999847412109,6.659999847412109,6.570000171661377,4.863757610321045,6100
2018-03-19,6.570000171661377,6.570000171661377,6.570000171661377,4.863757610321045,0
2018-03-20,6.630000114440918,6.630000114440918,6.630000114440918,4.908175468444824,600
2018-03-21,6.699999809265137,6.699999809265137,6.699999809265137,4.959997177124023,3100
2018-03-22,6.699999809265137,6.699999809265137,6.699999809265137,4.959997177124023,0
2018-03-23,6.440000057220459,6.480000019073486,6.440000057220459,4.797130107879639,1800
2018-03-26,6.480000019073486,6.480000019073486,6.480000019073486,4.797130107879639,0
2018-03-27,6.480000019073486,6.480000019073486,6.480000019073486,4.797130107879639,0
2018-03-28,6.480000019073486,6.480000019073486,6.480000019073486,4.797130107879639,0
2018-03-29,6.480000019073486,6.480000019073486,6.480000019073486,4.797130107879639,0
2018-04-02,6.320000171661377,6.46999979019165,6.320000171661377,4.789728164672852,64300
2018-04-03,6.409999847412109,6.409999847412109,6.409999847412109,4.7453107833862305,143400
2018-04-04,6.409999847412109,6.409999847412109,6.409999847412109,4.7453107833862305,0
2018-04-05,6.409999847412109,6.409999847412109,6.409999847412109,4.7453107833862305,0
2018-04-06,6.409999847412109,6.409999847412109,6.409999847412109,4.7453107833862305,0
2018-04-09,6.5,6.5,6.5,4.81193733215332,2700
2018-04-10,6.5,6.5,6.5,4.81193733215332,0
2018-04-11,6.5,6.5,6.5,4.81193733215332,30000
2018-04-12,6.659999847412109,6.659999847412109,6.659999847412109,4.930384635925293,600
2018-04-13,6.730000019073486,6.730000019073486,6.730000019073486,4.982205867767334,200
2018-04-16,6.730000019073486,6.730000019073486,6.730000019073486,4.982205867767334,0
2018-04-17,6.730000019073486,6.730000019073486,6.730000019073486,4.982205867767334,0
2018-04-18,6.650000095367432,6.650000095367432,6.650000095367432,4.9229817390441895,10500
2018-04-19,6.699999809265137,6.699999809265137,6.699999809265137,4.959997177124023,1400
2018-04-20,6.800000190734863,6.800000190734863,6.679999828338623,4.9451904296875,1300
2018-04-23,6.679999828338623,6.679999828338623,6.679999828338623,4.9451904296875,0
2018-04-24,6.679999828338623,6.679999828338623,6.679999828338623,4.9451904296875,0
2018-04-25,6.599999904632568,6.769999980926514,6.599999904632568,4.900772571563721,1800
2018-04-26,6.619999885559082,6.619999885559082,6.619999885559082,4.900772571563721,800
2018-04-27,6.619999885559082,6.619999885559082,6.619999885559082,4.955417156219482,0
2018-04-30,6.619999885559082,6.619999885559082,6.619999885559082,4.955417156219482,0
2018-05-01,6.619999885559082,6.619999885559082,6.619999885559082,4.955417156219482,0
2018-05-02,6.619999885559082,6.619999885559082,6.619999885559082,4.955417156219482,0
2018-05-03,6.619999885559082,6.619999885559082,6.619999885559082,4.955417156219482,1200
2018-05-04,6.619999885559082,6.619999885559082,6.619999885559082,4.955417156219482,0
2018-05-07,6.309999942779541,6.309999942779541,6.309999942779541,4.723365783691406,100
2018-05-08,6.300000190734863,6.300000190734863,6.260000228881836,4.708394527435303,8400
2018-05-09,6.289999961853027,6.289999961853027,6.289999961853027,4.708394527435303,0
2018-05-10,6.289999961853027,6.289999961853027,6.289999961853027,4.708394527435303,50000
2018-05-11,6.579999923706055,6.579999923706055,6.579999923706055,4.925475120544434,2400
2018-05-14,6.579999923706055,6.579999923706055,6.579999923706055,4.925475120544434,0
2018-05-15,6.579999923706055,6.579999923706055,6.579999923706055,4.925475120544434,0
2018-05-16,6.579999923706055,6.579999923706055,6.579999923706055,4.925475120544434,0
2018-05-17,6.230000019073486,6.230000019073486,6.230000019073486,4.663481712341309,3100
2018-05-18,6.230000019073486,6.230000019073486,6.230000019073486,4.663481712341309,5000
2018-05-21,6.230000019073486,6.230000019073486,6.230000019073486,4.663481712341309,0
2018-05-22,6.130000114440918,6.130000114440918,6.130000114440918,4.588626384735107,400
2018-05-23,5.949999809265137,5.949999809265137,5.949999809265137,4.453886985778809,2100
2018-05-24,5.949999809265137,5.980000019073486,5.909999847412109,4.476343631744385,1700
2018-05-25,5.980000019073486,5.980000019073486,5.980000019073486,4.476343631744385,0
2018-05-29,5.329999923706055,5.389999866485596,5.170000076293945,3.870015859603882,11200
2018-05-30,5.440000057220459,5.440000057220459,5.440000057220459,4.0721259117126465,300300
2018-05-31,5.440000057220459,5.440000057220459,5.440000057220459,4.0721259117126465,0
2018-06-01,5.510000228881836,5.510000228881836,5.510000228881836,4.12452507019043,63100
2018-06-04,5.510000228881836,5.510000228881836,5.510000228881836,4.12452507019043,245300
2018-06-05,5.510000228881836,5.510000228881836,5.510000228881836,4.12452507019043,0
2018-06-06,5.559999942779541,5.559999942779541,5.559999942779541,4.161951541900635,100
2018-06-07,5.559999942779541,5.559999942779541,5.559999942779541,4.161951541900635,0
2018-06-08,5.53000020980835,5.53000020980835,5.440000057220459,4.0721259117126465,14000
2018-06-11,5.690000057220459,5.690000057220459,5.690000057220459,4.259263038635254,1600
2018-06-12,5.670000076293945,5.670000076293945,5.590000152587891,4.1844072341918945,182300
2018-06-13,5.579999923706055,5.579999923706055,5.579999923706055,4.17692232131958,100
2018-06-14,5.579999923706055,5.579999923706055,5.579999923706055,4.17692232131958,0
2018-06-15,5.579999923706055,5.579999923706055,5.579999923706055,4.17692232131958,0
2018-06-18,5.579999923706055,5.579999923706055,5.579999923706055,4.17692232131958,0
2018-06-19,5.300000190734863,5.300000190734863,5.300000190734863,3.967327356338501,110500
2018-06-20,5.300000190734863,5.300000190734863,5.300000190734863,3.967327356338501,0
2018-06-21,5.300000190734863,5.300000190734863,5.300000190734863,3.967327356338501,0
2018-06-22,5.389999866485596,5.389999866485596,5.25,3.929900646209717,1000
2018-06-25,5.349999904632568,5.349999904632568,5.349999904632568,4.00475549697876,75100
2018-06-26,5.320000171661377,5.320000171661377,5.28000020980835,3.9523563385009766,3200
2018-06-27,5.28000020980835,5.28000020980835,5.28000020980835,3.9523563385009766,9100
2018-06-28,5.239999771118164,5.239999771118164,5.239999771118164,3.922414541244507,2100
2018-06-29,5.369999885559082,5.369999885559082,5.369999885559082,4.019725799560547,1600
2018-07-02,5.369999885559082,5.369999885559082,5.369999885559082,4.019725799560547,0
2018-07-03,5.369999885559082,5.369999885559082,5.369999885559082,4.019725799560547,0
2018-07-05,5.369999885559082,5.369999885559082,5.369999885559082,4.019725799560547,0
2018-07-06,5.550000190734863,5.659999847412109,5.550000190734863,4.236807346343994,800
2018-07-09,5.610000133514404,5.610000133514404,5.550000190734863,4.154466152191162,1300
2018-07-10,5.550000190734863,5.550000190734863,5.550000190734863,4.154466152191162,0
2018-07-11,5.550000190734863,5.550000190734863,5.550000190734863,4.154466152191162,0
2018-07-12,5.550000190734863,5.550000190734863,5.550000190734863,4.154466152191162,0
2018-07-13,5.550000190734863,5.550000190734863,5.550000190734863,4.154466152191162,0
2018-07-16,5.360000133514404,5.360000133514404,5.360000133514404,4.012240886688232,1200
2018-07-17,5.360000133514404,5.360000133514404,5.360000133514404,4.012240886688232,0
2018-07-18,5.360000133514404,5.360000133514404,5.360000133514404,4.012240886688232,368500
2018-07-19,5.360000133514404,5.360000133514404,5.360000133514404,4.012240886688232,50000
2018-07-20,5.360000133514404,5.360000133514404,5.360000133514404,4.012240886688232,0
2018-07-23,5.46999979019165,5.46999979019165,5.46999979019165,4.0945820808410645,9300
2018-07-24,5.53000020980835,5.53000020980835,5.53000020980835,4.139496326446533,80900
2018-07-25,5.480000019073486,5.480000019073486,5.480000019073486,4.102067947387695,1000
2018-07-26,5.480000019073486,5.480000019073486,5.480000019073486,4.102067947387695,0
2018-07-27,5.480000019073486,5.480000019073486,5.480000019073486,4.102067947387695,0
2018-07-30,5.480000019073486,5.480000019073486,5.480000019073486,4.1597580909729,0
2018-07-31,5.659999847412109,5.659999847412109,5.659999847412109,4.29639196395874,100500
2018-08-01,5.53000020980835,5.53000020980835,5.53000020980835,4.197712421417236,1100
2018-08-02,5.53000020980835,5.53000020980835,5.53000020980835,4.197712421417236,0
2018-08-03,5.400000095367432,5.400000095367432,5.400000095367432,4.0990309715271,200
2018-08-06,5.400000095367432,5.400000095367432,5.400000095367432,4.0990309715271,0
2018-08-07,5.400000095367432,5.400000095367432,5.400000095367432,4.0990309715271,0
2018-08-08,5.380000114440918,5.380000114440918,5.380000114440918,4.0838494300842285,3400
2018-08-09,5.380000114440918,5.380000114440918,5.380000114440918,4.0838494300842285,100
2018-08-10,5.199999809265137,5.199999809265137,5.199999809265137,3.9472150802612305,151000
2018-08-13,5.199999809265137,5.199999809265137,5.199999809265137,3.9472150802612305,100000
2018-08-14,5.199999809265137,5.199999809265137,5.199999809265137,3.9472150802612305,0
2018-08-15,4.900000095367432,4.900000095367432,4.900000095367432,3.7194907665252686,6200
2018-08-16,4.900000095367432,4.900000095367432,4.900000095367432,3.7194907665252686,0
2018-08-17,4.900000095367432,4.900000095367432,4.900000095367432,3.7194907665252686,0
2018-08-20,4.900000095367432,4.900000095367432,4.900000095367432,3.7194907665252686,0
2018-08-21,5.019999980926514,5.019999980926514,5.019999980926514,3.8105807304382324,200
2018-08-22,5.019999980926514,5.019999980926514,5.019999980926514,3.8105807304382324,0
2018-08-23,5.019999980926514,5.019999980926514,5.019999980926514,3.8105807304382324,0
2018-08-24,4.989999771118164,4.989999771118164,4.989999771118164,3.7878077030181885,1000
2018-08-27,5.050000190734863,5.059999942779541,5.050000190734863,3.8409433364868164,1200
2018-08-28,5.059999942779541,5.059999942779541,5.059999942779541,3.8409433364868164,0
2018-08-29,5.059999942779541,5.059999942779541,5.059999942779541,3.8409433364868164,27400
2018-08-30,5.059999942779541,5.059999942779541,5.059999942779541,3.8409433364868164,8500
2018-08-31,5.059999942779541,5.059999942779541,5.059999942779541,3.8409433364868164,0
2018-09-04,5.059999942779541,5.059999942779541,5.059999942779541,3.8409433364868164,0
2018-09-05,4.929999828338623,4.929999828338623,4.929999828338623,3.7422633171081543,2600
2018-09-06,4.900000095367432,4.900000095367432,4.900000095367432,3.7194907665252686,3700
2018-09-07,4.900000095367432,4.900000095367432,4.900000095367432,3.7194907665252686,8900
2018-09-10,4.900000095367432,4.900000095367432,4.900000095367432,3.7194907665252686,0
2018-09-11,4.900000095367432,4.900000095367432,4.900000095367432,3.7194907665252686,0
2018-09-12,4.949999809265137,4.949999809265137,4.949999809265137,3.7574448585510254,100
2018-09-13,4.96999979019165,4.96999979019165,4.96999979019165,3.7726263999938965,1200
2018-09-14,4.900000095367432,4.900000095367432,4.900000095367432,3.7194907665252686,100
2018-09-17,4.900000095367432,4.900000095367432,4.900000095367432,3.7194907665252686,0
2018-09-18,5.019999980926514,5.019999980926514,5.019999980926514,3.8105807304382324,1400
2018-09-19,5.25,5.25,5.130000114440918,3.8940799236297607,102100
2018-09-20,5.130000114440918,5.130000114440918,5.130000114440918,3.8940799236297607,200000
2018-09-21,5.130000114440918,5.130000114440918,5.130000114440918,3.8940799236297607,0
2018-09-24,5.159999847412109,5.159999847412109,5.159999847412109,3.916851282119751,300
2018-09-25,5.199999809265137,5.199999809265137,5.199999809265137,3.9472150802612305,1500
2018-09-26,5.199999809265137,5.199999809265137,5.199999809265137,3.9472150802612305,0
2018-09-27,5.199999809265137,5.199999809265137,5.199999809265137,3.9472150802612305,350000
2018-09-28,5.199999809265137,5.199999809265137,5.199999809265137,3.9472150802612305,70100
2018-10-01,5.199999809265137,5.199999809265137,5.199999809265137,3.9472150802612305,0
2018-10-02,5.199999809265137,5.199999809265137,5.199999809265137,3.9472150802612305,0
2018-10-03,5.039999961853027,5.039999961853027,4.980000019073486,3.780217409133911,600
2018-10-04,4.980000019073486,4.980000019073486,4.980000019073486,3.780217409133911,0
2018-10-05,4.980000019073486,4.980000019073486,4.980000019073486,3.780217409133911,0
2018-10-08,4.960000038146973,4.960000038146973,4.920000076293945,3.7346723079681396,600
2018-10-09,4.949999809265137,4.949999809265137,4.690000057220459,3.560084581375122,33100
2018-10-10,4.920000076293945,4.920000076293945,4.920000076293945,3.7346723079681396,2600
2018-10-11,4.920000076293945,4.920000076293945,4.920000076293945,3.7346723079681396,0
2018-10-12,4.920000076293945,4.920000076293945,4.920000076293945,3.7346723079681396,0
2018-10-15,4.920000076293945,4.920000076293945,4.920000076293945,3.7346723079681396,0
2018-10-16,4.949999809265137,4.949999809265137,4.869999885559082,3.7043099403381348,2300
2018-10-17,4.880000114440918,4.880000114440918,4.880000114440918,3.7043099403381348,0
2018-10-18,4.880000114440918,4.880000114440918,4.880000114440918,3.7043099403381348,0
2018-10-19,4.880000114440918,4.880000114440918,4.880000114440918,3.7043099403381348,0
2018-10-22,4.630000114440918,4.630000114440918,4.619999885559082,3.506948709487915,300
2018-10-23,4.619999885559082,4.619999885559082,4.619999885559082,3.506948709487915,0
2018-10-24,4.619999885559082,4.619999885559082,4.619999885559082,3.506948709487915,150000
2018-10-25,4.619999885559082,4.619999885559082,4.619999885559082,3.506948709487915,750000
2018-10-26,4.619999885559082,4.619999885559082,4.619999885559082,3.506948709487915,0
2018-10-29,4.53000020980835,4.53000020980835,4.53000020980835,3.438631772994995,900
2018-10-30,4.619999885559082,4.619999885559082,4.619999885559082,3.506948709487915,100
2018-10-31,4.619999885559082,4.619999885559082,4.619999885559082,3.506948709487915,0
2018-11-01,4.619999885559082,4.619999885559082,4.619999885559082,3.506948709487915,600000
2018-11-02,4.619999885559082,4.619999885559082,4.619999885559082,3.506948709487915,350000
2018-11-05,4.619999885559082,4.619999885559082,4.619999885559082,3.506948709487915,0
2018-11-06,4.619999885559082,4.619999885559082,4.619999885559082,3.506948709487915,0
2018-11-07,4.929999828338623,4.929999828338623,4.840000152587891,3.673945903778076,83500
2018-11-08,4.869999885559082,4.869999885559082,4.869999885559082,3.696718454360962,500000
2018-11-09,4.869999885559082,4.869999885559082,4.869999885559082,3.696718454360962,94900
2018-11-12,4.869999885559082,4.869999885559082,4.869999885559082,3.696718454360962,0
2018-11-13,4.869999885559082,4.869999885559082,4.869999885559082,3.696718454360962,0
2018-11-14,4.869999885559082,4.869999885559082,4.869999885559082,3.696718454360962,0
2018-11-15,4.789999961853027,4.800000190734863,4.789999961853027,3.643583059310913,8000
2018-11-16,4.78000020980835,4.809999942779541,4.78000020980835,3.628401756286621,76700
2018-11-19,4.78000020980835,4.78000020980835,4.78000020980835,3.628401756286621,100
2018-11-20,4.78000020980835,4.78000020980835,4.78000020980835,3.628401756286621,100
2018-11-21,4.659999847412109,4.659999847412109,4.619999885559082,3.506948709487915,2600
2018-11-23,4.619999885559082,4.619999885559082,4.619999885559082,3.506948709487915,0
2018-11-26,4.71999979019165,4.71999979019165,4.679999828338623,3.5524933338165283,300
2018-11-27,4.679999828338623,4.679999828338623,4.679999828338623,3.5524933338165283,0
2018-11-28,4.679999828338623,4.679999828338623,4.679999828338623,3.5524933338165283,0
2018-11-29,4.679999828338623,4.679999828338623,4.679999828338623,3.5524933338165283,100
2018-11-30,4.730000019073486,4.730000019073486,4.730000019073486,3.5904479026794434,3100
2018-12-03,4.730000019073486,4.730000019073486,4.730000019073486,3.5904479026794434,0
2018-12-04,4.730000019073486,4.730000019073486,4.639999866485596,3.5904479026794434,18900
2018-12-06,4.610000133514404,4.610000133514404,4.610000133514404,3.4993584156036377,38500
2018-12-07,4.519999980926514,4.519999980926514,4.519999980926514,3.4310410022735596,1100
2018-12-10,4.53000020980835,4.53000020980835,4.320000171661377,3.2868151664733887,7300
2018-12-11,4.260000228881836,4.260000228881836,4.260000228881836,3.233680009841919,125700
2018-12-12,4.53000020980835,4.53000020980835,4.460000038146973,3.385496139526367,185200
2018-12-13,4.460000038146973,4.460000038146973,4.460000038146973,3.385496139526367,0
2018-12-14,4.460000038146973,4.460000038146973,4.460000038146973,3.385496139526367,30500
2018-12-17,4.510000228881836,4.510000228881836,4.5,3.4158589839935303,162100
2018-12-18,4.5,4.5,4.5,3.4158589839935303,0
2018-12-19,4.5,4.5,4.5,3.4158589839935303,0
2018-12-20,4.510000228881836,4.510000228881836,4.429999828338623,3.3627231121063232,1300
2018-12-21,4.449999809265137,4.449999809265137,4.349999904632568,3.301997423171997,250000
2018-12-24,4.349999904632568,4.349999904632568,4.349999904632568,3.301997423171997,0
2018-12-26,4.260000228881836,4.300000190734863,4.179999828338623,3.2260890007019043,3500
2018-12-27,4.349999904632568,4.349999904632568,4.349999904632568,3.301997423171997,2400
2018-12-28,4.440000057220459,4.440000057220459,4.440000057220459,3.3703150749206543,200
2018-12-31,4.349999904632568,4.5,4.340000152587891,3.2944064140319824,900
2019-01-02,4.340000152587891,4.340000152587891,4.340000152587891,3.2944064140319824,300000
2019-01-03,4.340000152587891,4.340000152587891,4.340000152587891,3.2944064140319824,100
2019-01-04,4.75,4.800000190734863,4.75,3.643583059310913,5000
2019-01-07,4.800000190734863,4.800000190734863,4.800000190734863,3.643583059310913,0
2019-01-08,4.800000190734863,4.800000190734863,4.800000190734863,3.643583059310913,0
2019-01-09,4.800000190734863,4.800000190734863,4.800000190734863,3.643583059310913,0
2019-01-10,4.800000190734863,4.800000190734863,4.800000190734863,3.643583059310913,0
2019-01-11,4.800000190734863,4.800000190734863,4.800000190734863,3.643583059310913,24900
2019-01-14,4.860000133514404,4.869999885559082,4.860000133514404,3.696718454360962,800000
2019-01-15,4.869999885559082,4.869999885559082,4.869999885559082,3.696718454360962,0
2019-01-16,4.869999885559082,4.869999885559082,4.869999885559082,3.696718454360962,0
2019-01-17,4.869999885559082,4.869999885559082,4.869999885559082,3.696718454360962,0
2019-01-18,4.869999885559082,4.869999885559082,4.869999885559082,3.696718454360962,0
2019-01-22,4.849999904632568,4.849999904632568,4.849999904632568,3.6815366744995117,2000
2019-01-23,4.960000038146973,4.960000038146973,4.960000038146973,3.7650363445281982,700
2019-01-24,4.960000038146973,4.960000038146973,4.960000038146973,3.7650363445281982,0
2019-01-25,4.949999809265137,5,4.949999809265137,3.7953989505767822,12100
2019-01-28,4.880000114440918,4.880000114440918,4.880000114440918,3.7043099403381348,1800
2019-01-29,4.880000114440918,4.880000114440918,4.880000114440918,3.7043099403381348,0
2019-01-30,4.880000114440918,4.880000114440918,4.880000114440918,3.7613463401794434,0
2019-01-31,4.800000190734863,4.800000190734863,4.800000190734863,3.6996850967407227,852000
2019-02-01,4.800000190734863,4.800000190734863,4.800000190734863,3.6996850967407227,0
2019-02-04,4.800000190734863,4.800000190734863,4.800000190734863,3.6996850967407227,175600
2019-02-05,4.800000190734863,4.800000190734863,4.800000190734863,3.6996850967407227,0
2019-02-06,4.800000190734863,4.800000190734863,4.800000190734863,3.6996850967407227,100
2019-02-07,4.550000190734863,4.550000190734863,4.550000190734863,3.506993532180786,800
2019-02-08,4.550000190734863,4.550000190734863,4.550000190734863,3.506993532180786,0
2019-02-11,4.550000190734863,4.550000190734863,4.550000190734863,3.506993532180786,650000
2019-02-12,4.619999885559082,4.619999885559082,4.559999942779541,3.5147006511688232,250700
2019-02-13,4.539999961853027,4.539999961853027,4.539999961853027,3.4992854595184326,100000
2019-02-14,4.539999961853027,4.539999961853027,4.539999961853027,3.4992854595184326,0
2019-02-15,4.539999961853027,4.539999961853027,4.539999961853027,3.4992854595184326,0
2019-02-19,4.71999979019165,4.730000019073486,4.71999979019165,3.6457316875457764,37700
2019-02-20,4.730000019073486,4.730000019073486,4.730000019073486,3.6457316875457764,100
2019-02-21,4.730000019073486,4.730000019073486,4.730000019073486,3.6457316875457764,4300
2019-02-22,4.730000019073486,4.730000019073486,4.730000019073486,3.6457316875457764,0
2019-02-25,4.800000190734863,4.800000190734863,4.800000190734863,3.6996850967407227,106700
2019-02-26,4.639999866485596,4.639999866485596,4.639999866485596,3.576362371444702,180100
2019-02-27,4.639999866485596,4.639999866485596,4.639999866485596,3.576362371444702,0
2019-02-28,4.639999866485596,4.639999866485596,4.639999866485596,3.576362371444702,0
2019-03-01,4.75,4.909999847412109,4.75,3.784468412399292,360800
2019-03-04,4.71999979019165,4.71999979019165,4.679999828338623,3.6303160190582275,600
2019-03-05,4.789999961853027,4.789999961853027,4.789999961853027,3.6919777393341064,1400
2019-03-06,4.789999961853027,4.789999961853027,4.789999961853027,3.6919777393341064,0
2019-03-07,4.789999961853027,4.789999961853027,4.789999961853027,3.6919777393341064,0
2019-03-08,4.650000095367432,4.650000095367432,4.590000152587891,3.5378241539001465,135800
2019-03-11,4.590000152587891,4.590000152587891,4.590000152587891,3.5378241539001465,0
2019-03-12,4.590000152587891,4.679999828338623,4.590000152587891,3.553239107131958,7800
2019-03-13,4.760000228881836,4.760000228881836,4.760000228881836,3.6688544750213623,200
2019-03-14,4.760000228881836,4.760000228881836,4.760000228881836,3.6688544750213623,0
2019-03-15,4.760000228881836,4.760000228881836,4.760000228881836,3.6688544750213623,100
2019-03-18,4.980000019073486,5,4.980000019073486,3.8538386821746826,5100
2019-03-19,5.039999961853027,5.039999961853027,4.96999979019165,3.830716371536255,479200
2019-03-20,4.96999979019165,4.96999979019165,4.96999979019165,3.830716371536255,0
2019-03-21,4.880000114440918,4.880000114440918,4.880000114440918,3.7613463401794434,100200
2019-03-22,4.880000114440918,4.880000114440918,4.880000114440918,3.7613463401794434,100000
2019-03-25,4.880000114440918,4.880000114440918,4.880000114440918,3.7613463401794434,100
2019-03-26,4.880000114440918,4.880000114440918,4.880000114440918,3.7613463401794434,300000
2019-03-27,4.880000114440918,4.880000114440918,4.880000114440918,3.7613463401794434,160000
2019-03-28,4.880000114440918,4.880000114440918,4.880000114440918,3.7613463401794434,0
2019-03-29,4.880000114440918,4.880000114440918,4.880000114440918,3.7613463401794434,100
2019-04-01,4.880000114440918,4.880000114440918,4.880000114440918,3.7613463401794434,0
2019-04-02,4.71999979019165,4.71999979019165,4.71999979019165,3.6380228996276855,27700
2019-04-03,4.829999923706055,4.829999923706055,4.829999923706055,3.722808361053467,800
2019-04-04,4.849999904632568,4.929999828338623,4.849999904632568,3.738223075866699,69400
2019-04-05,4.849999904632568,4.849999904632568,4.849999904632568,3.738223075866699,0
2019-04-08,4.849999904632568,4.849999904632568,4.849999904632568,3.738223075866699,0
2019-04-09,4.929999828338623,4.929999828338623,4.929999828338623,3.7998850345611572,10200
2019-04-10,4.849999904632568,4.849999904632568,4.849999904632568,3.738223075866699,1100
2019-04-11,4.849999904632568,4.849999904632568,4.849999904632568,3.738223075866699,0
2019-04-12,5.230000019073486,5.230000019073486,5.019999980926514,3.8692541122436523,4187200
2019-04-15,5.130000114440918,5.159999847412109,5.130000114440918,3.9771618843078613,2437000
2019-04-16,5.150000095367432,5.150000095367432,5.139999866485596,3.9617459774017334,150300
2019-04-17,5.239999771118164,5.300000190734863,5.239999771118164,4.06194543838501,8100
2019-04-18,5.269999980926514,5.269999980926514,5.269999980926514,4.06194543838501,0
2019-04-22,5.039999961853027,5.150000095367432,5.03000020980835,3.8769619464874268,1900
2019-04-23,5.070000171661377,5.090000152587891,5.070000171661377,3.923207998275757,6800
2019-04-24,5,5,5,3.8538386821746826,300
2019-04-25,4.920000076293945,5.010000228881836,4.920000076293945,3.8075919151306152,1407600
2019-04-26,4.929999828338623,5.010000228881836,4.929999828338623,3.861546277999878,801000
2019-04-29,5.03000020980835,5.03000020980835,5.019999980926514,3.9334912300109863,2000100
2019-04-30,5.039999961853027,5.039999961853027,5.039999961853027,3.9413106441497803,27400
2019-05-01,5.039999961853027,5.039999961853027,5.039999961853027,3.9413106441497803,0
2019-05-02,4.940000057220459,4.949999809265137,4.940000057220459,3.863109827041626,6300000
2019-05-03,4.940000057220459,4.940000057220459,4.940000057220459,3.863109827041626,0
2019-05-06,4.940000057220459,4.940000057220459,4.940000057220459,3.863109827041626,0
2019-05-07,4.940000057220459,4.940000057220459,4.940000057220459,3.863109827041626,0
2019-05-08,4.940000057220459,4.940000057220459,4.940000057220459,3.863109827041626,0
2019-05-09,4.599999904632568,4.599999904632568,4.599999904632568,3.5972282886505127,100
2019-05-10,4.599999904632568,4.599999904632568,4.599999904632568,3.5972282886505127,0
2019-05-13,4.599999904632568,4.599999904632568,4.599999904632568,3.5972282886505127,0
2019-05-14,4.599999904632568,4.599999904632568,4.539999961853027,3.5503077507019043,1400
2019-05-15,4.579999923706055,4.610000133514404,4.559999942779541,3.605048179626465,31700
2019-05-16,4.610000133514404,4.670000076293945,4.610000133514404,3.6519689559936523,14500
2019-05-17,4.559999942779541,4.559999942779541,4.559999942779541,3.5659477710723877,300
2019-05-20,4.510000228881836,4.510000228881836,4.510000228881836,3.526848077774048,200
2019-05-21,4.510000228881836,4.510000228881836,4.510000228881836,3.526848077774048,0
2019-05-22,4.510000228881836,4.510000228881836,4.510000228881836,3.526848077774048,100
2019-05-23,4.510000228881836,4.510000228881836,4.510000228881836,3.526848077774048,100
2019-05-24,4.429999828338623,4.429999828338623,4.429999828338623,3.464287042617798,100
2019-05-28,4.429999828338623,4.429999828338623,4.429999828338623,3.464287042617798,0
2019-05-29,4.429999828338623,4.429999828338623,4.429999828338623,3.464287042617798,0
2019-05-30,4.429999828338623,4.429999828338623,4.429999828338623,3.464287042617798,0
2019-05-31,4.420000076293945,4.420000076293945,4.420000076293945,3.4564669132232666,3000
2019-06-03,4.380000114440918,4.440000057220459,4.380000114440918,3.472107410430908,23100
2019-06-04,4.5,4.5,4.449999809265137,3.4799270629882812,2700
2019-06-05,4.550000190734863,4.550000190734863,4.539999961853027,3.5503077507019043,200
2019-06-06,4.539999961853027,4.539999961853027,4.539999961853027,3.5503077507019043,100
2019-06-07,4.539999961853027,4.539999961853027,4.539999961853027,3.5503077507019043,0
2019-06-10,4.539999961853027,4.539999961853027,4.539999961853027,3.5503077507019043,0
2019-06-11,4.539999961853027,4.539999961853027,4.539999961853027,3.5503077507019043,0
2019-06-12,4.539999961853027,4.539999961853027,4.539999961853027,3.5503077507019043,0
2019-06-13,4.539999961853027,4.539999961853027,4.539999961853027,3.5503077507019043,0
2019-06-14,4.340000152587891,4.340000152587891,4.340000152587891,3.393906593322754,900
2019-06-17,4.340000152587891,4.340000152587891,4.340000152587891,3.393906593322754,0
2019-06-18,4.340000152587891,4.340000152587891,4.340000152587891,3.393906593322754,100
2019-06-19,4.559999942779541,4.559999942779541,4.559999942779541,3.5659477710723877,2200
2019-06-20,4.559999942779541,4.559999942779541,4.559999942779541,3.5659477710723877,0
2019-06-21,4.460000038146973,4.5,4.449999809265137,3.5190279483795166,1257700
2019-06-24,4.5,4.5,4.5,3.5190279483795166,500100
2019-06-25,4.539999961853027,4.539999961853027,4.539999961853027,3.5503077507019043,3000000
2019-06-26,4.519999980926514,4.519999980926514,4.519999980926514,3.5346672534942627,7700
2019-06-27,4.510000228881836,4.510000228881836,4.510000228881836,3.526848077774048,1088200
2019-06-28,4.539999961853027,4.639999866485596,4.519999980926514,3.5346672534942627,162800
2019-07-01,4.619999885559082,4.739999771118164,4.619999885559082,3.7067084312438965,1575500
2019-07-02,4.659999847412109,4.659999847412109,4.659999847412109,3.644148588180542,1606100
2019-07-03,4.659999847412109,4.659999847412109,4.659999847412109,3.644148588180542,0
2019-07-05,4.679999828338623,4.679999828338623,4.659999847412109,3.644148588180542,1001200
2019-07-08,4.619999885559082,4.619999885559082,4.619999885559082,3.612867832183838,500800
2019-07-09,4.610000133514404,4.610000133514404,4.559999942779541,3.5659477710723877,2100
2019-07-10,4.559999942779541,4.559999942779541,4.559999942779541,3.5659477710723877,90700
2019-07-11,4.559999942779541,4.559999942779541,4.559999942779541,3.5659477710723877,500000
2019-07-12,4.559999942779541,4.559999942779541,4.559999942779541,3.5659477710723877,375100
2019-07-15,4.559999942779541,4.559999942779541,4.559999942779541,3.5659477710723877,2255500
2019-07-16,4.619999885559082,4.619999885559082,4.619999885559082,3.612867832183838,300
2019-07-17,4.619999885559082,4.619999885559082,4.619999885559082,3.612867832183838,500000
2019-07-18,4.559999942779541,4.559999942779541,4.559999942779541,3.5659477710723877,501000
2019-07-19,4.559999942779541,4.559999942779541,4.559999942779541,3.5659477710723877,100
2019-07-22,4.46999979019165,4.46999979019165,4.46999979019165,3.4955668449401855,3700
2019-07-23,4.610000133514404,4.610000133514404,4.610000133514404,3.605048179626465,1300000
2019-07-24,4.539999961853027,4.539999961853027,4.539999961853027,3.5503077507019043,1000600
2019-07-25,4.619999885559082,4.619999885559082,4.619999885559082,3.612867832183838,425100
2019-07-26,4.5,4.579999923706055,4.429999828338623,3.581587791442871,504500
2019-07-29,4.5,4.5,4.5,3.5190279483795166,32200
2019-07-30,4.5,4.5,4.5,3.5190279483795166,500000
2019-07-31,4.25,4.25,4.25,3.323526382446289,500
2019-08-01,4.300000190734863,4.300000190734863,4.199999809265137,3.2844254970550537,3900
2019-08-02,4.079999923706055,4.079999923706055,4.079999923706055,3.190584897994995,22300
2019-08-05,4.079999923706055,4.130000114440918,4.079999923706055,3.2296857833862305,520200
2019-08-06,4.079999923706055,4.130000114440918,4.079999923706055,3.2296857833862305,520200
2019-08-07,4.079999923706055,4.130000114440918,4.079999923706055,3.2296857833862305,100000
2019-08-08,4.079999923706055,4.130000114440918,4.079999923706055,3.2296857833862305,4200
2019-08-09,4.079999923706055,4.130000114440918,4.079999923706055,3.2296857833862305,100
2019-08-12,4.079999923706055,4.130000114440918,4.079999923706055,3.2296857833862305,100
2019-08-13,4.019999980926514,4.019999980926514,3.9200000762939453,3.0654642581939697,659500
2019-08-14,3.9000000953674316,3.9000000953674316,3.859999895095825,3.0185437202453613,700
2019-08-15,3.9000000953674316,3.9000000953674316,3.859999895095825,3.0185437202453613,147900
2019-08-16,3.950000047683716,3.950000047683716,3.950000047683716,3.0889241695404053,500000
2019-08-19,3.890000104904175,3.890000104904175,3.890000104904175,3.042004346847534,4300
2019-08-20,3.890000104904175,3.890000104904175,3.890000104904175,3.042004346847534,0
2019-08-21,3.869999885559082,3.869999885559082,3.869999885559082,3.0263636112213135,1000000
2019-08-22,3.869999885559082,3.869999885559082,3.869999885559082,3.0263636112213135,0
2019-08-23,3.809999942779541,3.940000057220459,3.809999942779541,3.081104040145874,6200
2019-08-26,3.940000057220459,3.940000057220459,3.940000057220459,3.081104040145874,0
2019-08-27,3.8299999237060547,3.8299999237060547,3.8299999237060547,2.9950835704803467,2250100
2019-08-28,3.8299999237060547,3.8299999237060547,3.8299999237060547,2.9950835704803467,0
2019-08-29,3.759999990463257,3.759999990463257,3.759999990463257,2.940343141555786,3175000
2019-08-30,3.7699999809265137,3.7699999809265137,3.7699999809265137,2.9481632709503174,100
2019-09-03,3.7300000190734863,3.7300000190734863,3.7300000190734863,2.9168832302093506,1300
2019-09-04,3.7300000190734863,3.7300000190734863,3.7300000190734863,2.9168832302093506,0
2019-09-05,3.9000000953674316,3.940000057220459,3.890000104904175,3.042004346847534,903200
2019-09-06,3.9000000953674316,3.9100000858306885,3.9000000953674316,3.0576441287994385,1206900
2019-09-09,3.9100000858306885,3.9100000858306885,3.9100000858306885,3.0576441287994385,0
2019-09-10,4.079999923706055,4.130000114440918,4.079999923706055,3.2296857833862305,200200
2019-09-11,4.119999885559082,4.119999885559082,4.119999885559082,3.221864938735962,100
2019-09-12,4.099999904632568,4.150000095367432,4.010000228881836,3.1358447074890137,321600
2019-09-13,4.150000095367432,4.199999809265137,4.150000095367432,3.2844254970550537,12000
2019-09-16,4.199999809265137,4.199999809265137,4.199999809265137,3.2844254970550537,2000000
2019-09-17,4.03000020980835,4.03000020980835,4.03000020980835,3.151484727859497,400400
2019-09-18,4.010000228881836,4.03000020980835,4.010000228881836,3.1358447074890137,901800
2019-09-19,4.099999904632568,4.099999904632568,4.099999904632568,3.2062249183654785,6300
2019-09-20,4.099999904632568,4.099999904632568,4.099999904632568,3.2062249183654785,25100
2019-09-23,4.099999904632568,4.099999904632568,4.099999904632568,3.2062249183654785,0
2019-09-24,4.099999904632568,4.099999904632568,4.099999904632568,3.2062249183654785,0
2019-09-25,3.9700000286102295,3.9700000286102295,3.9700000286102295,3.1045639514923096,900000
2019-09-26,3.9700000286102295,3.9700000286102295,3.9700000286102295,3.1045639514923096,0
2019-09-27,4.050000190734863,4.050000190734863,4.050000190734863,3.1671245098114014,743300
2019-09-30,4.050000190734863,4.050000190734863,4.050000190734863,3.1671245098114014,0
2019-10-01,4.050000190734863,4.050000190734863,4.050000190734863,3.1671245098114014,100
2019-10-02,3.9000000953674316,3.9000000953674316,3.9000000953674316,3.0498239994049072,2000
2019-10-03,3.9000000953674316,3.9000000953674316,3.9000000953674316,3.0498239994049072,1000000
2019-10-04,3.75,3.819999933242798,3.740000009536743,2.9872636795043945,16800
2019-10-07,3.819999933242798,3.819999933242798,3.819999933242798,2.9872636795043945,0
2019-10-08,3.819999933242798,3.819999933242798,3.819999933242798,2.9872636795043945,0
2019-10-09,3.890000104904175,3.890000104904175,3.890000104904175,3.042004346847534,2600
2019-10-10,3.930000066757202,3.930000066757202,3.930000066757202,3.073284149169922,600
2019-10-11,3.930000066757202,3.930000066757202,3.930000066757202,3.073284149169922,100
2019-10-14,3.930000066757202,3.930000066757202,3.930000066757202,3.073284149169922,0
2019-10-15,4.21999979019165,4.21999979019165,4.21999979019165,3.300065517425537,1400
2019-10-16,4.329999923706055,4.329999923706055,4.309999942779541,3.3704464435577393,4100000
2019-10-17,4.309999942779541,4.309999942779541,4.309999942779541,3.3704464435577393,0
2019-10-18,4.309999942779541,4.309999942779541,4.309999942779541,3.3704464435577393,0
2019-10-21,4.420000076293945,4.420000076293945,4.420000076293945,3.4564669132232666,200
2019-10-22,4.420000076293945,4.420000076293945,4.420000076293945,3.4564669132232666,700
2019-10-23,4.449999809265137,4.5,4.449999809265137,3.5190279483795166,74200
2019-10-24,4.5,4.5,4.5,3.5190279483795166,0
2019-10-25,4.329999923706055,4.329999923706055,4.329999923706055,3.3860862255096436,1000
2019-10-28,4.329999923706055,4.329999923706055,4.329999923706055,3.3860862255096436,0
2019-10-29,4.329999923706055,4.329999923706055,4.329999923706055,3.3860862255096436,0
2019-10-30,4.079999923706055,4.079999923706055,4.079999923706055,3.2745280265808105,500
2019-10-31,4.079999923706055,4.079999923706055,4.079999923706055,3.2745280265808105,0
2019-11-01,4.03000020980835,4.03000020980835,3.9200000762939453,3.2103214263916016,3400
2019-11-04,4,4,4,3.2103214263916016,0
2019-11-05,4.199999809265137,4.199999809265137,4.190000057220459,3.362811803817749,250500
2019-11-06,4.190000057220459,4.190000057220459,4.190000057220459,3.362811803817749,25000
2019-11-07,4.380000114440918,4.380000114440918,4.380000114440918,3.5153024196624756,700
2019-11-08,4.380000114440918,4.380000114440918,4.380000114440918,3.5153024196624756,0
2019-11-11,4.380000114440918,4.380000114440918,4.380000114440918,3.5153024196624756,0
2019-11-12,4.380000114440918,4.380000114440918,4.380000114440918,3.5153024196624756,37800
2019-11-13,4.380000114440918,4.380000114440918,4.380000114440918,3.5153024196624756,0
2019-11-14,3.7699999809265137,3.7699999809265137,3.7699999809265137,3.0257279872894287,1200
2019-11-15,3.9200000762939453,3.9200000762939453,3.9200000762939453,3.146115303039551,100
2019-11-18,3.9100000858306885,3.9100000858306885,3.9100000858306885,3.138089179992676,1000
2019-11-19,3.9100000858306885,3.9100000858306885,3.9100000858306885,3.138089179992676,0
2019-11-20,3.9100000858306885,3.9100000858306885,3.9100000858306885,3.138089179992676,0
2019-11-21,3.9100000858306885,3.9100000858306885,3.9100000858306885,3.138089179992676,0
2019-11-22,3.9100000858306885,3.9100000858306885,3.9100000858306885,3.138089179992676,0
2019-11-25,3.859999895095825,3.859999895095825,3.859999895095825,3.0979602336883545,100
2019-11-26,4.079999923706055,4.079999923706055,4.079999923706055,3.2745280265808105,200
2019-11-27,4.079999923706055,4.079999923706055,4.079999923706055,3.2745280265808105,0
2019-11-29,3.9000000953674316,3.9000000953674316,3.9000000953674316,3.130063533782959,200
2019-12-02,3.7100000381469727,3.9800000190734863,3.7100000381469727,3.1942696571350098,15200
2019-12-03,3.9800000190734863,3.9800000190734863,3.9800000190734863,3.1942696571350098,0
2019-12-04,3.930000066757202,3.930000066757202,3.880000114440918,3.1140120029449463,83400
2019-12-05,3.930000066757202,3.930000066757202,3.7899999618530273,3.0417795181274414,6900
2019-12-06,3.799999952316284,3.799999952316284,3.799999952316284,3.0498054027557373,65700
2019-12-09,3.799999952316284,3.799999952316284,3.799999952316284,3.0498054027557373,0
2019-12-10,3.799999952316284,3.799999952316284,3.799999952316284,3.0498054027557373,0
2019-12-11,3.950000047683716,3.9600000381469727,3.950000047683716,3.1782186031341553,79400
2019-12-12,4.110000133514404,4.110000133514404,4.099999904632568,3.2905795574188232,700
2019-12-13,4.130000114440918,4.130000114440918,4.050000190734863,3.250450611114502,6200
2019-12-16,4.050000190734863,4.050000190734863,4.050000190734863,3.250450611114502,0
2019-12-17,4.050000190734863,4.050000190734863,4.050000190734863,3.250450611114502,0
2019-12-18,4.059999942779541,4.059999942779541,4.010000228881836,3.2183473110198975,2500
2019-12-19,4.010000228881836,4.010000228881836,4.010000228881836,3.2183473110198975,0
2019-12-20,4.179999828338623,4.199999809265137,4.179999828338623,3.370837450027466,7300
2019-12-23,4.159999847412109,4.159999847412109,4.159999847412109,3.3387343883514404,4700
2019-12-24,4.159999847412109,4.159999847412109,4.159999847412109,3.3387343883514404,0
2019-12-26,4.150000095367432,4.150000095367432,3.990000009536743,3.202296018600464,4600
2019-12-27,3.990000009536743,3.990000009536743,3.990000009536743,3.202296018600464,0
2019-12-30,4.03000020980835,4.070000171661377,4.03000020980835,3.2343990802764893,9900
2019-12-31,4.03000020980835,4.03000020980835,4.03000020980835,3.2343990802764893,0
2020-01-02,4.03000020980835,4.03000020980835,4.03000020980835,3.2343990802764893,0
2020-01-03,4.230000019073486,4.25,4.230000019073486,3.4109668731689453,3600
2020-01-06,4.050000190734863,4.199999809265137,4.039999961853027,3.370837450027466,401500
2020-01-07,4.039999961853027,4.039999961853027,4.039999961853027,3.242424488067627,451000
2020-01-08,4.039999961853027,4.039999961853027,4.039999961853027,3.242424488067627,957400
2020-01-09,4.190000057220459,4.199999809265137,4.190000057220459,3.370837450027466,1015200
2020-01-10,4.199999809265137,4.199999809265137,4.199999809265137,3.370837450027466,0
2020-01-13,3.9000000953674316,3.9000000953674316,3.9000000953674316,3.130063533782959,100
2020-01-14,4.03000020980835,4.03000020980835,4.03000020980835,3.2343990802764893,5000
2020-01-15,4.03000020980835,4.03000020980835,4.03000020980835,3.2343990802764893,1000000
2020-01-16,4.03000020980835,4.03000020980835,4.03000020980835,3.2343990802764893,36200
2020-01-17,4.03000020980835,4.03000020980835,4.03000020980835,3.2343990802764893,3200
2020-01-21,4.03000020980835,4.03000020980835,4.03000020980835,3.2343990802764893,0
2020-01-22,4.03000020980835,4.03000020980835,4.03000020980835,3.2343990802764893,0
2020-01-23,4.110000133514404,4.110000133514404,4.110000133514404,3.2986056804656982,15000
2020-01-24,4.110000133514404,4.110000133514404,4.110000133514404,3.2986056804656982,6300
2020-01-27,3.9700000286102295,3.9700000286102295,3.9700000286102295,3.186244487762451,1000
2020-01-28,3.9700000286102295,3.9700000286102295,3.9700000286102295,3.186244487762451,0
2020-01-29,4.070000171661377,4.070000171661377,4.070000171661377,3.2665023803710938,1500
2020-01-30,4.070000171661377,4.070000171661377,4.070000171661377,3.2665023803710938,0
2020-01-31,3.799999952316284,3.950000047683716,3.759999990463257,3.1701924800872803,118500
2020-02-03,3.950000047683716,3.950000047683716,3.950000047683716,3.1701924800872803,0
2020-02-04,3.950000047683716,3.950000047683716,3.950000047683716,3.1701924800872803,58000
2020-02-05,3.950000047683716,3.950000047683716,3.950000047683716,3.1701924800872803,350000
2020-02-06,4.25,4.349999904632568,4.21999979019165,3.4430696964263916,523200
2020-02-07,4.190000057220459,4.300000190734863,4.190000057220459,3.4510953426361084,1200
2020-02-10,4.300000190734863,4.300000190734863,4.300000190734863,3.4510953426361084,0
2020-02-11,4.230000019073486,4.230000019073486,4.230000019073486,3.3949148654937744,2200
2020-02-12,4.230000019073486,4.230000019073486,4.230000019073486,3.3949148654937744,462000
2020-02-13,4.25,4.25,4.25,3.4109668731689453,200
2020-02-14,4.090000152587891,4.25,4.090000152587891,3.4109668731689453,4700
2020-02-18,4.25,4.25,4.25,3.4109668731689453,0
2020-02-19,4.150000095367432,4.150000095367432,4.150000095367432,3.3307089805603027,751000
2020-02-20,4.010000228881836,4.159999847412109,3.950000047683716,3.3307089805603027,29700
2020-02-21,4.110000133514404,4.110000133514404,4.110000133514404,3.2986056804656982,49900
2020-02-24,4.110000133514404,4.110000133514404,4.110000133514404,3.2986056804656982,0
2020-02-25,3.6700000762939453,3.9600000381469727,3.6700000762939453,3.1782186031341553,183500
2020-02-26,3.859999895095825,3.869999885559082,3.859999895095825,3.1059863567352295,12300
2020-02-27,3.869999885559082,3.869999885559082,3.609999895095825,2.897315263748169,82600
2020-02-28,3.6500000953674316,3.75,3.6500000953674316,3.009676694869995,102800
2020-03-02,3.75,3.75,3.75,3.009676694869995,0
2020-03-03,3.75,3.75,3.619999885559082,2.9053406715393066,116900
2020-03-04,3.6500000953674316,3.6700000762939453,3.6500000953674316,2.945470094680786,2400
2020-03-05,3.3399999141693115,3.3399999141693115,3.3399999141693115,2.6806182861328125,200
2020-03-06,3.2899999618530273,3.2899999618530273,3.259999990463257,2.6164119243621826,4000
2020-03-09,3.259999990463257,3.259999990463257,3.259999990463257,2.6164119243621826,0
2020-03-10,3,3.0999999046325684,3,2.407740831375122,29700
2020-03-11,3,3,3,2.407740831375122,0
2020-03-12,2.7799999713897705,2.7799999713897705,2.450000047683716,1.9663219451904297,500
2020-03-13,2.5,2.5,2.5,2.006450653076172,86800
2020-03-16,1.899999976158142,2.549999952316284,1.899999976158142,1.9261928796768188,86700
2020-03-17,2.25,2.609999895095825,2.180000066757202,2.0947346687316895,364400
2020-03-18,2.390000104904175,2.390000104904175,2.0799999237060547,1.6693671941757202,94900
2020-03-19,2.0799999237060547,2.0799999237060547,2.0799999237060547,1.6693671941757202,2200
2020-03-20,2.380000114440918,2.380000114440918,2.380000114440918,1.9101412296295166,1100
2020-03-23,2.0799999237060547,2.2799999713897705,2.0799999237060547,1.8298832178115845,22800
2020-03-24,2.559999942779541,2.559999942779541,2.559999942779541,2.0546061992645264,102600
2020-03-25,2.690000057220459,2.690000057220459,2.690000057220459,2.1589412689208984,184300
2020-03-26,2.7200000286102295,2.7200000286102295,2.7200000286102295,2.183018684387207,598400
2020-03-27,2.6500000953674316,2.6500000953674316,2.559999942779541,2.062631845474243,6900
2020-03-30,2.569999933242798,2.569999933242798,2.569999933242798,2.062631845474243,0
2020-03-31,2.569999933242798,2.569999933242798,2.569999933242798,2.062631845474243,0
2020-04-01,2.3499999046325684,2.3499999046325684,2.3499999046325684,1.886064052581787,55700
2020-04-02,2.4600000381469727,2.4600000381469727,2.3399999141693115,1.878037691116333,3600
2020-04-03,2.259999990463257,2.259999990463257,2.259999990463257,1.8138318061828613,11100
2020-04-06,2.2899999618530273,2.4800000190734863,2.2699999809265137,1.8218575716018677,1200
2020-04-07,2.450000047683716,2.450000047683716,2.450000047683716,1.9663219451904297,2200
2020-04-08,2.4200000762939453,2.4200000762939453,2.4000000953674316,1.9261928796768188,75800
2020-04-09,2.5399999618530273,2.5399999618530273,2.380000114440918,1.9101412296295166,1301000
2020-04-13,2.380000114440918,2.380000114440918,2.380000114440918,1.9101412296295166,0
2020-04-14,2.319999933242798,2.430000066757202,2.2200000286102295,1.950270414352417,266000
2020-04-15,2.2799999713897705,2.319999933242798,2.190000057220459,1.8619863986968994,4700
2020-04-16,2.0399999618530273,2.240000009536743,2.0399999618530273,1.7977800369262695,68200
2020-04-17,2.130000114440918,2.5,2.130000114440918,1.7255476713180542,69000
2020-04-20,2.1600000858306885,2.1600000858306885,2.119999885559082,1.709496259689331,200800
2020-04-21,2.059999942779541,2.0899999141693115,2.0399999618530273,1.677392840385437,450400
2020-04-22,2.0899999141693115,2.1700000762939453,2.0899999141693115,1.741599440574646,1600
2020-04-23,2.119999885559082,2.119999885559082,2.119999885559082,1.701470136642456,100
2020-04-24,2.059999942779541,2.0999999046325684,2.059999942779541,1.685418725013733,4200
2020-04-27,2.1500000953674316,2.1500000953674316,2.0899999141693115,1.677392840385437,5000
2020-04-28,2.240000009536743,2.240000009536743,2.1600000858306885,1.73357355594635,184900
2020-04-29,2.1600000858306885,2.1600000858306885,2.1600000858306885,1.73357355594635,0
2020-04-30,2.200000047683716,2.259999990463257,2.200000047683716,1.8138318061828613,1000
2020-05-01,2.259999990463257,2.259999990463257,2.259999990463257,1.8138318061828613,0
2020-05-04,2.140000104904175,2.140000104904175,2.140000104904175,1.7175220251083374,600
2020-05-05,2.1500000953674316,2.1500000953674316,2.1500000953674316,1.7255476713180542,10000
2020-05-06,2.109999895095825,2.109999895095825,2.109999895095825,1.6934444904327393,2100
2020-05-07,2.109999895095825,2.119999885559082,2.0299999713897705,1.6934444904327393,184400
2020-05-08,2.1700000762939453,2.1700000762939453,2.0999999046325684,1.685418725013733,3500
2020-05-11,2.0999999046325684,2.0999999046325684,2.0999999046325684,1.685418725013733,0
2020-05-12,2.0999999046325684,2.0999999046325684,2.0999999046325684,1.685418725013733,0
2020-05-13,2.009999990463257,2.0299999713897705,2,1.6051607131958008,4700
2020-05-14,2.0199999809265137,2.0199999809265137,2.009999990463257,1.6131865978240967,69800
2020-05-15,2,2,1.9199999570846558,1.5409541130065918,5600
2020-05-18,2.109999895095825,2.109999895095825,2.109999895095825,1.6934444904327393,200
2020-05-19,1.9700000286102295,1.9700000286102295,1.9700000286102295,1.5810835361480713,1400000
2020-05-20,2.059999942779541,2.119999885559082,2.059999942779541,1.701470136642456,200
2020-05-21,2.130000114440918,2.130000114440918,2.130000114440918,1.709496259689331,600100
2020-05-22,2.0799999237060547,2.0799999237060547,2.049999952316284,1.6693671941757202,1644600
2020-05-26,2.140000104904175,2.1600000858306885,2.140000104904175,1.73357355594635,2100
2020-05-27,2.450000047683716,2.450000047683716,2.259999990463257,1.8138318061828613,6770500
2020-05-28,2.359999895095825,2.359999895095825,2.3499999046325684,1.886064052581787,1004300
2020-05-29,2.2699999809265137,2.2699999809265137,2.240000009536743,1.8138318061828613,352800
2020-06-01,2.299999952316284,2.299999952316284,2.299999952316284,1.845934510231018,438500
2020-06-02,2.299999952316284,2.299999952316284,2.299999952316284,1.845934510231018,0
2020-06-03,2.549999952316284,2.549999952316284,2.549999952316284,2.0465798377990723,137500
2020-06-04,2.549999952316284,2.549999952316284,2.549999952316284,2.0465798377990723,511500
2020-06-05,2.8499999046325684,2.8499999046325684,2.7100000381469727,2.2070960998535156,812200
2020-06-08,2.859999895095825,2.9200000762939453,2.819999933242798,2.3435347080230713,40800
2020-06-09,2.859999895095825,2.859999895095825,2.8299999237060547,2.2713024616241455,159500
2020-06-10,2.8299999237060547,2.8299999237060547,2.759999990463257,2.2552506923675537,4000
2020-06-11,2.4200000762939453,2.630000114440918,2.4200000762939453,2.006450653076172,356600
2020-06-12,2.5,2.5,2.5,2.006450653076172,400
2020-06-15,2.380000114440918,2.4000000953674316,2.380000114440918,1.9261928796768188,300
2020-06-16,2.5299999713897705,2.559999942779541,2.5299999713897705,2.0465798377990723,9800
2020-06-17,2.5,2.5199999809265137,2.5,2.0225026607513428,410000
2020-06-18,2.4200000762939453,2.4200000762939453,2.4200000762939453,1.9422446489334106,150400
2020-06-19,2.4100000858306885,2.4100000858306885,2.4100000858306885,1.9342185258865356,50500
2020-06-22,2.4100000858306885,2.4100000858306885,2.4100000858306885,1.9342185258865356,0
2020-06-23,2.4100000858306885,2.4100000858306885,2.4100000858306885,1.9342185258865356,0
2020-06-24,2.4100000858306885,2.4100000858306885,2.4100000858306885,1.9342185258865356,12000
2020-06-25,2.4100000858306885,2.4100000858306885,2.4100000858306885,1.9342185258865356,0
2020-06-26,2.4100000858306885,2.4100000858306885,2.4100000858306885,1.9342185258865356,9100
2020-06-29,2.4100000858306885,2.4100000858306885,2.4100000858306885,1.9342185258865356,150000
2020-06-30,2.4100000858306885,2.4100000858306885,2.4100000858306885,1.9342185258865356,250000
2020-07-01,2.4100000858306885,2.4100000858306885,2.4100000858306885,1.9342185258865356,0
2020-07-02,2.569999933242798,2.569999933242798,2.569999933242798,2.062631845474243,5800
2020-07-06,2.640000104904175,2.640000104904175,2.5199999809265137,2.0225026607513428,5300
2020-07-07,2.5199999809265137,2.5199999809265137,2.490000009536743,1.998425006866455,220200
2020-07-08,2.490000009536743,2.490000009536743,2.490000009536743,1.998425006866455,0
2020-07-09,2.490000009536743,2.490000009536743,2.490000009536743,1.998425006866455,0
2020-07-10,2.490000009536743,2.490000009536743,2.490000009536743,1.998425006866455,0
2020-07-13,2.490000009536743,2.490000009536743,2.490000009536743,1.998425006866455,48400
2020-07-14,2.5199999809265137,2.5199999809265137,2.5199999809265137,2.0225026607513428,100
2020-07-15,2.5899999141693115,2.5899999141693115,2.569999933242798,2.062631845474243,616900
2020-07-16,2.569999933242798,2.569999933242798,2.569999933242798,2.062631845474243,0
2020-07-17,2.5299999713897705,2.5299999713897705,2.5299999713897705,2.0305283069610596,93000
2020-07-20,2.509999990463257,2.509999990463257,2.509999990463257,2.014476776123047,5900100
2020-07-21,2.509999990463257,2.509999990463257,2.509999990463257,2.014476776123047,0
2020-07-22,2.490000009536743,2.490000009536743,2.490000009536743,1.998425006866455,7560000
2020-07-23,2.490000009536743,2.490000009536743,2.490000009536743,1.998425006866455,0
2020-07-24,2.490000009536743,2.490000009536743,2.490000009536743,1.998425006866455,0
2020-07-27,2.309999942779541,2.309999942779541,2.309999942779541,1.8539605140686035,7400200
2020-07-28,2.309999942779541,2.309999942779541,2.309999942779541,1.8539605140686035,0
2020-07-29,2.3299999237060547,2.359999895095825,2.3299999237060547,1.8940894603729248,7600
2020-07-30,2.240000009536743,2.240000009536743,2.240000009536743,1.7977800369262695,1005200
2020-07-31,2.1600000858306885,2.1700000762939453,2.1600000858306885,1.741599440574646,250000
2020-08-03,2.1700000762939453,2.1700000762939453,2.1700000762939453,1.741599440574646,0
2020-08-04,2.25,2.25,2.25,1.8058058023452759,46000
2020-08-05,2.130000114440918,2.130000114440918,2.130000114440918,1.709496259689331,173100
2020-08-06,2.130000114440918,2.130000114440918,2.130000114440918,1.709496259689331,0
2020-08-07,2.200000047683716,2.2300000190734863,2.200000047683716,1.789754033088684,600
2020-08-10,2.25,2.25,2.2300000190734863,1.789754033088684,15800
2020-08-11,2.2300000190734863,2.2300000190734863,2.2300000190734863,1.789754033088684,204200
2020-08-12,2.2300000190734863,2.2300000190734863,2.2300000190734863,1.789754033088684,0
2020-08-13,2.299999952316284,2.299999952316284,2.299999952316284,1.845934510231018,500
2020-08-14,2.299999952316284,2.299999952316284,2.299999952316284,1.845934510231018,0
2020-08-17,2.299999952316284,2.299999952316284,2.299999952316284,1.845934510231018,0
2020-08-18,2.299999952316284,2.299999952316284,2.299999952316284,1.845934510231018,0
2020-08-19,2.299999952316284,2.299999952316284,2.299999952316284,1.845934510231018,0
2020-08-20,2.299999952316284,2.299999952316284,2.299999952316284,1.845934510231018,0
2020-08-21,2.0299999713897705,2.0299999713897705,2.0299999713897705,1.629238247871399,402800
2020-08-24,2.0299999713897705,2.0299999713897705,2.0299999713897705,1.629238247871399,0
2020-08-25,2.0299999713897705,2.0299999713897705,2.0299999713897705,1.629238247871399,0
2020-08-26,2.0299999713897705,2.0299999713897705,2.0299999713897705,1.629238247871399,0
2020-08-27,2.0299999713897705,2.0299999713897705,2.0299999713897705,1.629238247871399,0
2020-08-28,2.0299999713897705,2.0299999713897705,2.0299999713897705,1.629238247871399,0
2020-08-31,2.0299999713897705,2.0299999713897705,2.0299999713897705,1.629238247871399,0
2020-09-01,2.2300000190734863,2.2300000190734863,2.119999885559082,1.701470136642456,2406000
2020-09-02,2.0999999046325684,2.259999990463257,2.0999999046325684,1.8138318061828613,7800
2020-09-03,2.259999990463257,2.259999990463257,2.259999990463257,1.8138318061828613,0
2020-09-04,2.259999990463257,2.259999990463257,2.259999990463257,1.8138318061828613,259100
2020-09-08,2.299999952316284,2.299999952316284,2.0999999046325684,1.685418725013733,2800
2020-09-09,2.2300000190734863,2.2300000190734863,2.2300000190734863,1.789754033088684,4500
2020-09-10,2.200000047683716,2.200000047683716,2.200000047683716,1.7656766176223755,2200
2020-09-11,2.200000047683716,2.200000047683716,2.200000047683716,1.7656766176223755,0
2020-09-14,2.200000047683716,2.200000047683716,2.200000047683716,1.7656766176223755,0
2020-09-15,2.200000047683716,2.200000047683716,2.200000047683716,1.7656766176223755,0
2020-09-16,1.9800000190734863,2.109999895095825,1.9800000190734863,1.6934444904327393,10300
2020-09-17,2.0999999046325684,2.0999999046325684,2.0999999046325684,1.685418725013733,400000
2020-09-18,2.0299999713897705,2.0299999713897705,1.909999966621399,1.6131865978240967,584000
2020-09-21,1.8899999856948853,1.909999966621399,1.8799999952316284,1.5329285860061646,1950400
2020-09-22,1.8799999952316284,1.8799999952316284,1.8300000429153442,1.5008251667022705,1467100
2020-09-23,1.7999999523162842,1.7999999523162842,1.7999999523162842,1.444644570350647,505400
2020-09-24,1.7999999523162842,1.7999999523162842,1.7999999523162842,1.444644570350647,167600
2020-09-25,1.7899999618530273,1.8899999856948853,1.7899999618530273,1.5168770551681519,2900
2020-09-28,1.9500000476837158,1.9500000476837158,1.7899999618530273,1.4366188049316406,5100
2020-09-29,1.8700000047683716,1.8700000047683716,1.8700000047683716,1.5008251667022705,4500
2020-09-30,1.850000023841858,1.850000023841858,1.850000023841858,1.4847736358642578,666700
2020-10-01,1.8300000429153442,1.8300000429153442,1.8300000429153442,1.4687221050262451,24000
2020-10-02,1.8300000429153442,1.8300000429153442,1.8300000429153442,1.4687221050262451,0
2020-10-05,1.899999976158142,1.899999976158142,1.899999976158142,1.5249027013778687,50700
2020-10-06,2.009999990463257,2.009999990463257,1.9900000095367432,1.5971348285675049,70900
2020-10-07,1.8899999856948853,2.0899999141693115,1.8899999856948853,1.5891093015670776,130900
2020-10-08,2,2,2,1.6051607131958008,500
2020-10-09,2.0199999809265137,2.0199999809265137,2.0199999809265137,1.6212122440338135,379200
2020-10-12,2.0199999809265137,2.0199999809265137,2.0199999809265137,1.6212122440338135,0
2020-10-13,2.0199999809265137,2.0199999809265137,2.0199999809265137,1.6212122440338135,0
2020-10-14,2.0199999809265137,2.0199999809265137,2.0199999809265137,1.6212122440338135,11000
2020-10-15,1.8799999952316284,1.8899999856948853,1.840000033378601,1.5168770551681519,241300
2020-10-16,1.909999966621399,1.909999966621399,1.909999966621399,1.5329285860061646,100
2020-10-19,1.909999966621399,1.909999966621399,1.909999966621399,1.5329285860061646,0
2020-10-20,2,2,2,1.6051607131958008,2000
2020-10-21,2,2,2,1.6051607131958008,0
2020-10-22,2,2,1.9800000190734863,1.5891093015670776,8500
2020-10-23,2.140000104904175,2.140000104904175,2.140000104904175,1.7175220251083374,2500
2020-10-26,2.0399999618530273,2.0399999618530273,2.0399999618530273,1.6372640132904053,1000
2020-10-27,2.009999990463257,2.009999990463257,2.009999990463257,1.6131865978240967,4800
2020-10-28,2.009999990463257,2.009999990463257,2.009999990463257,1.6131865978240967,0
2020-10-29,2.009999990463257,2.009999990463257,2.009999990463257,1.6131865978240967,0
2020-10-30,1.9900000095367432,1.9900000095367432,1.9900000095367432,1.5971348285675049,135800
2020-11-02,2.0799999237060547,2.0799999237060547,2.0799999237060547,1.6693671941757202,56500
2020-11-03,2.1700000762939453,2.1700000762939453,2.1700000762939453,1.741599440574646,93000
2020-11-04,2.0799999237060547,2.0799999237060547,2.0799999237060547,1.6693671941757202,34300
2020-11-05,2.0999999046325684,2.0999999046325684,2.0399999618530273,1.6533154249191284,12500
2020-11-06,2.130000114440918,2.130000114440918,2.130000114440918,1.709496259689331,300
2020-11-09,2.5,2.509999990463257,2.4200000762939453,1.9422446489334106,5200
2020-11-10,2.6500000953674316,2.6600000858306885,2.6500000953674316,2.134864330291748,2300
2020-11-11,2.5799999237060547,2.5799999237060547,2.5799999237060547,2.0706570148468018,12200
2020-11-12,2.619999885559082,2.619999885559082,2.619999885559082,2.1027607917785645,21700
2020-11-13,2.819999933242798,2.819999933242798,2.700000047683716,2.1669669151306152,16800
2020-11-16,2.9000000953674316,2.9000000953674316,2.880000114440918,2.4170660972595215,400
2020-11-17,2.880000114440918,2.880000114440918,2.880000114440918,2.4170660972595215,125100
2020-11-18,2.9100000858306885,2.9100000858306885,2.9100000858306885,2.442244052886963,200
2020-11-19,2.9100000858306885,2.9100000858306885,2.9100000858306885,2.442244052886963,0
2020-11-20,2.9100000858306885,2.9100000858306885,2.9100000858306885,2.442244052886963,0
2020-11-23,2.9100000858306885,2.9100000858306885,2.9100000858306885,2.442244052886963,0
2020-11-24,2.9100000858306885,2.940000057220459,2.9100000858306885,2.4674220085144043,5500
2020-11-25,2.940000057220459,2.940000057220459,2.940000057220459,2.4674220085144043,0
2020-11-27,2.940000057220459,2.940000057220459,2.940000057220459,2.4674220085144043,0
2020-11-30,2.940000057220459,2.940000057220459,2.940000057220459,2.4674220085144043,0
2020-12-01,2.940000057220459,2.940000057220459,2.940000057220459,2.4674220085144043,0
2020-12-02,3.0199999809265137,3.1600000858306885,3.0199999809265137,2.618488311767578,1600
2020-12-03,3.119999885559082,3.119999885559082,3.119999885559082,2.618488311767578,0
2020-12-04,3.450000047683716,3.490000009536743,3.440000057220459,2.929013729095459,245100
2020-12-07,3.490000009536743,3.490000009536743,3.490000009536743,2.929013729095459,0
2020-12-08,3.240000009536743,3.2899999618530273,3.240000009536743,2.761162519454956,1300
2020-12-09,3.299999952316284,3.299999952316284,3.200000047683716,2.694021224975586,218800
2020-12-10,3.130000114440918,3.200000047683716,3.130000114440918,2.68562912940979,400
2020-12-11,3.200000047683716,3.200000047683716,3.200000047683716,2.68562912940979,82900
2020-12-14,3.2300000190734863,3.2300000190734863,3.1500000953674316,2.6436662673950195,3700
2020-12-15,3.259999990463257,3.259999990463257,3.259999990463257,2.7359845638275146,200
2020-12-16,3.259999990463257,3.259999990463257,3.259999990463257,2.7359845638275146,300000
2020-12-17,3.2799999713897705,3.2799999713897705,3.2799999713897705,2.7527694702148438,200
2020-12-18,3.1500000953674316,3.1500000953674316,3.1500000953674316,2.6436662673950195,531500
2020-12-21,2.8299999237060547,3.0999999046325684,2.8299999237060547,2.60170316696167,4300
2020-12-22,3.0999999046325684,3.0999999046325684,3.0999999046325684,2.60170316696167,38000
2020-12-23,3.1500000953674316,3.1500000953674316,3.1500000953674316,2.6436662673950195,25500
2020-12-24,3.200000047683716,3.200000047683716,3.200000047683716,2.68562912940979,4700
2020-12-28,3.200000047683716,3.200000047683716,3.200000047683716,2.68562912940979,50000
2020-12-29,3.200000047683716,3.200000047683716,3.200000047683716,2.68562912940979,0
2020-12-30,3.1700000762939453,3.2899999618530273,3,2.761162519454956,5800
2020-12-31,3,3,3,2.5177767276763916,200
2021-01-04,3,3,3,2.5177767276763916,0
2021-01-05,3.1500000953674316,3.1500000953674316,3.1500000953674316,2.6436662673950195,300
2021-01-06,3.1500000953674316,3.1500000953674316,3.1500000953674316,2.6436662673950195,0
2021-01-07,3.1500000953674316,3.1500000953674316,3.1500000953674316,2.6436662673950195,0
2021-01-08,3.1500000953674316,3.1500000953674316,3.1500000953674316,2.6436662673950195,126000
2021-01-11,3.1500000953674316,3.1500000953674316,3.1500000953674316,2.6436662673950195,100
2021-01-12,3.2799999713897705,3.4800000190734863,3.2799999713897705,2.912229061126709,409500
2021-01-13,3.4600000381469727,3.4700000286102295,3.440000057220459,2.912229061126709,1700
2021-01-14,3.4700000286102295,3.4700000286102295,3.309999942779541,2.777947425842285,3100
2021-01-15,3.309999942779541,3.319999933242798,3.309999942779541,2.7863399982452393,400000
2021-01-19,3.299999952316284,3.299999952316284,3.299999952316284,2.769554615020752,250700
2021-01-20,3.240000009536743,3.240000009536743,3.240000009536743,2.7191998958587646,4600
2021-01-21,3.240000009536743,3.240000009536743,3.240000009536743,2.7191998958587646,500000
2021-01-22,3.140000104904175,3.140000104904175,3.140000104904175,2.6352734565734863,800
2021-01-25,3.140000104904175,3.140000104904175,3.140000104904175,2.6352734565734863,0
2021-01-26,3.140000104904175,3.140000104904175,3.140000104904175,2.6352734565734863,0
2021-01-27,3.140000104904175,3.140000104904175,3.140000104904175,2.6352734565734863,0
2021-01-28,2.990000009536743,3.009999990463257,2.990000009536743,2.526169776916504,1100
2021-01-29,2.7899999618530273,3.0999999046325684,2.7899999618530273,2.60170316696167,135800
2021-02-01,2.7699999809265137,2.7699999809265137,2.7699999809265137,2.3247478008270264,3200
2021-02-02,2.950000047683716,3.0199999809265137,2.950000047683716,2.4925997257232666,9300
2021-02-03,3.009999990463257,3.0899999141693115,3.009999990463257,2.5933101177215576,298500
2021-02-04,3.200000047683716,3.3399999141693115,3.200000047683716,2.8031251430511475,14100
2021-02-05,3.490000009536743,3.490000009536743,3.3299999237060547,2.7947325706481934,1400
2021-02-08,3.4000000953674316,3.4000000953674316,3.299999952316284,2.769554615020752,31600
2021-02-09,3.299999952316284,3.299999952316284,3.299999952316284,2.769554615020752,0
2021-02-10,3.4600000381469727,3.4600000381469727,3.440000057220459,2.8870511054992676,700
2021-02-11,3.4200000762939453,3.4200000762939453,3.4200000762939453,2.8702657222747803,29700
2021-02-12,3.309999942779541,3.430000066757202,3.309999942779541,2.8786585330963135,36900
2021-02-16,3.430000066757202,3.430000066757202,3.430000066757202,2.8786585330963135,25000
2021-02-17,3.430000066757202,3.430000066757202,3.430000066757202,2.8786585330963135,0
2021-02-18,3.430000066757202,3.440000057220459,3.430000066757202,2.8870511054992676,14800
2021-02-19,3.5199999809265137,3.5199999809265137,3.5199999809265137,2.9541919231414795,204500
2021-02-22,3.5999999046325684,3.5999999046325684,3.5999999046325684,3.0213325023651123,300
2021-02-23,3.569999933242798,3.569999933242798,3.569999933242798,2.996155023574829,95000
2021-02-24,3.559999942779541,3.559999942779541,3.440000057220459,2.8870511054992676,17300
2021-02-25,3.440000057220459,3.440000057220459,3.440000057220459,2.8870511054992676,0
2021-02-26,3.440000057220459,3.440000057220459,3.440000057220459,2.8870511054992676,0
2021-03-01,3.569999933242798,3.569999933242798,3.569999933242798,2.996155023574829,100
2021-03-02,3.569999933242798,3.569999933242798,3.569999933242798,2.996155023574829,0
2021-03-03,3.569999933242798,3.569999933242798,3.559999942779541,2.987762451171875,640500
2021-03-04,3.559999942779541,3.619999885559082,3.559999942779541,3.0381174087524414,300200
2021-03-05,3.609999895095825,3.609999895095825,3.4100000858306885,3.0129404067993164,40300
2021-03-08,3.5799999237060547,3.759999990463257,3.5799999237060547,3.155614137649536,450700
2021-03-09,3.569999933242798,3.630000114440918,3.569999933242798,3.0465104579925537,237100
2021-03-10,3.5399999618530273,3.5399999618530273,3.5399999618530273,2.970977306365967,250100
2021-03-11,3.5,3.5399999618530273,3.5,2.970977306365967,100200
2021-03-12,3.559999942779541,3.559999942779541,3.549999952316284,2.979369878768921,50400
2021-03-15,3.5999999046325684,3.5999999046325684,3.5,2.9374067783355713,70200
2021-03-16,3.450000047683716,3.450000047683716,3.450000047683716,2.895443916320801,1100
2021-03-17,3.4800000190734863,3.4800000190734863,3.4800000190734863,2.920621871948242,200
2021-03-18,3.559999942779541,3.559999942779541,3.559999942779541,2.987762451171875,200
2021-03-19,3.559999942779541,3.559999942779541,3.559999942779541,2.987762451171875,0
2021-03-22,3.559999942779541,3.559999942779541,3.559999942779541,2.987762451171875,0
2021-03-23,3.390000104904175,3.390000104904175,3.390000104904175,2.845088005065918,900
2021-03-24,3.359999895095825,3.359999895095825,3.2300000190734863,2.710806369781494,5500
2021-03-25,3.380000114440918,3.380000114440918,3.380000114440918,2.836695909500122,100
2021-03-26,3.4000000953674316,3.4000000953674316,3.4000000953674316,2.8534812927246094,500
2021-03-29,3.4000000953674316,3.4000000953674316,3.4000000953674316,2.8534812927246094,0
2021-03-30,3.440000057220459,3.440000057220459,3.440000057220459,2.8870511054992676,100000
2021-03-31,3.440000057220459,3.440000057220459,3.440000057220459,2.8870511054992676,24000
2021-04-01,3.440000057220459,3.440000057220459,3.440000057220459,2.8870511054992676,100
2021-04-05,3.3299999237060547,3.3299999237060547,3.3299999237060547,2.7947325706481934,300
2021-04-06,3.5,3.5,3.5,2.9374067783355713,4300
2021-04-07,3.2799999713897705,3.509999990463257,3.2799999713897705,2.9457993507385254,3800
2021-04-08,3.4600000381469727,3.4600000381469727,3.4600000381469727,2.903836488723755,300
2021-04-09,3.4700000286102295,3.4700000286102295,3.4700000286102295,2.912229061126709,100
2021-04-12,3.450000047683716,3.450000047683716,3.450000047683716,2.895443916320801,1600
2021-04-13,3.450000047683716,3.450000047683716,3.450000047683716,2.895443916320801,200
2021-04-14,3.4600000381469727,3.4800000190734863,3.380000114440918,2.836695909500122,1500
2021-04-15,3.4000000953674316,3.4000000953674316,3.4000000953674316,2.8534812927246094,200
2021-04-16,3.450000047683716,3.450000047683716,3.3499999046325684,2.8115174770355225,2300
2021-04-19,3.5899999141693115,3.5899999141693115,3.5799999237060547,3.004547357559204,1500
2021-04-20,3.4800000190734863,3.4800000190734863,3.4200000762939453,2.8786585330963135,509100
2021-04-21,3.380000114440918,3.380000114440918,3.380000114440918,2.836695909500122,400
2021-04-22,3.369999885559082,3.369999885559082,3.369999885559082,2.8283028602600098,18200
2021-04-23,3.440000057220459,3.440000057220459,3.440000057220459,2.8870511054992676,400
2021-04-26,3.5299999713897705,3.5299999713897705,3.490000009536743,2.929013729095459,800
2021-04-27,3.5799999237060547,3.6700000762939453,3.5,3.054903268814087,1306000
2021-04-28,3.7699999809265137,3.7699999809265137,3.7699999809265137,3.164006471633911,1400100
2021-04-29,3.799999952316284,3.799999952316284,3.799999952316284,3.1891846656799316,51200
2021-04-30,3.9100000858306885,3.9100000858306885,3.9100000858306885,3.3102498054504395,100
2021-05-03,3.9100000858306885,4,3.819999933242798,3.2340550422668457,17500
2021-05-04,3.7899999618530273,3.8499999046325684,3.7899999618530273,3.259453296661377,400
2021-05-05,3.819999933242798,3.9100000858306885,3.819999933242798,3.3102498054504395,600
2021-05-06,3.9100000858306885,3.9100000858306885,3.9100000858306885,3.3102498054504395,900
2021-05-07,3.809999942779541,3.819999933242798,3.809999942779541,3.2340550422668457,500
2021-05-10,3.950000047683716,4.010000228881836,3.7799999713897705,3.394911050796509,87600
2021-05-11,4,4,3.950000047683716,3.344114303588867,200
2021-05-12,4.070000171661377,4.070000171661377,4.070000171661377,3.4457080364227295,400
2021-05-13,3.940000057220459,3.940000057220459,3.940000057220459,3.335648775100708,79600
2021-05-14,4.050000190734863,4.059999942779541,4.050000190734863,3.437241554260254,400
2021-05-17,4.03000020980835,4.03000020980835,4.03000020980835,3.4118432998657227,400
2021-05-18,3.940000057220459,4.150000095367432,3.859999895095825,3.513437032699585,7200
2021-05-19,4.050000190734863,4.050000190734863,4,3.3864448070526123,66300
2021-05-20,4.21999979019165,4.21999979019165,4.21999979019165,3.5726993083953857,200
2021-05-21,4.21999979019165,4.21999979019165,4.21999979019165,3.5726993083953857,0
2021-05-24,3.819999933242798,3.819999933242798,3.819999933242798,3.2340550422668457,200
2021-05-25,3.819999933242798,3.819999933242798,3.819999933242798,3.2340550422668457,0
2021-05-26,4.039999961853027,4.039999961853027,4.039999961853027,3.42030930519104,300
2021-05-27,4.239999771118164,4.239999771118164,4.239999771118164,3.5896310806274414,200
2021-05-28,4.239999771118164,4.239999771118164,4.239999771118164,3.5896310806274414,5700
2021-06-01,4.239999771118164,4.239999771118164,4.239999771118164,3.5896310806274414,0
2021-06-02,4.230000019073486,4.260000228881836,4.230000019073486,3.6065640449523926,3100
2021-06-03,4.260000228881836,4.260000228881836,4.260000228881836,3.6065640449523926,0
2021-06-04,4.21999979019165,4.21999979019165,4.21999979019165,3.5726993083953857,700
2021-06-07,3.990000009536743,3.990000009536743,3.9600000381469727,3.3525807857513428,11200
2021-06-08,3.9000000953674316,3.9000000953674316,3.9000000953674316,3.301783800125122,257300
2021-06-09,4.130000114440918,4.349999904632568,4.130000114440918,3.5473010540008545,545700
2021-06-10,4.28000020980835,4.400000095367432,4.150000095367432,3.6234962940216064,109500
2021-06-11,4.300000190734863,4.300000190734863,4.130000114440918,3.530369520187378,217800
2021-06-14,4.190000057220459,4.190000057220459,4.150000095367432,3.513437032699585,7700
2021-06-15,4.150000095367432,4.25,4.090000152587891,3.4626402854919434,14000
2021-06-16,4.010000228881836,4.010000228881836,4.010000228881836,3.394911050796509,299600
2021-06-17,4.090000152587891,4.099999904632568,4,3.3864448070526123,4100
2021-06-18,3.9800000190734863,3.9800000190734863,3.9800000190734863,3.3695125579833984,500
2021-06-21,3.9200000762939453,3.9200000762939453,3.9200000762939453,3.318716287612915,400200
2021-06-22,3.9200000762939453,3.9200000762939453,3.9200000762939453,3.318716287612915,1400
2021-06-23,3.7699999809265137,3.799999952316284,3.7699999809265137,3.217122793197632,681900
2021-06-24,4.150000095367432,4.150000095367432,4.139999866485596,3.504970073699951,238100
2021-06-25,4,4.019999980926514,3.7799999713897705,3.3864448070526123,36200
2021-06-28,4.050000190734863,4.050000190734863,3.930000066757202,3.327181816101074,800
2021-06-29,3.9000000953674316,3.9600000381469727,3.9000000953674316,3.3525807857513428,300
2021-06-30,3.8499999046325684,3.8499999046325684,3.8499999046325684,3.259453296661377,600
2021-07-01,3.799999952316284,3.8299999237060547,3.799999952316284,3.242521047592163,2500
2021-07-02,3.7699999809265137,3.7699999809265137,3.7699999809265137,3.1917240619659424,12500
2021-07-06,3.940000057220459,3.940000057220459,3.6600000858306885,3.098597526550293,2500
2021-07-07,3.6500000953674316,3.6500000953674316,3.6500000953674316,3.0901312828063965,3100
2021-07-08,3.6500000953674316,3.7799999713897705,3.6500000953674316,3.200190782546997,500
2021-07-09,3.8499999046325684,3.8499999046325684,3.640000104904175,3.0816650390625,80900
2021-07-12,3.700000047683716,3.700000047683716,3.700000047683716,3.1324615478515625,9300
2021-07-13,3.680000066757202,3.680000066757202,3.640000104904175,3.0816650390625,800
2021-07-14,3.680000066757202,3.680000066757202,3.6500000953674316,3.0901312828063965,11300
2021-07-15,3.6500000953674316,3.6500000953674316,3.6500000953674316,3.0901312828063965,4000
2021-07-16,3.5299999713897705,3.75,3.4600000381469727,3.0562667846679688,281000
2021-07-19,3.609999895095825,3.609999895095825,3.609999895095825,3.0562667846679688,100
2021-07-20,3.2799999713897705,3.450000047683716,3.2799999713897705,2.920808792114258,67100
2021-07-21,3.5899999141693115,3.700000047683716,3.5899999141693115,3.0901312828063965,1200
2021-07-22,3.5899999141693115,3.5899999141693115,3.5899999141693115,3.039334535598755,200
2021-07-23,3.700000047683716,3.700000047683716,3.6700000762939453,3.115529775619507,800300
2021-07-26,3.5799999237060547,3.9100000858306885,3.5799999237060547,3.3102498054504395,3500
2021-07-27,3.799999952316284,3.799999952316284,3.700000047683716,3.1324615478515625,7800
2021-07-28,3.609999895095825,3.609999895095825,3.430000066757202,2.9970040321350098,3600
2021-07-29,3.5399999618530273,3.5399999618530273,3.5399999618530273,2.9970040321350098,0
2021-07-30,3.6700000762939453,3.7200000286102295,3.609999895095825,3.1324615478515625,2600
2021-08-02,3.680000066757202,3.680000066757202,3.5,3.039334535598755,15600
2021-08-03,3.680000066757202,3.7200000286102295,3.5399999618530273,2.9970040321350098,23100
2021-08-04,3.549999952316284,3.549999952316284,3.549999952316284,3.005470037460327,300
2021-08-05,3.630000114440918,3.630000114440918,3.609999895095825,3.0562667846679688,700
2021-08-06,3.75,3.809999942779541,3.690000057220459,3.123995304107666,11400
2021-08-09,3.6500000953674316,3.6500000953674316,3.6500000953674316,3.0901312828063965,300
2021-08-10,3.759999990463257,3.759999990463257,3.759999990463257,3.183258295059204,200
2021-08-11,3.630000114440918,3.630000114440918,3.630000114440918,3.0731987953186035,6000
2021-08-12,3.819999933242798,3.8299999237060547,3.6500000953674316,3.242521047592163,8200
2021-08-13,3.8399999141693115,3.8399999141693115,3.7699999809265137,3.1917240619659424,500
2021-08-16,3.759999990463257,3.759999990463257,3.759999990463257,3.183258295059204,100
2021-08-17,3.759999990463257,3.759999990463257,3.759999990463257,3.183258295059204,500000
2021-08-18,3.6600000858306885,3.6600000858306885,3.6600000858306885,3.098597526550293,400
2021-08-19,3.6600000858306885,3.6600000858306885,3.6600000858306885,3.098597526550293,0
2021-08-20,3.4200000762939453,3.7200000286102295,3.3399999141693115,2.8954100608825684,11400
2021-08-23,3.4200000762939453,3.4200000762939453,3.4200000762939453,2.8954100608825684,0
2021-08-24,3.630000114440918,3.630000114440918,3.630000114440918,3.0731987953186035,100
2021-08-25,3.630000114440918,3.630000114440918,3.630000114440918,3.0731987953186035,0
2021-08-26,3.700000047683716,3.700000047683716,3.700000047683716,3.1324615478515625,75200
2021-08-27,3.5999999046325684,3.5999999046325684,3.549999952316284,3.005470037460327,10000
2021-08-30,3.700000047683716,3.700000047683716,3.5299999713897705,2.9885377883911133,24100
2021-08-31,3.7100000381469727,3.7100000381469727,3.680000066757202,3.115529775619507,751700
2021-09-01,3.740000009536743,3.7799999713897705,3.740000009536743,3.200190782546997,800200
2021-09-02,3.7200000286102295,3.7899999618530273,3.7200000286102295,3.2086565494537354,2600
2021-09-03,3.7899999618530273,3.7899999618530273,3.7899999618530273,3.2086565494537354,200
2021-09-07,3.690000057220459,3.759999990463257,3.690000057220459,3.183258295059204,11800
2021-09-08,3.640000104904175,3.640000104904175,3.640000104904175,3.0816650390625,100
2021-09-09,3.5899999141693115,3.619999885559082,3.5899999141693115,3.064732313156128,2800
2021-09-10,3.6500000953674316,3.6500000953674316,3.5999999046325684,3.047800302505493,1600
2021-09-13,3.6500000953674316,3.6500000953674316,3.4800000190734863,3.0901312828063965,2000
2021-09-14,3.640000104904175,3.640000104904175,3.640000104904175,3.0816650390625,102000
2021-09-15,3.640000104904175,3.640000104904175,3.640000104904175,3.0816650390625,0
2021-09-16,3.640000104904175,3.640000104904175,3.640000104904175,3.0816650390625,0
2021-09-17,3.759999990463257,3.759999990463257,3.5799999237060547,3.0308680534362793,1800
2021-09-20,3.5799999237060547,3.5799999237060547,3.5799999237060547,3.0308680534362793,0
2021-09-21,3.309999942779541,3.5199999809265137,3.309999942779541,2.8361473083496094,6000
2021-09-22,3.4600000381469727,3.4600000381469727,3.4600000381469727,2.9292750358581543,2300
2021-09-23,3.5399999618530273,3.5899999141693115,3.5399999618530273,3.039334535598755,22000
2021-09-24,3.630000114440918,3.630000114440918,3.4800000190734863,2.963139295578003,1100
2021-09-27,3.5399999618530273,3.690000057220459,3.5399999618530273,3.123995304107666,600
2021-09-28,3.5999999046325684,3.5999999046325684,3.5799999237060547,3.0308680534362793,1200
2021-09-29,3.619999885559082,3.640000104904175,3.619999885559082,3.0816650390625,2400
2021-09-30,3.700000047683716,3.7100000381469727,3.640000104904175,3.0816650390625,2107200
2021-10-01,3.6600000858306885,3.6600000858306885,3.5999999046325684,3.064732313156128,45600
2021-10-04,3.759999990463257,3.819999933242798,3.6500000953674316,3.0901312828063965,1002300
2021-10-05,3.75,3.75,3.75,3.174792528152466,600
2021-10-06,3.75,3.75,3.75,3.174792528152466,0
2021-10-07,3.75,3.75,3.75,3.174792528152466,160000
2021-10-08,3.869999885559082,3.869999885559082,3.869999885559082,3.27638578414917,150000
2021-10-11,3.9100000858306885,4.070000171661377,3.9100000858306885,3.4457080364227295,3900
2021-10-12,3.869999885559082,3.869999885559082,3.869999885559082,3.27638578414917,1000600
2021-10-13,3.869999885559082,3.869999885559082,3.869999885559082,3.27638578414917,100
2021-10-14,3.8499999046325684,3.8499999046325684,3.8299999237060547,3.242521047592163,500
2021-10-15,3.8299999237060547,3.8299999237060547,3.8299999237060547,3.242521047592163,0
2021-10-18,3.7300000190734863,3.859999895095825,3.7300000190734863,3.2679193019866943,12600
2021-10-19,3.9100000858306885,4.039999961853027,3.9100000858306885,3.42030930519104,17600
2021-10-20,3.9100000858306885,3.9100000858306885,3.9100000858306885,3.3102498054504395,400
2021-10-21,3.890000104904175,3.890000104904175,3.8499999046325684,3.259453296661377,700
2021-10-22,3.8499999046325684,3.8499999046325684,3.8499999046325684,3.259453296661377,200
2021-10-25,3.859999895095825,3.9800000190734863,3.8399999141693115,3.2509868144989014,4500
2021-10-26,3.8299999237060547,3.8299999237060547,3.8299999237060547,3.242521047592163,18800
2021-10-27,3.7899999618530273,3.7899999618530273,3.7899999618530273,3.2086565494537354,900
2021-10-28,3.859999895095825,3.859999895095825,3.859999895095825,3.2679193019866943,200
2021-10-29,3.859999895095825,3.859999895095825,3.859999895095825,3.316899538040161,0
2021-11-01,3.890000104904175,3.890000104904175,3.890000104904175,3.3426780700683594,805700
2021-11-02,3.7699999809265137,3.7699999809265137,3.7699999809265137,3.239562511444092,200
2021-11-03,3.7699999809265137,3.7699999809265137,3.7699999809265137,3.239562511444092,0
2021-11-04,3.7699999809265137,3.7699999809265137,3.7699999809265137,3.239562511444092,400
2021-11-05,3.700000047683716,3.75,3.700000047683716,3.1794114112854004,250500
2021-11-08,3.700000047683716,3.700000047683716,3.700000047683716,3.1794114112854004,0
2021-11-09,3.700000047683716,3.700000047683716,3.700000047683716,3.1794114112854004,7800
2021-11-10,3.7100000381469727,3.75,3.640000104904175,3.2223763465881348,20200
2021-11-11,3.75,3.75,3.75,3.2223763465881348,0
2021-11-12,3.75,3.75,3.75,3.2223763465881348,0
2021-11-15,3.559999942779541,3.5999999046325684,3.559999942779541,3.0934813022613525,1400
2021-11-16,3.7200000286102295,3.7200000286102295,3.640000104904175,3.1278536319732666,2800
2021-11-17,3.640000104904175,3.640000104904175,3.640000104904175,3.1278536319732666,0
2021-11-18,3.5,3.5,3.5,3.0075511932373047,5300
2021-11-19,3.430000066757202,3.4600000381469727,3.430000066757202,2.955993413925171,300400
2021-11-22,3.5,3.5,3.430000066757202,2.9474003314971924,701300
2021-11-23,3.430000066757202,3.430000066757202,3.430000066757202,2.9474003314971924,100
2021-11-24,3.430000066757202,3.430000066757202,3.430000066757202,2.9474003314971924,0
2021-11-26,3.140000104904175,3.140000104904175,3.140000104904175,2.6982033252716064,500
2021-11-29,3.0899999141693115,3.1700000762939453,3.0899999141693115,2.706796169281006,500600
2021-11-30,3.0999999046325684,3.0999999046325684,3.0999999046325684,2.6638309955596924,1300
2021-12-01,3.190000057220459,3.190000057220459,3.190000057220459,2.7411680221557617,766200
2021-12-02,3.0999999046325684,3.0999999046325684,3.0999999046325684,2.6638309955596924,100
2021-12-03,3.119999885559082,3.119999885559082,3.119999885559082,2.6810171604156494,44900
2021-12-06,3.119999885559082,3.119999885559082,3.119999885559082,2.6810171604156494,0
2021-12-07,3.119999885559082,3.119999885559082,3.119999885559082,2.6810171604156494,0
2021-12-08,3.0799999237060547,3.0899999141693115,3.0799999237060547,2.6552376747131348,6550000
2021-12-09,3.049999952316284,3.049999952316284,3.0399999618530273,2.6122727394104004,7720900
2021-12-10,3.0199999809265137,3.0199999809265137,3.0199999809265137,2.5950868129730225,2001900
2021-12-13,3.009999990463257,3.009999990463257,2.930000066757202,2.5177502632141113,900
2021-12-14,3,3.0299999713897705,2.880000114440918,2.5607151985168457,314200
2021-12-15,2.9600000381469727,3.009999990463257,2.9600000381469727,2.586494207382202,102100
2021-12-16,3.0999999046325684,3.0999999046325684,3.069999933242798,2.638052225112915,150500
2021-12-17,3.0999999046325684,3.0999999046325684,3.0999999046325684,2.6638309955596924,420300
2021-12-20,2.940000057220459,2.990000009536743,2.940000057220459,2.569308042526245,1562400
2021-12-21,3.069999933242798,3.069999933242798,3.069999933242798,2.638052225112915,2200
2021-12-22,3.0999999046325684,3.109999895095825,3.049999952316284,2.672424077987671,312900
2021-12-23,3.450000047683716,3.450000047683716,3.299999952316284,2.835690975189209,2900
2021-12-27,3.299999952316284,3.299999952316284,3.299999952316284,2.835690975189209,0
2021-12-28,3.299999952316284,3.299999952316284,3.299999952316284,2.835690975189209,0
2021-12-29,3.309999942779541,3.309999942779541,3.309999942779541,2.8442842960357666,1014600
2021-12-30,3.309999942779541,3.309999942779541,3.309999942779541,2.8442842960357666,0
2021-12-31,3.3299999237060547,3.3299999237060547,3.3299999237060547,2.8614699840545654,900
2022-01-03,3.3299999237060547,3.3299999237060547,3.3299999237060547,2.8614699840545654,0
2022-01-04,3.3299999237060547,3.3299999237060547,3.3299999237060547,2.8614699840545654,500000
2022-01-05,3.3299999237060547,3.3299999237060547,3.3299999237060547,2.8614699840545654,0
2022-01-06,3.5,3.5,3.5,3.0075511932373047,100
2022-01-07,3.5199999809265137,3.5299999713897705,3.5199999809265137,3.0333304405212402,200000
2022-01-10,3.5399999618530273,3.5399999618530273,3.5299999713897705,3.0333304405212402,1500000
2022-01-11,3.609999895095825,3.609999895095825,3.359999895095825,2.887248992919922,755700
2022-01-12,3.380000114440918,3.5,3.380000114440918,3.0075511932373047,4300
2022-01-13,3.5,3.5,3.5,3.0075511932373047,700000
2022-01-14,3.5,3.5,3.5,3.0075511932373047,0
2022-01-18,3.5,3.5,3.5,3.0075511932373047,0
2022-01-19,3.5799999237060547,3.5999999046325684,3.4800000190734863,3.0934813022613525,412900
2022-01-20,3.5399999618530273,3.5399999618530273,3.5299999713897705,3.0333304405212402,106700
2022-01-21,3.4600000381469727,3.490000009536743,3.4600000381469727,2.998958110809326,349100
2022-01-24,3.25,3.319999933242798,3.25,2.8442842960357666,403300
2022-01-25,3.309999942779541,3.309999942779541,3.309999942779541,2.8442842960357666,0
2022-01-26,3.309999942779541,3.309999942779541,3.309999942779541,2.8442842960357666,0
2022-01-27,3.4600000381469727,3.4600000381469727,3.4600000381469727,2.973179340362549,3200
2022-01-28,3.5199999809265137,3.5199999809265137,3.5199999809265137,3.0247373580932617,400
2022-01-31,3.630000114440918,3.630000114440918,3.630000114440918,3.119260549545288,500200
2022-02-01,3.630000114440918,3.630000114440918,3.630000114440918,3.119260549545288,0
2022-02-02,3.630000114440918,3.630000114440918,3.630000114440918,3.119260549545288,6600
2022-02-03,3.630000114440918,3.630000114440918,3.630000114440918,3.119260549545288,0
2022-02-04,3.630000114440918,3.630000114440918,3.630000114440918,3.119260549545288,184400
2022-02-07,3.549999952316284,3.759999990463257,3.549999952316284,3.230969190597534,197500
2022-02-08,3.759999990463257,3.759999990463257,3.759999990463257,3.230969190597534,0
2022-02-09,3.759999990463257,3.759999990463257,3.759999990463257,3.230969190597534,0
2022-02-10,4.019999980926514,4.019999980926514,4.019999980926514,3.4543874263763428,200
2022-02-11,3.930000066757202,3.930000066757202,3.930000066757202,3.3770506381988525,600
2022-02-14,3.930000066757202,3.930000066757202,3.930000066757202,3.3770506381988525,0
2022-02-15,4.050000190734863,4.050000190734863,4.050000190734863,3.4801666736602783,300
2022-02-16,3.869999885559082,3.869999885559082,3.869999885559082,3.3254923820495605,20900
2022-02-17,3.869999885559082,3.869999885559082,3.869999885559082,3.3254923820495605,0
2022-02-18,3.869999885559082,3.869999885559082,3.869999885559082,3.3254923820495605,0
2022-02-22,3.869999885559082,3.869999885559082,3.869999885559082,3.3254923820495605,0
2022-02-23,3.559999942779541,3.559999942779541,3.559999942779541,3.0591094493865967,300
2022-02-24,3.559999942779541,3.559999942779541,3.559999942779541,3.0591094493865967,0
2022-02-25,3.4700000286102295,3.4700000286102295,3.4200000762939453,2.9388070106506348,1100
2022-02-28,3.4200000762939453,3.4200000762939453,3.4200000762939453,2.9388070106506348,3200
2022-03-01,3.4200000762939453,3.4200000762939453,3.4200000762939453,2.9388070106506348,0
2022-03-02,3.4200000762939453,3.4200000762939453,3.4200000762939453,2.9388070106506348,0
2022-03-03,3.299999952316284,3.380000114440918,3.0399999618530273,2.9044349193573,19600
2022-03-04,2.950000047683716,2.950000047683716,2.950000047683716,2.5349361896514893,4400
2022-03-07,2.950000047683716,2.950000047683716,2.950000047683716,2.5349361896514893,27300
2022-03-08,3.049999952316284,3.049999952316284,2.7799999713897705,2.4833779335021973,1700800
2022-03-09,3.1600000858306885,3.1600000858306885,3.1600000858306885,2.7153890132904053,200
2022-03-10,3.190000057220459,3.190000057220459,3.190000057220459,2.7411680221557617,500800
2022-03-11,3.1500000953674316,3.1500000953674316,3.130000114440918,2.689610481262207,1487500
2022-03-14,3.25,3.25,3.25,2.7927262783050537,100
2022-03-15,3.25,3.25,3.25,2.7927262783050537,1600000
2022-03-16,3.4700000286102295,3.4700000286102295,3.299999952316284,2.835690975189209,1701000
2022-03-17,3.299999952316284,3.299999952316284,3.299999952316284,2.835690975189209,3500000
2022-03-18,3.4200000762939453,3.4200000762939453,3.4200000762939453,2.9388070106506348,976000
2022-03-21,3.4200000762939453,3.4200000762939453,3.4200000762939453,2.9388070106506348,0
2022-03-22,3.3299999237060547,3.3299999237060547,3.3299999237060547,2.8614699840545654,2700
2022-03-23,3.3299999237060547,3.3299999237060547,3.3299999237060547,2.8614699840545654,100
2022-03-24,3.3299999237060547,3.3299999237060547,3.3299999237060547,2.8614699840545654,131700
2022-03-25,3.3299999237060547,3.3299999237060547,3.3299999237060547,2.8614699840545654,0
2022-03-28,3.3299999237060547,3.3299999237060547,3.3299999237060547,2.8614699840545654,0
2022-03-29,3.7799999713897705,3.7899999618530273,3.7799999713897705,3.2567481994628906,501200
2022-03-30,3.5199999809265137,3.5199999809265137,3.3499999046325684,2.8786561489105225,500500
2022-03-31,3.450000047683716,3.549999952316284,3.450000047683716,2.964586019515991,22100
2022-04-01,3.450000047683716,3.450000047683716,3.450000047683716,2.964586019515991,2000000
2022-04-04,3.5,3.5,3.5,3.0075511932373047,300
2022-04-05,3.5,3.5,3.5,3.0075511932373047,0
2022-04-06,3.5,3.5,3.5,3.0075511932373047,0
2022-04-07,3.5,3.5,3.5,3.0075511932373047,0
2022-04-08,3.5,3.5,3.5,3.0075511932373047,0
2022-04-11,3.430000066757202,3.430000066757202,3.430000066757202,2.9474003314971924,300
2022-04-12,3.430000066757202,3.430000066757202,3.430000066757202,2.9474003314971924,11800
2022-04-13,3.430000066757202,3.430000066757202,3.430000066757202,2.9474003314971924,0
2022-04-14,3.430000066757202,3.430000066757202,3.430000066757202,2.9474003314971924,0
2022-04-18,3.430000066757202,3.430000066757202,3.430000066757202,2.9474003314971924,0
2022-04-19,3.430000066757202,3.430000066757202,3.430000066757202,2.9474003314971924,0
2022-04-20,3.430000066757202,3.430000066757202,3.430000066757202,2.9474003314971924,0
2022-04-21,3.4100000858306885,3.4100000858306885,3.4100000858306885,2.9302144050598145,400500
2022-04-22,3.4600000381469727,3.4600000381469727,3.2899999618530273,2.8270981311798096,1600
2022-04-25,3.380000114440918,3.380000114440918,3.2899999618530273,2.835690975189209,7000200
2022-04-26,3.0799999237060547,3.0799999237060547,3.059999942779541,2.6294591426849365,600100
2022-04-27,3.059999942779541,3.059999942779541,3.059999942779541,2.6294591426849365,131700
2022-04-28,2.940000057220459,2.940000057220459,2.880000114440918,2.519242525100708,125900
2022-04-29,2.880000114440918,2.880000114440918,2.880000114440918,2.519242525100708,0
2022-05-02,2.880000114440918,2.880000114440918,2.880000114440918,2.519242525100708,0
2022-05-03,2.880000114440918,2.880000114440918,2.880000114440918,2.519242525100708,0
2022-05-04,3.069999933242798,3.069999933242798,3.069999933242798,2.6854424476623535,500
2022-05-05,3.069999933242798,3.069999933242798,3.069999933242798,2.6854424476623535,0
2022-05-06,3.069999933242798,3.069999933242798,3.069999933242798,2.6854424476623535,0
2022-05-09,2.890000104904175,2.890000104904175,2.890000104904175,2.527989625930786,3400
2022-05-10,2.890000104904175,2.890000104904175,2.890000104904175,2.527989625930786,0
2022-05-11,2.890000104904175,2.890000104904175,2.890000104904175,2.527989625930786,0
2022-05-12,2.690000057220459,2.690000057220459,2.690000057220459,2.3530426025390625,1300
2022-05-13,2.8399999141693115,2.8399999141693115,2.8399999141693115,2.484252691268921,200
2022-05-16,2.8399999141693115,2.8399999141693115,2.8399999141693115,2.484252691268921,0
2022-05-17,2.9200000762939453,2.930000066757202,2.9200000762939453,2.5629794597625732,800
2022-05-18,2.8299999237060547,2.8299999237060547,2.8299999237060547,2.4755055904388428,15000
2022-05-19,2.8299999237060547,2.9100000858306885,2.8299999237060547,2.545484781265259,500
2022-05-20,2.9100000858306885,2.9100000858306885,2.9100000858306885,2.545484781265259,0
2022-05-23,3.0199999809265137,3.130000114440918,3.0199999809265137,2.641705274581909,143600
2022-05-24,3.0199999809265137,3.0199999809265137,3.0199999809265137,2.641705274581909,2000000
2022-05-25,3.1500000953674316,3.1500000953674316,3.1500000953674316,2.7554211616516113,8100
2022-05-26,3.1500000953674316,3.1500000953674316,3.1500000953674316,2.7554211616516113,3019700
2022-05-27,3.1500000953674316,3.1500000953674316,3.1500000953674316,2.7554211616516113,0
2022-05-31,3.1500000953674316,3.1500000953674316,3.1500000953674316,2.7554211616516113,0
2022-06-01,3.1500000953674316,3.1500000953674316,3.1500000953674316,2.7554211616516113,0
2022-06-02,3.1500000953674316,3.1500000953674316,3.1500000953674316,2.7554211616516113,0
2022-06-03,3.0899999141693115,3.0899999141693115,3.0899999141693115,2.7029366493225098,500
2022-06-06,3.0899999141693115,3.0899999141693115,3.0899999141693115,2.7029366493225098,3000000
2022-06-07,3.0899999141693115,3.0899999141693115,3.0899999141693115,2.7029366493225098,0
2022-06-08,3.0899999141693115,3.0899999141693115,3.0899999141693115,2.7029366493225098,0
2022-06-09,3.0899999141693115,3.0899999141693115,3.0899999141693115,2.7029366493225098,0
2022-06-10,3.0399999618530273,3.0399999618530273,3.0399999618530273,2.6591999530792236,139100
2022-06-13,3.0399999618530273,3.0399999618530273,3.0399999618530273,2.6591999530792236,0
2022-06-14,2.5999999046325684,2.5999999046325684,2.5999999046325684,2.27431583404541,600
2022-06-15,2.5999999046325684,2.5999999046325684,2.5999999046325684,2.27431583404541,2000
2022-06-16,2.5999999046325684,2.5999999046325684,2.5999999046325684,2.27431583404541,0
2022-06-17,2.5999999046325684,2.5999999046325684,2.5999999046325684,2.27431583404541,500000
2022-06-21,2.5999999046325684,2.5999999046325684,2.5999999046325684,2.27431583404541,0
2022-06-22,2.5999999046325684,2.5999999046325684,2.5999999046325684,2.27431583404541,1000000
2022-06-23,2.869999885559082,2.869999885559082,2.869999885559082,2.5104944705963135,20600
2022-06-24,2.9100000858306885,2.9100000858306885,2.9100000858306885,2.545484781265259,1200
2022-06-27,2.9100000858306885,2.9100000858306885,2.9100000858306885,2.545484781265259,0
2022-06-28,3,3,2.799999952316284,2.545484781265259,3300
2022-06-29,2.8499999046325684,2.8499999046325684,2.8499999046325684,2.493000030517578,812300
2022-06-30,2.8499999046325684,2.8499999046325684,2.8499999046325684,2.493000030517578,18800
2022-07-01,2.8499999046325684,2.8499999046325684,2.8499999046325684,2.493000030517578,28200
2022-07-05,2.8499999046325684,2.8499999046325684,2.8499999046325684,2.493000030517578,0
2022-07-06,2.8499999046325684,2.8499999046325684,2.8499999046325684,2.493000030517578,600000
2022-07-07,2.8499999046325684,2.8499999046325684,2.8499999046325684,2.493000030517578,0
2022-07-08,2.8499999046325684,2.8499999046325684,2.8499999046325684,2.493000030517578,0
2022-07-11,2.8499999046325684,2.8499999046325684,2.8499999046325684,2.493000030517578,0
2022-07-12,2.390000104904175,2.5,2.390000104904175,2.1868419647216797,34800
2022-07-13,2.5,2.5,2.5,2.1868419647216797,1000000
2022-07-14,2.5,2.5,2.5,2.1868419647216797,1000700
2022-07-15,2.5,2.5,2.5,2.1868419647216797,5855200
2022-07-18,2.5,2.5,2.5,2.1868419647216797,0
2022-07-19,2.5,2.5,2.5,2.1868419647216797,4300
2022-07-20,2.440000057220459,2.440000057220459,2.440000057220459,2.1343581676483154,200
2022-07-21,2.440000057220459,2.440000057220459,2.440000057220459,2.1343581676483154,0
2022-07-22,2.440000057220459,2.440000057220459,2.440000057220459,2.1343581676483154,99500
2022-07-25,2.440000057220459,2.440000057220459,2.440000057220459,2.1343581676483154,0
2022-07-26,2.440000057220459,2.440000057220459,2.440000057220459,2.1343581676483154,146200
2022-07-27,2.440000057220459,2.440000057220459,2.440000057220459,2.1343581676483154,0
2022-07-28,2.440000057220459,2.440000057220459,2.440000057220459,2.1343581676483154,5100
2022-07-29,2.490000009536743,2.490000009536743,2.490000009536743,2.1780946254730225,700000
2022-08-01,2.490000009536743,2.490000009536743,2.490000009536743,2.1780946254730225,0
2022-08-02,2.490000009536743,2.490000009536743,2.490000009536743,2.1780946254730225,0
2022-08-03,2.319999933242798,2.319999933242798,2.319999933242798,2.0293896198272705,2000
2022-08-04,2.319999933242798,2.319999933242798,2.319999933242798,2.0293896198272705,0
2022-08-05,2.5399999618530273,2.5399999618530273,2.5399999618530273,2.221831798553467,11700
2022-08-08,2.5399999618530273,2.5399999618530273,2.5399999618530273,2.221831798553467,0
2022-08-09,2.509999990463257,2.509999990463257,2.509999990463257,2.195589780807495,48200
2022-08-10,2.509999990463257,2.509999990463257,2.509999990463257,2.195589780807495,0
2022-08-11,2.509999990463257,2.509999990463257,2.509999990463257,2.195589780807495,0
2022-08-12,2.509999990463257,2.509999990463257,2.509999990463257,2.195589780807495,0
2022-08-15,2.509999990463257,2.509999990463257,2.509999990463257,2.195589780807495,0
2022-08-16,2.509999990463257,2.509999990463257,2.509999990463257,2.195589780807495,0
2022-08-17,2.5199999809265137,2.640000104904175,2.5199999809265137,2.309305429458618,700
2022-08-18,2.640000104904175,2.640000104904175,2.640000104904175,2.309305429458618,0
2022-08-19,2.549999952316284,2.549999952316284,2.549999952316284,2.230579376220703,200
2022-08-22,2.4600000381469727,2.4600000381469727,2.4600000381469727,2.15185284614563,143500
2022-08-23,2.3399999141693115,2.3399999141693115,2.3399999141693115,2.046884298324585,801400
2022-08-24,2.3399999141693115,2.3399999141693115,2.3399999141693115,2.046884298324585,1700000
2022-08-25,2.3399999141693115,2.3399999141693115,2.3399999141693115,2.046884298324585,1200000
2022-08-26,2.3399999141693115,2.3399999141693115,2.3399999141693115,2.046884298324585,300000
2022-08-29,2.3399999141693115,2.3399999141693115,2.3399999141693115,2.046884298324585,1100000
2022-08-30,2.4100000858306885,2.4100000858306885,2.4100000858306885,2.1081156730651855,1000400
2022-08-31,2.4100000858306885,2.4100000858306885,2.4100000858306885,2.1081156730651855,517700
2022-09-01,2.359999895095825,2.359999895095825,2.359999895095825,2.0643789768218994,159500
2022-09-02,2.359999895095825,2.359999895095825,2.359999895095825,2.0643789768218994,472800
2022-09-06,2.359999895095825,2.359999895095825,2.359999895095825,2.0643789768218994,0
2022-09-07,2.369999885559082,2.440000057220459,2.369999885559082,2.1343581676483154,1511100
2022-09-08,2.4100000858306885,2.4100000858306885,2.4100000858306885,2.1081156730651855,1181100
2022-09-09,2.4100000858306885,2.4100000858306885,2.4100000858306885,2.1081156730651855,25000
2022-09-12,2.4100000858306885,2.4100000858306885,2.4100000858306885,2.1081156730651855,71100
2022-09-13,2.4100000858306885,2.4100000858306885,2.4100000858306885,2.1081156730651855,0
2022-09-14,2.4100000858306885,2.4100000858306885,2.4100000858306885,2.1081156730651855,2000
2022-09-15,2.509999990463257,2.509999990463257,2.509999990463257,2.195589780807495,200
2022-09-16,2.509999990463257,2.509999990463257,2.509999990463257,2.195589780807495,6400
2022-09-19,2.509999990463257,2.509999990463257,2.509999990463257,2.195589780807495,0
2022-09-20,2.509999990463257,2.509999990463257,2.509999990463257,2.195589780807495,0
2022-09-21,2.509999990463257,2.509999990463257,2.509999990463257,2.195589780807495,0
2022-09-22,2.509999990463257,2.509999990463257,2.509999990463257,2.195589780807495,87200
2022-09-23,2.509999990463257,2.509999990463257,2.509999990463257,2.195589780807495,0
2022-09-26,2.509999990463257,2.509999990463257,2.509999990463257,2.195589780807495,0
2022-09-27,2.509999990463257,2.509999990463257,2.509999990463257,2.195589780807495,0
2022-09-28,2.359999895095825,2.369999885559082,2.180000066757202,1.9069266319274902,1432500
2022-09-29,2.3299999237060547,2.3299999237060547,2.2699999809265137,1.9856528043746948,8400
2022-09-30,2.2699999809265137,2.2699999809265137,2.2699999809265137,1.9856528043746948,0
2022-10-03,2.2699999809265137,2.2699999809265137,2.2699999809265137,1.9856528043746948,200100
2022-10-04,2.2699999809265137,2.2699999809265137,2.2699999809265137,1.9856528043746948,0
2022-10-05,2.2699999809265137,2.2699999809265137,2.2699999809265137,1.9856528043746948,0
2022-10-06,2.2699999809265137,2.2699999809265137,2.2699999809265137,1.9856528043746948,0
2022-10-07,2.2699999809265137,2.2699999809265137,2.2699999809265137,1.9856528043746948,0
2022-10-10,2.2699999809265137,2.2699999809265137,2.2699999809265137,1.9856528043746948,0
2022-10-11,2.2699999809265137,2.2699999809265137,2.2699999809265137,1.9856528043746948,0
2022-10-12,2.2699999809265137,2.2699999809265137,2.2699999809265137,1.9856528043746948,212600
2022-10-13,2.2699999809265137,2.2699999809265137,2.2699999809265137,1.9856528043746948,94100
2022-10-14,2.5399999618530273,2.5399999618530273,2.2699999809265137,2.195589780807495,9800
2022-10-17,2.509999990463257,2.509999990463257,2.509999990463257,2.195589780807495,0
2022-10-18,2.5999999046325684,2.5999999046325684,2.5999999046325684,2.27431583404541,331400
2022-10-19,2.5999999046325684,2.5999999046325684,2.5999999046325684,2.27431583404541,0
2022-10-20,2.450000047683716,2.450000047683716,2.450000047683716,2.1431052684783936,2300
2022-10-21,2.450000047683716,2.450000047683716,2.450000047683716,2.1431052684783936,0
2022-10-24,2.450000047683716,2.450000047683716,2.450000047683716,2.1431052684783936,0
2022-10-25,2.809999942779541,2.809999942779541,2.549999952316284,2.230579376220703,764500
2022-10-26,2.549999952316284,2.549999952316284,2.549999952316284,2.230579376220703,1000000
2022-10-27,2.549999952316284,2.549999952316284,2.549999952316284,2.230579376220703,250000
2022-10-28,2.549999952316284,2.549999952316284,2.549999952316284,2.230579376220703,0
2022-10-31,2.450000047683716,2.450000047683716,2.450000047683716,2.1929848194122314,16400
2022-11-01,2.450000047683716,2.450000047683716,2.450000047683716,2.1929848194122314,500
2022-11-02,2.450000047683716,2.450000047683716,2.450000047683716,2.1929848194122314,0
2022-11-03,2.450000047683716,2.450000047683716,2.450000047683716,2.1929848194122314,0
2022-11-04,2.75,2.75,2.630000114440918,2.354102373123169,1300
2022-11-07,2.630000114440918,2.630000114440918,2.630000114440918,2.354102373123169,0
2022-11-08,2.5999999046325684,2.5999999046325684,2.5999999046325684,2.32724928855896,5500
2022-11-09,2.440000057220459,2.440000057220459,2.440000057220459,2.1840341091156006,6000
2022-11-10,2.440000057220459,2.440000057220459,2.440000057220459,2.1840341091156006,0
2022-11-11,2.440000057220459,2.440000057220459,2.440000057220459,2.1840341091156006,0
2022-11-14,2.440000057220459,2.440000057220459,2.440000057220459,2.1840341091156006,0
2022-11-15,2.5999999046325684,2.5999999046325684,2.5999999046325684,2.32724928855896,1100
2022-11-16,2.5999999046325684,2.5999999046325684,2.5999999046325684,2.32724928855896,0
2022-11-17,2.5999999046325684,2.5999999046325684,2.5999999046325684,2.32724928855896,95800
2022-11-18,2.5999999046325684,2.5999999046325684,2.5999999046325684,2.32724928855896,0
2022-11-21,2.5999999046325684,2.5999999046325684,2.5999999046325684,2.32724928855896,0
2022-11-22,2.8499999046325684,2.8499999046325684,2.8499999046325684,2.551023244857788,1001000
2022-11-23,2.8499999046325684,2.8499999046325684,2.8499999046325684,2.551023244857788,0
2022-11-25,2.9000000953674316,2.9000000953674316,2.9000000953674316,2.595778465270996,19800
2022-11-28,2.9000000953674316,2.9000000953674316,2.9000000953674316,2.595778465270996,0
2022-11-29,2.940000057220459,3.049999952316284,2.940000057220459,2.7300426959991455,11500
2022-11-30,3.049999952316284,3.049999952316284,3.049999952316284,2.7300426959991455,0
2022-12-01,3.049999952316284,3.049999952316284,3.049999952316284,2.7300426959991455,0
2022-12-02,3.049999952316284,3.049999952316284,3.049999952316284,2.7300426959991455,0
2022-12-05,3,3,3,2.6852877140045166,2500
2022-12-06,3,3,3,2.6852877140045166,0
2022-12-07,2.819999933242798,2.819999933242798,2.819999933242798,2.524170398712158,100
2022-12-08,2.819999933242798,2.819999933242798,2.819999933242798,2.524170398712158,0
2022-12-09,2.819999933242798,2.819999933242798,2.819999933242798,2.524170398712158,13100
2022-12-12,2.819999933242798,2.819999933242798,2.819999933242798,2.524170398712158,1500
2022-12-13,2.819999933242798,2.819999933242798,2.819999933242798,2.524170398712158,0
2022-12-14,2.819999933242798,2.819999933242798,2.819999933242798,2.524170398712158,0
2022-12-15,2.819999933242798,2.819999933242798,2.819999933242798,2.524170398712158,0
2022-12-16,2.819999933242798,2.819999933242798,2.819999933242798,2.524170398712158,0
2022-12-19,2.819999933242798,2.819999933242798,2.819999933242798,2.524170398712158,0
2022-12-20,2.819999933242798,2.819999933242798,2.819999933242798,2.524170398712158,0
2022-12-21,2.819999933242798,2.819999933242798,2.819999933242798,2.524170398712158,0
2022-12-22,3.0299999713897705,3.0299999713897705,2.809999942779541,2.5152196884155273,1800
2022-12-23,2.809999942779541,2.809999942779541,2.809999942779541,2.5152196884155273,0
2022-12-27,2.950000047683716,2.950000047683716,2.799999952316284,2.640533208847046,2300
2022-12-28,2.990000009536743,2.990000009536743,2.9100000858306885,2.604729652404785,126900
2022-12-29,2.9100000858306885,2.9100000858306885,2.9100000858306885,2.604729652404785,0
2022-12-30,2.9100000858306885,2.9100000858306885,2.9100000858306885,2.604729652404785,0
2023-01-03,2.9100000858306885,2.9100000858306885,2.9100000858306885,2.604729652404785,0
2023-01-04,3.0999999046325684,3.0999999046325684,3.0999999046325684,2.7747974395751953,19700
2023-01-05,3.0999999046325684,3.0999999046325684,3.0999999046325684,2.7747974395751953,0
2023-01-06,3.2899999618530273,3.3499999046325684,3.130000114440918,2.8016505241394043,29100
2023-01-09,3.130000114440918,3.130000114440918,3.130000114440918,2.8016505241394043,0
2023-01-10,3.130000114440918,3.130000114440918,3.130000114440918,2.8016505241394043,0
2023-01-11,3.25,3.25,3.25,2.909061908721924,12300
2023-01-12,3.2200000286102295,3.2200000286102295,3.2200000286102295,2.882208824157715,200
2023-01-13,3.2200000286102295,3.2200000286102295,3.2200000286102295,2.882208824157715,0
2023-01-17,3.2200000286102295,3.2200000286102295,3.2200000286102295,2.882208824157715,0
2023-01-18,3.4600000381469727,3.4600000381469727,3.4600000381469727,3.097032070159912,1000
2023-01-19,3.4600000381469727,3.4600000381469727,3.4600000381469727,3.097032070159912,0
2023-01-20,3.3299999237060547,3.3299999237060547,3.3299999237060547,2.9806692600250244,600
2023-01-23,3.3299999237060547,3.3299999237060547,3.3299999237060547,2.9806692600250244,0
2023-01-24,3.5,3.5,3.5,3.132835865020752,700
2023-01-25,3.5,3.5,3.5,3.132835865020752,0
2023-01-26,3.509999990463257,3.509999990463257,3.509999990463257,3.141787052154541,2500400
2023-01-27,3.509999990463257,3.509999990463257,3.509999990463257,3.141787052154541,0
2023-01-30,3.509999990463257,3.509999990463257,3.509999990463257,3.141787052154541,1250000
2023-01-31,3.509999990463257,3.509999990463257,3.509999990463257,3.141787052154541,0
2023-02-01,3.5999999046325684,3.5999999046325684,3.5999999046325684,3.2223453521728516,500
2023-02-02,3.8499999046325684,3.8499999046325684,3.8499999046325684,3.4461193084716797,100
2023-02-03,3.930000066757202,3.9800000190734863,3.930000066757202,3.5624818801879883,7900
2023-02-06,3.940000057220459,3.940000057220459,3.940000057220459,3.5266780853271484,300
2023-02-07,3.9000000953674316,3.9000000953674316,3.619999885559082,3.4729726314544678,2200
2023-02-08,3.7200000286102295,3.7200000286102295,3.6600000858306885,3.2760515213012695,2006200
2023-02-09,3.6600000858306885,3.6600000858306885,3.6600000858306885,3.2760515213012695,0
2023-02-10,3.6600000858306885,3.6600000858306885,3.6600000858306885,3.2760515213012695,2000
2023-02-13,3.7200000286102295,3.7200000286102295,3.7200000286102295,3.329756736755371,2500
2023-02-14,3.7200000286102295,3.7200000286102295,3.7200000286102295,3.329756736755371,0
2023-02-15,3.7200000286102295,3.7200000286102295,3.7200000286102295,3.329756736755371,0
2023-02-16,3.7200000286102295,3.7200000286102295,3.7200000286102295,3.329756736755371,0
2023-02-17,3.7899999618530273,3.7899999618530273,3.7899999618530273,3.392413377761841,100
2023-02-21,3.7200000286102295,3.75,3.7200000286102295,3.35660982131958,63000
2023-02-22,3.6500000953674316,3.6500000953674316,3.6500000953674316,3.2671005725860596,100
2023-02-23,3.6500000953674316,3.6500000953674316,3.6500000953674316,3.2671005725860596,0
2023-02-24,3.630000114440918,3.630000114440918,3.630000114440918,3.2491986751556396,500100
2023-02-27,3.7699999809265137,3.7699999809265137,3.7699999809265137,3.37451171875,500
2023-02-28,3.950000047683716,3.950000047683716,3.950000047683716,3.5356290340423584,400
2023-03-01,3.950000047683716,3.950000047683716,3.930000066757202,3.5177271366119385,400
2023-03-02,3.940000057220459,3.940000057220459,3.9000000953674316,3.4908742904663086,18200
2023-03-03,4.070000171661377,4.070000171661377,3.9700000286102295,3.5535309314727783,6400
2023-03-06,3.9000000953674316,4.199999809265137,3.9000000953674316,3.7594029903411865,2001900
2023-03-07,3.9800000190734863,3.9800000190734863,3.9800000190734863,3.5624818801879883,200
2023-03-08,3.9800000190734863,3.9800000190734863,3.9800000190734863,3.5624818801879883,0
2023-03-09,3.9800000190734863,3.9800000190734863,3.9800000190734863,3.5624818801879883,0
2023-03-10,3.7100000381469727,3.7200000286102295,3.7100000381469727,3.329756736755371,225100
2023-03-13,3.5199999809265137,3.700000047683716,3.5199999809265137,3.3118550777435303,10800
2023-03-14,3.569999933242798,3.569999933242798,3.569999933242798,3.1954925060272217,1500
2023-03-15,3.4700000286102295,3.4700000286102295,3.4700000286102295,3.105982780456543,182400
2023-03-16,3.4700000286102295,3.4700000286102295,3.4700000286102295,3.105982780456543,62700
2023-03-17,3.180000066757202,3.180000066757202,3.180000066757202,2.846405267715454,3700
2023-03-20,3.180000066757202,3.180000066757202,3.180000066757202,2.846405267715454,0
2023-03-21,3.6500000953674316,3.6500000953674316,3.6500000953674316,3.2671005725860596,500
2023-03-22,3.6500000953674316,3.6500000953674316,3.6500000953674316,3.2671005725860596,0
2023-03-23,3.6500000953674316,3.6500000953674316,3.6500000953674316,3.2671005725860596,0
2023-03-24,3.6500000953674316,3.6500000953674316,3.6500000953674316,3.2671005725860596,0
2023-03-27,3.6500000953674316,3.6500000953674316,3.6500000953674316,3.2671005725860596,20300
2023-03-28,3.6500000953674316,3.6500000953674316,3.6500000953674316,3.2671005725860596,0
2023-03-29,3.6500000953674316,3.6500000953674316,3.6500000953674316,3.2671005725860596,0
2023-03-30,3.6500000953674316,3.6500000953674316,3.6500000953674316,3.2671005725860596,0
2023-03-31,3.5799999237060547,3.5999999046325684,3.4700000286102295,3.105982780456543,33300
2023-04-03,3.4700000286102295,3.4700000286102295,3.4700000286102295,3.105982780456543,0
2023-04-04,4.050000190734863,4.050000190734863,4.050000190734863,3.625138759613037,500
2023-04-05,4.050000190734863,4.050000190734863,4.050000190734863,3.625138759613037,2300
2023-04-06,4.050000190734863,4.050000190734863,4.050000190734863,3.625138759613037,0
2023-04-10,4.050000190734863,4.050000190734863,4,3.625138759613037,2700
2023-04-11,4.050000190734863,4.050000190734863,4.050000190734863,3.625138759613037,0
2023-04-12,3.8499999046325684,3.8499999046325684,3.8499999046325684,3.4461193084716797,1000500
2023-04-13,3.8499999046325684,3.8499999046325684,3.8499999046325684,3.4461193084716797,0
2023-04-14,3.8499999046325684,3.8499999046325684,3.8499999046325684,3.4461193084716797,0
2023-04-17,3.8499999046325684,3.8499999046325684,3.8499999046325684,3.4461193084716797,0
2023-04-18,3.8499999046325684,3.8499999046325684,3.8499999046325684,3.4461193084716797,0
2023-04-19,3.8499999046325684,3.8499999046325684,3.8499999046325684,3.4461193084716797,0
2023-04-20,3.8499999046325684,3.8499999046325684,3.8499999046325684,3.4461193084716797,0
2023-04-21,3.8499999046325684,3.8499999046325684,3.8499999046325684,3.4461193084716797,0
2023-04-24,3.8499999046325684,3.8499999046325684,3.8499999046325684,3.4461193084716797,0
2023-04-25,3.700000047683716,3.700000047683716,3.700000047683716,3.3118550777435303,400
2023-04-26,3.700000047683716,3.700000047683716,3.700000047683716,3.3118550777435303,0
2023-04-27,3.799999952316284,3.799999952316284,3.799999952316284,3.463139533996582,200300
2023-04-28,3.799999952316284,3.799999952316284,3.799999952316284,3.463139533996582,0
2023-05-01,3.3499999046325684,3.3499999046325684,3.3499999046325684,3.0530307292938232,100
2023-05-02,3.3499999046325684,3.3499999046325684,3.3499999046325684,3.0530307292938232,0
2023-05-03,3.359999895095825,3.359999895095825,3.359999895095825,3.0621442794799805,132200
2023-05-04,3.4000000953674316,3.630000114440918,3.4000000953674316,3.3082096576690674,600
2023-05-05,3.630000114440918,3.630000114440918,3.630000114440918,3.3082096576690674,100
2023-05-08,3.630000114440918,3.630000114440918,3.630000114440918,3.3082096576690674,0
2023-05-09,3.630000114440918,3.630000114440918,3.630000114440918,3.3082096576690674,0
2023-05-10,3.630000114440918,3.630000114440918,3.630000114440918,3.3082096576690674,1000
2023-05-11,3.630000114440918,3.630000114440918,3.630000114440918,3.3082096576690674,0
2023-05-12,3.630000114440918,3.630000114440918,3.630000114440918,3.3082096576690674,0
2023-05-15,3.1600000858306885,3.4000000953674316,3.1600000858306885,3.0985982418060303,32000
2023-05-16,3.140000104904175,3.140000104904175,3.140000104904175,2.861646890640259,100
2023-05-17,3.3499999046325684,3.3499999046325684,3.3499999046325684,3.0530307292938232,3000
2023-05-18,3.3499999046325684,3.3499999046325684,3.3499999046325684,3.0530307292938232,0
2023-05-19,3.3499999046325684,3.3499999046325684,3.3499999046325684,3.0530307292938232,0
2023-05-22,3.3499999046325684,3.3499999046325684,3.3499999046325684,3.0530307292938232,5800
2023-05-23,3.690000057220459,3.690000057220459,3.690000057220459,3.3628909587860107,300
2023-05-24,3.509999990463257,3.509999990463257,3.1600000858306885,2.879873752593994,45200
2023-05-25,3.390000104904175,3.390000104904175,3.390000104904175,3.089484930038452,14000
2023-05-26,3.390000104904175,3.390000104904175,3.299999952316284,3.007463216781616,800
2023-05-30,3.299999952316284,3.299999952316284,3.299999952316284,3.007463216781616,0
2023-05-31,3.299999952316284,3.299999952316284,3.299999952316284,3.007463216781616,0
2023-06-01,3.1500000953674316,3.1500000953674316,3.1500000953674316,2.870760440826416,8200
2023-06-02,3.2799999713897705,3.2799999713897705,3.2799999713897705,2.9892358779907227,100
2023-06-05,3.2799999713897705,3.2799999713897705,3.2799999713897705,2.9892358779907227,1100
2023-06-06,3.2799999713897705,3.2799999713897705,3.2799999713897705,2.9892358779907227,300
2023-06-07,3.2799999713897705,3.2799999713897705,3.2799999713897705,2.9892358779907227,0
2023-06-08,3.2799999713897705,3.2799999713897705,3.2799999713897705,2.9892358779907227,0
2023-06-09,3.4100000858306885,3.4100000858306885,3.4100000858306885,3.1077120304107666,54000
2023-06-12,3.4100000858306885,3.4100000858306885,3.4100000858306885,3.1077120304107666,0
2023-06-13,3.25,3.25,3.25,2.961895704269409,6700
2023-06-14,3.25,3.25,3.25,2.961895704269409,0
2023-06-15,3.25,3.25,3.25,2.961895704269409,0
2023-06-16,3.25,3.25,3.25,2.961895704269409,2800
2023-06-20,3.259999990463257,3.259999990463257,3.259999990463257,2.9710090160369873,900
2023-06-21,3.259999990463257,3.259999990463257,3.259999990463257,2.9710090160369873,0
2023-06-22,3.259999990463257,3.259999990463257,3.259999990463257,2.9710090160369873,0
2023-06-23,3.259999990463257,3.259999990463257,3.259999990463257,2.9710090160369873,0
2023-06-26,3.4800000190734863,3.4800000190734863,3.0999999046325684,2.82519268989563,42900
2023-06-27,3.0999999046325684,3.0999999046325684,3.0999999046325684,2.82519268989563,0
2023-06-28,3.0999999046325684,3.0999999046325684,3.0999999046325684,2.82519268989563,5200
2023-06-29,3.0999999046325684,3.0999999046325684,3.0999999046325684,2.82519268989563,400
2023-06-30,3.0999999046325684,3.0999999046325684,3.0999999046325684,2.82519268989563,0
2023-07-03,3.0999999046325684,3.0999999046325684,3.0999999046325684,2.82519268989563,0
2023-07-05,3.0999999046325684,3.0999999046325684,3.0999999046325684,2.82519268989563,0
2023-07-06,3.0999999046325684,3.0999999046325684,3.0999999046325684,2.82519268989563,6600
2023-07-07,3.0999999046325684,3.0999999046325684,3.0999999046325684,2.82519268989563,0
2023-07-10,3.609999895095825,3.609999895095825,3.5299999713897705,3.217074394226074,400
2023-07-11,3.5299999713897705,3.5299999713897705,3.5299999713897705,3.217074394226074,0
2023-07-12,3.5299999713897705,3.5299999713897705,3.5299999713897705,3.217074394226074,0
2023-07-13,3.6600000858306885,3.6600000858306885,3.6600000858306885,3.335550308227539,200
2023-07-14,3.6600000858306885,3.6600000858306885,3.6600000858306885,3.335550308227539,0
2023-07-17,3.6600000858306885,3.6600000858306885,3.6600000858306885,3.335550308227539,0
2023-07-18,3.8299999237060547,3.8299999237060547,3.8299999237060547,3.4904799461364746,100
2023-07-19,3.8299999237060547,3.8299999237060547,3.8299999237060547,3.4904799461364746,0
2023-07-20,3.8299999237060547,3.8299999237060547,3.8299999237060547,3.4904799461364746,0
2023-07-21,3.8299999237060547,3.8299999237060547,3.8299999237060547,3.4904799461364746,0
2023-07-24,3.890000104904175,3.890000104904175,3.890000104904175,3.545161247253418,6500
2023-07-25,3.7799999713897705,3.7799999713897705,3.7799999713897705,3.4449124336242676,11600
2023-07-26,3.930000066757202,4,3.930000066757202,3.6454100608825684,5100
2023-07-27,4.360000133514404,4.360000133514404,4.360000133514404,3.973496913909912,600
2023-07-28,4.050000190734863,4.099999904632568,4.050000190734863,3.718317985534668,1700
2023-07-31,4.070000171661377,4.070000171661377,4,3.6454100608825684,2400
2023-08-01,4,4,4,3.6454100608825684,1500
2023-08-02,3.950000047683716,3.950000047683716,3.950000047683716,3.5998425483703613,400
2023-08-03,3.950000047683716,3.950000047683716,3.950000047683716,3.5998425483703613,0
2023-08-04,3.880000114440918,3.880000114440918,3.880000114440918,3.5360476970672607,700
2023-08-07,3.880000114440918,3.880000114440918,3.880000114440918,3.5360476970672607,1000000
2023-08-08,3.880000114440918,3.880000114440918,3.880000114440918,3.5360476970672607,1000000
2023-08-09,3.880000114440918,3.880000114440918,3.880000114440918,3.5360476970672607,0
2023-08-10,3.880000114440918,3.880000114440918,3.880000114440918,3.5360476970672607,0
2023-08-11,3.880000114440918,3.880000114440918,3.880000114440918,3.5360476970672607,0
2023-08-14,3.880000114440918,3.880000114440918,3.880000114440918,3.5360476970672607,0
2023-08-15,3.890000104904175,3.890000104904175,3.890000104904175,3.545161247253418,200
2023-08-16,3.890000104904175,3.890000104904175,3.890000104904175,3.545161247253418,0
2023-08-17,3.890000104904175,3.890000104904175,3.890000104904175,3.545161247253418,0
2023-08-18,3.890000104904175,3.890000104904175,3.890000104904175,3.545161247253418,0
2023-08-21,3.890000104904175,3.890000104904175,3.890000104904175,3.545161247253418,0
2023-08-22,3.890000104904175,3.890000104904175,3.890000104904175,3.545161247253418,0
2023-08-23,3.819999933242798,3.819999933242798,3.819999933242798,3.4813663959503174,6500
2023-08-24,3.819999933242798,3.819999933242798,3.819999933242798,3.4813663959503174,0
2023-08-25,3.819999933242798,3.819999933242798,3.819999933242798,3.4813663959503174,0
2023-08-28,3.819999933242798,3.819999933242798,3.819999933242798,3.4813663959503174,0
2023-08-29,3.819999933242798,3.819999933242798,3.819999933242798,3.4813663959503174,0
2023-08-30,3.819999933242798,3.819999933242798,3.819999933242798,3.4813663959503174,0
2023-08-31,3.819999933242798,3.819999933242798,3.819999933242798,3.4813663959503174,0
2023-09-01,3.819999933242798,3.819999933242798,3.819999933242798,3.4813663959503174,0
2023-09-05,3.819999933242798,3.819999933242798,3.819999933242798,3.4813663959503174,0
2023-09-06,3.819999933242798,3.819999933242798,3.819999933242798,3.4813663959503174,0
2023-09-07,3.819999933242798,3.819999933242798,3.819999933242798,3.4813663959503174,0
2023-09-08,3.7300000190734863,3.7300000190734863,3.4000000953674316,3.0985982418060303,1400
2023-09-11,3.4000000953674316,3.4000000953674316,3.4000000953674316,3.0985982418060303,0
2023-09-12,3.680000066757202,3.680000066757202,3.680000066757202,3.3537771701812744,10000
2023-09-13,3.700000047683716,3.700000047683716,3.700000047683716,3.372004508972168,4000
2023-09-14,3.700000047683716,3.700000047683716,3.700000047683716,3.372004508972168,100
2023-09-15,3.700000047683716,3.700000047683716,3.700000047683716,3.372004508972168,0
2023-09-18,3.700000047683716,3.700000047683716,3.700000047683716,3.372004508972168,1900
2023-09-19,3.700000047683716,3.700000047683716,3.700000047683716,3.372004508972168,0
2023-09-20,3.700000047683716,3.700000047683716,3.700000047683716,3.372004508972168,0
2023-09-21,3.700000047683716,3.700000047683716,3.700000047683716,3.372004508972168,200
2023-09-22,3.700000047683716,3.700000047683716,3.700000047683716,3.372004508972168,0
2023-09-25,3.700000047683716,3.700000047683716,3.700000047683716,3.372004508972168,0
2023-09-26,3.700000047683716,3.700000047683716,3.700000047683716,3.372004508972168,0
2023-09-27,3.700000047683716,3.700000047683716,3.700000047683716,3.372004508972168,0
2023-09-28,3.859999895095825,4.050000190734863,3.859999895095825,3.6909778118133545,265200
2023-09-29,4.050000190734863,4.050000190734863,4.050000190734863,3.6909778118133545,0
2023-10-02,4.050000190734863,4.050000190734863,4.050000190734863,3.6909778118133545,0
2023-10-03,3.759999990463257,3.759999990463257,3.7300000190734863,3.3993449211120605,250600
2023-10-04,3.6500000953674316,3.6500000953674316,3.4600000381469727,3.1532795429229736,153600
2023-10-05,3.4600000381469727,3.4600000381469727,3.4600000381469727,3.1532795429229736,100
2023-10-06,3.4600000381469727,3.4600000381469727,3.4600000381469727,3.1532795429229736,200000
2023-10-09,3.4600000381469727,3.4600000381469727,3.4600000381469727,3.1532795429229736,1000
2023-10-10,3.4600000381469727,3.4600000381469727,3.4600000381469727,3.1532795429229736,0
2023-10-11,3.930000066757202,3.930000066757202,3.609999895095825,3.463139533996582,156200
2023-10-12,3.799999952316284,3.809999942779541,3.799999952316284,3.4722530841827393,400
2023-10-13,3.809999942779541,3.809999942779541,3.809999942779541,3.4722530841827393,1500
2023-10-16,3.809999942779541,3.809999942779541,3.809999942779541,3.4722530841827393,0
2023-10-17,3.809999942779541,3.809999942779541,3.809999942779541,3.4722530841827393,0
2023-10-18,3.809999942779541,3.809999942779541,3.809999942779541,3.4722530841827393,0
2023-10-19,3.809999942779541,3.809999942779541,3.809999942779541,3.4722530841827393,0
2023-10-20,3.809999942779541,3.809999942779541,3.809999942779541,3.4722530841827393,2500
2023-10-23,3.4100000858306885,3.4100000858306885,3.4100000858306885,3.1077120304107666,600
2023-10-24,3.4100000858306885,3.4100000858306885,3.4100000858306885,3.1077120304107666,0
2023-10-25,3.4100000858306885,3.4100000858306885,3.4100000858306885,3.1077120304107666,0
2023-10-26,3.4100000858306885,3.4100000858306885,3.4100000858306885,3.1077120304107666,0
2023-10-27,3.4100000858306885,3.4100000858306885,3.4100000858306885,3.1077120304107666,0
2023-10-30,3.9000000953674316,3.9000000953674316,3.9000000953674316,3.554274797439575,100
2023-10-31,3.9000000953674316,3.9000000953674316,3.9000000953674316,3.634418249130249,0
2023-11-01,3.700000047683716,3.700000047683716,3.700000047683716,3.448038101196289,800
2023-11-02,3.700000047683716,3.700000047683716,3.700000047683716,3.448038101196289,0
2023-11-03,3.700000047683716,3.700000047683716,3.700000047683716,3.448038101196289,0
2023-11-06,3.880000114440918,3.880000114440918,3.880000114440918,3.6157801151275635,500
2023-11-07,3.880000114440918,3.880000114440918,3.880000114440918,3.6157801151275635,15100
2023-11-08,3.880000114440918,3.880000114440918,3.880000114440918,3.6157801151275635,0
2023-11-09,3.880000114440918,3.880000114440918,3.880000114440918,3.6157801151275635,0
2023-11-10,3.880000114440918,3.880000114440918,3.880000114440918,3.6157801151275635,0
2023-11-13,3.880000114440918,3.880000114440918,3.880000114440918,3.6157801151275635,100
2023-11-14,3.880000114440918,3.880000114440918,3.880000114440918,3.6157801151275635,0
2023-11-15,3.9000000953674316,3.9000000953674316,3.9000000953674316,3.634418249130249,200
2023-11-16,3.9000000953674316,3.9000000953674316,3.9000000953674316,3.634418249130249,0
2023-11-17,4.050000190734863,4.050000190734863,3.950000047683716,3.681013345718384,2200
2023-11-20,3.950000047683716,3.950000047683716,3.950000047683716,3.681013345718384,0
2023-11-21,3.950000047683716,3.950000047683716,3.950000047683716,3.681013345718384,0
2023-11-22,3.950000047683716,3.950000047683716,3.950000047683716,3.681013345718384,0
2023-11-24,4.110000133514404,4.110000133514404,4.110000133514404,3.83011794090271,600
2023-11-27,4.110000133514404,4.110000133514404,4.110000133514404,3.83011794090271,6300
2023-11-28,4.170000076293945,4.170000076293945,3.9100000858306885,3.8394365310668945,12200
2023-11-29,4.119999885559082,4.119999885559082,4.119999885559082,3.8394365310668945,0
2023-11-30,4.119999885559082,4.119999885559082,4.119999885559082,3.8394365310668945,0
2023-12-01,3.9100000858306885,3.9100000858306885,3.9100000858306885,3.643737316131592,1000
2023-12-04,3.9100000858306885,3.9100000858306885,3.9100000858306885,3.643737316131592,0
2023-12-05,3.9100000858306885,3.9100000858306885,3.9100000858306885,3.643737316131592,0
2023-12-06,4.25,4.25,4.25,3.9605839252471924,5000
2023-12-07,4.25,4.25,4.25,3.9605839252471924,0
2023-12-08,4.199999809265137,4.199999809265137,4.199999809265137,3.9139885902404785,700
2023-12-11,4.349999904632568,4.349999904632568,4.179999828338623,3.895350694656372,600
2023-12-12,4.190000057220459,4.190000057220459,4.190000057220459,3.904670476913452,29700
2023-12-13,4.070000171661377,4.070000171661377,3.9100000858306885,3.643737316131592,309000
2023-12-14,4.489999771118164,4.489999771118164,4.010000228881836,3.7369275093078613,25400
2023-12-15,4.010000228881836,4.010000228881836,4.010000228881836,3.7369275093078613,2400
2023-12-18,4.010000228881836,4.010000228881836,4.010000228881836,3.7369275093078613,0
2023-12-19,4.010000228881836,4.010000228881836,4.010000228881836,3.7369275093078613,0
2023-12-20,4.010000228881836,4.010000228881836,4.010000228881836,3.7369275093078613,0
2023-12-21,3.9100000858306885,3.9100000858306885,3.9100000858306885,3.643737316131592,200
2023-12-22,4.199999809265137,4.199999809265137,4.199999809265137,3.9139885902404785,1100
2023-12-26,4.199999809265137,4.199999809265137,4.199999809265137,3.9139885902404785,0
2023-12-27,4.329999923706055,4.329999923706055,3.9600000381469727,3.6903324127197266,3200
2023-12-28,3.9600000381469727,3.9600000381469727,3.9600000381469727,3.6903324127197266,300000
2023-12-29,3.9600000381469727,3.9600000381469727,3.9600000381469727,3.6903324127197266,1150000
2024-01-02,4.329999923706055,4.329999923706055,3.9600000381469727,3.9233078956604004,6800
2024-01-03,4.210000038146973,4.210000038146973,4.210000038146973,3.9233078956604004,0
2024-01-04,3.9600000381469727,3.9600000381469727,3.9600000381469727,3.6903324127197266,5100
2024-01-05,3.9600000381469727,3.9600000381469727,3.9600000381469727,3.6903324127197266,604200
2024-01-08,3.9600000381469727,3.9600000381469727,3.9600000381469727,3.6903324127197266,0
2024-01-09,3.9600000381469727,3.9600000381469727,3.9600000381469727,3.6903324127197266,0
2024-01-10,4.179999828338623,4.179999828338623,4.179999828338623,3.895350694656372,21900
2024-01-11,4.179999828338623,4.179999828338623,4.179999828338623,3.895350694656372,0
2024-01-12,4.179999828338623,4.179999828338623,4.179999828338623,3.895350694656372,0
2024-01-16,4.179999828338623,4.179999828338623,4.179999828338623,3.895350694656372,0
2024-01-17,4.179999828338623,4.179999828338623,4.179999828338623,3.895350694656372,0
2024-01-18,3.809999942779541,3.809999942779541,3.809999942779541,3.5505471229553223,10000
2024-01-19,3.700000047683716,3.700000047683716,3.700000047683716,3.448038101196289,200
2024-01-22,3.700000047683716,3.700000047683716,3.700000047683716,3.448038101196289,0
2024-01-23,3.700000047683716,3.700000047683716,3.700000047683716,3.448038101196289,0
2024-01-24,3.700000047683716,3.700000047683716,3.700000047683716,3.448038101196289,0
2024-01-25,3.9600000381469727,3.9600000381469727,3.9600000381469727,3.6903324127197266,5100
2024-01-26,3.950000047683716,3.950000047683716,3.950000047683716,3.681013345718384,200
2024-01-29,3.950000047683716,3.950000047683716,3.950000047683716,3.681013345718384,85300
2024-01-30,3.9600000381469727,3.9600000381469727,3.9600000381469727,3.6903324127197266,338300
2024-01-31,3.9600000381469727,3.9600000381469727,3.9600000381469727,3.6903324127197266,0
2024-02-01,3.9600000381469727,3.9600000381469727,3.9600000381469727,3.6903324127197266,0
2024-02-02,4.300000190734863,4.300000190734863,4.300000190734863,4.007179260253906,1600
2024-02-05,4.079999923706055,4.079999923706055,3.8299999237060547,3.5691850185394287,1200
2024-02-06,3.8299999237060547,3.8299999237060547,3.8299999237060547,3.5691850185394287,0
2024-02-07,3.8299999237060547,3.8299999237060547,3.8299999237060547,3.5691850185394287,0
2024-02-08,3.8299999237060547,3.8299999237060547,3.8299999237060547,3.5691850185394287,0
2024-02-09,3.8299999237060547,3.8299999237060547,3.8299999237060547,3.5691850185394287,13100
2024-02-12,3.8299999237060547,3.8299999237060547,3.8299999237060547,3.5691850185394287,0
2024-02-13,3.8299999237060547,3.8299999237060547,3.8299999237060547,3.5691850185394287,0
2024-02-14,3.5999999046325684,3.5999999046325684,3.5999999046325684,3.3548476696014404,2100
2024-02-15,3.5999999046325684,3.5999999046325684,3.5999999046325684,3.3548476696014404,800
2024-02-16,3.5999999046325684,3.5999999046325684,3.5999999046325684,3.3548476696014404,8200
2024-02-20,3.5999999046325684,3.5999999046325684,3.5999999046325684,3.3548476696014404,1300
2024-02-21,3.5999999046325684,3.5999999046325684,3.5999999046325684,3.3548476696014404,0
2024-02-22,3.5999999046325684,3.5999999046325684,3.5999999046325684,3.3548476696014404,0
2024-02-23,4,4,4,3.7276082038879395,1200
2024-02-26,4,4,4,3.7276082038879395,0
2024-02-27,4.159999847412109,4.159999847412109,4.159999847412109,3.8767125606536865,500
2024-02-28,4.159999847412109,4.159999847412109,4.159999847412109,3.8767125606536865,0
2024-02-29,4.159999847412109,4.159999847412109,4.159999847412109,3.8767125606536865,7700
2024-03-01,4.159999847412109,4.159999847412109,4.159999847412109,3.8767125606536865,0
2024-03-04,4.159999847412109,4.159999847412109,4.159999847412109,3.8767125606536865,0
2024-03-05,4.159999847412109,4.159999847412109,4.159999847412109,3.8767125606536865,0
2024-03-06,4.159999847412109,4.159999847412109,4.159999847412109,3.8767125606536865,500000
2024-03-07,4.260000228881836,4.260000228881836,4.25,3.9605839252471924,27700
2024-03-08,4.25,4.25,4.25,3.9605839252471924,11500
2024-03-11,4.25,4.25,4.25,3.9605839252471924,136200
2024-03-12,4.150000095367432,4.150000095367432,4.150000095367432,3.867393970489502,11300
2024-03-13,4.260000228881836,4.260000228881836,4.260000228881836,3.9699034690856934,251200
2024-03-14,4.260000228881836,4.260000228881836,4.260000228881836,3.9699034690856934,0
2024-03-15,4.5,4.5,4.5,4.193559646606445,200
2024-03-18,4.5,4.5,4.5,4.193559646606445,0
2024-03-19,4.5,4.5,4.5,4.193559646606445,0
2024-03-20,4.5,4.5,4.5,4.193559646606445,300
2024-03-21,4.400000095367432,4.400000095367432,4.400000095367432,4.100369453430176,3300
2024-03-22,4.909999847412109,4.909999847412109,4.349999904632568,4.053773880004883,65500
2024-03-25,4.550000190734863,4.849999904632568,4.550000190734863,4.519725322723389,250300
2024-03-26,4.849999904632568,4.849999904632568,4.849999904632568,4.519725322723389,0
2024-03-27,4.849999904632568,4.849999904632568,4.849999904632568,4.519725322723389,0
2024-03-28,4.909999847412109,4.909999847412109,4.909999847412109,4.575639247894287,2900
2024-04-01,4.880000114440918,5.070000171661377,4.880000114440918,4.7247443199157715,1900
2024-04-02,4.610000133514404,4.610000133514404,4.610000133514404,4.2960686683654785,10600
2024-04-03,4.789999961853027,5,4.789999961853027,4.659510135650635,10100
2024-04-04,4.849999904632568,5.099999904632568,4.849999904632568,4.752700328826904,1321000
2024-04-05,5.099999904632568,5.099999904632568,5.099999904632568,4.752700328826904,1070000
2024-04-08,5.099999904632568,5.099999904632568,5.099999904632568,4.752700328826904,0
2024-04-09,5.199999809265137,5.199999809265137,5.199999809265137,4.845890522003174,1300
2024-04-10,5.150000095367432,5.150000095367432,5.150000095367432,4.799295902252197,100
2024-04-11,4.980000019073486,4.980000019073486,4.980000019073486,4.640872001647949,100
2024-04-12,4.980000019073486,4.980000019073486,4.980000019073486,4.640872001647949,0
2024-04-15,4.980000019073486,4.980000019073486,4.980000019073486,4.640872001647949,0
2024-04-16,4.980000019073486,4.980000019073486,4.980000019073486,4.640872001647949,500000
2024-04-17,4.980000019073486,4.980000019073486,4.980000019073486,4.640872001647949,250000
2024-04-18,4.980000019073486,4.980000019073486,4.980000019073486,4.640872001647949,0
2024-04-19,4.980000019073486,4.980000019073486,4.980000019073486,4.640872001647949,0
2024-04-22,4.980000019073486,4.980000019073486,4.980000019073486,4.640872001647949,500000
2024-04-23,4.980000019073486,4.980000019073486,4.980000019073486,4.640872001647949,300000
2024-04-24,4.980000019073486,4.980000019073486,4.980000019073486,4.640872001647949,75000
2024-04-25,5.449999809265137,5.449999809265137,5.449999809265137,5.078866481781006,57200
2024-04-26,5.449999809265137,5.449999809265137,5.449999809265137,5.078866481781006,1300
2024-04-29,4.800000190734863,5.050000190734863,4.800000190734863,4.795863628387451,300
2024-04-30,5.050000190734863,5.050000190734863,5.050000190734863,4.795863628387451,0
2024-05-01,5.050000190734863,5.050000190734863,5.050000190734863,4.795863628387451,0
2024-05-02,5.050000190734863,5.050000190734863,5.050000190734863,4.795863628387451,0
2024-05-03,5.050000190734863,5.050000190734863,5.050000190734863,4.795863628387451,0
2024-05-06,4.900000095367432,4.96999979019165,4.900000095367432,4.719888687133789,600
2024-05-07,4.96999979019165,4.96999979019165,4.96999979019165,4.719888687133789,0
2024-05-08,4.96999979019165,4.96999979019165,4.96999979019165,4.719888687133789,0
2024-05-09,4.96999979019165,4.96999979019165,4.96999979019165,4.719888687133789,0
2024-05-10,4.96999979019165,4.96999979019165,4.96999979019165,4.719888687133789,0
2024-05-13,5,5.139999866485596,4.849999904632568,4.60592794418335,23000
2024-05-14,5.25,5.25,5.25,4.9857988357543945,500
2024-05-15,5.199999809265137,5.199999809265137,4.949999809265137,4.843347072601318,10500
2024-05-16,5.099999904632568,5.099999904632568,5.099999904632568,4.843347072601318,0
2024-05-17,5,5,5,4.748379707336426,300600
2024-05-20,5.050000190734863,5.050000190734863,5.050000190734863,4.795863628387451,1300
2024-05-21,5.050000190734863,5.050000190734863,5.050000190734863,4.795863628387451,0
2024-05-22,5.170000076293945,5.170000076293945,5.170000076293945,4.909824371337891,300
2024-05-23,5.170000076293945,5.170000076293945,5.170000076293945,4.909824371337891,200000
2024-05-24,5.170000076293945,5.170000076293945,5.170000076293945,4.909824371337891,0
2024-05-28,5.170000076293945,5.170000076293945,5.170000076293945,4.909824371337891,100
2024-05-29,5.170000076293945,5.170000076293945,5.170000076293945,4.909824371337891,107700
2024-05-30,5.170000076293945,5.170000076293945,5.170000076293945,4.909824371337891,0
2024-05-31,5.170000076293945,5.170000076293945,5.170000076293945,4.909824371337891,0
2024-06-03,5.170000076293945,5.170000076293945,5.170000076293945,4.909824371337891,0
2024-06-04,4.949999809265137,4.949999809265137,4.949999809265137,4.700895309448242,200
2024-06-05,4.949999809265137,4.949999809265137,4.949999809265137,4.700895309448242,0
2024-06-06,5.110000133514404,5.110000133514404,5.110000133514404,4.85284423828125,800
2024-06-07,4.900000095367432,4.900000095367432,4.900000095367432,4.653411865234375,31100
2024-06-10,4.849999904632568,4.849999904632568,4.849999904632568,4.60592794418335,200
2024-06-11,4.880000114440918,4.880000114440918,4.880000114440918,4.634418487548828,3100
2024-06-12,4.880000114440918,4.880000114440918,4.880000114440918,4.634418487548828,0
2024-06-13,4.880000114440918,4.880000114440918,4.880000114440918,4.634418487548828,576300
2024-06-14,4.5,4.53000020980835,4.5,4.302031993865967,45400
2024-06-17,4.78000020980835,4.78000020980835,4.659999847412109,4.42548942565918,1500
2024-06-18,4.900000095367432,4.900000095367432,4.900000095367432,4.653411865234375,700
2024-06-20,4.5,4.829999923706055,4.5,4.5869340896606445,21100
2024-06-21,4.659999847412109,4.659999847412109,4.659999847412109,4.42548942565918,300
2024-06-24,4.699999809265137,4.699999809265137,4.46999979019165,4.245051383972168,2100
2024-06-25,4.849999904632568,4.849999904632568,4.849999904632568,4.60592794418335,700
2024-06-26,4.849999904632568,4.849999904632568,4.849999904632568,4.60592794418335,0
2024-06-27,4.849999904632568,4.849999904632568,4.849999904632568,4.60592794418335,0
2024-06-28,4.849999904632568,4.849999904632568,4.849999904632568,4.60592794418335,0
2024-07-01,4.849999904632568,4.849999904632568,4.849999904632568,4.60592794418335,0
2024-07-02,4.800000190734863,4.800000190734863,4.800000190734863,4.558444499969482,300
2024-07-03,4.800000190734863,4.800000190734863,4.800000190734863,4.558444499969482,0
2024-07-05,4.909999847412109,4.909999847412109,4.909999847412109,4.662908554077148,900
2024-07-08,4.909999847412109,4.909999847412109,4.909999847412109,4.662908554077148,0
2024-07-09,4.809999942779541,4.809999942779541,4.550000190734863,4.4159932136535645,20800
2024-07-10,4.860000133514404,4.949999809265137,4.829999923706055,4.700895309448242,2700
2024-07-11,4.960000038146973,4.960000038146973,4.659999847412109,4.42548942565918,600
2024-07-12,4.96999979019165,4.96999979019165,4.96999979019165,4.719888687133789,300
2024-07-15,4.96999979019165,4.96999979019165,4.96999979019165,4.719888687133789,0
2024-07-16,4.940000057220459,4.940000057220459,4.940000057220459,4.691398620605469,200
2024-07-17,4.940000057220459,4.940000057220459,4.940000057220459,4.691398620605469,5700
2024-07-18,4.940000057220459,4.940000057220459,4.940000057220459,4.691398620605469,0
2024-07-19,4.940000057220459,4.940000057220459,4.940000057220459,4.691398620605469,0
2024-07-22,4.809999942779541,4.989999771118164,4.659999847412109,4.738882064819336,17200
2024-07-23,4.96999979019165,4.96999979019165,4.96999979019165,4.719888687133789,15500
2024-07-24,4.96999979019165,4.96999979019165,4.96999979019165,4.719888687133789,0
2024-07-25,4.96999979019165,4.96999979019165,4.96999979019165,4.719888687133789,9700
2024-07-26,4.96999979019165,4.96999979019165,4.96999979019165,4.719888687133789,0
2024-07-29,4.96999979019165,4.96999979019165,4.96999979019165,4.719888687133789,0
2024-07-30,4.96999979019165,4.96999979019165,4.96999979019165,4.719888687133789,0
2024-07-31,4.96999979019165,4.96999979019165,4.96999979019165,4.719888687133789,100000
2024-08-01,4.96999979019165,4.96999979019165,4.96999979019165,4.719888687133789,125000
2024-08-02,4.320000171661377,4.320000171661377,4.320000171661377,4.102599620819092,700
2024-08-05,4.320000171661377,4.320000171661377,4.320000171661377,4.102599620819092,0
2024-08-06,4.139999866485596,4.139999866485596,4.139999866485596,3.9316577911376953,700
2024-08-07,4.340000152587891,4.599999904632568,4.340000152587891,4.368508815765381,500
2024-08-08,4.610000133514404,4.610000133514404,4.610000133514404,4.3780059814453125,1500
2024-08-09,4.650000095367432,4.650000095367432,4.650000095367432,4.4159932136535645,100
2024-08-12,4.610000133514404,4.610000133514404,4.610000133514404,4.3780059814453125,500
2024-08-13,4.610000133514404,4.610000133514404,4.610000133514404,4.3780059814453125,27300
2024-08-14,4.610000133514404,4.610000133514404,4.610000133514404,4.3780059814453125,0
2024-08-15,4.610000133514404,4.610000133514404,4.610000133514404,4.3780059814453125,0
2024-08-16,4.769999980926514,4.769999980926514,4.769999980926514,4.529953956604004,400
2024-08-19,4.539999961853027,4.539999961853027,4.539999961853027,4.31152868270874,2000
2024-08-20,4.5,4.5,4.400000095367432,4.178574085235596,17000
2024-08-21,4.400000095367432,4.400000095367432,4.400000095367432,4.178574085235596,900
2024-08-22,4.820000171661377,4.820000171661377,4.820000171661377,4.577437400817871,400
2024-08-23,4.820000171661377,4.820000171661377,4.820000171661377,4.577437400817871,0
2024-08-26,4.820000171661377,4.820000171661377,4.820000171661377,4.577437400817871,0
2024-08-27,5.099999904632568,5.099999904632568,5.099999904632568,4.843347072601318,300
2024-08-28,5.039999961853027,5.039999961853027,4.949999809265137,4.700895309448242,1500
2024-08-29,4.800000190734863,5.269999980926514,4.800000190734863,5.004791736602783,400
2024-08-30,5,5,4.949999809265137,4.700895309448242,14800
2024-09-03,4.940000057220459,4.940000057220459,4.940000057220459,4.691398620605469,1100
2024-09-04,4.960000038146973,4.960000038146973,4.960000038146973,4.710391998291016,400
2024-09-05,4.96999979019165,4.96999979019165,4.96999979019165,4.719888687133789,200
2024-09-06,4.940000057220459,4.940000057220459,4.940000057220459,4.691398620605469,100
2024-09-09,4.869999885559082,4.869999885559082,4.869999885559082,4.6249213218688965,1200
2024-09-10,4.610000133514404,4.610000133514404,4.610000133514404,4.3780059814453125,28000
2024-09-11,4.630000114440918,4.630000114440918,4.630000114440918,4.396999359130859,2400
2024-09-12,4.809999942779541,4.809999942779541,4.809999942779541,4.567941188812256,300
2024-09-13,4.809999942779541,4.809999942779541,4.809999942779541,4.567941188812256,28700
2024-09-16,4.809999942779541,4.809999942779541,4.809999942779541,4.567941188812256,0
2024-09-17,5.050000190734863,5.050000190734863,5.050000190734863,4.795863628387451,1100
2024-09-18,5.050000190734863,5.050000190734863,5.050000190734863,4.795863628387451,0
2024-09-19,4.949999809265137,5.25,4.949999809265137,4.9857988357543945,1200
2024-09-20,5.260000228881836,5.260000228881836,4.909999847412109,4.662908554077148,20200
2024-09-23,5.159999847412109,5.159999847412109,4.869999885559082,4.6249213218688965,16300
2024-09-24,5.260000228881836,5.260000228881836,5.260000228881836,4.99529504776001,300
2024-09-25,5.260000228881836,5.260000228881836,5.079999923706055,4.843347072601318,5600
2024-09-26,5.190000057220459,5.300000190734863,5.190000057220459,5.033282279968262,2300
2024-09-27,5.019999980926514,5.019999980926514,5.019999980926514,4.767373085021973,200
2024-09-30,5.210000038146973,5.210000038146973,5.210000038146973,4.947811603546143,300
2024-10-01,5,5.150000095367432,4.789999961853027,4.60592794418335,5000
2024-10-02,5,5,5,4.748379707336426,1500
2024-10-03,4.550000190734863,4.650000095367432,4.550000190734863,4.4159932136535645,46100
2024-10-04,4.650000095367432,4.650000095367432,4.650000095367432,4.4159932136535645,0
2024-10-07,5,5,5,4.748379707336426,61100
2024-10-08,5,5,5,4.748379707336426,0
2024-10-09,5,5,5,4.748379707336426,0
2024-10-10,5,5,5,4.748379707336426,0
2024-10-11,5,5,5,4.748379707336426,0
2024-10-14,4.900000095367432,4.900000095367432,4.690000057220459,4.453979969024658,400
2024-10-15,4.690000057220459,4.690000057220459,4.690000057220459,4.453979969024658,2300
2024-10-16,5,5,5,4.748379707336426,1500
2024-10-17,4.650000095367432,4.739999771118164,4.650000095367432,4.501463413238525,900
2024-10-18,4.739999771118164,4.739999771118164,4.739999771118164,4.501463413238525,0
2024-10-21,4.820000171661377,5.119999885559082,4.820000171661377,4.795863628387451,95700
2024-10-22,5.150000095367432,5.150000095367432,5.050000190734863,4.795863628387451,1500
2024-10-23,5.099999904632568,5.099999904632568,5.03000020980835,4.776870250701904,10200
2024-10-24,5.03000020980835,5.03000020980835,4.820000171661377,4.577437400817871,2700
2024-10-25,5.099999904632568,5.099999904632568,5,4.748379707336426,20500
2024-10-28,5,5,5,4.748379707336426,0
2024-10-29,5,5,5,4.748379707336426,0
2024-10-30,4.989999771118164,4.989999771118164,4.800000190734863,4.659080982208252,20600
2024-10-31,4.800000190734863,5.050000190734863,4.800000190734863,4.901741027832031,600
2024-11-01,5,5,4.880000114440918,4.736732006072998,4000
2024-11-04,5.050000190734863,5.070000171661377,4.960000038146973,4.901741027832031,14200
2024-11-05,5.03000020980835,5.03000020980835,5.03000020980835,4.882328033447266,1000
2024-11-06,5.03000020980835,5.03000020980835,5.03000020980835,4.882328033447266,0
2024-11-07,4.699999809265137,4.949999809265137,4.699999809265137,4.804676532745361,1100
2024-11-08,4.949999809265137,4.949999809265137,4.829999923706055,4.688199996948242,16800
2024-11-11,4.929999828338623,4.929999828338623,4.71999979019165,4.581428527832031,800
2024-11-12,4.900000095367432,4.900000095367432,4.599999904632568,4.756145000457764,1600
2024-11-13,4.480000019073486,4.480000019073486,4.480000019073486,4.348474979400635,100
2024-11-14,4.849999904632568,4.849999904632568,4.849999904632568,4.70761251449585,3700
2024-11-15,4.670000076293945,4.670000076293945,4.670000076293945,4.532896995544434,1600
2024-11-18,5,5,4.699999809265137,4.853208541870117,2600
2024-11-19,4.590000152587891,4.860000133514404,4.590000152587891,4.4552459716796875,2600
2024-11-20,4.889999866485596,4.889999866485596,4.559999942779541,4.426126480102539,24900
2024-11-21,4.940000057220459,4.940000057220459,4.53000020980835,4.794970512390137,1700
2024-11-22,4.699999809265137,4.699999809265137,4.340000152587891,4.416419982910156,1400
2024-11-25,4.5,4.800000190734863,4.5,4.659080982208252,2200
2024-11-26,4.5,4.739999771118164,4.400000095367432,4.270823955535889,11100
2024-11-27,4.690000057220459,4.690000057220459,4.449999809265137,4.3193559646606445,84900
2024-11-29,4.800000190734863,4.800000190734863,4.550000190734863,4.416419982910156,15500
2024-12-02,4.75,4.75,4.400000095367432,4.464951992034912,79300
2024-12-03,4.420000076293945,4.539999961853027,4.420000076293945,4.406713485717773,5200
2024-12-04,4.699999809265137,4.75,4.699999809265137,4.61054801940918,1500
2024-12-05,4.829999923706055,4.829999923706055,4.829999923706055,4.688199996948242,100
2024-12-06,4.829999923706055,4.829999923706055,4.829999923706055,4.688199996948242,1100
2024-12-09,4.900000095367432,5.050000190734863,4.900000095367432,4.901741027832031,1200
2024-12-10,4.75,5.130000114440918,4.730000019073486,4.591135501861572,2200
2024-12-11,4.730000019073486,4.730000019073486,4.730000019073486,4.591135501861572,0
2024-12-12,4.760000228881836,4.760000228881836,4.760000228881836,4.620254993438721,600
2024-12-13,5,5.150000095367432,5,4.998805522918701,5500
2024-12-16,4.900000095367432,4.900000095367432,4.900000095367432,4.756145000457764,5800
2024-12-17,4.849999904632568,4.849999904632568,4.849999904632568,4.70761251449585,600
2024-12-18,4.949999809265137,4.949999809265137,4.849999904632568,4.70761251449585,1600
2024-12-19,4.449999809265137,4.449999809265137,4.449999809265137,4.3193559646606445,4300
2024-12-20,4.690000057220459,4.690000057220459,4.360000133514404,4.231997966766357,1600
2024-12-23,4.590000152587891,4.590000152587891,4.590000152587891,4.4552459716796875,24200
2024-12-24,4.710000038146973,4.710000038146973,4.710000038146973,4.571722507476807,3300
2024-12-26,4.28000020980835,4.630000114440918,4.28000020980835,4.4940714836120605,2900
2024-12-27,4.519999980926514,4.710000038146973,4.329999923706055,4.202878475189209,5500
2024-12-30,4.400000095367432,4.699999809265137,4.400000095367432,4.270823955535889,2400
2024-12-31,4.389999866485596,4.809999942779541,4.300000190734863,4.173759460449219,20000
2025-01-02,4.300000190734863,4.300000190734863,4.300000190734863,4.173759460449219,0
2025-01-03,4.389999866485596,4.730000019073486,4.389999866485596,4.591135501861572,1400
2025-01-06,4.769999980926514,4.769999980926514,4.699999809265137,4.562016010284424,4100
2025-01-07,4.699999809265137,4.699999809265137,4.699999809265137,4.562016010284424,0
2025-01-08,4.349999904632568,4.349999904632568,4.349999904632568,4.222291469573975,1200
2025-01-10,4.539999961853027,4.900000095367432,4.539999961853027,4.756145000457764,37200
2025-01-13,4.489999771118164,4.849999904632568,4.489999771118164,4.70761251449585,81500
2025-01-14,4.949999809265137,4.949999809265137,4.949999809265137,4.804676532745361,1300
2025-01-15,4.849999904632568,4.849999904632568,4.849999904632568,4.70761251449585,100
2025-01-16,4.849999904632568,4.849999904632568,4.849999904632568,4.70761251449585,0
2025-01-17,4.849999904632568,4.849999904632568,4.849999904632568,4.70761251449585,0
2025-01-21,5.079999923706055,5.170000076293945,4.929999828338623,4.901741027832031,5600
2025-01-22,5.059999942779541,5.059999942779541,5.059999942779541,4.911447048187256,106300
2025-01-23,5.090000152587891,5.170000076293945,4.960000038146973,5.018218040466309,13600
2025-01-24,5.21999979019165,5.21999979019165,5.21999979019165,5.0667500495910645,800
2025-01-27,5.179999828338623,5.320000171661377,5.019999980926514,4.921153545379639,15100
2025-01-28,5.239999771118164,5.239999771118164,5.139999866485596,4.989098072052002,500
2025-01-29,5.260000228881836,5.260000228881836,5.03000020980835,4.882328033447266,1000
2025-01-30,5.300000190734863,5.300000190734863,5.190000057220459,5.037631034851074,3700
2025-01-31,5.260000228881836,5.360000133514404,5.199999809265137,5.202640056610107,6900
2025-02-03,5.059999942779541,5.119999885559082,4.880000114440918,4.736732006072998,17000
2025-02-04,5.25,5.25,5.179999828338623,5.027924537658691,1200
2025-02-05,5.349999904632568,5.670000076293945,5.349999904632568,5.503539085388184,7500
2025-02-06,5.800000190734863,5.809999942779541,5.690000057220459,5.532657623291016,2600
2025-02-07,5.699999809265137,5.699999809265137,5.699999809265137,5.532657623291016,4600
2025-02-10,5.760000228881836,5.760000228881836,5.760000228881836,5.5908966064453125,300
2025-02-11,5.849999904632568,5.849999904632568,5.679999828338623,5.513245105743408,1200
2025-02-12,5.690000057220459,5.690000057220459,5.690000057220459,5.522951602935791,800
2025-02-13,6.019999980926514,6.019999980926514,6.019999980926514,5.843263626098633,300
2025-02-14,6.050000190734863,6.139999866485596,6.050000190734863,5.959740161895752,3800
2025-02-18,5.789999961853027,6.130000114440918,5.789999961853027,5.950034141540527,11100
2025-02-19,6.199999809265137,6.199999809265137,6.199999809265137,6.017978668212891,1300
2025-02-20,6.159999847412109,6.159999847412109,6.159999847412109,5.979153156280518,185200
2025-02-21,6.059999942779541,6.059999942779541,5.960000038146973,5.785025119781494,1400
2025-02-24,6.21999979019165,6.260000228881836,6.059999942779541,5.882089138031006,1400
2025-02-25,6.400000095367432,6.400000095367432,6.25,6.2121076583862305,10700
2025-02-26,6.429999828338623,6.650000095367432,6.429999828338623,6.260639190673828,10900
2025-02-27,6.449999809265137,6.449999809265137,6.449999809265137,6.260639190673828,0
2025-02-28,6.550000190734863,6.550000190734863,6.369999885559082,6.182988166809082,84200
2025-03-03,6.75,6.800000190734863,6.449999809265137,6.6003642082214355,18100
2025-03-04,6.380000114440918,6.489999771118164,6.329999923706055,6.144162654876709,2900
2025-03-05,6.400000095367432,6.78000020980835,6.400000095367432,6.45476770401001,205900
2025-03-06,6.710000038146973,6.710000038146973,6.650000095367432,6.45476770401001,202900
2025-03-07,6.800000190734863,6.929999828338623,6.739999771118164,6.7265472412109375,1000
2025-03-10,6.550000190734863,6.710000038146973,6.5,6.425648212432861,3700
2025-03-11,6.400000095367432,6.449999809265137,6.349999904632568,6.163575172424316,17900
2025-03-12,6.579999923706055,6.710000038146973,6.349999904632568,6.260639190673828,43800
2025-03-13,6.449999809265137,6.699999809265137,6.449999809265137,6.503299713134766,15000
2025-03-14,6.829999923706055,6.949999809265137,6.349999904632568,6.6003642082214355,123500
2025-03-17,6.900000095367432,6.920000076293945,6.679999828338623,6.697428226470947,18800
2025-03-18,7.079999923706055,7.269999980926514,7.079999923706055,7.056565284729004,22100
2025-03-19,7.090000152587891,7.090000152587891,6.900000095367432,6.697428226470947,119000
2025-03-20,7.050000190734863,7.110000133514404,6.690000057220459,6.6003642082214355,3400
2025-03-21,6.949999809265137,6.960000038146973,6.699999809265137,6.755666732788086,14600
2025-03-24,6.800000190734863,6.900000095367432,6.800000190734863,6.697428226470947,2700
2025-03-25,7.139999866485596,7.28000020980835,7.130000114440918,7.066272258758545,20700
2025-03-26,7.25,7.25,6.900000095367432,6.697428226470947,14100
2025-03-27,7.010000228881836,7.159999847412109,6.820000171661377,6.949794769287109,8200
2025-03-28,7,7.03000020980835,6.599999904632568,6.823611736297607,110300
2025-03-31,6.75,6.78000020980835,6.400000095367432,6.58095121383667,11400
2025-04-01,6.949999809265137,6.949999809265137,6.639999866485596,6.445060729980469,700
2025-04-02,6.949999809265137,6.949999809265137,6.949999809265137,6.745959758758545,1000
2025-04-03,6.849999904632568,6.849999904632568,6.579999923706055,6.648895740509033,500
2025-04-04,6.300000190734863,6.300000190734863,5.710000038146973,5.7656121253967285,6100
2025-04-07,5.699999809265137,5.980000019073486,5.480000019073486,5.319116592407227,6000
2025-04-08,5.949999809265137,6.309999942779541,5.849999904632568,6.056804180145264,27500
2025-04-09,6.179999828338623,6.21999979019165,5.949999809265137,6.037391185760498,6526000
2025-04-10,5.989999771118164,6.360000133514404,5.989999771118164,6.017978668212891,1003300
2025-04-11,6.300000190734863,6.5,6.300000190734863,6.309171199798584,1000
2025-04-14,6.400000095367432,6.699999809265137,6.400000095367432,6.503299713134766,1300
2025-04-15,6.949999809265137,6.949999809265137,6.949999809265137,6.745959758758545,300
2025-04-16,6.960000038146973,7.150000095367432,6.960000038146973,6.813904762268066,1900
2025-04-17,6.730000019073486,7.019999980926514,6.300000190734863,6.794492244720459,6000
2025-04-21,6.949999809265137,7.199999809265137,6.650000095367432,6.45476770401001,6900
2025-04-22,7.190000057220459,7.190000057220459,6.650000095367432,6.45476770401001,1600
2025-04-23,7.110000133514404,7.230000019073486,6.949999809265137,6.745959758758545,2000
2025-04-24,7.050000190734863,7.210000038146973,7.050000190734863,6.998327255249023,602400
2025-04-25,7.25,7.269999980926514,7.039999961853027,6.833317756652832,455400
2025-04-28,7.5,7.5,7.150000095367432,7.027446269989014,2100
2025-04-29,7.449999809265137,7.449999809265137,7.449999809265137,7.359357833862305,600
2025-04-30,6.900000095367432,6.900000095367432,6.900000095367432,6.816050052642822,100
2025-05-01,6.900000095367432,6.900000095367432,6.900000095367432,6.816050052642822,0
2025-05-02,7.260000228881836,7.260000228881836,7.150000095367432,7.0630083084106445,500
2025-05-05,7.300000190734863,7.380000114440918,7.119999885559082,7.0333733558654785,1900
2025-05-06,7.199999809265137,7.349999904632568,7.050000190734863,7.260574817657471,8300
2025-05-07,7.400000095367432,7.400000095367432,7.070000171661377,6.983981609344482,1600
2025-05-08,7.119999885559082,7.349999904632568,7.119999885559082,7.1025214195251465,3100
2025-05-09,7.409999847412109,7.539999961853027,7.239999771118164,7.448263168334961,2400
2025-05-12,7.489999771118164,7.489999771118164,7.489999771118164,7.398871421813965,14500
2025-05-13,7.550000190734863,7.590000152587891,7.550000190734863,7.458141803741455,6800
2025-05-14,7.5,7.78000020980835,7.449999809265137,7.359357833862305,27000
2025-05-15,7.889999866485596,7.889999866485596,7.650000095367432,7.794004917144775,15600
2025-05-16,7.849999904632568,7.849999904632568,7.849999904632568,7.754491329193115,41800
2025-05-19,7.900000095367432,7.960000038146973,7.75,7.655708312988281,358400
2025-05-20,7.690000057220459,8,7.690000057220459,7.833518028259277,6000
2025-05-21,7.989999771118164,8.029999732971191,7.550000190734863,7.863153457641602,6800
2025-05-22,8.220000267028809,8.220000267028809,8.220000267028809,8.119990348815918,400
2025-05-23,7.880000114440918,7.880000114440918,7.880000114440918,7.7841267585754395,1300
2025-05-27,8.149999618530273,8.149999618530273,7.789999961853027,7.853274822235107,3900
2025-05-28,8.180000305175781,8.180000305175781,8,7.9026665687561035,3900
2025-05-29,8.199999809265137,8.199999809265137,8.199999809265137,8.10023307800293,600
2025-05-30,7.96999979019165,7.96999979019165,7.96999979019165,7.873031139373779,400
2025-06-02,8.199999809265137,8.199999809265137,8.199999809265137,8.10023307800293,2100
2025-06-03,7.860000133514404,8.050000190734863,7.75,7.9520583152771,2400
2025-06-04,7.650000095367432,8.050000190734863,7.650000095367432,7.9520583152771,1100
2025-06-05,8,8.15999984741211,7.900000095367432,8.001450538635254,3300
2025-06-06,8.239999771118164,8.289999961853027,8.239999771118164,8.189138412475586,1600
2025-06-09,8.329999923706055,8.460000038146973,8,7.9026665687561035,24800
2025-06-10,8.210000038146973,8.210000038146973,8.210000038146973,8.110111236572266,1200
2025-06-11,8.260000228881836,8.350000381469727,7.679999828338623,7.9026665687561035,12000
2025-06-12,8.300000190734863,8.350000381469727,8.09000015258789,8.248408317565918,13700
2025-06-13,8.069999694824219,8.210000038146973,7.96999979019165,8.050841331481934,3700
2025-06-16,8.210000038146973,8.359999656677246,8.109999656677246,8.258286476135254,4223000
2025-06-17,8.3100004196167,8.3100004196167,8,8.110111236572266,55800
2025-06-18,8.050000190734863,8.210000038146973,7.849999904632568,8.110111236572266,20900
2025-06-20,8,8.170000076293945,7.880000114440918,7.7841267585754395,8500
2025-06-23,8.029999732971191,8.170000076293945,7.840000152587891,7.754491329193115,8600
2025-06-24,8.359999656677246,8.399999618530273,7.940000057220459,8.001450538635254,3200
2025-06-25,8.149999618530273,8.1899995803833,7.960000038146973,8.090354919433594,6200
2025-06-26,8.1899995803833,8.329999923706055,7.889999866485596,8.22865104675293,805900
2025-06-27,8.380000114440918,8.460000038146973,7.940000057220459,8.297799110412598,83700
2025-06-30,7.949999809265137,8.399999618530273,7.949999809265137,8.218772888183594,10100
2025-07-01,8.319999694824219,8.319999694824219,8.079999923706055,8.218772888183594,4300
2025-07-02,8.399999618530273,8.399999618530273,8.130000114440918,8.297799110412598,6700
2025-07-03,8.399999618530273,8.5,8.140000343322754,8.396583557128906,127200
2025-07-07,8.170000076293945,8.680000305175781,8.170000076293945,8.47560977935791,8700
2025-07-08,8.75,8.75,8.449999809265137,8.34719181060791,3200
2025-07-09,8.899999618530273,8.90999984741211,8.600000381469727,8.791716575622559,31200
2025-07-10,8.800000190734863,8.899999618530273,8.399999618530273,8.633663177490234,9100
2025-07-11,8.350000381469727,8.630000114440918,8.300000190734863,8.34719181060791,8100
2025-07-14,8.420000076293945,8.75,8.25,8.544757843017578,5100
2025-07-15,8.449999809265137,8.529999732971191,8.289999961853027,8.199016571044922,1900
2025-07-16,8.319999694824219,8.670000076293945,8.319999694824219,8.416339874267578,3700
2025-07-17,8.670000076293945,8.760000228881836,8.279999732971191,8.564515113830566,8800
2025-07-18,8.680000305175781,8.720000267028809,8.399999618530273,8.613906860351562,5700
2025-07-21,8.640000343322754,8.640000343322754,8.390000343322754,8.337312698364258,17700
2025-07-22,8.579999923706055,8.640000343322754,8.260000228881836,8.47560977935791,6400
2025-07-23,8.550000190734863,8.899999618530273,8.319999694824219,8.791716575622559,15400
2025-07-24,8.920000076293945,9,8.680000305175781,8.81147289276123,6500
2025-07-25,8.850000381469727,8.930000305175781,8.850000381469727,8.781838417053223,13500
2025-07-28,8.930000305175781,8.930000305175781,8.649999618530273,8.623784065246582,6300
2025-07-29,8.699999809265137,9,8.699999809265137,8.831229209899902,14200
2025-07-30,8.729999542236328,8.949999809265137,8.550000190734863,8.445975303649902,9300
2025-07-31,8.949999809265137,8.949999809265137,8.449999809265137,8.445975303649902,6600
2025-08-01,8.550000190734863,8.550000190734863,8.3100004196167,8.327435493469238,18600
2025-08-04,8.84000015258789,8.84000015258789,8.359999656677246,8.732446670532227,6500
2025-08-05,8.84000015258789,8.850000381469727,8.449999809265137,8.742324829101562,255200
2025-08-06,8.470000267028809,8.890000343322754,8.470000267028809,8.43609619140625,7300
2025-08-07,9,9.210000038146973,8.6899995803833,9.009039878845215,21800
2025-08-08,9.199999809265137,9.5,9.119999885559082,9.009039878845215,4800
2025-08-11,9.199999809265137,9.479999542236328,8.989999771118164,9.009039878845215,6900
2025-08-12,9.319999694824219,9.550000190734863,9.279999732971191,9.384416580200195,12000
2025-08-13,9.520000457763672,9.579999923706055,9.4399995803833,9.4634428024292,7000
2025-08-14,9.5,9.6899995803833,9.300000190734863,9.483200073242188,16400
2025-08-15,9.600000381469727,9.819999694824219,9.539999961853027,9.483200073242188,9900
2025-08-18,9.859999656677246,9.859999656677246,9.5600004196167,9.740036010742188,8300
2025-08-19,9.890000343322754,9.949999809265137,9.520000457763672,9.404173851013184,12400
2025-08-20,9.600000381469727,9.600000381469727,9.329999923706055,9.433808326721191,3300
2025-08-21,9.6899995803833,9.6899995803833,9.289999961853027,9.572104454040527,10700
2025-08-22,9.75,9.8100004196167,9.449999809265137,9.67088794708252,5400
2025-08-25,9.90999984741211,9.90999984741211,9.520000457763672,9.50295639038086,7200
2025-08-26,9.5600004196167,9.8100004196167,9.34000015258789,9.512834548950195,8400
2025-08-27,9.649999618530273,9.649999618530273,9.350000381469727,9.236242294311523,6700
2025-08-28,9.649999618530273,9.670000076293945,9.350000381469727,9.552348136901855,406900
2025-08-29,9.630000114440918,9.630000114440918,9.25,9.512834548950195,4100
2025-09-02,9.5,9.5,9.279999732971191,9.354782104492188,11000
2025-09-03,9.420000076293945,9.449999809265137,9.100000381469727,9.305390357971191,4500
2025-09-04,9.5,9.609999656677246,9.34000015258789,9.364659309387207,6500
2025-09-05,9.5600004196167,9.65999984741211,9.460000038146973,9.522713661193848,610800
2025-09-08,9.75,9.819999694824219,9.5,9.700523376464844,3100
2025-09-09,9.75,9.960000038146973,9.5600004196167,9.443687438964844,3600
2025-09-10,10.079999923706055,10.210000038146973,9.720000267028809,9.819063186645508,13300
2025-09-11,9.75,10.09000015258789,9.649999618530273,9.532590866088867,607400
2025-09-12,9.880000114440918,10.0600004196167,9.680000305175781,9.562227249145508,5500
2025-09-15,10.25,10.3100004196167,9.949999809265137,10.12529182434082,11400
2025-09-16,10.029999732971191,10.359999656677246,10.029999732971191,10.233952522277832,8900
2025-09-17,10.100000381469727,10.100000381469727,9.800000190734863,9.680767059326172,9900
2025-09-18,10.010000228881836,10.270000457763672,9.880000114440918,10.145049095153809,14500
2025-09-19,10.489999771118164,10.489999771118164,9.930000305175781,10.342615127563477,11700
2025-09-22,10.199999809265137,10.199999809265137,9.899999618530273,9.779549598693848,9000
2025-09-23,10.350000381469727,10.350000381469727,10,9.927724838256836,4800
2025-09-24,10.449999809265137,10.520000457763672,9.979999542236328,9.858575820922852,251400
2025-09-25,10.300000190734863,10.350000381469727,10.149999618530273,10.075900077819824,9300
2025-09-26,10.149999618530273,10.609999656677246,10.050000190734863,10.480911254882812,9900
2025-09-29,10.539999961853027,10.65999984741211,10.210000038146973,10.115412712097168,230200
2025-09-30,10.649999618530273,10.649999618530273,10.199999809265137,10.520424842834473,51400
2025-10-01,10.609999656677246,10.789999961853027,10.140000343322754,10.510546684265137,58800
2025-10-02,10.470000267028809,10.600000381469727,10.329999923706055,10.471034049987793,4100
2025-10-03,10.600000381469727,10.649999618530273,10.149999618530273,10.520424842834473,3400
2025-10-06,10.350000381469727,10.390000343322754,10.109999656677246,10.105534553527832,10400
2025-10-07,9.850000381469727,10.300000190734863,9.850000381469727,10.016630172729492,36100
2025-10-08,10.289999961853027,10.479999542236328,10.069999694824219,10.352492332458496,705700
2025-10-09,10.260000228881836,10.350000381469727,9.949999809265137,10.224075317382812,3700
2025-10-10,10.199999809265137,10.199999809265137,9.800000190734863,9.680767059326172,8000
2025-10-13,10.229999542236328,10.300000190734863,9.850000381469727,9.87833309173584,7300
2025-10-14,9.850000381469727,10.199999809265137,9.800000190734863,9.927724838256836,3900
2025-10-15,10,10.270000457763672,9.850000381469727,9.730158805847168,31900
2025-10-16,10.09000015258789,10.229999542236328,9.890000343322754,10.105534553527832,8800
2025-10-17,9.5,10.0600004196167,9.5,9.54246997833252,20600
2025-10-20,9.979999542236328,9.979999542236328,9.460000038146973,9.344902992248535,4700
2025-10-21,9.550000190734863,9.989999771118164,9.550000190734863,9.828941345214844,15300
2025-10-22,9.789999961853027,9.930000305175781,9.609999656677246,9.493078231811523,3000
2025-10-23,9.609999656677246,9.8100004196167,9.609999656677246,9.680767059326172,8100
2025-10-24,9.569999694824219,9.789999961853027,9.569999694824219,9.67088794708252,6400
2025-10-27,9.819999694824219,10.039999961853027,9.800000190734863,9.740036010742188,50200
2025-10-28,9.9399995803833,10.289999961853027,9.9399995803833,9.848698616027832,8900
2025-10-29,10.579999923706055,10.720000267028809,10.180000305175781,10.056143760681152,10300
2025-10-30,10.0600004196167,10.329999923706055,9.949999809265137,10.204318046569824,6400
2025-10-31,10.300000190734863,10.300000190734863,10,10.036386489868164,5100
2025-11-03,10.25,10.390000343322754,10.050000190734863,10.075900077819824,17000
2025-11-04,10.079999923706055,10.210000038146973,9.949999809265137,9.95736026763916,11600
2025-11-05,9.960000038146973,10.369999885559082,9.960000038146973,10.056143760681152,1004000
2025-11-06,10.649999618530273,10.649999618530273,10.5,10.372249603271484,2200
2025-11-07,10.300000190734863,10.649999618530273,10,10.520424842834473,10900
2025-11-10,10.649999618530273,10.829999923706055,10.390000343322754,10.698234558105469,5700
2025-11-11,10.920000076293945,11.010000228881836,10.569999694824219,10.520424842834473,10300
2025-11-12,11.199999809265137,11.199999809265137,10.859999656677246,10.727869987487793,47800
2025-11-13,11.319999694824219,11.5,10.899999618530273,11.36008358001709,17000
2025-11-14,10.779999732971191,11.100000381469727,10.609999656677246,10.964950561523438,13900
2025-11-17,10.729999542236328,10.859999656677246,10.279999732971191,10.154926300048828,13800
2025-11-18,10.09000015258789,10.510000228881836,10.09000015258789,9.967238426208496,7400
2025-11-19,10.609999656677246,10.649999618530273,10.050000190734863,10.520424842834473,8400
2025-11-20,10.449999809265137,10.449999809265137,9.859999656677246,10.322857856750488,209700
2025-11-21,10.029999732971191,10.529999732971191,10,10.372249603271484,806700
2025-11-24,10.350000381469727,10.350000381469727,10,10.224075317382812,8500
2025-11-25,10.600000381469727,10.600000381469727,10.279999732971191,10.392006874084473,3900
2025-11-26,10.75,10.75,10.399999618530273,10.273466110229492,8000
2025-11-28,10.850000381469727,10.850000381469727,10.550000190734863,10.717991828918457,2500
2025-12-01,10.399999618530273,10.869999885559082,10.399999618530273,10.708113670349121,3900
2025-12-02,10.930000305175781,11,10.489999771118164,10.362371444702148,104800
2025-12-03,11,11.149999618530273,10.800000190734863,10.816774368286133,41800
2025-12-04,11.3100004196167,11.3100004196167,10.699999809265137,11.024219512939453,13800
2025-12-05,11.40999984741211,11.40999984741211,10.960000038146973,11.15263843536377,6500
2025-12-08,11.180000305175781,11.220000267028809,10.859999656677246,11.083490371704102,17700
2025-12-09,11.09000015258789,11.109999656677246,10.859999656677246,10.974827766418457,8700
2025-12-10,11.25,11.3100004196167,10.989999771118164,11.172395706176758,5600
2025-12-11,11.710000038146973,11.850000381469727,11.25,11.11312484741211,3600
2025-12-12,11.699999809265137,11.699999809265137,11.34000015258789,11.557649612426758,6300
2025-12-15,11.6899995803833,11.850000381469727,11.25,11.705824851989746,9800
2025-12-16,11.8100004196167,11.90999984741211,11.34000015258789,11.202030181884766,8000
2025-12-17,11.710000038146973,11.899999618530273,11.4399995803833,11.350204467773438,51500
2025-12-18,12.029999732971191,12.029999732971191,11.640000343322754,11.765094757080078,12000
2025-12-19,11.979999542236328,12.130000114440918,11.6899995803833,11.755216598510742,32900
2025-12-22,12.029999732971191,12.029999732971191,11.470000267028809,11.330448150634766,4100
2025-12-23,11.84000015258789,11.84000015258789,11.359999656677246,11.458867073059082,19700
2025-12-24,11.9399995803833,11.9399995803833,11.760000228881836,11.794729232788086,2400
2025-12-26,11.649999618530273,11.960000038146973,11.4399995803833,11.715703010559082,6700
2025-12-29,11.979999542236328,11.979999542236328,11.300000190734863,11.162516593933105,3500
2025-12-30,11.90999984741211,12,11.65999984741211,11.597163200378418,8400
2025-12-31,12.029999732971191,12.430000305175781,11.619999885559082,12.061445236206055,5000
2026-01-02,12.109999656677246,12.109999656677246,11.529999732971191,11.389718055725098,41400
2026-01-05,12.149999618530273,12.149999618530273,11.850000381469727,11.705824851989746,3500
2026-01-06,12,12.420000076293945,11.899999618530273,12.268890380859375,16500
2026-01-07,12.420000076293945,12.420000076293945,11.510000228881836,12.021931648254395,408500
2026-01-08,12,12.279999732971191,11.6899995803833,12.130593299865723,16600
2026-01-09,12.050000190734863,12.289999961853027,11.710000038146973,12.08120059967041,13400
2026-01-12,12,12.279999732971191,11.819999694824219,11.69594669342041,6300
2026-01-13,12.270000457763672,12.279999732971191,11.800000190734863,11.65643310546875,4800
2026-01-14,11.84000015258789,12.279999732971191,11.84000015258789,11.69594669342041,2600
2026-01-15,12.34000015258789,12.34000015258789,11.989999771118164,12.11083698272705,17700
2026-01-16,12.149999618530273,12.319999694824219,12,12.170105934143066,8700
2026-01-20,11.819999694824219,12.300000190734863,11.819999694824219,11.774972915649414,86300
2026-01-21,12.199999809265137,12.25,11.720000267028809,12.100957870483398,14200
2026-01-22,11.960000038146973,12.510000228881836,11.960000038146973,12.357794761657715,5800
2026-01-23,12.65999984741211,12.899999618530273,11.9399995803833,12.505970001220703,15700
2026-01-26,12.960000038146973,13.039999961853027,12.239999771118164,12.881346702575684,8300
2026-01-27,12.760000228881836,12.989999771118164,12.40999984741211,12.831954956054688,20000
2026-01-28,13.050000190734863,13.09000015258789,12.300000190734863,12.93073844909668,29500
2026-01-29,13.34000015258789,13.34000015258789,12.300000190734863,12.822075843811035,12800
2026-01-30,12.5,13.25,12.5,12.476334571838379,28600
2026-02-02,13.170000076293945,13.210000038146973,12.529999732971191,13.049278259277344,8000
2026-02-03,12.859999656677246,13.420000076293945,12.0600004196167,11.913269996643066,1509800
2026-02-04,13.149999618530273,13.149999618530273,12.350000381469727,12.990007400512695,8626000
2026-02-05,12.720000267028809,12.75,12.0600004196167,12.594874382019043,7411000
2026-02-06,12.770000457763672,12.850000381469727,12.380000114440918,12.229376792907715,9829600
2026-02-09,12.899999618530273,12.899999618530273,12.600000381469727,12.743049621582031,5826200
2026-02-10,13,13.239999771118164,12.600000381469727,12.446700096130371,1998000
2026-02-11,12.829999923706055,12.829999923706055,12.279999732971191,12.476334571838379,309800
2026-02-12,12.010000228881836,12.6899995803833,12.010000228881836,12.397308349609375,217100
2026-02-13,11.649999618530273,12.329999923706055,11.5,11.715703010559082,14300
2026-02-17,11.930000305175781,12.550000190734863,11.930000305175781,12.397308349609375,57800
2026-02-18,12.670000076293945,12.720000267028809,12.270000457763672,12.476334571838379,16900
2026-02-19,12.600000381469727,12.600000381469727,12.300000190734863,12.446700096130371,8900
2026-02-20,12.670000076293945,12.670000076293945,12.399999618530273,12.347916603088379,7506000
2026-02-23,13,13.300000190734863,12.75,12.802319526672363,1344700
2026-02-24,12.729999542236328,12.729999542236328,12.220000267028809,12.436821937561035,2044700
2026-02-25,12.75,13.369999885559082,12.630000114440918,12.614631652832031,5723800
2026-02-26,13.479999542236328,13.479999542236328,13,13.31599235534668,1005500
2026-02-27,13,13.229999542236328,12.279999732971191,12.130593299865723,3029900
2026-03-02,12,12.34000015258789,11.390000343322754,12.179985046386719,3421600
2026-03-03,11.5,11.600000381469727,10.619999885559082,11.458867073059082,699700
2026-03-04,11.600000381469727,11.890000343322754,11.220000267028809,11.28105640411377,7566300
2026-03-05,11.09000015258789,11.899999618530273,10.899999618530273,11.755216598510742,6028200
2026-03-06,10.600000381469727,11.260000228881836,10.600000381469727,11.123003005981445,7160900
2026-03-09,10.25,11.350000381469727,10.25,11.211908340454102,3022900
2026-03-10,11.739999771118164,11.859999656677246,11.199999809265137,11.429231643676758,7188500
2026-03-11,11.029999732971191,11.760000228881836,10.859999656677246,10.727869987487793,1560800
2026-03-12,11.270000457763672,11.319999694824219,10.869999885559082,10.866166114807129,4006600
2026-03-13,11.359999656677246,11.359999656677246,10.729999542236328,10.6290864944458,1014500
2026-03-16,10.8100004196167,11.260000228881836,10.8100004196167,11.123003005981445,1006600
2026-03-17,11.010000228881836,11.300000190734863,10.989999771118164,11.162516593933105,7100
2026-03-18,10.890000343322754,11.3100004196167,10.75,11.172395706176758,321300
2026-03-19,11.149999618530273,11.149999618530273,10.199999809265137,10.075900077819824,3079900
2026-03-20,10.680000305175781,11.220000267028809,10.460000038146973,10.33273696899414,2249200
2026-03-23,10.829999923706055,11.649999618530273,10.670000076293945,11.28105640411377,425100
2026-03-24,10.65999984741211,11.119999885559082,10.399999618530273,10.273466110229492,207400
2026-03-25,11,11.600000381469727,10.979999542236328,11.458867073059082,20500
2026-03-26,10.630000114440918,11.359999656677246,10.449999809265137,10.322857856750488,564900
2026-03-27,11.109999656677246,11.109999656677246,10.539999961853027,10.411763191223145,15100
2026-03-30,10.479999542236328,11.210000038146973,10.420000076293945,10.29322338104248,9000
2026-03-31,10.729999542236328,11.449999809265137,10.729999542236328,11.211908340454102,2543800
2026-04-01,11.359999656677246,11.8100004196167,11.359999656677246,11.666312217712402,2290700
2026-04-02,10.9399995803833,11.529999732971191,10.800000190734863,10.94519329071045,13400
2026-04-06,11.670000076293945,11.670000076293945,10.979999542236328,11.52801513671875,7100
2026-04-07,11.520000457763672,11.609999656677246,11.039999961853027,10.905679702758789,1207200
2026-04-08,12.25,13,11.949999809265137,11.854000091552734,3257200
2026-04-09,12.279999732971191,12.399999618530273,11.649999618530273,12.249133110046387,1320200
2026-04-10,12.65999984741211,12.65999984741211,12.029999732971191,11.883634567260742,228500
2026-04-13,12.3100004196167,12.3100004196167,11.550000190734863,12.160228729248047,20100
2026-04-14,12.5,12.800000190734863,12.180000305175781,12.03180980682373,404600
2026-04-15,12.699999809265137,12.8100004196167,12.039999961853027,12.654145240783691,379000
2026-04-16,12.4399995803833,12.859999656677246,12.300000190734863,12.703536033630371,3100
2026-04-17,13,13.09000015258789,12.529999732971191,12.93073844909668,1033200
2026-04-20,13,13,12.329999923706055,12.179985046386719,5100
2026-04-21,12.869999885559082,12.869999885559082,12.329999923706055,12.179985046386719,374900
2026-04-22,12.399999618530273,12.699999809265137,12,12.545482635498047,13000
2026-04-23,12.350000381469727,12.350000381469727,11.75,11.90339183807373,101400
2026-04-24,12.239999771118164,12.239999771118164,11.640000343322754,12.061445236206055,5700
2026-04-27,12.210000038146973,12.390000343322754,11.920000076293945,11.774972915649414,305100
2026-04-28,11.850000381469727,12.449999809265137,11.850000381469727,11.705824851989746,4010800
2026-04-29,12.170000076293945,12.680000305175781,12,11.854000091552734,8600
2026-04-30,11.800000190734863,12.279999732971191,11.800000190734863,12.260000228881836,7000
2026-05-01,12.350000381469727,12.350000381469727,12.050000190734863,12.350000381469727,4900
2026-05-04,11.489999771118164,12.180000305175781,11.420000076293945,11.920000076293945,206800
2026-05-05,11.4399995803833,12.15999984741211,11.4399995803833,12.15999984741211,6400
2026-05-06,12.09000015258789,12.8100004196167,12.09000015258789,12.729999542236328,10000
2026-05-07,12.930000305175781,12.930000305175781,12.140000343322754,12.140000343322754,4900
2026-05-08,12.819999694824219,12.819999694824219,12.210000038146973,12.779999732971191,509300
2026-05-11,12.600000381469727,12.630000114440918,11.920000076293945,11.920000076293945,28900
2026-05-12,12.359999656677246,12.359999656677246,11.640000343322754,11.640000343322754,247300
2026-05-13,11.65999984741211,12.170000076293945,11.510000228881836,11.510000228881836,5600
2026-05-14,12.260000228881836,12.260000228881836,11.489999771118164,12.0600004196167,11500
2026-05-15,12.0600004196167,12.0600004196167,11.34000015258789,11.6899995803833,39200
2026-05-18,12.260000228881836,12.260000228881836,11.529999732971191,12.260000228881836,4100
2026-05-19,11.979999542236328,12.020000457763672,11.449999809265137,11.449999809265137,5300
2026-05-20,11.899999618530273,12.300000190734863,11.59000015258789,11.59000015258789,19600
2026-05-21,12.350000381469727,12.399999618530273,11.890000343322754,12.399999618530273,4700
2026-05-22,12.550000190734863,12.600000381469727,11.819999694824219,12.600000381469727,4600
2026-05-26,12.59000015258789,12.59000015258789,12.100000381469727,12.109999656677246,26500
2026-05-27,12.3100004196167,12.640000343322754,12.3100004196167,12.640000343322754,7400
2026-05-28,12.550000190734863,12.550000190734863,11.949999809265137,11.949999809265137,193300
2026-05-29,12,12.739999771118164,12,12.739999771118164,284000
2026-06-01,12.729999542236328,12.739999771118164,12.260000228881836,12.739999771118164,383900
2026-06-02,12.899999618530273,12.899999618530273,12,12.449999809265137,506800
2026-06-03,12.760000228881836,12.760000228881836,11.970000267028809,11.989999771118164,375500
2026-06-04,12.8100004196167,12.8100004196167,12.079999923706055,12.079999923706055,335500
2026-06-05,12.569999694824219,12.569999694824219,12.029999732971191,12.569999694824219,748000
2026-06-08,12,12.600000381469727,12,12.600000381469727,190900
2026-06-09,12.470000267028809,12.630000114440918,11.949999809265137,12.630000114440918,95500
2026-06-10,12.399999618530273,12.460000038146973,11.890000343322754,12.460000038146973,1003900
2026-06-11,11.6899995803833,12.40999984741211,11.6899995803833,12.40999984741211,103600
2026-06-12,12.640000343322754,12.640000343322754,12.15999984741211,12.640000343322754,4200
2026-06-15,13,13.479999542236328,12.9399995803833,13.34000015258789,17500
2026-06-16,13.010000228881836,13.550000190734863,12.949999809265137,12.949999809265137,178600
2026-06-17,13.890000343322754,13.899999618530273,13.5,13.5,15800
2026-06-18,13.800000190734863,13.800000190734863,13.199999809265137,13.770000457763672,4600
2026-06-22,13.859999656677246,13.859999656677246,13.550000190734863,13.859999656677246,10100
2026-06-23,13.800000190734863,13.800000190734863,13.199999809265137,13.800000190734863,7900
2026-06-24,13.800000190734863,13.800000190734863,13.199999809265137,13.199999809265137,5000
2026-06-25,13.699999809265137,13.699999809265137,13.100000381469727,13.699999809265137,9800
2026-06-26,13.770000457763672,13.819999694824219,13.079999923706055,13.279999732971191,4400
2026-06-29,13.9399995803833,13.9399995803833,13.15999984741211,13.9399995803833,8900
2026-06-30,13.800000190734863,13.869999885559082,13.220000267028809,13.479999542236328,10700
2026-07-01,13.619999885559082,13.979999542236328,13.619999885559082,13.979999542236328,6100
2026-07-02,13.890000343322754,14.680000305175781,13.890000343322754,14.630000114440918,24000
2026-07-06,14.529999732971191,14.550000190734863,13.869999885559082,14.170000076293945,4000
2026-07-07,14.069999694824219,14.579999923706055,13.899999618530273,14,4700
2026-07-08,13.75,14.130000114440918,13.470000267028809,13.470000267028809,5800
2026-07-09,14.029999732971191,14.100000381469727,13.789999961853027,13.890000343322754,9900
2026-07-10,14.180000305175781,14.270000457763672,13.84000015258789,13.880000114440918,5000
2026-07-13,14.199999809265137,14.229999542236328,13.420000076293945,14.229999542236328,3700
2026-07-14,14.199999809265137,14.199999809265137,13.3100004196167,14.09000015258789,8700
2026-07-15,13.949999809265137,13.949999809265137,13.350000381469727,13.350000381469727,2457800
2026-07-16,13.989999771118164,13.989999771118164,13.210000038146973,13.989999771118164,1709300
2026-07-17,13.050000190734863,13.649999618530273,13.050000190734863,13.050000190734863,203700
2026-07-20,13.5,13.920000076293945,13.3100004196167,13.3100004196167,6900
2026-07-21,13.84000015258789,13.84000015258789,13.210000038146973,13.210000038146973,6200
2026-07-22,13.850000381469727,14.010000228881836,13.5,13.510000228881836,528700
2026-07-23,13.649999618530273,13.649999618530273,13.050000190734863,13.050000190734863,216400
2026-07-24,13.84000015258789,13.949999809265137,13.390000343322754,13.390000343322754,4500
2026-07-27,14.529999732971191,14.529999732971191,13.550000190734863,14.449999809265137,5400
2026-07-28,14.239999771118164,14.25,13.239999771118164,14.25,3100
2026-07-29,14.050000190734863,14.050000190734863,13.449999809265137,13.449999809265137,5900
2026-07-30,13.529999732971191,14.09000015258789,13.529999732971191,14.09000015258789,404700
2026-07-31,14.100000381469727,14.100000381469727,13.649999618530273,13.649999618530273,3300
2026-08-03,14.25,14.579999923706055,13.979999542236328,13.979999542236328,5600
2026-08-04,14.130000114440918,14.800000190734863,14.130000114440918,14.75,15100
2026-08-05,14.800000190734863,14.800000190734863,14.199999809265137,14.199999809265137,4600
2026-08-06,15.079999923706055,15.130000114440918,14.569999694824219,14.819999694824219,5087200
2026-08-07,14.619999885559082,15.279999732971191,14.619999885559082,15.279999732971191,1606800
2026-08-10,15.130000114440918,15.130000114440918,14.470000267028809,15.130000114440918,1502400
2026-08-11,15.220000267028809,15.220000267028809,14.529999732971191,14.529999732971191,6500
2026-08-12,15.279999732971191,15.279999732971191,14.619999885559082,15.279999732971191,2400
2026-08-13,14.630000114440918,15.489999771118164,14.390000343322754,15.489999771118164,3488600
2026-08-14,15.229999542236328,15.229999542236328,14.479999542236328,14.869999885559082,3502500
2026-08-17,14.550000190734863,14.90999984741211,14.550000190734863,14.640000343322754,4505900
2026-08-18,14.979999542236328,14.979999542236328,14.279999732971191,14.279999732971191,3706200
2026-08-19,14.279999732971191,14.789999961853027,13.979999542236328,14.140000343322754,3507700
2026-08-20,14.529999732971191,14.680000305175781,13.960000038146973,13.960000038146973,560900
2026-08-21,14.779999732971191,14.779999732971191,14.119999885559082,14.119999885559082,403400
2026-08-24,14.5,14.960000038146973,14.270000457763672,14.960000038146973,50500
2026-08-25,14.329999923706055,14.75,14.329999923706055,14.329999923706055,1500
2026-08-26,14.8100004196167,15.270000457763672,14.430000305175781,14.430000305175781,4900
2026-08-27,14.279999732971191,15.119999885559082,14.270000457763672,14.319999694824219,72000
2026-08-28,15.170000076293945,15.170000076293945,14.1899995803833,15.170000076293945,15900
2026-08-31,15.170000076293945,15.260000228881836,14.300000190734863,14.449999809265137,174600
2026-09-01,14.970000267028809,15.010000228881836,14.170000076293945,14.380000114440918,15400
2026-09-02,15.239999771118164,15.239999771118164,14.399999618530273,14.680000305175781,8600
2026-09-03,15.460000038146973,15.5,14.880000114440918,14.90999984741211,8000
2026-09-04,14.619999885559082,15.279999732971191,14.619999885559082,14.619999885559082,3300
2026-09-08,15.420000076293945,15.649999618530273,14.579999923706055,14.579999923706055,3000
2026-09-09,15.020000457763672,15.300000190734863,14.180000305175781,15.020000457763672,3600
2026-09-10,14.800000190734863,14.899999618530273,14.399999618530273,14.800000190734863,20100
2026-09-11,14.479999542236328,15.319999694824219,14.470000267028809,14.479999542236328,4700
2026-09-14,14.220000267028809,15.069999694824219,14.220000267028809,14.229999542236328,3500
2026-09-15,14.3100004196167,14.729999542236328,14.3100004196167,14.34000015258789,4900
2026-09-16,14.180000305175781,15.020000457763672,14.180000305175781,14.180000305175781,3300
2026-09-17,15.270000457763672,15.270000457763672,14.149999618530273,14.800000190734863,7800
