Date,Open,High,Low,Close,Volume
2010-01-20,3.2125000953674316,3.25,3.2125000953674316,2.165445327758789,438400
2010-01-21,3.200000047683716,3.200000047683716,3.200000047683716,2.1321301460266113,1200
2010-01-22,3.200000047683716,3.200000047683716,3.125,2.1321301460266113,4000
2010-01-25,3.0999999046325684,3.25,3.0999999046325684,2.1321301460266113,2800
2010-01-26,3.200000047683716,3.2750000953674316,3.0999999046325684,2.1238021850585938,24000
2010-01-27,3.1875,3.1875,3.137500047683716,2.0904877185821533,3600
2010-01-28,3.2699999809265137,3.2699999809265137,3.2699999809265137,2.178772211074829,800
2010-01-29,3.2125000953674316,3.2125000953674316,3.125,2.0821595191955566,2000
2010-02-01,3.1875,3.1875,3.1875,2.1238021850585938,2000
2010-02-02,3.174999952316284,3.25,3.174999952316284,2.165445327758789,1200
2010-02-03,3.25,3.25,3.112499952316284,2.0738308429718018,11600
2010-02-04,3.0250000953674316,3.0250000953674316,2.9749999046325684,1.982215166091919,4400
2010-02-05,2.8125,3.0625,2.8125,1.8739433288574219,4000
2010-02-08,2.9749999046325684,2.9749999046325684,2.9749999046325684,1.982215166091919,1200
2010-02-09,2.875,3.0625,2.875,1.9988727569580078,3600
2010-02-10,3,3,3,1.9988727569580078,1600
2010-02-11,3,3,3,1.9988727569580078,3600
2010-02-12,2.8375000953674316,2.8375000953674316,2.8375000953674316,1.890600323677063,1600
2010-02-16,3.012500047683716,3.012500047683716,3.012500047683716,2.0072011947631836,800
2010-02-17,3.0625,3.0625,3.0625,2.040515661239624,1200
2010-02-18,2.987499952316284,2.987499952316284,2.8375000953674316,1.9489006996154785,3200
2010-02-19,3.049999952316284,3.1875,2.9375,2.0821595191955566,1395600
2010-02-22,2.9625000953674316,3.0625,2.8125,1.9738866090774536,155200
2010-02-23,2.8125,2.950000047683716,2.75,1.9655578136444092,2800
2010-02-24,3,3,2.862499952316284,1.9072579145431519,1600
2010-02-25,3,3.125,2.9375,1.9572292566299438,14400
2010-02-26,2.8499999046325684,3.049999952316284,2.8499999046325684,1.9988727569580078,4000
2010-03-01,2.9375,3.075000047683716,2.9375,2.0488457679748535,11200
2010-03-02,3.0625,3.0625,2.9000000953674316,2.040515661239624,16000
2010-03-03,3.125,3.1875,2.924999952316284,2.0488457679748535,10000
2010-03-04,2.9625000953674316,3.055000066757202,2.9625000953674316,2.0355186462402344,2400
2010-03-05,3.0399999618530273,3.0924999713897705,3.0399999618530273,2.060504674911499,2000
2010-03-08,3.0924999713897705,3.119999885559082,3.0924999713897705,2.078827142715454,2400
2010-03-09,2.817500114440918,3.137500047683716,2.817500114440918,2.040515661239624,13200
2010-03-10,3.134999990463257,3.2125000953674316,3.0875000953674316,2.057173013687134,6800
2010-03-11,3.180000066757202,3.200000047683716,3.180000066757202,2.1321301460266113,2400
2010-03-12,3.1500000953674316,3.2325000762939453,3.125,2.107144594192505,3200
2010-03-15,3.1449999809265137,3.2125000953674316,3.1449999809265137,2.1404595375061035,5600
2010-03-16,3.125,3.2100000381469727,3.125,2.1387939453125,5600
2010-03-17,3.317500114440918,3.317500114440918,3.307499885559082,2.2037572860717773,2000
2010-03-18,3.309999942779541,3.309999942779541,3.309999942779541,2.20542311668396,1200
2010-03-19,3.309999942779541,3.309999942779541,3.309999942779541,2.20542311668396,0
2010-03-22,3.3375000953674316,3.3375000953674316,3.3375000953674316,2.2237462997436523,2400
2010-03-23,3.25,3.25,3.25,2.165445327758789,2000
2010-03-24,3.25,3.25,3.25,2.165445327758789,0
2010-03-25,3.3424999713897705,3.3499999046325684,3.255000114440918,2.232074022293091,7200
2010-03-26,3.237499952316284,3.237499952316284,3.237499952316284,2.157116413116455,1200
2010-03-29,3.375,3.375,3.375,2.248732089996338,2400
2010-03-30,3.2249999046325684,3.375,3.2249999046325684,2.165445327758789,9600
2010-03-31,3.299999952316284,3.325000047683716,3.2125000953674316,2.182102918624878,22800
2010-04-01,3.377500057220459,3.4124999046325684,3.3424999713897705,2.2737181186676025,1239600
2010-04-05,3.424999952316284,3.424999952316284,3.424999952316284,2.282046318054199,2000
2010-04-06,3.372499942779541,3.4625000953674316,3.315000057220459,2.307032585144043,4000
2010-04-07,3.325000047683716,3.325000047683716,3.237499952316284,2.157116413116455,8400
2010-04-08,3.2100000381469727,3.325000047683716,3.2100000381469727,2.21541690826416,4400
2010-04-09,3.262500047683716,3.299999952316284,3.2249999046325684,2.1987600326538086,104800
2010-04-12,3.299999952316284,3.299999952316284,3.299999952316284,2.1987600326538086,28000
2010-04-13,3.3375000953674316,3.3375000953674316,3.297499895095825,2.197094678878784,48000
2010-04-14,3.327500104904175,3.4124999046325684,3.327500104904175,2.2737181186676025,8400
2010-04-15,3.302500009536743,3.3975000381469727,3.299999952316284,2.2570602893829346,16400
2010-04-16,3.2925000190734863,3.2925000190734863,3.200000047683716,2.13712739944458,4400
2010-04-19,3.2249999046325684,3.2249999046325684,3.2249999046325684,2.1487882137298584,2800
2010-04-20,3.252500057220459,3.325000047683716,3.247499942779541,2.1637794971466064,8000
2010-04-21,3.2874999046325684,3.3375000953674316,3.1875,2.2237462997436523,9600
2010-04-22,3.2149999141693115,3.25,3.1649999618530273,2.165445327758789,2400
2010-04-23,3.200000047683716,3.202500104904175,3.1875,2.1337969303131104,51200
2010-04-26,3.2699999809265137,3.2774999141693115,3.184999942779541,2.182102918624878,2955200
2010-04-27,3.197499990463257,3.197499990463257,3.0225000381469727,2.0155298709869385,9200
2010-04-28,2.9749999046325684,3.049999952316284,2.9000000953674316,2.059937000274658,5600
2010-04-29,3.067500114440918,3.067500114440918,3.067500114440918,2.071756362915039,800
2010-04-30,3.075000047683716,3.112499952316284,3.057499885559082,2.0650017261505127,16000
2010-05-03,3.0950000286102295,3.117500066757202,3.0950000286102295,2.105525016784668,4400
2010-05-04,3,3,2.930000066757202,1.978890299797058,3200
2010-05-05,2.8375000953674316,2.8424999713897705,2.7750000953674316,1.907974362373352,10000
2010-05-06,2.825000047683716,2.825000047683716,2.825000047683716,1.907974362373352,2000
2010-05-07,2.7249999046325684,2.75,2.7249999046325684,1.857319712638855,1600
2010-05-10,2.9549999237060547,2.9625000953674316,2.9375,1.9839555025100708,6400
2010-05-11,2.950000047683716,3.0299999713897705,2.950000047683716,2.04642915725708,7600
2010-05-12,3.069999933242798,3.069999933242798,2.984999895095825,2.026167154312134,16800
2010-05-13,2.9725000858306885,3.012500047683716,2.9149999618530273,1.9856435060501099,69200
2010-05-14,2.797499895095825,2.797499895095825,2.75,1.857319712638855,11200
2010-05-17,2.75,2.75,2.742500066757202,1.85225510597229,2000
2010-05-18,2.7300000190734863,2.7300000190734863,2.7300000190734863,1.8438127040863037,1200
2010-05-19,2.7925000190734863,2.7925000190734863,2.7925000190734863,1.886023759841919,2400
2010-05-20,2.702500104904175,2.702500104904175,2.6624999046325684,1.8201733827590942,8000
2010-05-21,2.700000047683716,2.744999885559082,2.700000047683716,1.8404346704483032,4800
2010-05-24,2.700000047683716,2.700000047683716,2.700000047683716,1.8235504627227783,800
2010-05-25,2.612499952316284,2.682499885559082,2.5875000953674316,1.8117314577102661,17600
2010-05-26,2.682499885559082,2.682499885559082,2.612499952316284,1.7695190906524658,126400
2010-05-27,2.765000104904175,2.765000104904175,2.7174999713897705,1.8353698253631592,8000
2010-05-28,2.825000047683716,2.825000047683716,2.75,1.8995317220687866,16000
2010-06-01,2.75,2.75,2.7325000762939453,1.8455005884170532,89200
2010-06-02,2.757499933242798,2.7799999713897705,2.742500066757202,1.8758933544158936,232000
2010-06-03,2.809999942779541,2.815000057220459,2.744999885559082,1.8623855113983154,24800
2010-06-04,2.702500104904175,2.702500104904175,2.637500047683716,1.8083537817001343,13200
2010-06-07,2.700000047683716,2.700000047683716,2.640000104904175,1.7830278873443604,1600
2010-06-08,2.577500104904175,2.577500104904175,2.577500104904175,1.7408148050308228,800
2010-06-09,2.7774999141693115,2.8375000953674316,2.7774999141693115,1.9164165258407593,48400
2010-06-10,2.8125,2.877500057220459,2.8125,1.943432331085205,3200
2010-06-11,2.880000114440918,2.924999952316284,2.880000114440918,1.9755131006240845,8800
2010-06-14,2.932499885559082,2.932499885559082,2.8499999046325684,1.9248586893081665,29200
2010-06-15,2.9149999618530273,2.9149999618530273,2.9124999046325684,1.967070460319519,7200
2010-06-16,2.9049999713897705,2.9075000286102295,2.9049999713897705,1.9636934995651245,4400
2010-06-17,2.9600000381469727,3.012500047683716,2.9600000381469727,2.034609794616699,3600
2010-06-18,2.990000009536743,3.0425000190734863,2.990000009536743,2.026167154312134,86000
2010-06-21,3.049999952316284,3.049999952316284,3.049999952316284,2.059937000274658,800
2010-06-22,3.0399999618530273,3.0399999618530273,2.9749999046325684,2.0092825889587402,32000
2010-06-23,2.9549999237060547,3.007499933242798,2.944999933242798,1.989020586013794,13200
2010-06-24,2.8949999809265137,2.8949999809265137,2.890000104904175,1.9518744945526123,31600
2010-06-25,3.009999990463257,3.009999990463257,2.9649999141693115,2.002528667449951,2400
2010-06-28,3.002500057220459,3.002500057220459,3.002500057220459,2.02785587310791,1600
2010-06-29,2.8299999237060547,2.8299999237060547,2.8299999237060547,1.9113513231277466,1600
2010-06-30,2.8524999618530273,2.865000009536743,2.8475000858306885,1.9231702089309692,7600
2010-07-01,2.890000104904175,2.890000104904175,2.877500057220459,1.943432331085205,3600
2010-07-02,2.940000057220459,2.9600000381469727,2.940000057220459,1.9991519451141357,7200
2010-07-06,3.0824999809265137,3.0824999809265137,3.052500009536743,2.0616252422332764,6000
2010-07-07,3.0950000286102295,3.0950000286102295,3.059999942779541,2.066690683364868,2400
2010-07-08,3.0999999046325684,3.0999999046325684,3.0999999046325684,2.093705892562866,2800
2010-07-09,3.1050000190734863,3.140000104904175,3.1050000190734863,2.1207213401794434,8400
2010-07-12,3.0799999237060547,3.0799999237060547,3.0374999046325684,2.0514936447143555,5200
2010-07-13,3.140000104904175,3.190000057220459,3.140000104904175,2.154491424560547,2400
2010-07-14,3.2300000190734863,3.242500066757202,3.2249999046325684,2.1781296730041504,4000
2010-07-15,3.252500057220459,3.252500057220459,3.252500057220459,2.196702480316162,800
2010-07-16,3.255000114440918,3.255000114440918,3.255000114440918,2.1983916759490967,800
2010-07-19,3.237499952316284,3.237499952316284,3.1449999809265137,2.124099016189575,8800
2010-07-20,3.174999952316284,3.192500114440918,3.174999952316284,2.156179666519165,1600
2010-07-21,3.182499885559082,3.2249999046325684,3.1675000190734863,2.1392953395843506,2400
2010-07-22,3.309999942779541,3.3324999809265137,3.305000066757202,2.2507340908050537,2400
2010-07-23,3.3324999809265137,3.3324999809265137,3.3324999809265137,2.2507340908050537,0
2010-07-26,3.3324999809265137,3.3324999809265137,3.3324999809265137,2.2507340908050537,0
2010-07-27,3.4075000286102295,3.4075000286102295,3.3575000762939453,2.2676191329956055,7200
2010-07-28,3.327500104904175,3.3499999046325684,3.327500104904175,2.2625529766082764,5200
2010-07-29,3.3499999046325684,3.3499999046325684,3.3499999046325684,2.2625529766082764,2000
2010-07-30,3.302500009536743,3.302500009536743,3.302500009536743,2.2304725646972656,400
2010-08-02,3.3524999618530273,3.365000009536743,3.3524999618530273,2.2726845741271973,1600
2010-08-03,3.4100000858306885,3.424999952316284,3.375,2.2794382572174072,4000
2010-08-04,3.375,3.375,3.375,2.2794382572174072,0
2010-08-05,3.3399999141693115,3.3399999141693115,3.299999952316284,2.2287838459014893,2000
2010-08-06,3.299999952316284,3.299999952316284,3.299999952316284,2.2287838459014893,0
2010-08-09,3.3924999237060547,3.3924999237060547,3.3324999809265137,2.2507340908050537,16400
2010-08-10,3.3324999809265137,3.3324999809265137,3.3324999809265137,2.2507340908050537,0
2010-08-11,3.247499942779541,3.25,3.2249999046325684,2.1781296730041504,5600
2010-08-12,3.1875,3.1875,3.1875,2.1528024673461914,800
2010-08-13,3.2074999809265137,3.2325000762939453,3.192500114440918,2.156179666519165,36000
2010-08-16,3.2249999046325684,3.2674999237060547,3.2249999046325684,2.206834077835083,4400
2010-08-17,3.302500009536743,3.3499999046325684,3.302500009536743,2.2625529766082764,4000
2010-08-18,3.387500047683716,3.387500047683716,3.387500047683716,2.2878806591033936,1200
2010-08-19,3.387500047683716,3.387500047683716,3.387500047683716,2.2878806591033936,0
2010-08-20,3.317500114440918,3.317500114440918,3.297499895095825,2.227095365524292,3600
2010-08-23,3.325000047683716,3.325000047683716,3.325000047683716,2.245668649673462,800
2010-08-24,3.3375000953674316,3.3375000953674316,3.3375000953674316,2.2541120052337646,1600
2010-08-25,3.2674999237060547,3.2674999237060547,3.2274999618530273,2.1798183917999268,4800
2010-08-26,3.2774999141693115,3.2774999141693115,3.2774999141693115,2.213587760925293,2800
2010-08-27,3.2774999141693115,3.2774999141693115,3.2774999141693115,2.213587760925293,0
2010-08-30,3.319999933242798,3.319999933242798,3.315000057220459,2.238915205001831,2800
2010-08-31,3.3375000953674316,3.3375000953674316,3.3375000953674316,2.2541120052337646,1600
2010-09-01,3.452500104904175,3.494999885559082,3.452500104904175,2.3554186820983887,4800
2010-09-02,3.5399999618530273,3.5399999618530273,3.5225000381469727,2.3790576457977295,6400
2010-09-03,3.577500104904175,3.577500104904175,3.555000066757202,2.4010086059570312,83600
2010-09-07,3.507499933242798,3.507499933242798,3.4825000762939453,2.3571081161499023,67600
2010-09-08,3.5274999141693115,3.5274999141693115,3.5274999141693115,2.3824357986450195,1200
2010-09-09,3.619999885559082,3.627500057220459,3.577500104904175,2.448284864425659,6000
2010-09-10,3.6024999618530273,3.612499952316284,3.5975000858306885,2.433089256286621,69200
2010-09-13,3.700000047683716,3.7125000953674316,3.674999952316284,2.4820549488067627,20400
2010-09-14,3.7300000190734863,3.7774999141693115,3.7300000190734863,2.522578001022339,2800
2010-09-15,3.7125000953674316,3.740000009536743,3.7125000953674316,2.525954484939575,1200
2010-09-16,3.7149999141693115,3.75,3.7149999141693115,2.5327088832855225,1241200
2010-09-17,3.7300000190734863,3.755000114440918,3.7300000190734863,2.536085844039917,7200
2010-09-20,3.815000057220459,3.859999895095825,3.815000057220459,2.607002019882202,6400
2010-09-21,3.827500104904175,3.827500104904175,3.799999952316284,2.5664784908294678,6400
2010-09-22,3.822499990463257,3.8499999046325684,3.822499990463257,2.600248336791992,1200
2010-09-23,3.805000066757202,3.805000066757202,3.7750000953674316,2.549593925476074,14000
2010-09-24,3.930000066757202,4.050000190734863,3.927500009536743,2.735325813293457,11200
2010-09-27,3.947499990463257,3.947499990463257,3.9100000858306885,2.664409875869751,9200
2010-09-28,3.8924999237060547,3.990000009536743,3.8924999237060547,2.6948022842407227,13600
2010-09-29,3.950000047683716,3.9725000858306885,3.947499990463257,2.676229476928711,18000
2010-09-30,4,4.019999980926514,3.9625000953674316,2.676229476928711,16000
2010-10-01,3.924999952316284,3.9674999713897705,3.924999952316284,2.6796059608459473,22800
2010-10-04,3.944999933242798,3.944999933242798,3.887500047683716,2.632329225540161,10400
2010-10-05,4.019999980926514,4.059999942779541,4.019999980926514,2.742079496383667,8800
2010-10-06,4.022500038146973,4.074999809265137,4.022500038146973,2.7505218982696533,7200
2010-10-07,4.079999923706055,4.079999923706055,4.079999923706055,2.755586862564087,2800
2010-10-08,4.03249979019165,4.072500228881836,4.03249979019165,2.7505218982696533,2800
2010-10-11,4.012499809265137,4.012499809265137,3.9774999618530273,2.6863601207733154,46400
2010-10-12,3.9825000762939453,4.059999942779541,3.9825000762939453,2.742079496383667,4400
2010-10-13,4.059999942779541,4.059999942779541,4.057499885559082,2.740391254425049,4000
2010-10-14,4.072500228881836,4.102499961853027,4.070000171661377,2.7707841396331787,6800
2010-10-15,4.072500228881836,4.090000152587891,4.072500228881836,2.762340784072876,6400
2010-10-18,4.03000020980835,4.047500133514404,4.03000020980835,2.7268834114074707,3200
2010-10-19,4,4,4,2.701556444168091,1200
2010-10-20,4,4.099999904632568,4,2.767406702041626,15600
2010-10-21,4.182499885559082,4.204999923706055,4.177499771118164,2.8214378356933594,11200
2010-10-22,4.132500171661377,4.135000228881836,4.132500171661377,2.7927348613739014,4400
2010-10-25,4.204999923706055,4.21999979019165,4.204999923706055,2.850142240524292,3600
2010-10-26,4.159999847412109,4.159999847412109,4.159999847412109,2.8096187114715576,800
2010-10-27,4.132500171661377,4.132500171661377,4.099999904632568,2.769094705581665,11200
2010-10-28,4.137499809265137,4.137499809265137,4.110000133514404,2.775848865509033,7600
2010-10-29,4.150000095367432,4.199999809265137,4.150000095367432,2.836634635925293,7200
2010-11-01,4.114999771118164,4.114999771118164,4.047500133514404,2.733637809753418,2800
2010-11-02,4.135000228881836,4.175000190734863,4.135000228881836,2.819749593734741,33600
2010-11-03,4.172500133514404,4.1875,4.150000095367432,2.8281917572021484,6000
2010-11-04,4.195000171661377,4.195000171661377,4.125,2.8140363693237305,10000
2010-11-05,4.052499771118164,4.052499771118164,3.987499952316284,2.7202351093292236,2800
2010-11-08,4,4,3.950000047683716,2.728761911392212,2800
2010-11-09,3.950000047683716,3.9725000858306885,3.875,2.643488883972168,58800
2010-11-10,3.884999990463257,3.9000000953674316,3.827500104904175,2.660543918609619,26400
2010-11-11,3.880000114440918,3.9000000953674316,3.865000009536743,2.636667490005493,5600
2010-11-12,3.947499990463257,3.947499990463257,3.947499990463257,2.6929473876953125,1600
2010-11-15,3.952500104904175,3.9725000858306885,3.9200000762939453,2.7100026607513428,10000
2010-11-16,3.9024999141693115,3.9024999141693115,3.882499933242798,2.6520156860351562,11600
2010-11-17,3.932499885559082,3.944999933242798,3.9124999046325684,2.6690707206726074,4000
2010-11-18,4.012499809265137,4.012499809265137,4.012499809265137,2.7372896671295166,800
2010-11-19,4.0625,4.137499809265137,4.0625,2.822563409805298,5200
2010-11-22,4.012499809265137,4.067500114440918,4.007500171661377,2.773104667663574,7600
2010-11-23,3.9825000762939453,3.9825000762939453,3.9825000762939453,2.7168242931365967,800
2010-11-24,4.010000228881836,4.059999942779541,4,2.7696938514709473,6800
2010-11-26,3.867500066757202,3.867500066757202,3.867500066757202,2.6383719444274902,3200
2010-11-29,3.7125000953674316,3.817500114440918,3.7125000953674316,2.6025569438934326,8000
2010-11-30,3.7774999141693115,3.8375000953674316,3.737499952316284,2.6179068088531494,2800
2010-12-01,3.930000066757202,3.942500114440918,3.930000066757202,2.6895368099212646,2400
2010-12-02,4.039999961853027,4.072500228881836,4.039999961853027,2.778221368789673,2400
2010-12-03,4.287499904632568,4.287499904632568,4.287499904632568,2.9248921871185303,1600
2010-12-06,4.1875,4.1875,4.147500038146973,2.8345022201538086,2800
2010-12-07,4.227499961853027,4.227499961853027,4.162499904632568,2.839618682861328,5600
2010-12-08,4.25,4.25,4.210000038146973,2.887371778488159,4400
2010-12-09,4.132500171661377,4.150000095367432,4.132500171661377,2.8310911655426025,2400
2010-12-10,4.137499809265137,4.139999866485596,4.137499809265137,2.8242692947387695,4400
2010-12-13,4.204999923706055,4.25,4.192500114440918,2.899310350418091,9200
2010-12-14,4.177499771118164,4.215000152587891,4.177499771118164,2.8754332065582275,1600
2010-12-15,3.9774999618530273,3.9774999618530273,3.924999952316284,2.6775975227355957,3200
2010-12-16,3.887500047683716,3.9000000953674316,3.875,2.643488883972168,11200
2010-12-17,3.8450000286102295,3.8450000286102295,3.799999952316284,2.5923244953155518,12800
2010-12-20,3.7149999141693115,3.742500066757202,3.694999933242798,2.553098440170288,6800
2010-12-21,3.8424999713897705,3.880000114440918,3.8424999713897705,2.6264336109161377,15200
2010-12-22,3.8975000381469727,3.8975000381469727,3.8975000381469727,2.6588382720947266,800
2010-12-23,3.8375000953674316,3.8499999046325684,3.805000066757202,2.5957350730895996,4800
2010-12-27,3.742500066757202,3.757499933242798,3.7125000953674316,2.563331365585327,24800
2010-12-28,3.752500057220459,3.752500057220459,3.752500057220459,2.5599207878112793,6000
2010-12-29,3.759999990463257,3.7874999046325684,3.759999990463257,2.583796977996826,1200
2010-12-30,3.740000009536743,3.740000009536743,3.7174999713897705,2.536043882369995,8800
2010-12-31,3.7874999046325684,3.7874999046325684,3.7850000858306885,2.5820915699005127,2400
2011-01-03,3.7850000858306885,3.7850000858306885,3.7850000858306885,2.5820915699005127,0
2011-01-04,3.7674999237060547,3.7674999237060547,3.7200000286102295,2.5411603450775146,8800
2011-01-05,3.7049999237060547,3.737499952316284,3.684999942779541,2.549687385559082,25600
2011-01-06,3.6875,3.6875,3.6624999046325684,2.505345106124878,31600
2011-01-07,3.640000104904175,3.6475000381469727,3.630000114440918,2.488290548324585,10800
2011-01-10,3.622499942779541,3.700000047683716,3.622499942779541,2.5241053104400635,1200
2011-01-11,3.7125000953674316,3.7774999141693115,3.7125000953674316,2.576974391937256,1600
2011-01-12,3.817500114440918,3.8399999141693115,3.817500114440918,2.619612455368042,2000
2011-01-13,3.9124999046325684,3.9124999046325684,3.9000000953674316,2.663954496383667,2400
2011-01-14,3.9674999713897705,3.9674999713897705,3.9000000953674316,2.6690707206726074,4800
2011-01-18,3.9574999809265137,3.9749999046325684,3.924999952316284,2.6775975227355957,85200
2011-01-19,3.9574999809265137,3.9574999809265137,3.9574999809265137,2.6997694969177246,3200
2011-01-20,3.9075000286102295,3.9725000858306885,3.9000000953674316,2.7100026607513428,4400
2011-01-21,3.9625000953674316,3.9625000953674316,3.9625000953674316,2.7031805515289307,800
2011-01-24,3.890000104904175,3.950000047683716,3.877500057220459,2.6451938152313232,10800
2011-01-25,3.8975000381469727,3.9024999141693115,3.8375000953674316,2.6588382720947266,7600
2011-01-26,3.9549999237060547,3.9549999237060547,3.9549999237060547,2.698063850402832,800
2011-01-27,3.8375000953674316,3.869999885559082,3.799999952316284,2.640077590942383,5600
2011-01-28,3.744999885559082,3.75,3.734999895095825,2.5479819774627686,4400
2011-01-31,3.7950000762939453,3.7950000762939453,3.762500047683716,2.5667412281036377,3200
2011-02-01,3.797499895095825,3.8424999713897705,3.797499895095825,2.6213173866271973,2000
2011-02-02,3.809999942779541,3.809999942779541,3.809999942779541,2.5991461277008057,1200
2011-02-03,3.809999942779541,3.809999942779541,3.809999942779541,2.5991461277008057,0
2011-02-04,3.7225000858306885,3.7225000858306885,3.6675000190734863,2.5377492904663086,7600
2011-02-07,3.692500114440918,3.7274999618530273,3.692500114440918,2.532632350921631,6400
2011-02-08,3.8299999237060547,3.8399999141693115,3.822499990463257,2.619612455368042,5600
2011-02-09,3.8975000381469727,3.9049999713897705,3.8524999618530273,2.6622488498687744,7600
2011-02-10,3.7899999618530273,3.7899999618530273,3.757499933242798,2.563331365585327,2000
2011-02-11,3.640000104904175,3.6500000953674316,3.637500047683716,2.4899959564208984,5600
2011-02-14,3.672499895095825,3.677500009536743,3.672499895095825,2.5070505142211914,4400
2011-02-15,3.6600000858306885,3.6600000858306885,3.6500000953674316,2.4899959564208984,1200
2011-02-16,3.6500000953674316,3.6500000953674316,3.6500000953674316,2.4899959564208984,0
2011-02-17,3.747499942779541,3.747499942779541,3.747499942779541,2.556509256362915,1200
2011-02-18,3.697499990463257,3.7074999809265137,3.697499990463257,2.529222011566162,2000
2011-02-22,3.700000047683716,3.700000047683716,3.6624999046325684,2.498523235321045,2000
2011-02-23,3.6500000953674316,3.674999952316284,3.6500000953674316,2.5036399364471436,11200
2011-02-24,3.682499885559082,3.682499885559082,3.637500047683716,2.4968178272247314,30400
2011-02-25,3.674999952316284,3.682499885559082,3.6700000762939453,2.512166976928711,8800
2011-02-28,3.6575000286102295,3.6575000286102295,3.6050000190734863,2.4780571460723877,19600
2011-03-01,3.625,3.634999990463257,3.5924999713897705,2.4507699012756348,8000
2011-03-02,3.6075000762939453,3.615000009536743,3.569999933242798,2.4661190509796143,10000
2011-03-03,3.609999895095825,3.609999895095825,3.609999895095825,2.46270751953125,1200
2011-03-04,3.672499895095825,3.672499895095825,3.6475000381469727,2.4951119422912598,5600
2011-03-07,3.7850000858306885,3.7850000858306885,3.75,2.5582149028778076,2000
2011-03-08,3.630000114440918,3.684999942779541,3.612499952316284,2.5104618072509766,10000
2011-03-09,3.6024999618530273,3.622499942779541,3.6024999618530273,2.471235752105713,2800
2011-03-10,3.6524999141693115,3.6675000190734863,3.6524999141693115,2.5019335746765137,2800
2011-03-11,3.6600000858306885,3.6649999618530273,3.6424999237060547,2.5002284049987793,22400
2011-03-14,3.682499885559082,3.682499885559082,3.6424999237060547,2.4865851402282715,4400
2011-03-15,3.619999885559082,3.630000114440918,3.619999885559082,2.476351737976074,1600
2011-03-16,3.619999885559082,3.619999885559082,3.5425000190734863,2.4337148666381836,274000
2011-03-17,3.640000104904175,3.640000104904175,3.5850000381469727,2.4780571460723877,7200
2011-03-18,3.7225000858306885,3.7225000858306885,3.702500104904175,2.525811195373535,2800
2011-03-21,3.807499885559082,3.819999933242798,3.797499895095825,2.6059677600860596,5600
2011-03-22,3.8550000190734863,3.875,3.8350000381469727,2.643488883972168,3600
2011-03-23,3.992500066757202,4.087500095367432,3.992500066757202,2.788454532623291,10000
2011-03-24,4.079999923706055,4.125,4.079999923706055,2.8140363693237305,20000
2011-03-25,4.037499904632568,4.037499904632568,4.019999980926514,2.7424063682556152,3200
2011-03-28,4.005000114440918,4.014999866485596,4.005000114440918,2.7389955520629883,1600
2011-03-29,4.034999847412109,4.082499980926514,4.034999847412109,2.785043478012085,6000
2011-03-30,4.007500171661377,4.007500171661377,4.007500171661377,2.7338788509368896,1600
2011-03-31,4.03000020980835,4.050000190734863,4.014999866485596,2.752638816833496,16000
2011-04-01,4.105000019073486,4.110000133514404,4.059999942779541,2.8038034439086914,3200
2011-04-04,4.177499771118164,4.177499771118164,4.177499771118164,2.849851369857788,2400
2011-04-05,4.190000057220459,4.207499980926514,4.190000057220459,2.870317220687866,4800
2011-04-06,4.255000114440918,4.255000114440918,4.244999885559082,2.8958990573883057,4000
2011-04-07,4.227499961853027,4.230000019073486,4.192500114440918,2.883960723876953,11200
2011-04-08,4.275000095367432,4.275000095367432,4.21999979019165,2.883960723876953,5600
2011-04-11,4.227499961853027,4.227499961853027,4.227499961853027,2.883960723876953,0
2011-04-12,4.264999866485596,4.292500019073486,4.255000114440918,2.9027204513549805,2800
2011-04-13,4.264999866485596,4.264999866485596,4.21750020980835,2.899310350418091,2800
2011-04-14,4.239999771118164,4.239999771118164,4.222499847412109,2.8805501461029053,2000
2011-04-15,4.264999866485596,4.264999866485596,4.264999866485596,2.909543037414551,1200
2011-04-18,4.177499771118164,4.177499771118164,4.112500190734863,2.8447349071502686,2800
2011-04-19,4.195000171661377,4.235000133514404,4.195000171661377,2.8890771865844727,8400
2011-04-20,4.329999923706055,4.329999923706055,4.295000076293945,2.9300084114074707,6800
2011-04-21,4.362500190734863,4.362500190734863,4.335000038146973,2.957296848297119,4800
2011-04-25,4.380000114440918,4.380000114440918,4.380000114440918,2.987994909286499,17200
2011-04-26,4.40749979019165,4.40749979019165,4.357500076293945,2.9726452827453613,8000
2011-04-27,4.372499942779541,4.372499942779541,4.372499942779541,2.9828782081604004,1200
2011-04-28,4.485000133514404,4.494999885559082,4.440000057220459,3.0289268493652344,7200
2011-04-29,4.480000019073486,4.514999866485596,4.477499961853027,3.0800905227661133,3200
2011-05-02,4.494999885559082,4.505000114440918,4.494999885559082,3.0715627670288086,21600
2011-05-03,4.489999771118164,4.525000095367432,4.489999771118164,3.0766797065734863,11200
2011-05-04,4.612500190734863,4.612500190734863,4.579999923706055,3.129549503326416,7600
2011-05-05,4.447500228881836,4.5,4.429999828338623,3.088268995285034,25600
2011-05-06,4.480000019073486,4.480000019073486,4.480000019073486,3.0951781272888184,800
2011-05-09,4.317500114440918,4.317500114440918,4.275000095367432,2.9535460472106934,1200
2011-05-10,4.34499979019165,4.34499979019165,4.337500095367432,2.9967262744903564,3200
2011-05-11,4.427499771118164,4.427499771118164,4.417500019073486,3.0519967079162598,2400
2011-05-12,4.417500019073486,4.417500019073486,4.417500019073486,3.0519967079162598,0
2011-05-13,4.372499942779541,4.397500038146973,4.335000038146973,3.0053622722625732,4800
2011-05-16,4.397500038146973,4.400000095367432,4.397500038146973,3.0399065017700195,4000
2011-05-17,4.392499923706055,4.400000095367432,4.369999885559082,3.02954363822937,26000
2011-05-18,4.40500020980835,4.40500020980835,4.382500171661377,3.0278162956237793,11600
2011-05-19,4.460000038146973,4.512499809265137,4.432499885559082,3.114177942276001,16800
2011-05-20,4.385000228881836,4.385000228881836,4.315000057220459,3.0122718811035156,8400
2011-05-23,4.247499942779541,4.287499904632568,4.247499942779541,2.962181568145752,5600
2011-05-24,4.28249979019165,4.28249979019165,4.237500190734863,2.9276371002197266,2800
2011-05-25,4.400000095367432,4.400000095367432,4.355000019073486,3.0088164806365967,1600
2011-05-26,4.420000076293945,4.462500095367432,4.420000076293945,3.083087205886841,8400
2011-05-27,4.497499942779541,4.497499942779541,4.432499885559082,3.096904993057251,14400
2011-05-31,4.570000171661377,4.570000171661377,4.542500019073486,3.155630111694336,26000
2011-06-01,4.494999885559082,4.494999885559082,4.494999885559082,3.105541229248047,1200
2011-06-02,4.46750020980835,4.492499828338623,4.420000076293945,3.103813409805298,3200
2011-06-03,4.514999866485596,4.534999847412109,4.514999866485596,3.133176326751709,6000
2011-06-06,4.53249979019165,4.53249979019165,4.457499980926514,3.079632520675659,10400
2011-06-07,4.492499828338623,4.525000095367432,4.485000133514404,3.1089956760406494,71200
2011-06-08,4.462500095367432,4.462500095367432,4.40500020980835,3.083087205886841,10400
2011-06-09,4.375,4.422500133514404,4.367499828338623,3.0416343212127686,18400
2011-06-10,4.322500228881836,4.322500228881836,4.322500228881836,2.986363410949707,3200
2011-06-13,4.375,4.389999866485596,4.375,3.0329980850219727,1200
2011-06-14,4.525000095367432,4.525000095367432,4.525000095367432,3.1262683868408203,2000
2011-06-15,4.28249979019165,4.28249979019165,4.28249979019165,2.9587271213531494,800
2011-06-16,4.267499923706055,4.3125,4.267499923706055,2.9690911769866943,6000
2011-06-17,4.34250020980835,4.367499828338623,4.34250020980835,3.001908540725708,2800
2011-06-20,4.284999847412109,4.340000152587891,4.284999847412109,2.993272066116333,10800
2011-06-21,4.482500076293945,4.482500076293945,4.462500095367432,3.083087205886841,11600
2011-06-22,4.480000019073486,4.53249979019165,4.480000019073486,3.105541229248047,10000
2011-06-23,4.402500152587891,4.442500114440918,4.387499809265137,3.0692694187164307,12400
2011-06-24,4.357500076293945,4.409999847412109,4.357500076293945,3.0468153953552246,4400
2011-06-27,4.442500114440918,4.492499828338623,4.442500114440918,3.079632520675659,13200
2011-06-28,4.442500114440918,4.519999980926514,4.442500114440918,3.093449831008911,23200
2011-06-29,4.517499923706055,4.554999828338623,4.517499923706055,3.1469943523406982,4400
2011-06-30,4.574999809265137,4.585000038146973,4.53249979019165,3.1314492225646973,4400
2011-07-01,4.485000133514404,4.527500152587891,4.485000133514404,3.1228137016296387,7200
2011-07-05,4.644999980926514,4.65500020980835,4.574999809265137,3.1919026374816895,12400
2011-07-06,4.572500228881836,4.572500228881836,4.527500152587891,3.1297214031219482,2400
2011-07-07,4.587500095367432,4.587500095367432,4.550000190734863,3.1435399055480957,2000
2011-07-08,4.554999828338623,4.570000171661377,4.554999828338623,3.157358407974243,59200
2011-07-11,4.412499904632568,4.412499904632568,4.375,3.045088291168213,11200
2011-07-12,4.309999942779541,4.320000171661377,4.307499885559082,2.984636068344116,12400
2011-07-13,4.409999847412109,4.434999942779541,4.409999847412109,3.0640876293182373,1600
2011-07-14,4.402500152587891,4.402500152587891,4.375,3.022634983062744,4400
2011-07-15,4.400000095367432,4.400000095367432,4.389999866485596,3.0329980850219727,2800
2011-07-18,4.349999904632568,4.349999904632568,4.324999809265137,2.9880905151367188,3600
2011-07-19,4.429999828338623,4.432499885559082,4.335000038146973,3.038179636001587,2400
2011-07-20,4.510000228881836,4.522500038146973,4.510000228881836,3.124540328979492,4400
2011-07-21,4.53000020980835,4.605000019073486,4.53000020980835,3.141812324523926,6000
2011-07-22,4.607500076293945,4.617499828338623,4.577499866485596,3.162539005279541,14400
2011-07-25,4.610000133514404,4.65500020980835,4.605000019073486,3.21608304977417,31200
2011-07-26,4.622499942779541,4.632500171661377,4.622499942779541,3.2005388736724854,2400
2011-07-27,4.635000228881836,4.635000228881836,4.537499904632568,3.134904384613037,6400
2011-07-28,4.492499828338623,4.567500114440918,4.492499828338623,3.155630111694336,16000
2011-07-29,4.567500114440918,4.567500114440918,4.567500114440918,3.155630111694336,0
2011-08-01,4.457499980926514,4.457499980926514,4.457499980926514,3.079632520675659,2000
2011-08-02,4.367499828338623,4.367499828338623,4.304999828338623,2.9742722511291504,56400
2011-08-03,4.324999809265137,4.324999809265137,4.324999809265137,2.9880905151367188,1600
2011-08-04,4.159999847412109,4.159999847412109,4.050000190734863,2.8153679370880127,8400
2011-08-05,4.152500152587891,4.152500152587891,4.059999942779541,2.820549964904785,5600
2011-08-08,4.014999866485596,4.014999866485596,3.862499952316284,2.6685547828674316,8400
2011-08-09,3.9700000286102295,4.027500152587891,3.875,2.777369260787964,7600
2011-08-10,3.930000066757202,4,3.9075000286102295,2.6996443271636963,14800
2011-08-11,4.012499809265137,4.150000095367432,4.012499809265137,2.86718487739563,12400
2011-08-12,4.199999809265137,4.199999809265137,4.177499771118164,2.8861842155456543,2000
2011-08-15,4.3125,4.3125,4.269999980926514,2.9500911235809326,6800
2011-08-16,4.230000019073486,4.230000019073486,4.204999923706055,2.9051828384399414,3600
2011-08-17,4.364999771118164,4.364999771118164,4.287499904632568,3.0105438232421875,9600
2011-08-18,4.195000171661377,4.195000171661377,4.147500038146973,2.86545729637146,3600
2011-08-19,4.025000095367432,4.025000095367432,3.947499990463257,2.7272801399230957,10800
2011-08-22,4.122499942779541,4.122499942779541,4.057499885559082,2.8032782077789307,16400
2011-08-23,4.037499904632568,4.057499885559082,3.997499942779541,2.8032782077789307,9600
2011-08-24,4.059999942779541,4.059999942779541,3.990000009536743,2.7566425800323486,2400
2011-08-25,4.027500152587891,4.027500152587891,3.9600000381469727,2.7635512351989746,24800
2011-08-26,3.924999952316284,4,3.9100000858306885,2.723825693130493,17200
2011-08-29,4.105000019073486,4.105000019073486,4.082499980926514,2.820549964904785,1600
2011-08-30,4.099999904632568,4.150000095367432,4.082499980926514,2.827458620071411,8800
2011-08-31,4.324999809265137,4.324999809265137,4.235000133514404,2.9276371002197266,4800
2011-09-01,4.302499771118164,4.322500228881836,4.302499771118164,2.984636068344116,2800
2011-09-02,4.247499942779541,4.247499942779541,4.1875,2.8930931091308594,2400
2011-09-06,4.014999866485596,4.045000076293945,3.9625000953674316,2.7946412563323975,15200
2011-09-07,4.162499904632568,4.182499885559082,4.162499904632568,2.8896384239196777,4800
2011-09-08,4.139999866485596,4.144999980926514,4.09250020980835,2.8637301921844482,3200
2011-09-09,4.039999961853027,4.067500114440918,4.019999980926514,2.777369260787964,9600
2011-09-12,3.9774999618530273,4,3.952500104904175,2.7307345867156982,2000
2011-09-13,4.017499923706055,4.054999828338623,4.017499923706055,2.8015503883361816,12400
2011-09-14,4.110000133514404,4.199999809265137,4.110000133514404,2.9017295837402344,3200
2011-09-15,4.369999885559082,4.369999885559082,4.315000057220459,2.9811811447143555,2400
2011-09-16,4.307499885559082,4.337500095367432,4.275000095367432,2.9967262744903564,9200
2011-09-19,4.337500095367432,4.337500095367432,4.337500095367432,2.9967262744903564,0
2011-09-20,4.317500114440918,4.317500114440918,4.317500114440918,2.9829084873199463,800
2011-09-21,4.352499961853027,4.402500152587891,4.28249979019165,2.9587271213531494,6400
2011-09-22,4.097499847412109,4.224999904632568,4.097499847412109,2.8550944328308105,6400
2011-09-23,4.277500152587891,4.320000171661377,4.21750020980835,2.984636068344116,8000
2011-09-26,4.34250020980835,4.4375,4.34250020980835,3.0640876293182373,7600
2011-09-27,4.480000019073486,4.497499942779541,4.402500152587891,3.1072683334350586,11600
2011-09-28,4.454999923706055,4.454999923706055,4.320000171661377,2.984636068344116,5600
2011-09-29,4.389999866485596,4.389999866485596,4.389999866485596,3.0329980850219727,3600
2011-09-30,4.287499904632568,4.340000152587891,4.28249979019165,2.998453140258789,2000
2011-10-03,4.184999942779541,4.184999942779541,4.0625,2.806731939315796,9200
2011-10-04,4.03000020980835,4.09250020980835,4.03000020980835,2.827458620071411,14400
2011-10-05,4.102499961853027,4.199999809265137,4.102499961853027,2.9017295837402344,6000
2011-10-06,4.125,4.125,4.125,2.849912643432617,800
2011-10-07,4.28249979019165,4.28249979019165,4.224999904632568,2.9190006256103516,2400
2011-10-10,4.440000057220459,4.440000057220459,4.414999961853027,3.0502700805664062,25200
2011-10-11,4.525000095367432,4.525000095367432,4.477499961853027,3.093449831008911,1600
2011-10-12,4.612500190734863,4.612500190734863,4.487500190734863,3.1003599166870117,7600
2011-10-13,4.642499923706055,4.642499923706055,4.567500114440918,3.1832661628723145,6000
2011-10-14,4.684999942779541,4.690000057220459,4.619999885559082,3.2402641773223877,148000
2011-10-17,4.644999980926514,4.684999942779541,4.599999904632568,3.178084373474121,10800
2011-10-18,4.507500171661377,4.554999828338623,4.507500171661377,3.1469943523406982,6800
2011-10-19,4.559999942779541,4.559999942779541,4.559999942779541,3.150449275970459,800
2011-10-20,4.607500076293945,4.642499923706055,4.542500019073486,3.207447052001953,16000
2011-10-21,4.8125,4.8125,4.784999847412109,3.307624340057373,6800
2011-10-24,4.767499923706055,4.767499923706055,4.767499923706055,3.2938075065612793,1200
2011-10-25,4.71999979019165,4.769999980926514,4.71999979019165,3.2644453048706055,4400
2011-10-26,4.807499885559082,4.807499885559082,4.65500020980835,3.235081911087036,11200
2011-10-27,4.867499828338623,4.867499828338623,4.867499828338623,3.3628971576690674,1200
2011-10-28,4.742499828338623,4.762499809265137,4.699999809265137,3.25637149810791,7600
2011-10-31,4.647500038146973,4.650000095367432,4.537499904632568,3.143785238265991,7200
2011-11-01,4.262499809265137,4.369999885559082,4.262499809265137,3.000019073486328,6000
2011-11-02,4.309999942779541,4.327499866485596,4.304999828338623,2.9826982021331787,378400
2011-11-03,4.304999828338623,4.304999828338623,4.304999828338623,2.9826982021331787,0
2011-11-04,4.427499771118164,4.497499942779541,4.427499771118164,3.0848920345306396,2400
2011-11-07,4.447500228881836,4.447500228881836,4.40749979019165,3.0796961784362793,3200
2011-11-08,4.534999847412109,4.537499904632568,4.534999847412109,3.143785238265991,2800
2011-11-09,4.364999771118164,4.394999980926514,4.335000038146973,3.003483533859253,5600
2011-11-10,4.34250020980835,4.34250020980835,4.307499885559082,2.9844305515289307,8000
2011-11-11,4.550000190734863,4.550000190734863,4.537499904632568,3.143785238265991,3600
2011-11-14,4.457499980926514,4.480000019073486,4.440000057220459,3.076232433319092,5200
2011-11-15,4.394999980926514,4.442500114440918,4.382500171661377,3.0779638290405273,2800
2011-11-16,4.420000076293945,4.432499885559082,4.367499828338623,3.0260009765625,11600
2011-11-17,4.425000190734863,4.465000152587891,4.400000095367432,3.048518180847168,10000
2011-11-18,4.369999885559082,4.4375,4.369999885559082,3.074500560760498,6400
2011-11-21,4.272500038146973,4.332499980926514,4.272500038146973,3.001751661300659,6800
2011-11-22,4.352499961853027,4.362500190734863,4.322500228881836,2.9948229789733887,8000
2011-11-23,4.167500019073486,4.167500019073486,4.097499847412109,2.8423969745635986,12000
2011-11-25,3.9625000953674316,3.994999885559082,3.9600000381469727,2.7679169178009033,10800
2011-11-28,4.072500228881836,4.112500190734863,4.067500114440918,2.8423969745635986,221200
2011-11-29,4.007500171661377,4.007500171661377,3.9825000762939453,2.7592556476593018,6400
2011-11-30,4.202499866485596,4.202499866485596,4.202499866485596,2.9116811752319336,2800
2011-12-01,4.322500228881836,4.322500228881836,4.252500057220459,2.9463236331939697,2800
2011-12-02,4.297500133514404,4.297500133514404,4.272500038146973,2.9601805210113525,18800
2011-12-05,4.242499828338623,4.247499942779541,4.202499866485596,2.9116811752319336,69600
2011-12-06,4.204999923706055,4.287499904632568,4.204999923706055,2.9705734252929688,9200
2011-12-07,4.192500114440918,4.275000095367432,4.192500114440918,2.9515204429626465,8400
2011-12-08,4.152500152587891,4.167500019073486,4.152500152587891,2.8874318599700928,3600
2011-12-09,4.224999904632568,4.269999980926514,4.222499847412109,2.9255385398864746,3600
2011-12-12,4.172500133514404,4.172500133514404,4.110000133514404,2.8735744953155518,7600
2011-12-13,4.072500228881836,4.072500228881836,4.072500228881836,2.8216118812561035,800
2011-12-14,4.107500076293945,4.107500076293945,4.054999828338623,2.823343276977539,10000
2011-12-15,4.177499771118164,4.204999923706055,4.159999847412109,2.8822357654571533,18000
2011-12-16,4.074999809265137,4.074999809265137,4.017499923706055,2.800826072692871,10000
2011-12-19,4.070000171661377,4.072500228881836,4.022500038146973,2.7869691848754883,2800
2011-12-20,4.127500057220459,4.127500057220459,4.090000152587891,2.8337368965148926,9200
2011-12-21,4.074999809265137,4.074999809265137,4.034999847412109,2.823343276977539,10400
2011-12-22,4.047500133514404,4.09499979019165,4.047500133514404,2.837200880050659,463600
2011-12-23,4.087500095367432,4.117499828338623,4.087500095367432,2.852789878845215,80400
2011-12-27,4.144999980926514,4.167500019073486,4.107500076293945,2.8683786392211914,9600
2011-12-28,4.03000020980835,4.034999847412109,4.010000228881836,2.7869691848754883,5600
2011-12-29,4.037499904632568,4.090000152587891,4.037499904632568,2.8337368965148926,15600
2011-12-30,4.057499885559082,4.057499885559082,4.057499885559082,2.8112192153930664,1200
2012-01-03,4.114999771118164,4.202499866485596,4.114999771118164,2.9116811752319336,383600
2012-01-04,4.107500076293945,4.117499828338623,4.082499980926514,2.851058006286621,446000
2012-01-05,4.037499904632568,4.042500019073486,4.012499809265137,2.780040740966797,289200
2012-01-06,4.025000095367432,4.025000095367432,3.987499952316284,2.7869691848754883,12000
2012-01-09,4.054999828338623,4.0625,4.042500019073486,2.814683198928833,2400
2012-01-10,4.15749979019165,4.170000076293945,4.15749979019165,2.885699987411499,8000
2012-01-11,4.130000114440918,4.130000114440918,4.105000019073486,2.851058006286621,6400
2012-01-12,4.142499923706055,4.190000057220459,4.107500076293945,2.9030206203460693,14000
2012-01-13,4.077499866485596,4.077499866485596,4.047500133514404,2.8077547550201416,25200
2012-01-17,4.237500190734863,4.237500190734863,4.177499771118164,2.8943605422973633,2800
2012-01-18,4.255000114440918,4.309999942779541,4.239999771118164,2.986161708831787,30400
2012-01-19,4.295000076293945,4.295000076293945,4.244999885559082,2.9480555057525635,21600
2012-01-20,4.327499866485596,4.329999923706055,4.327499866485596,3.000019073486328,1600
2012-01-23,4.387499809265137,4.412499904632568,4.34499979019165,3.0225372314453125,7200
2012-01-24,4.340000152587891,4.360000133514404,4.335000038146973,3.0069475173950195,15600
2012-01-25,4.340000152587891,4.414999961853027,4.332499980926514,3.0190727710723877,18400
2012-01-26,4.482500076293945,4.545000076293945,4.465000152587891,3.093553304672241,113200
2012-01-27,4.457499980926514,4.457499980926514,4.392499923706055,3.043321132659912,415600
2012-01-30,4.385000228881836,4.427499771118164,4.385000228881836,3.0675711631774902,8000
2012-01-31,4.409999847412109,4.409999847412109,4.332499980926514,3.0225372314453125,2800
2012-02-01,4.462500095367432,4.525000095367432,4.440000057220459,3.076232433319092,18800
2012-02-02,4.525000095367432,4.53249979019165,4.497499942779541,3.1160709857940674,29200
2012-02-03,4.449999809265137,4.474999904632568,4.449999809265137,3.0848920345306396,9200
2012-02-06,4.397500038146973,4.447500228881836,4.394999980926514,3.0814285278320312,9200
2012-02-07,4.447500228881836,4.507500171661377,4.447500228881836,3.122999429702759,2800
2012-02-08,4.440000057220459,4.445000171661377,4.440000057220459,3.0796961784362793,2400
2012-02-09,4.510000228881836,4.557499885559082,4.480000019073486,3.1039466857910156,8800
2012-02-10,4.522500038146973,4.565000057220459,4.5,3.1559088230133057,26800
2012-02-13,4.53249979019165,4.53249979019165,4.474999904632568,3.12473201751709,7200
2012-02-14,4.477499961853027,4.519999980926514,4.442500114440918,3.110873222351074,4000
2012-02-15,4.492499828338623,4.492499828338623,4.425000190734863,3.0779638290405273,193600
2012-02-16,4.385000228881836,4.425000190734863,4.375,3.065840005874634,41200
2012-02-17,4.505000114440918,4.505000114440918,4.505000114440918,3.1212663650512695,2800
2012-02-21,4.539999961853027,4.577499866485596,4.539999961853027,3.164569139480591,6400
2012-02-22,4.545000076293945,4.545000076293945,4.545000076293945,3.1489808559417725,800
2012-02-23,4.570000171661377,4.599999904632568,4.570000171661377,3.180159330368042,273200
2012-02-24,4.667500019073486,4.667500019073486,4.622499942779541,3.2061405181884766,23200
2012-02-27,4.585000038146973,4.650000095367432,4.585000038146973,3.2061405181884766,6400
2012-02-28,4.659999847412109,4.692500114440918,4.650000095367432,3.2217299938201904,214400
2012-02-29,4.644999980926514,4.652500152587891,4.622499942779541,3.211337089538574,408800
2012-03-01,4.577499866485596,4.577499866485596,4.577499866485596,3.1714982986450195,9600
2012-03-02,4.5625,4.599999904632568,4.5625,3.1870882511138916,62000
2012-03-05,4.570000171661377,4.570000171661377,4.550000190734863,3.1593739986419678,16800
2012-03-06,4.385000228881836,4.385000228881836,4.340000152587891,3.0069475173950195,115600
2012-03-07,4.422500133514404,4.422500133514404,4.380000114440918,3.058910608291626,45200
2012-03-08,4.414999961853027,4.414999961853027,4.414999961853027,3.058910608291626,400
2012-03-09,4.434999942779541,4.465000152587891,4.412499904632568,3.0571789741516113,3200
2012-03-12,4.460000038146973,4.482500076293945,4.449999809265137,3.1056783199310303,5200
2012-03-13,4.46999979019165,4.539999961853027,4.46999979019165,3.1403205394744873,6800
2012-03-14,4.565000057220459,4.565000057220459,4.53249979019165,3.1593739986419678,8800
2012-03-15,4.572500228881836,4.572500228881836,4.570000171661377,3.16630220413208,1600
2012-03-16,4.667500019073486,4.712500095367432,4.667500019073486,3.2650327682495117,63200
2012-03-19,4.707499980926514,4.755000114440918,4.707499980926514,3.294477701187134,1732000
2012-03-20,4.6875,4.760000228881836,4.667500019073486,3.2979423999786377,1961600
2012-03-21,4.735000133514404,4.775000095367432,4.735000133514404,3.308335781097412,10000
2012-03-22,4.704999923706055,4.737500190734863,4.690000057220459,3.2823543548583984,10800
2012-03-23,4.724999904632568,4.767499923706055,4.724999904632568,3.303138256072998,12400
2012-03-26,4.767499923706055,4.829999923706055,4.764999866485596,3.3464417457580566,21600
2012-03-27,4.820000171661377,4.820000171661377,4.777500152587891,3.3100674152374268,12000
2012-03-28,4.772500038146973,4.795000076293945,4.772500038146973,3.3204598426818848,8000
2012-03-29,4.652500152587891,4.71750020980835,4.652500152587891,3.247711658477783,22400
2012-03-30,4.767499923706055,4.807499885559082,4.760000228881836,3.301406145095825,129600
2012-04-02,4.804999828338623,4.922500133514404,4.804999828338623,3.3758883476257324,332800
2012-04-03,4.902500152587891,4.902500152587891,4.832499980926514,3.3481740951538086,18800
2012-04-04,4.744999885559082,4.744999885559082,4.692500114440918,3.2581043243408203,77600
2012-04-05,4.627500057220459,4.684999942779541,4.610000133514404,3.211337089538574,1857600
2012-04-09,4.625,4.704999923706055,4.492499828338623,3.247711658477783,929600
2012-04-10,4.599999904632568,4.610000133514404,4.522500038146973,3.1333916187286377,12000
2012-04-11,4.579999923706055,4.599999904632568,4.579999923706055,3.1836228370666504,26000
2012-04-12,4.682499885559082,4.697500228881836,4.647500038146973,3.2546396255493164,36000
2012-04-13,4.502500057220459,4.545000076293945,4.474999904632568,3.12819504737854,22800
2012-04-16,4.590000152587891,4.590000152587891,4.539999961853027,3.154177188873291,173200
2012-04-17,4.625,4.702499866485596,4.625,3.2321219444274902,19600
2012-04-18,4.53249979019165,4.53249979019165,4.525000095367432,3.1351242065429688,26800
2012-04-19,4.53249979019165,4.534999847412109,4.422500133514404,3.0796961784362793,484400
2012-04-20,4.550000190734863,4.602499961853027,4.550000190734863,3.188819169998169,10000
2012-04-23,4.492499828338623,4.502500057220459,4.489999771118164,3.1160709857940674,16000
2012-04-24,4.525000095367432,4.542500019073486,4.5,3.117802619934082,39200
2012-04-25,4.492499828338623,4.492499828338623,4.477499961853027,3.1039466857910156,11200
2012-04-26,4.482500076293945,4.485000133514404,4.440000057220459,3.14168119430542,676800
2012-04-27,4.537499904632568,4.537499904632568,4.474999904632568,3.14168119430542,4800
2012-04-30,4.505000114440918,4.505000114440918,4.445000171661377,3.120619535446167,4800
2012-05-01,4.427499771118164,4.485000133514404,4.427499771118164,3.1451916694641113,20800
2012-05-02,4.442500114440918,4.46750020980835,4.429999828338623,3.1329057216644287,23200
2012-05-03,4.53000020980835,4.534999847412109,4.53000020980835,3.1838042736053467,16000
2012-05-04,4.4375,4.447500228881836,4.402500152587891,3.0925374031066895,11200
2012-05-07,4.452499866485596,4.465000152587891,4.4375,3.1241304874420166,8400
2012-05-08,4.409999847412109,4.412499904632568,4.389999866485596,3.089027166366577,94400
2012-05-09,4.34499979019165,4.380000114440918,4.34499979019165,3.0732314586639404,13200
2012-05-10,4.382500171661377,4.389999866485596,4.357500076293945,3.059190273284912,503200
2012-05-11,4.369999885559082,4.4375,4.369999885559082,3.0925374031066895,24800
2012-05-14,4.302499771118164,4.332499980926514,4.300000190734863,3.0275979042053223,3200
2012-05-15,4.369999885559082,4.40500020980835,4.360000133514404,3.069720983505249,10000
2012-05-16,4.3125,4.320000171661377,4.277500152587891,3.0030264854431152,56800
2012-05-17,4.287499904632568,4.307499885559082,4.242499828338623,2.978454351425171,148400
2012-05-18,4.25,4.272500038146973,4.237500190734863,2.976698637008667,140000
2012-05-21,4.244999885559082,4.264999866485596,4.239999771118164,2.987229824066162,87200
2012-05-22,4.332499980926514,4.355000019073486,4.289999961853027,3.03812837600708,268000
2012-05-23,4.287499904632568,4.287499904632568,4.237500190734863,2.992494821548462,89600
2012-05-24,4.332499980926514,4.332499980926514,4.272500038146973,2.999516010284424,26400
2012-05-25,4.317500114440918,4.322500228881836,4.289999961853027,3.0118019580841064,60000
2012-05-29,4.302499771118164,4.307499885559082,4.297500133514404,3.0240883827209473,10800
2012-05-30,4.135000228881836,4.135000228881836,4.107500076293945,2.8836779594421387,9200
2012-05-31,4.09499979019165,4.139999866485596,4.09499979019165,2.906493902206421,6800
2012-06-01,4.042500019073486,4.057499885559082,3.9625000953674316,2.818737268447876,270800
2012-06-04,4.042500019073486,4.077499866485596,4.042500019073486,2.855595111846924,218000
2012-06-05,4.067500114440918,4.082499980926514,4.039999961853027,2.8468194007873535,76000
2012-06-06,4.114999771118164,4.184999942779541,4.112500190734863,2.934575319290161,20000
2012-06-07,4.232500076293945,4.255000114440918,4.212500095367432,2.976698637008667,9600
2012-06-08,4.210000038146973,4.21999979019165,4.204999923706055,2.9521267414093018,4400
2012-06-11,4.264999866485596,4.28000020980835,4.204999923706055,2.9591479301452637,165200
2012-06-12,4.192500114440918,4.224999904632568,4.159999847412109,2.9661684036254883,37200
2012-06-13,4.662499904632568,4.742499828338623,4.652500152587891,3.299643039703369,47200
2012-06-14,4.78249979019165,4.852499961853027,4.78249979019165,3.399685859680176,51200
2012-06-15,4.802499771118164,4.8125,4.789999961853027,3.3786239624023438,7200
2012-06-18,4.727499961853027,4.760000228881836,4.724999904632568,3.3259706497192383,10800
2012-06-19,4.894999980926514,4.96750020980835,4.889999866485596,3.4751553535461426,23200
2012-06-20,4.900000095367432,4.96750020980835,4.900000095367432,3.4558498859405518,8800
2012-06-21,4.847499847412109,4.847499847412109,4.820000171661377,3.383890151977539,2400
2012-06-22,4.840000152587891,4.840000152587891,4.804999828338623,3.3821351528167725,6400
2012-06-25,4.832499980926514,4.832499980926514,4.832499980926514,3.392664909362793,1600
2012-06-26,4.835000038146973,4.860000133514404,4.829999923706055,3.3944196701049805,3200
2012-06-27,4.867499828338623,4.894999980926514,4.867499828338623,3.417236566543579,5200
2012-06-28,4.840000152587891,4.857500076293945,4.815000057220459,3.4102158546447754,8400
2012-06-29,5.097499847412109,5.167500019073486,5.097499847412109,3.624342203140259,20400
2012-07-02,5.147500038146973,5.147500038146973,5.09250020980835,3.57519793510437,156000
2012-07-03,5.125,5.190000057220459,5.125,3.6401381492614746,10800
2012-07-05,4.965000152587891,4.987500190734863,4.952499866485596,3.4962167739868164,18800
2012-07-06,4.885000228881836,4.892499923706055,4.867499828338623,3.417236566543579,17600
2012-07-09,4.862500190734863,4.872499942779541,4.837500095367432,3.4207468032836914,11200
2012-07-10,4.892499923706055,4.909999847412109,4.869999885559082,3.422501802444458,28800
2012-07-11,4.927499771118164,4.940000057220459,4.909999847412109,3.4681358337402344,58800
2012-07-12,4.835000038146973,4.875,4.832499980926514,3.422501802444458,14800
2012-07-13,4.90749979019165,4.949999809265137,4.90749979019165,3.4751553535461426,26000
2012-07-16,4.9375,4.9375,4.922500133514404,3.4558498859405518,5200
2012-07-17,4.947500228881836,4.994999885559082,4.920000076293945,3.5067496299743652,91200
2012-07-18,4.957499980926514,5.007500171661377,4.957499980926514,3.51552414894104,1706800
2012-07-19,5.087500095367432,5.09250020980835,5.0625,3.57519793510437,4598400
2012-07-20,4.885000228881836,4.932499885559082,4.820000171661377,3.4207468032836914,2928000
2012-07-23,4.835000038146973,4.855000019073486,4.789999961853027,3.4084606170654297,43200
2012-07-24,4.75,4.75,4.667500019073486,3.303152084350586,74400
2012-07-25,4.96999979019165,4.972499847412109,4.860000133514404,3.4611153602600098,163200
2012-07-26,5.03249979019165,5.059999942779541,5.012499809265137,3.545360565185547,38800
2012-07-27,5.09499979019165,5.202499866485596,5.09499979019165,3.6348719596862793,178000
2012-07-30,5.222499847412109,5.360000133514404,5.222499847412109,3.7384250164031982,4016400
2012-07-31,5.3125,5.317500114440918,5.144999980926514,3.636627197265625,1006400
2012-08-01,5.110000133514404,5.164999961853027,5.110000133514404,3.612056255340576,22000
2012-08-02,5.007500171661377,5.014999866485596,4.882500171661377,3.4821770191192627,255600
2012-08-03,5.262499809265137,5.3125,5.242499828338623,3.6998112201690674,58000
2012-08-06,5.5,5.554999828338623,5.5,3.8963875770568848,16000
2012-08-07,5.622499942779541,5.65749979019165,5.559999942779541,3.9630823135375977,28400
2012-08-08,5.452499866485596,5.5,5.452499866485596,3.8577730655670166,37600
2012-08-09,5.402500152587891,5.402500152587891,5.402500152587891,3.792834520339966,2800
2012-08-10,5.300000190734863,5.332499980926514,5.28249979019165,3.7419347763061523,37200
2012-08-13,5.332499980926514,5.367499828338623,5.320000171661377,3.7349140644073486,29600
2012-08-14,5.28000020980835,5.307499885559082,5.21750020980835,3.678750514984131,14400
2012-08-15,5.264999866485596,5.267499923706055,5.237500190734863,3.676995277404785,11600
2012-08-16,5.260000228881836,5.382500171661377,5.260000228881836,3.7787926197052,18000
2012-08-17,5.427499771118164,5.427499771118164,5.369999885559082,3.792834520339966,5200
2012-08-20,5.349999904632568,5.349999904632568,5.300000190734863,3.720874071121216,120000
2012-08-21,5.485000133514404,5.627500057220459,5.485000133514404,3.945531129837036,1679200
2012-08-22,5.460000038146973,5.545000076293945,5.402500152587891,3.8349571228027344,802000
2012-08-23,5.394999980926514,5.429999828338623,5.367499828338623,3.7840585708618164,155600
2012-08-24,5.547500133514404,5.547500133514404,5.477499961853027,3.845489025115967,1600
2012-08-27,5.482500076293945,5.539999961853027,5.482500076293945,3.8823459148406982,255200
2012-08-28,5.497499942779541,5.510000228881836,5.414999961853027,3.8244271278381348,46000
2012-08-29,5.489999771118164,5.497499942779541,5.40749979019165,3.7963438034057617,32400
2012-08-30,5.442500114440918,5.46750020980835,5.442500114440918,3.820915937423706,55600
2012-08-31,5.550000190734863,5.579999923706055,5.545000076293945,3.892876148223877,184400
2012-09-04,5.664999961853027,5.664999961853027,5.534999847412109,3.8876125812530518,179200
2012-09-05,5.662499904632568,5.722499847412109,5.659999847412109,4.017490386962891,72000
2012-09-06,5.892499923706055,6.065000057220459,5.892499923706055,4.257943630218506,113600
2012-09-07,5.742499828338623,5.800000190734863,5.672500133514404,3.9946744441986084,225600
2012-09-10,5.71999979019165,5.744999885559082,5.672500133514404,3.982389211654663,18800
2012-09-11,5.730000019073486,5.772500038146973,5.730000019073486,4.045572757720947,9600
2012-09-12,5.650000095367432,5.650000095367432,5.537499904632568,3.910428285598755,113200
2012-09-13,5.59250020980835,5.849999904632568,5.59250020980835,4.050838470458984,9200
2012-09-14,5.885000228881836,5.885000228881836,5.837500095367432,4.108757495880127,56000
2012-09-17,5.947500228881836,5.997499942779541,5.947500228881836,4.210555553436279,8400
2012-09-18,5.892499923706055,6.012499809265137,5.892499923706055,4.221085548400879,12800
2012-09-19,6.204999923706055,6.277500152587891,6.1875,4.35096549987793,31200
2012-09-20,6.175000190734863,6.295000076293945,6.175000190734863,4.4194159507751465,30000
2012-09-21,6.447500228881836,6.487500190734863,6.412499904632568,4.501906871795654,29200
2012-09-24,6.269999980926514,6.337500095367432,6.252500057220459,4.449253082275391,13600
2012-09-25,6.4375,6.474999904632568,6.369999885559082,4.472068786621094,172800
2012-09-26,6.364999771118164,6.392499923706055,6.347499847412109,4.486109733581543,35600
2012-09-27,6.272500038146973,6.28249979019165,6.21750020980835,4.387823581695557,71600
2012-09-28,6.25,6.262499809265137,6.202499866485596,4.380803108215332,92400
2012-10-01,6.357500076293945,6.392499923706055,6.300000190734863,4.436967849731445,356000
2012-10-02,6.364999771118164,6.369999885559082,6.307499885559082,4.472068786621094,30400
2012-10-03,6.287499904632568,6.295000076293945,6.1875,4.352720260620117,181200
2012-10-04,6.429999828338623,6.482500076293945,6.40500020980835,4.551049709320068,2800
2012-10-05,6.492499828338623,6.552499771118164,6.462500095367432,4.587907314300537,31200
2012-10-08,6.46750020980835,6.522500038146973,6.465000152587891,4.579132080078125,4800
2012-10-09,6.434999942779541,6.434999942779541,6.362500190734863,4.493130683898926,21600
2012-10-10,6.40749979019165,6.40749979019165,6.329999923706055,4.443987846374512,218000
2012-10-11,6.377500057220459,6.380000114440918,6.300000190734863,4.470314025878906,7600
2012-10-12,6.317500114440918,6.34250020980835,6.289999961853027,4.428191184997559,9600
2012-10-15,6.3125,6.3125,6.21999979019165,4.382557392120361,276000
2012-10-16,6.414999961853027,6.465000152587891,6.40500020980835,4.538764476776123,25600
2012-10-17,6.460000038146973,6.537499904632568,6.460000038146973,4.589663982391357,1200
2012-10-18,6.489999771118164,6.587500095367432,6.46999979019165,4.5457844734191895,88400
2012-10-19,6.414999961853027,6.414999961853027,6.347499847412109,4.466804027557373,97600
2012-10-22,6.362500190734863,6.362500190734863,6.362500190734863,4.466804027557373,0
2012-10-23,6.262499809265137,6.300000190734863,6.190000057220459,4.387823581695557,92400
2012-10-24,6.292500019073486,6.302499771118164,6.177499771118164,4.384312152862549,34000
2012-10-25,6.315000057220459,6.355000019073486,6.25,4.387823581695557,16400
2012-10-26,6.304999828338623,6.335000038146973,6.255000114440918,4.417660236358643,203600
2012-10-31,6.40500020980835,6.465000152587891,6.387499809265137,4.580805778503418,42000
2012-11-01,6.400000095367432,6.449999809265137,6.385000228881836,4.554234027862549,32400
2012-11-02,6.477499961853027,6.625,6.402500152587891,4.692402362823486,22400
2012-11-05,6.420000076293945,6.462500095367432,6.385000228881836,4.545376777648926,149200
2012-11-06,6.329999923706055,6.452499866485596,6.329999923706055,4.571949005126953,31200
2012-11-07,6.235000133514404,6.360000133514404,6.207499980926514,4.506406307220459,68400
2012-11-08,6.247499942779541,6.257500171661377,6.162499904632568,4.433779716491699,11600
2012-11-09,6.247499942779541,6.387499809265137,6.247499942779541,4.5258917808532715,20400
2012-11-12,6.335000038146973,6.335000038146973,6.292500019073486,4.470978736877441,34800
2012-11-13,6.367499828338623,6.432499885559082,6.367499828338623,4.540063381195068,11200
2012-11-14,6.380000114440918,6.434999942779541,6.347499847412109,4.4975504875183105,19200
2012-11-15,6.382500171661377,6.382500171661377,6.347499847412109,4.515263080596924,20800
2012-11-16,6.252500057220459,6.337500095367432,6.232500076293945,4.490464210510254,6400
2012-11-19,6.389999866485596,6.550000190734863,6.389999866485596,4.639260292053223,11200
2012-11-20,6.462500095367432,6.512499809265137,6.425000190734863,4.614461421966553,138000
2012-11-21,6.512499809265137,6.537499904632568,6.454999923706055,4.573719501495361,19600
2012-11-23,6.617499828338623,6.684999942779541,6.612500190734863,4.7366862297058105,28800
2012-11-26,6.625,6.675000190734863,6.625,4.717200756072998,198000
2012-11-27,6.612500190734863,6.659999847412109,6.599999904632568,4.683545112609863,109600
2012-11-28,6.662499904632568,6.757500171661377,6.662499904632568,4.78805685043335,223600
2012-11-29,6.875,6.947500228881836,6.832499980926514,4.922682285308838,187200
2012-11-30,6.920000076293945,6.949999809265137,6.857500076293945,4.864227294921875,316000
2012-12-03,6.804999828338623,6.815000057220459,6.744999885559082,4.807541370391846,35600
2012-12-04,6.704999923706055,6.739999771118164,6.579999923706055,4.676460266113281,26400
2012-12-05,6.4375,6.502500057220459,6.4375,4.602060794830322,24000
2012-12-06,6.507500171661377,6.542500019073486,6.452499866485596,4.635717391967773,12800
2012-12-07,6.457499980926514,6.547500133514404,6.457499980926514,4.632174968719482,38000
2012-12-10,6.53249979019165,6.542500019073486,6.487500190734863,4.635717391967773,355600
2012-12-11,6.637499809265137,6.755000114440918,6.630000114440918,4.784513473510742,20800
2012-12-12,6.784999847412109,6.835000038146973,6.752500057220459,4.814627647399902,74800
2012-12-13,6.78249979019165,6.800000190734863,6.724999904632568,4.791598796844482,174400
2012-12-14,6.795000076293945,6.84499979019165,6.752500057220459,4.819942474365234,24400
2012-12-17,6.914999961853027,7,6.914999961853027,4.95988130569458,36800
2012-12-18,7.082499980926514,7.232500076293945,7.077499866485596,5.108677864074707,50800
2012-12-19,7.34250020980835,7.34250020980835,7.147500038146973,5.105135440826416,70800
2012-12-20,7.235000133514404,7.235000133514404,7.114999771118164,5.083878517150879,54800
2012-12-21,7.059999942779541,7.059999942779541,6.945000171661377,4.972281455993652,29600
2012-12-24,7.15500020980835,7.15500020980835,7.012499809265137,5.05553674697876,12400
2012-12-26,7.0625,7.135000228881836,7.027500152587891,5.0059380531311035,34000
2012-12-27,7.199999809265137,7.199999809265137,7.125,5.083878517150879,20400
2012-12-28,7.002500057220459,7.002500057220459,6.875,4.951025009155273,22400
2012-12-31,7,7.132500171661377,7,5.053765773773193,39600
2013-01-02,7.210000038146973,7.21750020980835,7.130000114440918,5.051993370056152,574000
2013-01-03,7.065000057220459,7.09499979019165,7.002500057220459,4.9616522789001465,290000
2013-01-04,6.977499961853027,7.005000114440918,6.965000152587891,4.9634246826171875,163600
2013-01-07,6.872499942779541,6.872499942779541,6.775000095367432,4.816399097442627,308000
2013-01-08,6.917500019073486,6.947500228881836,6.869999885559082,4.922682285308838,81200
2013-01-09,6.864999771118164,6.925000190734863,6.852499961853027,4.897883415222168,30400
2013-01-10,6.96999979019165,7.025000095367432,6.940000057220459,4.9616522789001465,21200
2013-01-11,7.070000171661377,7.090000152587891,7.070000171661377,5.013023853302002,25200
2013-01-14,6.940000057220459,7.010000228881836,6.90749979019165,4.965195178985596,98800
2013-01-15,6.957499980926514,7.002500057220459,6.945000171661377,4.95988130569458,76400
2013-01-16,6.980000019073486,6.982500076293945,6.920000076293945,4.931539058685303,283200
2013-01-17,7.070000171661377,7.099999904632568,7.025000095367432,5.021880626678467,670800
2013-01-18,7.077499866485596,7.097499847412109,7.039999961853027,5.028964519500732,40800
2013-01-22,7.130000114440918,7.177499771118164,7.119999885559082,5.083878517150879,72800
2013-01-23,7.139999866485596,7.172500133514404,7.125,5.0821075439453125,64000
2013-01-24,7.179999828338623,7.242499828338623,7.162499904632568,5.0821075439453125,40800
2013-01-25,7.199999809265137,7.237500190734863,7.170000076293945,5.1281633377075195,765600
2013-01-28,7.184999942779541,7.184999942779541,7.012499809265137,4.97759485244751,1157200
2013-01-29,6.945000171661377,6.954999923706055,6.909999847412109,4.927995681762695,50000
2013-01-30,7.135000228881836,7.177499771118164,7.135000228881836,5.078564643859863,21600
2013-01-31,7.059999942779541,7.070000171661377,6.974999904632568,4.942166805267334,46000
2013-02-01,6.894999980926514,6.952499866485596,6.875,4.903196334838867,72400
2013-02-04,6.852499961853027,6.887499809265137,6.769999980926514,4.807541370391846,454000
2013-02-05,6.952499866485596,7.077499866485596,6.952499866485596,5.0059380531311035,83200
2013-02-06,7.014999866485596,7.025000095367432,6.985000133514404,4.965195178985596,21600
2013-02-07,6.900000095367432,6.90749979019165,6.894999980926514,4.890798568725586,69600
2013-02-08,6.997499942779541,6.997499942779541,6.932499885559082,4.935081958770752,24800
2013-02-11,6.872499942779541,6.872499942779541,6.835000038146973,4.848284721374512,15600
2013-02-12,6.992499828338623,7.099999904632568,6.989999771118164,5.021880626678467,31200
2013-02-13,7.074999809265137,7.097499847412109,7.050000190734863,5.025424003601074,28400
2013-02-14,6.894999980926514,6.949999809265137,6.894999980926514,4.915597438812256,20000
2013-02-15,6.985000133514404,6.985000133514404,6.885000228881836,4.878397464752197,28400
2013-02-19,6.837500095367432,6.84499979019165,6.822500228881836,4.8394269943237305,62800
2013-02-20,6.767499923706055,6.767499923706055,6.639999866485596,4.7260589599609375,44400
2013-02-21,6.585000038146973,6.630000114440918,6.53000020980835,4.637488842010498,52800
2013-02-22,6.639999866485596,6.762499809265137,6.637499809265137,4.789828300476074,30800
2013-02-25,6.817500114440918,6.820000171661377,6.574999809265137,4.7366862297058105,52800
2013-02-26,6.602499961853027,6.652500152587891,6.559999942779541,4.667603969573975,32400
2013-02-27,6.617499828338623,6.677499771118164,6.590000152587891,4.7278289794921875,18400
2013-02-28,6.675000190734863,6.739999771118164,6.675000190734863,4.756172180175781,16800
2013-03-01,6.757500171661377,6.802499771118164,6.699999809265137,4.818170547485352,50000
2013-03-04,6.744999885559082,6.809999942779541,6.735000133514404,4.821714401245117,60800
2013-03-05,6.942500114440918,7.037499904632568,6.942500114440918,4.986452579498291,122000
2013-03-06,6.949999809265137,6.949999809265137,6.882500171661377,4.876626968383789,54000
2013-03-07,6.982500076293945,7.012499809265137,6.954999923706055,4.9634246826171875,67600
2013-03-08,7.074999809265137,7.074999809265137,7.007500171661377,5.002394199371338,76800
2013-03-11,6.957499980926514,6.987500190734863,6.947500228881836,4.951025009155273,70800
2013-03-12,7.085000038146973,7.139999866485596,6.679999828338623,4.782742977142334,489600
2013-03-13,6.742499828338623,6.855000019073486,6.737500190734863,4.851826190948486,31200
2013-03-14,6.715000152587891,6.755000114440918,6.707499980926514,4.772113800048828,269600
2013-03-15,6.659999847412109,6.6875,6.637499809265137,4.718972206115723,42000
2013-03-18,6.587500095367432,6.695000171661377,6.574999809265137,4.717200756072998,68800
2013-03-19,6.614999771118164,6.622499942779541,6.5,4.642802715301514,44400
2013-03-20,6.672500133514404,6.692500114440918,6.627500057220459,4.731372356414795,56800
2013-03-21,6.494999885559082,6.539999961853027,6.487500190734863,4.618002891540527,40000
2013-03-22,6.59499979019165,6.59499979019165,6.554999828338623,4.656975746154785,14800
2013-03-25,6.590000152587891,6.590000152587891,6.449999809265137,4.600289821624756,79600
2013-03-26,6.505000114440918,6.554999828338623,6.480000019073486,4.625089168548584,36000
2013-03-27,6.40500020980835,6.472499847412109,6.375,4.559548377990723,80000
2013-03-28,6.585000038146973,6.65500020980835,6.579999923706055,4.701259136199951,160800
2013-04-01,6.610000133514404,6.635000228881836,6.599999904632568,4.697717189788818,93200
2013-04-02,6.662499904632568,6.730000019073486,6.642499923706055,4.706573963165283,100800
2013-04-03,6.775000095367432,6.775000095367432,6.712500095367432,4.765028953552246,20800
2013-04-04,6.610000133514404,6.664999961853027,6.557499885559082,4.718972206115723,82000
2013-04-05,6.494999885559082,6.572500228881836,6.482500076293945,4.656975746154785,112000
2013-04-08,6.554999828338623,6.582499980926514,6.525000095367432,4.662289142608643,68800
2013-04-09,6.505000114440918,6.5625,6.46999979019165,4.642802715301514,36800
2013-04-10,6.502500057220459,6.547500133514404,6.482500076293945,4.639260292053223,104000
2013-04-11,6.559999942779541,6.617499828338623,6.552499771118164,4.6800031661987305,44400
2013-04-12,6.635000228881836,6.65500020980835,6.612500190734863,4.715429306030273,55200
2013-04-15,6.539999961853027,6.570000171661377,6.53249979019165,4.628631114959717,15200
2013-04-16,6.525000095367432,6.525000095367432,6.429999828338623,4.6091461181640625,264800
2013-04-17,6.3125,6.315000057220459,6.107500076293945,4.345210075378418,587200
2013-04-18,6.135000228881836,6.137499809265137,6.012499809265137,4.272583484649658,186000
2013-04-19,6.244999885559082,6.349999904632568,6.244999885559082,4.4833784103393555,567200
2013-04-22,6.304999828338623,6.355000019073486,6.300000190734863,4.488691806793213,56000
2013-04-23,6.412499904632568,6.482500076293945,6.412499904632568,4.573719501495361,1416400
2013-04-24,6.517499923706055,6.5625,6.517499923706055,4.642802715301514,589200
2013-04-25,6.614999771118164,6.617499828338623,6.534999847412109,4.6888604164123535,790000
2013-04-26,6.505000114440918,6.59250020980835,6.452499866485596,4.6741743087768555,382400
2013-04-29,6.574999809265137,6.659999847412109,6.5625,4.758344650268555,20000
2013-04-30,6.610000133514404,6.712500095367432,6.610000133514404,4.778045177459717,66400
2013-05-01,6.635000228881836,6.667500019073486,6.612500190734863,4.736855506896973,16400
2013-05-02,6.525000095367432,6.639999866485596,6.510000228881836,4.742227077484131,184400
2013-05-03,6.735000133514404,6.787499904632568,6.735000133514404,4.847888469696045,25600
2013-05-06,6.775000095367432,6.78000020980835,6.695000171661377,4.817443370819092,36800
2013-05-07,6.702499866485596,6.722499847412109,6.627500057220459,4.770881652832031,58800
2013-05-08,6.8125,6.855000019073486,6.809999942779541,4.896241664886475,48000
2013-05-09,6.735000133514404,6.735000133514404,6.625,4.769088268280029,89200
2013-05-10,6.635000228881836,6.697500228881836,6.635000228881836,4.797743797302246,22400
2013-05-13,6.684999942779541,6.71999979019165,6.642499923706055,4.79595422744751,89600
2013-05-14,6.712500095367432,6.797500133514404,6.712500095367432,4.869379997253418,350800
2013-05-15,6.732500076293945,6.800000190734863,6.732500076293945,4.860424518585205,86800
2013-05-16,6.6875,6.6875,6.59250020980835,4.740437030792236,30800
2013-05-17,6.675000190734863,6.739999771118164,6.670000076293945,4.82102632522583,44000
2013-05-20,6.590000152587891,6.590000152587891,6.539999961853027,4.711783409118652,42400
2013-05-21,6.587500095367432,6.605000019073486,6.514999866485596,4.729691028594971,66000
2013-05-22,6.597499847412109,6.597499847412109,6.40500020980835,4.591793537139893,86800
2013-05-23,6.375,6.432499885559082,6.349999904632568,4.59895658493042,234800
2013-05-24,6.28249979019165,6.347499847412109,6.28249979019165,4.547022819519043,579200
2013-05-28,6.40749979019165,6.40749979019165,6.329999923706055,4.545230865478516,39600
2013-05-29,6.324999809265137,6.335000038146973,6.272500038146973,4.512996196746826,44400
2013-05-30,6.317500114440918,6.40749979019165,6.317500114440918,4.588211536407471,26800
2013-05-31,6.28249979019165,6.28249979019165,6.190000057220459,4.434197902679443,71600
2013-06-03,6.269999980926514,6.397500038146973,6.269999980926514,4.56313943862915,92400
2013-06-04,6.454999923706055,6.457499980926514,6.329999923706055,4.570302963256836,99600
2013-06-05,6.457499980926514,6.494999885559082,6.445000171661377,4.6508941650390625,226000
2013-06-06,6.5,6.547500133514404,6.480000019073486,4.6741743087768555,88400
2013-06-07,6.565000057220459,6.625,6.525000095367432,4.722527503967285,63200
2013-06-10,6.602499961853027,6.632500171661377,6.554999828338623,4.727900505065918,48400
2013-06-11,6.40500020980835,6.510000228881836,6.392499923706055,4.65447473526001,391200
2013-06-12,6.802499771118164,6.802499771118164,6.71999979019165,4.822816371917725,59600
2013-06-13,6.590000152587891,6.695000171661377,6.574999809265137,4.79595422744751,34400
2013-06-14,6.514999866485596,6.525000095367432,6.472499847412109,4.656265735626221,31200
2013-06-17,6.547500133514404,6.547500133514404,6.489999771118164,4.675966262817383,29600
2013-06-18,6.537499904632568,6.565000057220459,6.534999847412109,4.686710357666016,271200
2013-06-19,6.59250020980835,6.599999904632568,6.4375,4.624029636383057,75200
2013-06-20,6.337500095367432,6.337500095367432,6.252500057220459,4.498669147491455,49200
2013-06-21,6.207499980926514,6.207499980926514,6.0625,4.380470275878906,63600
2013-06-24,5.929999828338623,6.152500152587891,5.922500133514404,4.407334327697754,872400
2013-06-25,6.21999979019165,6.242499828338623,6.135000228881836,4.471806049346924,698800
2013-06-26,6.272500038146973,6.277500152587891,6.227499961853027,4.493296146392822,240000
2013-06-27,6.267499923706055,6.309999942779541,6.242499828338623,4.5022501945495605,124400
2013-06-28,6.195000171661377,6.202499866485596,6.142499923706055,4.4288249015808105,70000
2013-07-01,6.297500133514404,6.382500171661377,6.292500019073486,4.56313943862915,72400
2013-07-02,6.277500152587891,6.277500152587891,6.182499885559082,4.432407379150391,93200
2013-07-03,6.21999979019165,6.28000020980835,6.204999923706055,4.482551097869873,140000
2013-07-05,6.269999980926514,6.269999980926514,6.212500095367432,4.484342575073242,525600
2013-07-08,6.364999771118164,6.367499828338623,6.317500114440918,4.530905246734619,244800
2013-07-09,6.255000114440918,6.255000114440918,6.175000190734863,4.4646430015563965,890800
2013-07-10,6.262499809265137,6.360000133514404,6.260000228881836,4.548812389373779,857600
2013-07-11,6.472499847412109,6.567500114440918,6.465000152587891,4.704619407653809,52000
2013-07-12,6.352499961853027,6.382500171661377,6.300000190734863,4.572094917297363,129200
2013-07-15,6.434999942779541,6.482500076293945,6.434999942779541,4.638357162475586,32800
2013-07-16,6.394999980926514,6.4375,6.362500190734863,4.611494064331055,107600
2013-07-17,6.462500095367432,6.462500095367432,6.427499771118164,4.613284111022949,96000
2013-07-18,6.425000190734863,6.472499847412109,6.425000190734863,4.636565208435059,27200
2013-07-19,6.432499885559082,6.472499847412109,6.420000076293945,4.634774684906006,111200
2013-07-22,6.454999923706055,6.472499847412109,6.434999942779541,4.622238636016846,148400
2013-07-23,6.494999885559082,6.497499942779541,6.447500228881836,4.640148162841797,73600
2013-07-24,6.519999980926514,6.547500133514404,6.489999771118164,4.679545879364014,125600
2013-07-25,6.519999980926514,6.612500190734863,6.514999866485596,4.736855506896973,114000
2013-07-26,6.637499809265137,6.659999847412109,6.612500190734863,4.770881652832031,43600
2013-07-29,6.692500114440918,6.75,6.682499885559082,4.835352897644043,122400
2013-07-30,6.769999980926514,6.832499980926514,6.755000114440918,4.890869140625,67200
2013-07-31,6.650000095367432,6.6875,6.627500057220459,4.774462699890137,76400
2013-08-01,6.75,6.760000228881836,6.712500095367432,4.824606418609619,69600
2013-08-02,6.792500019073486,6.84250020980835,6.784999847412109,4.8998236656188965,138800
2013-08-05,6.809999942779541,6.815000057220459,6.78249979019165,4.88191556930542,72000
2013-08-06,6.897500038146973,6.9375,6.869999885559082,4.951760292053223,111200
2013-08-07,6.900000095367432,6.957499980926514,6.887499809265137,4.983994483947754,183200
2013-08-08,6.945000171661377,6.96750020980835,6.90500020980835,4.991158485412598,283600
2013-08-09,6.892499923706055,6.912499904632568,6.864999771118164,4.948177814483643,873600
2013-08-12,6.882500171661377,6.900000095367432,6.869999885559082,4.937433242797852,144400
2013-08-13,6.90749979019165,6.934999942779541,6.860000133514404,4.962503910064697,438400
2013-08-14,6.869999885559082,6.909999847412109,6.867499828338623,4.946386337280273,109200
2013-08-15,6.840000152587891,6.940000057220459,6.807499885559082,4.971458911895752,112000
2013-08-16,6.867499828338623,6.867499828338623,6.824999809265137,4.912361145019531,164400
2013-08-19,6.877500057220459,6.877500057220459,6.815000057220459,4.905196666717529,51600
2013-08-20,6.797500133514404,6.804999828338623,6.767499923706055,4.864007472991943,34800
2013-08-21,6.747499942779541,6.752500057220459,6.675000190734863,4.781626224517822,317600
2013-08-22,6.885000228881836,6.929999828338623,6.885000228881836,4.962503910064697,39600
2013-08-23,6.840000152587891,6.872499942779541,6.840000152587891,4.921314716339111,41200
2013-08-26,6.862500190734863,6.875,6.847499847412109,4.905196666717529,100800
2013-08-27,6.737500190734863,6.78000020980835,6.664999961853027,4.778045177459717,185200
2013-08-28,6.572500228881836,6.670000076293945,6.572500228881836,4.765509128570557,102400
2013-08-29,6.630000114440918,6.71750020980835,6.630000114440918,4.758344650268555,50800
2013-08-30,6.677499771118164,6.677499771118164,6.597499847412109,4.726109504699707,74000
2013-09-03,6.787499904632568,6.802499771118164,6.757500171661377,4.864007472991943,152400
2013-09-04,6.789999961853027,6.925000190734863,6.769999980926514,4.944597244262695,206800
2013-09-05,6.792500019073486,6.835000038146973,6.792500019073486,4.894452095031738,421600
2013-09-06,6.877500057220459,6.947500228881836,6.852499961853027,4.958922863006592,136000
2013-09-09,6.965000152587891,7.037499904632568,6.947500228881836,5.0413031578063965,82800
2013-09-10,7.09499979019165,7.175000190734863,7.09499979019165,5.139801025390625,48800
2013-09-11,7.087500095367432,7.132500171661377,7.054999828338623,5.100401401519775,52400
2013-09-12,7.132500171661377,7.162499904632568,7.132500171661377,5.121891498565674,31600
2013-09-13,7.289999961853027,7.324999809265137,7.267499923706055,5.236506938934326,442000
2013-09-16,7.382500171661377,7.402500152587891,7.352499961853027,5.266953468322754,26400
2013-09-17,7.320000171661377,7.367499828338623,7.320000171661377,5.277698040008545,96400
2013-09-18,7.422500133514404,7.59499979019165,7.385000228881836,5.4352946281433105,68000
2013-09-19,7.675000190734863,7.679999828338623,7.630000114440918,5.485438823699951,42400
2013-09-20,7.597499847412109,7.617499828338623,7.559999942779541,5.415595531463623,172800
2013-09-23,7.612500190734863,7.625,7.597499847412109,5.446040630340576,113600
2013-09-24,7.644999980926514,7.650000095367432,7.599999904632568,5.447831153869629,195200
2013-09-25,7.667500019073486,7.75,7.667500019073486,5.542747497558594,160000
2013-09-26,7.710000038146973,7.730000019073486,7.662499904632568,5.51767635345459,198800
2013-09-27,7.684999942779541,7.699999809265137,7.672500133514404,5.514092445373535,85600
2013-09-30,7.632500171661377,7.722499847412109,7.632500171661377,5.524838447570801,67200
2013-10-01,7.71750020980835,7.730000019073486,7.675000190734863,5.521256446838379,533200
2013-10-02,7.695000171661377,7.702499866485596,7.65749979019165,5.51767635345459,274800
2013-10-03,7.675000190734863,7.704999923706055,7.650000095367432,5.514092445373535,148800
2013-10-04,7.65500020980835,7.6875,7.65500020980835,5.496184825897217,99200
2013-10-07,7.559999942779541,7.59499979019165,7.547500133514404,5.429921627044678,892000
2013-10-08,7.597499847412109,7.607500076293945,7.522500038146973,5.401268005371094,264400
2013-10-09,7.622499942779541,7.677499771118164,7.619999885559082,5.496184825897217,62800
2013-10-10,7.690000057220459,7.744999885559082,7.630000114440918,5.5391645431518555,728800
2013-10-11,7.744999885559082,7.75,7.727499961853027,5.544538497924805,252800
2013-10-14,7.710000038146973,7.742499828338623,7.704999923706055,5.546328544616699,62000
2013-10-15,7.712500095367432,7.739999771118164,7.712500095367432,5.542747497558594,22800
2013-10-16,7.747499942779541,7.784999847412109,7.739999771118164,5.576773166656494,69600
2013-10-17,7.867499828338623,7.929999828338623,7.867499828338623,5.680643081665039,175200
2013-10-18,8.077500343322754,8.114999771118164,8.0649995803833,5.811378002166748,101200
2013-10-21,8.024999618530273,8.0600004196167,8.015000343322754,5.773768901824951,58400
2013-10-22,8.057499885559082,8.104999542236328,8.057499885559082,5.804213523864746,72800
2013-10-23,8.1225004196167,8.1225004196167,8.055000305175781,5.795259475708008,267200
2013-10-24,8.112500190734863,8.142499923706055,8.082500457763672,5.813167572021484,66800
2013-10-25,8.162500381469727,8.197500228881836,8.130000114440918,5.854358196258545,77600
2013-10-28,8.22249984741211,8.237500190734863,8.182499885559082,5.883012294769287,55600
2013-10-29,8.25,8.270000457763672,8.170000076293945,5.909874439239502,152400
2013-10-30,8.244999885559082,8.260000228881836,8.09000015258789,5.926860332489014,122400
2013-10-31,8.204999923706055,8.242500305175781,8.137499809265137,5.896141529083252,64000
2013-11-01,8.095000267028809,8.095000267028809,7.982500076293945,5.836512088775635,86000
2013-11-04,8.0625,8.109999656677246,8.020000457763672,5.861809253692627,260800
2013-11-05,7.917500019073486,8.005000114440918,7.90749979019165,5.784110069274902,105600
2013-11-06,8.072500228881836,8.092499732971191,8.047499656677246,5.836512088775635,100800
2013-11-07,7.912499904632568,8.017499923706055,7.707499980926514,5.6558146476745605,72000
2013-11-08,7.722499847412109,7.78249979019165,7.712500095367432,5.621482849121094,70400
2013-11-11,7.764999866485596,7.815000057220459,7.764999866485596,5.64858865737915,130400
2013-11-12,7.789999961853027,7.792500019073486,7.735000133514404,5.599799156188965,64400
2013-11-13,7.760000228881836,7.837500095367432,7.747499942779541,5.664851188659668,112000
2013-11-14,7.864999771118164,7.982500076293945,7.862500190734863,5.751584053039551,38800
2013-11-15,7.929999828338623,7.965000152587891,7.909999847412109,5.75700569152832,169200
2013-11-18,8.022500038146973,8.022500038146973,7.949999809265137,5.749777793884277,97200
2013-11-19,7.869999885559082,7.875,7.807499885559082,5.6558146476745605,43600
2013-11-20,7.769999980926514,7.777500152587891,7.684999942779541,5.556431293487549,35600
2013-11-21,7.737500190734863,7.757500171661377,7.722499847412109,5.599799156188965,66800
2013-11-22,7.787499904632568,7.847499847412109,7.787499904632568,5.6666579246521,178000
2013-11-25,7.817500114440918,7.817500114440918,7.789999961853027,5.643167495727539,47600
2013-11-26,7.804999828338623,7.867499828338623,7.764999866485596,5.6720781326293945,130000
2013-11-27,7.849999904632568,7.875,7.837500095367432,5.690149307250977,104800
2013-11-29,8,8.0024995803833,7.962500095367432,5.7606201171875,56800
2013-12-02,7.852499961853027,7.882500171661377,7.822500228881836,5.670270919799805,156800
2013-12-03,7.820000171661377,7.855000019073486,7.784999847412109,5.652200698852539,187200
2013-12-04,7.840000152587891,7.894999980926514,7.829999923706055,5.684726715087891,99600
2013-12-05,7.837500095367432,7.875,7.775000095367432,5.639551639556885,188000
2013-12-06,7.737500190734863,7.820000171661377,7.697500228881836,5.64858865737915,140000
2013-12-09,7.914999961853027,7.957499980926514,7.914999961853027,5.751584053039551,78000
2013-12-10,7.885000228881836,7.914999961853027,7.817500114440918,5.691955089569092,605600
2013-12-11,7.875,7.875,7.744999885559082,5.621482849121094,134800
2013-12-12,7.650000095367432,7.659999847412109,7.577499866485596,5.487767219543457,251200
2013-12-13,7.637499809265137,7.644999980926514,7.602499961853027,5.522099018096924,336000
2013-12-16,7.78249979019165,7.802499771118164,7.702499866485596,5.56727409362793,450800
2013-12-17,7.722499847412109,7.732500076293945,7.682499885559082,5.569080829620361,246800
2013-12-18,7.762499809265137,7.84250020980835,7.71750020980835,5.641360282897949,231600
2013-12-19,7.860000133514404,7.922500133514404,7.860000133514404,5.719059944152832,58400
2013-12-20,7.900000095367432,7.945000171661377,7.900000095367432,5.737128257751465,138000
2013-12-23,7.965000152587891,8.020000457763672,7.965000152587891,5.794952392578125,132400
2013-12-24,8.052499771118164,8.087499618530273,7.987500190734863,5.845546722412109,139200
2013-12-26,8.100000381469727,8.100000381469727,8.057499885559082,5.8545823097229,364800
2013-12-27,8.180000305175781,8.204999923706055,8.147500038146973,5.916018962860107,66400
2013-12-30,8.207500457763672,8.244999885559082,8.204999923706055,5.959387302398682,42000
2013-12-31,8.237500190734863,8.257499694824219,8.210000038146973,5.96661376953125,40400
2014-01-02,8.100000381469727,8.125,8.057499885559082,5.838319778442383,144400
2014-01-03,8.079999923706055,8.100000381469727,8.039999961853027,5.843740463256836,101600
2014-01-06,8.09000015258789,8.09000015258789,8.055000305175781,5.827477931976318,39600
2014-01-07,8.092499732971191,8.157500267028809,8.092499732971191,5.888915538787842,538400
2014-01-08,8.0600004196167,8.077500343322754,8.024999618530273,5.82928466796875,1628400
2014-01-09,8.140000343322754,8.142499923706055,8.029999732971191,5.847354888916016,150000
2014-01-10,8.0600004196167,8.125,8.055000305175781,5.872652530670166,148400
2014-01-13,8.052499771118164,8.0649995803833,8.0024995803833,5.796759605407715,199200
2014-01-14,8.020000457763672,8.1225004196167,8.020000457763672,5.870844841003418,62000
2014-01-15,8.0649995803833,8.15999984741211,8.0649995803833,5.896141529083252,801200
2014-01-16,8.117500305175781,8.154999732971191,8.077500343322754,5.892528533935547,168000
2014-01-17,8.074999809265137,8.082500457763672,8.022500038146973,5.814828872680664,103200
2014-01-21,8.175000190734863,8.177499771118164,8.100000381469727,5.8943352699279785,147600
2014-01-22,8.09749984741211,8.100000381469727,8.055000305175781,5.850967884063721,106800
2014-01-23,7.972499847412109,8.024999618530273,7.957499980926514,5.800372123718262,144800
2014-01-24,7.822500228881836,7.824999809265137,7.699999809265137,5.574502944946289,127200
2014-01-27,7.619999885559082,7.647500038146973,7.577499866485596,5.4986090660095215,61200
2014-01-28,7.630000114440918,7.639999866485596,7.579999923706055,5.500415802001953,125200
2014-01-29,7.577499866485596,7.672500133514404,7.577499866485596,5.502223491668701,167600
2014-01-30,7.577499866485596,7.577499866485596,7.525000095367432,5.466083526611328,46400
2014-01-31,7.417500019073486,7.485000133514404,7.402500152587891,5.382962703704834,376000
2014-02-03,7.400000095367432,7.427499771118164,7.275000095367432,5.265510082244873,606400
2014-02-04,7.260000228881836,7.315000057220459,7.25,5.281773090362549,80000
2014-02-05,7.247499942779541,7.337500095367432,7.247499942779541,5.278158187866211,87600
2014-02-06,7.5,7.5,7.440000057220459,5.404646873474121,213600
2014-02-07,7.510000228881836,7.664999961853027,7.494999885559082,5.536555767059326,120400
2014-02-10,7.5,7.525000095367432,7.452499866485596,5.420910358428955,689600
2014-02-11,7.5,7.610000133514404,7.5,5.49138069152832,271200
2014-02-12,7.525000095367432,7.570000171661377,7.525000095367432,5.467891216278076,115200
2014-02-13,7.502500057220459,7.622499942779541,7.502500057220459,5.502223491668701,78800
2014-02-14,7.599999904632568,7.670000076293945,7.587500095367432,5.523906707763672,138800
2014-02-18,7.287499904632568,7.287499904632568,7.210000038146973,5.236598968505859,2525600
2014-02-19,7.184999942779541,7.224999904632568,7.137499809265137,5.158898830413818,3706800
2014-02-20,7.172500133514404,7.275000095367432,7.172500133514404,5.232985019683838,2756000
2014-02-21,7.292500019073486,7.307499885559082,7.252500057220459,5.242018699645996,107200
2014-02-24,7.284999847412109,7.320000171661377,7.260000228881836,5.2763519287109375,1157200
2014-02-25,7.275000095367432,7.275000095367432,7.182499885559082,5.222142696380615,1169200
2014-02-26,7.1875,7.195000171661377,7.152500152587891,5.175161838531494,83200
2014-02-27,7.052499771118164,7.117499828338623,7.042500019073486,5.133601188659668,103200
2014-02-28,7.132500171661377,7.202499866485596,7.127500057220459,5.175161838531494,89200
2014-03-03,7.090000152587891,7.135000228881836,7.057499885559082,5.139021873474121,291600
2014-03-04,7.21750020980835,7.269999980926514,7.215000152587891,5.245633125305176,126800
2014-03-05,7.260000228881836,7.304999828338623,7.260000228881836,5.2673163414001465,94000
2014-03-06,7.400000095367432,7.425000190734863,7.375,5.355858325958252,90400
2014-03-07,7.382500171661377,7.389999866485596,7.324999809265137,5.316105365753174,118400
2014-03-10,7.307499885559082,7.307499885559082,7.232500076293945,5.265510082244873,84400
2014-03-11,7.232500076293945,7.264999866485596,7.227499961853027,5.242018699645996,51600
2014-03-12,7.177499771118164,7.21999979019165,7.144999980926514,5.205880165100098,100800
2014-03-13,7.159999847412109,7.162499904632568,7.025000095367432,5.077584743499756,73600
2014-03-14,7.059999942779541,7.110000133514404,7.017499923706055,5.113724231719971,113600
2014-03-17,7.195000171661377,7.207499980926514,7.190000057220459,5.202267169952393,108400
2014-03-18,7.144999980926514,7.199999809265137,7.144999980926514,5.178776741027832,100800
2014-03-19,7.460000038146973,7.514999866485596,7.380000114440918,5.364892959594727,121200
2014-03-20,7.347499847412109,7.402500152587891,7.317500114440918,5.32875394821167,97600
2014-03-21,7.46750020980835,7.46750020980835,7.389999866485596,5.350438117980957,114800
2014-03-24,7.440000057220459,7.494999885559082,7.40500020980835,5.417295455932617,89600
2014-03-25,7.550000190734863,7.605000019073486,7.539999961853027,5.49680233001709,46000
2014-03-26,7.612500190734863,7.619999885559082,7.570000171661377,5.480538845062256,107200
2014-03-27,7.579999923706055,7.622499942779541,7.559999942779541,5.475119113922119,158400
2014-03-28,7.567500114440918,7.585000038146973,7.517499923706055,5.440786361694336,2167600
2014-03-31,7.545000076293945,7.557499885559082,7.492499828338623,5.4281392097473145,1350000
2014-04-01,7.552499771118164,7.574999809265137,7.537499904632568,5.464275360107422,47600
2014-04-02,7.550000190734863,7.599999904632568,7.550000190734863,5.493188381195068,243200
2014-04-03,7.664999961853027,7.712500095367432,7.639999866485596,5.572694301605225,218800
2014-04-04,7.724999904632568,7.777500152587891,7.695000171661377,5.596185684204102,152800
2014-04-07,7.650000095367432,7.679999828338623,7.605000019073486,5.523906707763672,152400
2014-04-08,7.527500152587891,7.567500114440918,7.522500038146973,5.4371724128723145,140000
2014-04-09,7.522500038146973,7.572500228881836,7.502500057220459,5.473311901092529,184800
2014-04-10,7.537499904632568,7.554999828338623,7.425000190734863,5.382962703704834,188400
2014-04-11,7.262499809265137,7.322500228881836,7.262499809265137,5.270930767059326,236400
2014-04-14,7.327499866485596,7.337500095367432,7.297500133514404,5.303456783294678,91600
2014-04-15,7.364999771118164,7.367499828338623,7.257500171661377,5.32513952255249,92800
2014-04-16,7.332499980926514,7.369999885559082,7.295000076293945,5.32694673538208,57200
2014-04-17,7.307499885559082,7.412499904632568,7.300000190734863,5.339595794677734,101200
2014-04-21,7.394999980926514,7.400000095367432,7.347499847412109,5.345016956329346,46800
2014-04-22,7.452499866485596,7.452499866485596,7.400000095367432,5.372121810913086,92400
2014-04-23,7.417500019073486,7.4375,7.40749979019165,5.361279010772705,68000
2014-04-24,7.400000095367432,7.457499980926514,7.357500076293945,5.3811564445495605,112800
2014-04-25,7.434999942779541,7.440000057220459,7.392499923706055,5.375735759735107,266400
2014-04-28,7.414999961853027,7.457499980926514,7.387499809265137,5.359472274780273,179600
2014-04-29,7.417500019073486,7.462500095367432,7.414999961853027,5.373928070068359,122400
2014-04-30,7.4375,7.457499980926514,7.40500020980835,5.451413154602051,100800
2014-05-01,7.525000095367432,7.5625,7.445000171661377,5.4422760009765625,296000
2014-05-02,7.400000095367432,7.40500020980835,7.372499942779541,5.391107082366943,91600
2014-05-05,7.362500190734863,7.394999980926514,7.34250020980835,5.403899192810059,51600
2014-05-06,7.322500228881836,7.355000019073486,7.315000057220459,5.352729797363281,60800
2014-05-07,7.355000019073486,7.355000019073486,7.28249979019165,5.367349147796631,360800
2014-05-08,7.400000095367432,7.400000095367432,7.335000038146973,5.376486778259277,464000
2014-05-09,7.357500076293945,7.387499809265137,7.357500076293945,5.39658784866333,67200
2014-05-12,7.372499942779541,7.422500133514404,7.369999885559082,5.422173500061035,87200
2014-05-13,7.402500152587891,7.402500152587891,7.347499847412109,5.398416042327881,73200
2014-05-14,7.382500171661377,7.394999980926514,7.367499828338623,5.402071952819824,39600
2014-05-15,7.335000038146973,7.335000038146973,7.272500038146973,5.334454536437988,54800
2014-05-16,7.320000171661377,7.382500171661377,7.304999828338623,5.391107082366943,72400
2014-05-19,7.227499961853027,7.267499923706055,7.212500095367432,5.277802467346191,110400
2014-05-20,7.077499866485596,7.09250020980835,7.045000076293945,5.173634052276611,87200
2014-05-21,7.132500171661377,7.150000095367432,7.099999904632568,5.217494487762451,64400
2014-05-22,7.175000190734863,7.184999942779541,7.144999980926514,5.248561859130859,46400
2014-05-23,7.087500095367432,7.147500038146973,7.087500095367432,5.2248053550720215,52800
2014-05-27,7.25,7.25,7.210000038146973,5.279628753662109,86800
2014-05-28,7.210000038146973,7.262499809265137,7.199999809265137,5.307042598724365,74400
2014-05-29,7.252500057220459,7.260000228881836,7.232500076293945,5.299731731414795,83600
2014-05-30,7.272500038146973,7.292500019073486,7.235000133514404,5.323487758636475,39200
2014-06-02,7.247499942779541,7.252500057220459,7.192500114440918,5.288767337799072,144800
2014-06-03,7.247499942779541,7.264999866485596,7.21750020980835,5.296078205108643,147200
2014-06-04,7.175000190734863,7.195000171661377,7.15749979019165,5.255871772766113,52400
2014-06-05,7.230000019073486,7.289999961853027,7.207499980926514,5.3289713859558105,78000
2014-06-06,7.289999961853027,7.380000114440918,7.277500152587891,5.3819684982299805,87600
2014-06-09,7.360000133514404,7.400000095367432,7.360000133514404,5.40938138961792,45600
2014-06-10,7.447500228881836,7.485000133514404,7.425000190734863,5.4715166091918945,584000
2014-06-11,7.585000038146973,7.590000152587891,7.519999980926514,5.502583026885986,961200
2014-06-12,7.517499923706055,7.547500133514404,7.505000114440918,5.497102737426758,1086800
2014-06-13,7.53000020980835,7.550000190734863,7.497499942779541,5.502583026885986,71600
2014-06-16,7.425000190734863,7.494999885559082,7.425000190734863,5.478826522827148,114000
2014-06-17,7.497499942779541,7.522500038146973,7.480000019073486,5.497102737426758,74800
2014-06-18,7.512499809265137,7.644999980926514,7.512499809265137,5.586647987365723,207200
2014-06-19,7.672500133514404,7.710000038146973,7.672500133514404,5.632336139678955,110000
2014-06-20,7.65749979019165,7.662499904632568,7.59499979019165,5.590303421020508,166800
2014-06-23,7.619999885559082,7.675000190734863,7.619999885559082,5.5921311378479,81200
2014-06-24,7.647500038146973,7.65500020980835,7.602499961853027,5.573855400085449,66400
2014-06-25,7.570000171661377,7.637499809265137,7.570000171661377,5.5811662673950195,114400
2014-06-26,7.635000228881836,7.664999961853027,7.59499979019165,5.601268768310547,102400
2014-06-27,7.65500020980835,7.664999961853027,7.614999771118164,5.603095054626465,354400
2014-06-30,7.677499771118164,7.722499847412109,7.672500133514404,5.641473770141602,255200
2014-07-01,7.667500019073486,7.712500095367432,7.65749979019165,5.630508899688721,370800
2014-07-02,7.622499942779541,7.65749979019165,7.610000133514404,5.5921311378479,86800
2014-07-03,7.732500076293945,7.820000171661377,7.732500076293945,5.7127461433410645,172000
2014-07-07,7.677499771118164,7.707499980926514,7.677499771118164,5.634162425994873,45600
2014-07-08,7.614999771118164,7.627500057220459,7.577499866485596,5.575684070587158,176000
2014-07-09,7.635000228881836,7.664999961853027,7.612500190734863,5.603095054626465,230000
2014-07-10,7.512499809265137,7.574999809265137,7.512499809265137,5.515376567840576,120400
2014-07-11,7.512499809265137,7.522500038146973,7.46999979019165,5.482482433319092,70400
2014-07-14,7.519999980926514,7.545000076293945,7.512499809265137,5.50623893737793,100000
2014-07-15,7.492499828338623,7.494999885559082,7.420000076293945,5.453240394592285,98800
2014-07-16,7.507500171661377,7.5625,7.507500171661377,5.5208587646484375,24000
2014-07-17,7.5,7.502500057220459,7.422500133514404,5.4422760009765625,121600
2014-07-18,7.389999866485596,7.465000152587891,7.377500057220459,5.453240394592285,165200
2014-07-21,7.402500152587891,7.414999961853027,7.362500190734863,5.420346736907959,94000
2014-07-22,7.389999866485596,7.40749979019165,7.385000228881836,5.403899192810059,58800
2014-07-23,7.40500020980835,7.429999828338623,7.387499809265137,5.424001216888428,626400
2014-07-24,7.465000152587891,7.492499828338623,7.440000057220459,5.46237850189209,967600
2014-07-25,7.522500038146973,7.527500152587891,7.482500076293945,5.498929023742676,27600
2014-07-28,7.670000076293945,7.699999809265137,7.394999980926514,5.570201396942139,62800
2014-07-29,7.394999980926514,7.570000171661377,7.392499923706055,5.5007548332214355,57200
2014-07-30,7.5,7.525000095367432,7.480000019073486,5.5007548332214355,55000
2014-07-31,7.340000152587891,7.34499979019165,7.264999866485596,5.343591213226318,89000
2014-08-01,7.190000057220459,7.289999961853027,7.139999866485596,5.255871772766113,64000
2014-08-04,7.144999980926514,7.195000171661377,7.119999885559082,5.255871772766113,142800
2014-08-05,7.130000114440918,7.130000114440918,7.034999847412109,5.160842418670654,99200
2014-08-06,6.960000038146973,7.105000019073486,6.960000038146973,5.179117679595947,76000
2014-08-07,7.099999904632568,7.099999904632568,6.940000057220459,5.09870719909668,51800
2014-08-08,7.014999866485596,7.070000171661377,6.994999885559082,5.157188415527344,42000
2014-08-11,7.125,7.144999980926514,7.074999809265137,5.179117679595947,63200
2014-08-12,7.15500020980835,7.215000152587891,7.15500020980835,5.270491600036621,76400
2014-08-13,7.144999980926514,7.190000057220459,7.139999866485596,5.248561859130859,38800
2014-08-14,7.190000057220459,7.235000133514404,7.164999961853027,5.288767337799072,177800
2014-08-15,7.315000057220459,7.320000171661377,7.125,5.274147033691406,86000
2014-08-18,7.215000152587891,7.304999828338623,7.215000152587891,5.307042598724365,82800
2014-08-19,7.260000228881836,7.300000190734863,7.260000228881836,5.321661472320557,66400
2014-08-20,7.289999961853027,7.304999828338623,7.25,5.3289713859558105,28600
2014-08-21,7.289999961853027,7.355000019073486,7.289999961853027,5.347247123718262,1111000
2014-08-22,7.210000038146973,7.235000133514404,7.179999828338623,5.263182163238525,1295600
2014-08-25,7.199999809265137,7.239999771118164,7.195000171661377,5.28145694732666,1396800
2014-08-26,7.324999809265137,7.394999980926514,7.324999809265137,5.380141735076904,54800
2014-08-27,7.349999904632568,7.380000114440918,7.315000057220459,5.380141735076904,148200
2014-08-28,7.284999847412109,7.300000190734863,7.25,5.325316429138184,95200
2014-08-29,7.255000114440918,7.269999980926514,7.224999904632568,5.310696601867676,100800
2014-09-02,7.34499979019165,7.385000228881836,7.300000190734863,5.398416042327881,289800
2014-09-03,7.420000076293945,7.420000076293945,7.375,5.398416042327881,52400
2014-09-04,7.380000114440918,7.414999961853027,7.349999904632568,5.383796691894531,78600
2014-09-05,7.480000019073486,7.565000057220459,7.480000019073486,5.526340007781982,123600
2014-09-08,7.440000057220459,7.454999923706055,7.380000114440918,5.424001216888428,83000
2014-09-09,7.375,7.400000095367432,7.349999904632568,5.40938138961792,236000
2014-09-10,7.400000095367432,7.480000019073486,7.400000095367432,5.464206695556641,217200
2014-09-11,7.409999847412109,7.550000190734863,7.389999866485596,5.519031047821045,105000
2014-09-12,7.494999885559082,7.534999847412109,7.489999771118164,5.475171089172363,837400
2014-09-15,7.579999923706055,7.635000228881836,7.579999923706055,5.573855400085449,29800
2014-09-16,7.585000038146973,7.625,7.554999828338623,5.562891483306885,93000
2014-09-17,7.385000228881836,7.40500020980835,7.304999828338623,5.376486778259277,374800
2014-09-18,7.335000038146973,7.349999904632568,7.304999828338623,5.3618669509887695,85000
2014-09-19,7.309999942779541,7.309999942779541,7.230000019073486,5.299731731414795,112400
2014-09-22,7.300000190734863,7.300000190734863,7.215000152587891,5.292421817779541,73000
2014-09-23,7.159999847412109,7.159999847412109,7.045000076293945,5.179117679595947,131800
2014-09-24,7.050000190734863,7.144999980926514,7.045000076293945,5.208357334136963,104200
2014-09-25,7.059999942779541,7.059999942779541,6.949999809265137,5.087742805480957,218800
2014-09-26,6.949999809265137,6.965000152587891,6.909999847412109,5.069467067718506,177200
2014-09-29,6.829999923706055,6.860000133514404,6.71999979019165,4.919613361358643,1233400
2014-09-30,6.815000057220459,6.914999961853027,6.789999961853027,4.985403537750244,315400
2014-10-01,6.769999980926514,6.789999961853027,6.744999885559082,4.945198059082031,36600
2014-10-02,6.65500020980835,6.675000190734863,6.590000152587891,4.857478618621826,51000
2014-10-03,6.639999866485596,6.699999809265137,6.639999866485596,4.886717796325684,91400
2014-10-06,6.800000190734863,6.880000114440918,6.795000076293945,5.000022888183594,81400
2014-10-07,6.78000020980835,6.800000190734863,6.690000057220459,4.890373706817627,40000
2014-10-08,6.704999923706055,6.760000228881836,6.619999885559082,4.923267841339111,136200
2014-10-09,6.650000095367432,6.650000095367432,6.550000190734863,4.795342922210693,157000
2014-10-10,6.550000190734863,6.579999923706055,6.510000228881836,4.762448787689209,88200
2014-10-13,6.53000020980835,6.550000190734863,6.485000133514404,4.747828483581543,105000
2014-10-14,6.505000114440918,6.534999847412109,6.474999904632568,4.733208656311035,57600
2014-10-15,6.420000076293945,6.425000190734863,6.304999828338623,4.689347743988037,69200
2014-10-16,6.235000133514404,6.389999866485596,6.235000133514404,4.641834259033203,114400
2014-10-17,6.514999866485596,6.574999809265137,6.485000133514404,4.7843780517578125,97800
2014-10-20,6.494999885559082,6.619999885559082,6.494999885559082,4.824583530426025,230400
2014-10-21,6.690000057220459,6.739999771118164,6.670000076293945,4.9123029708862305,41400
2014-10-22,6.664999961853027,6.675000190734863,6.610000133514404,4.831893444061279,40800
2014-10-23,6.675000190734863,6.75,6.675000190734863,4.890373706817627,272400
2014-10-24,6.724999904632568,6.795000076293945,6.715000152587891,4.941543102264404,71600
2014-10-27,6.684999942779541,6.739999771118164,6.650000095367432,4.9269232749938965,160600
2014-10-28,6.909999847412109,6.940000057220459,6.875,5.04022741317749,1377800
2014-10-29,6.940000057220459,6.940000057220459,6.829999923706055,5.01829719543457,216200
2014-10-30,6.695000171661377,6.840000152587891,6.695000171661377,5.034191131591797,91800
2014-10-31,6.96999979019165,6.980000019073486,6.820000171661377,5.159861087799072,110800
2014-11-03,6.860000133514404,6.860000133514404,6.789999961853027,5.052672386169434,119200
2014-11-04,6.800000190734863,6.800000190734863,6.684999942779541,4.971357345581055,86800
2014-11-05,6.804999828338623,6.824999809265137,6.75,5.030495643615723,100000
2014-11-06,6.795000076293945,6.820000171661377,6.735000133514404,5.004622459411621,77400
2014-11-07,6.65500020980835,6.704999923706055,6.644999980926514,4.949179172515869,131600
2014-11-10,6.704999923706055,6.860000133514404,6.704999923706055,5.060064792633057,212800
2014-11-11,6.920000076293945,6.954999923706055,6.914999961853027,5.133988857269287,65000
2014-11-12,6.835000038146973,6.875,6.829999923706055,5.071153163909912,51800
2014-11-13,6.920000076293945,6.940000057220459,6.889999866485596,5.122900485992432,70800
2014-11-14,6.820000171661377,6.945000171661377,6.820000171661377,5.133988857269287,102800
2014-11-17,6.940000057220459,6.994999885559082,6.925000190734863,5.159861087799072,88400
2014-11-18,7.170000076293945,7.21999979019165,7.170000076293945,5.3261895179748535,96000
2014-11-19,7.184999942779541,7.184999942779541,7.110000133514404,5.267050743103027,109000
2014-11-20,7.005000114440918,7.054999828338623,7,5.207913398742676,99800
2014-11-21,7.184999942779541,7.184999942779541,7.085000038146973,5.248570442199707,164000
2014-11-24,7.244999885559082,7.255000114440918,7.195000171661377,5.348367214202881,83400
2014-11-25,7.289999961853027,7.289999961853027,7.199999809265137,5.337278366088867,132000
2014-11-26,7.195000171661377,7.215000152587891,7.179999828338623,5.333582878112793,121600
2014-11-28,7.269999980926514,7.269999980926514,7.224999904632568,5.366847991943359,38200
2014-12-01,7.34499979019165,7.364999771118164,7.25,5.400112628936768,174800
2014-12-02,7.269999980926514,7.269999980926514,7.204999923706055,5.348367214202881,159600
2014-12-03,7.204999923706055,7.264999866485596,7.204999923706055,5.370543479919434,55800
2014-12-04,7.190000057220459,7.210000038146973,7.150000095367432,5.2929229736328125,76600
2014-12-05,7.184999942779541,7.25,7.184999942779541,5.3187971115112305,38800
2014-12-08,7.195000171661377,7.204999923706055,7.144999980926514,5.2929229736328125,50000
2014-12-09,7.079999923706055,7.079999923706055,6.989999771118164,5.211608409881592,84800
2014-12-10,6.974999904632568,6.974999904632568,6.880000114440918,5.126595497131348,300000
2014-12-11,7.150000095367432,7.224999904632568,7.150000095367432,5.30031681060791,136800
2014-12-12,7.125,7.125,6.965000152587891,5.148773670196533,48400
2014-12-15,7.03000020980835,7.03000020980835,6.84499979019165,5.09702730178833,400600
2014-12-16,6.795000076293945,6.980000019073486,6.78000020980835,5.071153163909912,10194600
2014-12-17,6.940000057220459,6.994999885559082,6.855000019073486,5.1007232666015625,1258200
2014-12-18,7.114999771118164,7.235000133514404,7.09499979019165,5.329885482788086,460600
2014-12-19,7.199999809265137,7.275000095367432,7.195000171661377,5.370543479919434,539800
2014-12-22,7.230000019073486,7.284999847412109,7.230000019073486,5.3853278160095215,243000
2014-12-23,7.235000133514404,7.28000020980835,7.21999979019165,5.374240398406982,100600
2014-12-24,7.235000133514404,7.275000095367432,7.235000133514404,5.35945463180542,128400
2014-12-26,7.244999885559082,7.309999942779541,7.21999979019165,5.35945463180542,154000
2014-12-29,7.230000019073486,7.235000133514404,7.210000038146973,5.337278366088867,93400
2014-12-30,7.21999979019165,7.224999904632568,7.190000057220459,5.333582878112793,87800
2014-12-31,7.15500020980835,7.179999828338623,7.090000152587891,5.248570442199707,72600
2015-01-02,7.159999847412109,7.159999847412109,7.119999885559082,5.285531520843506,79000
2015-01-05,6.914999961853027,6.914999961853027,6.78000020980835,5.078546047210693,180000
2015-01-06,6.824999809265137,6.824999809265137,6.699999809265137,4.963964939117432,119000
2015-01-07,6.789999961853027,6.90500020980835,6.760000228881836,5.104419231414795,830200
2015-01-08,6.949999809265137,7.099999904632568,6.949999809265137,5.233785152435303,1420200
2015-01-09,6.985000133514404,7,6.880000114440918,5.174646377563477,133000
2015-01-12,7.019999980926514,7.019999980926514,6.929999828338623,5.159861087799072,188200
2015-01-13,7.179999828338623,7.195000171661377,7.050000190734863,5.27444314956665,426400
2015-01-14,7.269999980926514,7.320000171661377,7.235000133514404,5.3816328048706055,173800
2015-01-15,7.125,7.125,7.065000057220459,5.23008918762207,160200
2015-01-16,7.105000019073486,7.150000095367432,7.059999942779541,5.285531520843506,79200
2015-01-20,7.34499979019165,7.400000095367432,7.300000190734863,5.440770626068115,1187000
2015-01-21,7.460000038146973,7.554999828338623,7.454999923706055,5.570135593414307,638800
2015-01-22,7.46999979019165,7.525000095367432,7.425000190734863,5.540567874908447,208000
2015-01-23,7.539999961853027,7.539999961853027,7.445000171661377,5.507300853729248,143000
2015-01-26,7.579999923706055,7.644999980926514,7.579999923706055,5.644061088562012,231600
2015-01-27,7.565000057220459,7.605000019073486,7.525000095367432,5.621882438659668,235200
2015-01-28,7.485000133514404,7.53000020980835,7.380000114440918,5.481428623199463,166400
2015-01-29,7.425000190734863,7.5,7.40500020980835,5.544264316558838,134200
2015-01-30,7.460000038146973,7.465000152587891,7.349999904632568,5.43337869644165,174400
2015-02-02,7.355000019073486,7.474999904632568,7.355000019073486,5.51839017868042,120200
2015-02-03,7.605000019073486,7.684999942779541,7.565000057220459,5.6810221672058105,96800
2015-02-04,7.559999942779541,7.599999904632568,7.440000057220459,5.533175945281982,89400
2015-02-05,7.510000228881836,7.614999771118164,7.505000114440918,5.629275321960449,114600
2015-02-06,7.445000171661377,7.480000019073486,7.329999923706055,5.437074661254883,67800
2015-02-09,7.25,7.284999847412109,7.21999979019165,5.366847991943359,62400
2015-02-10,7.449999809265137,7.525000095367432,7.400000095367432,5.555351257324219,166400
2015-02-11,7.309999942779541,7.369999885559082,7.289999961853027,5.396416664123535,62200
2015-02-12,7.514999866485596,7.574999809265137,7.489999771118164,5.599706172943115,130800
2015-02-13,7.630000114440918,7.639999866485596,7.550000190734863,5.636667728424072,31800
2015-02-17,7.5,7.574999809265137,7.5,5.596010208129883,46400
2015-02-18,7.664999961853027,7.695000171661377,7.625,5.684717655181885,140800
2015-02-19,7.760000228881836,7.849999904632568,7.760000228881836,5.77712345123291,92800
2015-02-20,7.65500020980835,7.885000228881836,7.635000228881836,5.795603275299072,101600
2015-02-23,7.900000095367432,7.900000095367432,7.835000038146973,5.832565784454346,53200
2015-02-24,7.949999809265137,7.980000019073486,7.909999847412109,5.884312152862549,431600
2015-02-25,7.925000190734863,7.954999923706055,7.90500020980835,5.851046562194824,46400
2015-02-26,7.840000152587891,7.855000019073486,7.784999847412109,5.77712345123291,405000
2015-02-27,7.775000095367432,7.860000133514404,7.775000095367432,5.8029961585998535,35000
2015-03-02,7.894999980926514,7.940000057220459,7.885000228881836,5.847349643707275,51200
2015-03-03,7.914999961853027,7.954999923706055,7.840000152587891,5.821476936340332,362000
2015-03-04,7.684999942779541,7.704999923706055,7.619999885559082,5.673630237579346,520800
2015-03-05,7.684999942779541,7.695000171661377,7.650000095367432,5.677326202392578,242200
2015-03-06,7.610000133514404,7.644999980926514,7.570000171661377,5.614490509033203,62800
2015-03-09,7.525000095367432,7.590000152587891,7.505000114440918,5.599706172943115,79200
2015-03-10,7.329999923706055,7.380000114440918,7.324999809265137,5.422290802001953,120600
2015-03-11,7.289999961853027,7.340000152587891,7.260000228881836,5.38902473449707,415400
2015-03-12,7.364999771118164,7.369999885559082,7.315000057220459,5.425987243652344,268000
2015-03-13,7.369999885559082,7.425000190734863,7.364999771118164,5.470340251922607,143400
2015-03-16,7.550000190734863,7.650000095367432,7.550000190734863,5.647756576538086,91000
2015-03-17,7.489999771118164,7.525000095367432,7.445000171661377,5.522087097167969,108400
2015-03-18,7.71999979019165,7.909999847412109,7.71999979019165,5.810388088226318,571600
2015-03-19,7.84499979019165,7.900000095367432,7.84499979019165,5.839957237243652,44600
2015-03-20,8.095000267028809,8.21500015258789,8.055000305175781,6.058032035827637,46800
2015-03-23,8.21500015258789,8.25,8.154999732971191,6.054335594177246,695600
2015-03-24,8.244999885559082,8.28499984741211,8.204999923706055,6.0839056968688965,638000
2015-03-25,8.199999809265137,8.220000267028809,8.109999656677246,5.99519681930542,2191200
2015-03-26,8.045000076293945,8.074999809265137,7.965000152587891,5.913881778717041,546400
2015-03-27,8.029999732971191,8.09000015258789,8.029999732971191,5.9619317054748535,44600
2015-03-30,8.055000305175781,8.079999923706055,8.015000343322754,5.9619317054748535,69600
2015-03-31,7.974999904632568,8.0649995803833,7.96999979019165,5.895400524139404,124800
2015-04-01,8.045000076293945,8.055000305175781,7.920000076293945,5.899096965789795,67000
2015-04-02,8.15999984741211,8.234999656677246,8.15999984741211,6.0839056968688965,116000
2015-04-06,8.289999961853027,8.354999542236328,8.265000343322754,6.143044471740723,35400
2015-04-07,8.279999732971191,8.3149995803833,8.1899995803833,6.076513290405273,503000
2015-04-08,8.220000267028809,8.225000381469727,8.149999618530273,6.046943664550781,44200
2015-04-09,8.194999694824219,8.194999694824219,8.130000114440918,6.035854816436768,42400
2015-04-10,8.104999542236328,8.220000267028809,8.095000267028809,6.043247222900391,98200
2015-04-13,8.149999618530273,8.194999694824219,8.135000228881836,6.024765491485596,42600
2015-04-14,8.170000076293945,8.1899995803833,8.135000228881836,6.024765491485596,128000
2015-04-15,8.199999809265137,8.244999885559082,8.149999618530273,6.0949931144714355,41000
2015-04-16,8.170000076293945,8.194999694824219,8.09000015258789,5.998892307281494,53000
2015-04-17,8,8,7.885000228881836,5.880616188049316,38400
2015-04-20,7.815000057220459,7.869999885559082,7.809999942779541,5.795603275299072,212000
2015-04-21,7.889999866485596,7.914999961853027,7.885000228881836,5.839957237243652,63400
2015-04-22,7.84499979019165,7.855000019073486,7.78000020980835,5.77712345123291,33800
2015-04-23,7.775000095367432,7.875,7.764999866485596,5.821476936340332,36800
2015-04-24,7.855000019073486,7.965000152587891,7.829999923706055,5.839957237243652,113400
2015-04-27,8.069999694824219,8.100000381469727,8.029999732971191,5.965628623962402,199000
2015-04-28,8.0649995803833,8.114999771118164,8,5.969324111938477,742600
2015-04-29,7.965000152587891,7.965000152587891,7.84499979019165,5.883569717407227,56600
2015-04-30,7.860000133514404,7.965000152587891,7.860000133514404,5.909668445587158,68600
2015-05-01,7.96999979019165,7.974999904632568,7.900000095367432,5.9394965171813965,217000
2015-05-04,7.974999904632568,8.015000343322754,7.940000057220459,5.920853137969971,340200
2015-05-05,7.90500020980835,7.90500020980835,7.724999904632568,5.79781436920166,208800
2015-05-06,7.875,7.914999961853027,7.815000057220459,5.876111030578613,313600
2015-05-07,7.894999980926514,7.925000190734863,7.840000152587891,5.905940532684326,85400
2015-05-08,8.079999923706055,8.194999694824219,8.069999694824219,6.099822044372559,45800
2015-05-11,8.085000038146973,8.095000267028809,8.024999618530273,6.010339260101318,308400
2015-05-12,8.09000015258789,8.119999885559082,8.0649995803833,6.047621726989746,26800
2015-05-13,8.204999923706055,8.204999923706055,8.079999923706055,6.062536239624023,89200
2015-05-14,8.265000343322754,8.28499984741211,8.194999694824219,6.1221923828125,676600
2015-05-15,8.175000190734863,8.255000114440918,8.140000343322754,6.155749320983887,110600
2015-05-18,8.180000305175781,8.255000114440918,8.154999732971191,6.12592077255249,171800
2015-05-19,8.225000381469727,8.3149995803833,8.225000381469727,6.189305782318115,427200
2015-05-20,8.335000038146973,8.420000076293945,8.324999809265137,6.252689838409424,81000
2015-05-21,8.489999771118164,8.520000457763672,8.460000038146973,6.349630355834961,197200
2015-05-22,8.4399995803833,8.4399995803833,8.385000228881836,6.252689838409424,43400
2015-05-26,8.319999694824219,8.319999694824219,8.149999618530273,6.111006259918213,48400
2015-05-27,8.25,8.444999694824219,8.25,6.289974212646484,138600
2015-05-28,8.40999984741211,8.449999809265137,8.3100004196167,6.282517910003662,62000
2015-05-29,8.4350004196167,8.4350004196167,8.300000190734863,6.215404987335205,20200
2015-06-01,8.460000038146973,8.484999656677246,8.350000381469727,6.316074371337891,119000
2015-06-02,8.545000076293945,8.595000267028809,8.545000076293945,6.3869147300720215,79200
2015-06-03,8.604999542236328,8.649999618530273,8.59000015258789,6.439114093780518,48200
2015-06-04,8.649999618530273,8.649999618530273,8.46500015258789,6.327259063720703,23400
2015-06-05,8.324999809265137,8.385000228881836,8.319999694824219,6.241504669189453,132600
2015-06-08,8.335000038146973,8.380000114440918,8.260000228881836,6.196763038635254,23200
2015-06-09,8.335000038146973,8.475000381469727,8.319999694824219,6.278789043426514,174000
2015-06-10,8.380000114440918,8.520000457763672,8.380000114440918,6.319802284240723,46600
2015-06-11,8.444999694824219,8.5600004196167,8.4399995803833,6.349630355834961,119800
2015-06-12,8.295000076293945,8.345000267028809,8.239999771118164,6.189305782318115,105200
2015-06-15,8.154999732971191,8.239999771118164,8.145000457763672,6.144563674926758,32800
2015-06-16,8.154999732971191,8.225000381469727,8.125,6.1221923828125,50400
2015-06-17,8.180000305175781,8.199999809265137,8.074999809265137,6.092365264892578,41800
2015-06-18,8.204999923706055,8.470000267028809,8.1850004196167,6.237775802612305,134800
2015-06-19,8.354999542236328,8.369999885559082,8.265000343322754,6.196763038635254,1154000
2015-06-22,8.59000015258789,8.770000457763672,8.579999923706055,6.442843437194824,48400
2015-06-23,8.680000305175781,8.6850004196167,8.614999771118164,6.427927494049072,611800
2015-06-24,8.555000305175781,8.595000267028809,8.524999618530273,6.368273735046387,107200
2015-06-25,8.470000267028809,8.505000114440918,8.430000305175781,6.293702602386475,150200
2015-06-26,8.604999542236328,8.619999885559082,8.489999771118164,6.368273735046387,141000
2015-06-29,8.329999923706055,8.34000015258789,8.130000114440918,6.09609317779541,118800
2015-06-30,8.225000381469727,8.239999771118164,8.0600004196167,6.0513505935668945,251600
2015-07-01,8.180000305175781,8.180000305175781,8.0649995803833,6.058807373046875,123600
2015-07-02,8.050000190734863,8.055000305175781,8,5.984238147735596,110400
2015-07-06,7.804999828338623,7.880000114440918,7.715000152587891,5.7717132568359375,121800
2015-07-07,7.644999980926514,7.869999885559082,7.559999942779541,5.864926338195801,598800
2015-07-08,7.695000171661377,7.820000171661377,7.650000095367432,5.794084548950195,76600
2015-07-09,7.920000076293945,7.954999923706055,7.835000038146973,5.864926338195801,80200
2015-07-10,8.244999885559082,8.335000038146973,8.204999923706055,6.196763038635254,158400
2015-07-13,8.300000190734863,8.3100004196167,8.25,6.185576438903809,95400
2015-07-14,8.3149995803833,8.425000190734863,8.3149995803833,6.278789043426514,37800
2015-07-15,8.34000015258789,8.369999885559082,8.260000228881836,6.181848526000977,52400
2015-07-16,8.449999809265137,8.5,8.425000190734863,6.334718227386475,57000
2015-07-17,8.449999809265137,8.460000038146973,8.364999771118164,6.252689838409424,57400
2015-07-20,8.449999809265137,8.470000267028809,8.430000305175781,6.297430515289307,152000
2015-07-21,8.444999694824219,8.46500015258789,8.40999984741211,6.301159858703613,95600
2015-07-22,8.430000305175781,8.444999694824219,8.390000343322754,6.297430515289307,29800
2015-07-23,8.489999771118164,8.489999771118164,8.414999961853027,6.275060653686523,242600
2015-07-24,8.449999809265137,8.449999809265137,8.350000381469727,6.248961448669434,38400
2015-07-27,8.414999961853027,8.414999961853027,8.3149995803833,6.200490951538086,80200
2015-07-28,8.324999809265137,8.399999618530273,8.324999809265137,6.245233058929443,122400
2015-07-29,8.430000305175781,8.489999771118164,8.399999618530273,6.308617115020752,95600
2015-07-30,8.369999885559082,8.414999961853027,8.324999809265137,6.260146617889404,92600
2015-07-31,8.524999618530273,8.595000267028809,8.505000114440918,6.39437198638916,255000
2015-08-03,8.6899995803833,8.71500015258789,8.609999656677246,6.495041847229004,61800
2015-08-04,8.694999694824219,8.744999885559082,8.625,6.439114093780518,64400
2015-08-05,8.725000381469727,8.739999771118164,8.6850004196167,6.498771667480469,21600
2015-08-06,8.774999618530273,8.805000305175781,8.75,6.558425426483154,43200
2015-08-07,8.694999694824219,8.765000343322754,8.670000076293945,6.536055564880371,15600
2015-08-10,8.854999542236328,8.9399995803833,8.850000381469727,6.655367851257324,36000
2015-08-11,8.725000381469727,8.760000228881836,8.65999984741211,6.517413139343262,30400
2015-08-12,8.484999656677246,8.574999809265137,8.430000305175781,6.372001647949219,77800
2015-08-13,8.569999694824219,8.625,8.550000190734863,6.4092864990234375,46200
2015-08-14,8.515000343322754,8.595000267028809,8.505000114440918,6.4055585861206055,44400
2015-08-17,8.484999656677246,8.654999732971191,8.475000381469727,6.454028129577637,66800
2015-08-18,8.619999885559082,8.619999885559082,8.5600004196167,6.413015842437744,66600
2015-08-19,8.479999542236328,8.614999771118164,8.475000381469727,6.424200057983398,47400
2015-08-20,8.444999694824219,8.444999694824219,8.324999809265137,6.207949161529541,49000
2015-08-21,8.335000038146973,8.354999542236328,8.145000457763672,6.073722839355469,438600
2015-08-24,7.920000076293945,8.069999694824219,7.619999885559082,6.017794609069824,196200
2015-08-25,8.34000015258789,8.345000267028809,8.055000305175781,6.066266059875488,165400
2015-08-26,8.21500015258789,8.274999618530273,8.119999885559082,6.170663833618164,77200
2015-08-27,8.350000381469727,8.420000076293945,8.295000076293945,6.278789043426514,133000
2015-08-28,8.305000305175781,8.399999618530273,8.270000457763672,6.260146617889404,130800
2015-08-31,8.3149995803833,8.350000381469727,8.25,6.215404987335205,115200
2015-09-01,8.149999618530273,8.180000305175781,8.085000038146973,6.028980255126953,80200
2015-09-02,8.164999961853027,8.244999885559082,8.109999656677246,6.140834808349609,95000
2015-09-03,8.21500015258789,8.239999771118164,8.125,6.062536239624023,42400
2015-09-04,7.945000171661377,7.989999771118164,7.869999885559082,5.905940532684326,117200
2015-09-08,8.0600004196167,8.104999542236328,8.005000114440918,6.036437034606934,86600
2015-09-09,8.1850004196167,8.1850004196167,8.029999732971191,5.999151706695557,113800
2015-09-10,8.104999542236328,8.220000267028809,8.079999923706055,6.08863639831543,322600
2015-09-11,8.029999732971191,8.149999618530273,8,6.077449798583984,161400
2015-09-14,8.029999732971191,8.109999656677246,8.029999732971191,6.036437034606934,180200
2015-09-15,8.069999694824219,8.175000190734863,8.0649995803833,6.092365264892578,79000
2015-09-16,8.510000228881836,8.574999809265137,8.449999809265137,6.39437198638916,46400
2015-09-17,8.600000381469727,8.859999656677246,8.600000381469727,6.524869441986084,30000
2015-09-18,8.529999732971191,8.574999809265137,8.449999809265137,6.330986976623535,77800
2015-09-21,8.520000457763672,8.53499984741211,8.420000076293945,6.327259063720703,183400
2015-09-22,8.180000305175781,8.279999732971191,8.154999732971191,6.166934490203857,74600
2015-09-23,8.244999885559082,8.265000343322754,8.145000457763672,6.111006259918213,128200
2015-09-24,8.095000267028809,8.114999771118164,7.96999979019165,6.040165424346924,156200
2015-09-25,8.25,8.300000190734863,8.149999618530273,6.140834808349609,340600
2015-09-28,8.1899995803833,8.234999656677246,8.145000457763672,6.077449798583984,73400
2015-09-29,8.180000305175781,8.180000305175781,8.104999542236328,6.08863639831543,106600
2015-09-30,8.270000457763672,8.369999885559082,8.270000457763672,6.226591110229492,169200
2015-10-01,8.449999809265137,8.5,8.375,6.319802284240723,769800
2015-10-02,8.34000015258789,8.595000267028809,8.3100004196167,6.401829242706299,262200
2015-10-05,8.729999542236328,8.875,8.729999542236328,6.618083953857422,64000
2015-10-06,8.925000190734863,8.994999885559082,8.890000343322754,6.67401123046875,69800
2015-10-07,8.904999732971191,8.90999984741211,8.720000267028809,6.618083953857422,322200
2015-10-08,8.770000457763672,8.899999618530273,8.760000228881836,6.625539302825928,226000
2015-10-09,8.864999771118164,8.9399995803833,8.800000190734863,6.61062479019165,241800
2015-10-12,8.805000305175781,8.904999732971191,8.805000305175781,6.625539302825928,48800
2015-10-13,8.78499984741211,8.835000038146973,8.704999923706055,6.509955406188965,79000
2015-10-14,8.78499984741211,8.78499984741211,8.654999732971191,6.543511867523193,30400
2015-10-15,8.770000457763672,8.819999694824219,8.734999656677246,6.565884590148926,210800
2015-10-16,8.789999961853027,8.850000381469727,8.760000228881836,6.565884590148926,75200
2015-10-19,8.864999771118164,8.920000076293945,8.824999809265137,6.632997035980225,135800
2015-10-20,8.949999809265137,8.949999809265137,8.850000381469727,6.636724472045898,209600
2015-10-21,8.994999885559082,9.029999732971191,8.9399995803833,6.677738666534424,30600
2015-10-22,9.135000228881836,9.1899995803833,9.055000305175781,6.82314920425415,44400
2015-10-23,9.34000015258789,9.345000267028809,9.220000267028809,6.964834213256836,36400
2015-10-26,9.364999771118164,9.364999771118164,9.25,6.9200897216796875,33800
2015-10-27,9.234999656677246,9.319999694824219,9.194999694824219,6.9014482498168945,144400
2015-10-28,9.354999542236328,9.399999618530273,9.255000114440918,6.968560695648193,348200
2015-10-29,9.34000015258789,9.390000343322754,9.270000457763672,7.051967620849609,95000
2015-10-30,9.28499984741211,9.380000114440918,9.274999618530273,6.999368667602539,130600
2015-11-02,9.369999885559082,9.404999732971191,9.329999923706055,7.063238620758057,62000
2015-11-03,9.25,9.345000267028809,9.239999771118164,7.003124237060547,122000
2015-11-04,9.220000267028809,9.270000457763672,9.09000015258789,6.875385761260986,51200
2015-11-05,9.364999771118164,9.395000457763672,9.289999961853027,6.988097190856934,65000
2015-11-06,8.854999542236328,8.869999885559082,8.795000076293945,6.6386919021606445,100600
2015-11-09,8.890000343322754,8.895000457763672,8.795000076293945,6.6274213790893555,2334800
2015-11-10,8.795000076293945,8.835000038146973,8.765000343322754,6.619908332824707,511600
2015-11-11,8.920000076293945,8.984999656677246,8.880000114440918,6.672506332397461,43000
2015-11-12,8.859999656677246,8.869999885559082,8.800000190734863,6.649963855743408,85600
2015-11-13,8.704999923706055,8.75,8.654999732971191,6.510953426361084,257000
2015-11-16,8.65999984741211,8.800000190734863,8.649999618530273,6.612392425537109,29600
2015-11-17,8.90999984741211,8.90999984741211,8.760000228881836,6.582337856292725,293800
2015-11-18,8.725000381469727,8.760000228881836,8.630000114440918,6.582337856292725,56400
2015-11-19,8.774999618530273,8.854999542236328,8.729999542236328,6.586095333099365,60000
2015-11-20,8.835000038146973,8.850000381469727,8.755000114440918,6.616151809692383,59400
2015-11-23,8.765000343322754,8.789999961853027,8.65999984741211,6.5597944259643555,303800
2015-11-24,8.5,8.619999885559082,8.5,6.469625473022461,86000
2015-11-25,8.6899995803833,8.829999923706055,8.6899995803833,6.6011223793029785,72800
2015-11-27,8.875,8.895000457763672,8.805000305175781,6.649963855743408,23200
2015-11-30,8.970000267028809,8.989999771118164,8.925000190734863,6.7326178550720215,240800
2015-12-01,9.005000114440918,9.029999732971191,8.96500015258789,6.758916854858398,50600
2015-12-02,9.069999694824219,9.15999984741211,9.045000076293945,6.83781623840332,98600
2015-12-03,9.095000267028809,9.15999984741211,8.975000381469727,6.76267671585083,275000
2015-12-04,8.895000457763672,9.119999885559082,8.880000114440918,6.85284423828125,308600
2015-12-07,9.175000190734863,9.220000267028809,9.125,6.916713714599609,1008800
2015-12-08,8.930000305175781,8.984999656677246,8.904999732971191,6.736376762390137,122600
2015-12-09,8.904999732971191,9.03499984741211,8.819999694824219,6.6274213790893555,277000
2015-12-10,8.739999771118164,8.795000076293945,8.720000267028809,6.582337856292725,122000
2015-12-11,8.819999694824219,8.819999694824219,8.710000038146973,6.578578948974609,66400
2015-12-14,8.760000228881836,8.774999618530273,8.649999618530273,6.5597944259643555,78600
2015-12-15,8.829999923706055,8.869999885559082,8.789999961853027,6.657476902008057,133600
2015-12-16,8.875,8.975000381469727,8.789999961853027,6.69880485534668,84000
2015-12-17,9.015000343322754,9.029999732971191,8.895000457763672,6.721348285675049,47400
2015-12-18,8.765000343322754,8.770000457763672,8.649999618530273,6.522224426269531,131400
2015-12-21,8.694999694824219,8.710000038146973,8.545000076293945,6.450840950012207,106600
2015-12-22,8.680000305175781,8.739999771118164,8.635000228881836,6.503439426422119,306200
2015-12-23,8.640000343322754,8.725000381469727,8.640000343322754,6.5560383796691895,79800
2015-12-24,8.75,8.774999618530273,8.649999618530273,6.5560383796691895,40600
2015-12-28,8.654999732971191,8.680000305175781,8.609999656677246,6.480898380279541,69200
2015-12-29,8.75,8.835000038146973,8.71500015258789,6.619908332824707,78800
2015-12-30,8.725000381469727,8.729999542236328,8.649999618530273,6.537251949310303,57600
2015-12-31,8.630000114440918,8.630000114440918,8.585000038146973,6.480898380279541,21200
2016-01-04,8.319999694824219,8.324999809265137,8.1899995803833,6.247960090637207,280800
2016-01-05,8.175000190734863,8.194999694824219,8.09000015258789,6.142763614654541,105600
2016-01-06,8.005000114440918,8.109999656677246,8.005000114440918,6.082651138305664,109200
2016-01-07,8.069999694824219,8.170000076293945,8.0649995803833,6.1164655685424805,39000
2016-01-08,8.170000076293945,8.170000076293945,8,6.037566184997559,101400
2016-01-11,8.039999961853027,8.0649995803833,7.96999979019165,6.030052185058594,96400
2016-01-12,8.114999771118164,8.220000267028809,8.074999809265137,6.157790660858154,169000
2016-01-13,8.1899995803833,8.199999809265137,7.96999979019165,6.037566184997559,81000
2016-01-14,7.985000133514404,8.024999618530273,7.900000095367432,6.030052185058594,105800
2016-01-15,7.775000095367432,7.835000038146973,7.679999828338623,5.8159003257751465,53600
2016-01-19,7.809999942779541,7.90500020980835,7.809999942779541,5.898556232452393,60200
2016-01-20,7.704999923706055,7.764999866485596,7.545000076293945,5.800871849060059,218200
2016-01-21,7.71999979019165,7.860000133514404,7.664999961853027,5.891041278839111,177800
2016-01-22,7.929999828338623,8.039999961853027,7.929999828338623,6.026295185089111,38200
2016-01-25,7.929999828338623,7.954999923706055,7.869999885559082,5.936125755310059,185400
2016-01-26,7.909999847412109,8.024999618530273,7.875,6.011267185211182,1266000
2016-01-27,8.0649995803833,8.199999809265137,7.980000019073486,5.996238708496094,39200
2016-01-28,8.085000038146973,8.149999618530273,7.96999979019165,6.060107707977295,45400
2016-01-29,8.069999694824219,8.210000038146973,8.069999694824219,6.169062614440918,53000
2016-02-01,8.225000381469727,8.300000190734863,8.210000038146973,6.236689567565918,54600
2016-02-02,8.154999732971191,8.154999732971191,8.010000228881836,6.01878023147583,44200
2016-02-03,8.069999694824219,8.175000190734863,8,6.142763614654541,187600
2016-02-04,8.050000190734863,8.140000343322754,8.045000076293945,6.112708568572998,54800
2016-02-05,8,8.029999732971191,7.855000019073486,5.936125755310059,78000
2016-02-08,7.735000133514404,7.775000095367432,7.630000114440918,5.838443279266357,126800
2016-02-09,7.625,7.78000020980835,7.625,5.789600849151611,64800
2016-02-10,7.824999809265137,7.994999885559082,7.824999809265137,5.966181755065918,264600
2016-02-11,7.684999942779541,7.704999923706055,7.545000076293945,5.759544372558594,60000
2016-02-12,7.574999809265137,7.639999866485596,7.539999961853027,5.699432373046875,38200
2016-02-16,7.630000114440918,7.650000095367432,7.465000152587891,5.748275279998779,89800
2016-02-17,7.670000076293945,7.820000171661377,7.670000076293945,5.834685325622559,123600
2016-02-18,7.840000152587891,7.869999885559082,7.730000019073486,5.868499279022217,43200
2016-02-19,7.764999866485596,7.900000095367432,7.744999885559082,5.917340278625488,74800
2016-02-22,7.894999980926514,7.945000171661377,7.824999809265137,5.898556232452393,63200
2016-02-23,7.789999961853027,7.789999961853027,7.684999942779541,5.8159003257751465,65600
2016-02-24,7.489999771118164,7.619999885559082,7.480000019073486,5.7219743728637695,61200
2016-02-25,7.630000114440918,7.764999866485596,7.630000114440918,5.834685325622559,52600
2016-02-26,7.869999885559082,7.875,7.730000019073486,5.819658279418945,53400
2016-02-29,7.699999809265137,7.764999866485596,7.695000171661377,5.830929756164551,117600
2016-03-01,7.994999885559082,8.180000305175781,7.980000019073486,6.127735137939453,1121800
2016-03-02,8.09000015258789,8.109999656677246,8,6.0901641845703125,142400
2016-03-03,8.005000114440918,8.100000381469727,7.985000133514404,6.086407661437988,38800
2016-03-04,8.154999732971191,8.220000267028809,8.055000305175781,6.161549091339111,163800
2016-03-07,8.09000015258789,8.220000267028809,8.069999694824219,6.127735137939453,179000
2016-03-08,8.180000305175781,8.180000305175781,8.085000038146973,6.101435661315918,80000
2016-03-09,8.295000076293945,8.3100004196167,8.180000305175781,6.146520614624023,69200
2016-03-10,8.4350004196167,8.484999656677246,8.234999656677246,6.270503520965576,40000
2016-03-11,8.34000015258789,8.34000015258789,8.225000381469727,6.180333614349365,27400
2016-03-14,8.350000381469727,8.350000381469727,8.255000114440918,6.232931613922119,45200
2016-03-15,8.229999542236328,8.28499984741211,8.1899995803833,6.221661567687988,284200
2016-03-16,8.28499984741211,8.390000343322754,8.25,6.281773567199707,143400
2016-03-17,8.329999923706055,8.479999542236328,8.329999923706055,6.356914520263672,100400
2016-03-18,8.3149995803833,8.425000190734863,8.3100004196167,6.326857566833496,94200
2016-03-21,8.380000114440918,8.449999809265137,8.369999885559082,6.304316520690918,47400
2016-03-22,8.354999542236328,8.470000267028809,8.335000038146973,6.364428997039795,57400
2016-03-23,8.385000228881836,8.4399995803833,8.369999885559082,6.311830043792725,3094600
2016-03-24,8.319999694824219,8.34000015258789,8.229999542236328,6.247960090637207,47800
2016-03-28,8.3100004196167,8.3100004196167,8.1850004196167,6.232931613922119,119200
2016-03-29,8.329999923706055,8.460000038146973,8.295000076293945,6.356914520263672,431800
2016-03-30,8.505000114440918,8.59000015258789,8.505000114440918,6.417027473449707,527200
2016-03-31,8.454999923706055,8.479999542236328,8.420000076293945,6.334372043609619,411400
2016-04-01,8.1850004196167,8.364999771118164,8.164999961853027,6.244204044342041,122600
2016-04-04,8.380000114440918,8.385000228881836,8.3100004196167,6.244204044342041,373200
2016-04-05,8.140000343322754,8.175000190734863,8.09000015258789,6.105192184448242,847200
2016-04-06,8.100000381469727,8.220000267028809,8.100000381469727,6.157790660858154,117000
2016-04-07,8.109999656677246,8.135000228881836,8.020000457763672,6.048837661743164,74600
2016-04-08,8.149999618530273,8.1850004196167,8.09000015258789,6.082651138305664,56600
2016-04-11,8.199999809265137,8.229999542236328,8.074999809265137,6.086407661437988,66400
2016-04-12,8.154999732971191,8.229999542236328,8.100000381469727,6.184091091156006,204000
2016-04-13,8.194999694824219,8.194999694824219,8.045000076293945,6.154034614562988,61200
2016-04-14,8.170000076293945,8.170000076293945,8.100000381469727,6.0901641845703125,103000
2016-04-15,8.135000228881836,8.149999618530273,8.069999694824219,6.06762170791626,74600
2016-04-18,8.145000457763672,8.194999694824219,8.135000228881836,6.1239776611328125,137400
2016-04-19,8.345000267028809,8.385000228881836,8.324999809265137,6.262988567352295,68000
2016-04-20,8.40999984741211,8.449999809265137,8.369999885559082,6.28928804397583,57200
2016-04-21,8.28499984741211,8.34000015258789,8.25,6.202877044677734,129400
2016-04-22,8.329999923706055,8.329999923706055,8.234999656677246,6.229176044464111,45400
2016-04-25,8.244999885559082,8.244999885559082,8.1899995803833,6.195361614227295,166600
2016-04-26,8.210000038146973,8.239999771118164,8.140000343322754,6.1202216148376465,58200
2016-04-27,8.210000038146973,8.270000457763672,8.1899995803833,6.1728196144104,47600
2016-04-28,8.03499984741211,8.119999885559082,8,6.096518039703369,33400
2016-04-29,7.989999771118164,8.055000305175781,7.980000019073486,6.092722415924072,82800
2016-05-02,8.210000038146973,8.260000228881836,8.135000228881836,6.255953788757324,54400
2016-05-03,8.039999961853027,8.050000190734863,7.96999979019165,6.08513069152832,68600
2016-05-04,7.900000095367432,7.925000190734863,7.855000019073486,5.994024753570557,46800
2016-05-05,7.885000228881836,7.914999961853027,7.855000019073486,5.9674506187438965,49000
2016-05-06,7.860000133514404,7.920000076293945,7.840000152587891,5.994024753570557,45200
2016-05-09,7.985000133514404,8.055000305175781,7.985000133514404,6.073741912841797,30200
2016-05-10,8.095000267028809,8.15999984741211,8.079999923706055,6.1762375831604,67400
2016-05-11,8.045000076293945,8.045000076293945,7.980000019073486,6.058557033538818,83200
2016-05-12,7.96999979019165,7.980000019073486,7.880000114440918,6.03577995300293,99200
2016-05-13,7.940000057220459,7.940000057220459,7.849999904632568,5.994024753570557,39000
2016-05-16,7.909999847412109,8,7.909999847412109,6.0547614097595215,40000
2016-05-17,7.934999942779541,7.945000171661377,7.855000019073486,5.978838920593262,91400
2016-05-18,7.940000057220459,8.024999618530273,7.889999866485596,6.028188228607178,66000
2016-05-19,7.900000095367432,7.929999828338623,7.840000152587891,5.990227699279785,479200
2016-05-20,8.029999732971191,8.069999694824219,7.994999885559082,6.092722415924072,25000
2016-05-23,7.985000133514404,8.020000457763672,7.960000038146973,6.058557033538818,296800
2016-05-24,8.125,8.220000267028809,8.119999885559082,6.214197158813477,209400
2016-05-25,8.234999656677246,8.234999656677246,8.095000267028809,6.145867347717285,449800
2016-05-26,8.25,8.270000457763672,8.194999694824219,6.233177185058594,48000
2016-05-27,8.350000381469727,8.350000381469727,8.279999732971191,6.324283123016357,62400
2016-05-31,8.460000038146973,8.484999656677246,8.375,6.3774285316467285,211000
2016-06-01,8.380000114440918,8.454999923706055,8.369999885559082,6.39640998840332,231400
2016-06-02,8.4350004196167,8.444999694824219,8.345000267028809,6.404000759124756,115000
2016-06-03,8.414999961853027,8.489999771118164,8.354999542236328,6.4229817390441895,264000
2016-06-06,8.420000076293945,8.460000038146973,8.375,6.373632907867432,97400
2016-06-07,8.454999923706055,8.454999923706055,8.385000228881836,6.366040229797363,69000
2016-06-08,8.46500015258789,8.46500015258789,8.364999771118164,6.404000759124756,48800
2016-06-09,8.399999618530273,8.399999618530273,8.3149995803833,6.358448505401611,27400
2016-06-10,8.175000190734863,8.180000305175781,8.045000076293945,6.119295597076416,176600
2016-06-13,8.015000343322754,8.194999694824219,7.974999904632568,6.077537536621094,50000
2016-06-14,7.880000114440918,7.914999961853027,7.784999847412109,5.948470115661621,103400
2016-06-15,8.1899995803833,8.319999694824219,8.170000076293945,6.290119171142578,59800
2016-06-16,8.270000457763672,8.444999694824219,8.194999694824219,6.411592483520508,111800
2016-06-17,8.239999771118164,8.319999694824219,8.164999961853027,6.293915271759033,341000
2016-06-20,8.529999732971191,8.5600004196167,8.484999656677246,6.441961765289307,97800
2016-06-21,8.515000343322754,8.600000381469727,8.489999771118164,6.468535423278809,84600
2016-06-22,8.604999542236328,8.694999694824219,8.529999732971191,6.479922294616699,174800
2016-06-23,8.765000343322754,8.829999923706055,8.694999694824219,6.703893661499023,68800
2016-06-24,8.125,8.234999656677246,7.885000228881836,5.997819423675537,170600
2016-06-27,7.849999904632568,7.869999885559082,7.75,5.963655471801758,187800
2016-06-28,8.029999732971191,8.039999961853027,7.925000190734863,6.08513069152832,142000
2016-06-29,8.21500015258789,8.274999618530273,8.21500015258789,6.263545513153076,108200
2016-06-30,8.21500015258789,8.354999542236328,8.210000038146973,6.324283123016357,140800
2016-07-01,8.359999656677246,8.385000228881836,8.3149995803833,6.324283123016357,46000
2016-07-05,8.3149995803833,8.3149995803833,8.199999809265137,6.236973762512207,228200
2016-07-06,8.130000114440918,8.220000267028809,8.09000015258789,6.240768909454346,65800
2016-07-07,8.140000343322754,8.170000076293945,8.069999694824219,6.149662971496582,50000
2016-07-08,8.225000381469727,8.229999542236328,8.194999694824219,6.233177185058594,51400
2016-07-11,8.3100004196167,8.390000343322754,8.300000190734863,6.343263626098633,51400
2016-07-12,8.574999809265137,8.579999923706055,8.505000114440918,6.457146644592285,83000
2016-07-13,8.545000076293945,8.604999542236328,8.545000076293945,6.495107173919678,65800
2016-07-14,8.614999771118164,8.625,8.515000343322754,6.476126670837402,263800
2016-07-15,8.479999542236328,8.494999885559082,8.425000190734863,6.445756912231445,147600
2016-07-18,8.460000038146973,8.520000457763672,8.4399995803833,6.434370040893555,64600
2016-07-19,8.449999809265137,8.454999923706055,8.390000343322754,6.385020732879639,48800
2016-07-20,8.484999656677246,8.510000228881836,8.484999656677246,6.449555397033691,28200
2016-07-21,8.4350004196167,8.460000038146973,8.390000343322754,6.388817310333252,55800
2016-07-22,8.46500015258789,8.510000228881836,8.4399995803833,6.415389060974121,41000
2016-07-25,8.484999656677246,8.494999885559082,8.430000305175781,6.445756912231445,190200
2016-07-26,8.470000267028809,8.510000228881836,8.4350004196167,6.4229817390441895,104800
2016-07-27,8.550000190734863,8.550000190734863,8.4350004196167,6.45335054397583,111200
2016-07-28,8.489999771118164,8.53499984741211,8.475000381469727,6.472329616546631,88400
2016-07-29,8.555000305175781,8.645000457763672,8.555000305175781,6.555844783782959,32600
2016-08-01,8.670000076293945,8.710000038146973,8.635000228881836,6.597599983215332,552400
2016-08-02,8.609999656677246,8.625,8.53499984741211,6.52168083190918,177400
2016-08-03,8.5,8.510000228881836,8.460000038146973,6.45335054397583,355800
2016-08-04,8.574999809265137,8.649999618530273,8.550000190734863,6.567233085632324,93600
2016-08-05,8.770000457763672,8.850000381469727,8.770000457763672,6.711484432220459,43800
2016-08-08,8.78499984741211,8.789999961853027,8.710000038146973,6.646949291229248,71000
2016-08-09,8.8100004196167,8.899999618530273,8.8100004196167,6.734261512756348,36600
2016-08-10,8.890000343322754,8.899999618530273,8.864999771118164,6.7456488609313965,21800
2016-08-11,8.875,8.914999961853027,8.845000267028809,6.715281009674072,241200
2016-08-12,8.895000457763672,8.914999961853027,8.875,6.7456488609313965,95000
2016-08-15,8.904999732971191,8.949999809265137,8.899999618530273,6.779813766479492,630000
2016-08-16,8.835000038146973,8.835000038146973,8.760000228881836,6.677318572998047,85200
2016-08-17,8.729999542236328,8.760000228881836,8.670000076293945,6.650748252868652,37200
2016-08-18,8.824999809265137,8.899999618530273,8.805000305175781,6.75703763961792,43400
2016-08-19,8.805000305175781,8.890000343322754,8.760000228881836,6.74944543838501,39800
2016-08-22,8.770000457763672,8.829999923706055,8.765000343322754,6.703893661499023,44800
2016-08-23,9.029999732971191,9.03499984741211,8.989999771118164,6.825366973876953,44400
2016-08-24,8.944999694824219,9.03499984741211,8.930000305175781,6.806386947631836,45600
2016-08-25,8.954999923706055,8.975000381469727,8.899999618530273,6.75703763961792,87000
2016-08-26,8.920000076293945,9.010000228881836,8.779999732971191,6.6962995529174805,113000
2016-08-29,8.835000038146973,8.875,8.789999961853027,6.726667404174805,50400
2016-08-30,8.880000114440918,8.904999732971191,8.850000381469727,6.726667404174805,26600
2016-08-31,8.864999771118164,8.875,8.835000038146973,6.734261512756348,243600
2016-09-01,8.914999961853027,8.930000305175781,8.859999656677246,6.779813766479492,32400
2016-09-02,9.005000114440918,9.045000076293945,8.975000381469727,6.859532356262207,58800
2016-09-06,9.09000015258789,9.09000015258789,9.029999732971191,6.886105060577393,27000
2016-09-07,9.199999809265137,9.295000076293945,9.1899995803833,7.049336910247803,44200
2016-09-08,9.255000114440918,9.28499984741211,9.170000076293945,6.984802722930908,727400
2016-09-09,9.039999961853027,9.039999961853027,8.975000381469727,6.817774295806885,36800
2016-09-12,8.925000190734863,9.069999694824219,8.925000190734863,6.882309436798096,45200
2016-09-13,8.960000038146973,8.960000038146973,8.829999923706055,6.74944543838501,33800
2016-09-14,8.9399995803833,8.975000381469727,8.90999984741211,6.77222204208374,40000
2016-09-15,8.920000076293945,8.989999771118164,8.920000076293945,6.817774295806885,40000
2016-09-16,8.869999885559082,8.880000114440918,8.805000305175781,6.722872257232666,46400
2016-09-19,8.989999771118164,9.045000076293945,8.984999656677246,6.8443474769592285,38000
2016-09-20,9.050000190734863,9.149999618530273,9.050000190734863,6.912675380706787,207400
2016-09-21,9.005000114440918,9.095000267028809,8.925000190734863,6.905085563659668,481800
2016-09-22,9.335000038146973,9.380000114440918,9.329999923706055,7.0872979164123535,95400
2016-09-23,9.244999885559082,9.265000343322754,9.225000381469727,7.034152984619141,76600
2016-09-26,9.229999542236328,9.25,9.204999923706055,6.996191501617432,66800
2016-09-27,9.164999961853027,9.274999618530273,9.164999961853027,7.018968105316162,80800
2016-09-28,9.265000343322754,9.295000076293945,9.21500015258789,7.0531325340271,95800
2016-09-29,9.265000343322754,9.300000190734863,9.145000457763672,7.015171527862549,34400
2016-09-30,9.194999694824219,9.295000076293945,9.180000305175781,7.003783226013184,95200
2016-10-03,9.140000343322754,9.194999694824219,9.125,6.981005668640137,264600
2016-10-04,9.204999923706055,9.239999771118164,9.135000228881836,6.939249038696289,88200
2016-10-05,9.225000381469727,9.229999542236328,9.1899995803833,6.988598346710205,162000
2016-10-06,9.164999961853027,9.175000190734863,9.135000228881836,6.943045616149902,81400
2016-10-07,9.015000343322754,9.015000343322754,8.930000305175781,6.825366973876953,127600
2016-10-10,9.095000267028809,9.135000228881836,9.0649995803833,6.916473388671875,22600
2016-10-11,9.050000190734863,9.050000190734863,8.899999618530273,6.760834217071533,114000
2016-10-12,8.84000015258789,8.885000228881836,8.84000015258789,6.734261512756348,29800
2016-10-13,8.819999694824219,8.850000381469727,8.805000305175781,6.719076633453369,216200
2016-10-14,8.925000190734863,8.954999923706055,8.859999656677246,6.7456488609313965,133600
2016-10-17,8.850000381469727,8.869999885559082,8.800000190734863,6.681114673614502,55000
2016-10-18,8.859999656677246,8.890000343322754,8.829999923706055,6.730464458465576,39200
2016-10-19,8.864999771118164,8.920000076293945,8.864999771118164,6.77222204208374,26200
2016-10-20,8.949999809265137,9,8.944999694824219,6.825366973876953,19200
2016-10-21,8.979999542236328,9.045000076293945,8.970000267028809,6.859532356262207,47800
2016-10-24,8.989999771118164,8.989999771118164,8.930000305175781,6.798794746398926,41600
2016-10-25,8.875,8.890000343322754,8.84000015258789,6.715281009674072,84800
2016-10-26,8.920000076293945,8.9399995803833,8.880000114440918,6.753242015838623,123400
2016-10-27,8.880000114440918,8.890000343322754,8.835000038146973,6.707687854766846,121800
2016-10-28,8.664999961853027,8.805000305175781,8.630000114440918,6.680476188659668,74200
2016-10-31,8.704999923706055,8.739999771118164,8.6899995803833,6.688141822814941,30400
2016-11-01,8.760000228881836,8.760000228881836,8.680000305175781,6.688141822814941,33800
2016-11-02,8.725000381469727,8.734999656677246,8.654999732971191,6.634481906890869,344200
2016-11-03,8.640000343322754,8.654999732971191,8.619999885559082,6.615319728851318,58800
2016-11-04,8.524999618530273,8.71500015258789,8.510000228881836,6.534830093383789,37000
2016-11-07,8.625,8.625,8.555000305175781,6.592323303222656,54400
2016-11-08,8.625,8.625,8.579999923706055,6.599987506866455,39800
2016-11-09,8.4399995803833,8.529999732971191,8.414999961853027,6.519500732421875,194800
2016-11-10,8.375,8.375,8.260000228881836,6.331696033477783,125200
2016-11-11,8.300000190734863,8.300000190734863,8.229999542236328,6.339361667633057,59800
2016-11-14,8.234999656677246,8.28499984741211,8.234999656677246,6.339361667633057,46800
2016-11-15,8.390000343322754,8.444999694824219,8.335000038146973,6.423683166503906,208800
2016-11-16,8.239999771118164,8.300000190734863,8.229999542236328,6.343194961547852,72800
2016-11-17,8.350000381469727,8.380000114440918,8.3149995803833,6.393019199371338,142400
2016-11-18,8.279999732971191,8.345000267028809,8.255000114440918,6.358524322509766,23000
2016-11-21,8.34000015258789,8.40999984741211,8.305000305175781,6.4006853103637695,83800
2016-11-22,8.300000190734863,8.354999542236328,8.295000076293945,6.396853446960449,52200
2016-11-23,8.229999542236328,8.244999885559082,8.1850004196167,6.281869888305664,326000
2016-11-25,8.505000114440918,8.585000038146973,8.5,6.576991558074951,41000
2016-11-28,8.484999656677246,8.515000343322754,8.475000381469727,6.5233330726623535,151600
2016-11-29,8.539999961853027,8.619999885559082,8.520000457763672,6.580824851989746,101400
2016-11-30,8.53499984741211,8.53499984741211,8.479999542236328,6.530999183654785,119400
2016-12-01,8.475000381469727,8.479999542236328,8.390000343322754,6.469674110412598,61800
2016-12-02,8.414999961853027,8.449999809265137,8.380000114440918,6.446678161621094,133200
2016-12-05,8.555000305175781,8.625,8.53499984741211,6.584657192230225,33400
2016-12-06,8.625,8.670000076293945,8.609999656677246,6.607653617858887,243400
2016-12-07,8.600000381469727,8.720000267028809,8.600000381469727,6.668976306915283,84600
2016-12-08,8.524999618530273,8.524999618530273,8.430000305175781,6.4658427238464355,99400
2016-12-09,8.510000228881836,8.539999961853027,8.475000381469727,6.515667915344238,86600
2016-12-12,8.475000381469727,8.529999732971191,8.475000381469727,6.5386643409729,54000
2016-12-13,8.649999618530273,8.774999618530273,8.649999618530273,6.718801975250244,60400
2016-12-14,8.510000228881836,8.550000190734863,8.369999885559082,6.427513599395752,122600
2016-12-15,8.3100004196167,8.329999923706055,8.279999732971191,6.3661909103393555,126400
2016-12-16,8.319999694824219,8.470000267028809,8.3100004196167,6.454344272613525,217200
2016-12-19,8.305000305175781,8.395000457763672,8.295000076293945,6.358524322509766,64800
2016-12-20,8.28499984741211,8.354999542236328,8.28499984741211,6.381522178649902,62400
2016-12-21,8.305000305175781,8.345000267028809,8.295000076293945,6.389186859130859,76400
2016-12-22,8.369999885559082,8.390000343322754,8.354999542236328,6.404518127441406,82000
2016-12-23,8.359999656677246,8.390000343322754,8.354999542236328,6.423683166503906,95600
2016-12-27,8.369999885559082,8.425000190734863,8.369999885559082,6.446678161621094,62600
2016-12-28,8.375,8.390000343322754,8.350000381469727,6.4313483238220215,129600
2016-12-29,8.425000190734863,8.460000038146973,8.420000076293945,6.4850053787231445,50800
2016-12-30,8.484999656677246,8.529999732971191,8.479999542236328,6.504169464111328,82600
2017-01-03,8.34000015258789,8.430000305175781,8.324999809265137,6.458176612854004,175800
2017-01-04,8.369999885559082,8.380000114440918,8.335000038146973,6.416017055511475,47000
2017-01-05,8.279999732971191,8.345000267028809,8.270000457763672,6.396853446960449,1282800
2017-01-06,8.3149995803833,8.375,8.3149995803833,6.385354042053223,876600
2017-01-09,8.359999656677246,8.425000190734863,8.350000381469727,6.442845344543457,803600
2017-01-10,8.329999923706055,8.375,8.3149995803833,6.404518127441406,823800
2017-01-11,8.229999542236328,8.295000076293945,8.1899995803833,6.343194961547852,776600
2017-01-12,8.395000457763672,8.454999923706055,8.385000228881836,6.446678161621094,276600
2017-01-13,8.470000267028809,8.479999542236328,8.4350004196167,6.4850053787231445,44400
2017-01-17,8.380000114440918,8.425000190734863,8.375,6.446678161621094,79000
2017-01-18,8.364999771118164,8.380000114440918,8.319999694824219,6.377687454223633,92000
2017-01-19,8.300000190734863,8.300000190734863,8.25,6.343194961547852,49000
2017-01-20,8.295000076293945,8.300000190734863,8.234999656677246,6.312532424926758,188000
2017-01-23,8.3100004196167,8.345000267028809,8.28499984741211,6.373856067657471,447200
2017-01-24,8.279999732971191,8.329999923706055,8.279999732971191,6.35085916519165,348400
2017-01-25,8.345000267028809,8.354999542236328,8.300000190734863,6.4006853103637695,323000
2017-01-26,8.255000114440918,8.279999732971191,8.194999694824219,6.297201156616211,1098200
2017-01-27,8.204999923706055,8.244999885559082,8.204999923706055,6.312532424926758,76800
2017-01-30,8.149999618530273,8.21500015258789,8.135000228881836,6.297201156616211,173800
2017-01-31,8.265000343322754,8.289999961853027,8.204999923706055,6.339361667633057,182600
2017-02-01,8.234999656677246,8.234999656677246,8.135000228881836,6.285702705383301,68600
2017-02-02,8.239999771118164,8.260000228881836,8.1850004196167,6.289535999298096,289000
2017-02-03,8.244999885559082,8.274999618530273,8.234999656677246,6.339361667633057,119800
2017-02-06,8.1899995803833,8.199999809265137,8.154999732971191,6.255041122436523,48800
2017-02-07,8.274999618530273,8.295000076293945,8.229999542236328,6.320197105407715,59600
2017-02-08,8.25,8.260000228881836,8.229999542236328,6.320197105407715,82800
2017-02-09,8.270000457763672,8.3100004196167,8.265000343322754,6.358524322509766,34800
2017-02-10,8.225000381469727,8.289999961853027,8.220000267028809,6.35085916519165,254200
2017-02-13,8.295000076293945,8.3100004196167,8.260000228881836,6.35085916519165,209200
2017-02-14,8.274999618530273,8.28499984741211,8.225000381469727,6.335528373718262,53400
2017-02-15,8.220000267028809,8.300000190734863,8.210000038146973,6.354691982269287,66600
2017-02-16,8.274999618530273,8.300000190734863,8.25,6.358524322509766,68600
2017-02-17,8.229999542236328,8.239999771118164,8.194999694824219,6.297201156616211,80200
2017-02-21,8.140000343322754,8.175000190734863,8.130000114440918,6.255041122436523,91600
2017-02-22,8.085000038146973,8.095000267028809,8.03499984741211,6.201381683349609,48000
2017-02-23,8.074999809265137,8.114999771118164,8.029999732971191,6.159221649169922,136600
2017-02-24,7.945000171661377,8,7.934999942779541,6.1285600662231445,74800
2017-02-27,7.945000171661377,7.954999923706055,7.894999980926514,6.059570789337158,104000
2017-02-28,8.029999732971191,8.0600004196167,7.980000019073486,6.132392406463623,467600
2017-03-01,8.114999771118164,8.170000076293945,8.104999542236328,6.2435431480407715,218000
2017-03-02,8.0649995803833,8.069999694824219,8,6.151556491851807,101600
2017-03-03,8.085000038146973,8.104999542236328,8.03499984741211,6.209047794342041,50200
2017-03-06,8.09000015258789,8.109999656677246,8.069999694824219,6.201381683349609,56600
2017-03-07,8.03499984741211,8.0649995803833,8.015000343322754,6.155389308929443,127200
2017-03-08,8.180000305175781,8.1899995803833,8.095000267028809,6.205216407775879,129800
2017-03-09,8.319999694824219,8.354999542236328,8.295000076293945,6.4006853103637695,245000
2017-03-10,8.319999694824219,8.399999618530273,8.3149995803833,6.427513599395752,58200
2017-03-13,8.319999694824219,8.345000267028809,8.319999694824219,6.385354042053223,50800
2017-03-14,8.305000305175781,8.359999656677246,8.295000076293945,6.396853446960449,341400
2017-03-15,8.28499984741211,8.380000114440918,8.279999732971191,6.419848442077637,1813800
2017-03-16,8.430000305175781,8.510000228881836,8.399999618530273,6.519500732421875,90600
2017-03-17,8.520000457763672,8.569999694824219,8.475000381469727,6.546329498291016,1005000
2017-03-20,8.59000015258789,8.604999542236328,8.569999694824219,6.592323303222656,41800
2017-03-21,8.71500015258789,8.71500015258789,8.59000015258789,6.607653617858887,38800
2017-03-22,8.574999809265137,8.609999656677246,8.574999809265137,6.596154689788818,52800
2017-03-23,8.640000343322754,8.75,8.625,6.688141822814941,157800
2017-03-24,8.760000228881836,8.760000228881836,8.699999809265137,6.680476188659668,60200
2017-03-27,8.8100004196167,8.850000381469727,8.789999961853027,6.783960342407227,32200
2017-03-28,8.774999618530273,8.829999923706055,8.770000457763672,6.749466419219971,65400
2017-03-29,8.729999542236328,8.789999961853027,8.729999542236328,6.718801975250244,99000
2017-03-30,8.75,8.75,8.6850004196167,6.6651458740234375,325400
2017-03-31,8.704999923706055,8.819999694824219,8.6899995803833,6.737967491149902,203600
2017-04-03,8.75,8.760000228881836,8.704999923706055,6.70347261428833,148000
2017-04-04,8.75,8.819999694824219,8.739999771118164,6.760962963104248,175800
2017-04-05,8.75,8.989999771118164,8.734999656677246,6.80312442779541,342200
2017-04-06,8.960000038146973,8.970000267028809,8.925000190734863,6.849116325378418,105400
2017-04-07,8.954999923706055,8.989999771118164,8.954999923706055,6.875945568084717,30400
2017-04-10,8.9399995803833,8.989999771118164,8.9399995803833,6.875945568084717,46000
2017-04-11,8.984999656677246,9.024999618530273,8.960000038146973,6.906609535217285,86200
2017-04-12,9.005000114440918,9.020000457763672,8.975000381469727,6.914272785186768,59400
2017-04-13,9.045000076293945,9.130000114440918,9.045000076293945,6.960265159606934,39800
2017-04-17,9.140000343322754,9.1850004196167,9.109999656677246,7.040754795074463,87400
2017-04-18,9.09000015258789,9.170000076293945,9.074999809265137,7.010093688964844,122600
2017-04-19,9.180000305175781,9.21500015258789,9.135000228881836,7.006258487701416,155600
2017-04-20,9.210000038146973,9.210000038146973,9.154999732971191,7.025423049926758,93000
2017-04-21,9.114999771118164,9.15999984741211,9.104999542236328,7.010093688964844,36400
2017-04-24,9.470000267028809,9.524999618530273,9.470000267028809,7.28604793548584,78600
2017-04-25,9.545000076293945,9.609999656677246,9.515000343322754,7.362704277038574,83000
2017-04-26,9.4399995803833,9.449999809265137,9.395000457763672,7.294594764709473,50000
2017-04-27,9.484999656677246,9.484999656677246,9.395000457763672,7.321683883666992,200600
2017-04-28,9.555000305175781,9.595000267028809,9.529999732971191,7.4261698722839355,328000
2017-05-01,9.595000267028809,9.595000267028809,9.529999732971191,7.422298908233643,250400
2017-05-02,9.595000267028809,9.65999984741211,9.59000015258789,7.457129001617432,237400
2017-05-03,9.739999771118164,9.78499984741211,9.670000076293945,7.546133041381836,1490400
2017-05-04,9.829999923706055,9.96500015258789,9.829999923706055,7.712534427642822,1169400
2017-05-05,9.975000381469727,10.0649995803833,9.9350004196167,7.770582675933838,121600
2017-05-08,9.885000228881836,9.90999984741211,9.819999694824219,7.623529434204102,146400
2017-05-09,9.899999618530273,9.960000038146973,9.875,7.685446739196777,50200
2017-05-10,9.954999923706055,9.954999923706055,9.795000076293945,7.693186283111572,36800
2017-05-11,9.779999732971191,9.800000190734863,9.729999542236328,7.553874492645264,64600
2017-05-12,9.859999656677246,9.994999885559082,9.850000381469727,7.712534427642822,84600
2017-05-15,9.9399995803833,9.994999885559082,9.9399995803833,7.716406345367432,60600
2017-05-16,10.085000038146973,10.145000457763672,10.074999809265137,7.847979545593262,53200
2017-05-17,10.0600004196167,10.074999809265137,9.960000038146973,7.712534427642822,138600
2017-05-18,10.010000228881836,10.010000228881836,9.84000015258789,7.700926303863525,1169000
2017-05-19,10.0649995803833,10.095000267028809,10.03499984741211,7.789930820465088,52400
2017-05-22,10.1899995803833,10.255000114440918,10.1899995803833,7.917635917663574,108800
2017-05-23,10.289999961853027,10.289999961853027,10.104999542236328,7.828629016876221,112000
2017-05-24,10.100000381469727,10.125,10.074999809265137,7.836369514465332,144800
2017-05-25,10.180000305175781,10.180000305175781,10.055000305175781,7.801540374755859,120800
2017-05-26,10.0649995803833,10.114999771118164,10.045000076293945,7.828629016876221,130800
2017-05-30,10.135000228881836,10.175000190734863,10.119999885559082,7.8711981773376465,88400
2017-05-31,10.21500015258789,10.274999618530273,10.210000038146973,7.936984062194824,297800
2017-06-01,10.194999694824219,10.239999771118164,10.175000190734863,7.925375938415527,53600
2017-06-02,10.350000381469727,10.399999618530273,10.345000267028809,8.037601470947266,353000
2017-06-05,10.364999771118164,10.369999885559082,10.3149995803833,7.9911627769470215,142000
2017-06-06,10.319999694824219,10.369999885559082,10.305000305175781,8.00663948059082,106200
2017-06-07,10.255000114440918,10.270000457763672,10.170000076293945,7.921506404876709,118200
2017-06-08,10.1899995803833,10.255000114440918,10.164999961853027,7.936984062194824,164000
2017-06-09,10.1899995803833,10.204999923706055,10.164999961853027,7.867325782775879,238600
2017-06-12,10.114999771118164,10.114999771118164,10.020000457763672,7.786062717437744,263600
2017-06-13,10.069999694824219,10.09000015258789,10.0649995803833,7.80927848815918,177800
2017-06-14,10.015000343322754,10.015000343322754,9.854999542236328,7.669966220855713,74200
2017-06-15,9.680000305175781,9.779999732971191,9.680000305175781,7.538393974304199,149400
2017-06-16,9.829999923706055,9.899999618530273,9.805000305175781,7.658360004425049,569200
2017-06-19,9.954999923706055,9.960000038146973,9.899999618530273,7.673836708068848,467400
2017-06-20,9.904999732971191,9.904999732971191,9.770000457763672,7.580962657928467,147200
2017-06-21,9.71500015258789,9.770000457763672,9.71500015258789,7.5616135597229,56800
2017-06-22,9.795000076293945,9.829999923706055,9.739999771118164,7.580962657928467,46800
2017-06-23,9.739999771118164,9.78499984741211,9.71500015258789,7.546133041381836,209200
2017-06-26,9.850000381469727,9.854999542236328,9.765000343322754,7.565482139587402,80400
2017-06-27,9.8100004196167,9.875,9.805000305175781,7.61191987991333,120600
2017-06-28,9.859999656677246,9.864999771118164,9.805000305175781,7.635138034820557,82600
2017-06-29,9.765000343322754,9.765000343322754,9.619999885559082,7.499695301055908,131400
2017-06-30,9.774999618530273,9.774999618530273,9.550000190734863,7.4493889808654785,1642200
2017-07-03,9.645000457763672,9.664999961853027,9.600000381469727,7.441646575927734,55200
2017-07-05,9.614999771118164,9.654999732971191,9.579999923706055,7.468738079071045,261200
2017-07-06,9.5600004196167,9.614999771118164,9.5,7.40294885635376,180000
2017-07-07,9.569999694824219,9.625,9.524999618530273,7.4493889808654785,154600
2017-07-10,9.619999885559082,9.670000076293945,9.595000267028809,7.476477146148682,132800
2017-07-11,9.5649995803833,9.614999771118164,9.5,7.437778472900391,36600
2017-07-12,9.649999618530273,9.675000190734863,9.600000381469727,7.480347156524658,321000
2017-07-13,9.699999809265137,9.729999542236328,9.664999961853027,7.53065299987793,50000
2017-07-14,9.800000190734863,9.84000015258789,9.734999656677246,7.615789413452148,32600
2017-07-17,9.835000038146973,9.920000076293945,9.835000038146973,7.654489040374756,365600
2017-07-18,9.805000305175781,9.8100004196167,9.734999656677246,7.534524917602539,107200
2017-07-19,9.795000076293945,9.880000114440918,9.795000076293945,7.6312689781188965,117400
2017-07-20,9.914999961853027,9.949999809265137,9.885000228881836,7.662227153778076,91600
2017-07-21,9.8100004196167,9.824999809265137,9.71500015258789,7.584832191467285,222600
2017-07-24,9.805000305175781,9.8149995803833,9.765000343322754,7.596439838409424,43600
2017-07-25,9.835000038146973,9.84000015258789,9.720000267028809,7.534524917602539,37200
2017-07-26,9.765000343322754,9.850000381469727,9.75,7.604179859161377,552000
2017-07-27,9.8100004196167,9.835000038146973,9.760000228881836,7.573222637176514,222000
2017-07-28,9.78499984741211,9.854999542236328,9.779999732971191,7.596439838409424,76600
2017-07-31,9.875,9.9350004196167,9.854999542236328,7.689317226409912,140400
2017-08-01,9.970000267028809,10.010000228881836,9.949999809265137,7.735755443572998,85400
2017-08-02,10,10.015000343322754,9.944999694824219,7.716406345367432,226600
2017-08-03,9.944999694824219,10.015000343322754,9.944999694824219,7.720274448394775,110800
2017-08-04,9.994999885559082,10.015000343322754,9.954999923706055,7.747365474700928,164000
2017-08-07,9.954999923706055,10.015000343322754,9.9399995803833,7.743494033813477,172600
2017-08-08,10.050000190734863,10.114999771118164,10.015000343322754,7.778323173522949,90000
2017-08-09,9.925000190734863,10.020000457763672,9.90999984741211,7.755103588104248,47400
2017-08-10,9.899999618530273,9.899999618530273,9.8100004196167,7.615789413452148,56000
2017-08-11,9.779999732971191,9.8100004196167,9.71500015258789,7.584832191467285,89800
2017-08-14,9.835000038146973,9.885000228881836,9.819999694824219,7.615789413452148,63000
2017-08-15,9.845000267028809,9.880000114440918,9.800000190734863,7.64287805557251,53200
2017-08-16,9.864999771118164,9.925000190734863,9.845000267028809,7.662227153778076,93800
2017-08-17,9.880000114440918,9.90999984741211,9.824999809265137,7.604179859161377,111600
2017-08-18,9.8100004196167,9.845000267028809,9.765000343322754,7.604179859161377,47800
2017-08-21,9.9350004196167,9.9350004196167,9.850000381469727,7.666098117828369,75800
2017-08-22,9.84000015258789,9.930000305175781,9.84000015258789,7.662227153778076,87400
2017-08-23,9.824999809265137,9.885000228881836,9.8100004196167,7.646748065948486,148800
2017-08-24,9.914999961853027,9.914999961853027,9.864999771118164,7.646748065948486,53800
2017-08-25,9.864999771118164,9.970000267028809,9.864999771118164,7.708664894104004,36800
2017-08-28,9.899999618530273,9.904999732971191,9.850000381469727,7.646748065948486,182800
2017-08-29,9.899999618530273,10.010000228881836,9.899999618530273,7.720274448394775,72200
2017-08-30,9.904999732971191,9.914999961853027,9.824999809265137,7.623529434204102,67400
2017-08-31,9.635000228881836,9.640000343322754,9.46500015258789,7.375862121582031,127400
2017-09-01,9.475000381469727,9.479999542236328,9.444999694824219,7.3294243812561035,479000
2017-09-05,9.25,9.300000190734863,9.204999923706055,7.182372093200684,1531400
2017-09-06,9.279999732971191,9.335000038146973,9.274999618530273,7.217199325561523,799400
2017-09-07,9.359999656677246,9.385000228881836,9.3100004196167,7.248157978057861,1116800
2017-09-08,9.295000076293945,9.305000305175781,9.234999656677246,7.166891574859619,483600
2017-09-11,9.414999961853027,9.4350004196167,9.399999618530273,7.290726661682129,208000
2017-09-12,9.545000076293945,9.604999542236328,9.545000076293945,7.422298908233643,48200
2017-09-13,9.59000015258789,9.630000114440918,9.5649995803833,7.422298908233643,183000
2017-09-14,9.550000190734863,9.649999618530273,9.550000190734863,7.468738079071045,105400
2017-09-15,9.760000228881836,9.774999618530273,9.720000267028809,7.565482139587402,57600
2017-09-18,9.765000343322754,9.795000076293945,9.699999809265137,7.538393974304199,37400
2017-09-19,9.770000457763672,9.8100004196167,9.765000343322754,7.5887017250061035,77000
2017-09-20,9.699999809265137,9.729999542236328,9.614999771118164,7.499695301055908,156200
2017-09-21,9.53499984741211,9.569999694824219,9.479999542236328,7.406820297241211,53400
2017-09-22,9.569999694824219,9.59000015258789,9.515000343322754,7.375862121582031,70000
2017-09-25,9.395000457763672,9.395000457763672,9.305000305175781,7.217199325561523,91400
2017-09-26,9.295000076293945,9.295000076293945,9.220000267028809,7.170762538909912,620600
2017-09-27,9.225000381469727,9.305000305175781,9.225000381469727,7.18624210357666,89400
2017-09-28,9.319999694824219,9.364999771118164,9.319999694824219,7.236548900604248,93600
2017-09-29,9.359999656677246,9.460000038146973,9.354999542236328,7.310076713562012,48600
2017-10-02,9.234999656677246,9.255000114440918,9.175000190734863,7.132064342498779,1767200
2017-10-03,9.199999809265137,9.229999542236328,9.1850004196167,7.112715244293213,1918800
2017-10-04,9.074999809265137,9.074999809265137,8.970000267028809,6.969531059265137,1745600
2017-10-05,9.09000015258789,9.149999618530273,9.085000038146973,7.0662760734558105,4278200
2017-10-06,9.03499984741211,9.0649995803833,9.015000343322754,6.992749214172363,1544800
2017-10-09,9.15999984741211,9.175000190734863,9.130000114440918,7.0894951820373535,1739800
2017-10-10,9.09000015258789,9.265000343322754,9.079999923706055,7.1514129638671875,1156200
2017-10-11,9.279999732971191,9.319999694824219,9.270000457763672,7.213329792022705,2528800
2017-10-12,9.28499984741211,9.300000190734863,9.265000343322754,7.182372093200684,718000
2017-10-13,9.204999923706055,9.274999618530273,9.194999694824219,7.132064342498779,802600
2017-10-16,9.175000190734863,9.199999809265137,9.140000343322754,7.074018955230713,381800
2017-10-17,9.21500015258789,9.324999809265137,9.194999694824219,7.174631595611572,541200
2017-10-18,9.21500015258789,9.25,9.1850004196167,7.128193378448486,66200
2017-10-19,9.175000190734863,9.210000038146973,9.145000457763672,7.0894951820373535,43800
2017-10-20,9.104999542236328,9.149999618530273,9.100000381469727,7.062407493591309,197600
2017-10-23,9.100000381469727,9.114999771118164,9.045000076293945,7.035318851470947,67400
2017-10-24,9.104999542236328,9.140000343322754,9.0649995803833,7.050796031951904,116800
2017-10-25,9.0649995803833,9.104999542236328,9.010000228881836,7.027579307556152,54000
2017-10-26,9.21500015258789,9.260000228881836,9.135000228881836,7.124323844909668,97600
2017-10-27,9.0649995803833,9.149999618530273,9.050000190734863,7.035318851470947,82200
2017-10-30,9.3149995803833,9.430000305175781,9.3149995803833,7.282985687255859,85600
2017-10-31,9.345000267028809,9.399999618530273,9.3100004196167,7.349875450134277,111600
2017-11-01,9.210000038146973,9.21500015258789,9.119999885559082,7.154295921325684,125600
2017-11-02,9.114999771118164,9.130000114440918,9.045000076293945,7.111268520355225,1200000
2017-11-03,9.100000381469727,9.100000381469727,9,7.068239688873291,92000
2017-11-06,8.895000457763672,9,8.895000457763672,7.0369462966918945,601000
2017-11-07,8.744999885559082,8.744999885559082,8.619999885559082,6.778781890869141,234000
2017-11-08,8.720000267028809,8.770000457763672,8.680000305175781,6.849192142486572,91800
2017-11-09,8.619999885559082,8.680000305175781,8.604999542236328,6.7905168533325195,83000
2017-11-10,8.635000228881836,8.65999984741211,8.600000381469727,6.77095890045166,49200
2017-11-13,8.505000114440918,8.579999923706055,8.5,6.708373546600342,53400
2017-11-14,8.654999732971191,8.6850004196167,8.614999771118164,6.778781890869141,122800
2017-11-15,8.600000381469727,8.649999618530273,8.585000038146973,6.727932929992676,105000
2017-11-16,8.789999961853027,8.789999961853027,8.729999542236328,6.853102684020996,68200
2017-11-17,8.670000076293945,8.6899995803833,8.604999542236328,6.755312919616699,2958400
2017-11-20,8.645000457763672,8.6899995803833,8.630000114440918,6.786606788635254,88400
2017-11-21,8.595000267028809,8.640000343322754,8.59000015258789,6.747491836547852,892000
2017-11-22,8.699999809265137,8.720000267028809,8.619999885559082,6.786606788635254,1358200
2017-11-24,8.770000457763672,8.819999694824219,8.760000228881836,6.892219066619873,35400
2017-11-27,8.824999809265137,8.845000267028809,8.75,6.868749618530273,653400
2017-11-28,8.779999732971191,8.84000015258789,8.755000114440918,6.896130084991455,678200
2017-11-29,8.819999694824219,8.859999656677246,8.779999732971191,6.884395599365234,96000
2017-11-30,8.859999656677246,8.890000343322754,8.819999694824219,6.927423000335693,234400
2017-12-01,8.8149995803833,8.84000015258789,8.739999771118164,6.884395599365234,117000
2017-12-04,9.024999618530273,9.055000305175781,9.010000228881836,7.060416221618652,108000
2017-12-05,9.020000457763672,9.024999618530273,8.914999961853027,6.986095905303955,196800
2017-12-06,8.954999923706055,9.03499984741211,8.949999809265137,7.025212287902832,97400
2017-12-07,9.039999961853027,9.119999885559082,9.039999961853027,7.111268520355225,189200
2017-12-08,9.109999656677246,9.154999732971191,9.104999542236328,7.142560005187988,138200
2017-12-11,9.154999732971191,9.204999923706055,9.149999618530273,7.181677341461182,73600
2017-12-12,8.970000267028809,9.024999618530273,8.954999923706055,7.033036231994629,51200
2017-12-13,9.234999656677246,9.279999732971191,9.164999961853027,7.220791816711426,72000
2017-12-14,9.0649995803833,9.079999923706055,8.984999656677246,7.079976558685303,563600
2017-12-15,8.8149995803833,8.859999656677246,8.774999618530273,6.911776065826416,889200
2017-12-18,8.829999923706055,8.90999984741211,8.8149995803833,6.923511028289795,206400
2017-12-19,8.84000015258789,8.859999656677246,8.789999961853027,6.903953552246094,91000
2017-12-20,8.789999961853027,8.8149995803833,8.75,6.853102684020996,133000
2017-12-21,8.869999885559082,8.944999694824219,8.850000381469727,6.946981430053711,120400
2017-12-22,8.779999732971191,8.8100004196167,8.739999771118164,6.880484104156494,72400
2017-12-26,8.739999771118164,8.819999694824219,8.734999656677246,6.900041580200195,84800
2017-12-27,8.774999618530273,8.819999694824219,8.774999618530273,6.884395599365234,124400
2017-12-28,8.739999771118164,8.739999771118164,8.6899995803833,6.825722694396973,139600
2017-12-29,8.75,8.760000228881836,8.6899995803833,6.813986301422119,104000
2018-01-02,8.694999694824219,8.734999656677246,8.694999694824219,6.83354377746582,79600
2018-01-03,8.6850004196167,8.71500015258789,8.630000114440918,6.806164264678955,153200
2018-01-04,8.789999961853027,8.800000190734863,8.739999771118164,6.864838123321533,268800
2018-01-05,8.890000343322754,8.9399995803833,8.869999885559082,6.99000883102417,77200
2018-01-08,8.864999771118164,8.880000114440918,8.829999923706055,6.927423000335693,149000
2018-01-09,8.850000381469727,8.864999771118164,8.8149995803833,6.923511028289795,122800
2018-01-10,8.71500015258789,8.720000267028809,8.625,6.77095890045166,225600
2018-01-11,8.645000457763672,8.654999732971191,8.600000381469727,6.747491836547852,123000
2018-01-12,8.739999771118164,8.765000343322754,8.6899995803833,6.853102684020996,390200
2018-01-16,8.819999694824219,8.829999923706055,8.75,6.8570146560668945,619200
2018-01-17,8.760000228881836,8.859999656677246,8.75,6.884395599365234,328800
2018-01-18,8.654999732971191,8.770000457763672,8.645000457763672,6.841366767883301,4100200
2018-01-19,8.75,8.770000457763672,8.704999923706055,6.8570146560668945,792800
2018-01-22,8.824999809265137,8.864999771118164,8.795000076293945,6.923511028289795,1138400
2018-01-23,8.854999542236328,8.9350004196167,8.835000038146973,6.982185363769531,936000
2018-01-24,8.989999771118164,9.045000076293945,8.949999809265137,7.040858745574951,262800
2018-01-25,9.069999694824219,9.085000038146973,8.954999923706055,7.048683166503906,139800
2018-01-26,9.010000228881836,9.0600004196167,9,7.072151184082031,118200
2018-01-29,8.979999542236328,9.069999694824219,8.979999542236328,7.087798118591309,264400
2018-01-30,9.0649995803833,9.069999694824219,8.979999542236328,7.033036231994629,211800
2018-01-31,8.96500015258789,8.984999656677246,8.925000190734863,6.993919849395752,1846000
2018-02-01,8.805000305175781,8.890000343322754,8.78499984741211,6.923511028289795,432800
2018-02-02,8.680000305175781,8.680000305175781,8.550000190734863,6.708373546600342,327400
2018-02-05,8.510000228881836,8.515000343322754,8.274999618530273,6.485413074493408,941200
2018-02-06,8.199999809265137,8.425000190734863,8.199999809265137,6.559732913970947,1645800
2018-02-07,8.170000076293945,8.229999542236328,8.055000305175781,6.364153861999512,2649200
2018-02-08,8.074999809265137,8.100000381469727,7.920000076293945,6.195956230163574,1027200
2018-02-09,8.015000343322754,8.050000190734863,7.820000171661377,6.266364574432373,1187600
2018-02-12,8.154999732971191,8.204999923706055,8.114999771118164,6.411093235015869,798200
2018-02-13,8.079999923706055,8.114999771118164,8.010000228881836,6.309391021728516,1607600
2018-02-14,8.069999694824219,8.225000381469727,8.050000190734863,6.4267401695251465,280600
2018-02-15,8.220000267028809,8.289999961853027,8.199999809265137,6.485413074493408,192800
2018-02-16,8.329999923706055,8.359999656677246,8.274999618530273,6.4736785888671875,101000
2018-02-20,8.40999984741211,8.444999694824219,8.350000381469727,6.563645839691162,200200
2018-02-21,8.3100004196167,8.359999656677246,8.225000381469727,6.434563636779785,210000
2018-02-22,8.244999885559082,8.289999961853027,8.199999809265137,6.458033561706543,228000
2018-02-23,7.730000019073486,7.75,7.65500020980835,6.039492607116699,430600
2018-02-26,7.784999847412109,7.894999980926514,7.75,6.168574333190918,428600
2018-02-27,7.789999961853027,7.809999942779541,7.679999828338623,6.012111663818359,206400
2018-02-28,7.644999980926514,7.675000190734863,7.554999828338623,5.918233871459961,187200
2018-03-01,7.525000095367432,7.53000020980835,7.389999866485596,5.847824573516846,499800
2018-03-02,7.440000057220459,7.46999979019165,7.360000133514404,5.840002059936523,242800
2018-03-05,7.394999980926514,7.46999979019165,7.364999771118164,5.843913555145264,147400
2018-03-06,7.545000076293945,7.545000076293945,7.46999979019165,5.879117012023926,145800
2018-03-07,7.449999809265137,7.480000019073486,7.400000095367432,5.840002059936523,163800
2018-03-08,7.400000095367432,7.420000076293945,7.355000019073486,5.789151668548584,346400
2018-03-09,7.400000095367432,7.409999847412109,7.380000114440918,5.79697322845459,439000
2018-03-12,7.429999828338623,7.494999885559082,7.414999961853027,5.851736545562744,194600
2018-03-13,7.545000076293945,7.545000076293945,7.425000190734863,5.840002059936523,1046400
2018-03-14,7.735000133514404,7.84499979019165,7.715000152587891,6.094254970550537,582600
2018-03-15,7.809999942779541,7.880000114440918,7.775000095367432,6.125547885894775,613800
2018-03-16,7.900000095367432,7.949999809265137,7.885000228881836,6.215514183044434,130800
2018-03-19,8.010000228881836,8.104999542236328,8.005000114440918,6.309391021728516,284200
2018-03-20,7.920000076293945,8.055000305175781,7.909999847412109,6.278099060058594,117200
2018-03-21,8,8,7.90500020980835,6.215514183044434,112800
2018-03-22,7.809999942779541,7.84499979019165,7.755000114440918,6.07860803604126,113000
2018-03-23,7.809999942779541,7.809999942779541,7.65500020980835,5.988641738891602,232800
2018-03-26,7.735000133514404,7.769999980926514,7.644999980926514,6.074697494506836,169000
2018-03-27,7.739999771118164,7.815000057220459,7.650000095367432,6.004288673400879,291800
2018-03-28,7.840000152587891,7.914999961853027,7.809999942779541,6.141193389892578,156400
2018-03-29,7.84499979019165,7.889999866485596,7.815000057220459,6.141193389892578,121600
2018-04-02,7.849999904632568,7.849999904632568,7.670000076293945,6.031669616699219,575200
2018-04-03,7.824999809265137,7.954999923706055,7.815000057220459,6.223337173461914,620000
2018-04-04,7.864999771118164,7.949999809265137,7.849999904632568,6.215514183044434,132200
2018-04-05,7.96999979019165,8.03499984741211,7.96999979019165,6.258541584014893,181800
2018-04-06,7.965000152587891,7.994999885559082,7.920000076293945,6.219425678253174,257400
2018-04-09,8.03499984741211,8.0649995803833,8,6.258541584014893,137400
2018-04-10,7.934999942779541,7.965000152587891,7.889999866485596,6.211602210998535,122800
2018-04-11,7.860000133514404,7.889999866485596,7.84499979019165,6.149016857147217,140000
2018-04-12,7.775000095367432,7.784999847412109,7.744999885559082,6.07860803604126,91200
2018-04-13,7.644999980926514,7.644999980926514,7.565000057220459,5.93779182434082,76800
2018-04-16,7.635000228881836,7.679999828338623,7.625,6.008199691772461,256200
2018-04-17,7.800000190734863,7.829999923706055,7.769999980926514,6.1177239418029785,179600
2018-04-18,7.784999847412109,7.784999847412109,7.715000152587891,6.055139064788818,96400
2018-04-19,7.724999904632568,7.724999904632568,7.590000152587891,5.953437328338623,110800
2018-04-20,7.579999923706055,7.579999923706055,7.494999885559082,5.8869404792785645,101200
2018-04-23,7.525000095367432,7.534999847412109,7.440000057220459,5.851736545562744,249600
2018-04-24,7.635000228881836,7.639999866485596,7.480000019073486,5.902586936950684,406600
2018-04-25,7.639999866485596,7.769999980926514,7.639999866485596,6.055139064788818,125600
2018-04-26,7.769999980926514,7.795000076293945,7.695000171661377,6.082520008087158,173200
2018-04-27,7.695000171661377,7.699999809265137,7.585000038146973,6.067034721374512,2378000
2018-04-30,7.704999923706055,7.815000057220459,7.690000057220459,6.130564212799072,422200
2018-05-01,7.664999961853027,7.710000038146973,7.639999866485596,6.110711097717285,158400
2018-05-02,7.820000171661377,7.90500020980835,7.809999942779541,6.221887588500977,170800
2018-05-03,7.869999885559082,7.909999847412109,7.809999942779541,6.261592864990234,113800
2018-05-04,7.849999904632568,7.965000152587891,7.840000152587891,6.305269241333008,142200
2018-05-07,7.90500020980835,7.945000171661377,7.885000228881836,6.289386749267578,136200
2018-05-08,7.875,7.945000171661377,7.875,6.309240341186523,291400
2018-05-09,8.005000114440918,8.085000038146973,8.005000114440918,6.392621994018555,653000
2018-05-10,8.039999961853027,8.0649995803833,7.989999771118164,6.404531955718994,114200
2018-05-11,7.994999885559082,8.0649995803833,7.980000019073486,6.356887340545654,77200
2018-05-14,8.010000228881836,8.0649995803833,8.005000114440918,6.360857009887695,96600
2018-05-15,7.880000114440918,7.945000171661377,7.855000019073486,6.273504734039307,710000
2018-05-16,7.909999847412109,7.960000038146973,7.900000095367432,6.309240341186523,76400
2018-05-17,8.135000228881836,8.244999885559082,8.104999542236328,6.515708923339844,104800
2018-05-18,8.130000114440918,8.194999694824219,8.125,6.4680633544921875,82600
2018-05-21,8.154999732971191,8.154999732971191,8.069999694824219,6.444238662719727,69600
2018-05-22,8.069999694824219,8.095000267028809,8.005000114440918,6.356887340545654,178800
2018-05-23,7.985000133514404,8.0649995803833,7.965000152587891,6.404531955718994,84000
2018-05-24,8.319999694824219,8.354999542236328,8.244999885559082,6.618943691253662,159400
2018-05-25,8.175000190734863,8.279999732971191,8.175000190734863,6.575267314910889,92600
2018-05-29,8.140000343322754,8.180000305175781,8.015000343322754,6.416445732116699,203000
2018-05-30,7.994999885559082,8.024999618530273,7.909999847412109,6.352915287017822,108000
2018-05-31,7.994999885559082,7.994999885559082,7.835000038146973,6.305269241333008,134200
2018-06-01,7.934999942779541,8.03499984741211,7.934999942779541,6.376739501953125,146200
2018-06-04,8.225000381469727,8.234999656677246,8.199999809265137,6.53159236907959,109400
2018-06-05,8.305000305175781,8.369999885559082,8.305000305175781,6.626885414123535,455200
2018-06-06,8.369999885559082,8.479999542236328,8.369999885559082,6.718209743499756,187000
2018-06-07,8.364999771118164,8.40999984741211,8.295000076293945,6.630857944488525,127600
2018-06-08,8.3149995803833,8.369999885559082,8.305000305175781,6.630857944488525,166600
2018-06-11,8.375,8.460000038146973,8.375,6.710267543792725,308600
2018-06-12,8.515000343322754,8.550000190734863,8.470000267028809,6.757915019989014,593200
2018-06-13,8.760000228881836,8.850000381469727,8.75,6.98820686340332,417600
2018-06-14,8.789999961853027,8.800000190734863,8.725000381469727,6.928649425506592,83200
2018-06-15,8.71500015258789,8.765000343322754,8.694999694824219,6.948503017425537,111200
2018-06-18,8.555000305175781,8.65999984741211,8.524999618530273,6.837326526641846,152400
2018-06-19,8.494999885559082,8.609999656677246,8.479999542236328,6.837326526641846,315800
2018-06-20,8.59000015258789,8.59000015258789,8.520000457763672,6.789680004119873,85000
2018-06-21,8.585000038146973,8.649999618530273,8.5649995803833,6.805561542510986,83800
2018-06-22,8.670000076293945,8.699999809265137,8.600000381469727,6.888944149017334,83200
2018-06-25,8.6899995803833,8.6899995803833,8.614999771118164,6.87306022644043,101200
2018-06-26,8.675000190734863,8.71500015258789,8.664999961853027,6.892913818359375,90600
2018-06-27,8.664999961853027,8.704999923706055,8.555000305175781,6.8015899658203125,271400
2018-06-28,8.59000015258789,8.640000343322754,8.515000343322754,6.781737327575684,302800
2018-06-29,8.505000114440918,8.579999923706055,8.505000114440918,6.773796558380127,119400
2018-07-02,8.505000114440918,8.5600004196167,8.470000267028809,6.797619819641113,86800
2018-07-03,8.574999809265137,8.654999732971191,8.569999694824219,6.829384803771973,81200
2018-07-05,8.6850004196167,8.710000038146973,8.630000114440918,6.877031326293945,102600
2018-07-06,8.71500015258789,8.725000381469727,8.680000305175781,6.920708179473877,143600
2018-07-09,8.885000228881836,8.899999618530273,8.805000305175781,7.016002655029297,806600
2018-07-10,8.779999732971191,8.84000015258789,8.774999618530273,7.000118732452393,117200
2018-07-11,8.6850004196167,8.6899995803833,8.53499984741211,6.809532165527344,122800
2018-07-12,8.59000015258789,8.645000457763672,8.539999961853027,6.84129524230957,138800
2018-07-13,8.494999885559082,8.5649995803833,8.475000381469727,6.789680004119873,53000
2018-07-16,8.569999694824219,8.59000015258789,8.505000114440918,6.797619819641113,153600
2018-07-17,8.539999961853027,8.625,8.529999732971191,6.825413703918457,256200
2018-07-18,8.520000457763672,8.5600004196167,8.505000114440918,6.785707950592041,229200
2018-07-19,8.470000267028809,8.569999694824219,8.460000038146973,6.769826412200928,86000
2018-07-20,8.524999618530273,8.614999771118164,8.520000457763672,6.817471981048584,166800
2018-07-23,8.545000076293945,8.5600004196167,8.520000457763672,6.789680004119873,94600
2018-07-24,8.5,8.515000343322754,8.395000457763672,6.694386005401611,118200
2018-07-25,8.300000190734863,8.380000114440918,8.270000457763672,6.654680252075195,98800
2018-07-26,8.335000038146973,8.369999885559082,8.305000305175781,6.595121383666992,106600
2018-07-27,8.25,8.3100004196167,8.239999771118164,6.56732702255249,67200
2018-07-30,8.229999542236328,8.28499984741211,8.220000267028809,6.53159236907959,116000
2018-07-31,8.239999771118164,8.265000343322754,8.194999694824219,6.519680023193359,88200
2018-08-01,8.199999809265137,8.204999923706055,8.145000457763672,6.491886138916016,85600
2018-08-02,8.055000305175781,8.095000267028809,8.015000343322754,6.420415878295898,141200
2018-08-03,7.989999771118164,8.069999694824219,7.989999771118164,6.404531955718994,127600
2018-08-06,7.989999771118164,8,7.954999923706055,6.3251214027404785,127600
2018-08-07,7.989999771118164,8.029999732971191,7.96999979019165,6.376739501953125,154800
2018-08-08,7.96999979019165,8.005000114440918,7.949999809265137,6.344974994659424,102800
2018-08-09,8.0649995803833,8.114999771118164,8.0649995803833,6.416445732116699,109800
2018-08-10,8.005000114440918,8.020000457763672,7.949999809265137,6.364827632904053,211400
2018-08-13,7.945000171661377,7.974999904632568,7.909999847412109,6.30129861831665,89400
2018-08-14,7.869999885559082,7.894999980926514,7.84499979019165,6.249680519104004,393000
2018-08-15,7.744999885559082,7.815000057220459,7.735000133514404,6.198062896728516,105200
2018-08-16,7.775000095367432,7.795000076293945,7.735000133514404,6.158358573913574,124800
2018-08-17,7.84499979019165,7.920000076293945,7.824999809265137,6.277475357055664,123400
2018-08-20,7.949999809265137,7.994999885559082,7.940000057220459,6.341004371643066,164200
2018-08-21,8.03499984741211,8.130000114440918,8.03499984741211,6.424386978149414,142000
2018-08-22,8.1899995803833,8.270000457763672,8.1850004196167,6.551445484161377,357800
2018-08-23,8.170000076293945,8.210000038146973,8.149999618530273,6.499827861785889,96600
2018-08-24,8.265000343322754,8.319999694824219,8.260000228881836,6.607032775878906,1352400
2018-08-27,8.395000457763672,8.4350004196167,8.380000114440918,6.686444282531738,1694400
2018-08-28,8.350000381469727,8.364999771118164,8.265000343322754,6.595121383666992,14923200
2018-08-29,7.675000190734863,7.829999923706055,7.630000114440918,6.209975719451904,9421000
2018-08-30,7.585000038146973,7.684999942779541,7.570000171661377,6.0352702140808105,5908200
2018-08-31,7.599999904632568,7.614999771118164,7.525000095367432,6.007476806640625,848000
2018-09-04,7.264999866485596,7.34499979019165,7.255000114440918,5.820859432220459,851000
2018-09-05,7.289999961853027,7.315000057220459,7.264999866485596,5.8049774169921875,2184200
2018-09-06,7.340000152587891,7.385000228881836,7.224999904632568,5.789094924926758,646400
2018-09-07,7.230000019073486,7.304999828338623,7.230000019073486,5.789094924926758,2026200
2018-09-10,7.429999828338623,7.429999828338623,7.389999866485596,5.884388446807861,1685400
2018-09-11,7.364999771118164,7.449999809265137,7.349999904632568,5.9082112312316895,629200
2018-09-12,7.639999866485596,7.784999847412109,7.639999866485596,6.126593112945557,198400
2018-09-13,7.789999961853027,7.815000057220459,7.724999904632568,6.17026948928833,156800
2018-09-14,7.769999980926514,7.78000020980835,7.715000152587891,6.138504981994629,355600
2018-09-17,7.739999771118164,7.739999771118164,7.650000095367432,6.078946590423584,827400
2018-09-18,7.675000190734863,7.695000171661377,7.650000095367432,6.086887836456299,435800
2018-09-19,7.670000076293945,7.704999923706055,7.659999847412109,6.082916736602783,205000
2018-09-20,7.824999809265137,7.920000076293945,7.809999942779541,6.277475357055664,222400
2018-09-21,7.949999809265137,8.03499984741211,7.949999809265137,6.337033748626709,175400
2018-09-24,7.96999979019165,7.96999979019165,7.835000038146973,6.233799934387207,373600
2018-09-25,7.760000228881836,7.795000076293945,7.735000133514404,6.174241065979004,153200
2018-09-26,7.730000019073486,7.829999923706055,7.730000019073486,6.182181358337402,188600
2018-09-27,7.724999904632568,7.75,7.675000190734863,6.110711097717285,160200
2018-09-28,7.605000019073486,7.625,7.53000020980835,6.003506660461426,164400
2018-10-01,7.664999961853027,7.699999809265137,7.630000114440918,6.071005344390869,154000
2018-10-02,7.389999866485596,7.449999809265137,7.309999942779541,5.896299362182617,313800
2018-10-03,7.460000038146973,7.46999979019165,7.385000228881836,5.876446723937988,372000
2018-10-04,7.385000228881836,7.385000228881836,7.300000190734863,5.828800678253174,177000
2018-10-05,7.335000038146973,7.335000038146973,7.28000020980835,5.812918663024902,270600
2018-10-08,7.204999923706055,7.264999866485596,7.179999828338623,5.749388694763184,277400
2018-10-09,7.164999961853027,7.25,7.139999866485596,5.701742649078369,896600
2018-10-10,7.135000228881836,7.199999809265137,7.079999923706055,5.642183303833008,270800
2018-10-11,7.135000228881836,7.199999809265137,7.135000228881836,5.6898298263549805,397800
2018-10-12,7.085000038146973,7.09499979019165,6.965000152587891,5.614389419555664,530200
2018-10-15,7.054999828338623,7.15500020980835,7.050000190734863,5.638213157653809,883000
2018-10-16,7.289999961853027,7.289999961853027,7.21999979019165,5.761300563812256,364600
2018-10-17,7.114999771118164,7.130000114440918,7.065000057220459,5.6183600425720215,449000
2018-10-18,7.079999923706055,7.110000133514404,6.954999923706055,5.542919158935547,407000
2018-10-19,7.09499979019165,7.105000019073486,6.940000057220459,5.527036666870117,419200
2018-10-22,6.934999942779541,6.934999942779541,6.84499979019165,5.4635090827941895,297800
2018-10-23,6.900000095367432,7.045000076293945,6.855000019073486,5.558801174163818,674800
2018-10-24,7.034999847412109,7.045000076293945,6.909999847412109,5.499243259429932,348000
2018-10-25,6.989999771118164,7.065000057220459,6.989999771118164,5.562772274017334,437800
2018-10-26,6.985000133514404,7.070000171661377,6.934999942779541,5.558801174163818,633800
2018-10-29,7.105000019073486,7.125,6.925000190734863,5.546890735626221,491600
2018-10-30,7.065000057220459,7.150000095367432,7.050000190734863,5.650124549865723,485800
2018-10-31,7.03000020980835,7.099999904632568,7,5.664638996124268,498600
2018-11-01,7.235000133514404,7.289999961853027,7.119999885559082,5.846068859100342,421200
2018-11-02,7.190000057220459,7.204999923706055,7.114999771118164,5.765433311462402,533000
2018-11-05,7.184999942779541,7.21999979019165,7.139999866485596,5.773496627807617,1061000
2018-11-06,7.090000152587891,7.159999847412109,7.074999809265137,5.75333833694458,548600
2018-11-07,7.414999961853027,7.539999961853027,7.394999980926514,6.063784599304199,508200
2018-11-08,7.494999885559082,7.505000114440918,7.389999866485596,5.995244026184082,420600
2018-11-09,7.449999809265137,7.489999771118164,7.429999828338623,6.011371612548828,231200
2018-11-12,7.360000133514404,7.369999885559082,7.304999828338623,5.914609432220459,401200
2018-11-13,7.295000076293945,7.380000114440918,7.275000095367432,5.898481369018555,286200
2018-11-14,7.295000076293945,7.304999828338623,7.195000171661377,5.854133129119873,430000
2018-11-15,7.184999942779541,7.324999809265137,7.159999847412109,5.8702592849731445,645600
2018-11-16,7.289999961853027,7.329999923706055,7.25,5.894449710845947,376600
2018-11-19,7.195000171661377,7.239999771118164,7.139999866485596,5.761401176452637,501000
2018-11-20,7.019999980926514,7.119999885559082,7.019999980926514,5.6888298988342285,617600
2018-11-21,7.144999980926514,7.264999866485596,7.144999980926514,5.829941749572754,421200
2018-11-23,7.364999771118164,7.414999961853027,7.355000019073486,5.9670233726501465,353400
2018-11-26,7.5,7.545000076293945,7.494999885559082,6.063784599304199,654400
2018-11-27,7.644999980926514,7.65500020980835,7.554999828338623,6.128292560577393,492600
2018-11-28,7.724999904632568,7.864999771118164,7.684999942779541,6.3218183517456055,560600
2018-11-29,7.764999866485596,7.789999961853027,7.704999923706055,6.269405364990234,355600
2018-11-30,7.650000095367432,7.679999828338623,7.610000133514404,6.188769817352295,226400
2018-12-03,7.824999809265137,7.889999866485596,7.804999828338623,6.358104705810547,931000
2018-12-04,7.760000228881836,7.78000020980835,7.570000171661377,6.160547256469727,538600
2018-12-06,7.614999771118164,7.699999809265137,7.525000095367432,6.20892858505249,1018200
2018-12-07,7.690000057220459,7.704999923706055,7.565000057220459,6.108133792877197,440600
2018-12-10,7.605000019073486,7.610000133514404,7.494999885559082,6.112165927886963,855000
2018-12-11,7.554999828338623,7.559999942779541,7.400000095367432,5.995244026184082,757600
2018-12-12,7.179999828338623,7.210000038146973,7.074999809265137,5.713021278381348,676200
2018-12-13,7.074999809265137,7.099999904632568,7.034999847412109,5.692861557006836,562800
2018-12-14,6.940000057220459,6.965000152587891,6.875,5.543686866760254,641400
2018-12-17,6.684999942779541,6.715000152587891,6.599999904632568,5.3703203201293945,1097400
2018-12-18,6.760000228881836,6.800000190734863,6.735000133514404,5.454987049102783,1081800
2018-12-19,6.789999961853027,6.875,6.644999980926514,5.398543357849121,1015800
2018-12-20,6.505000114440918,6.514999866485596,6.40500020980835,5.164699554443359,1032200
2018-12-21,6.414999961853027,6.474999904632568,6.329999923706055,5.104223728179932,1040000
2018-12-24,6.269999980926514,6.389999866485596,6.135000228881836,5.035682201385498,630400
2018-12-26,6.110000133514404,6.355000019073486,6.110000133514404,5.088095664978027,1038800
2018-12-27,6.260000228881836,6.394999980926514,6.235000133514404,5.156635761260986,1025400
2018-12-28,6.389999866485596,6.40500020980835,6.34499979019165,5.152603626251221,732200
2018-12-31,6.360000133514404,6.440000057220459,6.300000190734863,5.124382019042969,1294400
2019-01-02,6.289999961853027,6.389999866485596,6.289999961853027,5.136476516723633,514400
2019-01-03,6.295000076293945,6.355000019073486,6.255000114440918,5.063904762268066,986800
2019-01-04,6.445000171661377,6.550000190734863,6.409999847412109,5.245334625244141,596600
2019-01-07,6.550000190734863,6.635000228881836,6.545000076293945,5.338065147399902,1067400
2019-01-08,6.75,6.784999847412109,6.724999904632568,5.4388604164123535,634600
2019-01-09,6.815000057220459,6.885000228881836,6.804999828338623,5.543686866760254,257200
2019-01-10,6.784999847412109,6.800000190734863,6.715000152587891,5.442891597747803,313200
2019-01-11,6.699999809265137,6.735000133514404,6.679999828338623,5.418700695037842,627800
2019-01-14,6.635000228881836,6.690000057220459,6.625,5.374350547790527,970800
2019-01-15,6.599999904632568,6.690000057220459,6.599999904632568,5.390478610992432,622200
2019-01-16,6.619999885559082,6.635000228881836,6.559999942779541,5.293715953826904,333000
2019-01-17,6.630000114440918,6.690000057220459,6.605000019073486,5.378383636474609,738600
2019-01-18,6.760000228881836,6.820000171661377,6.739999771118164,5.487241744995117,504000
2019-01-22,6.795000076293945,6.849999904632568,6.78000020980835,5.495305061340332,1243200
2019-01-23,6.909999847412109,6.965000152587891,6.889999866485596,5.608193874359131,442600
2019-01-24,6.954999923706055,6.960000038146973,6.90500020980835,5.588036060333252,556200
2019-01-25,6.974999904632568,6.980000019073486,6.889999866485596,5.563845634460449,340600
2019-01-28,6.795000076293945,6.795000076293945,6.730000019073486,5.4670820236206055,1776800
2019-01-29,6.889999866485596,6.925000190734863,6.860000133514404,5.559813022613525,530000
2019-01-30,6.875,6.989999771118164,6.855000019073486,5.628353595733643,233000
2019-01-31,6.90500020980835,7.010000228881836,6.90500020980835,5.644480228424072,520000
2019-02-01,7.019999980926514,7.074999809265137,6.985000133514404,5.652544021606445,314000
2019-02-04,6.889999866485596,6.985000133514404,6.860000133514404,5.612226486206055,358000
2019-02-05,7.070000171661377,7.190000057220459,7.059999942779541,5.769465446472168,375600
2019-02-06,7.135000228881836,7.135000228881836,7.050000190734863,5.713021278381348,317000
2019-02-07,7.014999866485596,7.019999980926514,6.940000057220459,5.612226486206055,173600
2019-02-08,6.849999904632568,6.880000114440918,6.815000057220459,5.53965425491333,203200
2019-02-11,6.90500020980835,6.945000171661377,6.885000228881836,5.579971790313721,277000
2019-02-12,7.054999828338623,7.099999904632568,7.050000190734863,5.713021278381348,326600
2019-02-13,7.050000190734863,7.070000171661377,7.010000228881836,5.676734447479248,135400
2019-02-14,7.050000190734863,7.059999942779541,7.014999866485596,5.672702312469482,163200
2019-02-15,7.195000171661377,7.25,7.164999961853027,5.8380045890808105,227600
2019-02-19,7.230000019073486,7.329999923706055,7.230000019073486,5.89041805267334,186600
2019-02-20,7.244999885559082,7.28000020980835,7.215000152587891,5.842037677764893,220600
2019-02-21,7.215000152587891,7.215000152587891,7.175000190734863,5.7936553955078125,245200
2019-02-22,7.204999923706055,7.264999866485596,7.204999923706055,5.8380045890808105,172400
2019-02-25,7.264999866485596,7.284999847412109,7.210000038146973,5.833973407745361,460200
2019-02-26,7.400000095367432,7.489999771118164,7.400000095367432,6.023467063903809,209800
2019-02-27,7.394999980926514,7.420000076293945,7.355000019073486,5.971054553985596,203000
2019-02-28,7.539999961853027,7.579999923706055,7.510000228881836,6.087975025177002,477800
2019-03-01,7.635000228881836,7.659999847412109,7.59499979019165,6.148452281951904,187600
2019-03-04,7.579999923706055,7.619999885559082,7.539999961853027,6.128292560577393,165600
2019-03-05,7.534999847412109,7.59499979019165,7.510000228881836,6.108133792877197,172000
2019-03-06,7.639999866485596,7.650000095367432,7.590000152587891,6.136356830596924,201600
2019-03-07,7.570000171661377,7.579999923706055,7.474999904632568,6.047658443450928,127400
2019-03-08,7.40500020980835,7.460000038146973,7.400000095367432,6.0073394775390625,481800
2019-03-11,7.380000114440918,7.454999923706055,7.380000114440918,6.0033087730407715,352600
2019-03-12,7.480000019073486,7.494999885559082,7.40500020980835,5.991212368011475,563600
2019-03-13,7.105000019073486,7.130000114440918,7.034999847412109,5.737210273742676,363000
2019-03-14,7.090000152587891,7.110000133514404,7.054999828338623,5.717053413391113,125600
2019-03-15,7.289999961853027,7.364999771118164,7.25,5.926702976226807,882800
2019-03-18,7.364999771118164,7.465000152587891,7.364999771118164,6.011371612548828,123600
2019-03-19,7.539999961853027,7.574999809265137,7.5,6.059752941131592,139200
2019-03-20,7.46999979019165,7.5,7.425000190734863,6.031530380249023,140600
2019-03-21,7.420000076293945,7.514999866485596,7.400000095367432,6.055721282958984,321800
2019-03-22,7.40500020980835,7.440000057220459,7.349999904632568,5.975085735321045,164400
2019-03-25,7.300000190734863,7.34499979019165,7.289999961853027,5.918641090393066,145200
2019-03-26,7.454999923706055,7.485000133514404,7.425000190734863,6.011371612548828,243600
2019-03-27,7.355000019073486,7.355000019073486,7.260000228881836,5.894449710845947,226600
2019-03-28,7.349999904632568,7.349999904632568,7.264999866485596,5.878324031829834,117400
2019-03-29,7.394999980926514,7.394999980926514,7.324999809265137,5.938799858093262,142000
2019-04-01,7.34499979019165,7.355000019073486,7.304999828338623,5.922671794891357,181800
2019-04-02,7.34499979019165,7.400000095367432,7.335000038146973,5.946863651275635,158800
2019-04-03,7.489999771118164,7.525000095367432,7.46999979019165,6.035562038421631,154200
2019-04-04,7.550000190734863,7.590000152587891,7.53000020980835,6.120230197906494,352600
2019-04-05,7.525000095367432,7.534999847412109,7.494999885559082,6.059752941131592,321400
2019-04-08,7.53000020980835,7.534999847412109,7.480000019073486,6.0395941734313965,149600
2019-04-09,7.485000133514404,7.5,7.454999923706055,6.023467063903809,246400
2019-04-10,7.474999904632568,7.510000228881836,7.465000152587891,6.043626308441162,131000
2019-04-11,7.505000114440918,7.519999980926514,7.46999979019165,6.047658443450928,105400
2019-04-12,7.465000152587891,7.474999904632568,7.420000076293945,6.0033087730407715,116600
2019-04-15,7.485000133514404,7.514999866485596,7.445000171661377,6.0395941734313965,661000
2019-04-16,7.585000038146973,7.644999980926514,7.585000038146973,6.1444196701049805,134200
2019-04-17,7.690000057220459,7.739999771118164,7.684999942779541,6.233119487762451,169600
2019-04-18,7.90500020980835,7.909999847412109,7.835000038146973,6.362136363983154,325800
2019-04-22,7.914999961853027,7.914999961853027,7.894999980926514,6.382294178009033,126400
2019-04-23,7.775000095367432,7.840000152587891,7.739999771118164,6.313755035400391,187800
2019-04-24,7.71999979019165,7.755000114440918,7.65500020980835,6.188769817352295,382400
2019-04-25,7.440000057220459,7.494999885559082,7.440000057220459,6.019435405731201,805800
2019-04-26,7.489999771118164,7.510000228881836,7.449999809265137,6.043626308441162,453800
2019-04-29,7.300000190734863,7.400000095367432,7.284999847412109,6.062891960144043,2043600
2019-04-30,7.46999979019165,7.570000171661377,7.460000038146973,6.194070339202881,191200
2019-05-01,7.630000114440918,7.630000114440918,7.485000133514404,6.177673816680908,136800
2019-05-02,7.364999771118164,7.364999771118164,7.260000228881836,5.989104270935059,3208600
2019-05-03,7.335000038146973,7.369999885559082,7.300000190734863,6.025998592376709,7744200
2019-05-06,7.224999904632568,7.300000190734863,7.199999809265137,5.964509010314941,4149800
2019-05-07,7.164999961853027,7.164999961853027,7.050000190734863,5.821032524108887,453000
2019-05-08,7.119999885559082,7.119999885559082,7.039999961853027,5.784138202667236,1584400
2019-05-09,6.994999885559082,7.045000076293945,6.974999904632568,5.767742156982422,1891800
2019-05-10,7.070000171661377,7.119999885559082,7.045000076293945,5.821032524108887,1261200
2019-05-13,7.014999866485596,7.034999847412109,6.945000171661377,5.7308478355407715,144000
2019-05-14,6.994999885559082,7.045000076293945,6.994999885559082,5.74314546585083,281000
2019-05-15,6.989999771118164,7.099999904632568,6.985000133514404,5.792337894439697,144200
2019-05-16,7.110000133514404,7.215000152587891,7.110000133514404,5.849728107452393,155000
2019-05-17,7.050000190734863,7.130000114440918,7.025000095367432,5.771841049194336,136400
2019-05-20,6.929999828338623,6.974999904632568,6.914999961853027,5.677557945251465,140400
2019-05-21,6.989999771118164,7.019999980926514,6.974999904632568,5.722648620605469,290800
2019-05-22,7.014999866485596,7.074999809265137,7.010000228881836,5.755443572998047,157000
2019-05-23,6.864999771118164,6.940000057220459,6.84499979019165,5.661159992218018,133600
2019-05-24,7.010000228881836,7.010000228881836,6.940000057220459,5.7308478355407715,649600
2019-05-28,7.03000020980835,7.065000057220459,6.960000038146973,5.722648620605469,190400
2019-05-29,6.880000114440918,6.925000190734863,6.860000133514404,5.652960300445557,288600
2019-05-30,6.900000095367432,6.949999809265137,6.894999980926514,5.652960300445557,426200
2019-05-31,6.670000076293945,6.75,6.644999980926514,5.447995185852051,262600
2019-06-03,6.755000114440918,6.809999942779541,6.730000019073486,5.5668745040893555,253400
2019-06-04,6.925000190734863,6.974999904632568,6.909999847412109,5.718550205230713,267400
2019-06-05,7.014999866485596,7.014999866485596,6.949999809265137,5.70625114440918,656200
2019-06-06,6.980000019073486,7.039999961853027,6.949999809265137,5.74314546585083,237200
2019-06-07,7.090000152587891,7.144999980926514,7.059999942779541,5.788237571716309,156800
2019-06-10,7.130000114440918,7.210000038146973,7.130000114440918,5.853827476501465,235800
2019-06-11,7.195000171661377,7.195000171661377,7.09499979019165,5.825132369995117,1174000
2019-06-12,7.010000228881836,7.09499979019165,6.960000038146973,5.759542942047119,153000
2019-06-13,7.045000076293945,7.079999923706055,7.014999866485596,5.759542942047119,231000
2019-06-14,7.005000114440918,7.005000114440918,6.965000152587891,5.718550205230713,608000
2019-06-17,6.929999828338623,6.980000019073486,6.929999828338623,5.693953990936279,166200
2019-06-18,6.974999904632568,7.03000020980835,6.945000171661377,5.698052883148193,203200
2019-06-19,6.949999809265137,7.010000228881836,6.925000190734863,5.718550205230713,257000
2019-06-20,7.059999942779541,7.105000019073486,6.994999885559082,5.771841049194336,306000
2019-06-21,7.114999771118164,7.199999809265137,7.110000133514404,5.894820690155029,182200
2019-06-24,7.255000114440918,7.260000228881836,7.204999923706055,5.907118320465088,235400
2019-06-25,7.15500020980835,7.179999828338623,7.110000133514404,5.8292317390441895,134000
2019-06-26,7.235000133514404,7.25,7.210000038146973,5.91121768951416,212400
2019-06-27,7.445000171661377,7.514999866485596,7.429999828338623,6.120283126831055,172600
2019-06-28,7.514999866485596,7.554999828338623,7.474999904632568,6.128481864929199,165200
2019-07-01,7.519999980926514,7.534999847412109,7.414999961853027,6.095686912536621,243400
2019-07-02,7.434999942779541,7.519999980926514,7.434999942779541,6.116183280944824,196400
2019-07-03,7.585000038146973,7.619999885559082,7.545000076293945,6.226865291595459,103000
2019-07-05,7.599999904632568,7.639999866485596,7.579999923706055,6.2350640296936035,138000
2019-07-08,7.574999809265137,7.659999847412109,7.574999809265137,6.251461505889893,173400
2019-07-09,7.610000133514404,7.630000114440918,7.59499979019165,6.255560398101807,134000
2019-07-10,7.550000190734863,7.579999923706055,7.5,6.210468292236328,437200
2019-07-11,7.565000057220459,7.599999904632568,7.53000020980835,6.222766399383545,191800
2019-07-12,7.670000076293945,7.735000133514404,7.664999961853027,6.308851718902588,210400
2019-07-15,7.71999979019165,7.775000095367432,7.715000152587891,6.353943824768066,508200
2019-07-16,7.704999923706055,7.744999885559082,7.675000190734863,6.329347610473633,230400
2019-07-17,7.65500020980835,7.65500020980835,7.590000152587891,6.24326229095459,232800
2019-07-18,7.670000076293945,7.78000020980835,7.659999847412109,6.358043670654297,341000
2019-07-19,7.690000057220459,7.739999771118164,7.675000190734863,6.325249195098877,212200
2019-07-22,7.715000152587891,7.71999979019165,7.670000076293945,6.304751873016357,200000
2019-07-23,7.675000190734863,7.704999923706055,7.650000095367432,6.31295108795166,217600
2019-07-24,7.659999847412109,7.690000057220459,7.614999771118164,6.296553611755371,239800
2019-07-25,7.684999942779541,7.695000171661377,7.635000228881836,6.300653457641602,107600
2019-07-26,7.670000076293945,7.675000190734863,7.605000019073486,6.292454719543457,130800
2019-07-29,7.670000076293945,7.684999942779541,7.639999866485596,6.284255504608154,136000
2019-07-30,7.519999980926514,7.519999980926514,7.460000038146973,6.157176494598389,225800
2019-07-31,7.539999961853027,7.574999809265137,7.420000076293945,6.107985019683838,160600
2019-08-01,7.534999847412109,7.635000228881836,7.485000133514404,6.153077125549316,144200
2019-08-02,7.585000038146973,7.585000038146973,7.480000019073486,6.165375709533691,148200
2019-08-05,7.394999980926514,7.400000095367432,7.295000076293945,6.005502223968506,139600
2019-08-06,7.295000076293945,7.355000019073486,7.255000114440918,6.0218987464904785,412600
2019-08-07,7.329999923706055,7.449999809265137,7.324999809265137,6.107985019683838,239000
2019-08-08,7.465000152587891,7.510000228881836,7.445000171661377,6.128481864929199,158400
2019-08-09,7.465000152587891,7.465000152587891,7.394999980926514,6.099786281585693,147800
2019-08-12,7.40500020980835,7.429999828338623,7.34499979019165,6.0218987464904785,453400
2019-08-13,7.284999847412109,7.414999961853027,7.284999847412109,5.997303009033203,406600
2019-08-14,7.199999809265137,7.215000152587891,7.119999885559082,5.8415303230285645,224200
2019-08-15,7.09499979019165,7.135000228881836,7.050000190734863,5.800535678863525,307600
2019-08-16,7.159999847412109,7.224999904632568,7.144999980926514,5.8825225830078125,271200
2019-08-19,7.364999771118164,7.375,7.320000171661377,6.017800331115723,195600
2019-08-20,7.304999828338623,7.349999904632568,7.269999980926514,5.989104270935059,381800
2019-08-21,7.574999809265137,7.574999809265137,7.485000133514404,6.148978233337402,200400
2019-08-22,7.605000019073486,7.619999885559082,7.494999885559082,6.161275863647461,346400
2019-08-23,7.539999961853027,7.590000152587891,7.445000171661377,6.11208438873291,176600
2019-08-26,7.474999904632568,7.474999904632568,7.40500020980835,6.103885650634766,157600
2019-08-27,7.545000076293945,7.554999828338623,7.480000019073486,6.140779972076416,321600
2019-08-28,7.545000076293945,7.619999885559082,7.510000228881836,6.2350640296936035,183600
2019-08-29,7.635000228881836,7.65500020980835,7.619999885559082,6.267857551574707,110400
2019-08-30,7.775000095367432,7.815000057220459,7.684999942779541,6.300653457641602,98800
2019-09-03,7.570000171661377,7.635000228881836,7.565000057220459,6.226865291595459,128400
2019-09-04,7.690000057220459,7.704999923706055,7.639999866485596,6.284255504608154,240400
2019-09-05,7.820000171661377,7.880000114440918,7.795000076293945,6.423633575439453,1204600
2019-09-06,7.864999771118164,7.909999847412109,7.820000171661377,6.460526466369629,350200
2019-09-09,7.945000171661377,7.960000038146973,7.90500020980835,6.489221096038818,128200
2019-09-10,7.824999809265137,7.909999847412109,7.795000076293945,6.48102331161499,231400
2019-09-11,7.510000228881836,7.585000038146973,7.510000228881836,6.210468292236328,141200
2019-09-12,7.434999942779541,7.53000020980835,7.425000190734863,6.128481864929199,165400
2019-09-13,7.465000152587891,7.474999904632568,7.425000190734863,6.103885650634766,254000
2019-09-16,7.275000095367432,7.335000038146973,7.275000095367432,6.005502223968506,346000
2019-09-17,7.349999904632568,7.375,7.309999942779541,6.034197807312012,255800
2019-09-18,7.355000019073486,7.375,7.295000076293945,6.0218987464904785,199800
2019-09-19,7.449999809265137,7.519999980926514,7.434999942779541,6.095686912536621,362000
2019-09-20,7.434999942779541,7.525000095367432,7.434999942779541,6.128481864929199,480000
2019-09-23,7.53000020980835,7.605000019073486,7.53000020980835,6.206369400024414,174200
2019-09-24,7.679999828338623,7.684999942779541,7.59499979019165,6.247361660003662,146000
2019-09-25,7.570000171661377,7.585000038146973,7.519999980926514,6.198169708251953,117200
2019-09-26,7.590000152587891,7.635000228881836,7.570000171661377,6.222766399383545,157400
2019-09-27,7.644999980926514,7.659999847412109,7.619999885559082,6.267857551574707,169800
2019-09-30,7.699999809265137,7.755000114440918,7.684999942779541,6.333447456359863,249800
2019-10-01,7.739999771118164,7.744999885559082,7.650000095367432,6.276057720184326,141600
2019-10-02,7.519999980926514,7.534999847412109,7.420000076293945,6.116183280944824,117800
2019-10-03,7.514999866485596,7.559999942779541,7.460000038146973,6.177673816680908,282400
2019-10-04,7.590000152587891,7.644999980926514,7.570000171661377,6.247361660003662,344200
2019-10-07,7.610000133514404,7.71999979019165,7.610000133514404,6.31295108795166,111400
2019-10-08,7.550000190734863,7.554999828338623,7.474999904632568,6.169475555419922,143200
2019-10-09,7.559999942779541,7.625,7.554999828338623,6.24326229095459,632000
2019-10-10,7.699999809265137,7.784999847412109,7.695000171661377,6.353943824768066,337200
2019-10-11,7.804999828338623,7.894999980926514,7.804999828338623,6.440031051635742,118200
2019-10-14,7.784999847412109,7.84499979019165,7.784999847412109,6.431830406188965,690200
2019-10-15,7.795000076293945,7.885000228881836,7.789999961853027,6.4359307289123535,66200
2019-10-16,7.900000095367432,7.96999979019165,7.894999980926514,6.497420310974121,148000
2019-10-17,7.985000133514404,7.985000133514404,7.880000114440918,6.493320465087891,357200
2019-10-18,7.889999866485596,7.945000171661377,7.869999885559082,6.50971794128418,148600
2019-10-21,7.960000038146973,7.980000019073486,7.914999961853027,6.505619525909424,295200
2019-10-22,7.880000114440918,7.90500020980835,7.84499979019165,6.456427097320557,113200
2019-10-23,7.755000114440918,7.840000152587891,7.75,6.427732467651367,132400
2019-10-24,7.804999828338623,7.864999771118164,7.795000076293945,6.427732467651367,104200
2019-10-25,7.764999866485596,7.855000019073486,7.760000228881836,6.440031051635742,116800
2019-10-28,7.869999885559082,7.914999961853027,7.855000019073486,6.460526466369629,121600
2019-10-29,7.784999847412109,7.940000057220459,7.784999847412109,6.50971794128418,125800
2019-10-30,7.894999980926514,7.965000152587891,7.849999904632568,6.526115894317627,98000
2019-10-31,7.820000171661377,7.829999923706055,7.755000114440918,6.505720138549805,145800
2019-11-01,7.909999847412109,7.914999961853027,7.829999923706055,6.555667877197266,141000
2019-11-04,7.860000133514404,7.90500020980835,7.824999809265137,6.522370338439941,119000
2019-11-05,7.78000020980835,7.784999847412109,7.739999771118164,6.476583957672119,99800
2019-11-06,7.829999923706055,7.894999980926514,7.820000171661377,6.5473432540893555,113200
2019-11-07,7.84499979019165,7.855000019073486,7.789999961853027,6.484908580780029,455200
2019-11-08,7.59499979019165,7.614999771118164,7.570000171661377,6.318415641784668,179600
2019-11-11,7.574999809265137,7.670000076293945,7.574999809265137,6.3350653648376465,197800
2019-11-12,7.474999904632568,7.485000133514404,7.440000057220459,6.197707653045654,133800
2019-11-13,7.46999979019165,7.550000190734863,7.46999979019165,6.268466949462891,141200
2019-11-14,7.574999809265137,7.630000114440918,7.559999942779541,6.3350653648376465,181200
2019-11-15,7.684999942779541,7.730000019073486,7.664999961853027,6.41831111907959,171400
2019-11-18,7.715000152587891,7.824999809265137,7.695000171661377,6.489071369171143,945800
2019-11-19,7.644999980926514,7.679999828338623,7.625,6.385013580322266,122600
2019-11-20,7.605000019073486,7.619999885559082,7.519999980926514,6.268466949462891,196800
2019-11-21,7.559999942779541,7.650000095367432,7.550000190734863,6.3350653648376465,173600
2019-11-22,7.605000019073486,7.630000114440918,7.550000190734863,6.301766872406006,139200
2019-11-25,7.599999904632568,7.635000228881836,7.59499979019165,6.35171365737915,170600
2019-11-26,7.664999961853027,7.690000057220459,7.644999980926514,6.380850315093994,257600
2019-11-27,7.670000076293945,7.690000057220459,7.65500020980835,6.385013580322266,176200
2019-11-29,7.784999847412109,7.820000171661377,7.744999885559082,6.476583957672119,83600
2019-12-02,7.65500020980835,7.679999828338623,7.605000019073486,6.3558759689331055,180400
2019-12-03,7.715000152587891,7.764999866485596,7.695000171661377,6.464097499847412,162600
2019-12-04,7.760000228881836,7.800000190734863,7.75,6.455772876739502,130200
2019-12-05,7.840000152587891,7.840000152587891,7.755000114440918,6.489071369171143,164400
2019-12-06,7.989999771118164,8.015000343322754,7.945000171661377,6.655563831329346,136400
2019-12-09,7.940000057220459,7.974999904632568,7.925000190734863,6.605616569519043,170200
2019-12-10,7.940000057220459,8,7.909999847412109,6.618102550506592,219600
2019-12-11,8.34000015258789,8.399999618530273,8.319999694824219,6.9635772705078125,180400
2019-12-12,8.375,8.404999732971191,8.359999656677246,6.992712020874023,149200
2019-12-13,8.579999923706055,8.614999771118164,8.46500015258789,7.080122470855713,341000
2019-12-16,8.609999656677246,8.699999809265137,8.604999542236328,7.192504405975342,793800
2019-12-17,8.654999732971191,8.675000190734863,8.619999885559082,7.192504405975342,207400
2019-12-18,8.649999618530273,8.649999618530273,8.609999656677246,7.188342571258545,100800
2019-12-19,8.6850004196167,8.694999694824219,8.635000228881836,7.234127521514893,153200
2019-12-20,8.6850004196167,8.704999923706055,8.649999618530273,7.213315486907959,212200
2019-12-23,8.734999656677246,8.8100004196167,8.720000267028809,7.321537017822266,282200
2019-12-24,8.78499984741211,8.850000381469727,8.765000343322754,7.3381853103637695,90200
2019-12-26,8.770000457763672,8.864999771118164,8.744999885559082,7.3798089027404785,150400
2019-12-27,8.944999694824219,9,8.930000305175781,7.446406841278076,163000
2019-12-30,8.9350004196167,8.96500015258789,8.890000343322754,7.404783725738525,126800
2019-12-31,8.904999732971191,8.914999961853027,8.819999694824219,7.354835510253906,75400
2020-01-02,8.914999961853027,8.9350004196167,8.850000381469727,7.438081741333008,309000
2020-01-03,8.824999809265137,8.904999732971191,8.819999694824219,7.396458625793457,186200
2020-01-06,8.859999656677246,8.875,8.819999694824219,7.375646591186523,217600
2020-01-07,8.914999961853027,8.914999961853027,8.864999771118164,7.396458625793457,287200
2020-01-08,8.890000343322754,8.925000190734863,8.869999885559082,7.408945560455322,334800
2020-01-09,8.859999656677246,8.869999885559082,8.819999694824219,7.358997344970703,174600
2020-01-10,8.765000343322754,8.819999694824219,8.744999885559082,7.304886817932129,421800
2020-01-13,8.770000457763672,8.819999694824219,8.739999771118164,7.32986307144165,198800
2020-01-14,8.770000457763672,8.805000305175781,8.710000038146973,7.250777244567871,474000
2020-01-15,8.694999694824219,8.795000076293945,8.6850004196167,7.2382893562316895,226400
2020-01-16,8.704999923706055,8.755000114440918,8.6850004196167,7.2840752601623535,625200
2020-01-17,8.755000114440918,8.829999923706055,8.755000114440918,7.342348098754883,173800
2020-01-21,8.670000076293945,8.704999923706055,8.654999732971191,7.213315486907959,206400
2020-01-22,8.604999542236328,8.630000114440918,8.574999809265137,7.1758551597595215,311200
2020-01-23,8.625,8.625,8.550000190734863,7.1758551597595215,340600
2020-01-24,8.649999618530273,8.65999984741211,8.555000305175781,7.167530059814453,345000
2020-01-27,8.399999618530273,8.454999923706055,8.350000381469727,6.996875286102295,207400
2020-01-28,8.460000038146973,8.579999923706055,8.449999809265137,7.105095386505127,204200
2020-01-29,8.494999885559082,8.555000305175781,8.489999771118164,7.117583274841309,128200
2020-01-30,8.489999771118164,8.595000267028809,8.479999542236328,7.155043601989746,273800
2020-01-31,8.46500015258789,8.484999656677246,8.390000343322754,7.00103759765625,258600
2020-02-03,8.425000190734863,8.5,8.395000457763672,7.005199909210205,326000
2020-02-04,8.645000457763672,8.675000190734863,8.604999542236328,7.18418025970459,382800
2020-02-05,8.654999732971191,8.680000305175781,8.609999656677246,7.213315486907959,206600
2020-02-06,8.765000343322754,8.795000076293945,8.75,7.3173747062683105,167600
2020-02-07,8.6899995803833,8.789999961853027,8.664999961853027,7.246614456176758,380600
2020-02-10,8.654999732971191,8.720000267028809,8.649999618530273,7.242452621459961,129000
2020-02-11,8.710000038146973,8.765000343322754,8.680000305175781,7.2382893562316895,438200
2020-02-12,8.614999771118164,8.654999732971191,8.555000305175781,7.142556190490723,299200
2020-02-13,8.414999961853027,8.489999771118164,8.395000457763672,7.063472270965576,221600
2020-02-14,8.550000190734863,8.555000305175781,8.475000381469727,7.075958728790283,286800
2020-02-18,8.555000305175781,8.574999809265137,8.510000228881836,7.117583274841309,155600
2020-02-19,8.640000343322754,8.670000076293945,8.625,7.20082950592041,401400
2020-02-20,8.510000228881836,8.5649995803833,8.479999542236328,7.109257698059082,138600
2020-02-21,8.569999694824219,8.569999694824219,8.529999732971191,7.109257698059082,150000
2020-02-24,7.985000133514404,8.119999885559082,7.974999904632568,6.668051242828369,421400
2020-02-25,7.989999771118164,8,7.84499979019165,6.539019584655762,410600
2020-02-26,7.900000095367432,7.954999923706055,7.855000019073486,6.576479434967041,285200
2020-02-27,7.675000190734863,7.760000228881836,7.565000057220459,6.297604084014893,334400
2020-02-28,7.579999923706055,7.829999923706055,7.53000020980835,6.489071369171143,392600
2020-03-02,7.815000057220459,7.864999771118164,7.679999828338623,6.5473432540893555,316400
2020-03-03,7.784999847412109,7.974999904632568,7.679999828338623,6.393337249755859,407000
2020-03-04,7.800000190734863,7.96999979019165,7.739999771118164,6.613941192626953,304000
2020-03-05,7.699999809265137,7.789999961853027,7.614999771118164,6.372526168823242,210000
2020-03-06,7.539999961853027,7.635000228881836,7.485000133514404,6.3558759689331055,274600
2020-03-09,7.230000019073486,7.46999979019165,7.110000133514404,5.95629358291626,364600
2020-03-10,7.190000057220459,7.204999923706055,6.835000038146973,5.943806171417236,780200
2020-03-11,6.710000038146973,6.775000095367432,6.480000019073486,5.444326877593994,605000
2020-03-12,6.15500020980835,6.15500020980835,5.590000152587891,4.865762233734131,720000
2020-03-13,5.960000038146973,6.269999980926514,5.639999866485596,5.2195611000061035,1294800
2020-03-16,5.215000152587891,5.775000095367432,5.144999980926514,4.578561782836914,997200
2020-03-17,5.355000019073486,5.875,5.065000057220459,4.815814018249512,1148400
2020-03-18,5.394999980926514,5.71999979019165,5.235000133514404,4.42455530166626,605600
2020-03-19,5.489999771118164,5.690000057220459,5.355000019073486,4.457854270935059,620600
2020-03-20,5.860000133514404,5.914999961853027,5.554999828338623,4.674294948577881,539400
2020-03-23,5.409999847412109,5.744999885559082,5.369999885559082,4.611861228942871,1268800
2020-03-24,6.170000076293945,6.40500020980835,6.050000190734863,5.265346527099609,568200
2020-03-25,6.255000114440918,6.494999885559082,6.139999866485596,5.244534969329834,630800
2020-03-26,6.489999771118164,6.670000076293945,6.429999828338623,5.4651384353637695,572800
2020-03-27,6.215000152587891,6.460000038146973,6.130000114440918,5.148799896240234,507800
2020-03-30,6.260000228881836,6.429999828338623,6.170000076293945,5.215397834777832,851800
2020-03-31,6.309999942779541,6.614999771118164,6.269999980926514,5.277833461761475,623000
2020-04-01,6.195000171661377,6.224999904632568,6.005000114440918,5.0364179611206055,349600
2020-04-02,5.864999771118164,6.019999980926514,5.724999904632568,4.924034595489502,382000
2020-04-03,5.894999980926514,5.945000171661377,5.769999980926514,4.878249645233154,667600
2020-04-06,6.235000133514404,6.360000133514404,6.224999904632568,5.227885723114014,657000
2020-04-07,6.735000133514404,6.800000190734863,6.510000228881836,5.4651384353637695,518200
2020-04-08,6.59499979019165,6.699999809265137,6.494999885559082,5.502598762512207,533000
2020-04-09,6.909999847412109,7.005000114440918,6.744999885559082,5.735689163208008,379800
2020-04-13,6.699999809265137,7.090000152587891,6.570000171661377,5.635793209075928,426600
2020-04-14,7.034999847412109,7.324999809265137,7.034999847412109,6.085325241088867,674600
2020-04-15,6.840000152587891,7.139999866485596,6.840000152587891,5.889695167541504,374200
2020-04-16,6.78000020980835,6.78000020980835,6.5,5.481787204742432,729800
2020-04-17,7.074999809265137,7.09499979019165,6.925000190734863,5.831422805786133,428800
2020-04-20,6.659999847412109,6.90500020980835,6.659999847412109,5.644117832183838,1292600
2020-04-21,6.630000114440918,6.735000133514404,6.614999771118164,5.519248008728027,592800
2020-04-22,6.554999828338623,6.639999866485596,6.465000152587891,5.41519021987915,311800
2020-04-23,6.360000133514404,6.420000076293945,6.21999979019165,5.207074165344238,358400
2020-04-24,6.275000095367432,6.28000020980835,6.179999828338623,5.227885723114014,692600
2020-04-27,6.440000057220459,6.510000228881836,6.375,5.3652424812316895,438200
2020-04-28,6.264999866485596,6.360000133514404,6.230000019073486,5.232047080993652,359000
2020-04-29,6.414999961853027,6.554999828338623,6.385000228881836,5.431839942932129,1156600
2020-04-30,6.46999979019165,6.474999904632568,6.300000190734863,5.248696327209473,594600
2020-05-01,6.449999809265137,6.449999809265137,6.135000228881836,5.140476703643799,279600
2020-05-04,5.974999904632568,6.025000095367432,5.889999866485596,4.99895715713501,488400
2020-05-05,5.900000095367432,5.929999828338623,5.809999942779541,4.83662748336792,421800
2020-05-06,6.034999847412109,6.059999942779541,5.925000190734863,4.978146076202393,314600
2020-05-07,6.255000114440918,6.364999771118164,6.239999771118164,5.273670196533203,670600
2020-05-08,6.190000057220459,6.324999809265137,6.190000057220459,5.207074165344238,447800
2020-05-11,6.235000133514404,6.275000095367432,6.210000038146973,5.215397834777832,414200
2020-05-12,6.494999885559082,6.670000076293945,6.460000038146973,5.431839942932129,578200
2020-05-13,6.460000038146973,6.460000038146973,6.255000114440918,5.240372657775879,516600
2020-05-14,6.03000020980835,6.159999847412109,5.974999904632568,5.0822038650512695,379400
2020-05-15,6.099999904632568,6.135000228881836,6.014999866485596,5.061391830444336,346600
2020-05-18,6.184999942779541,6.474999904632568,6.175000190734863,5.369404315948486,596600
2020-05-19,6.255000114440918,6.300000190734863,6.179999828338623,5.148799896240234,1170200
2020-05-20,6.385000228881836,6.434999942779541,6.320000171661377,5.277833461761475,699400
2020-05-21,6.454999923706055,6.480000019073486,6.309999942779541,5.286157131195068,346000
2020-05-22,6.335000038146973,6.364999771118164,6.25,5.277833461761475,322600
2020-05-26,6.545000076293945,6.570000171661377,6.485000133514404,5.423514366149902,296600
2020-05-27,6.775000095367432,6.784999847412109,6.670000076293945,5.623307704925537,313800
2020-05-28,6.914999961853027,7.019999980926514,6.864999771118164,5.78980016708374,332800
2020-05-29,6.989999771118164,7.034999847412109,6.869999885559082,5.802286624908447,283800
2020-06-01,7.005000114440918,7.054999828338623,6.909999847412109,5.8147735595703125,496200
2020-06-02,7.139999866485596,7.255000114440918,7.119999885559082,5.960454940795898,315600
2020-06-03,7.34499979019165,7.570000171661377,7.335000038146973,6.26430606842041,199600
2020-06-04,7.335000038146973,7.465000152587891,7.335000038146973,6.16441011428833,282400
2020-06-05,7.590000152587891,7.724999904632568,7.494999885559082,6.26430606842041,179200
2020-06-08,7.5,7.519999980926514,7.375,6.185220718383789,195600
2020-06-09,7.264999866485596,7.349999904632568,7.21999979019165,6.031214237213135,190800
2020-06-10,7.420000076293945,7.539999961853027,7.355000019073486,6.176896095275879,270000
2020-06-11,7.164999961853027,7.164999961853027,6.869999885559082,5.719040393829346,265400
2020-06-12,6.980000019073486,6.989999771118164,6.775000095367432,5.731527328491211,284000
2020-06-15,6.670000076293945,6.894999980926514,6.550000190734863,5.689903736114502,269400
2020-06-16,6.989999771118164,7,6.875,5.768988132476807,219400
2020-06-17,7.050000190734863,7.085000038146973,6.954999923706055,5.78980016708374,192400
2020-06-18,6.90500020980835,6.985000133514404,6.869999885559082,5.735689163208008,186600
2020-06-19,7.019999980926514,7.050000190734863,6.849999904632568,5.714877128601074,213400
2020-06-22,6.809999942779541,6.925000190734863,6.809999942779541,5.744014263153076,202400
2020-06-23,6.934999942779541,6.974999904632568,6.840000152587891,5.710714817047119,249200
2020-06-24,6.815000057220459,6.840000152587891,6.670000076293945,5.594170093536377,344400
2020-06-25,6.659999847412109,6.809999942779541,6.630000114440918,5.65244197845459,234800
2020-06-26,6.699999809265137,6.704999923706055,6.610000133514404,5.540060997009277,158800
2020-06-29,6.744999885559082,6.824999809265137,6.675000190734863,5.606658458709717,180400
2020-06-30,6.514999866485596,6.684999942779541,6.489999771118164,5.510922908782959,202600
2020-07-01,6.545000076293945,6.65500020980835,6.545000076293945,5.510922908782959,115800
2020-07-02,6.889999866485596,6.90500020980835,6.755000114440918,5.660767078399658,186800
2020-07-06,6.925000190734863,6.940000057220459,6.855000019073486,5.735689163208008,137400
2020-07-07,6.775000095367432,6.784999847412109,6.635000228881836,5.552546977996826,191400
2020-07-08,6.554999828338623,6.644999980926514,6.550000190734863,5.519248008728027,174800
2020-07-09,6.599999904632568,6.625,6.474999904632568,5.4651384353637695,241000
2020-07-10,6.525000095367432,6.574999809265137,6.494999885559082,5.47346305847168,128600
2020-07-13,6.605000019073486,6.644999980926514,6.5,5.427676677703857,282200
2020-07-14,6.400000095367432,6.514999866485596,6.389999866485596,5.40686559677124,208400
2020-07-15,6.625,6.675000190734863,6.570000171661377,5.502598762512207,158200
2020-07-16,6.590000152587891,6.650000095367432,6.505000114440918,5.452651023864746,255400
2020-07-17,6.614999771118164,6.625,6.570000171661377,5.498436450958252,285600
2020-07-20,6.570000171661377,6.614999771118164,6.545000076293945,5.506761074066162,210800
2020-07-21,6.704999923706055,6.784999847412109,6.695000171661377,5.627469539642334,518400
2020-07-22,6.619999885559082,6.695000171661377,6.59499979019165,5.569195747375488,156200
2020-07-23,6.635000228881836,6.699999809265137,6.579999923706055,5.4942731857299805,979800
2020-07-24,6.590000152587891,6.670000076293945,6.574999809265137,5.540060997009277,214600
2020-07-27,6.730000019073486,6.784999847412109,6.699999809265137,5.639955520629883,168600
2020-07-28,6.775000095367432,6.889999866485596,6.755000114440918,5.677416801452637,313800
2020-07-29,6.900000095367432,6.974999904632568,6.880000114440918,5.752338886260986,458200
2020-07-30,6.699999809265137,6.764999866485596,6.610000133514404,5.631631374359131,182800
2020-07-31,6.715000152587891,6.715000152587891,6.559999942779541,5.485949516296387,264000
2020-08-03,6.519999980926514,6.619999885559082,6.5,5.510922908782959,218200
2020-08-04,6.53000020980835,6.644999980926514,6.53000020980835,5.531735420227051,305400
2020-08-05,6.730000019073486,6.764999866485596,6.659999847412109,5.58168363571167,134400
2020-08-06,6.639999866485596,6.699999809265137,6.585000038146973,5.560871124267578,219600
2020-08-07,6.554999828338623,6.664999961853027,6.554999828338623,5.535897731781006,249400
2020-08-10,6.610000133514404,6.735000133514404,6.610000133514404,5.560871124267578,169000
2020-08-11,6.925000190734863,7.025000095367432,6.880000114440918,5.735689163208008,266000
2020-08-12,7.039999961853027,7.135000228881836,7.025000095367432,5.927156448364258,352200
2020-08-13,7.050000190734863,7.130000114440918,7.045000076293945,5.885533809661865,148400
2020-08-14,6.980000019073486,7.045000076293945,6.965000152587891,5.8563971519470215,612600
2020-08-17,7.010000228881836,7.070000171661377,6.980000019073486,5.881371021270752,355600
2020-08-18,6.994999885559082,7,6.889999866485596,5.810611248016357,540800
2020-08-19,6.925000190734863,6.954999923706055,6.880000114440918,5.756501197814941,1001400
2020-08-20,6.764999866485596,6.849999904632568,6.744999885559082,5.689903736114502,428800
2020-08-21,6.730000019073486,6.869999885559082,6.71999979019165,5.719040393829346,416800
2020-08-24,6.985000133514404,7.050000190734863,6.96999979019165,5.8272600173950195,423200
2020-08-25,7.054999828338623,7.074999809265137,6.989999771118164,5.8772077560424805,190400
2020-08-26,7.054999828338623,7.135000228881836,7.039999961853027,5.927156448364258,264400
2020-08-27,7.135000228881836,7.135000228881836,7.025000095367432,5.893857955932617,292000
2020-08-28,7.144999980926514,7.184999942779541,7.09499979019165,5.960454940795898,225000
2020-08-31,7.050000190734863,7.074999809265137,6.985000133514404,5.8688836097717285,2330400
2020-09-01,6.894999980926514,6.96999979019165,6.864999771118164,5.764827251434326,4484200
2020-09-02,6.934999942779541,7.045000076293945,6.900000095367432,5.864720821380615,391000
2020-09-03,7.079999923706055,7.139999866485596,6.945000171661377,5.823098182678223,238400
2020-09-04,6.925000190734863,6.949999809265137,6.769999980926514,5.727364540100098,254200
2020-09-08,6.650000095367432,6.855000019073486,6.635000228881836,5.635793209075928,207800
2020-09-09,6.760000228881836,6.809999942779541,6.724999904632568,5.639955520629883,216800
2020-09-10,6.860000133514404,6.960000038146973,6.784999847412109,5.685741424560547,231000
2020-09-11,6.860000133514404,6.940000057220459,6.820000171661377,5.727364540100098,305600
2020-09-14,6.809999942779541,6.809999942779541,6.690000057220459,5.594170093536377,166200
2020-09-15,7.159999847412109,7.159999847412109,7.039999961853027,5.881371021270752,336200
2020-09-16,7.485000133514404,7.684999942779541,7.485000133514404,6.3475518226623535,229400
2020-09-17,7.460000038146973,7.565000057220459,7.445000171661377,6.293440818786621,166000
2020-09-18,7.355000019073486,7.420000076293945,7.309999942779541,6.139435768127441,162400
2020-09-21,7.144999980926514,7.25,7.125,6.0145649909973145,222600
2020-09-22,7.085000038146973,7.099999904632568,6.989999771118164,5.889695167541504,226400
2020-09-23,7.150000095367432,7.164999961853027,6.985000133514404,5.823098182678223,305000
2020-09-24,6.885000228881836,6.934999942779541,6.795000076293945,5.723202705383301,158600
2020-09-25,6.739999771118164,6.894999980926514,6.71999979019165,5.723202705383301,176400
2020-09-28,7.019999980926514,7.050000190734863,6.965000152587891,5.843909740447998,142000
2020-09-29,7.034999847412109,7.105000019073486,6.980000019073486,5.889695167541504,169000
2020-09-30,6.929999828338623,7.039999961853027,6.929999828338623,5.79812479019165,250200
2020-10-01,7.179999828338623,7.204999923706055,7.105000019073486,5.95629358291626,185800
2020-10-02,7.085000038146973,7.139999866485596,7.03000020980835,5.902182579040527,155200
2020-10-05,7.175000190734863,7.21999979019165,7.119999885559082,6.010402679443359,218800
2020-10-06,7.300000190734863,7.300000190734863,7.105000019073486,5.968780040740967,356000
2020-10-07,7.125,7.184999942779541,7.079999923706055,5.95629358291626,164200
2020-10-08,7.170000076293945,7.175000190734863,7.09499979019165,5.943806171417236,236000
2020-10-09,7.130000114440918,7.224999904632568,7.130000114440918,5.968780040740967,189000
2020-10-12,7.085000038146973,7.195000171661377,7.085000038146973,5.952130317687988,204200
2020-10-13,7.079999923706055,7.099999904632568,7.019999980926514,5.864720821380615,229000
2020-10-14,7.079999923706055,7.15500020980835,7,5.839747428894043,274800
2020-10-15,6.809999942779541,6.914999961853027,6.809999942779541,5.752338886260986,229200
2020-10-16,6.914999961853027,6.934999942779541,6.855000019073486,5.735689163208008,386400
2020-10-19,7.105000019073486,7.105000019073486,6.929999828338623,5.802286624908447,377600
2020-10-20,7.159999847412109,7.179999828338623,7.065000057220459,5.898020267486572,1068200
2020-10-21,7.164999961853027,7.175000190734863,7.079999923706055,5.972942352294922,4243800
2020-10-22,7.164999961853027,7.164999961853027,7.039999961853027,5.914669513702393,2258000
2020-10-23,7.159999847412109,7.224999904632568,7.114999771118164,5.985429763793945,232400
2020-10-26,7.144999980926514,7.144999980926514,6.940000057220459,5.823098182678223,890400
2020-10-27,6.869999885559082,6.875,6.670000076293945,5.552546977996826,289000
2020-10-28,6.420000076293945,6.485000133514404,6.320000171661377,5.30696964263916,860400
2020-10-29,6.110000133514404,6.300000190734863,6.110000133514404,5.267745494842529,444200
2020-10-30,6.224999904632568,6.260000228881836,6.125,5.2466583251953125,332400
2020-11-02,6.260000228881836,6.275000095367432,6.159999847412109,5.2424397468566895,317000
2020-11-03,6.449999809265137,6.590000152587891,6.449999809265137,5.4997124671936035,381200
2020-11-04,6.554999828338623,6.670000076293945,6.480000019073486,5.567193031311035,271800
2020-11-05,6.800000190734863,6.925000190734863,6.789999961853027,5.828683376312256,281000
2020-11-06,6.929999828338623,6.96999979019165,6.860000133514404,5.824466228485107,225600
2020-11-09,8.020000457763672,8.09000015258789,7.735000133514404,6.579410552978516,868400
2020-11-10,8.020000457763672,8.125,8.020000457763672,6.840899467468262,211400
2020-11-11,8.010000228881836,8.010000228881836,7.900000095367432,6.689067840576172,224400
2020-11-12,7.795000076293945,7.889999866485596,7.139999866485596,6.541452884674072,2076000
2020-11-13,7.869999885559082,8.020000457763672,7.869999885559082,6.764984130859375,604200
2020-11-16,8.1850004196167,8.270000457763672,8.145000457763672,6.912598609924316,958200
2020-11-17,8.119999885559082,8.15999984741211,8.050000190734863,6.866206169128418,415600
2020-11-18,8.069999694824219,8.199999809265137,8.069999694824219,6.828248023986816,323800
2020-11-19,8.069999694824219,8.135000228881836,7.965000152587891,6.828248023986816,355200
2020-11-20,8.095000267028809,8.140000343322754,8.039999961853027,6.840899467468262,349400
2020-11-23,8.220000267028809,8.220000267028809,8.029999732971191,6.836682319641113,210600
2020-11-24,8.295000076293945,8.350000381469727,8.244999885559082,7.039126396179199,310200
2020-11-25,8.369999885559082,8.444999694824219,8.345000267028809,7.115042209625244,205800
2020-11-27,8.4399995803833,8.494999885559082,8.350000381469727,7.1487836837768555,259800
2020-11-30,8.385000228881836,8.399999618530273,8.239999771118164,7.0517778396606445,219000
2020-12-01,8.420000076293945,8.449999809265137,8.359999656677246,7.106607437133789,310400
2020-12-02,8.420000076293945,8.510000228881836,8.390000343322754,7.169870376586914,226200
2020-12-03,8.40999984741211,8.494999885559082,8.385000228881836,7.131912708282471,466400
2020-12-04,8.34000015258789,8.489999771118164,8.34000015258789,7.1487836837768555,600200
2020-12-07,8.399999618530273,8.4350004196167,8.359999656677246,7.110825538635254,420800
2020-12-08,8.225000381469727,8.239999771118164,8.119999885559082,6.912598609924316,211000
2020-12-09,8.244999885559082,8.25,8.149999618530273,6.929469108581543,189800
2020-12-10,8.045000076293945,8.175000190734863,8.045000076293945,6.895729064941406,362000
2020-12-11,8.039999961853027,8.09000015258789,7.994999885559082,6.824029922485352,1153800
2020-12-14,8.305000305175781,8.645000457763672,8.239999771118164,7.2415690422058105,9361400
2020-12-15,8.194999694824219,8.3100004196167,8.029999732971191,6.925251483917236,5042000
2020-12-16,8.175000190734863,8.175000190734863,8.074999809265137,6.845117568969727,2058600
2020-12-17,8.130000114440918,8.194999694824219,8.109999656677246,6.8999457359313965,349600
2020-12-18,8.050000190734863,8.119999885559082,8,6.78607177734375,1007800
2020-12-21,7.744999885559082,7.880000114440918,7.650000095367432,6.625804424285889,469600
2020-12-22,7.855000019073486,7.925000190734863,7.775000095367432,6.617368221282959,494200
2020-12-23,7.860000133514404,7.96999979019165,7.84499979019165,6.663762092590332,378400
2020-12-24,7.914999961853027,8.125,7.84499979019165,6.714373588562012,233000
2020-12-28,8.045000076293945,8.125,8.020000457763672,6.777637004852295,257200
2020-12-29,8.1850004196167,8.244999885559082,8.0600004196167,6.849335193634033,932400
2020-12-30,8.085000038146973,8.170000076293945,8.085000038146973,6.832466125488281,1176600
2020-12-31,7.974999904632568,8.274999618530273,7.960000038146973,6.764984130859375,341800
2021-01-04,8.069999694824219,8.069999694824219,7.885000228881836,6.701720237731934,398000
2021-01-05,7.920000076293945,7.994999885559082,7.840000152587891,6.71859073638916,337800
2021-01-06,8.095000267028809,8.1850004196167,8.0600004196167,6.836682319641113,384000
2021-01-07,8.015000343322754,8.104999542236328,8,6.78607177734375,367400
2021-01-08,8.180000305175781,8.229999542236328,8.100000381469727,6.90838098526001,297200
2021-01-11,8,8.0600004196167,7.929999828338623,6.714373588562012,396800
2021-01-12,8,8.005000114440918,7.909999847412109,6.731242656707764,514200
2021-01-13,7.75,7.894999980926514,7.744999885559082,6.621586322784424,513400
2021-01-14,8.069999694824219,8.069999694824219,7.945000171661377,6.722807884216309,669200
2021-01-15,7.920000076293945,8.005000114440918,7.784999847412109,6.642673969268799,444800
2021-01-19,7.965000152587891,7.965000152587891,7.829999923706055,6.630021572113037,515400
2021-01-20,7.840000152587891,7.974999904632568,7.840000152587891,6.727025508880615,341000
2021-01-21,7.925000190734863,7.974999904632568,7.864999771118164,6.705937385559082,423400
2021-01-22,7.75,7.855000019073486,7.75,6.604715824127197,551600
2021-01-25,7.554999828338623,7.65500020980835,7.534999847412109,6.419143199920654,526600
2021-01-26,7.590000152587891,7.684999942779541,7.590000152587891,6.457101821899414,551600
2021-01-27,7.574999809265137,7.619999885559082,7.465000152587891,6.360097408294678,433800
2021-01-28,7.565000057220459,7.695000171661377,7.525000095367432,6.448666095733643,574400
2021-01-29,7.474999904632568,7.514999866485596,7.400000095367432,6.2630934715271,349200
2021-02-01,7.434999942779541,7.494999885559082,7.400000095367432,6.322138786315918,394800
2021-02-02,7.5,7.574999809265137,7.434999942779541,6.3811845779418945,579800
2021-02-03,7.625,7.65500020980835,7.545000076293945,6.448666095733643,905200
2021-02-04,7.625,7.730000019073486,7.559999942779541,6.495059013366699,558200
2021-02-05,7.869999885559082,7.900000095367432,7.829999923706055,6.659544467926025,320000
2021-02-08,7.920000076293945,7.934999942779541,7.815000057220459,6.630021572113037,378200
2021-02-09,7.820000171661377,7.894999980926514,7.78000020980835,6.638456344604492,329800
2021-02-10,7.744999885559082,7.835000038146973,7.724999904632568,6.566757678985596,282000
2021-02-11,7.710000038146973,7.835000038146973,7.659999847412109,6.558323383331299,605600
2021-02-12,7.755000114440918,7.849999904632568,7.744999885559082,6.596281051635742,423200
2021-02-16,7.824999809265137,7.894999980926514,7.78000020980835,6.638456344604492,661600
2021-02-17,7.78000020980835,7.860000133514404,7.695000171661377,6.604715824127197,597600
2021-02-18,7.860000133514404,8.020000457763672,7.829999923706055,6.663762092590332,2039800
2021-02-19,7.974999904632568,8,7.809999942779541,6.587845325469971,260000
2021-02-22,7.835000038146973,7.989999771118164,7.815000057220459,6.697502613067627,377800
2021-02-23,8.28499984741211,8.420000076293945,8.274999618530273,7.081302165985107,418800
2021-02-24,8.25,8.28499984741211,8.175000190734863,6.988515853881836,368400
2021-02-25,8.5600004196167,8.595000267028809,8.300000190734863,7.081302165985107,1251800
2021-02-26,8.34000015258789,8.380000114440918,8.234999656677246,7.018038749694824,889000
2021-03-01,8.375,8.505000114440918,8.324999809265137,7.098172187805176,2955200
2021-03-02,8.619999885559082,8.619999885559082,8.479999542236328,7.186740875244141,1090200
2021-03-03,8.505000114440918,8.574999809265137,8.454999923706055,7.1740899085998535,6139400
2021-03-04,8.274999618530273,8.34000015258789,8.09000015258789,6.866206169128418,2986400
2021-03-05,8.364999771118164,8.390000343322754,7.815000057220459,7.068648815155029,971200
2021-03-08,8.350000381469727,8.524999618530273,8.239999771118164,7.039126396179199,519000
2021-03-09,8.635000228881836,8.704999923706055,8.555000305175781,7.292181968688965,331600
2021-03-10,8.694999694824219,8.795000076293945,8.654999732971191,7.351225852966309,341000
2021-03-11,8.850000381469727,9,8.850000381469727,7.583193302154541,412200
2021-03-12,8.850000381469727,9.069999694824219,8.850000381469727,7.625368595123291,390800
2021-03-15,8.925000190734863,9.079999923706055,8.925000190734863,7.6591081619262695,2113400
2021-03-16,8.899999618530273,8.904999732971191,8.795000076293945,7.444012641906738,407600
2021-03-17,8.640000343322754,8.78499984741211,8.574999809265137,7.376533031463623,692600
2021-03-18,8.510000228881836,8.619999885559082,8.444999694824219,7.123477458953857,379000
2021-03-19,8.335000038146973,8.444999694824219,8.279999732971191,7.009604454040527,321200
2021-03-22,8.279999732971191,8.279999732971191,8.164999961853027,6.8999457359313965,307000
2021-03-23,8.305000305175781,8.3100004196167,8.194999694824219,6.9379048347473145,338200
2021-03-24,8.15999984741211,8.3149995803833,8.15999984741211,6.9168171882629395,410000
2021-03-25,8.1899995803833,8.295000076293945,8.085000038146973,6.996951103210449,437600
2021-03-26,8.395000457763672,8.395000457763672,8.295000076293945,7.039126396179199,335600
2021-03-29,8.300000190734863,8.350000381469727,8.244999885559082,6.992733478546143,327400
2021-03-30,8.210000038146973,8.390000343322754,8.210000038146973,7.013820171356201,249000
2021-03-31,8.350000381469727,8.350000381469727,8.199999809265137,6.975863456726074,277000
2021-04-01,8.260000228881836,8.395000457763672,8.244999885559082,7.0517778396606445,410400
2021-04-05,8.324999809265137,8.579999923706055,8.324999809265137,7.207829475402832,412000
2021-04-06,8.359999656677246,8.515000343322754,8.345000267028809,7.110825538635254,307400
2021-04-07,8.329999923706055,8.375,8.289999961853027,7.005386829376221,1367000
2021-04-08,8.180000305175781,8.345000267028809,8.180000305175781,7.018038749694824,6149400
2021-04-09,8.225000381469727,8.3100004196167,8.194999694824219,6.933687686920166,5721000
2021-04-12,8.164999961853027,8.199999809265137,8.130000114440918,6.874640464782715,3160800
2021-04-13,8.1899995803833,8.300000190734863,8.180000305175781,6.975863456726074,556400
2021-04-14,8.300000190734863,8.345000267028809,8.270000457763672,7.001167297363281,409200
2021-04-15,8.40999984741211,8.5649995803833,8.40999984741211,7.1740899085998535,759800
2021-04-16,8.425000190734863,8.550000190734863,8.420000076293945,7.207829475402832,534000
2021-04-19,8.649999618530273,8.6899995803833,8.630000114440918,7.304832935333252,317600
2021-04-20,8.4350004196167,8.489999771118164,8.350000381469727,7.110825538635254,704600
2021-04-21,8.494999885559082,8.654999732971191,8.494999885559082,7.271091938018799,378200
2021-04-22,8.649999618530273,8.899999618530273,8.649999618530273,7.40605354309082,525600
2021-04-23,8.760000228881836,8.925000190734863,8.760000228881836,7.515710830688477,539400
2021-04-26,8.864999771118164,8.864999771118164,8.8149995803833,7.465101718902588,353000
2021-04-27,8.8100004196167,8.850000381469727,8.78499984741211,7.460884094238281,306800
2021-04-28,8.90999984741211,9.0600004196167,8.90999984741211,7.642239093780518,533600
2021-04-29,8.960000038146973,9.125,8.960000038146973,7.740379333496094,526400
2021-04-30,9.005000114440918,9.029999732971191,8.890000343322754,7.586768627166748,926800
2021-05-03,9.005000114440918,9.09000015258789,9,7.7275776863098145,816200
2021-05-04,9.149999618530273,9.149999618530273,9.010000228881836,7.770249366760254,598200
2021-05-05,9.145000457763672,9.204999923706055,9.119999885559082,7.834254264831543,501000
2021-05-06,9.354999542236328,9.449999809265137,9.28499984741211,8.060405731201172,325200
2021-05-07,9.289999961853027,9.4350004196167,9.289999961853027,8.017735481262207,1139600
2021-05-10,9.494999885559082,9.604999542236328,9.475000381469727,8.103076934814453,5846200
2021-05-11,9.484999656677246,9.484999656677246,9.345000267028809,8.004935264587402,526400
2021-05-12,9.180000305175781,9.305000305175781,9.180000305175781,7.881192684173584,382000
2021-05-13,9.180000305175781,9.345000267028809,9.180000305175781,7.9665327072143555,1228800
2021-05-14,9.510000228881836,9.725000381469727,9.510000228881836,8.286559104919434,3402200
2021-05-17,9.720000267028809,9.869999885559082,9.720000267028809,8.41030216217041,497600
2021-05-18,9.960000038146973,10.010000228881836,9.40999984741211,8.534048080444336,461600
2021-05-19,9.720000267028809,10.100000381469727,9.6850004196167,8.384700775146484,576600
2021-05-20,9.680000305175781,9.805000305175781,9.680000305175781,8.346298217773438,281800
2021-05-21,9.854999542236328,9.930000305175781,9.795000076293945,8.423103332519531,248800
2021-05-24,9.829999923706055,9.904999732971191,9.8149995803833,8.406035423278809,265200
2021-05-25,9.829999923706055,9.850000381469727,9.744999885559082,8.333497047424316,963000
2021-05-26,9.734999656677246,9.78499984741211,9.675000190734863,8.303625106811523,1479600
2021-05-27,9.630000114440918,9.645000457763672,9.449999809265137,8.103076934814453,1938400
2021-05-28,9.6899995803833,9.739999771118164,9.654999732971191,8.286559104919434,956600
2021-06-01,9.8100004196167,9.8100004196167,9.694999694824219,8.320694923400879,752400
2021-06-02,9.779999732971191,9.779999732971191,9.6899995803833,8.286559104919434,700800
2021-06-03,9.595000267028809,9.609999656677246,9.529999732971191,8.184151649475098,631600
2021-06-04,9.579999923706055,9.720000267028809,9.579999923706055,8.24815559387207,1253200
2021-06-07,9.895000457763672,9.895000457763672,9.770000457763672,8.363367080688477,2143600
2021-06-08,9.78499984741211,9.885000228881836,9.779999732971191,8.423103332519531,3019400
2021-06-09,9.630000114440918,9.675000190734863,9.600000381469727,8.205485343933105,1588200
2021-06-10,9.484999656677246,9.529999732971191,9.414999961853027,8.068940162658691,2113000
2021-06-11,9.430000305175781,9.494999885559082,9.425000190734863,8.103076934814453,281600
2021-06-14,9.600000381469727,9.694999694824219,9.600000381469727,8.235356330871582,205600
2021-06-15,9.460000038146973,9.5,9.390000343322754,8.026270866394043,268800
2021-06-16,9.414999961853027,9.420000076293945,9.300000190734863,7.957999229431152,347200
2021-06-17,9.350000381469727,9.350000381469727,9.239999771118164,7.919595718383789,422000
2021-06-18,9.265000343322754,9.265000343322754,9,7.693443775177002,445600
2021-06-21,9.050000190734863,9.149999618530273,9.029999732971191,7.800117492675781,257200
2021-06-22,9.09000015258789,9.154999732971191,9.069999694824219,7.808652400970459,535400
2021-06-23,9.149999618530273,9.154999732971191,9.03499984741211,7.723313331604004,223000
2021-06-24,9.154999732971191,9.239999771118164,9.154999732971191,7.8641228675842285,287200
2021-06-25,9.154999732971191,9.25,9.149999618530273,7.855589389801025,215800
2021-06-28,8.925000190734863,9.029999732971191,8.925000190734863,7.659307956695557,787600
2021-06-29,9.005000114440918,9.005000114440918,8.875,7.603834629058838,242000
2021-06-30,8.875,8.875,8.789999961853027,7.552631378173828,315400
2021-07-01,8.9350004196167,8.979999542236328,8.835000038146973,7.595301151275635,204600
2021-07-02,8.78499984741211,8.854999542236328,8.774999618530273,7.535563945770264,287000
2021-07-06,8.829999923706055,8.829999923706055,8.725000381469727,7.488625526428223,336600
2021-07-07,8.729999542236328,8.824999809265137,8.729999542236328,7.484359264373779,264600
2021-07-08,8.604999542236328,8.675000190734863,8.524999618530273,7.369150161743164,317200
2021-07-09,8.720000267028809,8.875,8.720000267028809,7.544097423553467,833600
2021-07-12,8.880000114440918,8.920000076293945,8.770000457763672,7.544097423553467,610600
2021-07-13,8.739999771118164,8.75,8.635000228881836,7.377684593200684,880600
2021-07-14,8.65999984741211,8.704999923706055,8.585000038146973,7.377684593200684,1447800
2021-07-15,8.234999656677246,8.300000190734863,8.135000228881836,6.968048095703125,1290800
2021-07-16,8.229999542236328,8.305000305175781,8.125,7.027787685394287,1560600
2021-07-19,8.085000038146973,8.130000114440918,8.055000305175781,6.908311367034912,506800
2021-07-20,8.164999961853027,8.225000381469727,8.085000038146973,7.0107197761535645,504200
2021-07-21,8.329999923706055,8.430000305175781,8.324999809265137,7.181400775909424,271600
2021-07-22,8.425000190734863,8.430000305175781,8.3100004196167,7.155798435211182,333800
2021-07-23,8.470000267028809,8.510000228881836,8.46500015258789,7.258208274841309,264000
2021-07-26,8.40999984741211,8.53499984741211,8.40999984741211,7.275274753570557,272800
2021-07-27,8.5600004196167,8.5600004196167,8.345000267028809,7.181400775909424,345000
2021-07-28,8.350000381469727,8.454999923706055,8.329999923706055,7.194202423095703,275600
2021-07-29,8.5,8.595000267028809,8.470000267028809,7.232605457305908,331600
2021-07-30,8.404999732971191,8.515000343322754,8.404999732971191,7.224071025848389,205400
2021-08-02,8.649999618530273,8.680000305175781,8.579999923706055,7.347813606262207,353800
2021-08-03,8.510000228881836,8.600000381469727,8.510000228881836,7.339280128479004,358000
2021-08-04,8.274999618530273,8.505000114440918,8.274999618530273,7.228336811065674,220600
2021-08-05,8.40999984741211,8.539999961853027,8.40999984741211,7.271008014678955,305400
2021-08-06,8.364999771118164,8.5,8.364999771118164,7.215536117553711,347800
2021-08-09,8.28499984741211,8.4399995803833,8.28499984741211,7.1728668212890625,377400
2021-08-10,8.404999732971191,8.470000267028809,8.404999732971191,7.219803333282471,277000
2021-08-11,8.640000343322754,8.6850004196167,8.595000267028809,7.369150161743164,290200
2021-08-12,8.625,8.765000343322754,8.625,7.47582483291626,239400
2021-08-13,8.805000305175781,8.880000114440918,8.805000305175781,7.548365116119385,199600
2021-08-16,8.6850004196167,8.720000267028809,8.625,7.424620151519775,377000
2021-08-17,8.595000267028809,8.604999542236328,8.524999618530273,7.322211265563965,292800
2021-08-18,8.515000343322754,8.704999923706055,8.515000343322754,7.356348037719727,232400
2021-08-19,8.475000381469727,8.574999809265137,8.475000381469727,7.296609878540039,360200
2021-08-20,8.675000190734863,8.760000228881836,8.675000190734863,7.458756446838379,251800
2021-08-23,8.699999809265137,8.8100004196167,8.699999809265137,7.501426696777344,424400
2021-08-24,8.664999961853027,8.774999618530273,8.574999809265137,7.484359264373779,404600
2021-08-25,8.680000305175781,8.680000305175781,8.569999694824219,7.343547344207764,242600
2021-08-26,8.489999771118164,8.539999961853027,8.470000267028809,7.245406150817871,300200
2021-08-27,8.524999618530273,8.600000381469727,8.505000114440918,7.313676834106445,284400
2021-08-30,8.520000457763672,8.555000305175781,8.470000267028809,7.283809185028076,287800
2021-08-31,8.4350004196167,8.555000305175781,8.4350004196167,7.283809185028076,214400
2021-09-01,8.864999771118164,8.864999771118164,8.795000076293945,7.535563945770264,410000
2021-09-02,8.890000343322754,8.890000343322754,8.795000076293945,7.531296730041504,401800
2021-09-03,8.824999809265137,8.84000015258789,8.755000114440918,7.488625526428223,286000
2021-09-07,8.835000038146973,8.835000038146973,8.765000343322754,7.501426696777344,219400
2021-09-08,8.875,8.875,8.779999732971191,7.535563945770264,258200
2021-09-09,8.6899995803833,8.760000228881836,8.675000190734863,7.437420845031738,269600
2021-09-10,8.699999809265137,8.725000381469727,8.664999961853027,7.433155059814453,240800
2021-09-13,8.800000190734863,8.800000190734863,8.6899995803833,7.445956230163574,222400
2021-09-14,8.859999656677246,8.949999809265137,8.819999694824219,7.586768627166748,227000
2021-09-15,8.739999771118164,8.854999542236328,8.739999771118164,7.539830684661865,476400
2021-09-16,9.1899995803833,9.265000343322754,9.135000228881836,7.893992900848389,307800
2021-09-17,9.359999656677246,9.385000228881836,9.229999542236328,7.957999229431152,259000
2021-09-20,9.3100004196167,9.390000343322754,9.220000267028809,7.949463844299316,334000
2021-09-21,9.395000457763672,9.524999618530273,9.395000457763672,8.115878105163574,320600
2021-09-22,9.510000228881836,9.515000343322754,9.414999961853027,8.056138038635254,310800
2021-09-23,9.425000190734863,9.454999923706055,9.399999618530273,8.030537605285645,240800
2021-09-24,9.364999771118164,9.364999771118164,9.279999732971191,7.949463844299316,259400
2021-09-27,9.40999984741211,9.489999771118164,9.40999984741211,8.077475547790527,249600
2021-09-28,9.28499984741211,9.28499984741211,9.109999656677246,7.808652400970459,224800
2021-09-29,9.274999618530273,9.375,9.255000114440918,7.9665327072143555,176000
2021-09-30,9.369999885559082,9.385000228881836,9.180000305175781,7.842789173126221,325800
2021-10-01,9.279999732971191,9.359999656677246,9.220000267028809,7.9665327072143555,243200
2021-10-04,9.260000228881836,9.34000015258789,9.164999961853027,7.876924991607666,295200
2021-10-05,9.28499984741211,9.359999656677246,9.255000114440918,7.957999229431152,267000
2021-10-06,9,9.005000114440918,8.84000015258789,7.625171184539795,411000
2021-10-07,9,9.145000457763672,9,7.761715412139893,217800
2021-10-08,9.135000228881836,9.135000228881836,9.055000305175781,7.731846809387207,197000
2021-10-11,8.920000076293945,8.954999923706055,8.859999656677246,7.561164855957031,231400
2021-10-12,8.789999961853027,8.805000305175781,8.699999809265137,7.467289924621582,288600
2021-10-13,8.800000190734863,8.84000015258789,8.75,7.531296730041504,391800
2021-10-14,8.854999542236328,8.864999771118164,8.795000076293945,7.527028560638428,749400
2021-10-15,9.029999732971191,9.055000305175781,8.984999656677246,7.71051025390625,342000
2021-10-18,9,9.085000038146973,8.975000381469727,7.744647026062012,601200
2021-10-19,9.210000038146973,9.279999732971191,9.199999809265137,7.8854594230651855,256800
2021-10-20,9.170000076293945,9.204999923706055,9.09000015258789,7.8299880027771,249000
2021-10-21,9.074999809265137,9.130000114440918,9.0649995803833,7.7830491065979,216200
2021-10-22,9,9.029999732971191,8.9399995803833,7.663573265075684,199400
2021-10-25,8.914999961853027,8.960000038146973,8.859999656677246,7.62943696975708,334000
2021-10-26,9.050000190734863,9.050000190734863,8.9350004196167,7.650773048400879,231600
2021-10-27,8.989999771118164,9.015000343322754,8.854999542236328,7.642239093780518,163200
2021-10-28,9.074999809265137,9.125,8.989999771118164,7.753181457519531,192000
2021-10-29,8.904999732971191,9.194999694824219,8.904999732971191,7.8470563888549805,257000
2021-11-01,9.295000076293945,9.454999923706055,9.295000076293945,8.056138038635254,258200
2021-11-02,9.420000076293945,9.420000076293945,9.270000457763672,7.945197105407715,197400
2021-11-03,9.180000305175781,9.289999961853027,9.135000228881836,7.906794548034668,213200
2021-11-04,9.354999542236328,9.4350004196167,9.305000305175781,8.047606468200684,173000
2021-11-05,9.28499984741211,9.359999656677246,9.265000343322754,8.07003402709961,220200
2021-11-08,9.170000076293945,9.170000076293945,9.069999694824219,7.854373455047607,250600
2021-11-09,9.229999542236328,9.279999732971191,9.194999694824219,7.975143909454346,190000
2021-11-10,9.494999885559082,9.494999885559082,9.220000267028809,7.97083044052124,230000
2021-11-11,9.28499984741211,9.28499984741211,9.09000015258789,7.854373455047607,233600
2021-11-12,9.079999923706055,9.119999885559082,9.069999694824219,7.858686447143555,182600
2021-11-15,9.055000305175781,9.140000343322754,9.050000190734863,7.815555095672607,228800
2021-11-16,8.979999542236328,9.015000343322754,8.960000038146973,7.737916469573975,228800
2021-11-17,8.930000305175781,8.96500015258789,8.895000457763672,7.71635103225708,210600
2021-11-18,9.020000457763672,9.079999923706055,9.005000114440918,7.811239719390869,397000
2021-11-19,8.6850004196167,8.71500015258789,8.569999694824219,7.4101128578186035,562200
2021-11-22,8.795000076293945,8.795000076293945,8.664999961853027,7.474809646606445,744000
2021-11-23,9.03499984741211,9.0600004196167,8.9399995803833,7.75516939163208,298000
2021-11-24,8.654999732971191,8.734999656677246,8.640000343322754,7.52656888961792,254600
2021-11-26,8.319999694824219,8.420000076293945,8.210000038146973,7.147006034851074,277800
2021-11-29,8.454999923706055,8.524999618530273,8.329999923706055,7.250523090362549,577800
2021-11-30,7.934999942779541,8.005000114440918,7.800000190734863,6.819201469421387,874400
2021-12-01,8.25,8.28499984741211,8.050000190734863,6.9442853927612305,819600
2021-12-02,8.140000343322754,8.140000343322754,7.949999809265137,6.952910423278809,1987600
2021-12-03,8.045000076293945,8.0600004196167,7.784999847412109,6.801948070526123,940000
2021-12-06,7.980000019073486,8.100000381469727,7.940000057220459,6.965850353240967,907600
2021-12-07,8.15999984741211,8.350000381469727,8.15999984741211,7.185824394226074,1043200
2021-12-08,8.1850004196167,8.199999809265137,8.114999771118164,7.039175033569336,623400
2021-12-09,8,8.029999732971191,7.929999828338623,6.875271797180176,1492200
2021-12-10,8.119999885559082,8.119999885559082,7.954999923706055,6.939971446990967,905200
2021-12-13,7.954999923706055,8.1850004196167,7.894999980926514,6.827826976776123,940400
2021-12-14,8.109999656677246,8.180000305175781,8.079999923706055,7.004669189453125,880800
2021-12-15,7.78000020980835,7.795000076293945,7.614999771118164,6.724309921264648,567200
2021-12-16,7.900000095367432,7.920000076293945,7.784999847412109,6.728622913360596,716600
2021-12-17,7.855000019073486,7.885000228881836,7.764999866485596,6.698431015014648,819400
2021-12-20,7.795000076293945,7.860000133514404,7.724999904632568,6.707056999206543,1033000
2021-12-21,7.795000076293945,7.855000019073486,7.755000114440918,6.750188827514648,1293400
2021-12-22,7.835000038146973,7.925000190734863,7.835000038146973,6.827826976776123,676400
2021-12-23,7.925000190734863,7.980000019073486,7.920000076293945,6.849393367767334,701000
2021-12-27,7.914999961853027,7.994999885559082,7.900000095367432,6.888212203979492,639600
2021-12-28,7.945000171661377,8.109999656677246,7.920000076293945,6.8407673835754395,686800
2021-12-29,7.940000057220459,8.010000228881836,7.920000076293945,6.879585266113281,619200
2021-12-30,7.989999771118164,8.0649995803833,7.989999771118164,6.927031517028809,756400
2021-12-31,7.900000095367432,8.100000381469727,7.900000095367432,6.983103275299072,514800
2022-01-03,8.114999771118164,8.15999984741211,8.03499984741211,6.996042251586914,847000
2022-01-04,8.0600004196167,8.069999694824219,8,6.931344032287598,523600
2022-01-05,8.055000305175781,8.085000038146973,7.940000057220459,6.8580193519592285,766600
2022-01-06,7.889999866485596,8,7.889999866485596,6.8580193519592285,678000
2022-01-07,7.864999771118164,7.894999980926514,7.789999961853027,6.79332160949707,597600
2022-01-10,7.885000228881836,7.989999771118164,7.789999961853027,6.849393367767334,1936800
2022-01-11,7.940000057220459,8.015000343322754,7.90500020980835,6.909778118133545,764000
2022-01-12,8.024999618530273,8.045000076293945,7.965000152587891,6.909778118133545,303200
2022-01-13,7.965000152587891,8.024999618530273,7.909999847412109,6.8321404457092285,830600
2022-01-14,7.880000114440918,7.96999979019165,7.880000114440918,6.8580193519592285,1019200
2022-01-18,7.985000133514404,8.020000457763672,7.885000228881836,6.836453437805176,1499400
2022-01-19,8.175000190734863,8.199999809265137,8.104999542236328,7.004669189453125,663200
2022-01-20,8.079999923706055,8.135000228881836,7.965000152587891,6.8838982582092285,1012200
2022-01-21,7.974999904632568,7.989999771118164,7.889999866485596,6.8321404457092285,1016400
2022-01-24,7.679999828338623,7.84499979019165,7.605000019073486,6.750188827514648,1053000
2022-01-25,7.760000228881836,7.840000152587891,7.675000190734863,6.719996929168701,1024600
2022-01-26,7.894999980926514,7.894999980926514,7.639999866485596,6.638045310974121,626000
2022-01-27,7.550000190734863,7.639999866485596,7.53000020980835,6.5388407707214355,880800
2022-01-28,7.489999771118164,7.605000019073486,7.429999828338623,6.560407638549805,775600
2022-01-31,7.510000228881836,7.585000038146973,7.485000133514404,6.543154716491699,1182800
2022-02-01,7.644999980926514,7.65500020980835,7.545000076293945,6.59060001373291,559400
2022-02-02,7.605000019073486,7.605000019073486,7.460000038146973,6.465517044067383,468800
2022-02-03,7.454999923706055,7.454999923706055,7.340000152587891,6.336120128631592,588600
2022-02-04,7.204999923706055,7.349999904632568,7.170000076293945,6.236915111541748,514000
2022-02-07,7.184999942779541,7.190000057220459,7.074999809265137,6.116145610809326,581200
2022-02-08,7.184999942779541,7.320000171661377,7.179999828338623,6.310240745544434,605000
2022-02-09,7.449999809265137,7.460000038146973,7.389999866485596,6.409444808959961,772800
2022-02-10,7.420000076293945,7.559999942779541,7.420000076293945,6.426697731018066,548800
2022-02-11,7.364999771118164,7.400000095367432,7.170000076293945,6.198097229003906,305400
2022-02-14,7.170000076293945,7.179999828338623,7.054999828338623,6.15927791595459,754400
2022-02-15,7.135000228881836,7.190000057220459,7.130000114440918,6.1894707679748535,549600
2022-02-16,7.244999885559082,7.284999847412109,7.150000095367432,6.275735378265381,570000
2022-02-17,7.255000114440918,7.295000076293945,7.170000076293945,6.211036682128906,320000
2022-02-18,7.199999809265137,7.224999904632568,7.130000114440918,6.198097229003906,400200
2022-02-22,7,7.03000020980835,6.909999847412109,6.004001617431641,836800
2022-02-23,7.070000171661377,7.085000038146973,6.889999866485596,5.965182781219482,641200
2022-02-24,6.545000076293945,6.730000019073486,6.545000076293945,5.78402853012085,3143600
2022-02-25,6.739999771118164,6.84499979019165,6.704999923706055,5.8918585777282715,3403600
2022-02-28,6.375,6.614999771118164,6.375,5.620125770568848,3766800
2022-03-01,6.5,6.510000228881836,6.235000133514404,5.426031112670898,1164800
2022-03-02,6.304999828338623,6.324999809265137,6.25,5.438969612121582,825400
2022-03-03,6.045000076293945,6.054999828338623,5.804999828338623,5.037841796875,1585800
2022-03-04,5.590000152587891,5.610000133514404,5.510000228881836,4.8135528564453125,1023200
2022-03-07,5.5,5.5,5.244999885559082,4.5849528312683105,1672000
2022-03-08,5.644999980926514,5.96999979019165,5.559999942779541,5.020588397979736,2103800
2022-03-09,6.244999885559082,6.304999828338623,6.179999828338623,5.374272346496582,1054200
2022-03-10,5.860000133514404,5.989999771118164,5.860000133514404,5.124105453491211,984800
2022-03-11,6.070000171661377,6.070000171661377,5.894999980926514,5.085286617279053,562400
2022-03-14,6.09499979019165,6.190000057220459,6.03000020980835,5.218996047973633,1071000
2022-03-15,6.105000019073486,6.150000095367432,5.949999809265137,5.188803672790527,2931400
2022-03-16,5.974999904632568,6.050000190734863,5.78000020980835,5.128418445587158,653800
2022-03-17,5.760000228881836,5.875,5.710000038146973,5.055094242095947,648400
2022-03-18,5.715000152587891,5.795000076293945,5.695000171661377,4.98176908493042,659800
2022-03-21,5.84499979019165,5.855000019073486,5.739999771118164,4.98176908493042,655800
2022-03-22,5.769999980926514,5.795000076293945,5.744999885559082,4.964515686035156,1012000
2022-03-23,5.710000038146973,5.769999980926514,5.704999923706055,4.921383380889893,621600
2022-03-24,5.675000190734863,5.704999923706055,5.635000228881836,4.89981746673584,677200
2022-03-25,5.71999979019165,5.739999771118164,5.699999809265137,4.934323787689209,1109600
2022-03-28,5.71999979019165,5.75,5.59499979019165,4.852372646331787,4713800
2022-03-29,5.894999980926514,5.934999942779541,5.820000171661377,5.063720226287842,5501200
2022-03-30,5.800000190734863,5.809999942779541,5.75,4.964515686035156,684600
2022-03-31,5.554999828338623,5.565000057220459,5.434999942779541,4.701409339904785,1363600
2022-04-01,5.559999942779541,5.570000171661377,5.400000095367432,4.679843902587891,18059000
2022-04-04,5.394999980926514,5.465000152587891,5.389999866485596,4.675530433654785,15899400
2022-04-05,5.480000019073486,5.514999866485596,5.400000095367432,4.679843902587891,1978400
2022-04-06,5.34499979019165,5.385000228881836,5.300000190734863,4.619458198547363,1667000
2022-04-07,5.454999923706055,5.474999904632568,5.40500020980835,4.710036754608154,973800
2022-04-08,5.385000228881836,5.514999866485596,5.385000228881836,4.735915184020996,2122400
2022-04-11,5.465000152587891,5.489999771118164,5.434999942779541,4.701409339904785,1408600
2022-04-12,5.420000076293945,5.454999923706055,5.385000228881836,4.662590980529785,1301800
2022-04-13,5.380000114440918,5.514999866485596,5.364999771118164,4.753169536590576,1372400
2022-04-14,5.480000019073486,5.574999809265137,5.465000152587891,4.787674427032471,1775000
2022-04-18,5.440000057220459,5.599999904632568,5.440000057220459,4.826492786407471,1276800
2022-04-19,5.53000020980835,5.625,5.53000020980835,4.852372646331787,2115000
2022-04-20,5.659999847412109,5.670000076293945,5.590000152587891,4.852372646331787,1220400
2022-04-21,5.75,5.760000228881836,5.605000019073486,4.835119247436523,419600
2022-04-22,5.59499979019165,5.59499979019165,5.425000190734863,4.679843902587891,678600
2022-04-25,5.380000114440918,5.505000114440918,5.355000019073486,4.744542121887207,1063600
2022-04-26,5.5,5.505000114440918,5.340000152587891,4.63239860534668,642200
2022-04-27,5.34499979019165,5.409999847412109,5.289999961853027,4.602205276489258,693600
2022-04-28,5.269999980926514,5.335000038146973,5.230000019073486,4.701178073883057,999000
2022-04-29,5.275000095367432,5.315000057220459,5.230000019073486,4.621647357940674,756200
2022-05-02,5.275000095367432,5.329999923706055,5.260000228881836,4.687922477722168,971600
2022-05-03,5.369999885559082,5.409999847412109,5.309999942779541,4.758616924285889,2112600
2022-05-04,5.420000076293945,5.510000228881836,5.34499979019165,4.851403713226318,1395200
2022-05-05,5.565000057220459,5.590000152587891,5.409999847412109,4.820474624633789,9073200
2022-05-06,5.375,5.389999866485596,5.295000076293945,4.710015296936035,1055200
2022-05-09,5.260000228881836,5.340000152587891,5.224999904632568,4.661412715911865,1671600
2022-05-10,5.255000114440918,5.255000114440918,5.150000095367432,4.581881046295166,1157400
2022-05-11,5.264999866485596,5.304999828338623,5.135000228881836,4.546534061431885,886400
2022-05-12,5.179999828338623,5.260000228881836,5.139999866485596,4.599554538726807,846200
2022-05-13,5.25,5.369999885559082,5.25,4.714433193206787,670000
2022-05-16,5.364999771118164,5.449999809265137,5.329999923706055,4.807219505310059,952800
2022-05-17,5.510000228881836,5.579999923706055,5.445000171661377,4.917679309844971,3258000
2022-05-18,5.525000095367432,5.534999847412109,5.40500020980835,4.785127639770508,5808200
2022-05-19,5.289999961853027,5.429999828338623,5.289999961853027,4.7762908935546875,749800
2022-05-20,5.59499979019165,5.59499979019165,5.340000152587891,4.789546012878418,1537200
2022-05-23,5.485000133514404,5.539999961853027,5.46999979019165,4.882332801818848,702800
2022-05-24,5.460000038146973,5.519999980926514,5.429999828338623,4.851403713226318,603400
2022-05-25,5.394999980926514,5.53000020980835,5.394999980926514,4.83814811706543,2260200
2022-05-26,5.735000133514404,5.820000171661377,5.730000019073486,5.134181499481201,858200
2022-05-27,6.014999866485596,6.025000095367432,5.934999942779541,5.271151065826416,545000
2022-05-31,6.019999980926514,6.045000076293945,5.960000038146973,5.3064985275268555,855400
2022-06-01,6,6.014999866485596,5.885000228881836,5.262314796447754,816000
2022-06-02,5.940000057220459,6.019999980926514,5.894999980926514,5.310917854309082,570200
2022-06-03,5.920000076293945,5.965000152587891,5.90500020980835,5.257896423339844,1223600
2022-06-06,5.914999961853027,5.929999828338623,5.849999904632568,5.191620349884033,819000
2022-06-07,5.820000171661377,5.989999771118164,5.804999828338623,5.288825035095215,502800
2022-06-08,6.269999980926514,6.429999828338623,6.235000133514404,5.64229679107666,5242400
2022-06-09,6.389999866485596,6.425000190734863,6.284999847412109,5.558347702026367,7858800
2022-06-10,6.03000020980835,6.050000190734863,5.934999942779541,5.333008766174316,2786400
2022-06-13,5.934999942779541,5.994999885559082,5.875,5.196038722991943,764400
2022-06-14,5.885000228881836,5.954999923706055,5.824999809265137,5.187202453613281,949000
2022-06-15,5.875,5.980000019073486,5.829999923706055,5.235804557800293,928200
2022-06-16,5.800000190734863,5.885000228881836,5.789999961853027,5.196038722991943,675800
2022-06-17,5.684999942779541,5.744999885559082,5.644999980926514,5.04581356048584,569200
2022-06-21,5.824999809265137,5.860000133514404,5.800000190734863,5.138599395751953,927600
2022-06-22,5.635000228881836,5.809999942779541,5.619999885559082,5.072322845458984,502000
2022-06-23,5.639999866485596,5.744999885559082,5.565000057220459,5.0413947105407715,1460400
2022-06-24,5.699999809265137,5.84499979019165,5.699999809265137,5.165109634399414,2549000
2022-06-27,5.804999828338623,5.815000057220459,5.735000133514404,5.0988335609436035,810200
2022-06-28,5.744999885559082,5.800000190734863,5.704999923706055,5.063486576080322,558600
2022-06-29,5.730000019073486,5.769999980926514,5.690000057220459,5.054649353027344,589600
2022-06-30,5.579999923706055,5.690000057220459,5.534999847412109,4.99721097946167,611200
2022-07-01,5.690000057220459,5.775000095367432,5.664999961853027,5.094414710998535,389400
2022-07-05,5.565000057220459,5.664999961853027,5.53000020980835,5.006047248840332,759400
2022-07-06,5.815000057220459,5.820000171661377,5.71999979019165,5.0988335609436035,962000
2022-07-07,5.849999904632568,5.894999980926514,5.84499979019165,5.204875946044922,439600
2022-07-08,5.949999809265137,5.954999923706055,5.885000228881836,5.2225494384765625,817600
2022-07-11,5.869999885559082,5.869999885559082,5.784999847412109,5.1165080070495605,1329800
2022-07-12,5.889999866485596,6,5.885000228881836,5.244641304016113,449800
2022-07-13,5.815000057220459,5.945000171661377,5.815000057220459,5.218130588531494,485600
2022-07-14,5.769999980926514,5.889999866485596,5.735000133514404,5.187202453613281,2499200
2022-07-15,6.03000020980835,6.139999866485596,6.014999866485596,5.3860297203063965,1966800
2022-07-18,6.150000095367432,6.210000038146973,6.130000114440918,5.421376705169678,1509000
2022-07-19,6.364999771118164,6.46999979019165,6.364999771118164,5.708572864532471,985400
2022-07-20,6.385000228881836,6.385000228881836,6.239999771118164,5.589276313781738,1898200
2022-07-21,6.295000076293945,6.360000133514404,6.28000020980835,5.593694686889648,2630000
2022-07-22,6.304999828338623,6.355000019073486,6.25,5.523000240325928,1863400
2022-07-25,6.304999828338623,6.335000038146973,6.260000228881836,5.549510955810547,2400800
2022-07-26,6.070000171661377,6.099999904632568,6.005000114440918,5.333008766174316,8607400
2022-07-27,6.025000095367432,6.125,5.980000019073486,5.3860297203063965,2740000
2022-07-28,6,6.059999942779541,5.949999809265137,5.346264839172363,805000
2022-07-29,6.005000114440918,6.09499979019165,5.994999885559082,5.381612300872803,381600
2022-08-01,6.090000152587891,6.15500020980835,6.079999923706055,5.412539958953857,759200
2022-08-02,6.085000038146973,6.085000038146973,6.010000228881836,5.310917854309082,488200
2022-08-03,6.010000228881836,6.15500020980835,6,5.412539958953857,948200
2022-08-04,6.184999942779541,6.25,6.150000095367432,5.505326747894287,4090800
2022-08-05,6.114999771118164,6.190000057220459,6.114999771118164,5.469979763031006,441200
2022-08-08,6.335000038146973,6.440000057220459,6.324999809265137,5.655552387237549,444200
2022-08-09,6.389999866485596,6.389999866485596,6.28000020980835,5.5716023445129395,538600
2022-08-10,6.465000152587891,6.545000076293945,6.449999809265137,5.761593818664551,229200
2022-08-11,6.599999904632568,6.610000133514404,6.519999980926514,5.766013145446777,730800
2022-08-12,6.5,6.554999828338623,6.489999771118164,5.783686637878418,313200
2022-08-15,6.514999866485596,6.545000076293945,6.5,5.761593818664551,410200
2022-08-16,6.494999885559082,6.605000019073486,6.494999885559082,5.819033622741699,407200
2022-08-17,6.474999904632568,6.53000020980835,6.425000190734863,5.73508358001709,331000
2022-08-18,6.380000114440918,6.400000095367432,6.309999942779541,5.593694686889648,248800
2022-08-19,6.300000190734863,6.300000190734863,6.199999809265137,5.492071628570557,393000
2022-08-22,6.050000190734863,6.070000171661377,5.980000019073486,5.310917854309082,686400
2022-08-23,5.934999942779541,5.960000038146973,5.880000114440918,5.218130588531494,793400
2022-08-24,5.875,5.925000190734863,5.849999904632568,5.187202453613281,375000
2022-08-25,5.760000228881836,5.815000057220459,5.730000019073486,5.125344276428223,474600
2022-08-26,5.71999979019165,5.735000133514404,5.505000114440918,4.864658832550049,484000
2022-08-29,5.460000038146973,5.554999828338623,5.445000171661377,4.864658832550049,942000
2022-08-30,5.579999923706055,5.59499979019165,5.480000019073486,4.864658832550049,921600
2022-08-31,5.454999923706055,5.494999885559082,5.364999771118164,4.745362281799316,898400
2022-09-01,5.269999980926514,5.300000190734863,5.224999904632568,4.670248508453369,750000
2022-09-02,5.360000133514404,5.434999942779541,5.25,4.6525750160217285,876400
2022-09-06,5.300000190734863,5.320000171661377,5.235000133514404,4.634902000427246,1176600
2022-09-07,5.179999828338623,5.364999771118164,5.179999828338623,4.7321062088012695,1060600
2022-09-08,5.105000019073486,5.269999980926514,5.090000152587891,4.648157596588135,1796800
2022-09-09,5.355000019073486,5.394999980926514,5.340000152587891,4.749780178070068,1175000
2022-09-12,5.659999847412109,5.695000171661377,5.599999904632568,4.970699787139893,904200
2022-09-13,5.5,5.559999942779541,5.375,4.767453670501709,776200
2022-09-14,5.59499979019165,5.699999809265137,5.59499979019165,5.001628875732422,533600
2022-09-15,5.474999904632568,5.610000133514404,5.460000038146973,4.922098636627197,1567000
2022-09-16,5.550000190734863,5.650000095367432,5.53000020980835,4.979537010192871,1318000
2022-09-19,5.574999809265137,5.675000190734863,5.574999809265137,5.006047248840332,767400
2022-09-20,5.454999923706055,5.480000019073486,5.380000114440918,4.79838228225708,701800
2022-09-21,5.429999828338623,5.46999979019165,5.34499979019165,4.723269462585449,677800
2022-09-22,5.394999980926514,5.420000076293945,5.295000076293945,4.7541985511779785,878400
2022-09-23,5.195000171661377,5.210000038146973,5.039999961853027,4.502349376678467,1205400
2022-09-26,5.09499979019165,5.135000228881836,4.985000133514404,4.413982391357422,1528000
2022-09-27,5.074999809265137,5.135000228881836,5.005000114440918,4.449328899383545,1462800
2022-09-28,5.014999866485596,5.21999979019165,4.989999771118164,4.586300373077393,1273000
2022-09-29,5.074999809265137,5.125,4.994999885559082,4.475839138031006,3306600
2022-09-30,5.139999866485596,5.195000171661377,5.085000038146973,4.502349376678467,3279200
2022-10-03,5.159999847412109,5.244999885559082,5.135000228881836,4.626065254211426,3658000
2022-10-04,5.394999980926514,5.485000133514404,5.394999980926514,4.8337297439575195,1522600
2022-10-05,5.355000019073486,5.460000038146973,5.320000171661377,4.7762908935546875,692400
2022-10-06,5.340000152587891,5.364999771118164,5.275000095367432,4.661412715911865,623600
2022-10-07,5.255000114440918,5.28000020980835,5.170000076293945,4.590718746185303,591600
2022-10-10,5.275000095367432,5.309999942779541,5.21999979019165,4.656994342803955,1080000
2022-10-11,5.304999828338623,5.400000095367432,5.275000095367432,4.705595970153809,1827200
2022-10-12,5.284999847412109,5.34499979019165,5.239999771118164,4.696759223937988,581800
2022-10-13,5.195000171661377,5.434999942779541,5.164999961853027,4.758616924285889,857800
2022-10-14,5.385000228881836,5.420000076293945,5.260000228881836,4.6525750160217285,968000
2022-10-17,5.409999847412109,5.494999885559082,5.394999980926514,4.83814811706543,1341400
2022-10-18,5.639999866485596,5.644999980926514,5.539999961853027,4.935352802276611,947800
2022-10-19,5.579999923706055,5.599999904632568,5.485000133514404,4.877913951873779,615400
2022-10-20,5.574999809265137,5.639999866485596,5.539999961853027,4.917679309844971,728000
2022-10-21,5.375,5.519999980926514,5.364999771118164,4.869077682495117,600600
2022-10-24,5.644999980926514,5.684999942779541,5.570000171661377,4.988373756408691,1242800
2022-10-25,5.744999885559082,5.914999961853027,5.744999885559082,5.2269673347473145,927600
2022-10-26,5.875,5.994999885559082,5.875,5.218130588531494,501000
2022-10-27,5.894999980926514,6,5.889999866485596,5.2269673347473145,600600
2022-10-28,5.945000171661377,5.949999809265137,5.84499979019165,5.253478527069092,531600
2022-10-31,5.715000152587891,5.764999866485596,5.65500020980835,5.114243984222412,1222200
2022-11-01,5.864999771118164,5.875,5.75,5.262940406799316,614000
2022-11-02,5.775000095367432,5.840000152587891,5.664999961853027,5.105232238769531,628000
2022-11-03,5.514999866485596,5.59499979019165,5.514999866485596,4.992584228515625,901200
2022-11-04,5.829999923706055,5.90500020980835,5.784999847412109,5.308000564575195,613800
2022-11-07,5.864999771118164,5.980000019073486,5.835000038146973,5.375588893890381,895000
2022-11-08,5.980000019073486,6.045000076293945,5.960000038146973,5.411635875701904,534800
2022-11-09,6.065000057220459,6.130000114440918,6.050000190734863,5.465707778930664,488400
2022-11-10,6.210000038146973,6.324999809265137,6.190000057220459,5.700016498565674,642800
2022-11-11,6.195000171661377,6.315000057220459,6.164999961853027,5.672981262207031,422000
2022-11-14,6.289999961853027,6.335000038146973,6.260000228881836,5.650451183319092,740400
2022-11-15,6.309999942779541,6.364999771118164,6.199999809265137,5.672981262207031,472000
2022-11-16,6.184999942779541,6.210000038146973,6.15500020980835,5.5783562660217285,528600
2022-11-17,6.050000190734863,6.159999847412109,6.050000190734863,5.546814441680908,529200
2022-11-18,6.210000038146973,6.244999885559082,6.195000171661377,5.623415946960449,499600
2022-11-21,6.210000038146973,6.304999828338623,6.199999809265137,5.659462928771973,734400
2022-11-22,6.315000057220459,6.369999885559082,6.300000190734863,5.736064434051514,363000
2022-11-23,6.480000019073486,6.510000228881836,6.434999942779541,5.848712921142578,776600
2022-11-25,6.454999923706055,6.510000228881836,6.445000171661377,5.844207286834717,886000
2022-11-28,6.409999847412109,6.449999809265137,6.360000133514404,5.745075702667236,532600
2022-11-29,6.429999828338623,6.480000019073486,6.389999866485596,5.8126654624938965,334800
2022-11-30,6.465000152587891,6.559999942779541,6.364999771118164,5.88476037979126,368800
2022-12-01,6.599999904632568,6.614999771118164,6.545000076293945,5.952349662780762,674600
2022-12-02,6.605000019073486,6.670000076293945,6.590000152587891,6.001914978027344,419600
2022-12-05,6.554999828338623,6.585000038146973,6.525000095367432,5.91630220413208,602200
2022-12-06,6.514999866485596,6.539999961853027,6.429999828338623,5.821677207946777,360200
2022-12-07,6.559999942779541,6.570000171661377,6.449999809265137,5.857724189758301,488400
2022-12-08,6.449999809265137,6.46999979019165,6.360000133514404,5.803653717041016,479400
2022-12-09,6.454999923706055,6.474999904632568,6.364999771118164,5.736064434051514,711600
2022-12-12,6.364999771118164,6.385000228881836,6.324999809265137,5.749582290649414,558400
2022-12-13,6.630000114440918,6.639999866485596,6.480000019073486,5.875748157501221,520200
2022-12-14,6.71999979019165,6.804999828338623,6.695000171661377,6.083022117614746,798400
2022-12-15,6.650000095367432,6.664999961853027,6.539999961853027,5.934325695037842,1381200
2022-12-16,6.454999923706055,6.474999904632568,6.400000095367432,5.790135383605957,775600
2022-12-19,6.570000171661377,6.570000171661377,6.445000171661377,5.835195064544678,699600
2022-12-20,6.5,6.585000038146973,6.480000019073486,5.857724189758301,575800
2022-12-21,6.579999923706055,6.664999961853027,6.574999809265137,5.970373153686523,381800
2022-12-22,6.605000019073486,6.65500020980835,6.585000038146973,5.997409343719482,494200
2022-12-23,6.659999847412109,6.664999961853027,6.574999809265137,5.952349662780762,418800
2022-12-27,6.695000171661377,6.730000019073486,6.644999980926514,6.010926246643066,430200
2022-12-28,6.679999828338623,6.704999923706055,6.579999923706055,5.943337917327881,1015200
2022-12-29,6.724999904632568,6.755000114440918,6.675000190734863,6.064998149871826,362600
2022-12-30,6.65500020980835,6.679999828338623,6.570000171661377,6.010926246643066,260000
2023-01-03,6.710000038146973,6.724999904632568,6.664999961853027,6.055985927581787,602200
2023-01-04,6.90500020980835,6.96999979019165,6.605000019073486,6.240729808807373,458200
2023-01-05,6.945000171661377,6.96999979019165,6.880000114440918,6.263259410858154,487400
2023-01-06,6.989999771118164,7.184999942779541,6.965000152587891,6.46602725982666,1214200
2023-01-09,7.184999942779541,7.25,7.170000076293945,6.479544639587402,601200
2023-01-10,7.150000095367432,7.230000019073486,7.119999885559082,6.493062973022461,278200
2023-01-11,7.284999847412109,7.389999866485596,7.28000020980835,6.659782409667969,247600
2023-01-12,7.414999961853027,7.514999866485596,7.375,6.745395183563232,399400
2023-01-13,7.40500020980835,7.480000019073486,7.40500020980835,6.731877326965332,1275800
2023-01-17,7.474999904632568,7.474999904632568,7.364999771118164,6.71835994720459,1052200
2023-01-18,7.550000190734863,7.550000190734863,7.414999961853027,6.69582986831665,372200
2023-01-19,7.300000190734863,7.34499979019165,7.204999923706055,6.619229316711426,385000
2023-01-20,7.34499979019165,7.449999809265137,7.335000038146973,6.713853359222412,569800
2023-01-23,7.40500020980835,7.465000152587891,7.375,6.691324234008789,370200
2023-01-24,7.434999942779541,7.514999866485596,7.414999961853027,6.749901294708252,569000
2023-01-25,7.550000190734863,7.610000133514404,7.5,6.8445258140563965,428000
2023-01-26,7.71999979019165,7.775000095367432,7.659999847412109,7.002233982086182,518800
2023-01-27,7.675000190734863,7.760000228881836,7.664999961853027,6.952669143676758,386200
2023-01-30,7.739999771118164,7.835000038146973,7.71999979019165,6.966186046600342,309400
2023-01-31,7.695000171661377,7.820000171661377,7.695000171661377,7.038281440734863,358600
2023-02-01,7.84499979019165,8.015000343322754,7.840000152587891,7.186977386474609,281200
2023-02-02,7.940000057220459,7.994999885559082,7.875,7.101365089416504,592200
2023-02-03,7.820000171661377,7.90500020980835,7.809999942779541,7.042787075042725,399000
2023-02-06,7.744999885559082,7.755000114440918,7.690000057220459,6.9436564445495605,291200
2023-02-07,7.690000057220459,7.735000133514404,7.610000133514404,6.966186046600342,376600
2023-02-08,7.71999979019165,7.775000095367432,7.675000190734863,6.984210014343262,399600
2023-02-09,7.840000152587891,7.840000152587891,7.724999904632568,6.9887166023254395,302800
2023-02-10,7.425000190734863,7.425000190734863,7.349999904632568,6.6733012199401855,296000
2023-02-13,7.449999809265137,7.574999809265137,7.440000057220459,6.799466609954834,224800
2023-02-14,7.585000038146973,7.690000057220459,7.554999828338623,6.898597717285156,263400
2023-02-15,7.585000038146973,7.664999961853027,7.585000038146973,6.903103351593018,162800
2023-02-16,7.585000038146973,7.650000095367432,7.554999828338623,6.817490100860596,210000
2023-02-17,7.659999847412109,7.764999866485596,7.630000114440918,6.99772834777832,352400
2023-02-21,7.559999942779541,7.619999885559082,7.514999866485596,6.799466609954834,213200
2023-02-22,7.53000020980835,7.610000133514404,7.525000095367432,6.790454864501953,188800
2023-02-23,7.570000171661377,7.59499979019165,7.505000114440918,6.8445258140563965,219000
2023-02-24,7.474999904632568,7.489999771118164,7.425000190734863,6.727372169494629,253000
2023-02-27,7.715000152587891,7.724999904632568,7.670000076293945,6.9211273193359375,198800
2023-02-28,7.75,7.760000228881836,7.675000190734863,6.9436564445495605,205800
2023-03-01,7.775000095367432,7.804999828338623,7.710000038146973,6.993221759796143,645600
2023-03-02,7.65500020980835,7.724999904632568,7.635000228881836,6.939150333404541,440200
2023-03-03,7.744999885559082,7.84499979019165,7.730000019073486,7.042787075042725,459200
2023-03-06,7.824999809265137,7.909999847412109,7.809999942779541,7.092351913452148,1294600
2023-03-07,7.840000152587891,7.885000228881836,7.625,6.885079383850098,573000
2023-03-08,7.650000095367432,7.684999942779541,7.625,6.925632953643799,2345600
2023-03-09,7.670000076293945,7.760000228881836,7.644999980926514,6.89409065246582,1013400
2023-03-10,7.769999980926514,7.804999828338623,7.664999961853027,6.939150333404541,341600
2023-03-13,7.610000133514404,7.704999923706055,7.610000133514404,6.903103351593018,1083400
2023-03-14,7.835000038146973,7.849999904632568,7.739999771118164,7.051799297332764,310000
2023-03-15,7.244999885559082,7.400000095367432,7.21999979019165,6.655277252197266,405800
2023-03-16,7.449999809265137,7.679999828338623,7.449999809265137,6.898597717285156,2129800
2023-03-17,7.599999904632568,7.664999961853027,7.519999980926514,6.8535380363464355,1754200
2023-03-20,7.639999866485596,7.679999828338623,7.579999923706055,6.880573749542236,232800
2023-03-21,7.889999866485596,7.889999866485596,7.784999847412109,7.069822788238525,250400
2023-03-22,7.909999847412109,7.974999904632568,7.84499979019165,7.069822788238525,1000200
2023-03-23,7.994999885559082,8.0649995803833,7.885000228881836,7.155436038970947,538600
2023-03-24,7.864999771118164,7.864999771118164,7.755000114440918,7.087846755981445,356000
2023-03-27,7.96999979019165,8.03499984741211,7.945000171661377,7.209506988525391,221000
2023-03-28,7.940000057220459,7.985000133514404,7.90500020980835,7.159942150115967,640200
2023-03-29,8.024999618530273,8.074999809265137,7.985000133514404,7.272590637207031,326800
2023-03-30,8.225000381469727,8.289999961853027,8.225000381469727,7.457333564758301,2416000
2023-03-31,8.359999656677246,8.414999961853027,8.359999656677246,7.542947769165039,363200
2023-04-03,8.300000190734863,8.3149995803833,8.225000381469727,7.47986364364624,209800
2023-04-04,8.354999542236328,8.40999984741211,8.34000015258789,7.551959037780762,340000
2023-04-05,8.425000190734863,8.425000190734863,8.354999542236328,7.583500862121582,263800
2023-04-06,8.319999694824219,8.354999542236328,8.279999732971191,7.493380546569824,223800
2023-04-10,8.194999694824219,8.354999542236328,8.074999809265137,7.47986364364624,180800
2023-04-11,8.274999618530273,8.329999923706055,8.265000343322754,7.493380546569824,298000
2023-04-12,8.350000381469727,8.385000228881836,8.3100004196167,7.511404514312744,201400
2023-04-13,8.510000228881836,8.585000038146973,8.484999656677246,7.714173316955566,161800
2023-04-14,8.53499984741211,8.555000305175781,8.5,7.691642761230469,220800
2023-04-17,8.600000381469727,8.645000457763672,8.555000305175781,7.772750377655029,215800
2023-04-18,8.5649995803833,8.664999961853027,8.5649995803833,7.7862677574157715,312000
2023-04-19,8.654999732971191,8.680000305175781,8.604999542236328,7.799785614013672,448600
2023-04-20,8.539999961853027,8.635000228881836,8.515000343322754,7.759232044219971,192400
2023-04-21,8.5649995803833,8.680000305175781,8.539999961853027,7.7862677574157715,208800
2023-04-24,8.635000228881836,8.694999694824219,8.595000267028809,7.835833549499512,202200
2023-04-25,8.604999542236328,8.635000228881836,8.494999885559082,7.682631969451904,487000
2023-04-26,8.675000190734863,8.694999694824219,8.5600004196167,7.7862677574157715,295000
2023-04-27,8.550000190734863,8.59000015258789,8.489999771118164,7.892388343811035,6677000
2023-04-28,8.520000457763672,8.619999885559082,8.475000381469727,7.8877949714660645,1256000
2023-05-01,8.489999771118164,8.675000190734863,8.489999771118164,7.869418621063232,262200
2023-05-02,8.449999809265137,8.5,8.404999732971191,7.772945404052734,681600
2023-05-03,8.5,8.640000343322754,8.489999771118164,7.828072547912598,308200
2023-05-04,8.579999923706055,8.680000305175781,8.550000190734863,7.929139614105225,202800
2023-05-05,8.579999923706055,8.739999771118164,8.579999923706055,8.002642631530762,196600
2023-05-08,8.779999732971191,8.835000038146973,8.774999618530273,8.085332870483398,3085600
2023-05-09,8.600000381469727,8.614999771118164,8.5649995803833,7.8877949714660645,186600
2023-05-10,8.555000305175781,8.585000038146973,8.494999885559082,7.874011516571045,231000
2023-05-11,8.5,8.550000190734863,8.460000038146973,7.851042747497559,353000
2023-05-12,8.539999961853027,8.555000305175781,8.494999885559082,7.81888484954834,780200
2023-05-15,8.5,8.505000114440918,8.4399995803833,7.805102348327637,309000
2023-05-16,8.359999656677246,8.395000457763672,8.350000381469727,7.6856608390808105,195600
2023-05-17,8.460000038146973,8.510000228881836,8.420000076293945,7.81888484954834,140800
2023-05-18,8.380000114440918,8.470000267028809,8.369999885559082,7.74078893661499,144600
2023-05-19,8.479999542236328,8.545000076293945,8.444999694824219,7.772945404052734,584200
2023-05-22,8.53499984741211,8.550000190734863,8.524999618530273,7.8372602462768555,178000
2023-05-23,8.4350004196167,8.449999809265137,8.300000190734863,7.625938892364502,337600
2023-05-24,8.3100004196167,8.3100004196167,8.225000381469727,7.570811748504639,220800
2023-05-25,8.220000267028809,8.265000343322754,8.194999694824219,7.589188575744629,228000
2023-05-26,8.289999961853027,8.359999656677246,8.270000457763672,7.6580963134765625,220200
2023-05-30,8.444999694824219,8.460000038146973,8.385000228881836,7.727006435394287,161400
2023-05-31,8.380000114440918,8.520000457763672,8.265000343322754,7.809696197509766,3906200
2023-06-01,8.430000305175781,8.494999885559082,8.399999618530273,7.7545695304870605,2600400
2023-06-02,8.609999656677246,8.645000457763672,8.595000267028809,7.93373441696167,411000
2023-06-05,8.614999771118164,8.635000228881836,8.555000305175781,7.892388343811035,309000
2023-06-06,8.489999771118164,8.569999694824219,8.46500015258789,7.874011516571045,234000
2023-06-07,9.069999694824219,9.125,8.970000267028809,8.246121406555176,249000
2023-06-08,9.03499984741211,9.045000076293945,8.979999542236328,8.287466049194336,258000
2023-06-09,8.954999923706055,9,8.930000305175781,8.218557357788086,276800
2023-06-12,9.095000267028809,9.125,9.050000190734863,8.383939743041992,211000
2023-06-13,9.204999923706055,9.260000228881836,9.1899995803833,8.507975578308105,203000
2023-06-14,9.234999656677246,9.329999923706055,9.210000038146973,8.51257038116455,330400
2023-06-15,9.4399995803833,9.53499984741211,9.4350004196167,8.714702606201172,294800
2023-06-16,9.46500015258789,9.475000381469727,9.359999656677246,8.654980659484863,830400
2023-06-20,9.329999923706055,9.335000038146973,9.265000343322754,8.549322128295898,1855200
2023-06-21,9.350000381469727,9.4399995803833,9.350000381469727,8.636604309082031,359000
2023-06-22,9.295000076293945,9.329999923706055,9.239999771118164,8.549322128295898,169200
2023-06-23,9.135000228881836,9.255000114440918,9.135000228881836,8.475818634033203,186800
2023-06-26,9.274999618530273,9.319999694824219,9.225000381469727,8.507975578308105,218400
2023-06-27,9.274999618530273,9.484999656677246,9.274999618530273,8.70551586151123,281200
2023-06-28,9.460000038146973,9.460000038146973,9.385000228881836,8.632012367248535,188600
2023-06-29,9.5,9.539999961853027,9.494999885559082,8.765236854553223,212400
2023-06-30,9.649999618530273,9.725000381469727,9.579999923706055,8.926024436950684,251200
2023-07-03,9.619999885559082,9.649999618530273,9.569999694824219,8.866303443908691,209600
2023-07-05,9.614999771118164,9.670000076293945,9.600000381469727,8.84792709350586,843800
2023-07-06,9.390000343322754,9.4350004196167,9.225000381469727,8.53094482421875,398400
2023-07-07,9.279999732971191,9.380000114440918,9.270000457763672,8.5814790725708,377600
2023-07-10,9.4350004196167,9.454999923706055,9.364999771118164,8.668763160705566,233200
2023-07-11,9.5,9.5,9.40999984741211,8.714702606201172,277600
2023-07-12,9.635000228881836,9.744999885559082,9.59000015258789,8.907648086547852,186400
2023-07-13,9.859999656677246,9.859999656677246,9.734999656677246,8.971963882446289,423200
2023-07-14,9.824999809265137,9.864999771118164,9.800000190734863,9.004121780395508,493000
2023-07-17,9.800000190734863,9.904999732971191,9.800000190734863,9.095999717712402,253600
2023-07-18,9.774999618530273,9.850000381469727,9.774999618530273,9.045467376708984,371600
2023-07-19,9.699999809265137,9.699999809265137,9.5600004196167,8.81576919555664,435000
2023-07-20,9.53499984741211,9.640000343322754,9.53499984741211,8.77901840209961,172200
2023-07-21,9.675000190734863,9.725000381469727,9.625,8.921430587768555,208200
2023-07-24,9.489999771118164,9.579999923706055,9.479999542236328,8.77901840209961,203800
2023-07-25,9.354999542236328,9.425000190734863,9.3149995803833,8.599854469299316,191000
2023-07-26,9.364999771118164,9.510000228881836,9.350000381469727,8.710107803344727,454600
2023-07-27,9.619999885559082,9.619999885559082,9.399999618530273,8.645793914794922,3924800
2023-07-28,9.460000038146973,9.585000038146973,9.460000038146973,8.774425506591797,1147400
2023-07-31,9.630000114440918,9.670000076293945,9.545000076293945,8.783611297607422,219800
2023-08-01,9.4399995803833,9.475000381469727,9.359999656677246,8.622823715209961,741600
2023-08-02,9.225000381469727,9.229999542236328,9.0600004196167,8.393128395080566,706000
2023-08-03,9.085000038146973,9.164999961853027,9.0649995803833,8.388533592224121,191800
2023-08-04,9.180000305175781,9.305000305175781,9.145000457763672,8.42069149017334,229200
2023-08-07,9.0649995803833,9.140000343322754,9.0649995803833,8.393128395080566,147800
2023-08-08,9.029999732971191,9.125,8.984999656677246,8.383939743041992,236200
2023-08-09,9.1899995803833,9.21500015258789,9.135000228881836,8.406909942626953,1345400
2023-08-10,9.220000267028809,9.289999961853027,9.204999923706055,8.466629981994629,1092600
2023-08-11,9.114999771118164,9.130000114440918,9.069999694824219,8.347188949584961,822400
2023-08-14,9.074999809265137,9.149999618530273,9.039999961853027,8.393128395080566,1225600
2023-08-15,9.135000228881836,9.194999694824219,9.074999809265137,8.347188949584961,583400
2023-08-16,9.220000267028809,9.265000343322754,9.135000228881836,8.393128395080566,1973600
2023-08-17,9.220000267028809,9.255000114440918,9.15999984741211,8.416096687316895,239800
2023-08-18,9.140000343322754,9.25,9.140000343322754,8.457442283630371,207200
2023-08-21,9.244999885559082,9.3149995803833,9.21500015258789,8.544726371765137,276200
2023-08-22,9.350000381469727,9.364999771118164,9.274999618530273,8.553915977478027,864200
2023-08-23,9.15999984741211,9.270000457763672,9.135000228881836,8.498786926269531,260800
2023-08-24,9.204999923706055,9.239999771118164,9.104999542236328,8.388533592224121,373200
2023-08-25,9.25,9.319999694824219,9.154999732971191,8.503381729125977,147000
2023-08-28,9.380000114440918,9.484999656677246,9.289999961853027,8.668763160705566,169600
2023-08-29,9.380000114440918,9.585000038146973,9.380000114440918,8.797392845153809,284400
2023-08-30,9.595000267028809,9.6850004196167,9.574999809265137,8.84333324432373,160000
2023-08-31,9.614999771118164,9.635000228881836,9.545000076293945,8.78820514678955,252000
2023-09-01,9.550000190734863,9.555000305175781,9.390000343322754,8.659576416015625,267400
2023-09-05,9.5,9.524999618530273,9.4350004196167,8.70551586151123,2079000
2023-09-06,9.454999923706055,9.475000381469727,9.399999618530273,8.691733360290527,1643600
2023-09-07,9.414999961853027,9.414999961853027,9.335000038146973,8.632012367248535,1183800
2023-09-08,9.420000076293945,9.475000381469727,9.399999618530273,8.677950859069824,662000
2023-09-11,9.5600004196167,9.6899995803833,9.524999618530273,8.861709594726562,973400
2023-09-12,9.640000343322754,9.6850004196167,9.574999809265137,8.852521896362305,1218000
2023-09-13,9.529999732971191,9.640000343322754,9.479999542236328,8.75145435333252,1322800
2023-09-14,9.524999618530273,9.609999656677246,9.520000457763672,8.829550743103027,335000
2023-09-15,9.680000305175781,9.71500015258789,9.609999656677246,8.829550743103027,268200
2023-09-18,9.630000114440918,9.630000114440918,9.475000381469727,8.728485107421875,327800
2023-09-19,9.46500015258789,9.489999771118164,9.359999656677246,8.659576416015625,295200
2023-09-20,9.569999694824219,9.640000343322754,9.475000381469727,8.719297409057617,292600
2023-09-21,9.449999809265137,9.475000381469727,9.404999732971191,8.641200065612793,196600
2023-09-22,9.390000343322754,9.425000190734863,9.345000267028809,8.590666770935059,333800
2023-09-25,9.279999732971191,9.335000038146973,9.239999771118164,8.563102722167969,230400
2023-09-26,9.234999656677246,9.295000076293945,9.194999694824219,8.452847480773926,219400
2023-09-27,9.234999656677246,9.234999656677246,9.135000228881836,8.471223831176758,280400
2023-09-28,9.319999694824219,9.4399995803833,9.300000190734863,8.65038776397705,234600
2023-09-29,9.364999771118164,9.375,9.28499984741211,8.540133476257324,200600
2023-10-02,9.3100004196167,9.354999542236328,9.234999656677246,8.498786926269531,245400
2023-10-03,9.220000267028809,9.255000114440918,9.125,8.416096687316895,302600
2023-10-04,9.050000190734863,9.069999694824219,8.96500015258789,8.310436248779297,269200
2023-10-05,9.085000038146973,9.164999961853027,9.050000190734863,8.388533592224121,1367800
2023-10-06,9.135000228881836,9.380000114440918,9.119999885559082,8.5814790725708,304400
2023-10-09,9.175000190734863,9.274999618530273,9.135000228881836,8.51716423034668,291000
2023-10-10,9.34000015258789,9.40999984741211,9.279999732971191,8.53094482421875,2892600
2023-10-11,9.119999885559082,9.180000305175781,9.09000015258789,8.411502838134766,1960000
2023-10-12,9.180000305175781,9.194999694824219,8.989999771118164,8.292059898376465,460000
2023-10-13,9.050000190734863,9.055000305175781,8.895000457763672,8.181806564331055,457400
2023-10-16,8.984999656677246,9.109999656677246,8.96500015258789,8.3425931930542,644000
2023-10-17,9.039999961853027,9.270000457763672,9.039999961853027,8.480411529541016,413800
2023-10-18,9.15999984741211,9.204999923706055,9.114999771118164,8.393128395080566,220200
2023-10-19,9.015000343322754,9.020000457763672,8.895000457763672,8.181806564331055,209800
2023-10-20,8.899999618530273,8.930000305175781,8.800000190734863,8.099114418029785,212200
2023-10-23,8.9399995803833,9.0649995803833,8.914999961853027,8.264496803283691,337800
2023-10-24,9.0600004196167,9.079999923706055,9.010000228881836,8.33799934387207,652400
2023-10-25,8.944999694824219,9.024999618530273,8.890000343322754,8.168025016784668,781800
2023-10-26,8.779999732971191,8.8149995803833,8.71500015258789,8.057770729064941,204400
2023-10-27,8.5649995803833,8.625,8.505000114440918,7.841854095458984,249400
2023-10-30,8.680000305175781,8.864999771118164,8.664999961853027,8.140460014343262,1257800
2023-10-31,8.71500015258789,8.71500015258789,8.59000015258789,8.074499130249023,478200
2023-11-01,8.614999771118164,8.75,8.614999771118164,8.182096481323242,434600
2023-11-02,8.920000076293945,8.994999885559082,8.835000038146973,8.397292137145996,280000
2023-11-03,8.920000076293945,9.03499984741211,8.869999885559082,8.434717178344727,205800
2023-11-06,8.895000457763672,8.954999923706055,8.875,8.33179759979248,324200
2023-11-07,8.925000190734863,8.9350004196167,8.859999656677246,8.355189323425293,263800
2023-11-08,9.015000343322754,9.135000228881836,9.015000343322754,8.514245986938477,267000
2023-11-09,9.199999809265137,9.274999618530273,9.130000114440918,8.556349754333496,209000
2023-11-10,9.114999771118164,9.210000038146973,9.104999542236328,8.612486839294434,225600
2023-11-13,9.175000190734863,9.225000381469727,9.130000114440918,8.607807159423828,196200
2023-11-14,9.34000015258789,9.515000343322754,9.34000015258789,8.893176078796387,231800
2023-11-15,9.489999771118164,9.579999923706055,9.489999771118164,8.944635391235352,415800
2023-11-16,9.555000305175781,9.574999809265137,9.479999542236328,8.944635391235352,161800
2023-11-17,9.125,9.890000343322754,9.125,9.113049507141113,166200
2023-11-20,9.904999732971191,9.975000381469727,9.829999923706055,9.33292293548584,179200
2023-11-21,10.029999732971191,10.114999771118164,10.029999732971191,9.445199012756348,144000
2023-11-22,10.039999961853027,10.074999809265137,9.949999809265137,9.389060974121094,149400
2023-11-24,10.095000267028809,10.229999542236328,10.095000267028809,9.515371322631836,166000
2023-11-27,10.0649995803833,10.21500015258789,10.0649995803833,9.515371322631836,205800
2023-11-28,10.229999542236328,10.25,10.154999732971191,9.557474136352539,234400
2023-11-29,10.335000038146973,10.354999542236328,10.274999618530273,9.66974925994873,2028800
2023-11-30,10.319999694824219,10.350000381469727,10.1899995803833,9.66974925994873,331000
2023-12-01,10.350000381469727,10.479999542236328,10.350000381469727,9.805416107177734,282400
2023-12-04,10.454999923706055,10.454999923706055,10.369999885559082,9.772669792175293,302200
2023-12-05,10.494999885559082,10.494999885559082,10.380000114440918,9.730566024780273,276600
2023-12-06,10.194999694824219,10.34000015258789,10.194999694824219,9.571508407592773,201400
2023-12-07,10.194999694824219,10.194999694824219,10.100000381469727,9.501336097717285,392400
2023-12-08,10.135000228881836,10.225000381469727,10.135000228881836,9.566831588745117,231600
2023-12-11,10.21500015258789,10.295000076293945,10.154999732971191,9.613612174987793,165400
2023-12-12,10.305000305175781,10.369999885559082,10.204999923706055,9.702496528625488,180200
2023-12-13,10.4399995803833,10.625,10.220000267028809,9.90833568572998,592200
2023-12-14,10.5649995803833,10.670000076293945,10.484999656677246,9.941082954406738,239400
2023-12-15,10.470000267028809,10.494999885559082,10.4350004196167,9.76799201965332,232800
2023-12-18,10.489999771118164,10.529999732971191,10.46500015258789,9.824130058288574,192200
2023-12-19,10.645000457763672,10.739999771118164,10.640000343322754,10.020611763000488,238600
2023-12-20,10.664999961853027,10.760000228881836,10.630000114440918,9.945761680603027,220400
2023-12-21,10.795000076293945,10.824999809265137,10.734999656677246,10.086106300354004,241200
2023-12-22,10.880000114440918,10.880000114440918,10.71500015258789,10.132888793945312,276000
2023-12-26,10.979999542236328,10.979999542236328,10.555000305175781,10.151599884033203,148800
2023-12-27,10.805000305175781,10.989999771118164,10.805000305175781,10.240485191345215,149600
2023-12-28,10.904999732971191,10.944999694824219,10.895000457763672,10.212416648864746,158200
2023-12-29,10.994999885559082,10.994999885559082,10.869999885559082,10.240485191345215,163200
2024-01-02,10.619999885559082,10.78499984741211,10.619999885559082,9.98786449432373,247200
2024-01-03,10.430000305175781,10.444999694824219,10.295000076293945,9.711854934692383,202800
2024-01-04,10.369999885559082,10.444999694824219,10.364999771118164,9.697818756103516,155600
2024-01-05,10.255000114440918,10.404999732971191,10.239999771118164,9.627646446228027,245600
2024-01-08,10.350000381469727,10.470000267028809,10.350000381469727,9.796059608459473,300200
2024-01-09,10.220000267028809,10.350000381469727,10.220000267028809,9.665072441101074,361800
2024-01-10,10.425000190734863,10.529999732971191,10.420000076293945,9.83348560333252,218800
2024-01-11,10.494999885559082,10.545000076293945,10.4350004196167,9.796059608459473,697400
2024-01-12,10.729999542236328,10.765000343322754,10.654999732971191,9.98786449432373,156800
2024-01-16,10.520000457763672,10.545000076293945,10.470000267028809,9.82880687713623,273800
2024-01-17,10.40999984741211,10.449999809265137,10.369999885559082,9.772669792175293,214200
2024-01-18,10.414999961853027,10.529999732971191,10.414999961853027,9.852197647094727,273600
2024-01-19,10.569999694824219,10.645000457763672,10.524999618530273,9.955119132995605,255600
2024-01-22,10.640000343322754,10.65999984741211,10.609999656677246,9.945761680603027,204800
2024-01-23,10.475000381469727,10.479999542236328,10.364999771118164,9.763313293457031,321200
2024-01-24,10.574999809265137,10.65999984741211,10.545000076293945,9.927048683166504,418000
2024-01-25,10.510000228881836,10.640000343322754,10.510000228881836,9.955119132995605,153800
2024-01-26,10.449999809265137,10.59000015258789,10.449999809265137,9.889623641967773,210400
2024-01-29,10.5,10.579999923706055,10.479999542236328,9.898980140686035,284400
2024-01-30,10.8100004196167,10.885000228881836,10.800000190734863,10.184347152709961,218400
2024-01-31,10.824999809265137,10.880000114440918,10.630000114440918,9.945761680603027,210600
2024-02-01,10.725000381469727,10.8149995803833,10.680000305175781,10.118852615356445,415600
2024-02-02,10.739999771118164,10.755000114440918,10.65999984741211,10.062715530395508,917000
2024-02-05,10.510000228881836,10.510000228881836,10.385000228881836,9.800738334655762,343800
2024-02-06,10.475000381469727,10.569999694824219,10.454999923706055,9.861554145812988,240400
2024-02-07,10.479999542236328,10.479999542236328,10.329999923706055,9.735243797302246,281800
2024-02-08,10.475000381469727,10.515000343322754,10.454999923706055,9.805416107177734,200200
2024-02-09,10.46500015258789,10.585000038146973,10.46500015258789,9.889623641967773,177000
2024-02-12,10.5600004196167,10.640000343322754,10.5600004196167,9.90833568572998,168400
2024-02-13,10.470000267028809,10.515000343322754,10.385000228881836,9.76799201965332,253000
2024-02-14,10.505000114440918,10.574999809265137,10.4350004196167,9.894301414489746,232600
2024-02-15,10.529999732971191,10.654999732971191,10.505000114440918,9.955119132995605,235200
2024-02-16,10.609999656677246,10.710000038146973,10.585000038146973,9.964473724365234,142000
2024-02-20,10.8100004196167,10.885000228881836,10.805000305175781,10.165635108947754,186800
2024-02-21,10.994999885559082,11.079999923706055,10.994999885559082,10.366795539855957,198400
2024-02-22,11.119999885559082,11.154999732971191,11.055000305175781,10.4276123046875,204800
2024-02-23,11.1850004196167,11.1850004196167,11.104999542236328,10.4276123046875,256600
2024-02-26,11.204999923706055,11.319999694824219,11.204999923706055,10.581991195678711,152400
2024-02-27,11.100000381469727,11.1850004196167,11.100000381469727,10.432289123535156,242000
2024-02-28,11.074999809265137,11.149999618530273,11.074999809265137,10.4276123046875,178200
2024-02-29,11.135000228881836,11.164999961853027,11.0649995803833,10.380829811096191,190400
2024-03-01,11.100000381469727,11.180000305175781,11.0600004196167,10.451003074645996,180800
2024-03-04,11.104999542236328,11.21500015258789,11.104999542236328,10.46503734588623,190200
2024-03-05,11.020000457763672,11.085000038146973,10.989999771118164,10.31065845489502,195600
2024-03-06,11.145000457763672,11.225000381469727,11.130000114440918,10.455680847167969,209800
2024-03-07,11.239999771118164,11.3149995803833,11.21500015258789,10.57263469696045,214600
2024-03-08,11.149999618530273,11.21500015258789,11.079999923706055,10.38550853729248,181200
2024-03-11,11.0600004196167,11.095000267028809,10.984999656677246,10.352760314941406,283800
2024-03-12,11.055000305175781,11.260000228881836,10.989999771118164,10.52585220336914,281600
2024-03-13,12.005000114440918,12.239999771118164,12.005000114440918,11.339852333068848,170200
2024-03-14,12.225000381469727,12.239999771118164,12.125,11.405345916748047,240200
2024-03-15,12.295000076293945,12.404999732971191,12.265000343322754,11.5269775390625,150600
2024-03-18,12.305000305175781,12.305000305175781,12.175000190734863,11.438094139099121,284200
2024-03-19,12.395000457763672,12.510000228881836,12.375,11.676678657531738,193000
2024-03-20,12.489999771118164,12.710000038146973,12.460000038146973,11.85912799835205,150000
2024-03-21,12.680000305175781,12.770000457763672,12.555000305175781,11.74685287475586,199200
2024-03-22,12.484999656677246,12.569999694824219,12.385000228881836,11.728139877319336,262600
2024-03-25,12.305000305175781,12.444999694824219,12.305000305175781,11.564403533935547,290800
2024-03-26,12.369999885559082,12.40999984741211,12.34000015258789,11.592472076416016,227600
2024-03-27,12.579999923706055,12.6850004196167,12.5649995803833,11.8450927734375,171800
2024-03-28,12.5600004196167,12.675000190734863,12.5600004196167,11.788955688476562,193400
2024-04-01,12.255000114440918,12.859999656677246,12.255000114440918,11.7795991897583,218200
2024-04-02,12.364999771118164,12.375,12.274999618530273,11.578438758850098,752600
2024-04-03,12.5,12.635000228881836,12.5,11.760886192321777,347600
2024-04-04,12.529999732971191,12.579999923706055,12.324999809265137,11.569082260131836,210600
2024-04-05,12.255000114440918,12.279999732971191,12.1850004196167,11.480196952819824,276000
2024-04-08,12.234999656677246,12.274999618530273,12.1850004196167,11.447449684143066,185000
2024-04-09,12.085000038146973,12.085000038146973,11.949999809265137,11.232254028320312,232000
2024-04-10,11.729999542236328,11.78499984741211,11.654999732971191,10.96560001373291,257200
2024-04-11,11.710000038146973,11.720000267028809,11.53499984741211,10.90946102142334,313400
2024-04-12,11.604999542236328,11.670000076293945,11.510000228881836,10.783151626586914,240200
2024-04-15,11.739999771118164,11.774999618530273,11.59000015258789,10.84864616394043,257000
2024-04-16,11.539999961853027,11.585000038146973,11.489999771118164,10.797185897827148,259200
2024-04-17,11.739999771118164,11.755000114440918,11.53499984741211,10.858001708984375,288600
2024-04-18,11.555000305175781,11.704999923706055,11.524999618530273,10.858001708984375,298000
2024-04-19,11.614999771118164,11.670000076293945,11.574999809265137,10.867358207702637,312800
2024-04-22,11.770000457763672,11.96500015258789,11.760000228881836,11.134014129638672,309800
2024-04-23,12.220000267028809,12.34000015258789,12.194999694824219,11.54101276397705,188000
2024-04-24,12.1850004196167,12.199999809265137,12.024999618530273,11.293070793151855,183400
2024-04-25,11.680000305175781,12.045000076293945,11.680000305175781,11.26968002319336,239000
2024-04-26,12.395000457763672,12.395000457763672,11.979999542236328,11.32114028930664,193400
2024-04-29,11.760000228881836,11.819999694824219,11.675000190734863,11.202169418334961,190400
2024-04-30,11.180000305175781,11.640000343322754,11.180000305175781,10.83574390411377,222600
2024-05-01,11.300000190734863,11.524999618530273,11.300000190734863,10.821467399597168,173400
2024-05-02,11.154999732971191,11.489999771118164,11.154999732971191,10.854778289794922,181200
2024-05-03,11.489999771118164,11.545000076293945,11.430000305175781,10.968989372253418,207400
2024-05-06,11.449999809265137,11.550000190734863,11.449999809265137,10.988024711608887,203400
2024-05-07,11.375,11.710000038146973,11.375,11.01657772064209,250800
2024-05-08,11.635000228881836,11.755000114440918,11.635000228881836,11.16409969329834,173600
2024-05-09,11.395000457763672,11.550000190734863,11.390000343322754,10.968989372253418,227200
2024-05-10,11.574999809265137,11.625,11.545000076293945,11.01657772064209,152800
2024-05-13,11.654999732971191,11.739999771118164,11.630000114440918,11.140305519104004,186200
2024-05-14,11.704999923706055,11.805000305175781,11.704999923706055,11.235482215881348,170400
2024-05-15,11.710000038146973,11.949999809265137,11.710000038146973,11.373485565185547,220000
2024-05-16,11.864999771118164,11.864999771118164,11.71500015258789,11.149824142456055,175400
2024-05-17,11.704999923706055,11.789999961853027,11.694999694824219,11.183134078979492,212200
2024-05-20,11.869999885559082,11.869999885559082,11.774999618530273,11.249757766723633,157600
2024-05-21,11.829999923706055,11.854999542236328,11.755000114440918,11.202169418334961,120800
2024-05-22,11.84000015258789,11.885000228881836,11.755000114440918,11.23072338104248,202400
2024-05-23,12.024999618530273,12.0600004196167,11.895000457763672,11.354451179504395,213800
2024-05-24,12.020000457763672,12.069999694824219,11.975000381469727,11.473421096801758,201800
2024-05-28,11.9350004196167,12.020000457763672,11.84000015258789,11.349692344665527,196000
2024-05-29,11.829999923706055,11.875,11.770000457763672,11.216445922851562,270200
2024-05-30,12.020000457763672,12.069999694824219,11.960000038146973,11.430591583251953,244000
2024-05-31,11.994999885559082,11.994999885559082,11.765000343322754,11.306862831115723,195000
2024-06-03,11.944999694824219,12.0649995803833,11.920000076293945,11.430591583251953,229400
2024-06-04,12.074999809265137,12.135000228881836,11.930000305175781,11.454385757446289,376400
2024-06-05,12.595000267028809,12.595000267028809,12.359999656677246,11.85412311553955,231000
2024-06-06,12.579999923706055,12.595000267028809,12.489999771118164,11.949298858642578,191200
2024-06-07,12.359999656677246,12.529999732971191,12.305000305175781,11.777982711791992,348800
2024-06-10,12.345000267028809,12.375,12.234999656677246,11.754188537597656,528800
2024-06-11,12.21500015258789,12.289999961853027,12.149999618530273,11.63521957397461,323400
2024-06-12,12.444999694824219,12.630000114440918,12.444999694824219,11.920744895935059,240000
2024-06-13,12.569999694824219,12.645000457763672,12.40999984741211,11.82081127166748,249200
2024-06-14,12.3100004196167,12.375,12.1899995803833,11.711359024047852,626000
2024-06-17,12.420000076293945,12.5600004196167,12.3100004196167,11.954058647155762,453000
2024-06-18,12.569999694824219,12.699999809265137,12.569999694824219,12.025439262390137,423400
2024-06-20,12.824999809265137,12.824999809265137,12.6850004196167,12.120614051818848,548400
2024-06-21,12.569999694824219,12.579999923706055,12.454999923706055,11.954058647155762,501800
2024-06-24,12.505000114440918,12.704999923706055,12.505000114440918,12.025439262390137,319400
2024-06-25,12.53499984741211,12.585000038146973,12.494999885559082,11.944539070129395,322600
2024-06-26,12.390000343322754,12.524999618530273,12.390000343322754,11.911229133605957,305600
2024-06-27,12.470000267028809,12.5600004196167,12.40999984741211,11.839845657348633,336600
2024-06-28,12.399999618530273,12.475000381469727,12.380000114440918,11.825571060180664,180200
2024-07-01,12.4399995803833,12.460000038146973,12.300000190734863,11.735152244567871,223800
2024-07-02,12.024999618530273,12.220000267028809,12.024999618530273,11.630459785461426,299600
2024-07-03,12.239999771118164,12.380000114440918,12.239999771118164,11.735152244567871,189200
2024-07-05,12.354999542236328,12.380000114440918,12.255000114440918,11.725635528564453,309600
2024-07-08,12.404999732971191,12.444999694824219,12.324999809265137,11.773222923278809,253000
2024-07-09,12.305000305175781,12.324999809265137,12.234999656677246,11.701842308044434,289000
2024-07-10,12.354999542236328,12.470000267028809,12.329999923706055,11.863639831542969,196000
2024-07-11,12.5649995803833,12.675000190734863,12.555000305175781,11.973093032836914,337000
2024-07-12,12.779999732971191,12.930000305175781,12.779999732971191,12.230067253112793,354400
2024-07-15,12.760000228881836,12.760000228881836,12.550000190734863,11.944539070129395,320200
2024-07-16,12.449999809265137,12.569999694824219,12.414999961853027,11.901710510253906,312400
2024-07-17,12.359999656677246,12.414999961853027,12.335000038146973,11.797018051147461,285200
2024-07-18,12.484999656677246,12.484999656677246,12.274999618530273,11.739912986755371,330800
2024-07-19,12.359999656677246,12.404999732971191,12.274999618530273,11.716117858886719,176600
2024-07-22,12.4399995803833,12.449999809265137,12.3100004196167,11.792258262634277,451200
2024-07-23,12.414999961853027,12.4350004196167,12.350000381469727,11.773222923278809,320000
2024-07-24,12.170000076293945,12.229999542236328,12.140000343322754,11.554320335388184,249400
2024-07-25,12.069999694824219,12.194999694824219,11.994999885559082,11.516249656677246,289800
2024-07-26,12.069999694824219,12.239999771118164,12.069999694824219,11.63997745513916,294800
2024-07-29,12.114999771118164,12.125,12.039999961853027,11.521007537841797,195000
2024-07-30,12.220000267028809,12.265000343322754,12.164999961853027,11.654253959655762,203400
2024-07-31,12.1899995803833,12.199999809265137,12.074999809265137,11.544801712036133,187800
2024-08-01,12.220000267028809,12.274999618530273,12.039999961853027,11.473421096801758,285600
2024-08-02,12.010000228881836,12.039999961853027,11.904999732971191,11.411555290222168,266600
2024-08-05,11.744999885559082,11.904999732971191,11.739999771118164,11.264034271240234,266800
2024-08-06,11.604999542236328,11.819999694824219,11.604999542236328,11.16409969329834,379800
2024-08-07,11.824999809265137,11.914999961853027,11.710000038146973,11.149824142456055,228200
2024-08-08,11.755000114440918,11.875,11.744999885559082,11.287827491760254,231200
2024-08-09,11.989999771118164,12.130000114440918,11.9350004196167,11.525766372680664,201000
2024-08-12,12.210000038146973,12.210000038146973,11.989999771118164,11.482937812805176,202800
2024-08-13,12.140000343322754,12.244999885559082,12.119999885559082,11.563836097717285,200000
2024-08-14,12.335000038146973,12.380000114440918,12.274999618530273,11.725635528564453,366400
2024-08-15,12.3149995803833,12.479999542236328,12.3149995803833,11.830328941345215,134600
2024-08-16,12.71500015258789,12.835000038146973,12.71500015258789,12.215790748596191,162600
2024-08-19,13.039999961853027,13.164999961853027,13.029999732971191,12.525110244750977,210600
2024-08-20,13.3149995803833,13.390000343322754,13.3149995803833,12.724980354309082,810600
2024-08-21,13.425000190734863,13.550000190734863,13.414999961853027,12.862984657287598,154000
2024-08-22,13.744999885559082,13.765000343322754,13.475000381469727,12.82491397857666,153400
2024-08-23,13.65999984741211,13.835000038146973,13.640000343322754,13.15326976776123,157000
2024-08-26,13.734999656677246,13.774999618530273,13.6899995803833,13.048577308654785,193200
2024-08-27,13.654999732971191,13.8149995803833,13.640000343322754,13.086647987365723,246000
2024-08-28,13.694999694824219,13.720000267028809,13.505000114440918,12.901055335998535,208400
2024-08-29,13.619999885559082,13.720000267028809,13.59000015258789,13.03905963897705,309800
2024-08-30,13.494999885559082,13.645000457763672,13.494999885559082,12.901055335998535,172800
2024-09-03,13.390000343322754,13.470000267028809,13.300000190734863,12.748774528503418,150000
2024-09-04,13.095000267028809,13.319999694824219,13.095000267028809,12.648839950561523,140400
2024-09-05,12.975000381469727,13.104999542236328,12.975000381469727,12.468006134033203,251600
2024-09-06,13.135000228881836,13.170000076293945,12.885000228881836,12.325242042541504,1257400
2024-09-09,12.899999618530273,12.925000190734863,12.800000190734863,12.253861427307129,218200
2024-09-10,12.760000228881836,12.880000114440918,12.710000038146973,12.191996574401855,433800
2024-09-11,13.449999809265137,13.5,13.265000343322754,12.843949317932129,547000
2024-09-12,13.585000038146973,13.835000038146973,13.585000038146973,13.129476547241211,161400
2024-09-13,13.96500015258789,14.005000114440918,13.9350004196167,13.329344749450684,792000
2024-09-16,14.015000343322754,14.09000015258789,13.970000267028809,13.381691932678223,219600
2024-09-17,14.1850004196167,14.244999885559082,14.114999771118164,13.505419731140137,185600
2024-09-18,14.1850004196167,14.395000457763672,14.079999923706055,13.610113143920898,210000
2024-09-19,14.399999618530273,14.595000267028809,14.375,13.838534355163574,171000
2024-09-20,14.545000076293945,14.59000015258789,14.420000076293945,13.781428337097168,507400
2024-09-23,14.600000381469727,14.670000076293945,14.494999885559082,13.80522346496582,179400
2024-09-24,14.460000038146973,14.949999809265137,14.460000038146973,14.15737247467041,204800
2024-09-25,14.619999885559082,14.864999771118164,14.569999694824219,13.89564037322998,227800
2024-09-26,14.895000457763672,14.979999542236328,14.619999885559082,14.252548217773438,167600
2024-09-27,15.020000457763672,15.055000305175781,14.744999885559082,14.138337135314941,585000
2024-09-30,14.9350004196167,15.03499984741211,14.739999771118164,14.12406063079834,215800
2024-10-01,14.550000190734863,14.579999923706055,14.425000190734863,13.867086410522461,231400
2024-10-02,14.180000305175781,14.425000190734863,14.180000305175781,13.662459373474121,192000
2024-10-03,14.359999656677246,14.395000457763672,14.255000114440918,13.667218208312988,414400
2024-10-04,14.234999656677246,14.350000381469727,14.1850004196167,13.64818286895752,459400
2024-10-07,14.555000305175781,14.555000305175781,14.289999961853027,13.64818286895752,536200
2024-10-08,14.449999809265137,14.604999542236328,14.449999809265137,13.881363868713379,193000
2024-10-09,14.175000190734863,14.5649995803833,14.175000190734863,13.757635116577148,146000
2024-10-10,14.104999542236328,14.515000343322754,14.104999542236328,13.771912574768066,248800
2024-10-11,14.475000381469727,14.630000114440918,14.475000381469727,13.876605033874512,279000
2024-10-14,14.585000038146973,14.824999809265137,14.545000076293945,14.057438850402832,259000
2024-10-15,14.789999961853027,14.84000015258789,14.645000457763672,13.938469886779785,188600
2024-10-16,14.859999656677246,14.984999656677246,14.859999656677246,14.195443153381348,527800
2024-10-17,14.895000457763672,14.895000457763672,14.75,14.038403511047363,200400
2024-10-18,14.649999618530273,14.654999732971191,14.574999809265137,13.933710098266602,284200
2024-10-21,14.640000343322754,14.78499984741211,14.569999694824219,13.962263107299805,413200
2024-10-22,14.5,14.6899995803833,14.260000228881836,13.900399208068848,192000
2024-10-23,14.694999694824219,14.75,14.619999885559082,13.947985649108887,1650800
2024-10-24,14.829999923706055,14.930000305175781,14.805000305175781,14.12882137298584,2076800
2024-10-25,14.5,14.835000038146973,14.5,13.976539611816406,464400
2024-10-28,14.59000015258789,14.864999771118164,14.59000015258789,14.085991859436035,160800
2024-10-29,14.739999771118164,14.800000190734863,14.694999694824219,14.00985050201416,349400
2024-10-30,14.100000381469727,14.694999694824219,14.100000381469727,13.738600730895996,187600
2024-10-31,14.545000076293945,14.545000076293945,14.21500015258789,13.662459373474121,250800
2024-11-01,14.265000343322754,14.354999542236328,14.204999923706055,13.721382141113281,214200
2024-11-04,14.375,14.375,14.03499984741211,13.6779146194458,165400
2024-11-05,14.289999961853027,14.404999732971191,13.975000381469727,13.914572715759277,154000
2024-11-06,14.010000228881836,14.010000228881836,13.789999961853027,13.431595802307129,332400
2024-11-07,13.925000190734863,14.0649995803833,13.885000228881836,13.523361206054688,216600
2024-11-08,13.845000267028809,14.149999618530273,13.845000267028809,13.489553451538086,280600
2024-11-11,13.8100004196167,13.8100004196167,13.545000076293945,13.112831115722656,296600
2024-11-12,13.574999809265137,13.574999809265137,13.270000457763672,12.866512298583984,265200
2024-11-13,13.350000381469727,13.449999809265137,13.234999656677246,12.94861888885498,506200
2024-11-14,13.385000228881836,13.510000228881836,13.345000267028809,12.91964054107666,276800
2024-11-15,13.425000190734863,13.494999885559082,13.375,12.953449249267578,507800
2024-11-18,13.305000305175781,13.574999809265137,13.25,13.059704780578613,297000
2024-11-19,13.329999923706055,13.579999923706055,13.234999656677246,13.069363594055176,1084000
2024-11-20,13.635000228881836,13.635000228881836,13.4350004196167,13.069363594055176,381000
2024-11-21,13.295000076293945,13.630000114440918,13.295000076293945,13.117661476135254,249400
2024-11-22,13.470000267028809,13.835000038146973,13.470000267028809,13.310851097106934,377200
2024-11-25,13.96500015258789,13.989999771118164,13.835000038146973,13.38329792022705,329000
2024-11-26,13.84000015258789,13.864999771118164,13.760000228881836,13.301192283630371,227400
2024-11-27,13.675000190734863,13.779999732971191,13.600000381469727,13.310851097106934,334000
2024-11-29,13.760000228881836,13.8149995803833,13.420000076293945,13.32534122467041,161800
2024-12-02,13.979999542236328,14.140000343322754,13.920000076293945,13.65859603881836,295400
2024-12-03,14.34000015258789,14.470000267028809,14.270000457763672,13.929062843322754,252200
2024-12-04,14.460000038146973,14.800000190734863,14.460000038146973,14.175381660461426,179800
2024-12-05,14.744999885559082,14.8149995803833,14.704999923706055,14.257487297058105,239400
2024-12-06,14.744999885559082,14.765000343322754,14.449999809265137,14.218849182128906,456200
2024-12-09,14.729999542236328,14.774999618530273,14.520000457763672,14.05463695526123,1225600
2024-12-10,14.515000343322754,14.515000343322754,14.21500015258789,13.861445426940918,496600
2024-12-11,13.135000228881836,13.5,13.135000228881836,12.97276782989502,1511400
2024-12-12,13.079999923706055,13.170000076293945,12.944999694824219,12.538087844848633,367000
2024-12-13,13.1850004196167,13.1899995803833,13.104999542236328,12.682981491088867,289400
2024-12-16,13.074999809265137,13.255000114440918,13.074999809265137,12.740938186645508,678400
2024-12-17,13.229999542236328,13.239999771118164,13.119999885559082,12.711959838867188,412600
2024-12-18,13.145000457763672,13.220000267028809,12.845000267028809,12.412514686584473,277400
2024-12-19,12.859999656677246,12.869999885559082,12.755000114440918,12.388365745544434,651400
2024-12-20,12.829999923706055,13.069999694824219,12.824999809265137,12.54291820526123,408200
2024-12-23,12.885000228881836,12.925000190734863,12.819999694824219,12.44632339477539,583400
2024-12-24,12.6899995803833,12.914999961853027,12.6899995803833,12.412514686584473,285000
2024-12-26,12.720000267028809,12.9399995803833,12.720000267028809,12.48496150970459,297200
2024-12-27,12.914999961853027,12.984999656677246,12.885000228881836,12.513938903808594,370400
2024-12-30,12.970000267028809,12.989999771118164,12.829999923706055,12.402854919433594,432200
2024-12-31,12.6899995803833,12.895000457763672,12.6899995803833,12.320748329162598,209800
2025-01-02,12.779999732971191,12.914999961853027,12.774999618530273,12.412514686584473,296400
2025-01-03,12.944999694824219,12.975000381469727,12.824999809265137,12.402854919433594,481200
2025-01-06,13.069999694824219,13.270000457763672,13.055000305175781,12.673322677612305,568000
2025-01-07,13.244999885559082,13.244999885559082,13.020000457763672,12.615365028381348,588600
2025-01-08,12.925000190734863,13.079999923706055,12.925000190734863,12.620194435119629,400800
2025-01-10,12.914999961853027,12.925000190734863,12.739999771118164,12.383535385131836,332000
2025-01-13,12.585000038146973,12.609999656677246,12.4399995803833,12.113068580627441,412400
2025-01-14,12.675000190734863,12.739999771118164,12.625,12.248302459716797,479400
2025-01-15,12.920000076293945,13.015000343322754,12.875,12.460811614990234,262800
2025-01-16,12.779999732971191,12.8100004196167,12.539999961853027,12.171026229858398,862800
2025-01-17,12.609999656677246,12.739999771118164,12.604999542236328,12.286940574645996,664000
2025-01-21,12.640000343322754,12.71500015258789,12.510000228881836,12.228982925415039,824000
2025-01-22,12.710000038146973,12.710000038146973,12.574999809265137,12.17585563659668,1629400
2025-01-23,12.675000190734863,12.71500015258789,12.595000267028809,12.26279067993164,439400
2025-01-24,12.789999961853027,12.845000267028809,12.75,12.344897270202637,265200
2025-01-27,12.71500015258789,12.78499984741211,12.6899995803833,12.344897270202637,382400
2025-01-28,12.954999923706055,13.100000381469727,12.954999923706055,12.654003143310547,311200
2025-01-29,13.359999656677246,13.430000305175781,13.289999961853027,12.876172065734863,2034200
2025-01-30,13.6899995803833,13.824999809265137,13.635000228881836,13.277043342590332,349200
2025-01-31,13.680000305175781,13.795000076293945,13.569999694824219,13.141809463500977,842000
2025-02-03,13.369999885559082,13.4399995803833,13.1850004196167,12.808555603027344,1353800
2025-02-04,13.5,13.670000076293945,13.494999885559082,13.093512535095215,306200
2025-02-05,13.569999694824219,13.630000114440918,13.524999618530273,13.083852767944336,902400
2025-02-06,13.579999923706055,13.6850004196167,13.539999961853027,13.141809463500977,998200
2025-02-07,13.760000228881836,13.800000190734863,13.510000228881836,13.083852767944336,254600
2025-02-10,13.59000015258789,13.739999771118164,13.59000015258789,13.243234634399414,226400
2025-02-11,13.8100004196167,13.885000228881836,13.770000457763672,13.397788047790527,212200
2025-02-12,13.864999771118164,14.180000305175781,13.864999771118164,13.65859603881836,217600
2025-02-13,14,14.164999961853027,13.975000381469727,13.66342544555664,254000
2025-02-14,14.289999961853027,14.345000267028809,14.220000267028809,13.735872268676758,277400
2025-02-18,14.515000343322754,14.579999923706055,14.46500015258789,13.987019538879395,270800
2025-02-19,14.029999732971191,14.045000076293945,13.899999618530273,13.479893684387207,330200
2025-02-20,13.989999771118164,14.130000114440918,13.954999923706055,13.600638389587402,393200
2025-02-21,13.864999771118164,13.864999771118164,13.625,13.190107345581055,358600
2025-02-24,13.585000038146973,13.604999542236328,13.475000381469727,13.016236305236816,295600
2025-02-25,13.770000457763672,13.770000457763672,13.619999885559082,13.209426879882812,357000
2025-02-26,13.774999618530273,13.899999618530273,13.720000267028809,13.28187370300293,198400
2025-02-27,13.420000076293945,13.46500015258789,13.324999809265137,12.871342658996582,207400
2025-02-28,13.550000190734863,13.595000267028809,13.354999542236328,12.996916770935059,280000
2025-03-03,13.524999618530273,13.5649995803833,13.244999885559082,12.842364311218262,246600
2025-03-04,13.479999542236328,13.630000114440918,13.260000228881836,13.016236305236816,1533400
2025-03-05,13.579999923706055,13.770000457763672,13.569999694824219,13.27221393585205,281400
2025-03-06,13.399999618530273,13.619999885559082,13.335000038146973,12.9437894821167,4045600
2025-03-07,13.524999618530273,13.755000114440918,13.524999618530273,13.228745460510254,382400
2025-03-10,13.625,13.675000190734863,13.399999618530273,13.035554885864258,995000
2025-03-11,13.449999809265137,13.479999542236328,13.1899995803833,12.827874183654785,1225800
2025-03-12,12.220000267028809,12.34000015258789,12.09000015258789,11.818451881408691,499800
2025-03-13,12.1850004196167,12.295000076293945,12.020000457763672,11.644580841064453,406200
2025-03-14,12.074999809265137,12.220000267028809,12.029999732971191,11.79913330078125,370800
2025-03-17,12.125,12.369999885559082,12.114999771118164,11.919878005981445,531600
2025-03-18,12.359999656677246,12.380000114440918,12.265000343322754,11.958515167236328,2872600
2025-03-19,12.444999694824219,12.645000457763672,12.404999732971191,12.166196823120117,737800
2025-03-20,12.585000038146973,12.760000228881836,12.585000038146973,12.315918922424316,2687200
2025-03-21,12.609999656677246,12.6850004196167,12.5600004196167,12.238641738891602,6609200
2025-03-24,12.555000305175781,12.734999656677246,12.555000305175781,12.277280807495117,5323000
2025-03-25,12.779999732971191,12.800000190734863,12.520000457763672,12.122727394104004,2003200
2025-03-26,12.479999542236328,12.664999961853027,12.444999694824219,12.146876335144043,4874400
2025-03-27,12.545000076293945,12.619999885559082,12.475000381469727,12.142046928405762,1545600
2025-03-28,12.574999809265137,12.664999961853027,12.414999961853027,12.180684089660645,5748400
2025-03-31,12.359999656677246,12.550000190734863,12.3149995803833,12.074429512023926,6842000
2025-04-01,12.475000381469727,12.550000190734863,12.4350004196167,12.069600105285645,1358200
2025-04-02,12.430000305175781,12.619999885559082,12.420000076293945,12.180684089660645,994400
2025-04-03,12.630000114440918,12.729999542236328,12.470000267028809,12.059941291809082,767600
2025-04-04,12.220000267028809,12.364999771118164,12.09000015258789,11.721857070922852,588600
2025-04-07,11.680000305175781,12.350000381469727,11.5600004196167,11.267858505249023,898600
2025-04-08,12.005000114440918,12.125,11.630000114440918,11.349964141845703,974200
2025-04-09,12.100000381469727,12.890000343322754,12.074999809265137,12.407684326171875,1177800
2025-04-10,12.675000190734863,12.824999809265137,12.510000228881836,12.325578689575195,651800
2025-04-11,12.904999732971191,13.164999961853027,12.854999542236328,12.707130432128906,1116000
2025-04-14,12.989999771118164,13.194999694824219,12.960000038146973,12.697470664978027,455800
2025-04-15,13.1899995803833,13.279999732971191,13.135000228881836,12.808555603027344,503200
2025-04-16,13.274999618530273,13.359999656677246,13.100000381469727,12.692641258239746,629400
2025-04-17,13.414999961853027,13.420000076293945,13.130000114440918,12.93412971496582,538800
2025-04-21,13.3100004196167,13.710000038146973,12.904999732971191,12.861682891845703,1000400
2025-04-22,13.645000457763672,13.725000381469727,13.449999809265137,13.194936752319336,363400
2025-04-23,13.744999885559082,13.800000190734863,13.640000343322754,13.21425724029541,211800
2025-04-24,13.71500015258789,13.890000343322754,13.619999885559082,13.286703109741211,319000
2025-04-25,13.770000457763672,14.029999732971191,13.770000457763672,13.547510147094727,188600
2025-04-28,13.725000381469727,14.0600004196167,13.725000381469727,13.581318855285645,476400
2025-04-29,13.625,13.734999656677246,13.5,13.243234634399414,332400
2025-04-30,13.225000381469727,13.470000267028809,13.225000381469727,13.230457305908203,308200
2025-05-01,12.979999542236328,13.625,12.979999542236328,13.215712547302246,340000
2025-05-02,13.454999923706055,13.619999885559082,13.454999923706055,13.387727737426758,352400
2025-05-05,13.380000114440918,13.59000015258789,13.380000114440918,13.338581085205078,275400
2025-05-06,13.579999923706055,13.579999923706055,13.40999984741211,13.259944915771484,178200
2025-05-07,12.960000038146973,13.149999618530273,12.960000038146973,12.876596450805664,402200
2025-05-08,13.194999694824219,13.194999694824219,12.970000267028809,12.758642196655273,356400
2025-05-09,13.1899995803833,13.204999923706055,13.050000190734863,12.876596450805664,316200
2025-05-12,13.279999732971191,13.279999732971191,12.954999923706055,12.999464988708496,343200
2025-05-13,13.414999961853027,13.5600004196167,13.375,13.30909252166748,418800
2025-05-14,13.539999961853027,13.539999961853027,13.305000305175781,13.078100204467773,387000
2025-05-15,13.40999984741211,13.494999885559082,13.300000190734863,13.220626831054688,994600
2025-05-16,13.350000381469727,13.71500015258789,13.350000381469727,13.466363906860352,248400
2025-05-19,13.604999542236328,13.704999923706055,13.595000267028809,13.427045822143555,571600
2025-05-20,13.680000305175781,13.6850004196167,13.595000267028809,13.436875343322754,506200
2025-05-21,13.600000381469727,13.765000343322754,13.585000038146973,13.422131538391113,227800
2025-05-22,13.449999809265137,13.654999732971191,13.449999809265137,13.368069648742676,301600
2025-05-23,13.199999809265137,13.390000343322754,13.140000343322754,13.073185920715332,1959400
2025-05-27,13.279999732971191,13.3149995803833,13.225000381469727,13.048611640930176,508400
2025-05-28,13.104999542236328,13.220000267028809,13.0649995803833,12.901169776916504,691800
2025-05-29,13.404999732971191,13.444999694824219,13.364999771118164,13.186223983764648,398600
2025-05-30,13.4399995803833,13.550000190734863,13.4399995803833,13.314007759094238,434600
2025-06-02,13.489999771118164,13.614999771118164,13.475000381469727,13.363155364990234,606200
2025-06-03,13.475000381469727,13.479999542236328,13.385000228881836,13.166565895080566,245200
2025-06-04,13.329999923706055,13.619999885559082,13.319999694824219,13.314007759094238,2362400
2025-06-05,13.600000381469727,13.675000190734863,13.524999618530273,13.30909252166748,734800
2025-06-06,13.694999694824219,13.75,13.670000076293945,13.490938186645508,297200
2025-06-09,13.779999732971191,13.920000076293945,13.779999732971191,13.584317207336426,329000
2025-06-10,14.0649995803833,14.130000114440918,14.010000228881836,13.775992393493652,216800
2025-06-11,13.470000267028809,13.569999694824219,13.46500015258789,13.250115394592285,228000
2025-06-12,13.475000381469727,13.515000343322754,13.350000381469727,13.146906852722168,382200
2025-06-13,13.039999961853027,13.229999542236328,13,12.930658340454102,302400
2025-06-16,13.140000343322754,13.28499984741211,13.140000343322754,12.989635467529297,338000
2025-06-17,13.03499984741211,13.085000038146973,12.835000038146973,12.6406888961792,306800
2025-06-18,12.704999923706055,12.835000038146973,12.630000114440918,12.512906074523926,469400
2025-06-20,12.795000076293945,13.850000381469727,12.734999656677246,13.215712547302246,4050000
2025-06-23,12.755000114440918,12.994999885559082,12.710000038146973,12.714410781860352,463800
2025-06-24,12.765000343322754,13.300000190734863,12.765000343322754,12.699666023254395,2241200
2025-06-25,12.729999542236328,12.850000381469727,12.649999618530273,12.512906074523926,537200
2025-06-26,12.960000038146973,12.960000038146973,12.59000015258789,12.394951820373535,1024600
2025-06-27,12.800000190734863,13.3100004196167,12.800000190734863,12.670177459716797,427600
2025-06-30,13.09000015258789,13.09000015258789,12.880000114440918,12.827448844909668,451700
2025-07-01,13,13.140000343322754,12.989999771118164,12.866766929626465,400400
2025-07-02,12.989999771118164,13.029999732971191,12.930000305175781,12.729153633117676,221700
2025-07-03,12.920000076293945,13.100000381469727,12.90999984741211,12.837278366088867,188200
2025-07-07,12.920000076293945,13.050000190734863,12.770000457763672,12.650518417358398,319700
2025-07-08,12.789999961853027,12.789999961853027,12.630000114440918,12.473587989807129,258100
2025-07-09,12.760000228881836,12.829999923706055,12.720000267028809,12.611200332641602,496600
2025-07-10,13.180000305175781,13.180000305175781,12.729999542236328,12.630860328674316,376500
2025-07-11,12.789999961853027,13.130000114440918,12.670000076293945,12.542394638061523,631600
2025-07-14,12.899999618530273,12.899999618530273,12.4399995803833,12.28682804107666,728200
2025-07-15,12.329999923706055,12.430000305175781,12.140000343322754,11.95262622833252,516300
2025-07-16,12.199999809265137,12.350000381469727,12.140000343322754,11.982114791870117,1107700
2025-07-17,12.170000076293945,12.319999694824219,12.170000076293945,12.031262397766113,1140000
2025-07-18,12.270000457763672,12.279999732971191,12.130000114440918,11.923138618469238,616300
2025-07-21,12.1899995803833,12.329999923706055,12.15999984741211,11.991944313049316,600400
2025-07-22,12.289999961853027,12.329999923706055,12.1899995803833,12.11972713470459,312100
2025-07-23,12.569999694824219,12.739999771118164,12.479999542236328,12.512906074523926,414100
2025-07-24,12.699999809265137,12.729999542236328,12.579999923706055,12.375293731689453,349000
2025-07-25,12.5,12.720000267028809,12.5,12.503076553344727,254900
2025-07-28,12.539999961853027,12.539999961853027,12.4399995803833,12.257340431213379,444500
2025-07-29,12.460000038146973,12.569999694824219,12.40999984741211,12.227850914001465,494000
2025-07-30,12.300000190734863,12.329999923706055,12.149999618530273,11.962456703186035,455000
2025-07-31,12.069999694824219,12.100000381469727,11.880000114440918,11.706890106201172,487900
2025-08-01,11.90999984741211,11.930000305175781,11.800000190734863,11.697060585021973,452400
2025-08-04,11.880000114440918,11.949999809265137,11.859999656677246,11.72654914855957,462000
2025-08-05,11.890000343322754,11.960000038146973,11.8100004196167,11.716719627380371,388900
2025-08-06,11.949999809265137,12.079999923706055,11.949999809265137,11.824843406677246,322500
2025-08-07,12.229999542236328,12.359999656677246,12.170000076293945,12.10989761352539,2307100
2025-08-08,12.34000015258789,12.510000228881836,12.34000015258789,12.24751091003418,1142700
2025-08-11,12.350000381469727,12.350000381469727,12.229999542236328,12.060750961303711,408200
2025-08-12,12.199999809265137,12.350000381469727,12.199999809265137,12.08041000366211,669100
2025-08-13,12.529999732971191,12.529999732971191,12.369999885559082,12.257340431213379,535000
2025-08-14,12.510000228881836,12.630000114440918,12.489999771118164,12.375293731689453,337400
2025-08-15,12.59000015258789,12.720000267028809,12.59000015258789,12.503076553344727,290400
2025-08-18,12.65999984741211,12.779999732971191,12.65999984741211,12.493247032165527,640400
2025-08-19,12.699999809265137,12.850000381469727,12.699999809265137,12.522735595703125,372200
2025-08-20,12.699999809265137,12.800000190734863,12.699999809265137,12.552224159240723,256900
2025-08-21,12.529999732971191,12.6899995803833,12.520000457763672,12.394951820373535,404200
2025-08-22,12.65999984741211,12.970000267028809,12.65999984741211,12.660347938537598,706600
2025-08-25,12.819999694824219,12.930000305175781,12.649999618530273,12.434269905090332,460400
2025-08-26,12.789999961853027,12.789999961853027,12.619999885559082,12.463759422302246,370300
2025-08-27,12.930000305175781,12.930000305175781,12.5600004196167,12.463759422302246,290100
2025-08-28,12.350000381469727,12.710000038146973,12.350000381469727,12.45392894744873,273100
2025-08-29,12.40999984741211,12.479999542236328,12.329999923706055,12.178704261779785,246500
2025-09-02,12.050000190734863,12.119999885559082,11.979999542236328,11.903478622436523,529700
2025-09-03,12.109999656677246,12.59000015258789,12.109999656677246,12.10989761352539,495200
2025-09-04,12.140000343322754,12.460000038146973,12.140000343322754,12.218022346496582,409500
2025-09-05,12.479999542236328,12.529999732971191,12.289999961853027,12.168874740600586,406900
2025-09-08,12.489999771118164,12.6899995803833,12.489999771118164,12.365464210510254,670100
2025-09-09,12.649999618530273,12.649999618530273,12.229999542236328,12.296658515930176,425800
2025-09-10,12.819999694824219,13.489999771118164,12.819999694824219,13.171480178833008,5576100
2025-09-11,13.539999961853027,13.90999984741211,13.539999961853027,13.495851516723633,6276100
2025-09-12,13.510000228881836,13.890000343322754,13.479999542236328,13.387727737426758,1189400
2025-09-15,13.550000190734863,13.970000267028809,13.550000190734863,13.387727737426758,1034700
2025-09-16,13.510000228881836,13.779999732971191,13.449999809265137,13.368069648742676,463300
2025-09-17,13.630000114440918,13.6899995803833,13.350000381469727,13.368069648742676,283000
2025-09-18,13.640000343322754,13.640000343322754,13.229999542236328,13.377898216247559,342100
2025-09-19,13.59000015258789,13.989999771118164,13.359999656677246,13.191139221191406,1776200
2025-09-22,12.989999771118164,13.449999809265137,12.989999771118164,12.994549751281738,747300
2025-09-23,13.170000076293945,13.25,13.130000114440918,13.004378318786621,379100
2025-09-24,13.029999732971191,13.119999885559082,12.960000038146973,12.758642196655273,260900
2025-09-25,12.989999771118164,13.010000228881836,12.880000114440918,12.719324111938477,445600
2025-09-26,13.170000076293945,13.270000457763672,13.15999984741211,12.994549751281738,669300
2025-09-29,13.369999885559082,13.4399995803833,13.350000381469727,13.14199161529541,621500
2025-09-30,13.59000015258789,13.819999694824219,13.569999694824219,13.574488639831543,600100
2025-10-01,13.979999542236328,14.149999618530273,13.979999542236328,13.859542846679688,1097800
2025-10-02,14.140000343322754,14.15999984741211,13.960000038146973,13.82022476196289,893000
2025-10-03,14.199999809265137,14.270000457763672,14.170000076293945,13.977496147155762,987800
2025-10-06,14.1899995803833,14.260000228881836,14.140000343322754,13.918519020080566,982200
2025-10-07,14.289999961853027,14.329999923706055,14.15999984741211,13.967666625976562,1133900
2025-10-08,13.989999771118164,14.140000343322754,13.90999984741211,13.731760025024414,650000
2025-10-09,13.739999771118164,13.75,13.640000343322754,13.427045822143555,397400
2025-10-10,13.890000343322754,13.90999984741211,13.569999694824219,13.348410606384277,253600
2025-10-13,13.710000038146973,13.789999961853027,13.680000305175781,13.495851516723633,329600
2025-10-14,13.720000267028809,13.869999885559082,13.720000267028809,13.554828643798828,392200
2025-10-15,13.819999694824219,13.930000305175781,13.800000190734863,13.65312385559082,465200
2025-10-16,13.989999771118164,14.069999694824219,13.9399995803833,13.810395240783691,516400
2025-10-17,13.970000267028809,14.170000076293945,13.970000267028809,13.898860931396484,436500
2025-10-20,14.180000305175781,14.289999961853027,14.180000305175781,13.967666625976562,198600
2025-10-21,14.180000305175781,14.34000015258789,14.180000305175781,13.957837104797363,270100
2025-10-22,14.180000305175781,14.229999542236328,14.029999732971191,13.86937141418457,642600
2025-10-23,14.140000343322754,14.25,14.140000343322754,13.99715518951416,377700
2025-10-24,14.329999923706055,14.479999542236328,14.300000190734863,14.183915138244629,204000
2025-10-27,14.359999656677246,14.640000343322754,14.359999656677246,14.3411865234375,258400
2025-10-28,14.350000381469727,14.800000190734863,14.329999923706055,14.095449447631836,294500
2025-10-29,14.800000190734863,14.800000190734863,14.1899995803833,14.065961837768555,323000
2025-10-30,13.609999656677246,14.149999618530273,13.609999656677246,13.87920093536377,273300
2025-10-31,13.869999885559082,13.890000343322754,13.729999542236328,13.564659118652344,233500
2025-11-03,13.779999732971191,13.789999961853027,13.649999618530273,13.456534385681152,456900
2025-11-04,13.550000190734863,13.989999771118164,13.5,13.299263000488281,318000
2025-11-05,13.329999923706055,13.829999923706055,13.329999923706055,13.525341033935547,432200
2025-11-06,13.850000381469727,13.869999885559082,13.5600004196167,13.564659118652344,369000
2025-11-07,13.40999984741211,13.850000381469727,13.329999923706055,13.574488639831543,453000
2025-11-10,13.619999885559082,14.039999961853027,13.619999885559082,13.800565719604492,293800
2025-11-11,14.130000114440918,14.489999771118164,14.130000114440918,14.183915138244629,280200
2025-11-12,14.380000114440918,14.510000228881836,14.380000114440918,14.17408561706543,269500
2025-11-13,14.239999771118164,14.260000228881836,13.84000015258789,13.928348541259766,296800
2025-11-14,14.149999618530273,14.210000038146973,14.079999923706055,13.86937141418457,1578100
2025-11-17,13.800000190734863,13.800000190734863,13.510000228881836,13.358240127563477,339400
2025-11-18,13.449999809265137,13.520000457763672,13.0600004196167,13.279603958129883,458100
2025-11-19,13.699999809265137,13.739999771118164,13.369999885559082,13.427045822143555,450600
2025-11-20,13.680000305175781,13.789999961853027,13.479999542236328,13.259944915771484,461300
2025-11-21,13.399999618530273,13.550000190734863,13.3100004196167,13.279603958129883,511000
2025-11-24,13.520000457763672,13.550000190734863,13.40999984741211,13.250115394592285,498000
2025-11-25,13.59000015258789,13.819999694824219,13.59000015258789,13.544999122619629,626600
2025-11-26,13.739999771118164,14.010000228881836,13.729999542236328,13.721930503845215,352900
2025-11-28,14.399999618530273,14.399999618530273,13.920000076293945,13.810395240783691,195800
2025-12-01,14.15999984741211,14.390000343322754,14.149999618530273,14.065961837768555,472900
2025-12-02,14.029999732971191,14.34000015258789,14.029999732971191,13.938178062438965,422700
2025-12-03,15.699999809265137,15.779999732971191,15.420000076293945,15.37328052520752,873100
2025-12-04,15.90999984741211,16.030000686645508,15.850000381469727,15.687822341918945,571100
2025-12-05,15.9399995803833,16.020000457763672,15.90999984741211,15.707481384277344,346300
2025-12-08,15.819999694824219,16.010000228881836,15.600000381469727,15.363450050354004,683900
2025-12-09,15.619999885559082,15.829999923706055,15.569999694824219,15.471573829650879,232700
2025-12-10,15.920000076293945,16.079999923706055,15.819999694824219,15.756629943847656,252900
2025-12-11,16.3700008392334,16.3799991607666,16.1299991607666,15.874582290649414,378900
2025-12-12,16.299999237060547,16.43000030517578,16.260000228881836,16.120319366455078,738300
2025-12-15,15.729999542236328,16.18000030517578,15.729999542236328,15.786116600036621,334500
2025-12-16,16.100000381469727,16.540000915527344,16,15.80577564239502,276800
2025-12-17,16.059999465942383,16.190000534057617,16.010000228881836,15.736969947814941,350900
2025-12-18,16.399999618530273,16.530000686645508,16.360000610351562,16.13014793395996,639100
2025-12-19,16.350000381469727,16.3799991607666,16.270000457763672,16.012195587158203,370900
2025-12-22,16.510000228881836,16.579999923706055,16.459999084472656,16.23827362060547,369300
2025-12-23,16.540000915527344,16.559999465942383,16.440000534057617,16.23827362060547,480700
2025-12-24,15.899999618530273,17.049999237060547,15.899999618530273,16.267759323120117,239400
2025-12-26,16.600000381469727,16.600000381469727,16.489999771118164,16.267759323120117,197700
2025-12-29,16.18000030517578,16.59000015258789,16.18000030517578,16.24810218811035,265000
2025-12-30,16.610000610351562,16.690000534057617,16.59000015258789,16.34639549255371,248400
2025-12-31,17.260000228881836,17.260000228881836,15.970000267028809,16.218612670898438,178300
2026-01-02,16.559999465942383,16.559999465942383,16.40999984741211,16.267759323120117,498800
2026-01-05,16.399999618530273,16.559999465942383,16.3799991607666,16.218612670898438,241600
2026-01-06,16.520000457763672,16.729999542236328,16.510000228881836,16.385713577270508,376300
2026-01-07,16.65999984741211,16.799999237060547,16.549999237060547,16.474180221557617,561100
2026-01-08,16.3700008392334,16.559999465942383,16.360000610351562,16.208784103393555,1203900
2026-01-09,16.440000534057617,16.469999313354492,16.290000915527344,16.120319366455078,2130200
2026-01-12,16.670000076293945,16.700000762939453,16.579999923706055,16.385713577270508,557600
2026-01-13,16.649999618530273,16.65999984741211,16.520000457763672,16.326738357543945,855500
2026-01-14,16.559999465942383,16.579999923706055,16.329999923706055,16.0711727142334,423600
2026-01-15,16.149999618530273,16.170000076293945,16.06999969482422,15.80577564239502,501200
2026-01-16,16.040000915527344,16.170000076293945,16,15.874582290649414,484300
2026-01-20,16.239999771118164,16.260000228881836,16.100000381469727,15.835265159606934,447700
2026-01-21,16.219999313354492,16.389999389648438,16.1200008392334,16.03185272216797,446800
2026-01-22,16.229999542236328,16.299999237060547,16.15999984741211,15.904070854187012,396600
2026-01-23,16.1299991607666,16.219999313354492,16.059999465942383,15.894241333007812,315900
2026-01-26,16.100000381469727,16.18000030517578,16.059999465942383,15.864752769470215,241700
2026-01-27,16.15999984741211,16.3700008392334,16.15999984741211,16.061342239379883,225800
2026-01-28,16.190000534057617,16.25,16.049999237060547,15.8549222946167,393400
2026-01-29,16.219999313354492,16.239999771118164,16.040000915527344,15.933558464050293,323700
2026-01-30,16.31999969482422,16.360000610351562,16.190000534057617,15.96304702758789,630100
2026-02-02,16.399999618530273,16.43000030517578,16.290000915527344,16.100658416748047,309700
2026-02-03,16.100000381469727,16.200000762939453,16,15.845094680786133,325000
2026-02-04,16.56999969482422,17,16.559999465942383,16.710086822509766,2620600
2026-02-05,16.700000762939453,16.809999465942383,16.600000381469727,16.385713577270508,1325300
2026-02-06,16.790000915527344,16.940000534057617,16.790000915527344,16.65110969543457,502000
2026-02-09,16.969999313354492,17.200000762939453,16.920000076293945,16.847698211669922,999000
2026-02-10,17.020000457763672,17.040000915527344,16.889999389648438,16.631450653076172,366100
2026-02-11,17.34000015258789,17.34000015258789,16.799999237060547,16.67076873779297,266500
2026-02-12,17.040000915527344,17.09000015258789,16.940000534057617,16.68059730529785,601200
2026-02-13,16.989999771118164,17.020000457763672,16.84000015258789,16.611791610717773,412300
2026-02-17,16.799999237060547,16.920000076293945,16.709999084472656,16.592132568359375,463600
2026-02-18,16.90999984741211,17.059999465942383,16.899999618530273,16.65110969543457,373500
2026-02-19,16.920000076293945,17.030000686645508,16.860000610351562,16.690427780151367,317400
2026-02-20,16.84000015258789,17,16.829999923706055,16.710086822509766,418000
2026-02-23,16.920000076293945,17,16.8700008392334,16.62162208557129,629200
2026-02-24,16.950000762939453,17.06999969482422,16.8700008392334,16.65110969543457,510100
2026-02-25,16.65999984741211,16.799999237060547,16.65999984741211,16.493839263916016,322900
2026-02-26,16.8799991607666,16.959999084472656,16.799999237060547,16.660940170288086,334900
2026-02-27,16.670000076293945,16.770000457763672,16.56999969482422,16.434860229492188,365900
2026-03-02,15.920000076293945,16,15.729999542236328,15.530550956726074,371300
2026-03-03,14.930000305175781,15.220000267028809,14.850000381469727,14.871976852416992,755000
2026-03-04,15.430000305175781,15.539999961853027,15.369999885559082,15.225837707519531,562200
2026-03-05,15.489999771118164,15.569999694824219,15.199999809265137,15.07839584350586,588800
2026-03-06,14.949999809265137,15.079999923706055,14.890000343322754,14.793341636657715,417400
2026-03-09,14.609999656677246,14.960000038146973,14.460000038146973,14.537775039672852,1225000
2026-03-10,14.970000267028809,15.25,14.930000305175781,14.67538833618164,1093700
2026-03-11,15.479999542236328,15.579999923706055,14.970000267028809,14.950613021850586,697900
2026-03-12,15.130000114440918,15.279999732971191,14.920000076293945,14.695046424865723,2125600
2026-03-13,14.970000267028809,15.0600004196167,14.600000381469727,14.360844612121582,2288100
2026-03-16,14.760000228881836,14.880000114440918,14.699999809265137,14.56726360321045,1192900
2026-03-17,14.979999542236328,15.029999732971191,14.649999618530273,14.704875946044922,2985000
2026-03-18,14.699999809265137,14.930000305175781,14.6899995803833,14.449310302734375,1197900
2026-03-19,14.289999961853027,14.829999923706055,14.289999961853027,14.439480781555176,790700
2026-03-20,14.630000114440918,14.640000343322754,14.319999694824219,14.17408561706543,438400
2026-03-23,14.729999542236328,14.859999656677246,14.40999984741211,14.252720832824707,3664800
2026-03-24,14.300000190734863,14.470000267028809,14.239999771118164,14.105278968811035,870900
2026-03-25,14.630000114440918,14.649999618530273,14.489999771118164,14.252720832824707,579000
2026-03-26,14.489999771118164,14.6899995803833,14.34000015258789,14.105278968811035,1349200
2026-03-27,14.149999618530273,14.350000381469727,14.039999961853027,13.810395240783691,2369300
2026-03-30,14.100000381469727,14.15999984741211,13.960000038146973,13.771077156066895,1493200
2026-03-31,14.210000038146973,14.390000343322754,14.069999694824219,14.144597053527832,837400
2026-04-01,14.729999542236328,14.920000076293945,14.619999885559082,14.557435035705566,420800
2026-04-02,14.359999656677246,14.609999656677246,14.34000015258789,14.311697959899902,563300
2026-04-06,14.510000228881836,14.729999542236328,14.100000381469727,14.380504608154297,521900
2026-04-07,14.600000381469727,14.739999771118164,14.449999809265137,14.409992218017578,551800
2026-04-08,15.5600004196167,15.609999656677246,15.319999694824219,15.176690101623535,394900
2026-04-09,15.3100004196167,15.670000076293945,15.289999961853027,15.343791007995605,322000
2026-04-10,15.779999732971191,15.859999656677246,15.680000305175781,15.471573829650879,331800
2026-04-13,15.430000305175781,15.600000381469727,15.380000114440918,15.314302444458008,551700
2026-04-14,15.65999984741211,15.739999771118164,15.5600004196167,15.314302444458008,298400
2026-04-15,15.520000457763672,15.569999694824219,15.390000343322754,15.166861534118652,607600
2026-04-16,15.670000076293945,15.670000076293945,15.470000267028809,15.314302444458008,508800
2026-04-17,16.09000015258789,16.299999237060547,16.06999969482422,15.845094680786133,745000
2026-04-20,15.979999542236328,16.030000686645508,15.890000343322754,15.736969947814941,463200
2026-04-21,15.970000267028809,16.040000915527344,15.609999656677246,15.343791007995605,322400
2026-04-22,15.59000015258789,15.59000015258789,15.40999984741211,15.216008186340332,232300
2026-04-23,15.59000015258789,15.6899995803833,15.319999694824219,15.186519622802734,320600
2026-04-24,15.289999961853027,15.4399995803833,15.25,15.117713928222656,321500
2026-04-27,15.34000015258789,15.460000038146973,15.210000038146973,15.127543449401855,1414200
2026-04-28,15.300000190734863,15.399999618530273,15.170000076293945,14.921124458312988,264900
2026-04-29,14.890000343322754,15.109999656677246,14.850000381469727,14.812999725341797,255000
2026-04-30,15.390000343322754,15.390000343322754,14.720000267028809,14.930000305175781,264500
2026-05-01,15,15.079999923706055,14.869999885559082,14.890000343322754,243400
2026-05-04,14.649999618530273,14.699999809265137,14.229999542236328,14.229999542236328,1043000
2026-05-05,14.579999923706055,14.770000457763672,14.579999923706055,14.720000267028809,355300
2026-05-06,15.3100004196167,15.600000381469727,15.289999961853027,15.5600004196167,752300
2026-05-07,15.59000015258789,15.619999885559082,15.25,15.300000190734863,689700
2026-05-08,15.199999809265137,15.25,15,15.069999694824219,2575000
2026-05-11,14.699999809265137,14.75,14.59000015258789,14.600000381469727,1437200
2026-05-12,14.270000457763672,14.289999961853027,14.170000076293945,14.239999771118164,315900
2026-05-13,14.15999984741211,14.369999885559082,14.149999618530273,14.34000015258789,794300
2026-05-14,14.359999656677246,14.399999618530273,14.239999771118164,14.289999961853027,501600
2026-05-15,14.25,14.369999885559082,14.1899995803833,14.270000457763672,473000
2026-05-18,14.460000038146973,14.609999656677246,14.279999732971191,14.59000015258789,359400
2026-05-19,14.420000076293945,14.619999885559082,14.350000381469727,14.380000114440918,388200
2026-05-20,14.279999732971191,14.800000190734863,14.270000457763672,14.75,334200
2026-05-21,14.479999542236328,14.829999923706055,14.420000076293945,14.75,337300
2026-05-22,14.729999542236328,14.760000228881836,14.619999885559082,14.630000114440918,363600
2026-05-26,14.930000305175781,14.979999542236328,14.829999923706055,14.90999984741211,304100
2026-05-27,15.359999656677246,15.449999809265137,15.260000228881836,15.369999885559082,253400
2026-05-28,15.449999809265137,15.710000038146973,15.449999809265137,15.649999618530273,368500
2026-05-29,15.59000015258789,15.699999809265137,15.5,15.539999961853027,279700
2026-06-01,15.359999656677246,15.399999618530273,15.1899995803833,15.229999542236328,1565000
2026-06-02,15.329999923706055,15.350000381469727,15.210000038146973,15.3100004196167,218800
2026-06-03,15.75,15.779999732971191,15.420000076293945,15.619999885559082,1291000
2026-06-04,15.789999961853027,15.789999961853027,15.609999656677246,15.720000267028809,312200
2026-06-05,16.010000228881836,16.15999984741211,15.710000038146973,15.720000267028809,307600
2026-06-08,15.670000076293945,15.899999618530273,15.670000076293945,15.75,296100
2026-06-09,16.049999237060547,16.239999771118164,15.930000305175781,16.079999923706055,643800
2026-06-10,15.9399995803833,16.059999465942383,15.770000457763672,15.800000190734863,295600
2026-06-11,15.949999809265137,16.31999969482422,15.859999656677246,16.309999465942383,337800
2026-06-12,16.239999771118164,16.260000228881836,16.100000381469727,16.200000762939453,243500
2026-06-15,16.459999084472656,16.489999771118164,16.350000381469727,16.3799991607666,354300
2026-06-16,16.34000015258789,16.34000015258789,16.139999389648438,16.139999389648438,259100
2026-06-17,16.209999084472656,16.43000030517578,16.079999923706055,16.1200008392334,401400
2026-06-18,16.049999237060547,16.219999313354492,16.049999237060547,16.18000030517578,281000
2026-06-22,15.899999618530273,15.90999984741211,15.710000038146973,15.760000228881836,454500
2026-06-23,15.59000015258789,15.75,15.59000015258789,15.65999984741211,298300
2026-06-24,15.760000228881836,15.859999656677246,15.710000038146973,15.760000228881836,309700
2026-06-25,16.020000457763672,16.18000030517578,15.979999542236328,16.020000457763672,265200
2026-06-26,16.209999084472656,16.209999084472656,15.850000381469727,15.90999984741211,305300
2026-06-29,15.710000038146973,15.90999984741211,15.6899995803833,15.90999984741211,311300
2026-06-30,15.680000305175781,15.779999732971191,15.649999618530273,15.770000457763672,247900
2026-07-01,15.640000343322754,15.930000305175781,15.609999656677246,15.770000457763672,1023000
2026-07-02,16.190000534057617,16.229999542236328,16.09000015258789,16.200000762939453,1059800
2026-07-06,16.219999313354492,16.280000686645508,15.960000038146973,16.040000915527344,881800
2026-07-07,16.229999542236328,16.270000457763672,16.110000610351562,16.15999984741211,1250700
2026-07-08,15.59000015258789,15.6899995803833,15.40999984741211,15.600000381469727,342600
2026-07-09,15.75,15.90999984741211,15.720000267028809,15.84000015258789,239800
2026-07-10,15.760000228881836,15.850000381469727,15.649999618530273,15.65999984741211,343000
2026-07-13,15.630000114440918,15.739999771118164,15.479999542236328,15.520000457763672,287200
2026-07-14,15.229999542236328,15.369999885559082,15.229999542236328,15.300000190734863,496900
2026-07-15,15.199999809265137,15.529999732971191,15.199999809265137,15.470000267028809,514900
2026-07-16,15.350000381469727,15.520000457763672,15.319999694824219,15.449999809265137,563900
2026-07-17,15.390000343322754,15.40999984741211,15.25,15.350000381469727,450800
2026-07-20,15.1899995803833,15.260000228881836,15.130000114440918,15.149999618530273,331700
2026-07-23,15.329999923706055,15.380000114440918,15.239999771118164,15.319999694824219,327200
2026-07-24,15.329999923706055,15.510000228881836,15.319999694824219,15.4399995803833,297100
2026-07-27,15.850000381469727,15.899999618530273,15.539999961853027,15.539999961853027,856300
2026-07-28,15.890000343322754,16.209999084472656,15.890000343322754,16.170000076293945,419700
2026-07-29,15.960000038146973,16.34000015258789,15.890000343322754,16.329999923706055,728100
2026-07-30,16.31999969482422,16.6200008392334,16.299999237060547,16.59000015258789,225500
2026-08-03,16.639999389648438,16.770000457763672,16.56999969482422,16.579999923706055,454300
2026-08-04,16.610000610351562,16.829999923706055,16.610000610351562,16.770000457763672,465000
2026-08-05,16.770000457763672,16.899999618530273,16.700000762939453,16.8700008392334,218300
2026-08-06,17.020000457763672,17.020000457763672,16.8700008392334,16.899999618530273,251400
2026-08-07,17.010000228881836,17.040000915527344,16.899999618530273,16.93000030517578,182300
2026-08-10,16.979999542236328,17.06999969482422,16.940000534057617,17,304000
2026-08-11,17.06999969482422,17.09000015258789,16.889999389648438,16.920000076293945,219300
2026-08-12,16.75,16.770000457763672,16.610000610351562,16.649999618530273,206200
2026-08-13,16.799999237060547,16.81999969482422,16.610000610351562,16.670000076293945,150700
