Date,Open,High,Low,Close,Volume
1980-01-02,3.726562976837158,3.734375,3.625,0.9552441239356995,1153600
1980-01-03,3.625,3.632812976837158,3.539062976837158,0.9552441239356995,1096000
1980-01-04,3.625,3.664062976837158,3.609375,0.9573023319244385,635200
1980-01-07,3.632812976837158,3.664062976837158,3.625,0.9634795784950256,1060800
1980-01-08,3.6875,3.796875,3.6875,1.0005360841751099,1528000
1980-01-09,3.796875,4.085937976837158,3.734375,0.9840666055679321,1441600
1980-01-10,3.734375,3.734375,3.695312976837158,0.9820078015327454,1244800
1980-01-11,3.726562976837158,3.734375,3.703125,0.9820078015327454,854400
1980-01-14,3.726562976837158,3.75,3.71875,0.9820078015327454,692800
1980-01-15,3.726562976837158,3.726562976837158,3.679687976837158,0.973773181438446,886400
1980-01-16,3.6875,3.6875,3.625,0.9552441239356995,3963200
1980-01-17,3.625,3.632812976837158,3.585937976837158,0.9449509978294373,940800
1980-01-18,3.578125,3.578125,3.476562976837158,0.9161288142204285,2843200
1980-01-21,3.507812976837158,3.546875,3.507812976837158,0.9243631362915039,2432000
1980-01-22,3.507812976837158,3.546875,3.507812976837158,0.9346571564674377,1163200
1980-01-23,3.585937976837158,3.625,3.585937976837158,0.9552441239356995,1204800
1980-01-24,3.625,3.65625,3.554687976837158,0.9428926110267639,1052800
1980-01-25,3.570312976837158,3.570312976837158,3.515625,0.9346571564674377,582400
1980-01-28,3.546875,3.554687976837158,3.523437976837158,0.9367157220840454,636800
1980-01-29,3.554687976837158,3.585937976837158,3.515625,0.9346571564674377,988800
1980-01-30,3.546875,3.585937976837158,3.546875,0.9428926110267639,1752000
1980-01-31,3.578125,3.585937976837158,3.539062976837158,0.9367157220840454,1862400
1980-02-01,3.546875,3.546875,3.515625,0.9346571564674377,1046400
1980-02-04,3.546875,3.570312976837158,3.523437976837158,0.9284811019897461,739200
1980-02-05,3.523437976837158,3.539062976837158,3.515625,0.9284811019897461,950400
1980-02-06,3.523437976837158,3.539062976837158,3.46875,0.9161288142204285,979200
1980-02-07,3.476562976837158,3.5,3.414062976837158,0.9058349132537842,2171200
1980-02-08,3.445312976837158,3.445312976837158,3.335937976837158,0.8937795758247375,3452800
1980-02-11,3.359375,3.375,3.335937976837158,0.8979368805885315,1144000
1980-02-12,3.375,3.476562976837158,3.367187976837158,0.9249582290649414,2115200
1980-02-13,3.5,3.554687976837158,3.5,0.9353508949279785,1708800
1980-02-14,3.515625,3.546875,3.5,0.9353508949279785,836800
1980-02-15,3.5,3.5,3.445312976837158,0.9166439175605774,1443200
1980-02-19,3.445312976837158,3.46875,3.382812976837158,0.9062510132789612,870400
1980-02-20,3.40625,3.40625,3.375,0.9062510132789612,963200
1980-02-21,3.398437976837158,3.398437976837158,3.335937976837158,0.9000153541564941,1248000
1980-02-22,3.367187976837158,3.367187976837158,3.304687976837158,0.8937795758247375,865600
1980-02-25,3.359375,3.359375,3.304687976837158,0.8854652047157288,875200
1980-02-26,3.328125,3.359375,3.320312976837158,0.88338702917099,1318400
1980-02-27,3.320312976837158,3.328125,3.25,0.8646793365478516,1668800
1980-02-28,3.25,3.257812976837158,3.21875,0.8584443926811218,1252800
1980-02-29,3.226562976837158,3.304687976837158,3.21875,0.8792300820350647,942400
1980-03-03,3.296875,3.296875,3.234375,0.8605225682258606,568000
1980-03-04,3.234375,3.25,3.1875,0.8522083759307861,1576000
1980-03-05,3.164062976837158,3.164062976837158,3.09375,0.8231087327003479,609600
1980-03-06,3.09375,3.09375,2.9375,0.783616304397583,4152000
1980-03-07,2.945312976837158,3.015625,2.9375,0.8002445697784424,1996800
1980-03-10,3.007812976837158,3.09375,3.007812976837158,0.8127163648605347,1131200
1980-03-11,3.078125,3.125,3.078125,0.8272660970687866,488000
1980-03-12,3.109375,3.132812976837158,3.085937976837158,0.8314234614372253,1552000
1980-03-13,3.125,3.148437976837158,3.085937976837158,0.8314234614372253,392000
1980-03-14,3.125,3.132812976837158,3.085937976837158,0.8293448090553284,547200
1980-03-17,3.117187976837158,3.125,3.054687976837158,0.8189514875411987,934400
1980-03-18,3.078125,3.15625,3.070312976837158,0.8397367596626282,1310400
1980-03-19,3.15625,3.21875,3.078125,0.8314234614372253,1139200
1980-03-20,3.117187976837158,3.117187976837158,3.046875,0.8127163648605347,758400
1980-03-21,3.039062976837158,3.039062976837158,2.976562976837158,0.7940090894699097,528000
1980-03-24,2.984375,2.984375,2.875,0.7669877409934998,2009600
1980-03-25,2.882812976837158,3,2.859375,0.7669877409934998,918400
1980-03-26,2.90625,2.953125,2.90625,0.7732238173484802,1291200
1980-03-27,2.90625,2.9375,2.875,0.7815373539924622,1419200
1980-03-28,2.9375,3.046875,2.9375,0.8023232221603394,1136000
1980-03-31,3.046875,3.15625,3.046875,0.8376593589782715,2564800
1980-04-01,3.148437976837158,3.15625,3.078125,0.833501935005188,1472000
1980-04-02,3.132812976837158,3.234375,3.125,0.8584443926811218,969600
1980-04-03,3.234375,3.289062976837158,3.234375,0.8688364028930664,1928000
1980-04-07,3.265625,3.265625,3.21875,0.8563657402992249,1275200
1980-04-08,3.21875,3.265625,3.195312976837158,0.8688364028930664,990400
1980-04-09,3.265625,3.265625,3.226562976837158,0.8605225682258606,1195200
1980-04-10,3.234375,3.234375,3.15625,0.8563657402992249,956800
1980-04-11,3.195312976837158,3.195312976837158,3.125,0.8397367596626282,537600
1980-04-14,3.125,3.125,3.09375,0.8272660970687866,513600
1980-04-15,3.109375,3.125,3.109375,0.8314234614372253,289600
1980-04-16,3.125,3.15625,3.046875,0.81687331199646,1043200
1980-04-17,3.070312976837158,3.078125,3.046875,0.8106371164321899,484800
1980-04-18,3.046875,3.078125,3.046875,0.8127163648605347,870400
1980-04-21,3.054687976837158,3.070312976837158,3.007812976837158,0.8002445697784424,638400
1980-04-22,3.054687976837158,3.09375,3.054687976837158,0.8231087327003479,598400
1980-04-23,3.09375,3.15625,3.085937976837158,0.8376593589782715,668800
1980-04-24,3.148437976837158,3.203125,3.117187976837158,0.8501298427581787,483200
1980-04-25,3.195312976837158,3.195312976837158,3.15625,0.8501298427581787,672000
1980-04-28,3.195312976837158,3.226562976837158,3.1875,0.8522083759307861,593600
1980-04-29,3.195312976837158,3.195312976837158,3.164062976837158,0.8459728360176086,438400
1980-04-30,3.15625,3.15625,3.125,0.8376593589782715,814400
1980-05-01,3.148437976837158,3.15625,3.085937976837158,0.8293448090553284,971200
1980-05-02,3.117187976837158,3.125,3.070312976837158,0.81687331199646,803200
1980-05-05,3.070312976837158,3.078125,3.039062976837158,0.8189514875411987,755200
1980-05-06,3.085937976837158,3.15625,3.085937976837158,0.8314234614372253,1097600
1980-05-07,3.125,3.226562976837158,3.125,0.8584443926811218,1467200
1980-05-08,3.226562976837158,3.289062976837158,3.1875,0.8501298427581787,1036800
1980-05-09,3.195312976837158,3.203125,3.085937976837158,0.8210300803184509,857600
1980-05-12,3.117187976837158,3.117187976837158,3.046875,0.8298539519309998,280000
1980-05-13,3.085937976837158,3.125,3.046875,0.82145094871521,1432000
1980-05-14,3.054687976837158,3.078125,3.023437976837158,0.8277530074119568,1153600
1980-05-15,3.078125,3.09375,3.054687976837158,0.831954836845398,2177600
1980-05-16,3.09375,3.09375,3.023437976837158,0.831954836845398,4920000
1980-05-19,3.085937976837158,3.085937976837158,3.046875,0.82145094871521,1064000
1980-05-20,3.070312976837158,3.09375,3.070312976837158,0.831954836845398,1062400
1980-05-21,3.085937976837158,3.085937976837158,3.039062976837158,0.8193492293357849,1068800
1980-05-22,3.046875,3.09375,3.039062976837158,0.831954836845398,1932800
1980-05-23,3.09375,3.15625,3.09375,0.8424599170684814,4081600
1980-05-27,3.132812976837158,3.179687976837158,3.125,0.8403589725494385,1860800
1980-05-28,3.125,3.132812976837158,3.09375,0.831954836845398,1899200
1980-05-29,3.09375,3.125,3.085937976837158,0.831954836845398,1585600
1980-05-30,3.09375,3.148437976837158,3.085937976837158,0.8466619253158569,1664000
1980-06-02,3.148437976837158,3.15625,3.132812976837158,0.8487616777420044,2251200
1980-06-03,3.148437976837158,3.148437976837158,3.109375,0.8361570835113525,1195200
1980-06-04,3.109375,3.132812976837158,3.09375,0.8403589725494385,2670400
1980-06-05,3.15625,3.273437976837158,3.15625,0.859266459941864,2798400
1980-06-06,3.195312976837158,3.226562976837158,3.1875,0.8655694127082825,1648000
1980-06-09,3.226562976837158,3.265625,3.226562976837158,0.8781740069389343,1057600
1980-06-10,3.265625,3.335937976837158,3.265625,0.880275309085846,1467200
1980-06-11,3.273437976837158,3.34375,3.273437976837158,0.8886794447898865,838400
1980-06-12,3.304687976837158,3.328125,3.273437976837158,0.8865781426429749,1142400
1980-06-13,3.296875,3.296875,3.257812976837158,0.8781740069389343,1774400
1980-06-16,3.265625,3.273437976837158,3.226562976837158,0.87607342004776,1297600
1980-06-17,3.257812976837158,3.257812976837158,3.21875,0.8655694127082825,1739200
1980-06-18,3.203125,3.203125,3.164062976837158,0.859266459941864,2187200
1980-06-19,3.195312976837158,3.195312976837158,3.085937976837158,0.8298539519309998,1654400
1980-06-20,3.109375,3.164062976837158,3.109375,0.8487616777420044,1056000
1980-06-23,3.15625,3.195312976837158,3.125,0.8487616777420044,1072000
1980-06-24,3.132812976837158,3.132812976837158,3.078125,0.8424599170684814,3873600
1980-06-25,3.132812976837158,3.148437976837158,3.09375,0.8403589725494385,3089600
1980-06-26,3.125,3.15625,3.109375,0.8361570835113525,2088000
1980-06-27,3.109375,3.109375,3.078125,0.831954836845398,1046400
1980-06-30,3.085937976837158,3.085937976837158,3.046875,0.82145094871521,1220800
1980-07-01,3.054687976837158,3.125,3.054687976837158,0.8403589725494385,1835200
1980-07-02,3.148437976837158,3.1875,3.148437976837158,0.8508630990982056,1176000
1980-07-03,3.164062976837158,3.203125,3.164062976837158,0.859266459941864,1524800
1980-07-07,3.195312976837158,3.203125,2.9375,0.859266459941864,982400
1980-07-08,3.195312976837158,3.195312976837158,3.125,0.8571654558181763,1940800
1980-07-09,3.1875,3.203125,3.15625,0.8508630990982056,1115200
1980-07-10,3.15625,3.15625,3.09375,0.8403589725494385,2032000
1980-07-11,3.125,3.148437976837158,3.117187976837158,0.8403589725494385,1296000
1980-07-14,3.125,3.226562976837158,3.117187976837158,0.8613673448562622,1360000
1980-07-15,3.203125,3.296875,3.203125,0.8655694127082825,1486400
1980-07-16,3.203125,3.203125,3.148437976837158,0.8571654558181763,1889600
1980-07-17,3.195312976837158,3.265625,3.195312976837158,0.87607342004776,3360000
1980-07-18,3.273437976837158,3.304687976837158,3.273437976837158,0.8865781426429749,1748800
1980-07-21,3.296875,3.375,3.265625,0.9075872302055359,2192000
1980-07-22,3.429687976837158,3.476562976837158,3.429687976837158,0.9243941903114319,2004800
1980-07-23,3.4375,3.445312976837158,3.375,0.9096881151199341,2768000
1980-07-24,3.382812976837158,3.398437976837158,3.34375,0.9075872302055359,1916800
1980-07-25,3.375,3.375,3.335937976837158,0.9075872302055359,1068800
1980-07-28,3.375,3.382812976837158,3.296875,0.8928810358047485,2408000
1980-07-29,3.304687976837158,3.304687976837158,3.265625,0.8886794447898865,2929600
1980-07-30,3.328125,3.367187976837158,3.328125,0.9054863452911377,2057600
1980-07-31,3.367187976837158,3.398437976837158,3.328125,0.9138897061347961,1244800
1980-08-01,3.398437976837158,3.398437976837158,3.34375,0.9075872302055359,2771200
1980-08-04,3.375,3.375,3.335937976837158,0.9033852219581604,1510400
1980-08-05,3.359375,3.375,3.335937976837158,0.9075872302055359,940800
1980-08-06,3.375,3.375,3.335937976837158,0.9075872302055359,740800
1980-08-07,3.429687976837158,3.484375,3.429687976837158,0.9369992017745972,1425600
1980-08-08,3.515625,3.609375,3.515625,0.9538068771362305,4376000
1980-08-11,3.515625,3.585937976837158,3.515625,0.9741823077201843,1571200
1980-08-12,3.585937976837158,3.585937976837158,3.539062976837158,0.9614474773406982,1460800
1980-08-13,3.539062976837158,3.546875,3.523437976837158,0.9635699987411499,792000
1980-08-14,3.546875,3.609375,3.523437976837158,0.9805495738983154,1252800
1980-08-15,3.609375,3.609375,3.554687976837158,0.9741823077201843,1512000
1980-08-18,3.578125,3.578125,3.515625,0.9550802707672119,601600
1980-08-19,3.515625,3.515625,3.46875,0.94659024477005,2217600
1980-08-20,3.484375,3.484375,3.476562976837158,0.944468080997467,1411200
1980-08-21,3.476562976837158,3.507812976837158,3.445312976837158,0.944468080997467,3184000
1980-08-22,3.476562976837158,3.476562976837158,3.398437976837158,0.9232442378997803,5702400
1980-08-25,3.398437976837158,3.4375,3.398437976837158,0.9338562488555908,801600
1980-08-26,3.4375,3.476562976837158,3.429687976837158,0.9338562488555908,700800
1980-08-27,3.4375,3.445312976837158,3.382812976837158,0.9253665804862976,753600
1980-08-28,3.335937976837158,3.335937976837158,3.289062976837158,0.8956530690193176,2401600
1980-08-29,3.296875,3.328125,3.289062976837158,0.8956530690193176,1708800
1980-09-02,3.296875,3.320312976837158,3.265625,0.8977760672569275,1403200
1980-09-03,3.304687976837158,3.335937976837158,3.296875,0.9062659740447998,2094400
1980-09-04,3.335937976837158,3.375,3.265625,0.8935304284095764,1339200
1980-09-05,3.257812976837158,3.257812976837158,3.15625,0.8595725893974304,4523200
1980-09-08,3.164062976837158,3.226562976837158,3.15625,0.8638173937797546,2510400
1980-09-09,3.179687976837158,3.195312976837158,3.132812976837158,0.8659396171569824,900800
1980-09-10,3.1875,3.21875,3.125,0.8574498295783997,4502400
1980-09-11,3.15625,3.179687976837158,3.132812976837158,0.8553281426429749,3988800
1980-09-12,3.148437976837158,3.15625,3.085937976837158,0.8383485674858093,4116800
1980-09-15,3.085937976837158,3.085937976837158,3.046875,0.8341038227081299,3505600
1980-09-16,3.078125,3.125,3.078125,0.8447158932685852,3115200
1980-09-17,3.148437976837158,3.25,3.148437976837158,0.8829185962677002,3980800
1980-09-18,3.273437976837158,3.34375,3.273437976837158,0.8956530690193176,3014400
1980-09-19,3.335937976837158,3.4375,3.335937976837158,0.9232442378997803,2598400
1980-09-22,3.398437976837158,3.4375,3.359375,0.9338562488555908,2787200
1980-09-23,3.429687976837158,3.429687976837158,3.359375,0.9168769121170044,1027200
1980-09-24,3.375,3.398437976837158,3.335937976837158,0.9168769121170044,1088000
1980-09-25,3.367187976837158,3.367187976837158,3.304687976837158,0.9041427969932556,1318400
1980-09-26,3.273437976837158,3.273437976837158,3.226562976837158,0.8871631026268005,1464000
1980-09-29,3.234375,3.234375,3.1875,0.870184063911438,777600
1980-09-30,3.203125,3.226562976837158,3.195312976837158,0.870184063911438,1648000
1980-10-01,3.203125,3.25,3.179687976837158,0.8829185962677002,1596800
1980-10-02,3.25,3.257812976837158,3.21875,0.8829185962677002,724800
1980-10-03,3.25,3.328125,3.226562976837158,0.8956530690193176,1824000
1980-10-06,3.320312976837158,3.375,3.320312976837158,0.912632167339325,1366400
1980-10-07,3.359375,3.398437976837158,3.34375,0.9168769121170044,1843200
1980-10-08,3.375,3.40625,3.335937976837158,0.9147547483444214,1347200
1980-10-09,3.367187976837158,3.382812976837158,3.296875,0.8977760672569275,1246400
1980-10-10,3.304687976837158,3.304687976837158,3.234375,0.8829185962677002,1235200
1980-10-13,3.25,3.25,3.195312976837158,0.8829185962677002,644800
1980-10-14,3.25,3.265625,3.195312976837158,0.8765521049499512,848000
1980-10-15,3.226562976837158,3.257812976837158,3.226562976837158,0.8829185962677002,1299200
1980-10-16,3.25,3.25,3.226562976837158,0.8765521049499512,3288000
1980-10-17,3.226562976837158,3.226562976837158,3.195312976837158,0.8680621981620789,1081600
1980-10-20,3.195312976837158,3.195312976837158,3.164062976837158,0.8638173937797546,5209600
1980-10-21,3.179687976837158,3.203125,3.15625,0.8638173937797546,2318400
1980-10-22,3.179687976837158,3.1875,3.15625,0.8659396171569824,883200
1980-10-23,3.1875,3.203125,3.15625,0.8574498295783997,836800
1980-10-24,3.15625,3.15625,3.125,0.8574498295783997,1193600
1980-10-27,3.15625,3.164062976837158,3.125,0.8574498295783997,923200
1980-10-28,3.15625,3.203125,3.132812976837158,0.8680621981620789,1731200
1980-10-29,3.195312976837158,3.234375,3.195312976837158,0.870184063911438,739200
1980-10-30,3.203125,3.226562976837158,3.195312976837158,0.8680621981620789,1499200
1980-10-31,3.195312976837158,3.21875,3.164062976837158,0.870184063911438,1116800
1980-11-03,3.226562976837158,3.296875,3.226562976837158,0.8892859220504761,832000
1980-11-05,3.273437976837158,3.5,3.273437976837158,0.9168769121170044,2900800
1980-11-06,3.375,3.398437976837158,3.359375,0.9189996719360352,1464000
1980-11-07,3.523437976837158,3.523437976837158,3.328125,0.9653354287147522,1904000
1980-11-10,3.515625,3.539062976837158,3.414062976837158,0.9460290670394897,2193600
1980-11-11,3.476562976837158,3.585937976837158,3.476562976837158,0.9739171862602234,1734400
1980-11-12,3.554687976837158,3.625,3.554687976837158,0.9953686594963074,3168000
1980-11-13,3.625,3.65625,3.585937976837158,0.9910776019096375,1420800
1980-11-14,3.609375,3.625,3.554687976837158,0.9846434593200684,761600
1980-11-17,3.585937976837158,3.585937976837158,3.523437976837158,0.98249751329422,1075200
1980-11-18,3.585937976837158,3.65625,3.585937976837158,1.0018038749694824,1772800
1980-11-19,3.648437976837158,3.6875,3.625,1.0018038749694824,556800
1980-11-20,3.648437976837158,3.71875,3.617187976837158,1.0168204307556152,3132800
1980-11-21,3.703125,3.703125,3.632812976837158,1.0125293731689453,1246400
1980-11-24,3.6875,3.703125,3.65625,1.014675259590149,568000
1980-11-25,3.695312976837158,3.75,3.695312976837158,1.0296915769577026,2473600
1980-11-26,3.75,3.75,3.578125,1.0254015922546387,1843200
1980-11-28,3.734375,3.75,3.726562976837158,1.0296915769577026,363200
1980-12-01,3.75,3.765625,3.703125,1.0168204307556152,1811200
1980-12-02,3.6875,3.6875,3.625,1.0039494037628174,1646400
1980-12-03,3.65625,3.679687976837158,3.632812976837158,1.0039494037628174,1315200
1980-12-04,3.65625,3.695312976837158,3.648437976837158,1.0125293731689453,608000
1980-12-05,3.6875,3.6875,3.625,1.0103850364685059,547200
1980-12-08,3.648437976837158,3.648437976837158,3.59375,0.9932238459587097,820800
1980-12-09,3.585937976837158,3.585937976837158,3.515625,0.9739171862602234,1280000
1980-12-10,3.546875,3.546875,3.453125,0.9524648189544678,902400
1980-12-11,3.445312976837158,3.445312976837158,3.382812976837158,0.9438844323158264,1996800
1980-12-12,3.4375,3.476562976837158,3.429687976837158,0.9546100497245789,622400
1980-12-15,3.476562976837158,3.515625,3.46875,0.9610456228256226,409600
1980-12-16,3.5,3.539062976837158,3.476562976837158,0.9653354287147522,1040000
1980-12-17,3.523437976837158,3.625,3.523437976837158,0.9953686594963074,1428800
1980-12-18,3.625,3.679687976837158,3.617187976837158,1.0060954093933105,1704000
1980-12-19,3.664062976837158,3.695312976837158,3.65625,1.014675259590149,1083200
1980-12-22,3.695312976837158,3.726562976837158,3.664062976837158,1.023255705833435,960000
1980-12-23,3.796875,3.84375,3.796875,1.0511428117752075,1990400
1980-12-24,3.828125,3.828125,3.765625,1.0425626039505005,902400
1980-12-26,3.796875,3.828125,3.796875,1.0425626039505005,140800
1980-12-29,3.804687976837158,3.875,3.804687976837158,1.0532885789871216,782400
1980-12-30,3.84375,3.945312976837158,3.84375,1.0833216905593872,1280000
1980-12-31,3.945312976837158,3.976562976837158,3.945312976837158,1.0919023752212524,518400
1981-01-02,3.976562976837158,3.976562976837158,3.90625,1.0811760425567627,1164800
1981-01-05,3.9375,4.148437976837158,3.9375,1.102628469467163,1673600
1981-01-06,4.046875,4.148437976837158,4.046875,1.1326603889465332,5947200
1981-01-07,4.085937976837158,4.085937976837158,3.6875,1.1133534908294678,3896000
1981-01-08,4.054687976837158,4.109375,4.046875,1.1219350099563599,1835200
1981-01-09,4.085937976837158,4.148437976837158,4.085937976837158,1.1326603889465332,1302400
1981-01-12,4.125,4.195312976837158,4.117187976837158,1.1326603889465332,1520000
1981-01-13,4.085937976837158,4.085937976837158,4.039062976837158,1.111208438873291,2876800
1981-01-14,4.046875,4.070312976837158,3.976562976837158,1.0983375310897827,1611200
1981-01-15,4,4,3.929687976837158,1.0811760425567627,1289600
1981-01-16,3.945312976837158,4.015625,3.945312976837158,1.0983375310897827,2001600
1981-01-19,4.015625,4.085937976837158,4.015625,1.111208438873291,1227200
1981-01-20,4.046875,4.085937976837158,4,1.1004829406738281,1955200
1981-01-21,3.976562976837158,3.976562976837158,3.90625,1.0919023752212524,1835200
1981-01-22,3.953125,3.953125,3.882812976837158,1.0725960731506348,1022400
1981-01-23,3.90625,3.914062976837158,3.882812976837158,1.0725960731506348,198400
1981-01-26,3.90625,3.90625,3.84375,1.0725960731506348,460800
1981-01-27,3.914062976837158,3.945312976837158,3.914062976837158,1.0747401714324951,726400
1981-01-28,3.914062976837158,3.945312976837158,3.90625,1.0725960731506348,777600
1981-01-29,3.90625,3.90625,3.828125,1.0597240924835205,473600
1981-01-30,3.859375,3.867187976837158,3.820312976837158,1.0489983558654785,723200
1981-02-02,3.820312976837158,3.84375,3.757812976837158,1.0361273288726807,896000
1981-02-03,3.773437976837158,3.796875,3.757812976837158,1.0339815616607666,843200
1981-02-04,3.765625,3.828125,3.765625,1.0425626039505005,1116800
1981-02-05,3.796875,3.859375,3.796875,1.063353180885315,1876800
1981-02-06,3.835937976837158,3.835937976837158,3.804687976837158,1.0546904802322388,662400
1981-02-09,3.804687976837158,3.835937976837158,3.796875,1.0546904802322388,1035200
1981-02-10,3.804687976837158,3.90625,3.804687976837158,1.0763483047485352,2105600
1981-02-11,3.882812976837158,3.898437976837158,3.867187976837158,1.0741827487945557,742400
1981-02-12,3.875,3.882812976837158,3.867187976837158,1.0741827487945557,899200
1981-02-13,3.875,3.882812976837158,3.84375,1.0763483047485352,465600
1981-02-17,3.882812976837158,3.914062976837158,3.875,1.0828444957733154,676800
1981-02-18,3.90625,3.976562976837158,3.898437976837158,1.1023361682891846,529600
1981-02-19,3.976562976837158,3.976562976837158,3.914062976837158,1.0850106477737427,713600
1981-02-20,3.914062976837158,3.945312976837158,3.898437976837158,1.089341640472412,936000
1981-02-23,3.929687976837158,3.945312976837158,3.898437976837158,1.0936728715896606,1566400
1981-02-24,3.96875,4.054687976837158,3.96875,1.1218268871307373,3720000
1981-02-25,4.046875,4.054687976837158,4.015625,1.1239925622940063,704000
1981-02-26,4.046875,4.046875,4.015625,1.1218268871307373,1422400
1981-02-27,4.046875,4.078125,4.046875,1.1218268871307373,1307200
1981-03-02,4.046875,4.046875,4.023437976837158,1.1218268871307373,734400
1981-03-03,4.046875,4.046875,4.015625,1.1131641864776611,385600
1981-03-04,4.007812976837158,4.007812976837158,3.9375,1.0936728715896606,822400
1981-03-05,3.945312976837158,3.953125,3.90625,1.0828444957733154,529600
1981-03-06,3.90625,3.914062976837158,3.875,1.0806790590286255,436800
1981-03-09,3.898437976837158,3.914062976837158,3.898437976837158,1.0828444957733154,675200
1981-03-10,3.90625,3.945312976837158,3.90625,1.0850106477737427,916800
1981-03-11,3.914062976837158,3.929687976837158,3.882812976837158,1.0806790590286255,716800
1981-03-12,3.90625,3.945312976837158,3.90625,1.0936728715896606,534400
1981-03-13,3.945312976837158,3.976562976837158,3.914062976837158,1.091506838798523,1790400
1981-03-16,3.9375,3.96875,3.90625,1.0958396196365356,1379200
1981-03-17,3.984375,4.039062976837158,3.984375,1.1196613311767578,1187200
1981-03-18,4.039062976837158,4.046875,4.015625,1.1196613311767578,624000
1981-03-19,4.039062976837158,4.046875,4.007812976837158,1.1218268871307373,585600
1981-03-20,4.046875,4.046875,4.015625,1.1153301000595093,1180800
1981-03-23,4.023437976837158,4.023437976837158,4,1.1088327169418335,321600
1981-03-24,4,4.015625,3.945312976837158,1.1001704931259155,435200
1981-03-25,3.96875,3.984375,3.945312976837158,1.104501724243164,859200
1981-03-26,3.984375,4.007812976837158,3.976562976837158,1.1088327169418335,1832000
1981-03-27,4,4.015625,3.976562976837158,1.1131641864776611,984000
1981-03-30,4.015625,4.015625,4.007812976837158,1.1131641864776611,529600
1981-03-31,4.015625,4.046875,4.007812976837158,1.1131641864776611,1380800
1981-04-01,4.015625,4.054687976837158,4.015625,1.1218268871307373,1444800
1981-04-02,4.046875,4.070312976837158,4.015625,1.1218268871307373,1318400
1981-04-03,4.046875,4.054687976837158,4.015625,1.1131641864776611,364800
1981-04-06,4,4,3.9375,1.1088327169418335,779200
1981-04-07,4,4.015625,3.976562976837158,1.1088327169418335,1430400
1981-04-08,4.007812976837158,4.09375,4.007812976837158,1.1326557397842407,969600
1981-04-09,4.085937976837158,4.15625,4.078125,1.1456506252288818,1416000
1981-04-10,4.132812976837158,4.148437976837158,4.085937976837158,1.1348215341567993,1145600
1981-04-13,4.09375,4.125,4.085937976837158,1.1413179636001587,756800
1981-04-14,4.117187976837158,4.132812976837158,4.085937976837158,1.139153003692627,926400
1981-04-15,4.109375,4.132812976837158,4.09375,1.1434838771820068,606400
1981-04-16,4.132812976837158,4.203125,4.132812976837158,1.162975549697876,1011200
1981-04-20,4.203125,4.296875,4.203125,1.1824660301208496,1611200
1981-04-21,4.265625,4.265625,4.226562976837158,1.1738033294677734,1036800
1981-04-22,4.226562976837158,4.226562976837158,4.132812976837158,1.152146577835083,1201600
1981-04-23,4.15625,4.164062976837158,4.132812976837158,1.1456506252288818,958400
1981-04-24,4.132812976837158,4.203125,4.125,1.1651406288146973,608000
1981-04-27,4.21875,4.273437976837158,4.21875,1.1803003549575806,862400
1981-04-28,4.257812976837158,4.265625,4.164062976837158,1.1586437225341797,899200
1981-04-29,4.179687976837158,4.1875,4.070312976837158,1.1283245086669922,1684800
1981-04-30,4.070312976837158,4.078125,4.015625,1.1196613311767578,1248000
1981-05-01,4.039062976837158,4.039062976837158,3.976562976837158,1.1196613311767578,990400
1981-05-04,4.039062976837158,4.039062976837158,3.976562976837158,1.1023361682891846,494400
1981-05-05,3.96875,3.96875,3.929687976837158,1.0936728715896606,904000
1981-05-06,3.945312976837158,3.976562976837158,3.914062976837158,1.0850106477737427,574400
1981-05-07,3.914062976837158,3.9375,3.90625,1.091506838798523,771200
1981-05-08,3.9375,3.945312976837158,3.914062976837158,1.0850106477737427,880000
1981-05-11,3.875,3.90625,3.875,1.0841362476348877,355200
1981-05-12,3.875,3.90625,3.875,1.090693712234497,1124800
1981-05-13,3.882812976837158,3.882812976837158,3.867187976837158,1.0819507837295532,680000
1981-05-14,3.867187976837158,3.898437976837158,3.859375,1.090693712234497,700800
1981-05-15,3.898437976837158,3.976562976837158,3.882812976837158,1.103807806968689,483200
1981-05-18,3.945312976837158,3.953125,3.9375,1.101622223854065,372800
1981-05-19,3.9375,3.945312976837158,3.835937976837158,1.0732077360153198,1134400
1981-05-20,3.835937976837158,3.867187976837158,3.796875,1.0622782707214355,796800
1981-05-21,3.796875,3.867187976837158,3.796875,1.0732077360153198,1291200
1981-05-22,3.859375,3.9375,3.859375,1.0841362476348877,980800
1981-05-26,3.875,3.929687976837158,3.875,1.0994364023208618,780800
1981-05-27,3.929687976837158,4.007812976837158,3.90625,1.1212949752807617,1148800
1981-05-28,4.015625,4.054687976837158,4.015625,1.13222336769104,1588800
1981-05-29,4.046875,4.046875,4.015625,1.1300373077392578,1774400
1981-06-01,4.046875,4.09375,4.046875,1.1431516408920288,937600
1981-06-02,4.085937976837158,4.085937976837158,4.023437976837158,1.1300373077392578,608000
1981-06-03,4.039062976837158,4.070312976837158,4.007812976837158,1.134408950805664,592000
1981-06-04,4.054687976837158,4.085937976837158,4.046875,1.13222336769104,3184000
1981-06-05,4.046875,4.078125,4.039062976837158,1.1409657001495361,1006400
1981-06-08,4.078125,4.117187976837158,4.078125,1.1409657001495361,664000
1981-06-09,4.054687976837158,4.054687976837158,4.023437976837158,1.13222336769104,651200
1981-06-10,4.046875,4.046875,4,1.1191080808639526,689600
1981-06-11,4,4.078125,4,1.1409657001495361,1577600
1981-06-12,4.078125,4.109375,4.078125,1.1431516408920288,1516800
1981-06-15,4.085937976837158,4.109375,4.078125,1.1431516408920288,859200
1981-06-16,4.085937976837158,4.085937976837158,4.039062976837158,1.1300373077392578,908800
1981-06-17,4.039062976837158,4.078125,4.015625,1.134408950805664,1129600
1981-06-18,4.078125,4.109375,4.078125,1.1431516408920288,881600
1981-06-19,4.085937976837158,4.085937976837158,4.046875,1.1387802362442017,803200
1981-06-22,4.070312976837158,4.070312976837158,4.015625,1.1256654262542725,340800
1981-06-23,4.039062976837158,4.085937976837158,4.039062976837158,1.1431516408920288,1003200
1981-06-24,4.085937976837158,4.085937976837158,4,1.1234805583953857,862400
1981-06-25,4.015625,4.015625,3.976562976837158,1.112551212310791,1086400
1981-06-26,3.976562976837158,4,3.953125,1.1059939861297607,2104000
1981-06-29,3.953125,3.96875,3.835937976837158,1.0732077360153198,520000
1981-06-30,3.835937976837158,3.84375,3.804687976837158,1.0644643306732178,1896000
1981-07-01,3.804687976837158,3.820312976837158,3.695312976837158,1.0426064729690552,1673600
1981-07-02,3.726562976837158,3.734375,3.625,1.0207488536834717,1633600
1981-07-06,3.648437976837158,3.65625,3.617187976837158,1.0207488536834717,971200
1981-07-07,3.648437976837158,3.65625,3.617187976837158,1.0207488536834717,1728000
1981-07-08,3.648437976837158,3.65625,3.609375,1.0120062828063965,1140800
1981-07-09,3.617187976837158,3.65625,3.609375,1.0229350328445435,752000
1981-07-10,3.65625,3.6875,3.648437976837158,1.0251209735870361,1168000
1981-07-13,3.664062976837158,3.695312976837158,3.664062976837158,1.0316780805587769,307200
1981-07-14,3.679687976837158,3.679687976837158,3.65625,1.0229350328445435,1060800
1981-07-15,3.65625,3.6875,3.554687976837158,1.0294924974441528,561600
1981-07-16,3.679687976837158,3.6875,3.65625,1.0316780805587769,371200
1981-07-17,3.6875,3.695312976837158,3.65625,1.0316780805587769,1708800
1981-07-20,3.679687976837158,3.679687976837158,3.585937976837158,1.0098202228546143,1131200
1981-07-21,3.609375,3.609375,3.554687976837158,1.0032628774642944,1352000
1981-07-22,3.578125,3.578125,3.515625,0.9923345446586609,1105600
1981-07-23,3.546875,3.546875,3.476562976837158,0.9857766628265381,665600
1981-07-24,3.523437976837158,3.539062976837158,3.5,0.9835919737815857,780800
1981-07-27,3.515625,3.523437976837158,3.484375,0.9814056158065796,302400
1981-07-28,3.484375,3.484375,3.445312976837158,0.972662091255188,668800
1981-07-29,3.476562976837158,3.476562976837158,3.4375,0.9617336392402649,857600
1981-07-30,3.4375,3.4375,3.414062976837158,0.9617336392402649,595200
1981-07-31,3.4375,3.4375,3.40625,0.9595481753349304,1302400
1981-08-03,3.414062976837158,3.414062976837158,3.40625,0.9529911279678345,438400
1981-08-04,3.40625,3.429687976837158,3.40625,0.9595481753349304,312000
1981-08-05,3.429687976837158,3.445312976837158,3.40625,0.9617336392402649,617600
1981-08-06,3.4375,3.445312976837158,3.375,0.9464334845542908,1526400
1981-08-07,3.382812976837158,3.398437976837158,3.304687976837158,0.9245758652687073,3184000
1981-08-10,3.296875,3.296875,3.234375,0.9148529767990112,1809600
1981-08-11,3.234375,3.273437976837158,3.21875,0.9236919283866882,3056000
1981-08-12,3.273437976837158,3.328125,3.273437976837158,0.9303216338157654,5075200
1981-08-13,3.289062976837158,3.320312976837158,3.289062976837158,0.9347416162490845,2000000
1981-08-14,3.320312976837158,3.359375,3.320312976837158,0.9502097368240356,816000
1981-08-17,3.335937976837158,3.335937976837158,3.328125,0.9413703083992004,800000
1981-08-18,3.328125,3.359375,3.320312976837158,0.9457894563674927,1275200
1981-08-19,3.359375,3.40625,3.359375,0.9634681940078735,641600
1981-08-20,3.414062976837158,3.445312976837158,3.414062976837158,0.9700979590415955,934400
1981-08-21,3.4375,3.445312976837158,3.4375,0.9745171070098877,436800
1981-08-24,3.445312976837158,3.453125,3.40625,0.9656781554222107,793600
1981-08-25,3.414062976837158,3.414062976837158,3.375,0.9634681940078735,1169600
1981-08-26,3.40625,3.40625,3.359375,0.9546294808387756,1716800
1981-08-27,3.367187976837158,3.367187976837158,3.265625,0.9259018301963806,2342400
1981-08-28,3.273437976837158,3.296875,3.265625,0.9236919283866882,553600
1981-08-31,3.265625,3.296875,3.257812976837158,0.9236919283866882,580800
1981-09-01,3.265625,3.296875,3.234375,0.9303216338157654,1048000
1981-09-02,3.289062976837158,3.304687976837158,3.265625,0.9236919283866882,1078400
1981-09-03,3.265625,3.265625,3.132812976837158,0.8861259818077087,3224000
1981-09-04,3.132812976837158,3.15625,3.085937976837158,0.8750761151313782,1201600
1981-09-08,3.09375,3.132812976837158,3.054687976837158,0.8728671669960022,1428800
1981-09-09,3.085937976837158,3.125,3.085937976837158,0.8839159607887268,888000
1981-09-10,3.125,3.125,3.109375,0.8817066550254822,888000
1981-09-11,3.117187976837158,3.148437976837158,3.109375,0.8905450701713562,2336000
1981-09-14,3.148437976837158,3.15625,3.070312976837158,0.8861259818077087,1076800
1981-09-15,3.132812976837158,3.15625,3.085937976837158,0.8839159607887268,769600
1981-09-16,3.125,3.132812976837158,3.085937976837158,0.8817066550254822,1059200
1981-09-17,3.117187976837158,3.132812976837158,3.09375,0.8817066550254822,956800
1981-09-18,3.117187976837158,3.132812976837158,3.09375,0.8839159607887268,627200
1981-09-21,3.125,3.148437976837158,3.09375,0.8817066550254822,1262400
1981-09-22,3.117187976837158,3.125,3.054687976837158,0.8640283346176147,1334400
1981-09-23,3.023437976837158,3.023437976837158,2.96875,0.8529787659645081,988800
1981-09-24,3.015625,3.015625,2.953125,0.8419299721717834,840000
1981-09-25,2.976562976837158,2.976562976837158,2.90625,0.8242519497871399,585600
1981-09-28,2.914062976837158,2.976562976837158,2.828125,0.8419299721717834,918400
1981-09-29,2.976562976837158,3.046875,2.976562976837158,0.8419299721717834,1451200
1981-09-30,2.976562976837158,3.007812976837158,2.96875,0.8441392183303833,398400
1981-10-01,2.984375,3.054687976837158,2.976562976837158,0.8640283346176147,3563200
1981-10-02,3.078125,3.125,3.078125,0.8706569671630859,3721600
1981-10-05,3.078125,3.085937976837158,3.046875,0.861818253993988,1051200
1981-10-06,3.046875,3.046875,3.015625,0.8551888465881348,748800
1981-10-07,3.023437976837158,3.09375,3,0.8706569671630859,5104000
1981-10-08,3.078125,3.15625,3.078125,0.8861259818077087,3892800
1981-10-09,3.132812976837158,3.132812976837158,3.085937976837158,0.8728671669960022,2392000
1981-10-12,3.085937976837158,3.117187976837158,3.046875,0.8640283346176147,2168000
1981-10-13,3.054687976837158,3.070312976837158,3.046875,0.861818253993988,710400
1981-10-14,3.046875,3.046875,2.976562976837158,0.8529787659645081,649600
1981-10-15,3.015625,3.070312976837158,3,0.85076904296875,2081600
1981-10-16,3,3,2.976562976837158,0.8485590219497681,739200
1981-10-19,3,3,2.96875,0.8441392183303833,756800
1981-10-20,3,3.023437976837158,3,0.8529787659645081,788800
1981-10-21,3.023437976837158,3.078125,3.023437976837158,0.861818253993988,1470400
1981-10-22,3.046875,3.078125,3.023437976837158,0.8706569671630859,744000
1981-10-23,3.078125,3.109375,3.054687976837158,0.8794960379600525,2022400
1981-10-26,3.109375,3.125,3.085937976837158,0.8794960379600525,2291200
1981-10-27,3.109375,3.125,3.085937976837158,0.8817066550254822,1484800
1981-10-28,3.125,3.15625,3.125,0.8905450701713562,1302400
1981-10-29,3.15625,3.25,3.15625,0.9060143828392029,1638400
1981-10-30,3.203125,3.328125,3.203125,0.9325312376022339,1566400
1981-11-02,3.304687976837158,3.359375,3.304687976837158,0.9347416162490845,1144000
1981-11-03,3.320312976837158,3.398437976837158,3.320312976837158,0.9524188041687012,1003200
1981-11-04,3.367187976837158,3.375,3.328125,0.9457894563674927,846400
1981-11-05,3.34375,3.34375,3.296875,0.9347416162490845,897600
1981-11-06,3.265625,3.375,3.265625,0.965125322341919,1224000
1981-11-09,3.375,3.375,3.328125,0.9628899693489075,1323200
1981-11-10,3.367187976837158,3.367187976837158,3.296875,0.949486255645752,699200
1981-11-11,3.296875,3.296875,3.25,0.9338476061820984,384000
1981-11-12,3.265625,3.273437976837158,3.226562976837158,0.9226771593093872,1166400
1981-11-13,3.226562976837158,3.234375,3.195312976837158,0.9159752726554871,798400
1981-11-16,3.195312976837158,3.195312976837158,3.117187976837158,0.9025701880455017,1296000
1981-11-17,3.179687976837158,3.21875,3.179687976837158,0.9137407541275024,748800
1981-11-18,3.195312976837158,3.21875,3.179687976837158,0.9137407541275024,1142400
1981-11-19,3.195312976837158,3.203125,3.179687976837158,0.9137407541275024,395200
1981-11-20,3.195312976837158,3.226562976837158,3.195312976837158,0.9226771593093872,424000
1981-11-23,3.226562976837158,3.25,3.195312976837158,0.9137407541275024,590400
1981-11-24,3.195312976837158,3.21875,3.179687976837158,0.9092725515365601,596800
1981-11-25,3.203125,3.257812976837158,3.203125,0.9293793439865112,2100800
1981-11-27,3.25,3.296875,3.234375,0.93608158826828,401600
1981-11-30,3.273437976837158,3.335937976837158,3.265625,0.9539543986320496,1553600
1981-12-01,3.335937976837158,3.367187976837158,3.328125,0.9539543986320496,1358400
1981-12-02,3.335937976837158,3.40625,3.335937976837158,0.9718272686004639,713600
1981-12-03,3.398437976837158,3.429687976837158,3.375,0.9740605354309082,976000
1981-12-04,3.429687976837158,3.484375,3.429687976837158,0.9941679239273071,2105600
1981-12-07,3.476562976837158,3.484375,3.453125,0.9941679239273071,1366400
1981-12-08,3.476562976837158,3.476562976837158,3.445312976837158,0.9919341206550598,785600
1981-12-09,3.46875,3.476562976837158,3.429687976837158,0.9874657988548279,1067200
1981-12-10,3.453125,3.476562976837158,3.445312976837158,0.9941679239273071,1705600
1981-12-11,3.476562976837158,3.476562976837158,3.445312976837158,0.9874657988548279,315200
1981-12-14,3.429687976837158,3.429687976837158,3.375,0.9718272686004639,1729600
1981-12-15,3.398437976837158,3.40625,3.367187976837158,0.965125322341919,787200
1981-12-16,3.375,3.40625,3.375,0.9673586487770081,436800
1981-12-17,3.382812976837158,3.46875,3.382812976837158,0.9919341206550598,411200
1981-12-18,3.476562976837158,3.5,3.476562976837158,0.9964020848274231,1051200
1981-12-21,3.484375,3.5,3.445312976837158,0.9919341206550598,577600
1981-12-22,3.46875,3.484375,3.445312976837158,0.9919341206550598,1302400
1981-12-23,3.476562976837158,3.515625,3.476562976837158,1.0008692741394043,1041600
1981-12-24,3.5,3.507812976837158,3.476562976837158,0.9964020848274231,292800
1981-12-28,3.484375,3.515625,3.484375,1.0008692741394043,1076800
1981-12-29,3.5,3.507812976837158,3.445312976837158,0.9852314591407776,804800
1981-12-30,3.445312976837158,3.476562976837158,3.429687976837158,0.9919341206550598,1044800
1981-12-31,3.46875,3.5,3.453125,1.0008692741394043,544000
1982-01-04,3.484375,3.5,3.460937976837158,0.9964020848274231,872000
1982-01-05,3.414062976837158,3.46875,3.351562976837158,0.9673586487770081,448000
1982-01-06,3.34375,3.40625,3.28125,0.9472522139549255,1299200
1982-01-07,3.304687976837158,3.328125,3.28125,0.9472522139549255,532800
1982-01-08,3.34375,3.359375,3.320312976837158,0.9561876058578491,556800
1982-01-11,3.375,3.398437976837158,3.34375,0.9628899693489075,1368000
1982-01-12,3.351562976837158,3.359375,3.335937976837158,0.9606566429138184,393600
1982-01-13,3.34375,3.367187976837158,3.3125,0.9517199993133545,232000
1982-01-14,3.296875,3.3125,3.28125,0.9427840709686279,931200
1982-01-15,3.320312976837158,3.34375,3.296875,0.9427840709686279,1390400
1982-01-18,3.304687976837158,3.34375,3.265625,0.9561876058578491,1393600
1982-01-19,3.3125,3.351562976837158,3.265625,0.9383152723312378,833600
1982-01-20,3.273437976837158,3.296875,3.25,0.9293793439865112,812800
1982-01-21,3.289062976837158,3.34375,3.234375,0.9561876058578491,4228800
1982-01-22,3.382812976837158,3.40625,3.359375,0.9606566429138184,1587200
1982-01-25,3.351562976837158,3.375,3.320312976837158,0.9606566429138184,958400
1982-01-26,3.40625,3.429687976837158,3.375,0.9695936441421509,1584000
1982-01-27,3.382812976837158,3.390625,3.367187976837158,0.965125322341919,1092800
1982-01-28,3.460937976837158,3.523437976837158,3.390625,1.0075722932815552,2060800
1982-01-29,3.5625,3.578125,3.546875,1.0209765434265137,1244800
1982-02-01,3.578125,3.601562976837158,3.554687976837158,1.0187430381774902,702400
1982-02-02,3.585937976837158,3.617187976837158,3.554687976837158,1.0343815088272095,1097600
1982-02-03,3.609375,3.617187976837158,3.59375,1.0276795625686646,638400
1982-02-04,3.546875,3.59375,3.5,1.0098066329956055,1225600
1982-02-05,3.578125,3.609375,3.539062976837158,1.0321472883224487,1344000
1982-02-08,3.554687976837158,3.578125,3.53125,1.0280801057815552,1316800
1982-02-09,3.53125,3.554687976837158,3.5,1.019042730331421,1212800
1982-02-10,3.5625,3.601562976837158,3.523437976837158,1.034857988357544,2846400
1982-02-11,3.632812976837158,3.65625,3.601562976837158,1.0438976287841797,2856000
1982-02-12,3.648437976837158,3.679687976837158,3.609375,1.0619728565216064,924800
1982-02-16,3.664062976837158,3.679687976837158,3.640625,1.0642327070236206,980800
1982-02-17,3.6875,3.703125,3.664062976837158,1.0642327070236206,1145600
1982-02-18,3.679687976837158,3.703125,3.65625,1.066491723060608,2081600
1982-02-19,3.679687976837158,3.703125,3.65625,1.0687518119812012,1728000
1982-02-22,3.664062976837158,3.734375,3.59375,1.0393775701522827,2152000
1982-02-23,3.617187976837158,3.648437976837158,3.585937976837158,1.052935004234314,4920000
1982-02-24,3.601562976837158,3.65625,3.546875,1.0461560487747192,2872000
1982-02-25,3.609375,3.640625,3.578125,1.0371185541152954,542400
1982-02-26,3.578125,3.59375,3.5625,1.0371185541152954,1289600
1982-03-01,3.578125,3.585937976837158,3.5625,1.034857988357544,659200
1982-03-02,3.539062976837158,3.578125,3.492187976837158,1.0100042819976807,614400
1982-03-03,3.453125,3.5,3.40625,0.99418705701828,2342400
1982-03-04,3.398437976837158,3.429687976837158,3.359375,0.9851495027542114,1537600
1982-03-05,3.375,3.421875,3.320312976837158,0.9648129343986511,1268800
1982-03-08,3.328125,3.367187976837158,3.28125,0.9512563347816467,1444800
1982-03-09,3.28125,3.304687976837158,3.25,0.9444781541824341,2713600
1982-03-10,3.304687976837158,3.320312976837158,3.28125,0.9602947235107422,1980800
1982-03-11,3.335937976837158,3.351562976837158,3.320312976837158,0.9693331122398376,1446400
1982-03-12,3.359375,3.375,3.34375,0.9738516211509705,820800
1982-03-15,3.382812976837158,3.40625,3.351562976837158,0.9851495027542114,664000
1982-03-16,3.390625,3.414062976837158,3.367187976837158,0.9738516211509705,1790400
1982-03-17,3.328125,3.367187976837158,3.289062976837158,0.9648129343986511,2926400
1982-03-18,3.351562976837158,3.367187976837158,3.328125,0.9738516211509705,414400
1982-03-19,3.382812976837158,3.398437976837158,3.359375,0.9828901290893555,2529600
1982-03-22,3.460937976837158,3.5,3.414062976837158,1.012264370918274,1459200
1982-03-23,3.554687976837158,3.578125,3.53125,1.021301031112671,1785600
1982-03-24,3.546875,3.578125,3.515625,1.0258212089538574,1275200
1982-03-25,3.5625,3.59375,3.53125,1.0393775701522827,1150400
1982-03-26,3.578125,3.609375,3.539062976837158,1.0258212089538574,371200
1982-03-29,3.5625,3.578125,3.539062976837158,1.034857988357544,523200
1982-03-30,3.585937976837158,3.609375,3.5625,1.034857988357544,966400
1982-03-31,3.585937976837158,3.617187976837158,3.554687976837158,1.0280801057815552,561600
1982-04-01,3.5625,3.59375,3.523437976837158,1.0393775701522827,827200
1982-04-02,3.601562976837158,3.617187976837158,3.578125,1.0461560487747192,838400
1982-04-05,3.625,3.648437976837158,3.59375,1.052935004234314,772800
1982-04-06,3.625,3.648437976837158,3.601562976837158,1.0438976287841797,1073600
1982-04-07,3.640625,3.671875,3.609375,1.0574537515640259,958400
1982-04-08,3.703125,3.75,3.648437976837158,1.0732706785202026,1179200
1982-04-12,3.734375,3.757812976837158,3.703125,1.0800491571426392,836800
1982-04-13,3.71875,3.757812976837158,3.671875,1.0868279933929443,2364800
1982-04-14,3.765625,3.789062976837158,3.734375,1.0890861749649048,1382400
1982-04-15,3.867187976837158,3.9375,3.796875,1.1365368366241455,4921600
1982-04-16,3.898437976837158,3.929687976837158,3.859375,1.1274986267089844,3864000
1982-04-19,3.898437976837158,3.921875,3.875,1.1274986267089844,2617600
1982-04-20,3.890625,3.921875,3.851562976837158,1.1207205057144165,1216000
1982-04-21,3.867187976837158,3.875,3.851562976837158,1.1162011623382568,1136000
1982-04-22,3.90625,3.9375,3.867187976837158,1.1387969255447388,2550400
1982-04-23,4,4.039062976837158,3.953125,1.1681708097457886,2249600
1982-04-26,4.039062976837158,4.078125,3.992187976837158,1.1749486923217773,2739200
1982-04-27,4.023437976837158,4.070312976837158,3.976562976837158,1.1500941514968872,3172800
1982-04-28,3.992187976837158,4.007812976837158,3.96875,1.1478346586227417,1408000
1982-04-29,3.90625,3.9375,3.875,1.1297591924667358,2100800
1982-04-30,3.921875,3.953125,3.890625,1.134277105331421,1744000
1982-05-03,3.929687976837158,3.953125,3.898437976837158,1.141055703163147,1723200
1982-05-04,3.953125,3.96875,3.9375,1.1387969255447388,1505600
1982-05-05,3.945312976837158,3.960937976837158,3.929687976837158,1.141055703163147,601600
1982-05-06,3.96875,3.984375,3.953125,1.143315315246582,1131200
1982-05-07,3.960937976837158,3.992187976837158,3.929687976837158,1.1365368366241455,3121600
1982-05-10,3.773437976837158,3.804687976837158,3.734375,1.0913310050964355,6528000
1982-05-11,3.726562976837158,3.765625,3.6875,1.1004629135131836,3953600
1982-05-12,3.695312976837158,3.75,3.632812976837158,1.0707839727401733,5283200
1982-05-13,3.671875,3.710937976837158,3.632812976837158,1.0684999227523804,2688000
1982-05-14,3.679687976837158,3.710937976837158,3.640625,1.0753495693206787,2185600
1982-05-17,3.671875,3.6875,3.65625,1.0753495693206787,915200
1982-05-18,3.679687976837158,3.695312976837158,3.664062976837158,1.0753495693206787,708800
1982-05-19,3.671875,3.6875,3.65625,1.0707839727401733,1185600
1982-05-20,3.695312976837158,3.710937976837158,3.671875,1.0776325464248657,1768000
1982-05-21,3.6875,3.703125,3.671875,1.0776325464248657,1320000
1982-05-24,3.695312976837158,3.710937976837158,3.671875,1.0776325464248657,1768000
1982-05-25,3.679687976837158,3.6875,3.664062976837158,1.0730658769607544,1739200
1982-05-26,3.671875,3.679687976837158,3.65625,1.0730658769607544,1041600
1982-05-27,3.679687976837158,3.695312976837158,3.664062976837158,1.0799156427383423,3057600
1982-05-28,3.742187976837158,3.765625,3.71875,1.1004629135131836,5019200
1982-06-01,3.765625,3.773437976837158,3.75,1.1004629135131836,2433600
1982-06-02,3.8125,3.851562976837158,3.765625,1.1255780458450317,2667200
1982-06-03,3.867187976837158,3.929687976837158,3.804687976837158,1.1484092473983765,1985600
1982-06-04,3.890625,3.929687976837158,3.84375,1.1232953071594238,1630400
1982-06-07,3.851562976837158,3.898437976837158,3.796875,1.1347107887268066,1673600
1982-06-08,3.921875,3.9375,3.898437976837158,1.1461257934570312,2315200
1982-06-09,3.882812976837158,3.921875,3.84375,1.1278609037399292,3428800
1982-06-10,3.882812976837158,3.9375,3.828125,1.1484092473983765,2571200
1982-06-11,3.8125,3.96875,3.65625,1.0913310050964355,14601600
1982-06-14,3.710937976837158,3.734375,3.679687976837158,1.0776325464248657,1998400
1982-06-15,3.65625,3.6875,3.617187976837158,1.0776325464248657,2182400
1982-06-16,3.6875,3.710937976837158,3.664062976837158,1.0776325464248657,1792000
1982-06-17,3.578125,3.671875,3.484375,1.022837519645691,6812800
1982-06-18,3.5,3.523437976837158,3.476562976837158,1.029686689376831,2150400
1982-06-21,3.570312976837158,3.617187976837158,3.515625,1.0456693172454834,3555200
1982-06-22,3.601562976837158,3.625,3.578125,1.059367299079895,2441600
1982-06-23,3.640625,3.671875,3.601562976837158,1.0730658769607544,1772800
1982-06-24,3.695312976837158,3.742187976837158,3.648437976837158,1.086765170097351,1734400
1982-06-25,3.710937976837158,3.726562976837158,3.6875,1.0799156427383423,792000
1982-06-28,3.734375,3.765625,3.695312976837158,1.0890485048294067,1760000
1982-06-29,3.679687976837158,3.726562976837158,3.625,1.0776325464248657,1345600
1982-06-30,3.640625,3.703125,3.578125,1.0456693172454834,2404800
1982-07-01,3.515625,3.570312976837158,3.460937976837158,1.0137052536010742,2852800
1982-07-02,3.484375,3.5,3.460937976837158,1.0205539464950562,1475200
1982-07-06,3.492187976837158,3.515625,3.460937976837158,1.022837519645691,950400
1982-07-07,3.539062976837158,3.59375,3.484375,1.0388191938400269,2472000
1982-07-08,3.507812976837158,3.546875,3.46875,1.0319701433181763,6336000
1982-07-09,3.523437976837158,3.546875,3.5,1.0342532396316528,1480000
1982-07-12,3.53125,3.554687976837158,3.507812976837158,1.0251206159591675,2244800
1982-07-13,3.46875,3.523437976837158,3.414062976837158,1.009138822555542,5224000
1982-07-14,3.476562976837158,3.515625,3.4375,1.0274041891098022,2404800
1982-07-15,3.570312976837158,3.59375,3.546875,1.0411022901535034,2406400
1982-07-16,3.65625,3.734375,3.578125,1.0776325464248657,4120000
1982-07-19,3.71875,3.734375,3.703125,1.086765170097351,3670400
1982-07-20,3.742187976837158,3.78125,3.703125,1.0958973169326782,2545600
1982-07-21,3.742187976837158,3.804687976837158,3.671875,1.0776325464248657,2262400
1982-07-22,3.65625,3.679687976837158,3.625,1.059367299079895,2340800
1982-07-23,3.5625,3.625,3.492187976837158,1.022837519645691,7881600
1982-07-26,3.523437976837158,3.539062976837158,3.5,1.022837519645691,1440000
1982-07-27,3.515625,3.539062976837158,3.492187976837158,1.0251206159591675,2475200
1982-07-28,3.460937976837158,3.492187976837158,3.421875,1.0022894144058228,2115200
1982-07-29,3.429687976837158,3.453125,3.40625,1.0068554878234863,2780800
1982-07-30,3.429687976837158,3.453125,3.398437976837158,1.0000064373016357,968000
1982-08-02,3.445312976837158,3.484375,3.398437976837158,1.0137052536010742,1534400
1982-08-03,3.390625,3.453125,3.328125,0.9726089835166931,3604800
1982-08-04,3.390625,3.453125,3.328125,0.9726089835166931,3604800
1982-08-05,3.0625,3.09375,3.03125,0.9041154384613037,16428800
1982-08-06,2.960937976837158,3.023437976837158,2.890625,0.8493207097053528,9252800
1982-08-09,2.875,2.929687976837158,2.820312976837158,0.8659915328025818,2985600
1982-08-10,2.976562976837158,3.007812976837158,2.945312976837158,0.8845158219337463,2841600
1982-08-11,2.984375,3,2.960937976837158,0.8775696754455566,1656000
1982-08-12,2.984375,3,2.960937976837158,0.8798841834068298,1604800
1982-08-13,3,3.023437976837158,2.96875,0.8960932493209839,1684800
1982-08-16,3.0625,3.09375,3.023437976837158,0.9076711535453796,3734400
1982-08-17,3.101562976837158,3.148437976837158,3.046875,0.9308256506919861,4577600
1982-08-18,3.101562976837158,3.21875,2.976562976837158,0.8960932493209839,4886400
1982-08-19,3,3.023437976837158,2.96875,0.8868316411972046,3553600
1982-08-20,2.945312976837158,3.007812976837158,2.875,0.8868316411972046,5464000
1982-08-23,3.054687976837158,3.125,2.984375,0.9261949062347412,3940800
1982-08-24,3.125,3.15625,3.085937976837158,0.9285105466842651,7432000
1982-08-25,3.164062976837158,3.21875,3.109375,0.9447185397148132,3184000
1982-08-26,3.265625,3.351562976837158,3.179687976837158,0.9701895713806152,4366400
1982-08-27,3.25,3.273437976837158,3.226562976837158,0.9632428288459778,3688000
1982-08-30,3.25,3.28125,3.21875,0.9678726196289062,2204800
1982-08-31,3.265625,3.304687976837158,3.226562976837158,0.9678726196289062,4105600
1982-09-01,3.1875,3.257812976837158,3.109375,0.9238795042037964,4940800
1982-09-02,3.085937976837158,3.125,3.046875,0.9192480444908142,4129600
1982-09-03,3.203125,3.242187976837158,3.164062976837158,0.9586111903190613,7057600
1982-09-07,3.242187976837158,3.28125,3.203125,0.9725043177604675,3793600
1982-09-08,3.289062976837158,3.3125,3.257812976837158,0.9748197197914124,3716800
1982-09-09,3.3125,3.335937976837158,3.289062976837158,0.9840818643569946,2211200
1982-09-10,3.28125,3.304687976837158,3.25,0.9794514775276184,3188800
1982-09-13,3.34375,3.421875,3.265625,1.0002902746200562,3700800
1982-09-14,3.445312976837158,3.484375,3.398437976837158,1.0257612466812134,3033600
1982-09-15,3.453125,3.484375,3.421875,1.0280756950378418,2329600
1982-09-16,3.539062976837158,3.601562976837158,3.46875,1.053546667098999,3419200
1982-09-17,3.546875,3.59375,3.5,1.053546667098999,8057600
1982-09-20,3.546875,3.5625,3.53125,1.0512309074401855,4692800
1982-09-21,3.484375,3.53125,3.429687976837158,1.0396536588668823,5640000
1982-09-22,3.460937976837158,3.5625,3.359375,0.9956592321395874,3572800
1982-09-23,3.367187976837158,3.40625,3.328125,0.9933441877365112,2094400
1982-09-24,3.359375,3.375,3.335937976837158,1.0002902746200562,1265600
1982-09-27,3.390625,3.40625,3.367187976837158,1.0095521211624146,1774400
1982-09-28,3.40625,3.421875,3.382812976837158,1.0026060342788696,1577600
1982-09-29,3.367187976837158,3.421875,3.3125,0.9817665219306946,4020800
1982-09-30,3.257812976837158,3.296875,3.21875,0.9586111903190613,1844800
1982-10-01,3.265625,3.296875,3.234375,0.9725043177604675,2256000
1982-10-04,3.25,3.273437976837158,3.226562976837158,0.9586111903190613,2060800
1982-10-05,3.257812976837158,3.28125,3.234375,0.9609271287918091,5126400
1982-10-06,3.335937976837158,3.414062976837158,3.25,1.0118672847747803,4100800
1982-10-07,3.5,3.554687976837158,3.445312976837158,1.0280756950378418,6403200
1982-10-08,3.460937976837158,3.507812976837158,3.414062976837158,1.0257612466812134,6737600
1982-10-11,3.539062976837158,3.617187976837158,3.460937976837158,1.0604926347732544,4980800
1982-10-12,3.632812976837158,3.679687976837158,3.578125,1.0720701217651367,3944000
1982-10-13,3.671875,3.734375,3.601562976837158,1.0859637260437012,3328000
1982-10-14,3.648437976837158,3.6875,3.609375,1.0790168046951294,2996800
1982-10-15,3.585937976837158,3.617187976837158,3.546875,1.0558619499206543,3868800
1982-10-18,3.484375,3.554687976837158,3.40625,1.037338376045227,7648000
1982-10-19,3.648437976837158,3.6875,3.601562976837158,1.0836471319198608,7580800
1982-10-20,3.75,3.8125,3.679687976837158,1.1299570798873901,4235200
1982-10-21,3.804687976837158,3.867187976837158,3.742187976837158,1.1114332675933838,4033600
1982-10-22,3.820312976837158,3.867187976837158,3.765625,1.1276417970657349,3024000
1982-10-25,3.75,3.773437976837158,3.726562976837158,1.1044880151748657,2148800
1982-10-26,3.6875,3.726562976837158,3.640625,1.0929089784622192,3139200
1982-10-27,3.6875,3.710937976837158,3.65625,1.0882785320281982,1230400
1982-10-28,3.6875,3.726562976837158,3.648437976837158,1.081332802772522,1510400
1982-10-29,3.632812976837158,3.65625,3.609375,1.081332802772522,3412800
1982-11-01,3.78125,3.859375,3.695312976837158,1.1299570798873901,2888000
1982-11-02,3.78125,3.835937976837158,3.71875,1.1068029403686523,5392000
1982-11-03,3.789062976837158,3.859375,3.71875,1.1415350437164307,3484800
1982-11-04,3.882812976837158,3.929687976837158,3.828125,1.1415350437164307,5200000
1982-11-05,3.828125,3.875,3.78125,1.1326422691345215,2294400
1982-11-08,3.773437976837158,3.828125,3.71875,1.1420023441314697,2051200
1982-11-09,3.859375,3.921875,3.796875,1.1654034852981567,2436800
1982-11-10,3.882812976837158,3.945312976837158,3.820312976837158,1.1466829776763916,1836800
1982-11-11,3.820312976837158,3.875,3.765625,1.16072416305542,1460800
1982-11-12,3.875,3.90625,3.835937976837158,1.1537039279937744,1638400
1982-11-15,3.789062976837158,3.84375,3.734375,1.1232811212539673,1907200
1982-11-16,3.710937976837158,3.75,3.671875,1.1162619590759277,1668800
1982-11-17,3.757812976837158,3.796875,3.710937976837158,1.1232811212539673,1710400
1982-11-18,3.71875,3.742187976837158,3.6875,1.1139206886291504,2572800
1982-11-19,3.734375,3.75,3.71875,1.1232811212539673,547200
1982-11-22,3.726562976837158,3.75,3.703125,1.1092404127120972,1286400
1982-11-23,3.671875,3.695312976837158,3.648437976837158,1.0951987504959106,1336000
1982-11-24,3.648437976837158,3.671875,3.617187976837158,1.0905193090438843,1976000
1982-11-26,3.632812976837158,3.640625,3.617187976837158,1.0905193090438843,1281600
1982-11-29,3.617187976837158,3.640625,3.585937976837158,1.0764789581298828,1240000
1982-11-30,3.65625,3.734375,3.570312976837158,1.1186017990112305,1574400
1982-12-01,3.765625,3.796875,3.726562976837158,1.1186017990112305,1734400
1982-12-02,3.734375,3.765625,3.703125,1.1162619590759277,1329600
1982-12-03,3.6875,3.734375,3.632812976837158,1.0928596258163452,1564800
1982-12-06,3.65625,3.742187976837158,3.5625,1.1162619590759277,2382400
1982-12-07,3.773437976837158,3.804687976837158,3.734375,1.1279616355895996,2590400
1982-12-08,3.71875,3.75,3.679687976837158,1.1022204160690308,1278400
1982-12-09,3.59375,3.625,3.5625,1.0671175718307495,1937600
1982-12-10,3.578125,3.625,3.53125,1.0600967407226562,1953600
1982-12-13,3.5,3.53125,3.46875,1.0483964681625366,2244800
1982-12-14,3.5625,3.625,3.5,1.0600967407226562,3142400
1982-12-15,3.5,3.53125,3.460937976837158,1.0390352010726929,1955200
1982-12-16,3.492187976837158,3.523437976837158,3.460937976837158,1.0530762672424316,2294400
1982-12-17,3.570312976837158,3.625,3.507812976837158,1.0811575651168823,1739200
1982-12-20,3.59375,3.617187976837158,3.5625,1.0671175718307495,777600
1982-12-21,3.53125,3.5625,3.5,1.0671175718307495,1550400
1982-12-22,3.632812976837158,3.695312976837158,3.570312976837158,1.1069008111953735,2699200
1982-12-23,3.671875,3.710937976837158,3.625,1.0951987504959106,2294400
1982-12-27,3.640625,3.664062976837158,3.617187976837158,1.085839033126831,1144000
1982-12-28,3.640625,3.664062976837158,3.617187976837158,1.0834987163543701,982400
1982-12-29,3.632812976837158,3.648437976837158,3.617187976837158,1.0881786346435547,691200
1982-12-30,3.617187976837158,3.648437976837158,3.578125,1.0764789581298828,1617600
1982-12-31,3.601562976837158,3.609375,3.59375,1.0764789581298828,310400
1983-01-03,3.609375,3.625,3.585937976837158,1.0741381645202637,4204800
1983-01-04,3.5625,3.585937976837158,3.53125,1.0694576501846313,4083200
1983-01-05,3.617187976837158,3.640625,3.59375,1.0905193090438843,2833600
1983-01-06,3.734375,3.8125,3.65625,1.1349825859069824,4342400
1983-01-07,3.734375,3.789062976837158,3.671875,1.1069008111953735,5513600
1983-01-10,3.71875,3.796875,3.640625,1.1209417581558228,4761600
1983-01-11,3.757812976837158,3.796875,3.71875,1.137322187423706,3660800
1983-01-12,3.796875,3.835937976837158,3.757812976837158,1.1420023441314697,2568000
1983-01-13,3.84375,3.867187976837158,3.8125,1.1560447216033936,2425600
1983-01-14,3.867187976837158,3.90625,3.828125,1.1677448749542236,2896000
1983-01-17,3.953125,3.992187976837158,3.914062976837158,1.1911461353302002,2104000
1983-01-18,3.984375,4.015625,3.945312976837158,1.2028471231460571,2489600
1983-01-19,4.007812976837158,4.039062976837158,3.96875,1.2075278759002686,1940800
1983-01-20,3.96875,3.976562976837158,3.953125,1.1841259002685547,1460800
1983-01-21,3.914062976837158,3.9375,3.882812976837158,1.1677448749542236,1572800
1983-01-24,3.84375,3.867187976837158,3.8125,1.1513638496398926,2739200
1983-01-25,3.867187976837158,3.921875,3.8125,1.174765706062317,848000
1983-01-26,3.898437976837158,3.921875,3.875,1.1630640029907227,489600
1983-01-27,3.929687976837158,3.96875,3.890625,1.1864664554595947,739200
1983-01-28,4.007812976837158,4.046875,3.96875,1.1888068914413452,1371200
1983-01-31,3.945312976837158,3.96875,3.914062976837158,1.174765706062317,1104000
1983-02-01,3.898437976837158,3.929687976837158,3.867187976837158,1.1583843231201172,881600
1983-02-02,3.828125,3.835937976837158,3.8125,1.1420023441314697,1518400
1983-02-03,3.804687976837158,3.820312976837158,3.78125,1.1420023441314697,1708800
1983-02-04,3.851562976837158,3.875,3.820312976837158,1.1560447216033936,1468800
1983-02-07,3.851562976837158,3.882812976837158,3.8125,1.1466829776763916,1156800
1983-02-08,3.789062976837158,3.835937976837158,3.742187976837158,1.1256221532821655,1204800
1983-02-09,3.742187976837158,3.773437976837158,3.710937976837158,1.1355576515197754,2014400
1983-02-10,3.757812976837158,3.789062976837158,3.71875,1.1331919431686401,2097600
1983-02-11,3.78125,3.796875,3.765625,1.1473863124847412,2020800
1983-02-14,3.820312976837158,3.851562976837158,3.78125,1.1544835567474365,1790400
1983-02-15,3.859375,3.898437976837158,3.820312976837158,1.1686780452728271,1187200
1983-02-16,3.890625,3.921875,3.859375,1.175775408744812,1646400
1983-02-17,3.828125,3.859375,3.796875,1.1544835567474365,891200
1983-02-18,3.796875,3.8125,3.78125,1.1497517824172974,699200
1983-02-22,3.804687976837158,3.820312976837158,3.789062976837158,1.1497517824172974,555200
1983-02-23,3.789062976837158,3.804687976837158,3.765625,1.1497517824172974,985600
1983-02-24,3.796875,3.820312976837158,3.765625,1.145020604133606,2228800
1983-02-25,3.804687976837158,3.820312976837158,3.789062976837158,1.1521180868148804,2923200
1983-02-28,3.8125,3.820312976837158,3.796875,1.1544835567474365,1198400
1983-03-01,3.828125,3.84375,3.804687976837158,1.1639469861984253,3894400
1983-03-02,3.882812976837158,3.929687976837158,3.828125,1.1805071830749512,4470400
1983-03-03,3.984375,4.046875,3.921875,1.225456714630127,3160000
1983-03-04,4.0625,4.109375,4.007812976837158,1.2443821430206299,3008000
1983-03-07,4.132812976837158,4.164062976837158,4.09375,1.2538450956344604,2755200
1983-03-08,4.109375,4.148437976837158,4.0625,1.2325537204742432,1990400
1983-03-09,4.046875,4.078125,4.015625,1.2207248210906982,1892800
1983-03-10,4.070312976837158,4.109375,4.03125,1.225456714630127,1300800
1983-03-11,3.984375,4.015625,3.945312976837158,1.201799750328064,1758400
1983-03-14,3.9375,3.960937976837158,3.90625,1.1970669031143188,1416000
1983-03-15,3.914062976837158,3.9375,3.890625,1.1852384805679321,1072000
1983-03-16,3.9375,3.953125,3.914062976837158,1.1899698972702026,1414400
1983-03-17,3.929687976837158,3.953125,3.90625,1.1970669031143188,704000
1983-03-18,3.984375,4.023437976837158,3.9375,1.218359112739563,1585600
1983-03-21,4.046875,4.078125,4.007812976837158,1.2230905294418335,3724800
1983-03-22,4.054687976837158,4.0625,4.039062976837158,1.225456714630127,1366400
1983-03-23,4.015625,4.03125,4,1.2207248210906982,2553600
1983-03-24,3.757812976837158,3.828125,3.6875,1.1260945796966553,11195200
1983-03-25,3.78125,3.8125,3.75,1.1544835567474365,6622400
1983-03-28,3.84375,3.859375,3.820312976837158,1.1639469861984253,2224000
1983-03-29,3.882812976837158,3.90625,3.859375,1.1686780452728271,2164800
1983-03-30,3.898437976837158,3.9375,3.859375,1.182873010635376,2808000
1983-03-31,3.882812976837158,3.945312976837158,3.8125,1.159214735031128,1574400
1983-04-04,3.828125,3.851562976837158,3.804687976837158,1.1568489074707031,1126400
1983-04-05,3.8125,3.835937976837158,3.789062976837158,1.1473863124847412,1081600
1983-04-06,3.773437976837158,3.820312976837158,3.71875,1.1426552534103394,1907200
1983-04-07,3.789062976837158,3.8125,3.765625,1.1497517824172974,1267200
1983-04-08,3.789062976837158,3.804687976837158,3.773437976837158,1.1497517824172974,700800
1983-04-11,3.828125,3.867187976837158,3.789062976837158,1.1710439920425415,1216000
1983-04-12,3.859375,3.875,3.835937976837158,1.1686780452728271,1371200
1983-04-13,3.84375,3.875,3.8125,1.159214735031128,2673600
1983-04-14,3.851562976837158,3.882812976837158,3.820312976837158,1.175775408744812,2744000
1983-04-15,3.820312976837158,3.867187976837158,3.773437976837158,1.1544835567474365,4017600
1983-04-18,3.757812976837158,3.789062976837158,3.726562976837158,1.145020604133606,3187200
1983-04-19,3.84375,3.882812976837158,3.804687976837158,1.175775408744812,2585600
1983-04-20,3.890625,3.929687976837158,3.851562976837158,1.1876038312911987,4329600
1983-04-21,3.976562976837158,4.007812976837158,3.9375,1.2088960409164429,3742400
1983-04-22,3.96875,4,3.9375,1.1970669031143188,1953600
1983-04-25,3.945312976837158,3.984375,3.90625,1.1876038312911987,1107200
1983-04-26,3.945312976837158,3.984375,3.90625,1.2065294981002808,1537600
1983-04-27,4.023437976837158,4.046875,3.992187976837158,1.2207248210906982,1953600
1983-04-28,4.0625,4.085937976837158,4.039062976837158,1.2278218269348145,3099200
1983-04-29,4.054687976837158,4.078125,4.03125,1.2207248210906982,3096000
1983-05-02,4,4.046875,3.945312976837158,1.1994332075119019,1659200
1983-05-03,3.96875,3.992187976837158,3.9375,1.201799750328064,1027200
1983-05-04,4,4.03125,3.96875,1.201799750328064,1184000
1983-05-05,4,4.03125,3.960937976837158,1.2207248210906982,1692800
1983-05-06,4.078125,4.125,4.023437976837158,1.2491134405136108,4955200
1983-05-09,4.03125,4.046875,4.007812976837158,1.2304766178131104,1841600
1983-05-10,3.992187976837158,4.015625,3.96875,1.218531608581543,1923200
1983-05-11,3.96875,3.992187976837158,3.945312976837158,1.2065846920013428,1201600
1983-05-12,3.96875,3.992187976837158,3.9375,1.2113629579544067,1492800
1983-05-13,3.976562976837158,4.023437976837158,3.921875,1.213752269744873,2350400
1983-05-16,3.945312976837158,3.992187976837158,3.890625,1.220920205116272,1830400
1983-05-17,3.960937976837158,4,3.914062976837158,1.2233091592788696,3235200
1983-05-18,3.984375,4.085937976837158,3.984375,1.2400349378585815,3688000
1983-05-19,4.046875,4.140625,4.046875,1.2495924234390259,2627200
1983-05-20,4.070312976837158,4.109375,4.015625,1.254370093345642,2630400
1983-05-23,4.0625,4.117187976837158,4.046875,1.2472015619277954,3296000
1983-05-24,4.078125,4.125,4.070312976837158,1.2519797086715698,2409600
1983-05-25,4.125,4.15625,4.0625,1.2519797086715698,2209600
1983-05-26,4.117187976837158,4.117187976837158,4.078125,1.2591487169265747,2177600
1983-05-27,4.109375,4.140625,4.09375,1.2591487169265747,5033600
1983-05-31,4.085937976837158,4.125,4.085937976837158,1.2615373134613037,3844800
1983-06-01,4.117187976837158,4.132812976837158,4.085937976837158,1.2495924234390259,2244800
1983-06-02,4.070312976837158,4.125,4.070312976837158,1.2567591667175293,1088000
1983-06-03,4.109375,4.132812976837158,4.085937976837158,1.2495924234390259,1539200
1983-06-06,4.109375,4.125,4.085937976837158,1.2615373134613037,1675200
1983-06-07,4.132812976837158,4.21875,4.132812976837158,1.2734843492507935,4089600
1983-06-08,4.148437976837158,4.148437976837158,4.070312976837158,1.2472015619277954,11864000
1983-06-09,4.0625,4.078125,4.015625,1.2376457452774048,888000
1983-06-10,4.03125,4.054687976837158,4.007812976837158,1.2304766178131104,1214400
1983-06-13,4.03125,4.085937976837158,4.03125,1.2400349378585815,2001600
1983-06-14,4.046875,4.070312976837158,4.03125,1.2376457452774048,1552000
1983-06-15,4.03125,4.125,4.03125,1.2615373134613037,2809600
1983-06-16,4.125,4.164062976837158,4.117187976837158,1.2615373134613037,1707200
1983-06-17,4.09375,4.117187976837158,4.09375,1.2567591667175293,737600
1983-06-20,4.09375,4.117187976837158,4.015625,1.2376457452774048,1752000
1983-06-21,4.03125,4.054687976837158,3.984375,1.2256985902786255,1307200
1983-06-22,4.039062976837158,4.054687976837158,4.023437976837158,1.2304766178131104,2044800
1983-06-23,4.015625,4.03125,3.984375,1.220920205116272,891200
1983-06-24,4.007812976837158,4.078125,3.992187976837158,1.2472015619277954,3137600
1983-06-27,4.09375,4.09375,4.046875,1.2472015619277954,1289600
1983-06-28,4.078125,4.078125,4.023437976837158,1.2328662872314453,1726400
1983-06-29,4.015625,4.015625,3.96875,1.220920205116272,3184000
1983-06-30,4,4,3.976562976837158,1.218531608581543,1270400
1983-07-01,3.984375,3.992187976837158,3.960937976837158,1.213752269744873,3059200
1983-07-05,3.90625,3.914062976837158,3.859375,1.1946375370025635,1553600
1983-07-06,3.890625,3.90625,3.835937976837158,1.1850807666778564,3993600
1983-07-07,3.898437976837158,3.929687976837158,3.867187976837158,1.1898592710494995,2211200
1983-07-08,3.898437976837158,3.898437976837158,3.828125,1.1755239963531494,910400
1983-07-11,3.859375,3.898437976837158,3.820312976837158,1.192249059677124,3355200
1983-07-12,3.898437976837158,3.898437976837158,3.84375,1.1779142618179321,2468800
1983-07-13,3.851562976837158,3.90625,3.84375,1.1803028583526611,1065600
1983-07-14,3.859375,3.90625,3.789062976837158,1.173134207725525,2163200
1983-07-15,3.820312976837158,3.859375,3.796875,1.1803028583526611,612800
1983-07-18,3.859375,3.875,3.828125,1.1779142618179321,1659200
1983-07-19,3.875,3.875,3.789062976837158,1.1779142618179321,2352000
1983-07-20,3.9375,3.9375,3.890625,1.201805830001831,1844800
1983-07-21,3.9375,3.9375,3.875,1.1874699592590332,2708800
1983-07-22,3.820312976837158,3.90625,3.734375,1.1850807666778564,3222400
1983-07-25,3.859375,3.859375,3.765625,1.1707446575164795,1859200
1983-07-26,3.8125,3.890625,3.8125,1.1850807666778564,1185600
1983-07-27,3.890625,3.90625,3.8125,1.1659667491912842,1452800
1983-07-28,3.8125,3.835937976837158,3.789062976837158,1.1611882448196411,1494400
1983-07-29,3.78125,3.804687976837158,3.78125,1.163577675819397,1628800
1983-08-01,3.804687976837158,3.828125,3.78125,1.1611882448196411,1627200
1983-08-02,3.796875,3.90625,3.789062976837158,1.1826915740966797,1688000
1983-08-03,3.859375,3.898437976837158,3.828125,1.1850807666778564,2308800
1983-08-04,3.859375,3.867187976837158,3.796875,1.1826915740966797,2265600
1983-08-05,3.875,3.898437976837158,3.859375,1.1803028583526611,1033600
1983-08-08,3.84375,3.851562976837158,3.820312976837158,1.1683564186096191,830400
1983-08-09,3.773437976837158,3.828125,3.757812976837158,1.1847976446151733,1564800
1983-08-10,3.804687976837158,3.828125,3.78125,1.1751266717910767,1339200
1983-08-11,3.796875,3.859375,3.796875,1.1872155666351318,1795200
1983-08-12,3.867187976837158,3.867187976837158,3.84375,1.192053198814392,2131200
1983-08-15,3.890625,3.929687976837158,3.882812976837158,1.208977222442627,1444800
1983-08-16,3.96875,3.96875,3.914062976837158,1.2162318229675293,1534400
1983-08-17,3.953125,3.96875,3.914062976837158,1.2113966941833496,2028800
1983-08-18,3.90625,3.90625,3.835937976837158,1.192053198814392,824000
1983-08-19,3.8125,3.820312976837158,3.789062976837158,1.1799625158309937,1102400
1983-08-22,3.828125,3.867187976837158,3.828125,1.196887493133545,737600
1983-08-23,3.867187976837158,3.875,3.84375,1.1993058919906616,1270400
1983-08-24,3.867187976837158,3.875,3.859375,1.1944704055786133,662400
1983-08-25,3.851562976837158,3.875,3.820312976837158,1.1993058919906616,598400
1983-08-26,3.882812976837158,3.898437976837158,3.84375,1.196887493133545,942400
1983-08-29,3.859375,3.859375,3.78125,1.1775448322296143,1014400
1983-08-30,3.8125,3.890625,3.804687976837158,1.204141616821289,1244800
1983-08-31,3.804687976837158,3.8125,3.78125,1.1751266717910767,3108800
1983-09-01,3.820312976837158,3.820312976837158,3.789062976837158,1.1727087497711182,2667200
1983-09-02,3.78125,3.875,3.78125,1.1872155666351318,2062400
1983-09-06,3.90625,3.90625,3.851562976837158,1.1993058919906616,1465600
1983-09-07,3.882812976837158,3.882812976837158,3.804687976837158,1.1872155666351318,1068800
1983-09-08,3.851562976837158,3.875,3.835937976837158,1.1944704055786133,1689600
1983-09-09,3.859375,3.882812976837158,3.804687976837158,1.1993058919906616,884800
1983-09-12,3.890625,3.90625,3.789062976837158,1.1847976446151733,1944000
1983-09-13,3.8125,3.84375,3.804687976837158,1.1847976446151733,1443200
1983-09-14,3.84375,3.84375,3.78125,1.1751266717910767,1444800
1983-09-15,3.796875,3.8125,3.765625,1.165454387664795,1678400
1983-09-16,3.765625,3.796875,3.75,1.1751266717910767,1990400
1983-09-19,3.78125,3.796875,3.757812976837158,1.165454387664795,1520000
1983-09-20,3.765625,3.796875,3.757812976837158,1.1702910661697388,1315200
1983-09-21,3.789062976837158,3.828125,3.773437976837158,1.1775448322296143,3457600
1983-09-22,3.804687976837158,3.921875,3.789062976837158,1.21381413936615,2054400
1983-09-23,3.898437976837158,3.921875,3.859375,1.204141616821289,2136000
1983-09-26,3.90625,3.921875,3.828125,1.2017239332199097,2569600
1983-09-27,3.898437976837158,3.898437976837158,3.851562976837158,1.1993058919906616,459200
1983-09-28,3.867187976837158,3.875,3.828125,1.196887493133545,1345600
1983-09-29,3.851562976837158,3.875,3.828125,1.1944704055786133,772800
1983-09-30,3.851562976837158,3.890625,3.828125,1.2017239332199097,2384000
1983-10-03,3.882812976837158,3.90625,3.859375,1.208977222442627,3337600
1983-10-04,3.882812976837158,3.953125,3.882812976837158,1.21381413936615,6225600
1983-10-05,3.914062976837158,3.992187976837158,3.898437976837158,1.2307398319244385,2328000
1983-10-06,4.007812976837158,4.03125,3.984375,1.2476648092269897,2481600
1983-10-07,4.039062976837158,4.054687976837158,4.015625,1.250083327293396,976000
1983-10-10,4.046875,4.109375,4.03125,1.2718449831008911,2872000
1983-10-11,4.0625,4.09375,4.054687976837158,1.257336974143982,2548800
1983-10-12,4.046875,4.078125,4.03125,1.250083327293396,1163200
1983-10-13,4.03125,4.0625,4.03125,1.2476648092269897,1652800
1983-10-14,4.046875,4.0625,3.992187976837158,1.2428295612335205,1710400
1983-10-17,4.023437976837158,4.03125,3.976562976837158,1.2331582307815552,1134400
1983-10-18,3.984375,4.023437976837158,3.984375,1.2331582307815552,1796800
1983-10-19,3.984375,3.992187976837158,3.945312976837158,1.2331582307815552,2888000
1983-10-20,3.96875,4.039062976837158,3.960937976837158,1.2307398319244385,1441600
1983-10-21,3.992187976837158,4.015625,3.96875,1.2379930019378662,1198400
1983-10-24,3.984375,4.0625,3.945312976837158,1.2525017261505127,1700800
1983-10-25,4.0625,4.085937976837158,4.039062976837158,1.2549196481704712,1265600
1983-10-26,4.046875,4.109375,4.03125,1.2621723413467407,1348800
1983-10-27,4.078125,4.09375,4.070312976837158,1.2670077085494995,1097600
1983-10-28,4.15625,4.164062976837158,4.125,1.27668035030365,3345600
1983-10-31,4.15625,4.21875,4.15625,1.3032792806625366,1880000
1983-11-01,4.21875,4.273437976837158,4.203125,1.3226221799850464,1598400
1983-11-02,4.242187976837158,4.265625,4.21875,1.3105313777923584,2124800
1983-11-03,4.234375,4.257812976837158,4.210937976837158,1.3056957721710205,2233600
1983-11-04,4.21875,4.234375,4.210937976837158,1.3105313777923584,1046400
1983-11-07,4.148437976837158,4.21875,4.125,1.3198195695877075,1889600
1983-11-08,4.21875,4.234375,4.164062976837158,1.3100428581237793,1614400
1983-11-09,4.164062976837158,4.203125,4.15625,1.3124871253967285,3075200
1983-11-10,4.203125,4.226562976837158,4.203125,1.3198195695877075,2028800
1983-11-11,4.21875,4.25,4.21875,1.3247073888778687,2014400
1983-11-14,4.242187976837158,4.242187976837158,4.15625,1.3075991868972778,1648000
1983-11-15,4.210937976837158,4.226562976837158,4.195312976837158,1.3173766136169434,2308800
1983-11-16,4.226562976837158,4.226562976837158,4.1875,1.3198195695877075,2537600
1983-11-17,4.210937976837158,4.226562976837158,4.210937976837158,1.3198195695877075,1945600
1983-11-18,4.21875,4.226562976837158,4.148437976837158,1.314932107925415,1894400
1983-11-21,4.226562976837158,4.242187976837158,4.046875,1.2709378004074097,2328000
1983-11-22,4.007812976837158,4.015625,3.890625,1.2318309545516968,7390400
1983-11-23,3.9375,3.96875,3.875,1.2122794389724731,7896000
1983-11-25,3.882812976837158,3.921875,3.875,1.2269433736801147,1424000
1983-11-28,3.921875,3.921875,3.859375,1.2171670198440552,2172800
1983-11-29,3.90625,3.921875,3.875,1.2244998216629028,1524800
1983-11-30,3.929687976837158,3.929687976837158,3.859375,1.207390546798706,1590400
1983-12-01,3.867187976837158,3.867187976837158,3.789062976837158,1.1853934526443481,1163200
1983-12-02,3.835937976837158,3.835937976837158,3.78125,1.1829502582550049,1496000
1983-12-05,3.78125,3.804687976837158,3.71875,1.1731739044189453,2049600
1983-12-06,3.773437976837158,3.773437976837158,3.710937976837158,1.1609524488449097,2115200
1983-12-07,3.703125,3.71875,3.648437976837158,1.143843650817871,3228800
1983-12-08,3.648437976837158,3.65625,3.601562976837158,1.1389551162719727,4137600
1983-12-09,3.640625,3.648437976837158,3.625,1.134067177772522,3934400
1983-12-12,3.625,3.679687976837158,3.625,1.1389551162719727,2224000
1983-12-13,3.648437976837158,3.679687976837158,3.640625,1.1511762142181396,4272000
1983-12-14,3.703125,3.726562976837158,3.65625,1.143843650817871,2627200
1983-12-15,3.65625,3.664062976837158,3.632812976837158,1.1365126371383667,2849600
1983-12-16,3.65625,3.671875,3.632812976837158,1.1413997411727905,4328000
1983-12-19,3.648437976837158,3.6875,3.648437976837158,1.1511762142181396,4244800
1983-12-20,3.679687976837158,3.6875,3.632812976837158,1.1389551162719727,5366400
1983-12-21,3.65625,3.671875,3.632812976837158,1.1389551162719727,6158400
1983-12-22,3.648437976837158,3.65625,3.609375,1.1365126371383667,4417600
1983-12-23,3.609375,3.632812976837158,3.609375,1.1365126371383667,1196800
1983-12-27,3.625,3.648437976837158,3.59375,1.1267348527908325,1968000
1983-12-28,3.601562976837158,3.601562976837158,3.546875,1.1096259355545044,3934400
1983-12-29,3.5625,3.570312976837158,3.546875,1.1145143508911133,2360000
1983-12-30,3.5625,3.617187976837158,3.554687976837158,1.1316230297088623,1875200
1984-01-03,3.632812976837158,3.773437976837158,3.632812976837158,1.1633957624435425,1891200
1984-01-04,3.703125,3.75,3.703125,1.1731739044189453,3273600
1984-01-05,3.75,3.765625,3.734375,1.1731739044189453,3596800
1984-01-06,3.742187976837158,3.789062976837158,3.734375,1.1829502582550049,2097600
1984-01-09,3.78125,3.859375,3.78125,1.207390546798706,1996800
1984-01-10,3.859375,3.859375,3.789062976837158,1.197614073753357,2428800
1984-01-11,3.828125,3.851562976837158,3.804687976837158,1.2000582218170166,3374400
1984-01-12,3.851562976837158,3.859375,3.8125,1.1927262544631958,1150400
1984-01-13,3.84375,3.84375,3.757812976837158,1.1805063486099243,6400000
1984-01-16,3.78125,3.828125,3.773437976837158,1.197614073753357,2585600
1984-01-17,3.828125,3.835937976837158,3.78125,1.1927262544631958,2260800
1984-01-18,3.828125,3.835937976837158,3.765625,1.1829502582550049,3139200
1984-01-19,3.773437976837158,3.796875,3.765625,1.1829502582550049,4491200
1984-01-20,3.78125,3.8125,3.78125,1.1878376007080078,1875200
1984-01-23,3.804687976837158,3.867187976837158,3.804687976837158,1.207390546798706,4260800
1984-01-24,3.859375,3.898437976837158,3.851562976837158,1.2122794389724731,2124800
1984-01-25,3.875,3.921875,3.875,1.2122794389724731,2624000
1984-01-26,3.898437976837158,3.90625,3.875,1.2122794389724731,1326400
1984-01-27,3.890625,3.90625,3.859375,1.2122794389724731,1353600
1984-01-30,3.859375,3.882812976837158,3.84375,1.214722752571106,1472000
1984-01-31,3.859375,3.921875,3.835937976837158,1.2220550775527954,2827200
1984-02-01,3.890625,3.90625,3.875,1.2122794389724731,4451200
1984-02-02,3.875,3.921875,3.875,1.2244998216629028,2923200
1984-02-03,3.929687976837158,3.9375,3.882812976837158,1.219611644744873,1158400
1984-02-06,3.867187976837158,3.875,3.8125,1.2025030851364136,1755200
1984-02-07,3.828125,3.882812976837158,3.773437976837158,1.2025030851364136,2345600
1984-02-08,3.820312976837158,3.875,3.8125,1.2143737077713013,2504000
1984-02-09,3.820312976837158,3.875,3.8125,1.2267405986785889,2300800
1984-02-10,3.859375,3.898437976837158,3.859375,1.2267405986785889,7217600
1984-02-13,3.882812976837158,3.898437976837158,3.875,1.2316868305206299,3299200
1984-02-14,3.890625,3.914062976837158,3.882812976837158,1.2391077280044556,1323200
1984-02-15,3.90625,3.953125,3.90625,1.246527075767517,2436800
1984-02-16,3.9375,3.984375,3.929687976837158,1.261366844177246,1478400
1984-02-17,3.992187976837158,4.078125,3.992187976837158,1.2860994338989258,5057600
1984-02-21,4.046875,4.054687976837158,4.007812976837158,1.2712599039077759,2188800
1984-02-22,4,4.015625,3.984375,1.2663124799728394,2497600
1984-02-23,4,4,3.921875,1.2564198970794678,1644800
1984-02-24,3.96875,4.085937976837158,3.929687976837158,1.2860994338989258,2987200
1984-02-27,4.0625,4.078125,4.03125,1.2885723114013672,1766400
1984-02-28,4.054687976837158,4.054687976837158,4,1.2712599039077759,747200
1984-02-29,4,4.015625,3.9375,1.261366844177246,1172800
1984-03-01,4,4.046875,3.992187976837158,1.2663124799728394,1304000
1984-03-02,4,4.054687976837158,3.984375,1.2811530828475952,2137600
1984-03-05,4.046875,4.085937976837158,4.03125,1.276206135749817,1846400
1984-03-06,4.039062976837158,4.054687976837158,4.007812976837158,1.2687864303588867,457600
1984-03-07,4,4.007812976837158,3.9375,1.246527075767517,2297600
1984-03-08,3.953125,3.976562976837158,3.945312976837158,1.2514736652374268,416000
1984-03-09,3.953125,3.953125,3.914062976837158,1.2415802478790283,409600
1984-03-12,3.914062976837158,3.945312976837158,3.914062976837158,1.2415802478790283,1080000
1984-03-13,3.945312976837158,3.992187976837158,3.945312976837158,1.2564198970794678,1689600
1984-03-14,3.984375,3.984375,3.960937976837158,1.2564198970794678,572800
1984-03-15,3.96875,3.992187976837158,3.960937976837158,1.2564198970794678,681600
1984-03-16,3.992187976837158,4.015625,3.96875,1.2588937282562256,1377600
1984-03-19,3.960937976837158,3.960937976837158,3.875,1.2292135953903198,1196800
1984-03-20,3.898437976837158,3.921875,3.890625,1.234160304069519,553600
1984-03-21,3.90625,3.914062976837158,3.890625,1.2316868305206299,1054400
1984-03-22,3.890625,3.914062976837158,3.875,1.2316868305206299,892800
1984-03-23,3.867187976837158,3.90625,3.820312976837158,1.2193217277526855,956800
1984-03-26,3.859375,3.859375,3.820312976837158,1.2119005918502808,539200
1984-03-27,3.828125,3.84375,3.828125,1.2168478965759277,2067200
1984-03-28,3.851562976837158,3.953125,3.828125,1.2514736652374268,860800
1984-03-29,3.9375,3.96875,3.921875,1.2539470195770264,929600
1984-03-30,3.960937976837158,3.960937976837158,3.882812976837158,1.236633539199829,873600
1984-04-02,3.882812976837158,3.929687976837158,3.875,1.2292135953903198,1787200
1984-04-03,3.890625,3.929687976837158,3.882812976837158,1.2391077280044556,761600
1984-04-04,3.921875,3.96875,3.890625,1.2539470195770264,1400000
1984-04-05,3.984375,4.09375,3.945312976837158,1.2490001916885376,1748800
1984-04-06,3.9375,3.960937976837158,3.929687976837158,1.2514736652374268,2105600
1984-04-09,3.96875,4.054687976837158,3.960937976837158,1.2786803245544434,2870400
1984-04-10,4.023437976837158,4.046875,4.007812976837158,1.2687864303588867,1470400
1984-04-11,4,4.007812976837158,3.992187976837158,1.2663124799728394,614400
1984-04-12,4,4.015625,3.953125,1.2712599039077759,961600
1984-04-13,4,4.078125,3.992187976837158,1.2811530828475952,2718400
1984-04-16,4.054687976837158,4.109375,4.046875,1.295992136001587,3232000
1984-04-17,4.09375,4.132812976837158,4.070312976837158,1.3058847188949585,2312000
1984-04-18,4.117187976837158,4.117187976837158,3.960937976837158,1.2885723114013672,985600
1984-04-19,4.046875,4.0625,4.03125,1.2836257219314575,3672000
1984-04-23,4.046875,4.054687976837158,4.007812976837158,1.273732304573059,2179200
1984-04-24,4.007812976837158,4.03125,3.984375,1.2687864303588867,1316800
1984-04-25,3.992187976837158,4.007812976837158,3.984375,1.2638397216796875,1102400
1984-04-26,4,4.007812976837158,3.976562976837158,1.2588937282562256,1502400
1984-04-27,3.953125,3.953125,3.90625,1.2415802478790283,3228800
1984-04-30,3.90625,3.929687976837158,3.890625,1.2415802478790283,937600
1984-05-01,3.90625,3.960937976837158,3.898437976837158,1.2514736652374268,3673600
1984-05-02,3.960937976837158,3.976562976837158,3.953125,1.2514736652374268,1888000
1984-05-03,3.945312976837158,3.953125,3.90625,1.2391077280044556,886400
1984-05-04,3.929687976837158,3.929687976837158,3.84375,1.2193217277526855,2504000
1984-05-07,3.84375,3.875,3.84375,1.2267405986785889,1928000
1984-05-08,3.882812976837158,3.976562976837158,3.875,1.2588937282562256,1464000
1984-05-09,3.914062976837158,3.921875,3.851562976837158,1.2458839416503906,1801600
1984-05-10,3.867187976837158,3.929687976837158,3.867187976837158,1.2533897161483765,2088000
1984-05-11,3.921875,3.9375,3.898437976837158,1.2533897161483765,894400
1984-05-14,3.859375,3.890625,3.84375,1.2408809661865234,934400
1984-05-15,3.882812976837158,3.921875,3.859375,1.248386025428772,705600
1984-05-16,3.90625,3.90625,3.859375,1.2383787631988525,2158400
1984-05-17,3.867187976837158,3.867187976837158,3.78125,1.2208666801452637,1403200
1984-05-18,3.8125,3.828125,3.796875,1.2233678102493286,1395200
1984-05-21,3.8125,3.84375,3.75,1.2008527517318726,1062400
1984-05-22,3.75,3.773437976837158,3.726562976837158,1.1958487033843994,1915200
1984-05-23,3.71875,3.742187976837158,3.703125,1.18584144115448,1868800
1984-05-24,3.6875,3.703125,3.609375,1.1608232259750366,1784000
1984-05-25,3.617187976837158,3.640625,3.59375,1.1608232259750366,2185600
1984-05-29,3.640625,3.640625,3.554687976837158,1.140809416770935,1680000
1984-05-30,3.5625,3.65625,3.539062976837158,1.1583216190338135,1353600
1984-05-31,3.625,3.632812976837158,3.601562976837158,1.1608232259750366,1716800
1984-06-01,3.6875,3.710937976837158,3.617187976837158,1.1808381080627441,1116800
1984-06-04,3.703125,3.773437976837158,3.695312976837158,1.2058554887771606,1422400
1984-06-05,3.773437976837158,3.828125,3.757812976837158,1.2258696556091309,1649600
1984-06-06,3.8125,3.84375,3.804687976837158,1.2258696556091309,1377600
1984-06-07,3.820312976837158,3.859375,3.820312976837158,1.2308728694915771,1414400
1984-06-08,3.84375,3.898437976837158,3.835937976837158,1.248386025428772,3536000
1984-06-11,3.882812976837158,3.890625,3.84375,1.2433817386627197,1195200
1984-06-12,3.890625,3.90625,3.859375,1.2408809661865234,3462400
1984-06-13,3.882812976837158,3.898437976837158,3.867187976837158,1.248386025428772,1824000
1984-06-14,3.890625,3.890625,3.851562976837158,1.2458839416503906,2752000
1984-06-15,3.882812976837158,3.898437976837158,3.867187976837158,1.2383787631988525,1387200
1984-06-18,3.851562976837158,3.9375,3.851562976837158,1.2608944177627563,2147200
1984-06-19,3.921875,3.945312976837158,3.914062976837158,1.2583931684494019,1310400
1984-06-20,3.929687976837158,3.96875,3.914062976837158,1.2709014415740967,4475200
1984-06-21,3.953125,3.984375,3.9375,1.2759056091308594,2611200
1984-06-22,3.960937976837158,4,3.945312976837158,1.2759056091308594,5104000
1984-06-25,3.984375,3.984375,3.929687976837158,1.2658981084823608,1488000
1984-06-26,3.945312976837158,3.945312976837158,3.890625,1.248386025428772,747200
1984-06-27,3.875,3.890625,3.75,1.21586275100708,2339200
1984-06-28,3.796875,3.820312976837158,3.78125,1.21586275100708,1046400
1984-06-29,3.78125,3.804687976837158,3.75,1.2133610248565674,2129600
1984-07-02,3.75,3.765625,3.726562976837158,1.2008527517318726,1254400
1984-07-03,3.757812976837158,3.804687976837158,3.75,1.2108601331710815,1988800
1984-07-05,3.765625,3.796875,3.75,1.2058554887771606,2198400
1984-07-06,3.757812976837158,3.78125,3.757812976837158,1.2058554887771606,1088000
1984-07-09,3.765625,3.773437976837158,3.75,1.2058554887771606,1382400
1984-07-10,3.765625,3.78125,3.734375,1.198350429534912,2076800
1984-07-11,3.734375,3.742187976837158,3.710937976837158,1.1883430480957031,1350400
1984-07-12,3.695312976837158,3.703125,3.664062976837158,1.1733324527740479,4707200
1984-07-13,3.664062976837158,3.695312976837158,3.617187976837158,1.1633261442184448,3889600
1984-07-16,3.640625,3.640625,3.59375,1.1633261442184448,1584000
1984-07-17,3.640625,3.703125,3.640625,1.1808381080627441,1840000
1984-07-18,3.5625,3.5625,3.398437976837158,1.1007815599441528,13180800
1984-07-19,3.445312976837158,3.460937976837158,3.414062976837158,1.0982794761657715,5009600
1984-07-20,3.429687976837158,3.4375,3.375,1.080767273902893,1574400
1984-07-23,3.335937976837158,3.421875,3.3125,1.088272213935852,3168000
1984-07-24,3.398437976837158,3.421875,3.367187976837158,1.0832690000534058,2601600
1984-07-25,3.375,3.390625,3.359375,1.080767273902893,1392000
1984-07-26,3.375,3.390625,3.34375,1.080767273902893,1129600
1984-07-27,3.359375,3.414062976837158,3.351562976837158,1.0907741785049438,1768000
1984-07-30,3.40625,3.429687976837158,3.398437976837158,1.093276023864746,1537600
1984-07-31,3.414062976837158,3.429687976837158,3.398437976837158,1.0982794761657715,1094400
1984-08-01,3.421875,3.492187976837158,3.40625,1.1057848930358887,2180800
1984-08-02,3.46875,3.53125,3.46875,1.1207952499389648,3681600
1984-08-03,3.578125,3.6875,3.578125,1.1808381080627441,4060800
1984-08-06,3.6875,3.703125,3.601562976837158,1.1583216190338135,3988800
1984-08-07,3.546875,3.59375,3.546875,1.1358060836791992,2649600
1984-08-08,3.554687976837158,3.59375,3.554687976837158,1.140809416770935,977600
1984-08-09,3.515625,3.648437976837158,3.515625,1.1833815574645996,1721600
1984-08-10,3.671875,3.679687976837158,3.546875,1.1504396200180054,3907200
1984-08-13,3.570312976837158,3.609375,3.5625,1.1656427383422852,910400
1984-08-14,3.609375,3.617187976837158,3.578125,1.1656427383422852,1227200
1984-08-15,3.5625,3.5625,3.515625,1.1555075645446777,1993600
1984-08-16,3.578125,3.609375,3.5625,1.1656427383422852,1065600
1984-08-17,3.609375,3.632812976837158,3.601562976837158,1.1783126592636108,1096000
1984-08-20,3.617187976837158,3.617187976837158,3.578125,1.1681768894195557,3371200
1984-08-21,3.601562976837158,3.601562976837158,3.570312976837158,1.1681768894195557,2340800
1984-08-22,3.601562976837158,3.617187976837158,3.585937976837158,1.1656427383422852,2281600
1984-08-23,3.5625,3.59375,3.5625,1.15804123878479,1115200
1984-08-24,3.570312976837158,3.59375,3.570312976837158,1.1631089448928833,592000
1984-08-27,3.585937976837158,3.585937976837158,3.554687976837158,1.1631089448928833,1395200
1984-08-28,3.570312976837158,3.585937976837158,3.554687976837158,1.1529728174209595,659200
1984-08-29,3.578125,3.585937976837158,3.554687976837158,1.1631089448928833,1478400
1984-08-30,3.570312976837158,3.59375,3.546875,1.1529728174209595,523200
1984-08-31,3.554687976837158,3.625,3.515625,1.175779104232788,1131200
1984-09-04,3.609375,3.609375,3.554687976837158,1.1555075645446777,505600
1984-09-05,3.53125,3.570312976837158,3.53125,1.1555075645446777,942400
1984-09-06,3.578125,3.617187976837158,3.5625,1.1732449531555176,1152000
1984-09-07,3.617187976837158,3.617187976837158,3.5625,1.1555075645446777,1020800
1984-09-10,3.546875,3.554687976837158,3.5,1.1479049921035767,2150400
1984-09-11,3.554687976837158,3.5625,3.5,1.1453709602355957,1891200
1984-09-12,3.5,3.546875,3.5,1.1479049921035767,638400
1984-09-13,3.523437976837158,3.546875,3.507812976837158,1.1479049921035767,2155200
1984-09-14,3.570312976837158,3.601562976837158,3.539062976837158,1.1529728174209595,3384000
1984-09-17,3.546875,3.570312976837158,3.539062976837158,1.1504396200180054,1220800
1984-09-18,3.554687976837158,3.5625,3.523437976837158,1.1479049921035767,2448000
1984-09-19,3.53125,3.539062976837158,3.484375,1.1327011585235596,2963200
1984-09-20,3.484375,3.5,3.484375,1.1327011585235596,1483200
1984-09-21,3.492187976837158,3.53125,3.492187976837158,1.1327011585235596,2398400
1984-09-24,3.5,3.5,3.484375,1.1327011585235596,1523200
1984-09-25,3.492187976837158,3.5,3.460937976837158,1.1276326179504395,2120000
1984-09-26,3.46875,3.5,3.445312976837158,1.1174964904785156,1252800
1984-09-27,3.4375,3.46875,3.429687976837158,1.1174964904785156,8068800
1984-09-28,3.453125,3.546875,3.445312976837158,1.1453709602355957,4371200
1984-10-01,3.546875,3.59375,3.53125,1.15804123878479,3313600
1984-10-02,3.5625,3.601562976837158,3.546875,1.1504396200180054,2816000
1984-10-03,3.539062976837158,3.546875,3.523437976837158,1.1504396200180054,2924800
1984-10-04,3.539062976837158,3.578125,3.539062976837158,1.1605751514434814,4332800
1984-10-05,3.585937976837158,3.625,3.570312976837158,1.1605751514434814,2406400
1984-10-08,3.585937976837158,3.601562976837158,3.578125,1.1656427383422852,1531200
1984-10-09,3.601562976837158,3.601562976837158,3.578125,1.1605751514434814,1843200
1984-10-10,3.5625,3.585937976837158,3.546875,1.1631089448928833,1227200
1984-10-11,3.570312976837158,3.585937976837158,3.554687976837158,1.1631089448928833,577600
1984-10-12,3.578125,3.648437976837158,3.578125,1.1783126592636108,913600
1984-10-15,3.632812976837158,3.773437976837158,3.625,1.2112549543380737,3510400
1984-10-16,3.726562976837158,3.75,3.71875,1.2137892246246338,2052800
1984-10-17,3.71875,3.742187976837158,3.703125,1.2061866521835327,1598400
1984-10-18,3.742187976837158,3.765625,3.726562976837158,1.2213902473449707,2764800
1984-10-19,3.757812976837158,3.796875,3.75,1.2163230180740356,2739200
1984-10-22,3.75,3.789062976837158,3.742187976837158,1.2188571691513062,1244800
1984-10-23,3.75,3.773437976837158,3.75,1.2188571691513062,945600
1984-10-24,3.757812976837158,3.78125,3.742187976837158,1.2163230180740356,1004800
1984-10-25,3.757812976837158,3.773437976837158,3.75,1.2163230180740356,2769600
1984-10-26,3.765625,3.773437976837158,3.75,1.2213902473449707,1526400
1984-10-29,3.757812976837158,3.773437976837158,3.757812976837158,1.2188571691513062,867200
1984-10-30,3.773437976837158,3.8125,3.765625,1.2340610027313232,896000
1984-10-31,3.796875,3.8125,3.78125,1.2289934158325195,1235200
1984-11-01,3.8125,3.84375,3.789062976837158,1.2441978454589844,1340800
1984-11-02,3.84375,3.890625,3.84375,1.256867527961731,1608000
1984-11-05,3.867187976837158,3.929687976837158,3.859375,1.2695374488830566,2393600
1984-11-06,3.914062976837158,3.9375,3.90625,1.2771388292312622,3260800
1984-11-07,3.921875,3.953125,3.890625,1.2796740531921387,1803200
1984-11-08,3.890625,3.929687976837158,3.882812976837158,1.2909657955169678,1510400
1984-11-09,3.914062976837158,3.953125,3.90625,1.2858333587646484,2088000
1984-11-12,3.929687976837158,3.929687976837158,3.90625,1.288399338722229,344000
1984-11-13,3.90625,3.921875,3.90625,1.2858333587646484,1363200
1984-11-14,3.921875,3.921875,3.90625,1.2858333587646484,2310400
1984-11-15,3.921875,3.929687976837158,3.90625,1.2832667827606201,912000
1984-11-16,3.890625,3.914062976837158,3.890625,1.2806999683380127,1396800
1984-11-19,3.914062976837158,3.921875,3.859375,1.2704335451126099,1212800
1984-11-20,3.859375,3.875,3.84375,1.2678676843643188,763200
1984-11-21,3.84375,3.859375,3.796875,1.2524688243865967,1712000
1984-11-23,3.820312976837158,3.875,3.820312976837158,1.2704335451126099,2665600
1984-11-26,3.84375,3.90625,3.84375,1.2832667827606201,2584000
1984-11-27,3.898437976837158,3.929687976837158,3.890625,1.288399338722229,2134400
1984-11-28,3.9375,3.953125,3.929687976837158,1.2960988283157349,3228800
1984-11-29,3.9375,3.953125,3.929687976837158,1.2935317754745483,4366400
1984-11-30,3.9375,3.984375,3.9375,1.3012322187423706,3332800
1984-12-03,3.960937976837158,3.960937976837158,3.929687976837158,1.29866623878479,2198400
1984-12-04,3.960937976837158,4.007812976837158,3.960937976837158,1.3089320659637451,3862400
1984-12-05,3.984375,3.992187976837158,3.96875,1.3037995100021362,1536000
1984-12-06,3.96875,3.992187976837158,3.96875,1.306365728378296,1643200
1984-12-07,3.960937976837158,3.992187976837158,3.960937976837158,1.3089320659637451,2467200
1984-12-10,3.984375,4.015625,3.984375,1.3114982843399048,1976000
1984-12-11,3.984375,4.015625,3.984375,1.3191977739334106,1374400
1984-12-12,4.015625,4.054687976837158,4.015625,1.3268979787826538,3876800
1984-12-13,4.046875,4.046875,4.039062976837158,1.3268979787826538,1308800
1984-12-14,4.046875,4.09375,4.03125,1.3371635675430298,2262400
1984-12-17,4.070312976837158,4.125,4.070312976837158,1.355128526687622,2475200
1984-12-18,4.125,4.179687976837158,4.117187976837158,1.373095154762268,6744000
1984-12-19,4.203125,4.226562976837158,4.148437976837158,1.3628287315368652,4673600
1984-12-20,4.140625,4.171875,4.109375,1.355128526687622,1980800
1984-12-21,4.125,4.125,4.070312976837158,1.3422958850860596,1526400
1984-12-24,4.09375,4.132812976837158,4.09375,1.3499959707260132,854400
1984-12-26,4.117187976837158,4.125,4.09375,1.3499959707260132,366400
1984-12-27,4.101562976837158,4.117187976837158,4.070312976837158,1.3371635675430298,576000
1984-12-28,4.085937976837158,4.085937976837158,4.0625,1.3345967531204224,764800
1984-12-31,4.085937976837158,4.164062976837158,4.070312976837158,1.355128526687622,1524800
1985-01-02,4.109375,4.117187976837158,4.054687976837158,1.3320311307907104,742400
1985-01-03,4.039062976837158,4.09375,4.023437976837158,1.3371635675430298,1046400
1985-01-04,4.054687976837158,4.078125,4.054687976837158,1.3345967531204224,948800
1985-01-07,4.0625,4.09375,4.046875,1.329464077949524,644800
1985-01-08,4.0625,4.101562976837158,4.0625,1.3371635675430298,814400
1985-01-09,4.078125,4.117187976837158,4.0625,1.3499959707260132,1027200
1985-01-10,4.101562976837158,4.109375,4.085937976837158,1.3499959707260132,824000
1985-01-11,4.117187976837158,4.117187976837158,4.070312976837158,1.339729905128479,1099200
1985-01-14,4.085937976837158,4.164062976837158,4.0625,1.3679622411727905,1144000
1985-01-15,4.1875,4.1875,4.148437976837158,1.3628287315368652,2716800
1985-01-16,4.15625,4.203125,4.15625,1.373095154762268,1204800
1985-01-17,4.179687976837158,4.1875,4.164062976837158,1.373095154762268,1313600
1985-01-18,4.1875,4.203125,4.164062976837158,1.3782280683517456,843200
1985-01-21,4.203125,4.375,4.171875,1.4295588731765747,3667200
1985-01-22,4.328125,4.367187976837158,4.273437976837158,1.4269918203353882,4564800
1985-01-23,4.34375,4.453125,4.320312976837158,1.4500916004180908,2118400
1985-01-24,4.398437976837158,4.4375,4.34375,1.4269918203353882,2235200
1985-01-25,4.335937976837158,4.351562976837158,4.289062976837158,1.409026861190796,2116800
1985-01-28,4.3125,4.382812976837158,4.304687976837158,1.4192920923233032,2891200
1985-01-29,4.304687976837158,4.40625,4.28125,1.4475246667861938,3304000
1985-01-30,4.421875,4.421875,4.367187976837158,1.4398255348205566,1536000
1985-01-31,4.382812976837158,4.46875,4.367187976837158,1.4654901027679443,1998400
1985-02-01,4.4375,4.546875,4.40625,1.4783225059509277,5988800
1985-02-04,4.5,4.585937976837158,4.484375,1.5065544843673706,3849600
1985-02-05,4.609375,4.632812976837158,4.578125,1.5193867683410645,2224000
1985-02-06,4.625,4.664062976837158,4.609375,1.5296528339385986,2188800
1985-02-07,4.6875,4.734375,4.59375,1.5091208219528198,3473600
1985-02-08,4.554687976837158,4.5625,4.554687976837158,1.5127532482147217,1838400
1985-02-11,4.5625,4.570312976837158,4.53125,1.5153486728668213,1065600
1985-02-12,4.554687976837158,4.570312976837158,4.515625,1.5127532482147217,1540800
1985-02-13,4.5625,4.585937976837158,4.546875,1.5231328010559082,1392000
1985-02-14,4.59375,4.640625,4.578125,1.52053701877594,2731200
1985-02-15,4.546875,4.578125,4.53125,1.5049697160720825,2588800
1985-02-19,4.53125,4.609375,4.523437976837158,1.530917763710022,2460800
1985-02-20,4.625,4.679687976837158,4.609375,1.554270625114441,2059200
1985-02-21,4.671875,4.742187976837158,4.65625,1.5724337100982666,2153600
1985-02-22,4.75,4.773437976837158,4.734375,1.577622413635254,1984000
1985-02-25,4.75,4.75,4.695312976837158,1.5594602823257446,3216000
1985-02-26,4.703125,4.742187976837158,4.570312976837158,1.5672439336776733,4910400
1985-02-27,4.71875,4.804687976837158,4.71875,1.5905979871749878,4940800
1985-02-28,4.789062976837158,4.828125,4.773437976837158,1.6035701036453247,4281600
1985-03-01,4.84375,4.875,4.828125,1.6191399097442627,4779200
1985-03-04,4.875,4.875,4.84375,1.6165446043014526,2067200
1985-03-05,4.859375,4.9375,4.859375,1.637303352355957,3913600
1985-03-06,4.914062976837158,4.914062976837158,4.867187976837158,1.6217337846755981,4056000
1985-03-07,4.867187976837158,4.914062976837158,4.859375,1.6269234418869019,3067200
1985-03-08,4.882812976837158,4.90625,4.867187976837158,1.6191399097442627,5769600
1985-03-11,4.882812976837158,4.90625,4.875,1.6217337846755981,2476800
1985-03-12,4.875,4.929687976837158,4.875,1.6295186281204224,2857600
1985-03-13,4.90625,4.9375,4.90625,1.6398981809616089,3852800
1985-03-14,4.9375,4.96875,4.9375,1.6398981809616089,4856000
1985-03-15,4.921875,4.929687976837158,4.828125,1.6035701036453247,8947200
1985-03-18,4.828125,4.867187976837158,4.8125,1.6009764671325684,2502400
1985-03-19,4.8125,4.828125,4.78125,1.6009764671325684,2094400
1985-03-20,4.8125,4.828125,4.789062976837158,1.595786690711975,2180800
1985-03-21,4.789062976837158,4.835937976837158,4.765625,1.5828131437301636,1790400
1985-03-22,4.765625,4.796875,4.765625,1.585408091545105,1171200
1985-03-25,4.773437976837158,4.8125,4.773437976837158,1.5905979871749878,1470400
1985-03-26,4.796875,4.796875,4.773437976837158,1.585408091545105,4289600
1985-03-27,4.773437976837158,4.8125,4.757812976837158,1.5880016088485718,2739200
1985-03-28,4.78125,4.835937976837158,4.78125,1.6035701036453247,2126400
1985-03-29,4.835937976837158,4.867187976837158,4.835937976837158,1.6139497756958008,1355200
1985-04-01,4.875,4.929687976837158,4.859375,1.6191399097442627,2734400
1985-04-02,4.867187976837158,4.882812976837158,4.820312976837158,1.6087608337402344,1128000
1985-04-03,4.851562976837158,4.867187976837158,4.820312976837158,1.6035701036453247,497600
1985-04-04,4.84375,4.851562976837158,4.8125,1.6035701036453247,1617600
1985-04-08,4.820312976837158,4.84375,4.804687976837158,1.6009764671325684,1672000
1985-04-09,4.8125,4.820312976837158,4.773437976837158,1.5983814001083374,1606400
1985-04-10,4.828125,4.859375,4.820312976837158,1.6061657667160034,856000
1985-04-11,4.875,4.875,4.84375,1.6087608337402344,1496000
1985-04-12,4.84375,4.867187976837158,4.828125,1.6165446043014526,1393600
1985-04-15,4.875,4.914062976837158,4.875,1.624329924583435,2262400
1985-04-16,4.890625,4.90625,4.875,1.624329924583435,1875200
1985-04-17,4.890625,4.96875,4.890625,1.6502766609191895,2468800
1985-04-18,4.984375,5.015625,4.9375,1.647682547569275,2062400
1985-04-19,4.960937976837158,4.984375,4.953125,1.6554672718048096,739200
1985-04-22,4.976562976837158,4.984375,4.8125,1.6087608337402344,1619200
1985-04-23,4.835937976837158,4.835937976837158,4.71875,1.5828131437301636,5700800
1985-04-24,4.765625,4.835937976837158,4.765625,1.6009764671325684,3616000
1985-04-25,4.820312976837158,4.820312976837158,4.789062976837158,1.6009764671325684,1200000
1985-04-26,4.835937976837158,4.875,4.835937976837158,1.6165446043014526,1395200
1985-04-29,4.875,4.898437976837158,4.820312976837158,1.6061657667160034,2001600
1985-04-30,4.851562976837158,4.875,4.78125,1.5880016088485718,990400
1985-05-01,4.78125,4.8125,4.6875,1.5594602823257446,2057600
1985-05-02,4.6875,4.742187976837158,4.6875,1.5672439336776733,1208000
1985-05-03,4.765625,4.835937976837158,4.75,1.6061657667160034,568000
1985-05-06,4.835937976837158,4.875,4.835937976837158,1.6139497756958008,796800
1985-05-07,4.875,4.875,4.820312976837158,1.6139497756958008,884800
1985-05-08,4.851562976837158,4.890625,4.84375,1.624329924583435,1022400
1985-05-09,4.851562976837158,4.921875,4.851562976837158,1.6515932083129883,1227200
1985-05-10,4.914062976837158,4.960937976837158,4.90625,1.6463508605957031,1150400
1985-05-13,4.929687976837158,4.929687976837158,4.898437976837158,1.6489717960357666,910400
1985-05-14,4.929687976837158,4.960937976837158,4.914062976837158,1.6515932083129883,1508800
1985-05-15,4.921875,4.929687976837158,4.882812976837158,1.6489717960357666,1451200
1985-05-16,4.929687976837158,4.96875,4.914062976837158,1.6515932083129883,956800
1985-05-17,4.9375,5.046875,4.9375,1.6935395002365112,1716800
1985-05-20,5.0625,5.140625,5.054687976837158,1.7197556495666504,2467200
1985-05-21,5.125,5.148437976837158,5.101562976837158,1.7276201248168945,1684800
1985-05-22,5.15625,5.15625,5.101562976837158,1.7223763465881348,2347200
1985-05-23,5.140625,5.234375,5.125,1.7485918998718262,2652800
1985-05-24,5.203125,5.273437976837158,5.195312976837158,1.7695645093917847,2153600
1985-05-28,5.296875,5.3125,5.289062976837158,1.7826722860336304,2660800
1985-05-29,5.296875,5.3125,5.289062976837158,1.780051350593567,1113600
1985-05-30,5.304687976837158,5.3125,5.296875,1.780051350593567,577600
1985-05-31,5.304687976837158,5.375,5.296875,1.7931592464447021,1659200
1985-06-03,5.359375,5.367187976837158,5.335937976837158,1.7984007596969604,3176000
1985-06-04,5.351562976837158,5.429687976837158,5.34375,1.8219963312149048,1380800
1985-06-05,5.453125,5.515625,5.453125,1.8455904722213745,3355200
1985-06-06,5.476562976837158,5.601562976837158,5.46875,1.8796703815460205,3984000
1985-06-07,5.632812976837158,5.648437976837158,5.59375,1.8770498037338257,1324800
1985-06-10,5.53125,5.539062976837158,5.5,1.8508334159851074,2124800
1985-06-11,5.507812976837158,5.539062976837158,5.46875,1.840347170829773,2153600
1985-06-12,5.46875,5.484375,5.414062976837158,1.824617624282837,1233600
1985-06-13,5.414062976837158,5.429687976837158,5.234375,1.7590782642364502,1848000
1985-06-14,5.25,5.296875,5.234375,1.7721858024597168,1344000
1985-06-17,5.273437976837158,5.328125,5.257812976837158,1.7879164218902588,915200
1985-06-18,5.328125,5.421875,5.328125,1.8193758726119995,2718400
1985-06-19,5.40625,5.429687976837158,5.351562976837158,1.7957805395126343,1305600
1985-06-20,5.34375,5.421875,5.335937976837158,1.8036456108093262,908800
1985-06-21,5.34375,5.375,5.289062976837158,1.7957805395126343,3856000
1985-06-24,5.335937976837158,5.375,5.3125,1.7984007596969604,972800
1985-06-25,5.375,5.390625,5.34375,1.7984007596969604,1363200
1985-06-26,5.34375,5.367187976837158,5.34375,1.7931592464447021,1835200
1985-06-27,5.359375,5.398437976837158,5.34375,1.8088877201080322,1019200
1985-06-28,5.375,5.421875,5.367187976837158,1.814131498336792,1168000
1985-07-01,5.414062976837158,5.429687976837158,5.390625,1.8115099668502808,1769600
1985-07-02,5.390625,5.421875,5.382812976837158,1.8088877201080322,880000
1985-07-03,5.40625,5.40625,5.359375,1.7984007596969604,425600
1985-07-05,5.359375,5.398437976837158,5.351562976837158,1.8062667846679688,955200
1985-07-08,5.398437976837158,5.421875,5.375,1.8193758726119995,1510400
1985-07-09,5.40625,5.421875,5.390625,1.8193758726119995,1075200
1985-07-10,5.421875,5.453125,5.390625,1.8298600912094116,1248000
1985-07-11,5.484375,5.601562976837158,5.484375,1.869184970855713,1548800
1985-07-12,5.5625,5.59375,5.554687976837158,1.8718057870864868,1452800
1985-07-15,5.59375,5.609375,5.570312976837158,1.8718057870864868,904000
1985-07-16,5.59375,5.59375,5.476562976837158,1.8482121229171753,2336000
1985-07-17,5.492187976837158,5.507812976837158,5.359375,1.840347170829773,4171200
1985-07-18,5.46875,5.578125,5.460937976837158,1.8455904722213745,1592000
1985-07-19,5.515625,5.539062976837158,5.507812976837158,1.8508334159851074,611200
1985-07-22,5.507812976837158,5.546875,5.492187976837158,1.8586983680725098,612800
1985-07-23,5.539062976837158,5.5625,5.5,1.8482121229171753,1166400
1985-07-24,5.5,5.515625,5.382812976837158,1.8167535066604614,2033600
1985-07-25,5.414062976837158,5.429687976837158,5.367187976837158,1.8219963312149048,732800
1985-07-26,5.390625,5.398437976837158,5.28125,1.8036456108093262,1523200
1985-07-29,5.359375,5.367187976837158,5.242187976837158,1.7695645093917847,1704000
1985-07-30,5.273437976837158,5.296875,5.257812976837158,1.764321208000183,1315200
1985-07-31,5.265625,5.3125,5.265625,1.780051350593567,5014400
1985-08-01,5.296875,5.34375,5.289062976837158,1.7931592464447021,1820800
1985-08-02,5.34375,5.34375,5.296875,1.7774298191070557,1097600
1985-08-05,5.3125,5.328125,5.28125,1.7774298191070557,1747200
1985-08-06,5.28125,5.296875,5.234375,1.764321208000183,1233600
1985-08-07,5.179687976837158,5.257812976837158,5.171875,1.7381057739257812,1084800
1985-08-08,5.195312976837158,5.195312976837158,5.0625,1.7171319723129272,13828800
1985-08-09,5.1875,5.28125,5.109375,1.7579028606414795,7040000
1985-08-12,5.1875,5.203125,5.15625,1.7631983757019043,2484800
1985-08-13,5.234375,5.335937976837158,5.21875,1.7817308902740479,4532800
1985-08-14,5.296875,5.359375,5.289062976837158,1.8002625703811646,3747200
1985-08-15,5.320312976837158,5.40625,5.320312976837158,1.818794846534729,4993600
1985-08-16,5.367187976837158,5.46875,5.367187976837158,1.8293849229812622,4848000
1985-08-19,5.414062976837158,5.46875,5.398437976837158,1.8452707529067993,3934400
1985-08-20,5.476562976837158,5.5,5.4375,1.8479163646697998,3491200
1985-08-21,5.484375,5.492187976837158,5.46875,1.8585072755813599,3268800
1985-08-22,5.484375,5.5,5.390625,1.8293849229812622,3459200
1985-08-23,5.382812976837158,5.421875,5.375,1.8293849229812622,1582400
1985-08-26,5.382812976837158,5.398437976837158,5.359375,1.8161472082138062,694400
1985-08-27,5.34375,5.421875,5.34375,1.837328553199768,2744000
1985-08-28,5.414062976837158,5.445312976837158,5.40625,1.8452707529067993,1264000
1985-08-29,5.453125,5.460937976837158,5.421875,1.8505648374557495,873600
1985-08-30,5.445312976837158,5.460937976837158,5.390625,1.8346799612045288,1516800
1985-09-03,5.398437976837158,5.445312976837158,5.398437976837158,1.8426215648651123,816000
1985-09-04,5.429687976837158,5.445312976837158,5.414062976837158,1.8426215648651123,846400
1985-09-05,5.445312976837158,5.453125,5.40625,1.8320319652557373,481600
1985-09-06,5.40625,5.4375,5.398437976837158,1.837328553199768,988800
1985-09-09,5.429687976837158,5.429687976837158,5.398437976837158,1.8320319652557373,440000
1985-09-10,5.414062976837158,5.421875,5.382812976837158,1.8240902423858643,595200
1985-09-11,5.398437976837158,5.421875,5.3125,1.8002625703811646,849600
1985-09-12,5.289062976837158,5.289062976837158,5.1875,1.7658467292785645,2360000
1985-09-13,5.234375,5.242187976837158,5.203125,1.7737880945205688,864000
1985-09-16,5.234375,5.25,5.21875,1.779083251953125,857600
1985-09-17,5.25,5.25,5.21875,1.7764359712600708,1185600
1985-09-18,5.25,5.3125,5.234375,1.8002625703811646,1782400
1985-09-19,5.375,5.40625,5.351562976837158,1.8320319652557373,1339200
1985-09-20,5.421875,5.421875,5.351562976837158,1.818794846534729,880000
1985-09-23,5.453125,5.5,5.429687976837158,1.8479163646697998,1832000
1985-09-24,5.476562976837158,5.484375,5.460937976837158,1.8505648374557495,504000
1985-09-25,5.4375,5.4375,5.398437976837158,1.8320319652557373,601600
1985-09-26,5.382812976837158,5.390625,5.34375,1.826737642288208,638400
1985-09-30,5.421875,5.421875,5.367187976837158,1.8320319652557373,712000
1985-10-01,5.390625,5.539062976837158,5.390625,1.8770387172698975,1590400
1985-10-02,5.53125,5.554687976837158,5.46875,1.8611531257629395,1608000
1985-10-03,5.492187976837158,5.5625,5.46875,1.8849817514419556,2985600
1985-10-04,5.539062976837158,5.585937976837158,5.53125,1.8929235935211182,2216000
1985-10-07,5.53125,5.570312976837158,5.523437976837158,1.8743910789489746,1420800
1985-10-08,5.515625,5.570312976837158,5.515625,1.8849817514419556,1587200
1985-10-09,5.554687976837158,5.5625,5.507812976837158,1.8690967559814453,1779200
1985-10-10,5.507812976837158,5.507812976837158,5.453125,1.8479163646697998,1017600
1985-10-11,5.453125,5.53125,5.421875,1.8743910789489746,2504000
1985-10-14,5.53125,5.578125,5.515625,1.8902757167816162,443200
1985-10-15,5.578125,5.617187976837158,5.5625,1.9035133123397827,833600
1985-10-16,5.625,5.664062976837158,5.617187976837158,1.9193975925445557,3390400
1985-10-17,5.648437976837158,5.664062976837158,5.59375,1.9035133123397827,1260800
1985-10-18,5.625,5.625,5.5625,1.906160593032837,1115200
1985-10-21,5.625,5.625,5.601562976837158,1.9035133123397827,540800
1985-10-22,5.59375,5.664062976837158,5.59375,1.9193975925445557,1708800
1985-10-23,5.648437976837158,5.8125,5.632812976837158,1.964403510093689,4030400
1985-10-24,5.8125,5.8125,5.734375,1.9432258605957031,1558400
1985-10-25,5.75,5.75,5.726562976837158,1.9458717107772827,556800
1985-10-28,5.734375,5.75,5.71875,1.9379295110702515,1304000
1985-10-29,5.710937976837158,5.789062976837158,5.6875,1.9617573022842407,3683200
1985-10-30,5.804687976837158,5.890625,5.789062976837158,1.9935274124145508,2462400
1985-10-31,5.882812976837158,5.898437976837158,5.851562976837158,1.9855842590332031,1358400
1985-11-01,5.867187976837158,5.921875,5.859375,2.006762742996216,2958400
1985-11-04,5.90625,5.921875,5.875,1.9908785820007324,2020800
1985-11-05,5.875,5.984375,5.875,2.0279433727264404,3088000
1985-11-06,5.976562976837158,5.984375,5.9375,2.022648811340332,1128000
1985-11-07,5.96875,5.984375,5.921875,2.006762742996216,654400
1985-11-08,5.945312976837158,5.960937976837158,5.851562976837158,2.0318610668182373,788800
1985-11-11,5.976562976837158,6.203125,5.96875,2.119971513748169,1468800
1985-11-12,6.1875,6.25,6.09375,2.1253108978271484,2238400
1985-11-13,6.203125,6.265625,6.171875,2.1253108978271484,2216000
1985-11-14,6.164062976837158,6.226562976837158,6.140625,2.1173012256622314,2332800
1985-11-15,6.1875,6.210937976837158,6.140625,2.1039505004882812,1395200
1985-11-18,6.148437976837158,6.195312976837158,6.117187976837158,2.1119611263275146,1590400
1985-11-19,6.195312976837158,6.242187976837158,6.1875,2.114631414413452,2950400
1985-11-20,6.171875,6.179687976837158,6.132812976837158,2.09861159324646,1294400
1985-11-21,6.164062976837158,6.234375,6.15625,2.1173012256622314,2096000
1985-11-22,6.210937976837158,6.257812976837158,6.1875,2.119971513748169,2798400
1985-11-25,6.242187976837158,6.242187976837158,6.195312976837158,2.133321523666382,2166400
1985-11-26,6.242187976837158,6.367187976837158,6.234375,2.1493401527404785,1676800
1985-11-27,6.296875,6.515625,6.296875,2.218761920928955,1881600
1985-11-29,6.546875,6.578125,6.476562976837158,2.2160909175872803,1553600
1985-12-02,6.476562976837158,6.476562976837158,6.359375,2.194730281829834,1569600
1985-12-03,6.40625,6.484375,6.34375,2.197401285171509,1683200
1985-12-04,6.492187976837158,6.578125,6.476562976837158,2.2454607486724854,2708800
1985-12-05,6.5625,6.578125,6.390625,2.189391613006592,1894400
1985-12-06,6.28125,6.476562976837158,6.28125,2.210749626159668,2960000
1985-12-09,6.484375,6.640625,6.484375,2.2534706592559814,2707200
1985-12-10,6.609375,6.78125,6.578125,2.3068687915802,2649600
1985-12-11,6.734375,6.78125,6.640625,2.3042001724243164,2755200
1985-12-12,6.757812976837158,6.765625,6.75,2.3122103214263916,1664000
1985-12-13,6.765625,6.84375,6.71875,2.3255605697631836,4337600
1985-12-16,6.859375,6.921875,6.765625,2.3442511558532715,3457600
1985-12-17,6.867187976837158,6.867187976837158,6.6875,2.285510778427124,4014400
1985-12-18,6.695312976837158,6.78125,6.6875,2.3042001724243164,2556800
1985-12-19,6.75,6.84375,6.6875,2.322890281677246,2240000
1985-12-20,6.78125,6.835937976837158,6.734375,2.3068687915802,2825600
1985-12-23,6.734375,6.75,6.664062976837158,2.296190023422241,1428800
1985-12-24,6.703125,6.726562976837158,6.65625,2.2748308181762695,1284800
1985-12-26,6.648437976837158,6.734375,6.648437976837158,2.2988598346710205,857600
1985-12-27,6.734375,6.820312976837158,6.734375,2.328230142593384,729600
1985-12-30,6.84375,6.9375,6.820312976837158,2.3709490299224854,1033600
1985-12-31,6.984375,6.992187976837158,6.90625,2.381629228591919,752000
1986-01-02,6.960937976837158,6.96875,6.851562976837158,2.3442511558532715,1756800
1986-01-03,6.867187976837158,6.90625,6.828125,2.338911294937134,1907200
1986-01-06,6.859375,6.953125,6.8125,2.3762893676757812,1249600
1986-01-07,6.921875,7.03125,6.921875,2.400318145751953,2128000
1986-01-08,7.023437976837158,7.09375,6.6875,2.328230142593384,4769600
1986-01-09,6.75,6.8125,6.6875,2.2988598346710205,3464000
1986-01-10,6.765625,6.828125,6.6875,2.290851593017578,4051200
1986-01-13,6.695312976837158,6.726562976837158,6.640625,2.272160768508911,3000000
1986-01-14,6.640625,6.664062976837158,6.625,2.2694895267486572,1203200
1986-01-15,6.625,6.648437976837158,6.5625,2.2534706592559814,2699200
1986-01-16,6.5625,6.5625,6.46875,2.242791175842285,3748800
1986-01-17,6.625,6.632812976837158,6.546875,2.242791175842285,2278400
1986-01-20,6.5625,6.5625,6.53125,2.232109546661377,544000
1986-01-21,6.53125,6.554687976837158,6.421875,2.2160909175872803,1292800
1986-01-22,6.492187976837158,6.492187976837158,6.359375,2.173369884490967,1336000
1986-01-23,6.328125,6.398437976837158,6.28125,2.186721086502075,1524800
1986-01-24,6.414062976837158,6.484375,6.414062976837158,2.210749626159668,1364800
1986-01-27,6.5,6.578125,6.414062976837158,2.2374520301818848,1136000
1986-01-28,6.546875,6.632812976837158,6.539062976837158,2.2668206691741943,1772800
1986-01-29,6.679687976837158,6.726562976837158,6.648437976837158,2.272160768508911,2508800
1986-01-30,6.625,6.78125,6.609375,2.2641522884368896,1643200
1986-01-31,6.65625,6.8125,6.609375,2.328230142593384,1890400
1986-02-03,6.8125,7.125,6.796875,2.4350290298461914,2477600
1986-02-04,7.125,7.21875,7,2.44036865234375,1933600
1986-02-05,7.140625,7.140625,6.921875,2.413670778274536,1245600
1986-02-06,7.078125,7.15625,6.6875,2.3068687915802,1778400
1986-02-07,6.828125,6.828125,6.625,2.333571434020996,2868000
1986-02-10,6.984375,6.984375,6.734375,2.4067976474761963,1783200
1986-02-11,6.984375,7.125,6.9375,2.4444878101348877,1115200
1986-02-12,7.109375,7.125,7.015625,2.4175655841827393,695200
1986-02-13,7,7.078125,6.96875,2.4121806621551514,967200
1986-02-14,7,7.109375,6.984375,2.4391021728515625,1820000
1986-02-18,7.109375,7.1875,7.03125,2.476792573928833,2080000
1986-02-19,7.203125,7.203125,7.0625,2.4444878101348877,1327200
1986-02-20,7.046875,7.09375,6.96875,2.4444878101348877,1441600
1986-02-21,7.09375,7.140625,7.03125,2.4337193965911865,1496800
1986-02-24,7.0625,7.0625,6.96875,2.4337193965911865,1233600
1986-02-25,7.046875,7.09375,7.03125,2.4337193965911865,2602400
1986-02-26,7.09375,7.25,7.0625,2.498331308364868,2843200
1986-02-27,7.265625,7.5,7.203125,2.584480047225952,3132800
1986-02-28,7.484375,7.53125,7.390625,2.584480047225952,2988800
1986-03-03,7.5,7.515625,7.34375,2.568326234817505,1760000
1986-03-04,7.46875,7.46875,7.171875,2.4875614643096924,3734400
1986-03-05,7.125,7.171875,6.953125,2.4552555084228516,2477600
1986-03-06,7.125,7.140625,7.03125,2.4229507446289062,1855200
1986-03-07,7.046875,7.21875,7.03125,2.466024875640869,2608000
1986-03-10,7.125,7.21875,7.046875,2.4552555084228516,987200
1986-03-11,7.203125,7.34375,7.203125,2.525252103805542,1676800
1986-03-12,7.375,7.484375,7.34375,2.557559013366699,3520000
1986-03-13,7.453125,7.484375,7.40625,2.568326234817505,2264000
1986-03-14,7.46875,7.625,7.359375,2.5790977478027344,2892000
1986-03-17,7.5,7.5,7.359375,2.584480047225952,2356800
1986-03-18,7.5,7.5,7.328125,2.5521740913391113,2213600
1986-03-19,7.5625,8.40625,7.5625,2.891387939453125,16925600
1986-03-20,8.375,8.71875,8.25,3.004457712173462,10368000
1986-03-21,8.671875,8.890625,8.515625,2.939845561981201,6516000
1986-03-24,8.75,8.875,8.59375,3.0475337505340576,6672800
1986-03-25,8.828125,9.078125,8.734375,3.1013762950897217,4994400
1986-03-26,8.96875,9.34375,8.96875,3.2036776542663574,5643200
1986-03-27,9.3125,9.53125,9.3125,3.2521374225616455,4919200
1986-03-31,9.453125,9.5,9.21875,3.209061861038208,3499200
1986-04-01,9.3125,9.375,9.09375,3.187525510787964,4059200
1986-04-02,9.21875,9.234375,9.09375,3.149837017059326,2850400
1986-04-03,9.109375,9.140625,8.765625,3.0206098556518555,6160800
1986-04-04,8.75,8.796875,8.609375,2.9990735054016113,4372800
1986-04-07,8.65625,8.75,8.578125,3.009843349456787,3346400
1986-04-08,8.75,8.8125,8.71875,3.0367653369903564,5224800
1986-04-09,8.9375,8.96875,8.609375,2.9775359630584717,3895200
1986-04-10,8.671875,8.859375,8.640625,3.015226125717163,3309600
1986-04-11,8.859375,8.875,8.59375,2.972153425216675,2260800
1986-04-14,8.5625,8.796875,8.546875,3.009843349456787,1248800
1986-04-15,8.75,8.765625,8.671875,3.004457712173462,1764800
1986-04-16,8.84375,9.3125,8.828125,3.1982920169830322,5686400
1986-04-17,9.28125,9.28125,9.109375,3.1444509029388428,1993600
1986-04-18,9.171875,9.1875,8.9375,3.1444509029388428,2671200
1986-04-21,9.125,9.21875,9.0625,3.176757335662842,1957600
1986-04-22,9.21875,9.25,9.015625,3.1229143142700195,1784000
1986-04-23,8.921875,8.953125,8.78125,3.063685655593872,3255200
1986-04-24,8.890625,8.890625,8.8125,3.0367653369903564,2214400
1986-04-25,8.8125,8.875,8.671875,3.009843349456787,3076000
1986-04-28,8.734375,8.75,8.640625,2.988304853439331,1775200
1986-04-29,8.703125,8.71875,8.578125,2.9829213619232178,1448800
1986-04-30,8.625,8.625,8.34375,2.90215802192688,2602400
1986-05-01,8.40625,8.4375,8.296875,2.8806166648864746,2018400
1986-05-02,8.359375,8.65625,8.34375,2.929077386856079,2149600
1986-05-05,8.5,8.703125,8.5,2.988304853439331,2408000
1986-05-06,8.671875,8.6875,8.546875,2.966769218444824,1386400
1986-05-07,8.671875,8.671875,8.359375,2.9829213619232178,1595200
1986-05-08,8.703125,9.046875,8.703125,3.063685655593872,3257600
1986-05-09,8.828125,8.875,8.75,3.0615193843841553,1656000
1986-05-12,8.796875,8.796875,8.578125,3.0073328018188477,1660800
1986-05-13,8.703125,8.703125,8.484375,2.969403028488159,1153600
1986-05-14,8.6875,8.6875,8.53125,2.969403028488159,1228000
1986-05-15,8.625,8.8125,8.625,3.034425973892212,3452800
1986-05-16,8.75,8.859375,8.6875,3.0290064811706543,2068000
1986-05-19,8.78125,8.78125,8.5625,2.9910776615142822,2283200
1986-05-20,8.59375,8.71875,8.5,3.0235886573791504,2584800
1986-05-21,8.703125,8.734375,8.5,2.9477291107177734,1816800
1986-05-22,8.515625,8.75,8.484375,3.0290064811706543,2779200
1986-05-23,8.8125,8.921875,8.765625,3.039841413497925,3044800
1986-05-27,8.84375,9.1875,8.84375,3.1644716262817383,2423200
1986-05-28,9.140625,9.171875,9.0625,3.1644716262817383,3629600
1986-05-29,9.15625,9.71875,9.140625,3.3378686904907227,3569600
1986-05-30,9.59375,9.6875,9.4375,3.283682346343994,2876000
1986-06-02,9.40625,9.5,9.234375,3.2511696815490723,2125600
1986-06-03,9.25,9.3125,9.1875,3.1969847679138184,1678400
1986-06-04,9.28125,9.296875,9.171875,3.1969847679138184,2028000
1986-06-05,9.28125,9.546875,9.21875,3.3107733726501465,3217600
1986-06-06,9.6875,9.84375,9.59375,3.343287229537964,2591200
1986-06-09,9.625,9.65625,9.28125,3.2457504272460938,3762400
1986-06-10,9.3125,9.515625,9.28125,3.2674248218536377,2216800
1986-06-11,9.5,9.5,9.359375,3.289099931716919,3173600
1986-06-12,9.53125,9.8125,9.484375,3.402891159057617,3224800
1986-06-13,9.875,10.203125,9.875,3.5058441162109375,4211200
1986-06-16,10.109375,10.109375,9.953125,3.451657772064209,4806400
1986-06-17,9.953125,9.953125,9.703125,3.392054557800293,2104000
1986-06-18,9.8125,9.984375,9.703125,3.424567461013794,1348800
1986-06-19,9.9375,10.03125,9.75,3.3866353034973145,2797600
1986-06-20,9.78125,9.875,9.640625,3.392054557800293,3106400
1986-06-23,9.84375,10.0625,9.8125,3.462496042251587,4081600
1986-06-24,9.96875,10.0625,9.90625,3.4570765495300293,2557600
1986-06-25,10.015625,10.15625,10.015625,3.4895896911621094,3001600
1986-06-26,10.078125,10.078125,9.9375,3.462496042251587,1603200
1986-06-27,9.984375,10.015625,9.875,3.451657772064209,1281600
1986-06-30,9.984375,10.1875,9.96875,3.5058441162109375,1896800
1986-07-01,10.109375,10.3125,10.078125,3.5762879848480225,2437600
1986-07-02,10.296875,10.4375,10.25,3.5708701610565186,2876800
1986-07-03,10.3125,10.34375,10.203125,3.5654518604278564,2915200
1986-07-07,10.25,10.25,9.84375,3.4408233165740967,2781600
1986-07-08,9.8125,9.8125,9.515625,3.332449436187744,3290400
1986-07-09,9.640625,9.765625,9.578125,3.359541893005371,2820800
1986-07-10,9.71875,9.78125,9.515625,3.3487048149108887,2530400
1986-07-11,9.65625,9.6875,9.546875,3.3270316123962402,1512800
1986-07-14,9.5,9.5,9.328125,3.2511696815490723,1740000
1986-07-15,9.3125,9.34375,9.0625,3.1698904037475586,4305600
1986-07-16,9.21875,9.296875,9.15625,3.2078208923339844,2328800
1986-07-17,9.375,9.5625,9.375,3.2999377250671387,4493600
1986-07-18,9.546875,9.609375,9.453125,3.3161933422088623,3116800
1986-07-21,9.546875,9.5625,9.5,3.3161933422088623,1274400
1986-07-22,9.515625,9.78125,9.5,3.392054557800293,3258400
1986-07-23,9.75,10,9.75,3.4354031085968018,2424800
1986-07-24,9.90625,9.921875,9.6875,3.381216526031494,1072000
1986-07-25,9.703125,9.75,9.625,3.354124069213867,3232000
1986-07-28,9.625,9.65625,9.296875,3.3053579330444336,1430400
1986-07-29,9.375,9.421875,9.234375,3.2457504272460938,1960000
1986-07-30,9.34375,9.609375,9.25,3.2945163249969482,2655200
1986-07-31,9.515625,9.515625,9.3125,3.262007474899292,1812800
1986-08-01,9.375,9.4375,9.25,3.2186574935913086,2069600
1986-08-04,9.125,9.359375,9.109375,3.2403323650360107,2504000
1986-08-05,9.359375,9.359375,9.25,3.224076271057129,1464000
1986-08-06,9.28125,9.28125,9.1875,3.2186574935913086,922400
1986-08-07,9.25,9.421875,9.25,3.2186574935913086,2455200
1986-08-08,9.265625,9.34375,9.25,3.2403323650360107,820000
1986-08-11,9.5,9.5,9.296875,3.314469814300537,1608000
1986-08-12,9.515625,9.59375,9.46875,3.347181558609009,2397600
1986-08-13,9.671875,9.9375,9.625,3.4671130180358887,3151200
1986-08-14,9.90625,10.125,9.890625,3.5216293334960938,2982400
1986-08-15,10.0625,10.0625,9.953125,3.4943692684173584,1847200
1986-08-18,10.046875,10.09375,9.984375,3.505272388458252,2385600
1986-08-19,10.046875,10.046875,9.890625,3.4671130180358887,944000
1986-08-20,9.953125,10.296875,9.875,3.5924973487854004,1728000
1986-08-21,10.203125,10.265625,9.984375,3.488917827606201,1436000
1986-08-22,10.03125,10.09375,10,3.499821424484253,975200
1986-08-25,10,10,9.65625,3.3689866065979004,1295200
1986-08-26,9.6875,9.96875,9.6875,3.4780144691467285,2012800
1986-08-27,10,10.03125,9.859375,3.4507558345794678,1031200
1986-08-28,9.875,9.9375,9.75,3.4016952514648438,1544000
1986-08-29,9.8125,9.859375,9.671875,3.3962440490722656,1268800
1986-09-02,9.734375,9.734375,9.375,3.2981178760528564,2087200
1986-09-03,9.375,9.5,9.375,3.314469814300537,1512000
1986-09-04,9.5,9.5625,9.421875,3.330825090408325,1683200
1986-09-05,9.5625,9.5625,9.1875,3.2272486686706543,3412000
1986-09-08,9.15625,9.1875,8.828125,3.1345748901367188,3577600
1986-09-09,9.171875,9.171875,8.828125,3.1018662452697754,2955200
1986-09-10,8.96875,8.96875,8.8125,3.080061912536621,2696000
1986-09-11,8.671875,8.71875,8.171875,2.9274203777313232,4975200
1986-09-12,8.34375,8.421875,8,2.8183913230895996,7517600
1986-09-15,8.203125,8.296875,8.046875,2.878356695175171,3327200
1986-09-16,8.0625,8.328125,8.046875,2.905616521835327,3287200
1986-09-17,8.359375,8.4375,8.15625,2.8674545288085938,2270400
1986-09-18,8.1875,8.265625,8.125,2.8838083744049072,2455200
1986-09-19,8.203125,8.328125,8.1875,2.9001643657684326,2805600
1986-09-22,8.34375,8.5625,8.34375,2.9873874187469482,3419200
1986-09-23,8.65625,8.671875,8.546875,3.0146420001983643,2296800
1986-09-24,8.640625,8.78125,8.59375,3.009193181991577,2557600
1986-09-25,8.625,8.6875,8.296875,2.9383251667022705,2350400
1986-09-26,8.359375,8.4375,8.21875,2.8947110176086426,850400
1986-09-29,8.171875,8.21875,8.078125,2.8565521240234375,1803200
1986-09-30,8.21875,8.390625,8.109375,2.8510994911193848,1516000
1986-10-01,8.203125,8.53125,8.140625,2.9655818939208984,3243200
1986-10-02,8.515625,8.59375,8.515625,2.998288631439209,1536800
1986-10-03,8.609375,8.703125,8.40625,3.0146420001983643,2141600
1986-10-06,8.640625,8.71875,8.546875,3.0309975147247314,1728800
1986-10-07,8.640625,8.65625,8.5625,3.0200958251953125,1671200
1986-10-08,8.625,8.796875,8.609375,3.0528042316436768,1608800
1986-10-09,8.734375,8.9375,8.71875,3.0582518577575684,1778400
1986-10-10,8.71875,8.71875,8.46875,2.9928364753723145,1400800
1986-10-13,8.5625,8.578125,8.4375,2.971031904220581,720800
1986-10-14,8.578125,8.640625,8.484375,2.998288631439209,1015200
1986-10-15,8.578125,8.859375,8.5625,3.080061912536621,1205600
1986-10-16,8.859375,8.859375,8.734375,3.0528042316436768,1719200
1986-10-17,8.75,8.78125,8.609375,3.0255472660064697,936800
1986-10-20,8.578125,8.625,8.453125,3.009193181991577,2766400
1986-10-21,8.59375,8.6875,8.453125,3.009193181991577,1681600
1986-10-22,8.609375,8.65625,8.546875,2.9928364753723145,843200
1986-10-23,8.546875,8.6875,8.5,3.0255472660064697,3253600
1986-10-24,8.703125,8.75,8.6875,3.0528042316436768,1577600
1986-10-27,8.75,8.875,8.75,3.0964133739471436,1443200
1986-10-28,8.828125,8.921875,8.8125,3.0964133739471436,794400
1986-10-29,8.859375,9.03125,8.859375,3.118220806121826,1136800
1986-10-30,9.125,9.25,9.09375,3.194540023803711,2556000
1986-10-31,9.1875,9.375,9.171875,3.2599575519561768,4108800
1986-11-03,9.25,9.34375,9.234375,3.2545058727264404,2459200
1986-11-04,9.28125,9.453125,9.25,3.2872142791748047,2696000
1986-11-05,9.34375,9.40625,9.25,3.2272486686706543,3508000
1986-11-06,9.28125,9.34375,9.15625,3.2054450511932373,2208800
1986-11-07,9.328125,9.328125,9.125,3.2745556831359863,1448800
1986-11-10,9.25,9.28125,9.203125,3.258098602294922,1061600
1986-11-11,9.25,9.375,9.234375,3.2910070419311523,977600
1986-11-12,9.359375,9.5,9.359375,3.3348889350891113,1986400
1986-11-13,9.4375,9.4375,9.125,3.208735466003418,1503200
1986-11-14,9.171875,9.25,9.125,3.247129201889038,762400
1986-11-17,9.1875,9.3125,9.125,3.247129201889038,1047200
1986-11-18,9.1875,9.203125,8.9375,3.1703405380249023,1557600
1986-11-19,8.90625,9.1875,8.875,3.2251904010772705,1792000
1986-11-20,9.1875,9.3125,9.171875,3.2690699100494385,2328800
1986-11-21,9.296875,9.40625,9.21875,3.301978826522827,1857600
1986-11-24,9.375,9.53125,9.359375,3.2964928150177,6840000
1986-11-25,9.421875,9.46875,9.375,3.301978826522827,1681600
1986-11-26,9.3125,9.390625,9.28125,3.2964928150177,1306400
1986-11-28,9.390625,9.421875,9.328125,3.2964928150177,896000
1986-12-01,9.265625,9.390625,9.1875,3.2964928150177,1154400
1986-12-02,9.5,9.609375,9.375,3.345860004425049,3190400
1986-12-03,9.609375,9.8125,9.578125,3.3952267169952393,3307200
1986-12-04,9.640625,9.71875,9.59375,3.378770589828491,1688800
1986-12-05,9.59375,9.671875,9.46875,3.323920488357544,1512800
1986-12-08,9.453125,9.515625,9.3125,3.3074636459350586,1974400
1986-12-09,9.390625,9.4375,9.375,3.301978826522827,636000
1986-12-10,9.390625,9.5625,9.390625,3.351346492767334,1624800
1986-12-11,9.578125,9.640625,9.46875,3.345860004425049,1781600
1986-12-12,9.46875,9.515625,9.40625,3.323920488357544,911200
1986-12-15,9.390625,9.5,9.296875,3.3348889350891113,1924000
1986-12-16,9.484375,9.484375,9.296875,3.301978826522827,1594400
1986-12-17,9.34375,9.390625,9.21875,3.241645097732544,2297600
1986-12-18,9.21875,9.296875,9.203125,3.258098602294922,2051200
1986-12-19,9.265625,9.40625,9.25,3.301978826522827,3482400
1986-12-22,9.328125,9.390625,9.21875,3.258098602294922,1732000
1986-12-23,9.25,9.3125,9.1875,3.247129201889038,2685600
1986-12-24,9.21875,9.375,9.203125,3.2910070419311523,2992800
1986-12-26,9.328125,9.421875,9.296875,3.301978826522827,1889600
1986-12-29,9.484375,9.484375,9.34375,3.2910070419311523,2564000
1986-12-30,9.34375,9.359375,9.21875,3.28552508354187,2968000
1986-12-31,9.3125,9.328125,9.171875,3.258098602294922,1505600
1987-01-02,9.25,9.34375,9.25,3.258098602294922,1018400
1987-01-05,9.3125,9.5,9.3125,3.3348889350891113,4803200
1987-01-06,9.515625,9.703125,9.515625,3.3952267169952393,3864000
1987-01-07,9.65625,9.828125,9.59375,3.4445900917053223,2856000
1987-01-08,9.90625,10,9.796875,3.510408639907837,4862400
1987-01-09,9.96875,10.15625,9.875,3.510408639907837,4612000
1987-01-12,10.046875,10.109375,9.96875,3.510408639907837,3380800
1987-01-13,10.109375,10.1875,10.015625,3.5158956050872803,4232000
1987-01-14,10.078125,10.1875,9.984375,3.570746421813965,6289600
1987-01-15,10.234375,10.25,10.078125,3.565260648727417,3129600
1987-01-16,10.21875,10.375,10.140625,3.5926854610443115,5309600
1987-01-19,10.171875,10.3125,10.03125,3.6201112270355225,3411200
1987-01-20,10.359375,10.40625,10.09375,3.576231002807617,4292800
1987-01-21,10.109375,10.25,10.0625,3.565260648727417,2125600
1987-01-22,10.125,10.4375,10.109375,3.6530215740203857,2596800
1987-01-23,10.46875,11,10.421875,3.658505916595459,7192800
1987-01-26,10.453125,10.5,10.3125,3.631082534790039,1785600
1987-01-27,10.421875,10.625,10.421875,3.7133545875549316,3908000
1987-01-28,10.765625,10.9375,10.75,3.839512348175049,4319200
1987-01-29,10.984375,11.09375,10.875,3.8175714015960693,3792000
1987-01-30,10.875,10.875,10.65625,3.7956295013427734,2079200
1987-02-02,10.8125,10.984375,10.8125,3.8285417556762695,2439200
1987-02-03,10.96875,11,10.8125,3.80660080909729,1553600
1987-02-04,10.875,10.984375,10.8125,3.855966806411743,2185600
1987-02-05,11.109375,11.125,10.703125,3.839512348175049,4650400
1987-02-06,10.84375,10.859375,10.703125,3.7956295013427734,3306400
1987-02-09,10.625,10.78125,10.625,3.7514963150024414,1536800
1987-02-10,10.53125,10.625,10.328125,3.6852939128875732,3348800
1987-02-11,10.5,10.5625,10.421875,3.718395233154297,1846400
1987-02-12,10.546875,10.65625,10.5,3.7514963150024414,4061600
1987-02-13,10.625,10.96875,10.625,3.8232176303863525,2780000
1987-02-17,10.9375,11.15625,10.9375,3.917001962661743,3729600
1987-02-18,11.25,11.28125,10.96875,3.9004523754119873,3984000
1987-02-19,11.0625,11.171875,11,3.883903980255127,2847200
1987-02-20,11.03125,11.15625,10.96875,3.9335556030273438,1857600
1987-02-23,11.21875,11.3125,10.875,3.9666545391082764,2247200
1987-02-24,11.25,11.59375,11.234375,4.093543529510498,4286400
1987-02-25,11.53125,11.765625,11.5,4.148712158203125,5644000
1987-02-26,11.75,11.90625,11.65625,4.19284725189209,2897600
1987-02-27,11.875,11.9375,11.734375,4.1652655601501465,2436800
1987-03-02,11.765625,11.96875,11.75,4.19284725189209,2685600
1987-03-03,12,12.25,11.953125,4.319736003875732,4676000
1987-03-04,12.1875,12.375,12.15625,4.363875865936279,6234400
1987-03-05,12.40625,12.625,12.3125,4.408005714416504,5504000
1987-03-06,12.359375,12.484375,12.1875,4.408005714416504,4224000
1987-03-09,12.1875,12.3125,11.96875,4.292152404785156,3424800
1987-03-10,12.28125,12.328125,12.15625,4.325254440307617,3268800
1987-03-11,12.3125,12.359375,12.0625,4.281120300292969,3318400
1987-03-12,12.25,12.25,11.984375,4.242501735687256,2067200
1987-03-13,12.046875,12.0625,11.71875,4.154226303100586,2308800
1987-03-16,11.734375,11.8125,11.53125,4.170780658721924,2426400
1987-03-17,11.71875,11.984375,11.625,4.2314677238464355,2980000
1987-03-18,12.078125,12.109375,11.546875,4.187332630157471,3624000
1987-03-19,11.921875,12.015625,11.828125,4.2314677238464355,2407200
1987-03-20,12,12,11.859375,4.19284725189209,3644800
1987-03-23,11.921875,12.15625,11.90625,4.292152404785156,4561600
1987-03-24,12.0625,12.109375,11.96875,4.242501735687256,3246400
1987-03-25,12.015625,12.125,11.90625,4.281120300292969,3468000
1987-03-26,12.359375,12.46875,12.296875,4.380424499511719,4128000
1987-03-27,12.375,12.375,11.828125,4.19284725189209,3548800
1987-03-30,11.25,11.6875,11.171875,4.082507133483887,6042400
1987-03-31,11.609375,11.734375,11.375,4.038373947143555,6494400
1987-04-01,11.3125,11.75,11.3125,4.126646518707275,3594400
1987-04-02,11.8125,12.28125,11.8125,4.225951671600342,7372000
1987-04-03,12,12.171875,11.953125,4.281120300292969,3391200
1987-04-06,12.34375,12.375,12.21875,4.369390487670898,3688000
1987-04-07,12.25,12.359375,11.9375,4.214916229248047,4548800
1987-04-08,12.03125,12.109375,11.84375,4.236983776092529,4466400
1987-04-09,11.953125,11.984375,11.6875,4.1652655601501465,2364800
1987-04-10,11.6875,11.75,11.578125,4.104579925537109,2987200
1987-04-13,11.5625,11.59375,11.25,3.9832069873809814,2547200
1987-04-14,11.125,11.171875,10.90625,3.917001962661743,5496800
1987-04-15,11.28125,11.296875,11.0625,3.939070463180542,3804800
1987-04-16,11.1875,11.40625,11.171875,3.994241952896118,2562400
1987-04-20,11.3125,11.421875,11.140625,3.955620050430298,2544000
1987-04-21,11.4375,11.546875,11.203125,4.076992988586426,2864800
1987-04-22,11.5,11.578125,11.328125,4.016308307647705,3555200
1987-04-23,11.34375,11.40625,10.984375,3.917001962661743,2034400
1987-04-24,11.015625,11.15625,10.9375,3.917001962661743,2940800
1987-04-27,11,11.28125,10.703125,3.872868061065674,4008000
1987-04-28,10.921875,11.15625,10.890625,3.861834764480591,4364800
1987-04-29,10.984375,11.25,10.953125,3.9280385971069336,2865600
1987-04-30,11.09375,11.46875,11.078125,4.016308307647705,4186400
1987-05-01,11.375,11.5,11.265625,4.060441017150879,3529600
1987-05-04,11.46875,11.609375,11.328125,4.099061489105225,2525600
1987-05-05,11.625,12.171875,11.625,4.297671794891357,4152000
1987-05-06,12.03125,12.140625,11.9375,4.2314677238464355,4038400
1987-05-07,11.90625,12.015625,11.8125,4.170780658721924,2246400
1987-05-08,11.96875,11.96875,11.375,4.021823883056641,2882400
1987-05-11,10.828125,11.5625,10.8125,3.8443119525909424,3476800
1987-05-12,10.90625,11,10.875,3.899783134460449,3501600
1987-05-13,11.15625,11.1875,11.015625,3.9719038009643555,3469600
1987-05-14,11.25,11.25,11.0625,3.9441635608673096,1964000
1987-05-15,11.046875,11.046875,10.765625,3.838761568069458,3956800
1987-05-18,10.625,10.765625,10.5,3.7943849563598633,3845600
1987-05-19,10.71875,10.75,10.421875,3.7000789642333984,3783200
1987-05-20,10.421875,10.53125,10.328125,3.6889851093292236,4022400
1987-05-21,10.5,10.515625,10.40625,3.7000789642333984,2168800
1987-05-22,10.453125,10.59375,10.359375,3.7333641052246094,2192800
1987-05-26,10.703125,10.859375,10.59375,3.8554060459136963,2908000
1987-05-27,10.84375,10.890625,10.75,3.8609507083892822,2260800
1987-05-28,10.9375,10.96875,10.734375,3.8775925636291504,2171200
1987-05-29,11,11.109375,10.984375,3.9053330421447754,1536000
1987-06-01,11.15625,11.21875,11.078125,3.9608049392700195,1826400
1987-06-02,11.15625,11.25,11.109375,3.9940860271453857,2557600
1987-06-03,11.1875,11.546875,11.1875,4.099486351013184,3768800
1987-06-04,11.453125,11.546875,11.40625,4.071750164031982,2016800
1987-06-05,11.296875,11.359375,11.15625,3.9608049392700195,1251200
1987-06-08,11.15625,11.484375,11.125,4.055107116699219,1789600
1987-06-09,11.453125,11.625,11.421875,4.082843780517578,2422400
1987-06-10,11.59375,11.796875,11.515625,4.17160177230835,3528800
1987-06-11,11.75,11.75,11.640625,4.1327714920043945,1067200
1987-06-12,11.71875,11.78125,11.65625,4.160508155822754,1329600
1987-06-15,11.71875,11.75,11.5625,4.1383161544799805,1273600
1987-06-16,11.625,11.65625,11.578125,4.1383161544799805,1475200
1987-06-17,11.65625,11.65625,11.53125,4.105034351348877,1140000
1987-06-18,11.546875,11.5625,11.4375,4.071750164031982,1141600
1987-06-19,11.5,11.546875,11.46875,4.093939781188965,2664800
1987-06-22,11.578125,11.703125,11.5625,4.1383161544799805,2478400
1987-06-23,11.59375,11.671875,11.53125,4.1438679695129395,1862400
1987-06-24,11.640625,11.6875,11.5625,4.1327714920043945,1116000
1987-06-25,11.65625,11.75,11.515625,4.105034351348877,1294400
1987-06-26,11.53125,11.8125,11.5,4.193793773651123,3159200
1987-06-29,11.875,11.9375,11.84375,4.227076053619385,3345600
1987-06-30,11.921875,11.984375,11.640625,4.166054725646973,3156800
1987-07-01,11.734375,11.734375,11.59375,4.1438679695129395,2516000
1987-07-02,11.703125,11.859375,11.6875,4.18269681930542,2901600
1987-07-06,11.78125,11.875,11.765625,4.215980529785156,2579200
1987-07-07,11.875,11.984375,11.859375,4.2548136711120605,3311200
1987-07-08,11.953125,11.984375,11.8125,4.2104339599609375,2211200
1987-07-09,11.8125,11.84375,11.625,4.149411678314209,1998400
1987-07-10,11.71875,11.75,11.625,4.1327714920043945,1376800
1987-07-13,11.515625,11.578125,11.40625,4.077296733856201,3392800
1987-07-14,11.484375,11.5,11.375,4.049562454223633,2659200
1987-07-15,11.25,11.40625,11.25,4.027372360229492,2860000
1987-07-16,11.375,11.609375,11.34375,4.121678829193115,2494400
1987-07-17,11.75,11.75,11.53125,4.1438679695129395,2427200
1987-07-20,11.65625,11.71875,11.578125,4.1327714920043945,1752800
1987-07-21,11.546875,11.734375,11.46875,4.071750164031982,1988800
1987-07-22,11.53125,11.53125,11.265625,4.038468360900879,1714400
1987-07-23,11.375,11.4375,11.140625,4.016275405883789,1420800
1987-07-24,11.34375,11.484375,11.3125,4.077296733856201,1125600
1987-07-27,11.421875,11.5,11.375,4.066205024719238,947200
1987-07-28,11.546875,11.671875,11.484375,4.1438679695129395,1436000
1987-07-29,11.703125,11.875,11.5625,4.204886436462402,2887200
1987-07-30,11.8125,11.96875,11.703125,4.249267101287842,3064800
1987-07-31,11.9375,12,11.84375,4.260358810424805,3328800
1987-08-03,11.6875,11.84375,11.671875,4.1438679695129395,2427200
1987-08-04,11.6875,11.765625,11.609375,4.154959201812744,2172000
1987-08-05,11.859375,11.875,11.71875,4.17160177230835,2870400
1987-08-06,11.859375,12.046875,11.703125,4.2548136711120605,3601600
1987-08-07,12.0625,12.328125,12,4.354665756225586,6542400
1987-08-10,12.375,12.375,12.171875,4.416001796722412,4643200
1987-08-11,12.5,12.78125,12.453125,4.549817085266113,5032800
1987-08-12,12.5625,12.71875,12.53125,4.482906818389893,4076800
1987-08-13,12.6875,12.78125,12.640625,4.5386643409729,3561600
1987-08-14,12.59375,12.84375,12.59375,4.544240474700928,2383200
1987-08-17,12.765625,12.859375,12.765625,4.566544055938721,1576800
1987-08-18,12.640625,12.6875,12.46875,4.471756935119629,3092800
1987-08-19,12.4375,12.5,12.375,4.4327239990234375,1809600
1987-08-20,12.59375,12.59375,12.5,4.482906818389893,2394400
1987-08-21,12.578125,12.671875,12.46875,4.4884843826293945,2348000
1987-08-24,12.625,12.640625,12.453125,4.455029010772705,1349600
1987-08-25,12.5,12.75,12.5,4.5386643409729,1807200
1987-08-26,12.734375,12.78125,12.5,4.466180801391602,2299200
1987-08-27,12.578125,12.578125,12.234375,4.388117790222168,1766400
1987-08-28,12.25,12.25,12.078125,4.310059070587158,1244000
1987-08-31,11.96875,12.328125,11.96875,4.382544994354248,2242400
1987-09-01,12.28125,12.5,12.1875,4.376968860626221,3560000
1987-09-02,12.109375,12.1875,11.875,4.276604175567627,2752000
1987-09-03,11.953125,11.984375,11.65625,4.248725891113281,2553600
1987-09-04,11.921875,12.03125,11.640625,4.165089130401611,1571200
1987-09-08,11.640625,11.671875,11.296875,4.153937816619873,4460800
1987-09-09,11.671875,11.671875,11.5,4.109332084655762,2581600
1987-09-10,11.75,11.796875,11.671875,4.20412015914917,2775200
1987-09-11,12.4375,13.03125,12.421875,4.650182723999023,9840000
1987-09-14,13.4375,13.46875,12.953125,4.6669087409973145,5292000
1987-09-15,13.046875,13.046875,12.5625,4.510787010192871,3086400
1987-09-16,12.640625,12.90625,12.375,4.460604190826416,6124800
1987-09-17,12.515625,12.640625,12.421875,4.477333068847656,3008000
1987-09-18,12.65625,12.6875,12.375,4.42714786529541,5119200
1987-09-21,12.453125,12.46875,11.8125,4.237574100494385,4320800
1987-09-22,11.84375,12.078125,11.765625,4.3044819831848145,5923200
1987-09-23,12.09375,12.125,11.9375,4.310059070587158,5850400
1987-09-24,12.125,12.4375,12.078125,4.337940216064453,3688800
1987-09-25,12.28125,12.28125,11.953125,4.3212080001831055,2616000
1987-09-28,12.34375,12.359375,12.09375,4.349091053009033,3416800
1987-09-29,12.265625,12.265625,12,4.315633296966553,2596800
1987-09-30,12.125,12.203125,11.90625,4.293333530426025,2335200
1987-10-01,12.09375,12.328125,12.09375,4.382544994354248,2752000
1987-10-02,12.375,12.5625,12.359375,4.460604190826416,3542400
1987-10-05,12.5625,12.609375,12.484375,4.499634742736816,2118400
1987-10-06,12.640625,12.640625,12.0625,4.3044819831848145,2762400
1987-10-07,12.078125,12.125,11.875,4.282181262969971,3131200
1987-10-08,12,12,11.625,4.1706647872924805,2483200
1987-10-09,11.6875,11.765625,11.59375,4.165089130401611,2087200
1987-10-12,11.609375,11.625,11.34375,4.092604637145996,1828800
1987-10-13,11.71875,11.734375,11.5,4.1706647872924805,2716800
1987-10-14,11.625,11.625,11.09375,4.0145440101623535,4040000
1987-10-15,10.90625,11.03125,10.640625,3.819390058517456,5923200
1987-10-16,10.6875,10.71875,10,3.6298182010650635,6067200
1987-10-19,8.875,9.5,7.609375,2.7655739784240723,15837600
1987-10-20,8.84375,8.875,7.21875,2.9774527549743652,12518400
1987-10-21,8.875,9.3125,8.875,3.1893317699432373,8164000
1987-10-22,8.1875,9.1875,8.15625,3.2785446643829346,5955200
1987-10-23,8.90625,9.1875,8.78125,3.1614532470703125,3435200
1987-10-26,8.5,8.59375,8.125,2.9384236335754395,3562400
1987-10-27,8.75,8.78125,8.25,3.033210039138794,3114400
1987-10-28,8.21875,8.875,8.21875,3.1670289039611816,5192000
1987-10-29,9.125,9.625,8.890625,3.3844828605651855,4948000
1987-10-30,9.859375,9.90625,9.625,3.434666156768799,3764800
1987-11-02,9.609375,9.84375,9.390625,3.4569687843322754,2463200
1987-11-03,9.546875,9.5625,9.25,3.4067881107330322,2511200
1987-11-04,9.25,9.53125,9.25,3.3119983673095703,3121600
1987-11-05,9.1875,9.8125,9.1875,3.4458186626434326,2831200
1987-11-06,9.59375,9.671875,9.3125,3.3840832710266113,1569600
1987-11-09,9.34375,9.34375,8.90625,3.198885917663574,1966400
1987-11-10,8.6875,8.84375,8.5625,3.0754189491271973,3897600
1987-11-11,8.75,8.875,8.75,3.1427652835845947,2883200
1987-11-12,9.09375,9.21875,8.875,3.2437829971313477,3051200
1987-11-13,9,9,8.6875,3.120316505432129,2222400
1987-11-16,8.84375,8.9375,8.6875,3.187659978866577,1541600
1987-11-17,8.75,8.78125,8.484375,3.1259284019470215,2418400
1987-11-18,8.71875,8.84375,8.5625,3.1652133464813232,1949600
1987-11-19,8.875,8.875,8.6875,3.1427652835845947,2599200
1987-11-20,8.5625,8.703125,8.546875,3.1090924739837646,3479200
1987-11-23,8.5625,8.6875,8.546875,3.092256784439087,903200
1987-11-24,8.75,8.875,8.75,3.182049036026001,2043200
1987-11-25,8.859375,9,8.828125,3.210108995437622,1598400
1987-11-27,9,9,8.75,3.1427652835845947,1136000
1987-11-30,8.4375,8.53125,8.140625,3.0080738067626953,3711200
1987-12-01,8.53125,8.546875,8.34375,3.0417470932006836,2072800
1987-12-02,8.375,8.515625,8.265625,3.0080738067626953,1900000
1987-12-03,8.328125,8.359375,8.015625,2.8789970874786377,3008800
1987-12-04,8.03125,8.03125,7.78125,2.8004283905029297,2653600
1987-12-07,7.921875,8.234375,7.875,2.9575653076171875,1716000
1987-12-08,8.21875,8.421875,8.125,3.0249104499816895,1552000
1987-12-09,8.34375,8.859375,8.34375,3.1315393447875977,2884000
1987-12-10,8.46875,8.71875,8.4375,3.0754189491271973,2484800
1987-12-11,8.53125,8.625,8.46875,3.0754189491271973,1273600
1987-12-14,8.6875,8.890625,8.6875,3.187659978866577,2537600
1987-12-15,8.96875,9.09375,8.953125,3.2325594425201416,3123200
1987-12-16,9.0625,9.15625,8.90625,3.2718420028686523,1783200
1987-12-17,9.0625,9.109375,8.953125,3.2213356494903564,2392800
1987-12-18,9.109375,9.234375,9.015625,3.316739559173584,3909600
1987-12-21,9.234375,9.5625,9.1875,3.423367977142334,2708000
1987-12-22,9.515625,10,9.40625,3.524385452270508,3636800
1987-12-23,9.875,9.90625,9.625,3.5412240028381348,3504800
1987-12-24,9.859375,9.875,9.71875,3.4907116889953613,1042400
1987-12-28,9.375,9.59375,9.34375,3.423367977142334,4290400
1987-12-29,9.5,9.9375,9.453125,3.518773078918457,3764800
1987-12-30,9.875,9.90625,9.6875,3.518773078918457,1837600
1987-12-31,9.703125,9.796875,9.6875,3.5019357204437256,1513600
1988-01-04,9.78125,10.0625,9.78125,3.58050537109375,3507200
1988-01-05,10.0625,10.265625,10.0625,3.6815261840820312,3644000
1988-01-06,10.234375,10.28125,10.1875,3.675912380218506,3740000
1988-01-07,10,10.21875,10,3.6646888256073,3188800
1988-01-08,10.140625,10.1875,9.75,3.5019357204437256,2609600
1988-01-11,9.75,9.9375,9.6875,3.479490041732788,3308000
1988-01-12,9.65625,9.6875,9.515625,3.4458160400390625,3882400
1988-01-13,9.546875,9.75,9.5,3.4626526832580566,2129600
1988-01-14,9.640625,9.734375,9.53125,3.4458160400390625,1736800
1988-01-15,9.8125,9.90625,9.71875,3.518773078918457,3976000
1988-01-18,9.84375,9.890625,9.640625,3.485102891921997,4932800
1988-01-19,9.671875,9.796875,9.546875,3.4514267444610596,1764800
1988-01-20,9.640625,9.6875,9.375,3.3840832710266113,1704000
1988-01-21,9.484375,9.53125,9.328125,3.395307779312134,2270400
1988-01-22,9.453125,9.5625,9.453125,3.434593439102173,715200
1988-01-25,9.71875,9.71875,9.625,3.4907116889953613,1627200
1988-01-26,9.703125,9.78125,9.53125,3.4570422172546387,1129600
1988-01-27,9.6875,9.8125,9.5,3.4514267444610596,1856800
1988-01-28,9.578125,9.640625,9.53125,3.4570422172546387,2780800
1988-01-29,9.65625,9.671875,9.453125,3.434593439102173,1522400
1988-02-01,9.5625,9.5625,9.421875,3.389695644378662,976000
1988-02-02,9.375,9.4375,9.21875,3.3223490715026855,2252000
1988-02-03,9.265625,9.28125,8.953125,3.2381694316864014,2103200
1988-02-04,9.015625,9.03125,8.84375,3.187659978866577,2167200
1988-02-05,8.921875,9.0625,8.921875,3.2381694316864014,1604000
1988-02-08,8.984375,9.046875,8.859375,3.2213356494903564,1828000
1988-02-09,8.9375,9.125,8.9375,3.3039309978485107,1062400
1988-02-10,9.140625,9.53125,9.09375,3.417081832885742,1996000
1988-02-11,9.40625,9.671875,9.375,3.4680001735687256,2163200
1988-02-12,9.5,9.5625,9.46875,3.4397082328796387,1249600
1988-02-16,9.5,9.625,9.421875,3.4849693775177,1008000
1988-02-17,9.671875,9.671875,9.34375,3.434054136276245,1355200
1988-02-18,9.40625,9.46875,9.28125,3.4283955097198486,1840000
1988-02-19,9.4375,9.5,9.421875,3.434054136276245,1359200
1988-02-22,9.625,9.734375,9.5625,3.513256549835205,2616000
1988-02-23,9.734375,9.890625,9.734375,3.5585179328918457,3198400
1988-02-24,9.875,9.984375,9.859375,3.592461347579956,2210400
1988-02-25,9.921875,10.015625,9.8125,3.5528581142425537,2971200
1988-02-26,9.765625,9.828125,9.6875,3.5245699882507324,968800
1988-02-29,9.8125,9.859375,9.78125,3.5585179328918457,2355200
1988-03-01,9.890625,9.890625,9.765625,3.5641748905181885,2320800
1988-03-02,9.875,9.890625,9.734375,3.547198534011841,1159200
1988-03-03,9.8125,9.828125,9.65625,3.5245699882507324,1291200
1988-03-04,9.734375,9.75,9.53125,3.479311943054199,1810400
1988-03-07,9.578125,9.625,9.53125,3.4510252475738525,1117600
1988-03-08,9.578125,9.71875,9.578125,3.4906275272369385,1516800
1988-03-09,9.734375,9.859375,9.671875,3.54154634475708,2081600
1988-03-10,9.84375,9.96875,9.703125,3.513256549835205,3863200
1988-03-11,9.6875,9.828125,9.640625,3.5585179328918457,3131200
1988-03-14,9.9375,10.125,9.90625,3.6603493690490723,3491200
1988-03-15,10.078125,10.171875,10.046875,3.6546924114227295,5044800
1988-03-16,10.125,10.28125,10.125,3.7112667560577393,3672800
1988-03-17,10.359375,10.5,10.328125,3.773498058319092,5344000
1988-03-18,10.5625,10.625,10.421875,3.830071449279785,5344800
1988-03-21,10.6875,10.875,10.625,3.8640167713165283,7802400
1988-03-22,10.625,10.640625,10.453125,3.7961249351501465,2428800
1988-03-23,10.484375,10.71875,10.421875,3.8696749210357666,3533600
1988-03-24,10.6875,10.828125,10.59375,3.9149317741394043,6906400
1988-03-25,10.78125,10.9375,10.609375,3.880985975265503,3812000
1988-03-28,10.3125,10.6875,10.3125,3.847045660018921,4208000
1988-03-29,10.625,10.734375,10.59375,3.8696749210357666,1672000
1988-03-30,10.625,10.734375,10.53125,3.824416399002075,2350400
1988-03-31,10.515625,10.578125,10.4375,3.8017849922180176,1957600
1988-04-04,10.40625,10.453125,10.234375,3.7112667560577393,1613600
1988-04-05,10.15625,10.203125,10.09375,3.6942946910858154,3264800
1988-04-06,10.203125,10.40625,10.203125,3.7282371520996094,4069600
1988-04-07,10.296875,10.328125,10.25,3.7225840091705322,2847200
1988-04-08,10.296875,10.40625,10.234375,3.7678403854370117,4798400
1988-04-11,10.40625,10.40625,10.265625,3.7508678436279297,2318400
1988-04-12,10.328125,10.328125,10.1875,3.699951648712158,3664800
1988-04-13,10.25,10.359375,10.0625,3.6546924114227295,3774400
1988-04-14,9.9375,10,9.734375,3.5358850955963135,2955200
1988-04-15,9.71875,9.75,9.5625,3.5245699882507324,3586400
1988-04-18,9.6875,9.9375,9.59375,3.592461347579956,4183200
1988-04-19,9.921875,10.09375,9.90625,3.598118782043457,4756800
1988-04-20,9.90625,9.9375,9.640625,3.501941680908203,1597600
1988-04-21,9.703125,9.859375,9.625,3.507598876953125,3216000
1988-04-22,9.71875,9.796875,9.703125,3.54154634475708,2412000
1988-04-25,9.9375,10,9.921875,3.609433174133301,2774400
1988-04-26,10,10.171875,10,3.6660072803497314,5742400
1988-04-27,10.109375,10.25,10.109375,3.6942946910858154,2619200
1988-04-28,10.1875,10.1875,10.0625,3.6603493690490723,1744000
1988-04-29,10.09375,10.125,9.953125,3.6207473278045654,1780000
1988-05-02,9.96875,10,9.9375,3.6150901317596436,1884800
1988-05-03,9.96875,9.984375,9.953125,3.609433174133301,1169600
1988-05-04,10,10,9.890625,3.592461347579956,1724000
1988-05-05,9.890625,10,9.890625,3.6207473278045654,2295200
1988-05-06,9.984375,10.046875,9.859375,3.5754899978637695,2041600
1988-05-09,9.796875,9.8125,9.640625,3.5219192504882812,3055200
1988-05-10,9.6875,9.734375,9.59375,3.510519027709961,1501600
1988-05-11,9.546875,9.609375,9.3125,3.396543264389038,3066400
1988-05-12,9.375,9.390625,9.34375,3.413640260696411,1327200
1988-05-13,9.375,9.4375,9.359375,3.430737018585205,1715200
1988-05-16,9.390625,9.5,9.375,3.442133665084839,1296800
1988-05-17,9.5,9.515625,9.296875,3.396543264389038,1551200
1988-05-18,9.296875,9.34375,8.984375,3.2939651012420654,2372000
1988-05-19,9.0625,9.1875,8.984375,3.3224563598632812,2330400
1988-05-20,9.171875,9.28125,9.140625,3.3794467449188232,1149600
1988-05-23,9.21875,9.296875,9.125,3.385143280029297,1121600
1988-05-24,9.3125,9.40625,9.296875,3.4193387031555176,2336800
1988-05-25,9.375,9.53125,9.375,3.45923113822937,1818400
1988-05-26,9.40625,9.671875,9.40625,3.5219192504882812,3579200
1988-05-27,9.65625,9.75,9.65625,3.550410270690918,2581600
1988-05-31,9.828125,9.984375,9.796875,3.6415956020355225,2902400
1988-06-01,10.046875,10.234375,9.96875,3.7156832218170166,5163200
1988-06-02,10.15625,10.296875,10.140625,3.7555737495422363,4334400
1988-06-03,10.265625,10.40625,10.265625,3.795464277267456,2468000
1988-06-06,10.375,10.453125,10.34375,3.795464277267456,1442400
1988-06-07,10.40625,10.421875,10.25,3.7441771030426025,1481600
1988-06-08,10.234375,10.609375,10.234375,3.823958158493042,2506400
1988-06-09,10.515625,10.59375,10.46875,3.835358142852783,1964800
1988-06-10,10.546875,10.625,10.53125,3.8410568237304688,2202400
1988-06-13,10.5625,10.5625,10.40625,3.8182599544525146,1099200
1988-06-14,10.546875,10.625,10.53125,3.858154058456421,2578400
1988-06-15,10.515625,10.625,10.484375,3.8752498626708984,1154400
1988-06-16,10.5,10.5,10.40625,3.8068630695343018,2008800
1988-06-17,10.453125,10.453125,10.140625,3.7612740993499756,4177600
1988-06-20,10.25,10.25,10.140625,3.709984064102173,925600
1988-06-21,10.203125,10.234375,10.0625,3.7156832218170166,1993600
1988-06-22,10.328125,10.5625,10.328125,3.8467557430267334,2929600
1988-06-23,10.515625,10.53125,10.390625,3.8125617504119873,908000
1988-06-24,10.421875,10.5625,10.421875,3.8182599544525146,1264800
1988-06-27,10.453125,10.59375,10.34375,3.7783689498901367,1808000
1988-06-28,10.359375,10.421875,10.265625,3.772669792175293,1767200
1988-06-29,10.375,10.390625,10.21875,3.727078914642334,1124800
1988-06-30,10.296875,10.5,10.171875,3.8182599544525146,1708800
1988-07-01,10.5625,10.640625,10.546875,3.8524551391601562,4032800
1988-07-05,10.5625,10.640625,10.515625,3.8752498626708984,2076000
1988-07-06,10.671875,10.6875,10.5,3.8752498626708984,2444000
1988-07-07,10.59375,10.65625,10.46875,3.8410568237304688,1346400
1988-07-08,10.46875,10.5625,10.453125,3.8182599544525146,1532800
1988-07-11,10.46875,10.578125,10.4375,3.835358142852783,1172000
1988-07-12,10.5,10.578125,10.4375,3.8068630695343018,1371200
1988-07-13,10.390625,10.515625,10.34375,3.823958158493042,1536800
1988-07-14,10.5,10.546875,10.46875,3.8467557430267334,1251200
1988-07-15,10.546875,10.625,10.546875,3.8695530891418457,1368000
1988-07-18,10.578125,10.59375,10.484375,3.8524551391601562,1368000
1988-07-19,10.546875,10.5625,10.375,3.8182599544525146,2324000
1988-07-20,10.453125,10.484375,10.328125,3.795464277267456,2052000
1988-07-21,10.40625,10.421875,10.25,3.7441771030426025,1048800
1988-07-22,10.234375,10.25,10.171875,3.7156832218170166,1293600
1988-07-25,10.1875,10.234375,10.125,3.7042829990386963,2034400
1988-07-26,10.171875,10.203125,10.125,3.6928863525390625,742400
1988-07-27,10.125,10.15625,10.0625,3.6700921058654785,1881600
1988-07-28,10.09375,10.171875,10.046875,3.7042829990386963,1413600
1988-07-29,10.140625,10.578125,10.140625,3.8182599544525146,2956800
1988-08-01,10.46875,10.59375,10.421875,3.8410568237304688,1920000
1988-08-02,10.5,10.578125,10.484375,3.8296618461608887,1172000
1988-08-03,10.484375,10.71875,10.46875,3.8980469703674316,2235200
1988-08-04,10.6875,10.734375,10.5,3.8296618461608887,1747200
1988-08-05,10.53125,10.5625,10.5,3.8410568237304688,777600
1988-08-08,10.53125,10.640625,10.5,3.8296618461608887,704800
1988-08-09,10.421875,10.5,10.359375,3.827363967895508,1129600
1988-08-10,10.390625,10.40625,10.21875,3.7585055828094482,1152800
1988-08-11,10.265625,10.28125,10.09375,3.7355544567108154,2860000
1988-08-12,10.1875,10.1875,10.078125,3.701122283935547,944800
1988-08-15,10.078125,10.15625,10.078125,3.7183380126953125,978400
1988-08-16,10.078125,10.375,10.0625,3.787198305130005,1732000
1988-08-17,10.28125,10.46875,10.28125,3.821624517440796,2055200
1988-08-18,10.375,10.578125,10.375,3.884744882583618,1880800
1988-08-19,10.578125,10.59375,10.53125,3.8790059089660645,956000
1988-08-22,10.5,10.5,10.375,3.821624517440796,1336800
1988-08-23,10.46875,10.5,10.375,3.8560562133789062,1685600
1988-08-24,10.5,10.53125,10.4375,3.8560562133789062,3306400
1988-08-25,10.40625,10.453125,10.296875,3.8158888816833496,1158400
1988-08-26,10.40625,10.453125,10.375,3.8388400077819824,958400
1988-08-29,10.4375,10.59375,10.4375,3.890484571456909,1608000
1988-08-30,10.578125,10.59375,10.484375,3.8790059089660645,1048800
1988-08-31,10.59375,10.59375,10.421875,3.827363967895508,794400
1988-09-01,10.390625,10.390625,10.203125,3.7699825763702393,1427200
1988-09-02,10.28125,10.53125,10.28125,3.8560562133789062,1893600
1988-09-06,10.484375,10.6875,10.46875,3.9249119758605957,2325600
1988-09-07,10.6875,10.84375,10.671875,3.9650793075561523,3296800
1988-09-08,10.796875,10.921875,10.765625,3.9593400955200195,2273600
1988-09-09,10.765625,10.9375,10.65625,3.9937705993652344,1890400
1988-09-12,10.90625,10.921875,10.75,3.9708189964294434,1252000
1988-09-13,10.75,10.796875,10.703125,3.9593400955200195,2002400
1988-09-14,10.875,10.90625,10.78125,4.005247116088867,1754400
1988-09-15,10.90625,10.953125,10.78125,3.9593400955200195,1572800
1988-09-16,10.796875,10.953125,10.78125,4.022461414337158,2299200
1988-09-19,10.953125,10.96875,10.765625,3.9937705993652344,885600
1988-09-20,10.84375,10.890625,10.796875,3.9880292415618896,476800
1988-09-21,10.890625,11.1875,10.875,4.085582256317139,2558400
1988-09-22,11.125,11.1875,11.0625,4.097057342529297,1956000
1988-09-23,11.109375,11.234375,11.0625,4.108536243438721,1653600
1988-09-26,11.15625,11.1875,11.0625,4.079843521118164,1157600
1988-09-27,11.09375,11.09375,10.9375,4.016722202301025,1181600
1988-09-28,10.921875,10.984375,10.890625,4.033939361572266,1525600
1988-09-29,10.984375,11.171875,10.96875,4.091319561004639,2054400
1988-09-30,11.09375,11.21875,10.953125,4.039675235748291,1508000
1988-10-03,11,11,10.875,4.016722202301025,1620800
1988-10-04,10.96875,11.015625,10.875,3.9937705993652344,2464000
1988-10-05,10.90625,11.078125,10.859375,4.039675235748291,2664800
1988-10-06,11.015625,11.125,11.015625,4.085582256317139,1724800
1988-10-07,11.125,11.3125,11.109375,4.14296293258667,2709600
1988-10-10,11.25,11.453125,11.1875,4.20608377456665,1492000
1988-10-11,11.4375,11.453125,11.390625,4.200345993041992,2158400
1988-10-12,11.375,11.375,11.25,4.131484508514404,1999200
1988-10-13,11.25,11.46875,11.21875,4.165916919708252,2235200
1988-10-14,11.375,11.453125,11.3125,4.194607257843018,1444000
1988-10-17,11.375,11.40625,11.296875,4.160179615020752,1234400
1988-10-18,11.34375,11.34375,11.1875,4.120012283325195,1510400
1988-10-19,11.25,11.28125,10.96875,4.079843521118164,1956800
1988-10-20,11.09375,11.171875,11.09375,4.1027960777282715,2301600
1988-10-21,11.125,11.234375,11,4.1257476806640625,3015200
1988-10-24,11.234375,11.234375,11.171875,4.1027960777282715,1110400
1988-10-25,11.21875,11.28125,11.203125,4.1372270584106445,1049600
1988-10-26,11.265625,11.390625,11.265625,4.14296293258667,1750400
1988-10-27,11.296875,11.296875,11.15625,4.108536243438721,1359200
1988-10-28,11.21875,11.234375,11.1875,4.108536243438721,1032000
1988-10-31,11.1875,11.21875,11.078125,4.114272594451904,2026400
1988-11-01,11.140625,11.1875,11,4.045413970947266,1428000
1988-11-02,11,11.125,10.96875,4.085582256317139,1738400
1988-11-03,11.15625,11.234375,11.15625,4.114272594451904,1410400
1988-11-04,11.140625,11.3125,11.0625,4.085582256317139,1595200
1988-11-07,11.125,11.125,11.03125,4.051153182983398,664800
1988-11-08,10.953125,11.03125,10.890625,4.0257391929626465,1260000
1988-11-09,10.890625,10.90625,10.703125,3.973757028579712,1761600
1988-11-10,10.78125,10.8125,10.734375,3.991083860397339,1259200
1988-11-11,10.765625,10.765625,10.5625,3.9391028881073,2191200
1988-11-14,10.734375,10.734375,10.609375,3.956430435180664,1284000
1988-11-15,10.6875,10.75,10.671875,3.973757028579712,1284800
1988-11-16,10.71875,10.75,10.609375,3.9275505542755127,1488800
1988-11-17,10.625,10.828125,10.625,3.991083860397339,1888800
1988-11-18,10.828125,11.046875,10.8125,4.066171646118164,1298400
1988-11-21,10.96875,10.96875,10.8125,4.043066501617432,1183200
1988-11-22,10.90625,10.953125,10.828125,4.0257391929626465,1031200
1988-11-23,10.875,11.0625,10.859375,4.089274883270264,739200
1988-11-25,10.96875,10.984375,10.921875,4.043066501617432,787200
1988-11-28,10.890625,10.9375,10.84375,4.03729248046875,1320800
1988-11-29,10.875,10.96875,10.859375,4.043066501617432,1364000
1988-11-30,10.984375,11.0625,10.984375,4.07194709777832,1556800
1988-12-01,11,11.03125,10.953125,4.048840522766113,1202400
1988-12-02,10.90625,11.046875,10.890625,4.066171646118164,906400
1988-12-05,10.984375,11.125,10.96875,4.077719688415527,1232800
1988-12-06,11.015625,11.25,11,4.158581256866455,1889600
1988-12-07,11.25,11.46875,11.234375,4.158581256866455,2805600
1988-12-08,11.1875,11.21875,11.078125,4.095047473907471,1088000
1988-12-09,11.078125,11.09375,11,4.077719688415527,1110400
1988-12-12,11.015625,11.09375,10.953125,4.060395240783691,1011200
1988-12-13,10.96875,11.125,10.953125,4.106600284576416,988000
1988-12-14,11.125,11.15625,11.078125,4.112375259399414,715200
1988-12-15,11.109375,11.109375,11.046875,4.083498477935791,673600
1988-12-16,11.046875,11.140625,11.015625,4.1181511878967285,1983200
1988-12-19,11.109375,11.34375,11.09375,4.147032260894775,1233600
1988-12-20,11.25,11.3125,11,4.066171646118164,1145600
1988-12-21,11,11.078125,10.96875,4.077719688415527,1809600
1988-12-22,11.0625,11.0625,10.921875,4.060395240783691,895200
1988-12-23,10.96875,11.015625,10.9375,4.066171646118164,228000
1988-12-27,10.96875,10.984375,10.890625,4.0257391929626465,507200
1988-12-28,10.90625,10.953125,10.78125,3.991083860397339,3334400
1988-12-29,10.796875,10.921875,10.796875,4.0026350021362305,1372800
1988-12-30,10.84375,10.890625,10.671875,3.9506537914276123,1620000
1989-01-03,10.6875,10.78125,10.59375,3.956430435180664,2343200
1989-01-04,10.75,10.875,10.75,4.008411884307861,1728800
1989-01-05,10.875,10.921875,10.84375,4.019961833953857,2252800
1989-01-06,10.90625,10.9375,10.828125,4.019961833953857,1276000
1989-01-09,10.875,10.921875,10.8125,4.0026350021362305,1519200
1989-01-10,10.859375,10.875,10.75,3.991083860397339,1517600
1989-01-11,10.796875,10.875,10.78125,3.9968597888946533,1536800
1989-01-12,10.8125,10.96875,10.8125,4.03729248046875,2293600
1989-01-13,10.96875,11,10.9375,4.054616928100586,1807200
1989-01-16,10.953125,11.0625,10.953125,4.07194709777832,1402400
1989-01-17,10.984375,11,10.90625,4.03729248046875,1341600
1989-01-18,10.921875,11,10.90625,4.03729248046875,1739200
1989-01-19,10.9375,11.015625,10.90625,4.03729248046875,1776800
1989-01-20,10.921875,10.984375,10.90625,4.060395240783691,1204000
1989-01-23,11,11.09375,10.875,4.019961833953857,1808000
1989-01-24,10.859375,11.0625,10.8125,4.089274883270264,3276800
1989-01-25,11.0625,11.140625,11.03125,4.077719688415527,3457600
1989-01-26,11,11.265625,10.984375,4.147032260894775,3153600
1989-01-27,11.28125,11.421875,11.25,4.193238735198975,2794400
1989-01-30,11.4375,11.5,11.390625,4.2509918212890625,1935200
1989-01-31,11.5,11.734375,11.46875,4.337630271911621,3430400
1989-02-01,11.6875,11.734375,11.625,4.3087544441223145,1431200
1989-02-02,11.671875,11.6875,11.5625,4.274099826812744,923200
1989-02-03,11.5,11.9375,11.5,4.412718296051025,2960000
1989-02-06,11.90625,11.921875,11.828125,4.383839130401611,3212800
1989-02-07,11.84375,12.359375,11.828125,4.568665981292725,4956000
1989-02-08,12.359375,12.359375,12.09375,4.482028961181641,2746400
1989-02-09,11.984375,12.109375,11.828125,4.414557456970215,1515200
1989-02-10,11.75,11.828125,11.609375,4.338944435119629,2238400
1989-02-13,11.625,11.703125,11.59375,4.34476375579834,1603200
1989-02-14,11.75,11.78125,11.6875,4.356396198272705,1126400
1989-02-15,11.6875,11.8125,11.53125,4.304050445556641,3825600
1989-02-16,11.59375,11.6875,11.578125,4.338944435119629,3183200
1989-02-17,11.6875,11.859375,11.671875,4.408743381500244,2704000
1989-02-21,11.90625,12,11.90625,4.46108865737915,2477600
1989-02-22,11.96875,12.03125,11.734375,4.373845100402832,2234400
1989-02-23,11.71875,11.75,11.640625,4.368027687072754,1557600
1989-02-24,11.734375,11.734375,11.5,4.298233985900879,2420000
1989-02-27,11.5,11.546875,11.453125,4.28660249710083,849600
1989-02-28,11.515625,11.6875,11.515625,4.350580215454102,1580000
1989-03-01,11.8125,12.015625,11.796875,4.408743381500244,2706400
1989-03-02,11.859375,12.140625,11.84375,4.501802444458008,2636800
1989-03-03,12.09375,12.140625,12.015625,4.49598503112793,1396000
1989-03-06,12.078125,12.234375,12.078125,4.548333644866943,1551200
1989-03-07,12.1875,12.359375,12.1875,4.577415943145752,2296000
1989-03-08,12.359375,12.578125,12.34375,4.647211074829102,3178400
1989-03-09,12.453125,12.484375,12.421875,4.6413960456848145,1592000
1989-03-10,12.375,12.4375,12.328125,4.606499195098877,1760000
1989-03-13,12.359375,12.71875,12.359375,4.7344536781311035,2326400
1989-03-14,12.671875,12.703125,12.59375,4.693741321563721,2255200
1989-03-15,12.625,12.65625,12.5625,4.687921524047852,2746400
1989-03-16,12.59375,12.9375,12.59375,4.792619228363037,2559200
1989-03-17,12.53125,12.71875,12.515625,4.699559688568115,3840800
1989-03-20,12.5,12.546875,12.328125,4.623946666717529,3604000
1989-03-21,12.453125,12.578125,12.4375,4.6413960456848145,3248800
1989-03-22,12.5,12.640625,12.453125,4.699559688568115,1632000
1989-03-23,12.625,12.640625,12.515625,4.699559688568115,3205600
1989-03-27,12.5625,12.71875,12.53125,4.722823143005371,1873600
1989-03-28,12.75,12.859375,12.75,4.775169849395752,2728800
1989-03-29,12.78125,12.859375,12.765625,4.75771951675415,1501600
1989-03-30,12.6875,12.78125,12.671875,4.751905918121338,1355200
1989-03-31,12.71875,12.859375,12.703125,4.786800384521484,1952000
1989-04-03,12.78125,12.828125,12.671875,4.728639125823975,1421600
1989-04-04,12.734375,12.734375,12.609375,4.722823143005371,1424000
1989-04-05,12.734375,12.78125,12.703125,4.746084690093994,1680000
1989-04-06,12.78125,12.859375,12.6875,4.786800384521484,2024800
1989-04-07,12.8125,13.046875,12.8125,4.827516078948975,1819200
1989-04-10,13,13.109375,13,4.874044895172119,1047200
1989-04-11,13.0625,13.25,13.046875,4.914760589599609,2128800
1989-04-12,13.234375,13.296875,13.203125,4.914760589599609,2615200
1989-04-13,13.140625,13.15625,12.90625,4.815882205963135,2353600
1989-04-14,13.15625,13.1875,13.046875,4.897312164306641,2668000
1989-04-17,13.15625,13.265625,13.125,4.926392078399658,1863200
1989-04-18,13.28125,13.328125,13.203125,4.920576095581055,2842400
1989-04-19,13.15625,13.21875,13.125,4.9031267166137695,2127200
1989-04-20,13.171875,13.203125,12.984375,4.908941745758057,1744800
1989-04-21,13.1875,13.25,13.1875,4.920576095581055,1150400
1989-04-24,13.21875,13.40625,13.21875,4.978740692138672,1783200
1989-04-25,13.40625,13.71875,13.40625,5.095066070556641,2876800
1989-04-26,13.703125,13.71875,13.546875,5.048532962799072,1225600
1989-04-27,13.5625,13.671875,13.53125,5.071801662445068,2602400
1989-04-28,13.609375,13.625,13.484375,5.025265216827393,1625600
1989-05-01,13.46875,13.5625,13.375,5.048532962799072,1228000
1989-05-02,13.5625,13.59375,13.3125,4.955474376678467,1454400
1989-05-03,13.28125,13.5625,13.28125,5.025265216827393,1349200
1989-05-04,13.53125,13.625,13.5,5.036900997161865,1331200
1989-05-05,13.625,13.65625,13.5,5.036900997161865,1311200
1989-05-08,13.5625,13.5625,13.40625,5.0020060539245605,778800
1989-05-09,13.375,13.4375,13.15625,4.928211688995361,1206000
1989-05-10,13.09375,13.5,13.09375,5.056971073150635,1114800
1989-05-11,13.5625,13.65625,13.5,5.115504741668701,1318800
1989-05-12,13.875,14.34375,13.84375,5.349626541137695,4386800
1989-05-15,14.28125,14.625,14.1875,5.47838830947876,2874000
1989-05-16,14.40625,14.53125,14.25,5.396446228027344,2099200
1989-05-17,14.46875,14.46875,14.28125,5.408157825469971,2115600
1989-05-18,14.34375,14.375,14.25,5.361331462860107,1357600
1989-05-19,14.375,14.40625,14.3125,5.3847432136535645,2383600
1989-05-22,14.53125,14.53125,14.3125,5.4315667152404785,1865200
1989-05-23,14.3125,14.375,13.9375,5.267681121826172,2253600
1989-05-24,13.84375,13.96875,13.6875,5.232563495635986,2620000
1989-05-25,13.875,14.09375,13.875,5.244268417358398,1197600
1989-05-26,14,14.09375,13.875,5.232563495635986,1439600
1989-05-30,13.90625,14.03125,13.625,5.115504741668701,1682800
1989-05-31,13.6875,13.90625,13.6875,5.18574333190918,1520000
1989-06-01,13.875,14,13.8125,5.232563495635986,1418800
1989-06-02,14.03125,14.15625,14.03125,5.29109525680542,2934800
1989-06-05,14.15625,14.1875,13.9375,5.220858573913574,1871200
1989-06-06,14,14.1875,13.9375,5.29109525680542,1228400
1989-06-07,14.15625,14.28125,14.15625,5.349626541137695,1288000
1989-06-08,14.375,14.40625,14.125,5.326213836669922,979600
1989-06-09,14.1875,14.25,14.125,5.337920188903809,1018800
1989-06-12,14.25,14.25,13.96875,5.314504146575928,1040000
1989-06-13,13.9375,14,13.78125,5.197448253631592,1539200
1989-06-14,13.90625,13.90625,13.65625,5.1506242752075195,1983600
1989-06-15,13.5625,13.65625,13.4375,5.068681240081787,2332800
1989-06-16,13.25,13.71875,13.25,5.127211093902588,3455600
1989-06-19,13.59375,13.78125,13.59375,5.1506242752075195,738400
1989-06-20,13.8125,13.875,13.6875,5.127211093902588,648400
1989-06-21,13.6875,13.75,13.5,5.103799819946289,918000
1989-06-22,13.53125,13.71875,13.53125,5.138915538787842,1073200
1989-06-23,13.78125,14.40625,13.78125,5.3847432136535645,2250400
1989-06-26,14.3125,14.40625,14.09375,5.302797317504883,741600
1989-06-27,14.125,14.25,14.125,5.302797317504883,829200
1989-06-28,14.125,14.125,13.84375,5.267681121826172,1722000
1989-06-29,13.90625,13.90625,13.59375,5.115504741668701,822000
1989-06-30,13.6875,13.71875,13.375,5.103799819946289,1500000
1989-07-03,13.625,13.6875,13.59375,5.115504741668701,646400
1989-07-05,13.65625,13.90625,13.59375,5.197448253631592,1078800
1989-07-06,13.875,14.09375,13.875,5.267681121826172,1117600
1989-07-07,14.15625,14.40625,14.03125,5.396446228027344,4262800
1989-07-10,14.40625,14.4375,14.28125,5.396446228027344,1703200
1989-07-11,14.40625,14.53125,14.3125,5.3847432136535645,1924800
1989-07-12,14.40625,14.5,14.28125,5.3847432136535645,1728000
1989-07-13,14.375,14.4375,14.375,5.396446228027344,838800
1989-07-14,14.375,14.5625,14.15625,5.4315667152404785,2868800
1989-07-17,14.5,14.78125,14.4375,5.513510227203369,1505600
1989-07-18,14.6875,14.875,14.625,5.548626899719238,2778000
1989-07-19,14.8125,15,14.78125,5.6071553230285645,2124000
1989-07-20,15.1875,15.1875,15,5.618861675262451,2853200
1989-07-21,14.875,15,14.84375,5.618861675262451,1669200
1989-07-24,14.9375,15.0625,14.90625,5.6071553230285645,1989200
1989-07-25,15.03125,15.125,14.875,5.5954484939575195,1442000
1989-07-26,15,15.75,14.9375,5.864684104919434,3166000
1989-07-27,16,16.0625,15.75,5.946628570556641,7282000
1989-07-28,15.9375,15.96875,15.75,5.89980411529541,2430400
1989-07-31,15.9375,15.9375,15.6875,5.970040798187256,2351600
1989-08-01,15.9375,15.96875,15.6875,5.89980411529541,1828400
1989-08-02,15.6875,15.84375,15.625,5.888099670410156,1874000
1989-08-03,15.71875,15.8125,15.65625,5.888099670410156,1028800
1989-08-04,15.5625,15.625,15.1875,5.782745361328125,2164800
1989-08-07,15.375,15.78125,15.34375,5.888099670410156,1434400
1989-08-08,15.71875,15.78125,15.5,5.841274738311768,994000
1989-08-09,15.4375,15.6875,15.3125,5.778849124908447,996000
1989-08-10,15.34375,15.5,15.1875,5.837696552276611,1628000
1989-08-11,15.625,15.6875,15.125,5.731771469116211,1712800
1989-08-14,15.1875,15.375,15.15625,5.755309104919434,1460400
1989-08-15,15.28125,15.4375,15.1875,5.767078399658203,1429200
1989-08-16,15.28125,15.59375,15.28125,5.861236095428467,1354400
1989-08-17,15.59375,15.6875,15.5,5.884773254394531,1247600
1989-08-18,15.625,15.8125,15.625,5.896543025970459,2472800
1989-08-21,15.65625,15.65625,15.28125,5.778849124908447,1224000
1989-08-22,15.40625,15.4375,15.25,5.814157485961914,1670800
1989-08-23,15.375,15.625,15.34375,5.884773254394531,966400
1989-08-24,15.4375,15.75,15.40625,5.92008113861084,2415600
1989-08-25,15.875,15.90625,15.6875,5.931852340698242,1726800
1989-08-28,15.65625,15.6875,15.5625,5.908310890197754,800400
1989-08-29,15.59375,15.75,15.5,5.849467754364014,1298800
1989-08-30,15.5,15.6875,15.40625,5.814157485961914,2974000
1989-08-31,15.46875,15.46875,15.375,5.814157485961914,1087600
1989-09-01,15.34375,15.4375,15.3125,5.802389144897461,1087200
1989-09-05,15.34375,15.4375,15.3125,5.802389144897461,1054800
1989-09-06,15.375,15.375,15.15625,5.755309104919434,854800
1989-09-07,15.25,15.28125,15.03125,5.672921657562256,1410400
1989-09-08,15.21875,15.28125,14.9375,5.7435431480407715,1707200
1989-09-11,15.1875,15.1875,14.90625,5.684689998626709,1412400
1989-09-12,15,15.09375,14.90625,5.614075183868408,1274000
1989-09-13,14.875,14.9375,14.75,5.555225372314453,1803200
1989-09-14,14.75,14.75,14.5625,5.5199198722839355,2289600
1989-09-15,14.65625,15,14.65625,5.649384021759033,2903600
1989-09-18,14.96875,14.96875,14.8125,5.6376142501831055,1281200
1989-09-19,15.03125,15.15625,15,5.649384021759033,1458400
1989-09-20,14.96875,15.15625,14.9375,5.696464538574219,984800
1989-09-21,15.09375,15.125,14.875,5.6376142501831055,1330000
1989-09-22,15.125,15.46875,15.03125,5.802389144897461,2640800
1989-09-25,15.34375,15.34375,15,5.661154270172119,1266800
1989-09-26,15.0625,15.21875,14.9375,5.625844478607178,1265200
1989-09-27,14.96875,15.21875,14.9375,5.708230495452881,1314800
1989-09-28,15.25,15.59375,15.1875,5.873006820678711,3021200
1989-09-29,15.6875,15.71875,15.5,5.873006820678711,1276000
1989-10-02,15.5625,15.5625,15.375,5.802389144897461,1078800
1989-10-03,15.5625,15.90625,15.5,5.967162609100342,1679200
1989-10-04,15.875,16.15625,15.78125,6.0848565101623535,3331600
1989-10-05,16.1875,16.5,16.1875,6.120167255401611,3042000
1989-10-06,16.3125,16.5625,16.28125,6.214319229125977,3180000
1989-10-09,16.5,16.53125,16.34375,6.214319229125977,1468400
1989-10-10,16.40625,16.46875,16.34375,6.1907830238342285,1098800
1989-10-11,16.53125,16.53125,16.375,6.1907830238342285,995600
1989-10-12,16.4375,16.46875,16.25,6.143704414367676,1176800
1989-10-13,16.28125,16.34375,14.875,5.625844478607178,3052400
1989-10-16,14.9375,16.0625,14.90625,5.873006820678711,4642000
1989-10-17,15.4375,15.6875,15.25,5.861236095428467,2601200
1989-10-18,15.53125,15.96875,15.53125,5.873006820678711,2497600
1989-10-19,15.75,16.15625,15.75,6.049551486968994,2292000
1989-10-20,16,16.0625,15.6875,6.0142412185668945,1419200
1989-10-23,15.8125,16.0625,15.8125,6.026010990142822,2054400
1989-10-24,15.9375,16.21875,15.5,6.026010990142822,2282800
1989-10-25,15.78125,15.9375,15.65625,5.955392837524414,3196800
1989-10-26,15.75,15.875,15.65625,5.896543025970459,1544800
1989-10-27,15.59375,15.625,15.125,5.7435431480407715,3003600
1989-10-30,15.28125,15.375,15.125,5.720000267028809,2679200
1989-10-31,15.1875,15.59375,15.1875,5.849467754364014,3052000
1989-11-01,15.59375,15.59375,15.375,5.837696552276611,1674400
1989-11-02,15.46875,15.5,15.28125,5.825927257537842,1868400
1989-11-03,15.46875,15.46875,15.40625,5.802389144897461,2950400
1989-11-06,15.4375,15.4375,15.1875,5.755309104919434,2738000
1989-11-07,15.28125,15.5625,15.15625,5.837696552276611,2431600
1989-11-08,15.625,15.9375,15.59375,5.967162609100342,4184000
1989-11-09,15.8125,16.0625,15.8125,6.058224201202393,2190400
1989-11-10,16.25,16.40625,16.1875,6.2120442390441895,2610000
1989-11-13,16.40625,16.46875,16.125,6.141050338745117,2588800
1989-11-14,16.15625,16.1875,16.03125,6.081888675689697,897200
1989-11-15,16.1875,16.28125,16,6.1528849601745605,1296000
1989-11-16,16.3125,16.40625,16.28125,6.176547050476074,1460800
1989-11-17,16.3125,16.53125,16.28125,6.223878383636475,2844400
1989-11-20,16.59375,16.625,16.4375,6.235713481903076,1829200
1989-11-21,16.5,16.59375,16.4375,6.283041477203369,1299200
1989-11-22,16.59375,16.90625,16.5625,6.3422017097473145,2391200
1989-11-24,16.9375,17.09375,16.875,6.472359657287598,1244400
1989-11-27,17.03125,17.09375,16.78125,6.42503023147583,1792000
1989-11-28,16.96875,16.96875,16.6875,6.3303728103637695,1864400
1989-11-29,16.65625,16.75,16.59375,6.294876575469971,1402000
1989-11-30,16.71875,16.75,16.59375,6.3422017097473145,2180800
1989-12-01,16.71875,16.84375,16.5625,6.3303728103637695,2779600
1989-12-04,16.59375,16.6875,16.5625,6.271207809448242,1402000
1989-12-05,16.5625,16.625,16.5,6.2593770027160645,871200
1989-12-06,16.53125,16.6875,16.5,6.318536758422852,1396400
1989-12-07,16.75,16.8125,16.5,6.271207809448242,1789600
1989-12-08,16.5625,16.6875,16.34375,6.200214862823486,1438000
1989-12-11,16.25,16.3125,15.96875,6.1173882484436035,3393600
1989-12-12,16.28125,16.34375,16.1875,6.1647162437438965,2227600
1989-12-13,16.3125,16.625,16.3125,6.271207809448242,2500000
1989-12-14,16.5,16.53125,16.3125,6.200214862823486,1576000
1989-12-15,16.40625,16.4375,16.25,6.2120442390441895,2381600
1989-12-18,16.5,16.59375,16.25,6.176547050476074,1964400
1989-12-19,16.25,16.375,16.1875,6.1647162437438965,1647600
1989-12-20,16.3125,16.375,16.125,6.1173882484436035,1693600
1989-12-21,16.15625,16.25,16.15625,6.141050338745117,1143200
1989-12-22,16.1875,16.46875,16.1875,6.2120442390441895,1006000
1989-12-26,16.46875,16.53125,16.40625,6.24753999710083,714400
1989-12-27,16.5625,16.8125,16.5,6.3303728103637695,1216000
1989-12-28,16.6875,16.9375,16.65625,6.4131975173950195,1161200
1989-12-29,16.96875,17.125,16.9375,6.484193325042725,1328000
1990-01-02,17.09375,17.21875,16.9375,6.5078582763671875,1581600
1990-01-03,17.125,17.3125,17.0625,6.5078582763671875,3324800
1990-01-04,17.15625,17.1875,17.03125,6.472359657287598,4411200
1990-01-05,17.09375,17.09375,16.8125,6.401369094848633,4626800
1990-01-08,16.84375,16.9375,16.71875,6.401369094848633,1675600
1990-01-09,16.90625,16.9375,16.65625,6.3303728103637695,1365200
1990-01-10,16.71875,16.84375,16.6875,6.3303728103637695,1611200
1990-01-11,16.75,16.9375,16.6875,6.318536758422852,1078000
1990-01-12,16.5,16.625,16.1875,6.1528849601745605,2512000
1990-01-15,16.0625,16.25,16.03125,6.081888675689697,1354400
1990-01-16,15.96875,16.375,15.90625,6.200214862823486,2786000
1990-01-17,16.40625,16.625,16.1875,6.176547050476074,1345200
1990-01-18,16.09375,16.4375,16.03125,6.2120442390441895,2311200
1990-01-19,16.4375,16.59375,16.40625,6.2120442390441895,1948800
1990-01-22,16.40625,16.46875,16,6.081888675689697,1540400
1990-01-23,16.15625,16.15625,15.75,6.0700531005859375,1561200
1990-01-24,15.6875,16,15.65625,6.046393394470215,2026800
1990-01-25,15.875,16.03125,15.71875,5.963564872741699,1716400
1990-01-26,15.78125,15.8125,15.28125,5.8570733070373535,2181200
1990-01-29,15.59375,15.71875,15.28125,5.880734920501709,1443600
1990-01-30,15.5625,15.625,15.28125,5.868904113769531,1468400
1990-01-31,15.59375,15.78125,15.5625,5.975399017333984,1862800
1990-02-01,15.78125,15.84375,15.6875,5.951733112335205,2898000
1990-02-02,15.6875,16.21875,15.65625,6.081888675689697,2850000
1990-02-05,16.09375,16.21875,15.96875,6.081888675689697,1864400
1990-02-06,16.0625,16.0625,15.6875,5.975399017333984,1008800
1990-02-07,15.5,16.03125,15.4375,6.058224201202393,1370000
1990-02-08,15.9375,16.03125,15.75,6.0227274894714355,792000
1990-02-09,15.84375,15.875,15.5625,5.978426933288574,1256000
1990-02-12,15.71875,15.75,15.5,5.9069719314575195,875600
1990-02-13,15.375,15.625,15.34375,5.930788040161133,1800800
1990-02-14,15.59375,15.625,15.5,5.930788040161133,544400
1990-02-15,15.5625,15.71875,15.53125,5.978426933288574,1249200
1990-02-16,15.71875,15.75,15.40625,5.930788040161133,1732000
1990-02-20,15.40625,15.5,15.28125,5.871241092681885,1158400
1990-02-21,15.25,15.375,15.1875,5.847426891326904,1489200
1990-02-22,15.375,15.40625,15,5.716422080993652,1751200
1990-02-23,14.875,15.0625,14.6875,5.633057594299316,2007200
1990-02-26,14.75,15.09375,14.71875,5.740240097045898,2487200
1990-02-27,15.125,15.25,15.0625,5.740240097045898,2992000
1990-02-28,15.125,15.1875,15.0625,5.752151012420654,1621600
1990-03-01,15.25,15.4375,15.09375,5.847426891326904,1807200
1990-03-02,15.4375,15.625,15.28125,5.895059108734131,1276000
1990-03-05,15.5625,15.65625,15.40625,5.895059108734131,1276000
1990-03-06,15.5,15.625,15.4375,5.954603672027588,1002400
1990-03-07,15.65625,15.6875,15.53125,5.966516971588135,1419200
1990-03-08,15.71875,15.84375,15.65625,6.026061058044434,2642800
1990-03-09,15.75,15.8125,15.65625,5.990330219268799,975200
1990-03-12,15.5,15.78125,15.5,6.0022430419921875,1215600
1990-03-13,15.5,15.6875,15.40625,5.895059108734131,1886000
1990-03-14,15.5,15.5625,15.15625,5.883152484893799,1141600
1990-03-15,15.46875,15.75,15.4375,5.990330219268799,2280000
1990-03-16,15.875,15.90625,15.8125,6.037972450256348,3302000
1990-03-19,15.6875,15.875,15.6875,6.037972450256348,1396800
1990-03-20,15.6875,15.90625,15.6875,6.037972450256348,3576000
1990-03-21,15.875,15.90625,15.5625,5.954603672027588,900800
1990-03-22,15.40625,15.5625,15.28125,5.895059108734131,2378800
1990-03-23,15.5,15.5625,15.4375,5.895059108734131,1900400
1990-03-26,15.8125,15.8125,15.65625,5.990330219268799,3750000
1990-03-27,15.6875,16.25,15.65625,6.180883884429932,2919600
1990-03-28,16.15625,16.40625,16.09375,6.168972015380859,1617600
1990-03-29,16.25,16.34375,16.125,6.157064914703369,2705200
1990-03-30,16.1875,16.21875,15.90625,6.157064914703369,1451600
1990-04-02,15.9375,16.1875,15.90625,6.168972015380859,1537200
1990-04-03,16.28125,16.4375,16.25,6.252337455749512,2120000
1990-04-04,16.46875,16.71875,16.4375,6.29997444152832,2836800
1990-04-05,16.6875,16.8125,16.65625,6.359519004821777,2432800
1990-04-06,16.8125,16.8125,16.59375,6.359519004821777,963200
1990-04-09,16.625,16.90625,16.625,6.383336067199707,1295200
1990-04-10,16.6875,16.90625,16.6875,6.419071197509766,1904000
1990-04-11,16.90625,16.9375,16.84375,6.442882061004639,1373600
1990-04-12,16.9375,17.1875,16.9375,6.526251792907715,3632800
1990-04-16,17.25,17.28125,16.71875,6.4071574211120605,5826400
1990-04-17,16.84375,16.96875,16.75,6.454791069030762,1969200
1990-04-18,17,17.03125,16.65625,6.359519004821777,1271200
1990-04-19,16.59375,16.75,16.46875,6.276152610778809,1967200
1990-04-20,16.40625,16.5,16.28125,6.216609001159668,1458400
1990-04-23,16.28125,16.28125,16.125,6.157064914703369,3012800
1990-04-24,16.28125,16.375,16.15625,6.204701900482178,1441600
1990-04-25,16.40625,16.53125,16.34375,6.276152610778809,1454000
1990-04-26,16.5,16.8125,16.46875,6.395246982574463,2192000
1990-04-27,16.78125,16.8125,16.40625,6.252337455749512,1955200
1990-04-30,16.34375,16.53125,16.21875,6.29997444152832,2012800
1990-05-01,16.59375,16.75,16.5,6.371428966522217,1645600
1990-05-02,16.6875,16.84375,16.6875,6.4071574211120605,1719200
1990-05-03,16.8125,17,16.8125,6.454791069030762,2184400
1990-05-04,17,17.0625,16.90625,6.49052095413208,3035600
1990-05-07,17.125,17.25,17.125,6.550065517425537,1610800
1990-05-08,17.125,17.21875,17.125,6.550065517425537,1386800
1990-05-09,17.0625,17.25,17.0625,6.613325595855713,4452800
1990-05-10,17.3125,17.46875,17.28125,6.673228740692139,2650400
1990-05-11,17.5625,17.9375,17.53125,6.876898288726807,5518400
1990-05-14,18.15625,18.34375,18.125,6.960766792297363,4948800
1990-05-15,18.125,18.1875,17.9375,6.876898288726807,2873600
1990-05-16,18.09375,18.21875,18,6.924821853637695,2035200
1990-05-17,18.09375,18.1875,18,6.924821853637695,2794000
1990-05-18,18.09375,18.15625,17.96875,6.924821853637695,2229600
1990-05-21,17.96875,18.5,17.96875,7.080565929412842,2142400
1990-05-22,18.5,19,18.4375,7.284237384796143,3262400
1990-05-23,18.9375,19.5,18.90625,7.416030406951904,2540800
1990-05-24,19.4375,19.4375,18.96875,7.308204174041748,1833600
1990-05-25,19,19.1875,18.84375,7.236318111419678,1881600
1990-05-29,18.9375,19.40625,18.9375,7.439990043640137,2087200
1990-05-30,19.53125,19.59375,19.40625,7.487913608551025,2542400
1990-05-31,19.5625,19.65625,19.46875,7.4998931884765625,2217600
1990-06-01,19.5,19.53125,19.21875,7.392066478729248,3344000
1990-06-04,19.375,19.4375,19.25,7.416030406951904,2124000
1990-06-05,19.34375,19.625,19.3125,7.451976776123047,1612400
1990-06-06,19.4375,19.4375,19.25,7.380084991455078,1305600
1990-06-07,19.25,19.3125,19.09375,7.3201904296875,1303600
1990-06-08,19.03125,19.0625,18.78125,7.200377464294434,1378800
1990-06-11,18.625,19.28125,18.625,7.356122970581055,1262000
1990-06-12,19.0625,19.8125,19.0625,7.5238566398620605,2033600
1990-06-13,19.5,19.71875,19.375,7.451976776123047,1568400
1990-06-14,19.5,19.6875,19.46875,7.4998931884765625,1252000
1990-06-15,19.4375,19.5625,19.375,7.475933074951172,2722800
1990-06-18,19.40625,19.46875,19.125,7.3321661949157715,2949200
1990-06-19,19.125,19.28125,19.03125,7.380084991455078,2245200
1990-06-20,19.375,19.40625,19.1875,7.392066478729248,1183200
1990-06-21,19.28125,19.75,19.15625,7.571775436401367,2738000
1990-06-22,19.78125,20.40625,19.78125,7.6196980476379395,4046400
1990-06-25,20,20.28125,19.78125,7.595743179321289,2615200
1990-06-26,20.125,20.1875,19.8125,7.607718467712402,2644000
1990-06-27,19.84375,20.375,19.8125,7.763467788696289,2048800
1990-06-28,20.5625,20.96875,20.5625,8.027044296264648,2804400
1990-06-29,20.9375,20.96875,20.75,7.967142581939697,1972800
1990-07-02,20.75,20.9375,20.65625,8.015064239501953,1544400
1990-07-03,20.875,21.25,20.84375,8.12289047241211,1664800
1990-07-05,21.25,21.6875,21.25,8.266656875610352,3637600
1990-07-06,21.4375,21.9375,21.375,8.290617942810059,4182800
1990-07-09,21.625,21.65625,21.25,8.242692947387695,1975200
1990-07-10,21.375,21.40625,21.03125,8.12289047241211,1923600
1990-07-11,21.375,21.71875,21.28125,8.326558113098145,2199600
1990-07-12,21.625,21.875,21.59375,8.38646411895752,1953200
1990-07-13,21.875,22.34375,21.875,8.48231029510498,4705600
1990-07-16,22.09375,22.59375,22.09375,8.602113723754883,2385600
1990-07-17,22.5,22.5625,21.9375,8.518251419067383,2662400
1990-07-18,21.4375,21.6875,21.1875,8.146849632263184,6362000
1990-07-19,21.25,21.5,20.6875,8.206756591796875,5403600
1990-07-20,21.40625,21.75,21.25,8.15882682800293,2882400
1990-07-23,21.1875,21.21875,20.3125,8.051005363464355,4024400
1990-07-24,20.8125,21.03125,20.5,7.991102695465088,2918400
1990-07-25,20.78125,21,20.65625,8.051005363464355,3314800
1990-07-26,20.96875,20.96875,19.875,7.631682395935059,6524000
1990-07-27,20.125,20.46875,19.75,7.715550422668457,7650400
1990-07-30,20.0625,20.6875,20.03125,7.931194305419922,3640400
1990-07-31,20.71875,20.96875,20.5625,7.979118347167969,3326400
1990-08-01,20.875,21.15625,20.71875,8.110910415649414,3350400
1990-08-02,20.8125,20.96875,20.625,7.919214725494385,10236000
1990-08-03,20.25,20.25,19.3125,7.66762113571167,7299600
1990-08-06,19.5,19.8125,19.25,7.5238566398620605,3651200
1990-08-07,19.8125,19.84375,18.90625,7.260281085968018,5148800
1990-08-08,19.25,19.625,19.15625,7.511875152587891,5932400
1990-08-09,19.4375,19.625,19.375,7.515247821807861,2664000
1990-08-10,19.4375,19.46875,18.71875,7.250284194946289,5007200
1990-08-13,18.625,19.0625,18.34375,7.310502529144287,2862800
1990-08-14,19,19.0625,18.84375,7.262330055236816,2961200
1990-08-15,19.125,19.125,18.8125,7.286421775817871,2161600
1990-08-16,18.75,18.75,17.875,6.88897180557251,3617600
1990-08-17,17.6875,18.28125,17.625,7.033500671386719,5638000
1990-08-20,18.1875,18.3125,17.9375,6.997370719909668,2480400
1990-08-21,18,18.0625,17.5625,6.91306209564209,2913200
1990-08-22,18.0625,18.09375,17.625,6.79263162612915,2066000
1990-08-23,17.25,17.46875,17,6.599926948547363,18641200
1990-08-24,17.25,17.4375,16.9375,6.648102760314941,2818400
1990-08-27,17.9375,18.375,17.9375,6.9732842445373535,2646800
1990-08-28,18.09375,18.5,18.09375,7.081676483154297,2412000
1990-08-29,18.4375,18.90625,18.4375,7.262330055236816,2870400
1990-08-30,18.9375,18.9375,18.59375,7.202113628387451,1981200
1990-08-31,18.75,18.8125,18.4375,7.238243103027344,2566400
1990-09-04,18.65625,18.71875,18.53125,7.214154243469238,1131200
1990-09-05,18.71875,18.8125,18.53125,7.165977478027344,1262400
1990-09-06,18.46875,18.625,18.1875,7.057584762573242,1835200
1990-09-07,18.34375,18.53125,18.1875,7.093722343444824,1416400
1990-09-10,18.71875,18.84375,18.5625,7.250284194946289,1384000
1990-09-11,18.875,19,18.6875,7.274372577667236,1762400
1990-09-12,18.9375,18.96875,18.78125,7.274372577667236,1156800
1990-09-13,18.875,18.875,18.34375,7.081676483154297,1834400
1990-09-14,18.25,18.25,18.03125,7.0214524269104,2944800
1990-09-17,18.0625,18.4375,18.03125,7.0214524269104,2028400
1990-09-18,18.15625,18.46875,18.125,7.117801666259766,2428400
1990-09-19,18.5,18.5625,17.96875,6.937148094177246,2363600
1990-09-20,18,18,17.53125,6.768538951873779,1724000
1990-09-21,17.4375,17.8125,17.4375,6.816714286804199,2416000
1990-09-24,17.59375,17.65625,17.375,6.780584335327148,1701600
1990-09-25,17.625,18.125,17.53125,6.961238384246826,1973200
1990-09-26,18,18.0625,17.75,6.91306209564209,1294800
1990-09-27,18.1875,18.21875,17.46875,6.74445104598999,1809600
1990-09-28,17.1875,18,17.15625,6.88897180557251,2059200
1990-10-01,18.0625,18.6875,18.03125,7.202113628387451,3792800
1990-10-02,18.8125,18.90625,18.5625,7.153934955596924,2583600
1990-10-03,18.5,18.59375,18,7.009413242340088,2070800
1990-10-04,18.125,18.78125,18.0625,7.238243103027344,1961200
1990-10-05,18.25,19.03125,18.21875,7.238243103027344,2709200
1990-10-08,18.9375,19.09375,18.84375,7.358684062957764,1330800
1990-10-09,19.03125,19.0625,18.28125,7.057584762573242,1948800
1990-10-10,18.4375,18.84375,18.3125,7.1057634353637695,1864400
1990-10-11,18.4375,18.65625,18.15625,7.045546531677246,3058400
1990-10-12,18.5,18.6875,18.28125,7.117801666259766,2326400
1990-10-15,18.59375,19.0625,18.28125,7.334591865539551,2587200
1990-10-16,19,19.09375,18.625,7.202113628387451,1960800
1990-10-17,18.75,18.96875,18.6875,7.274372577667236,4518800
1990-10-18,19,19.53125,18.9375,7.515247821807861,4076000
1990-10-19,20,20,18.125,7.129853248596191,10055600
1990-10-22,18.5625,19.15625,18.5625,7.2984619140625,2960800
1990-10-23,18.84375,18.875,18.71875,7.226203441619873,1931600
1990-10-24,18.6875,18.71875,18.375,7.129853248596191,1776400
1990-10-25,18.625,18.625,18.28125,7.117801666259766,1360000
1990-10-26,18.4375,18.4375,18.25,7.033500671386719,2055600
1990-10-29,18.3125,18.46875,17.6875,6.852845668792725,2374400
1990-10-30,17.84375,17.96875,17.25,6.684229850769043,3231200
1990-10-31,17.375,17.5625,16.5,6.491538047790527,5718800
1990-11-01,16.6875,17.03125,16.40625,6.551755428314209,3555600
1990-11-02,17.03125,17.375,17,6.587884902954102,2174400
1990-11-05,17.1875,17.59375,17.1875,6.768538951873779,4922400
1990-11-06,17.5625,17.65625,17.125,6.636059761047363,2304400
1990-11-07,17.15625,17.5,17.09375,6.599926948547363,4226800
1990-11-08,17.0625,17.3125,16.875,6.6396708488464355,1912000
1990-11-09,17.15625,17.40625,17.0625,6.736597061157227,1733200
1990-11-12,17.5625,17.625,17.375,6.785062313079834,2502000
1990-11-13,17.53125,17.6875,17.4375,6.785062313079834,1680400
1990-11-14,17.46875,17.90625,17.4375,6.918342590332031,2311600
1990-11-15,17.6875,17.8125,17.5625,6.8092942237854,2057600
1990-11-16,17.53125,17.65625,17.28125,6.736597061157227,2324400
1990-11-19,17.25,17.28125,17,6.627554893493652,4004800
1990-11-20,17,17,16.5,6.397344589233398,5518000
1990-11-21,16.75,17.125,16.625,6.6396708488464355,5364000
1990-11-23,17.3125,17.5,17.3125,6.772950172424316,2050800
1990-11-26,17.46875,18,17.25,6.978918552398682,6226400
1990-11-27,18.25,18.40625,18.0625,7.112196922302246,3520000
1990-11-28,18.3125,18.34375,17.875,6.930459499359131,1852800
1990-11-29,17.875,18.28125,17.875,7.0758514404296875,2186800
1990-11-30,18.15625,18.5,18.09375,7.148550510406494,2606400
1990-12-03,18.59375,18.71875,18.5,7.257590293884277,2266000
1990-12-04,18.71875,18.84375,18.5625,7.306058883666992,2138000
1990-12-05,18.75,19.1875,18.75,7.402988433837891,2429200
1990-12-06,19.375,19.40625,18.625,7.221246242523193,2763200
1990-12-07,18.75,18.875,18.65625,7.306058883666992,3910000
1990-12-10,18.625,19.0625,18.625,7.390872001647949,1344000
1990-12-11,19.03125,19.0625,18.71875,7.33029842376709,762400
1990-12-12,18.875,19.3125,18.78125,7.415106773376465,2231200
1990-12-13,19,19.21875,18.90625,7.366637229919434,2030400
1990-12-14,19,19,18.59375,7.221246242523193,1955600
1990-12-17,18.5625,18.59375,18.4375,7.20912504196167,1216400
1990-12-18,18.5625,18.78125,18.5625,7.269709587097168,1498000
1990-12-19,18.75,18.9375,18.75,7.293941020965576,1520800
1990-12-20,18.625,18.625,18.375,7.197013854980469,4913600
1990-12-21,18.75,18.75,18.5,7.1848955154418945,3946400
1990-12-24,18.59375,18.59375,18.5,7.197013854980469,1582400
1990-12-26,18.59375,18.625,18.5625,7.221246242523193,996800
1990-12-27,18.59375,18.625,18.3125,7.124317169189453,1453600
1990-12-28,18.25,18.34375,17.96875,6.978918552398682,1388800
1990-12-31,18.03125,18.3125,17.84375,7.10008430480957,1445200
1991-01-02,18.3125,18.40625,18.15625,7.051620006561279,3286400
1991-01-03,18.15625,18.3125,17.875,6.930459499359131,2211200
1991-01-04,17.8125,17.875,17.5625,6.906222820281982,2610000
1991-01-07,17.5625,17.71875,17.3125,6.71236515045166,2542000
1991-01-08,17.3125,17.40625,17.15625,6.71236515045166,2680000
1991-01-09,17.5,17.8125,17.3125,6.760829925537109,4016000
1991-01-10,17.53125,17.5625,17.15625,6.688133716583252,3117200
1991-01-11,17.28125,17.3125,16.9375,6.688133716583252,2189200
1991-01-14,17.125,17.25,16.875,6.688133716583252,2369200
1991-01-15,17.15625,17.375,17.09375,6.736597061157227,2739200
1991-01-16,17.375,18.125,17.34375,6.991036415100098,3401600
1991-01-17,18.71875,18.75,18.34375,7.245477199554443,6964800
1991-01-18,18.53125,18.78125,18.4375,7.257590293884277,3375200
1991-01-21,18.5625,19.25,18.5,7.451450347900391,4794000
1991-01-22,19.25,19.375,18.9375,7.378755569458008,1891200
1991-01-23,19.125,19.5,19.125,7.560498237609863,2580800
1991-01-24,19.53125,20,19.5,7.754354000091553,3438000
1991-01-25,19.9375,19.96875,19.71875,7.681667327880859,1742000
1991-01-28,19.625,19.78125,19.375,7.5362653732299805,1920400
1991-01-29,19.5,19.625,19.34375,7.524147033691406,1215600
1991-01-30,19.25,19.8125,19.25,7.596848011016846,2536000
1991-01-31,19.375,19.78125,19.34375,7.560498237609863,2192800
1991-02-01,19.5,19.53125,18.90625,7.366637229919434,4749600
1991-02-04,18.96875,19.3125,18.90625,7.439335823059082,5491200
1991-02-05,19.125,19.21875,18.9375,7.342406272888184,6306000
1991-02-06,18.875,19.03125,18.59375,7.378755569458008,8296800
1991-02-07,18.875,18.96875,18.34375,7.208008289337158,8436400
1991-02-08,18.6875,19.375,18.65625,7.549508571624756,5885600
1991-02-11,19.25,20,19.125,7.793428897857666,5996000
1991-02-12,19.75,20.15625,19.53125,7.64707088470459,4879200
1991-02-13,19.59375,20,19.25,7.8056230545043945,3605600
1991-02-14,20.125,20.5625,20.0625,7.8788018226623535,6074400
1991-02-15,20.25,20.71875,20.21875,8.01296329498291,4146000
1991-02-19,20.40625,20.625,20.125,7.927589416503906,2690800
1991-02-20,20.1875,20.28125,19.875,7.756839752197266,2234800
1991-02-21,19.75,20.1875,19.65625,7.781233310699463,1958000
1991-02-22,19.625,20.125,19.53125,7.781233310699463,5571600
1991-02-25,20.125,20.4375,20,7.854415416717529,2851600
1991-02-26,20.125,20.3125,20,7.854415416717529,2565600
1991-02-27,20.15625,20.375,20.0625,7.854415416717529,2934400
1991-02-28,20.125,20.125,19.625,7.708055019378662,4622400
1991-03-01,19.75,20.46875,19.6875,7.939785480499268,5157600
1991-03-04,20.625,20.78125,20.5,8.073943138122559,3622000
1991-03-05,20.78125,21.15625,20.75,8.23249340057373,3235600
1991-03-06,21.25,21.28125,20.46875,7.9885687828063965,2909600
1991-03-07,20.5625,20.9375,20.5625,8.098340034484863,2614400
1991-03-08,21,21.09375,20.65625,8.073943138122559,2288400
1991-03-11,20.75,20.8125,20.625,8.12273120880127,926800
1991-03-12,20.71875,20.8125,20.125,7.866603851318359,2204000
1991-03-13,20.21875,20.3125,20.03125,7.830018520355225,2084400
1991-03-14,20.15625,20.40625,20.03125,7.866603851318359,3142400
1991-03-15,20.21875,20.21875,19.84375,7.830018520355225,3394800
1991-03-18,19.875,20.0625,19.625,7.708055019378662,2005600
1991-03-19,19.5625,19.59375,18.875,7.451935291290283,5392000
1991-03-20,19.21875,19.46875,19.15625,7.59829044342041,4075600
1991-03-21,19.46875,19.5625,18.96875,7.500716686248779,7143600
1991-03-22,19.375,19.375,18.75,7.3909502029418945,6478400
1991-03-25,19,19.15625,19,7.476330757141113,2920800
1991-03-26,19.25,19.75,19.25,7.708055019378662,2422000
1991-03-27,20,20.0625,19.53125,7.659273147583008,2907200
1991-03-28,19.625,19.6875,19.46875,7.634876728057861,1557200
1991-04-01,19.8125,20.03125,19.6875,7.73245096206665,5358400
1991-04-02,19.78125,20.5625,19.78125,7.976376533508301,2360800
1991-04-03,20.5,20.8125,20.4375,8.098340034484863,3092000
1991-04-04,20.75,20.875,20.59375,8.134928703308105,1989600
1991-04-05,20.9375,20.96875,20.53125,8.086141586303711,2566000
1991-04-08,20.6875,20.6875,20.46875,8.025164604187012,1390400
1991-04-09,20.53125,20.625,20.1875,7.951981544494629,1900400
1991-04-10,20.34375,20.375,19.9375,7.8056230545043945,1612000
1991-04-11,20.0625,20.3125,20.03125,7.817823886871338,2014800
1991-04-12,20.0625,20.21875,20,7.830018520355225,1890000
1991-04-15,20.125,20.40625,19.9375,7.964181423187256,2715600
1991-04-16,20.375,21,20.34375,8.171514511108398,2845600
1991-04-17,20.9375,20.96875,20.71875,8.086141586303711,2484800
1991-04-18,20.4375,20.84375,20.375,8.025164604187012,1506000
1991-04-19,20.40625,20.40625,19.9375,7.8056230545043945,4314800
1991-04-22,19.9375,19.96875,19.5,7.671464920043945,4026000
1991-04-23,19.65625,20.09375,19.65625,7.73245096206665,3333200
1991-04-24,19.75,19.90625,19.5625,7.671464920043945,2779200
1991-04-25,19.75,20.125,19.6875,7.73245096206665,3266400
1991-04-26,19.84375,19.90625,19.65625,7.671464920043945,1545200
1991-04-29,19.59375,19.625,19.15625,7.48852014541626,3025600
1991-04-30,19.3125,19.375,19,7.48852014541626,4506800
1991-05-01,19.21875,19.65625,19.125,7.671464920043945,3236000
1991-05-02,19.75,19.75,19.40625,7.59829044342041,1971600
1991-05-03,19.34375,19.40625,19.21875,7.561700820922852,1385600
1991-05-06,19.375,19.375,19,7.512916088104248,3034000
1991-05-07,19.25,19.34375,19.03125,7.427541255950928,3212400
1991-05-08,19.03125,19.125,18.84375,7.451935291290283,3961600
1991-05-09,19.0625,19.34375,18.90625,7.56242561340332,2495200
1991-05-10,19.375,19.8125,19.1875,7.611527919769287,4259200
1991-05-13,19.625,19.875,19.59375,7.783405780792236,2075200
1991-05-14,19.75,19.78125,19.28125,7.623806953430176,1772800
1991-05-15,19.3125,19.40625,18.9375,7.464206218719482,2258400
1991-05-16,19.25,19.28125,19.09375,7.56242561340332,1559600
1991-05-17,19.21875,19.25,19.03125,7.501039981842041,2127600
1991-05-20,19.125,19.28125,19.09375,7.537868976593018,1590800
1991-05-21,19.4375,19.78125,19.375,7.72201681137085,2138000
1991-05-22,19.71875,20,19.65625,7.857059478759766,2303600
1991-05-23,20.03125,20.1875,19.875,7.857059478759766,2562400
1991-05-24,19.875,20.09375,19.875,7.820235252380371,1807600
1991-05-28,20.0625,20.25,19.9375,7.943002223968506,3712800
1991-05-29,20.25,20.25,20.0625,7.9184465408325195,1492800
1991-05-30,20.375,20.4375,19.96875,7.857059478759766,3546800
1991-05-31,20,20.03125,19.8125,7.807958602905273,2889600
1991-06-03,19.875,19.9375,19.375,7.611527919769287,2814000
1991-06-04,19.25,19.625,19.25,7.697464942932129,1681200
1991-06-05,19.625,19.65625,19.4375,7.636085033416748,1800800
1991-06-06,19.46875,19.53125,19.375,7.611527919769287,1670000
1991-06-07,19.40625,19.4375,19.09375,7.550146579742432,2596800
1991-06-10,19.21875,19.25,18.9375,7.501039981842041,3239600
1991-06-11,19.09375,19.25,18.90625,7.451937198638916,2142800
1991-06-12,18.96875,18.96875,18.59375,7.353715896606445,3572000
1991-06-13,18.78125,18.78125,18.59375,7.304608345031738,2093200
1991-06-14,18.71875,18.8125,18.59375,7.329169750213623,3049200
1991-06-17,18.625,18.6875,18.5,7.267786026000977,2801600
1991-06-18,18.5,18.59375,18.375,7.255506992340088,3482800
1991-06-19,18.375,18.375,18.1875,7.18184757232666,2564400
1991-06-20,18.3125,18.53125,18.3125,7.28005838394165,2557600
1991-06-21,18.4375,18.65625,18.34375,7.329169750213623,3461200
1991-06-24,18.6875,18.71875,18.375,7.255506992340088,2197200
1991-06-25,18.5625,18.59375,18.125,7.157291889190674,2282800
1991-06-26,18.125,18.34375,17.875,7.157291889190674,3056800
1991-06-27,18.3125,18.375,18.21875,7.169569969177246,2344800
1991-06-28,18.21875,18.25,17.90625,7.059083938598633,2257600
1991-07-01,18.1875,18.46875,18.15625,7.255506992340088,2975200
1991-07-02,18.4375,18.625,18.4375,7.255506992340088,2465600
1991-07-03,18.4375,18.5625,18.375,7.29233455657959,3193600
1991-07-05,18.5625,18.6875,18.53125,7.329169750213623,924000
1991-07-08,18.5,18.8125,18.5,7.366000175476074,3825600
1991-07-09,18.8125,18.84375,18.40625,7.267786026000977,2300800
1991-07-10,18.625,18.65625,18.0625,7.132737159729004,4432400
1991-07-11,17.9375,17.96875,17.375,7.022252082824707,9028400
1991-07-12,17.75,17.875,17.53125,6.973145008087158,4379600
1991-07-15,17.875,18.125,17.78125,7.095909595489502,2715600
1991-07-16,18,18.375,17.9375,7.18184757232666,3151200
1991-07-17,18.375,18.4375,18.34375,7.206395626068115,2455200
1991-07-18,18.375,18.46875,18.3125,7.255506992340088,2455600
1991-07-19,18.53125,18.5625,18.28125,7.230956077575684,1931200
1991-07-22,18.5625,18.5625,18.375,7.218676567077637,2396000
1991-07-23,18.375,18.46875,18.1875,7.145016193389893,3048800
1991-07-24,18.25,18.25,18.125,7.145016193389893,2010000
1991-07-25,18.25,18.4375,18.0625,7.18184757232666,2294400
1991-07-26,18.28125,18.375,18.25,7.194122314453125,1818000
1991-07-29,18.3125,18.4375,18.1875,7.230956077575684,2208400
1991-07-30,18.46875,18.75,18.4375,7.353715896606445,2664000
1991-07-31,18.875,19.1875,18.78125,7.501039981842041,3252800
1991-08-01,19.125,19.15625,18.96875,7.48876428604126,2428000
1991-08-02,19.28125,19.75,19.21875,7.758846282958984,4418000
1991-08-05,19.71875,19.75,19.5,7.72201681137085,2314400
1991-08-06,19.625,19.875,19.625,7.783405780792236,3327600
1991-08-07,19.84375,20.125,19.8125,7.844787120819092,2880400
1991-08-08,20.03125,20.1875,19.8125,7.783405780792236,2652000
1991-08-09,19.8125,19.96875,19.78125,7.845176696777344,2012000
1991-08-12,19.875,20,19.84375,7.857531547546387,1900000
1991-08-13,19.90625,19.9375,19.5,7.709275722503662,3512000
1991-08-14,19.53125,19.90625,19.53125,7.808109760284424,2252000
1991-08-15,19.875,20.09375,19.8125,7.857531547546387,2558800
1991-08-16,19.8125,19.90625,19.4375,7.795758247375488,2402400
1991-08-19,19.03125,19.59375,19.03125,7.6475067138671875,2973600
1991-08-20,19.625,19.71875,19.5,7.758695602416992,1852400
1991-08-21,19.875,20.6875,19.84375,8.104626655578613,3792400
1991-08-22,20.4375,20.46875,19.9375,7.968722343444824,5601600
1991-08-23,20.15625,20.46875,20.125,8.055203437805176,2013600
1991-08-26,20.375,20.46875,20.1875,8.079915046691895,1575600
1991-08-27,20.46875,20.84375,20.4375,8.24052906036377,2648000
1991-08-28,20.875,21.09375,20.84375,8.28994369506836,2640000
1991-08-29,21,21.09375,20.78125,8.33935832977295,1954000
1991-08-30,21.03125,21.125,20.75,8.30229663848877,1631200
1991-09-03,21.0625,21.1875,20.5625,8.129337310791016,2154800
1991-09-04,20.5625,20.625,20.3125,8.042852401733398,1867600
1991-09-05,20.34375,20.40625,20.21875,8.00578498840332,1579600
1991-09-06,20.25,20.34375,20.03125,7.931661128997803,2203600
1991-09-09,20.03125,20.21875,20.03125,7.981075763702393,868800
1991-09-10,20.25,20.3125,20,7.931661128997803,1468400
1991-09-11,20.125,20.125,19.9375,7.894594192504883,1221200
1991-09-12,20.09375,20.4375,20.0625,8.067560195922852,2453200
1991-09-13,20.53125,20.53125,20.125,8.030499458312988,2685600
1991-09-16,20.3125,20.3125,20.1875,8.030499458312988,1892800
1991-09-17,20.25,20.3125,20.1875,8.018141746520996,1723600
1991-09-18,20.25,20.75,20.21875,8.203460693359375,1538400
1991-09-19,20.5,20.6875,20.34375,8.154044151306152,2370800
1991-09-20,20.71875,20.84375,20.4375,8.215818405151367,3355600
1991-09-23,20.90625,21.0625,20.34375,8.042852401733398,3618000
1991-09-24,20.40625,20.40625,19.84375,8.018141746520996,4200800
1991-09-25,20.1875,20.21875,19.875,7.882238388061523,1424400
1991-09-26,19.90625,20.1875,19.875,7.944015026092529,2004800
1991-09-27,20.0625,20.34375,19.8125,7.832826137542725,1610000
1991-09-30,19.875,20,19.71875,7.882238388061523,1725200
1991-10-01,20,20.0625,19.90625,7.931661128997803,1579600
1991-10-02,20.03125,20.375,20.03125,8.00578498840332,1408000
1991-10-03,20,20.03125,19.75,7.857531547546387,2372400
1991-10-04,19.8125,20.03125,19.75,7.808109760284424,2169600
1991-10-07,19.6875,19.71875,19.4375,7.721628189086914,1088000
1991-10-08,19.59375,19.625,19.375,7.684567451477051,1674000
1991-10-09,19.34375,19.40625,19.0625,7.561024188995361,2077600
1991-10-10,19.125,19.34375,18.9375,7.6475067138671875,1980400
1991-10-11,19.375,19.4375,19.125,7.585728645324707,2809200
1991-10-14,19.1875,19.21875,19,7.573379039764404,2878400
1991-10-15,19.15625,19.625,19.15625,7.758695602416992,1682000
1991-10-16,19.5625,19.5625,19.3125,7.709275722503662,1373600
1991-10-17,19.4375,19.4375,19.28125,7.659855842590332,1098400
1991-10-18,18.75,18.78125,18.375,7.289218425750732,12228400
1991-10-21,18.40625,18.4375,18.21875,7.227444648742676,5653600
1991-10-22,18.28125,18.46875,18.25,7.289218425750732,4921200
1991-10-23,18.625,18.9375,18.5625,7.48689079284668,3487600
1991-10-24,18.96875,19.03125,18.625,7.3880534172058105,2860400
1991-10-25,18.71875,18.96875,18.6875,7.412768840789795,2622800
1991-10-28,18.96875,19.125,18.84375,7.499249458312988,2493600
1991-10-29,19,19.03125,18.71875,7.400407791137695,3020000
1991-10-30,18.875,18.96875,18.84375,7.474542617797852,2711200
1991-10-31,18.96875,19.375,18.90625,7.59808349609375,1878000
1991-11-01,19.25,19.4375,19.21875,7.672211170196533,2465200
1991-11-04,19.34375,19.375,19.1875,7.622793674468994,1430400
1991-11-05,19.25,19.4375,19.15625,7.59808349609375,1425200
1991-11-06,19.1875,19.3125,19.125,7.610439300537109,1571200
1991-11-07,19.25,19.34375,19.15625,7.6475067138671875,1418000
1991-11-08,19.3125,19.40625,18.9375,7.572891712188721,1600400
1991-11-11,19.125,19.21875,19.09375,7.6475043296813965,1212800
1991-11-12,19.25,19.4375,19.125,7.635068416595459,2574800
1991-11-13,19.09375,19.1875,18.9375,7.635068416595459,2255200
1991-11-14,19.15625,19.4375,19.15625,7.684811592102051,2385200
1991-11-15,19.3125,19.3125,18.46875,7.460977554321289,2526800
1991-11-18,18.6875,18.75,18.15625,7.411240577697754,3783200
1991-11-19,18.3125,18.5625,18.125,7.2993245124816895,3088800
1991-11-20,18.375,18.75,18.21875,7.460977554321289,2682400
1991-11-21,18.6875,18.75,18.375,7.373933792114258,1777200
1991-11-22,18.5625,18.75,18.34375,7.336628437042236,2846000
1991-11-25,18.5625,18.71875,18.4375,7.386366844177246,1920000
1991-11-26,18.5625,18.65625,18.40625,7.373933792114258,2491600
1991-11-27,18.5,18.59375,18.40625,7.324195384979248,1521600
1991-11-29,18.40625,18.4375,18.3125,7.311758995056152,842000
1991-12-02,18.25,18.625,18.125,7.411240577697754,1771200
1991-12-03,18.5,18.625,18.4375,7.386366844177246,1882000
1991-12-04,18.5625,18.65625,18.40625,7.411240577697754,2363600
1991-12-05,18.5,18.59375,18.40625,7.386366844177246,1792400
1991-12-06,18.5,18.78125,18.5,7.411240577697754,3362400
1991-12-09,18.625,18.71875,18.46875,7.373933792114258,1790000
1991-12-10,18.53125,18.625,18.40625,7.373933792114258,2118000
1991-12-11,18.53125,18.84375,18.5,7.436110973358154,1532800
1991-12-12,18.71875,19,18.71875,7.523154258728027,2175200
1991-12-13,19.0625,19.0625,18.875,7.523154258728027,2118400
1991-12-16,19.0625,19.28125,19,7.622634410858154,3111600
1991-12-17,19.28125,19.3125,19.15625,7.659939765930176,1882400
1991-12-18,19.21875,19.25,19.15625,7.6475043296813965,1444400
1991-12-19,19.21875,19.3125,19.125,7.684811592102051,2301600
1991-12-20,19.53125,19.78125,19.375,7.8340253829956055,4881200
1991-12-23,19.71875,20.34375,19.65625,8.045421600341797,2012000
1991-12-24,20.28125,20.5,20.21875,8.120030403137207,2692800
1991-12-26,20.34375,21.0625,20.34375,8.368730545043945,2466400
1991-12-27,21.03125,21.1875,20.9375,8.430907249450684,2600400
1991-12-30,21.125,21.21875,20.875,8.443337440490723,3156800
1991-12-31,21.21875,21.21875,20.625,8.306557655334473,2081200
1992-01-02,20.9375,21.21875,20.78125,8.443337440490723,3566400
1992-01-03,21.09375,21.375,21.03125,8.443337440490723,3025600
1992-01-06,21.125,21.46875,21.125,8.406036376953125,2806800
1992-01-07,21.09375,21.34375,21.0625,8.493081092834473,1674000
1992-01-08,21.1875,21.78125,21.1875,8.642297744750977,3573600
1992-01-09,21.71875,21.9375,21.6875,8.667173385620117,3092400
1992-01-10,21.65625,21.78125,21.625,8.642297744750977,1724400
1992-01-13,21.65625,21.75,21.46875,8.629864692687988,1523200
1992-01-14,21.625,21.6875,21.375,8.617429733276367,2077600
1992-01-15,21.6875,21.71875,21.0625,8.418469429016113,3381200
1992-01-16,20.75,20.875,20.25,8.169770240783691,6536400
1992-01-17,20.125,20.3125,20.0625,8.020553588867188,4197200
1992-01-20,20,20.21875,19.90625,8.008118629455566,2738400
1992-01-21,20.03125,20.09375,19.625,7.858897686004639,1689200
1992-01-22,19.71875,20.34375,19.71875,8.095162391662598,2033600
1992-01-23,20.46875,20.71875,20.03125,7.983248710632324,2458400
1992-01-24,20.125,20.34375,20.09375,8.032987594604492,1051200
1992-01-27,20.125,20.21875,19.9375,7.983248710632324,1062000
1992-01-28,20.03125,20.09375,19.90625,7.921069622039795,2037600
1992-01-29,19.84375,20.09375,19.625,7.821591377258301,2270800
1992-01-30,19.71875,20,19.71875,7.958374977111816,1839600
1992-01-31,19.96875,20,19.71875,7.846463203430176,1840400
1992-02-03,19.71875,19.75,19.3125,7.77185583114624,2430400
1992-02-04,19.5,19.75,19.34375,7.8340253829956055,2673200
1992-02-05,19.8125,19.8125,19.5,7.784284591674805,3372400
1992-02-06,19.5625,19.59375,19.375,7.70967960357666,2127200
1992-02-07,19.4375,19.625,19.40625,7.734549045562744,2617200
1992-02-10,19.5,19.8125,19.46875,7.9399333000183105,1730400
1992-02-11,19.75,19.8125,19.4375,7.814698696136475,2190400
1992-02-12,19.375,19.40625,19.0625,7.72703742980957,4715600
1992-02-13,19.3125,19.375,18.8125,7.5892767906188965,3748400
1992-02-14,18.875,19.125,18.84375,7.614320278167725,1692000
1992-02-18,18.9375,19.25,18.75,7.55170202255249,2105600
1992-02-19,18.78125,18.8125,18.5625,7.476560115814209,2980000
1992-02-20,18.6875,18.84375,18.59375,7.501610279083252,2190800
1992-02-21,18.6875,18.8125,18.21875,7.326278209686279,4172800
1992-02-24,18.21875,18.46875,18.09375,7.401424884796143,3097200
1992-02-25,18.40625,18.53125,18.25,7.401424884796143,2815600
1992-02-26,18.625,18.84375,18.59375,7.539178371429443,3287200
1992-02-27,18.8125,18.90625,18.75,7.539178371429443,1907600
1992-02-28,18.8125,19,18.625,7.501610279083252,2015600
1992-03-02,18.71875,18.75,18.25,7.313751697540283,2580400
1992-03-03,18.34375,18.40625,18.125,7.351325988769531,3202400
1992-03-04,18.375,18.40625,18,7.226090431213379,2866400
1992-03-05,18.03125,18.28125,17.96875,7.276187896728516,1945200
1992-03-06,18.1875,18.21875,18,7.226090431213379,1693200
1992-03-09,18.09375,18.25,18.0625,7.251143455505371,1402400
1992-03-10,18.09375,18.1875,18.0625,7.238616943359375,1951600
1992-03-11,18.0625,18.21875,17.875,7.201045036315918,2164400
1992-03-12,17.96875,18,17.6875,7.088331699371338,3482400
1992-03-13,17.8125,17.96875,17.75,7.138425350189209,1945600
1992-03-16,17.9375,17.9375,17.5,7.113378047943115,2750000
1992-03-17,17.78125,18.03125,17.71875,7.213564395904541,2122800
1992-03-18,18,18.09375,17.8125,7.138425350189209,1616800
1992-03-19,17.9375,18,17.78125,7.125904560089111,2086000
1992-03-20,17.78125,17.875,17.5625,7.1509504318237305,3273600
1992-03-23,17.84375,18,17.8125,7.201045036315918,1265200
1992-03-24,17.96875,18.03125,17.78125,7.163469314575195,2716400
1992-03-25,17.90625,17.9375,17.59375,7.050760269165039,2273200
1992-03-26,17.71875,17.71875,17.5625,7.050760269165039,1763200
1992-03-27,17.53125,17.59375,17.375,7.000667095184326,2812800
1992-03-30,17.46875,17.625,17.40625,7.000667095184326,2060800
1992-03-31,17.46875,17.84375,17.4375,7.113378047943115,2708400
1992-04-01,17.75,18.1875,17.59375,7.263662338256836,2429600
1992-04-02,18.125,18.15625,17.625,7.075807571411133,1899200
1992-04-03,17.71875,18.03125,17.65625,7.175995826721191,2186000
1992-04-06,17.96875,18.125,17.90625,7.226090431213379,1245600
1992-04-07,18,18.0625,17.75,7.113378047943115,1191200
1992-04-08,17.5625,17.6875,17.40625,7.03823184967041,3014800
1992-04-09,17.59375,18.0625,17.53125,7.213564395904541,2307600
1992-04-10,18.125,18.21875,18,7.276187896728516,1451200
1992-04-13,18.125,18.625,18.03125,7.4640398025512695,1566800
1992-04-14,18.625,18.65625,18.3125,7.351325988769531,1996800
1992-04-15,18.375,18.40625,17.96875,7.251143455505371,2069600
1992-04-16,18.09375,18.125,17.6875,7.175995826721191,2471600
1992-04-20,17.84375,17.90625,17.34375,6.988143444061279,2947200
1992-04-21,17.375,17.40625,17.125,6.9130048751831055,4212400
1992-04-22,17.34375,17.375,16.9375,6.8128156661987305,4301600
1992-04-23,17.125,17.34375,16.8125,6.7877631187438965,4121200
1992-04-24,17.25,17.28125,17.0625,6.850389003753662,2743200
1992-04-27,17.125,17.21875,17.03125,6.8253374099731445,1956400
1992-04-28,17.03125,17.25,17.03125,6.9130048751831055,1413200
1992-04-29,17.28125,17.6875,17.09375,6.887956619262695,4668800
1992-04-30,17.125,17.1875,16.78125,6.887956619262695,4258800
1992-05-01,17.25,17.34375,16.875,6.862906455993652,3787600
1992-05-04,17.25,17.375,17.21875,6.9130048751831055,2507200
1992-05-05,17.28125,17.34375,17.25,6.9255242347717285,1940000
1992-05-06,17.375,17.40625,17.03125,6.8253374099731445,2509200
1992-05-07,17.09375,17.15625,17.03125,6.850389003753662,1978000
1992-05-08,17.03125,17.125,16.8125,6.762722969055176,2407200
1992-05-11,16.75,16.875,16.65625,6.805652618408203,2887600
1992-05-12,16.84375,16.875,16.625,6.755141735076904,3218400
1992-05-13,16.8125,16.84375,16.65625,6.742517471313477,1552400
1992-05-14,16.65625,16.6875,16.375,6.641506671905518,3074800
1992-05-15,16.40625,16.5,16.25,6.591001033782959,2644000
1992-05-18,16.5,16.625,16.46875,6.704640865325928,1640000
1992-05-19,16.5,16.96875,16.5,6.856153964996338,2314400
1992-05-20,17.09375,17.09375,16.625,6.742517471313477,2652800
1992-05-21,16.6875,16.71875,16.40625,6.679388046264648,1604400
1992-05-22,16.625,16.71875,16.5625,6.755141735076904,1190400
1992-05-26,16.78125,16.78125,16.3125,6.603626728057861,2078000
1992-05-27,16.3125,16.375,16.21875,6.6162519454956055,2357200
1992-05-28,16.4375,16.875,16.375,6.805652618408203,1839200
1992-05-29,16.875,16.90625,16.46875,6.666754245758057,2408000
1992-06-01,16.625,16.75,16.4375,6.767772197723389,1814800
1992-06-02,16.5625,16.5625,16.15625,6.527870178222656,3311200
1992-06-03,16.25,16.5,16.1875,6.641506671905518,3518400
1992-06-04,16.375,16.4375,16.25,6.591001033782959,1933200
1992-06-05,16.3125,16.34375,16.21875,6.578374862670898,1575200
1992-06-08,16.28125,16.3125,16.125,6.515239715576172,1483600
1992-06-09,16.21875,16.28125,16.125,6.527870178222656,3038000
1992-06-10,16.15625,16.21875,16.09375,6.527870178222656,2556400
1992-06-11,16.125,16.34375,16.0625,6.591001033782959,2669600
1992-06-12,16.375,16.4375,16.25,6.603626728057861,1887200
1992-06-15,16.21875,16.3125,16.1875,6.565746784210205,1831200
1992-06-16,16.3125,16.5,16.28125,6.603626728057861,1501600
1992-06-17,16.34375,16.40625,16.15625,6.527870178222656,1910000
1992-06-18,16.1875,16.1875,15.90625,6.439481258392334,2749200
1992-06-19,16.03125,16.125,16,6.464737892150879,2266800
1992-06-22,16,16.1875,15.9375,6.527870178222656,1198000
1992-06-23,16.3125,16.34375,16,6.5026140213012695,1482800
1992-06-24,16.15625,16.1875,15.9375,6.5026140213012695,1071200
1992-06-25,16.15625,16.375,15.96875,6.5026140213012695,1235200
1992-06-26,16.125,16.21875,16.03125,6.515239715576172,952000
1992-06-29,16.09375,16.4375,16.0625,6.641506671905518,2260000
1992-06-30,16.46875,16.5,16.21875,6.578374862670898,1517200
1992-07-01,16.3125,16.65625,16.28125,6.729891777038574,1873200
1992-07-02,16.75,16.78125,16.4375,6.654131889343262,1216800
1992-07-06,16.5,16.75,16.4375,6.767772197723389,1681200
1992-07-07,16.75,16.75,16.21875,6.565746784210205,1932800
1992-07-08,16.1875,16.34375,16.0625,6.591001033782959,1795600
1992-07-09,16.375,16.59375,16.34375,6.679388046264648,2261200
1992-07-10,16.59375,16.59375,16.15625,6.527870178222656,2059200
1992-07-13,16.125,16.4375,16.0625,6.603626728057861,2460400
1992-07-14,16.28125,16.4375,16.1875,6.540497303009033,2474800
1992-07-15,16.25,16.65625,16.1875,6.729891777038574,1566800
1992-07-16,16.34375,16.71875,16.28125,6.717266082763672,2250000
1992-07-17,16.59375,16.75,16.53125,6.755141735076904,1977600
1992-07-20,16.5625,16.6875,16.5,6.729891777038574,2330000
1992-07-21,16.75,16.75,16.53125,6.717266082763672,1419600
1992-07-22,16.5625,16.8125,16.5625,6.767772197723389,1768800
1992-07-23,16.78125,16.8125,16.625,6.755141735076904,1558800
1992-07-24,16.65625,17.1875,16.65625,6.919285774230957,2418800
1992-07-27,17.0625,17.40625,17.0625,7.0202956199646,1646000
1992-07-28,17.4375,17.6875,17.40625,7.146566390991211,2471200
1992-07-29,17.78125,17.84375,17.65625,7.159191131591797,2367600
1992-07-30,17.71875,17.75,17.65625,7.159191131591797,1182400
1992-07-31,17.625,17.75,17.625,7.133934497833252,1159200
1992-08-03,17.6875,17.96875,17.625,7.247575759887695,1423600
1992-08-04,17.9375,18,17.84375,7.260199546813965,1104000
1992-08-05,18,18,17.90625,7.247575759887695,1332800
1992-08-06,17.875,17.9375,17.75,7.184442520141602,990800
1992-08-07,17.75,17.96875,17.71875,7.171817302703857,1805200
1992-08-10,17.59375,17.625,17.34375,7.100555896759033,1304800
1992-08-11,17.375,17.59375,17.25,7.151453495025635,1784400
1992-08-12,17.5,17.5,17.28125,7.062381744384766,1618400
1992-08-13,17.34375,17.375,17.25,7.075107097625732,1385600
1992-08-14,17.34375,17.5625,17.3125,7.126008033752441,954800
1992-08-17,17.4375,17.59375,17.4375,7.151453495025635,1320400
1992-08-18,17.5,17.59375,17.46875,7.151453495025635,1771200
1992-08-19,17.4375,17.46875,17.1875,7.011483669281006,1723200
1992-08-20,17.15625,17.21875,17,6.922405242919922,1256800
1992-08-21,17.03125,17.0625,16.65625,6.7951555252075195,1454000
1992-08-24,16.625,16.8125,16.59375,6.7824273109436035,1126400
1992-08-25,16.65625,16.78125,16.59375,6.820602893829346,812000
1992-08-26,16.75,16.78125,16.59375,6.769707202911377,906000
1992-08-27,16.625,16.6875,16.40625,6.693357467651367,2123600
1992-08-28,16.5,16.5,16.3125,6.667902946472168,1622000
1992-08-31,16.375,16.375,16.25,6.629730701446533,802400
1992-09-01,16.25,16.71875,16.25,6.7951555252075195,1901200
1992-09-02,16.6875,16.71875,16.5,6.744255065917969,1286400
1992-09-03,16.59375,16.625,16.46875,6.756979942321777,1800800
1992-09-04,16.65625,16.71875,16.5,6.718803882598877,1189600
1992-09-08,16.8125,16.8125,16.5625,6.744255065917969,2185600
1992-09-09,16.53125,16.65625,16.46875,6.756979942321777,1245600
1992-09-10,16.625,16.75,16.59375,6.807878494262695,1252000
1992-09-11,16.71875,16.8125,16.65625,6.84605598449707,1732800
1992-09-14,16.9375,17.0625,16.875,6.935129165649414,2192800
1992-09-15,16.96875,17.09375,16.875,6.909679889678955,1564800
1992-09-16,16.875,17.15625,16.875,6.960583209991455,1364800
1992-09-17,17.15625,17.1875,16.9375,6.922405242919922,925200
1992-09-18,17,17.03125,16.6875,6.7951555252075195,1977600
1992-09-21,16.75,16.78125,16.59375,6.7824273109436035,692800
1992-09-22,16.5625,16.59375,16.40625,6.693357467651367,1165200
1992-09-23,16.4375,16.5,16.34375,6.693357467651367,1097600
1992-09-24,16.4375,16.625,16.3125,6.680629253387451,842400
1992-09-25,16.375,16.4375,15.78125,6.4643049240112305,2636400
1992-09-28,15.875,15.875,15.5,6.387957572937012,2156400
1992-09-29,15.625,15.65625,15.3125,6.337055683135986,3246800
1992-09-30,15.5625,15.6875,15.5625,6.375232696533203,1335200
1992-10-01,15.6875,15.71875,15.375,6.324330806732178,1869200
1992-10-02,15.5,15.59375,15.125,6.171632766723633,2312400
1992-10-05,14.875,15.53125,14.6875,6.311607837677002,5493200
1992-10-06,15.5,15.5,14.9375,6.120729446411133,2276800
1992-10-07,15.0625,15.28125,15.03125,6.120729446411133,2023600
1992-10-08,15.09375,15.28125,15,6.197081089019775,2374000
1992-10-09,15.1875,15.25,14.875,6.057106971740723,2217200
1992-10-12,15,15.125,15,6.15890645980835,1224000
1992-10-13,15.15625,15.28125,15.03125,6.120729446411133,1284400
1992-10-14,15.03125,15.3125,15.03125,6.171632766723633,1806400
1992-10-15,15.09375,15.3125,15.0625,6.184359550476074,1436400
1992-10-16,15.21875,15.21875,14.96875,6.108007431030273,1747600
1992-10-19,15.03125,15.25,15,6.197081089019775,1684400
1992-10-20,15.375,15.46875,15.0625,6.171632766723633,1864000
1992-10-21,15.125,15.125,14.4375,6.044382095336914,10524800
1992-10-22,14.8125,14.96875,14.6875,6.044382095336914,3994800
1992-10-23,14.8125,14.875,14.6875,5.993480205535889,2098400
1992-10-26,14.6875,14.96875,14.6875,6.069833278656006,1852400
1992-10-27,14.9375,15,14.84375,6.057106971740723,1670000
1992-10-28,14.90625,14.96875,14.84375,6.095283031463623,1950800
1992-10-29,15.0625,15.28125,15.0625,6.184359550476074,2310400
1992-10-30,15.3125,15.46875,15.28125,6.273431301116943,2493600
1992-11-02,15.375,15.65625,15.21875,6.375232696533203,2932000
1992-11-03,15.78125,15.90625,15.6875,6.426127910614014,2926400
1992-11-04,15.78125,15.84375,15.375,6.273431301116943,2411600
1992-11-05,15.40625,15.46875,15.28125,6.286154270172119,1466800
1992-11-06,15.34375,15.375,15.15625,6.304129600524902,1537200
1992-11-09,15.25,15.28125,15.0625,6.18857479095459,1896400
1992-11-10,15.09375,15.1875,14.9375,6.227096080780029,1874800
1992-11-11,15.15625,15.59375,15.15625,6.394007205963135,2526400
1992-11-12,15.75,16.03125,15.71875,6.535237789154053,3251200
1992-11-13,15.8125,15.84375,15.53125,6.394007205963135,1408400
1992-11-16,15.65625,15.71875,15.625,6.432523727416992,973600
1992-11-17,15.59375,15.65625,15.46875,6.419686317443848,1042800
1992-11-18,15.6875,15.9375,15.65625,6.483879566192627,1830000
1992-11-19,15.8125,15.875,15.6875,6.509558200836182,2014000
1992-11-20,16.1875,16.1875,15.875,6.535237789154053,2056000
1992-11-23,15.6875,15.875,15.6875,6.4967193603515625,1390000
1992-11-24,15.78125,16,15.78125,6.560917854309082,1896800
1992-11-25,15.875,15.9375,15.84375,6.509558200836182,1252000
1992-11-27,15.90625,15.96875,15.78125,6.4967193603515625,1262000
1992-11-30,15.75,15.78125,15.59375,6.419686317443848,2236400
1992-12-01,15.65625,15.8125,15.59375,6.483879566192627,1468400
1992-12-02,15.8125,15.84375,15.65625,6.483879566192627,1288000
1992-12-03,15.75,15.90625,15.6875,6.483879566192627,1286400
1992-12-04,15.8125,15.96875,15.78125,6.535237789154053,1525200
1992-12-07,15.90625,16.21875,15.90625,6.663634777069092,1800800
1992-12-08,16.1875,16.28125,16.125,6.676472187042236,2950400
1992-12-09,16.28125,16.375,16.25,6.714991569519043,1958800
1992-12-10,16.28125,16.3125,16.21875,6.702155113220215,1661200
1992-12-11,16.25,16.28125,16.03125,6.599435329437256,1121200
1992-12-14,16,16.09375,15.90625,6.535237789154053,1482000
1992-12-15,15.90625,15.9375,15.84375,6.535237789154053,1422800
1992-12-16,15.9375,15.9375,15.625,6.432523727416992,1596400
1992-12-17,15.65625,15.78125,15.5625,6.458205699920654,1357600
1992-12-18,15.9375,16,15.78125,6.573760509490967,2993200
1992-12-21,15.96875,16.1875,15.9375,6.612273693084717,1660800
1992-12-22,16.125,16.15625,15.96875,6.573760509490967,2224000
1992-12-23,15.96875,16,15.75,6.483879566192627,2933200
1992-12-24,15.8125,15.875,15.6875,6.4967193603515625,918000
1992-12-28,15.6875,15.71875,15.5625,6.419686317443848,1315200
1992-12-29,15.625,15.8125,15.625,6.419686317443848,1771200
1992-12-30,15.625,15.6875,15.375,6.342648506164551,1628000
1992-12-31,15.4375,15.5,15.1875,6.239936351776123,1606400
1993-01-04,15.25,15.40625,15.21875,6.304129600524902,1780800
1993-01-05,15.34375,15.375,15.125,6.239936351776123,2002000
1993-01-06,15.1875,15.21875,14.84375,6.137216567993164,3860400
1993-01-07,14.96875,15,14.625,6.021665096282959,2283600
1993-01-08,14.65625,15.21875,14.625,6.239936351776123,3272800
1993-01-11,15.1875,15.28125,15.09375,6.252771854400635,2772400
1993-01-12,15.15625,15.25,15.09375,6.265614986419678,2249600
1993-01-13,15.25,15.3125,15.15625,6.29128885269165,1470000
1993-01-14,15.34375,15.34375,15.125,6.29128885269165,2802000
1993-01-15,15.34375,15.5,15.28125,6.304129600524902,2038000
1993-01-18,15.1875,15.25,14.9375,6.150061130523682,2523600
1993-01-19,14.96875,15,14.46875,6.008822441101074,3727200
1993-01-20,14.625,14.875,14.5,6.034504413604736,3117200
1993-01-21,14.65625,14.78125,14.4375,5.957467555999756,3750000
1993-01-22,14.5,14.65625,14.40625,5.957467555999756,3317600
1993-01-25,14.375,14.53125,14.34375,5.9061102867126465,1883600
1993-01-26,14.40625,14.40625,14,5.790553569793701,2206800
1993-01-27,14.0625,14.21875,13.9375,5.829073905944824,2198400
1993-01-28,14.3125,14.375,14.15625,5.854755878448486,1656400
1993-01-29,14.28125,14.28125,13.9375,5.803393840789795,2146400
1993-02-01,14.0625,14.125,13.90625,5.752037048339844,2040800
1993-02-02,13.9375,14,13.78125,5.675002574920654,3305200
1993-02-03,13.8125,14.15625,13.625,5.790553569793701,3306800
1993-02-04,14.0625,14.09375,13.78125,5.777716159820557,3376400
1993-02-05,13.9375,14,13.90625,5.752037048339844,3360400
1993-02-08,13.9375,14.03125,13.75,5.662161350250244,3159600
1993-02-09,13.5625,13.6875,13.40625,5.647102355957031,2097200
1993-02-10,13.53125,14,13.5,5.763937473297119,2699200
1993-02-11,13.9375,14.15625,13.875,5.85481071472168,2908800
1993-02-12,13.8125,13.90625,13.71875,5.750962257385254,3610000
1993-02-16,13.71875,13.71875,13.25,5.5172834396362305,3254000
1993-02-17,13.25,13.3125,13.09375,5.5172834396362305,3312400
1993-02-18,13.4375,13.4375,12.84375,5.387467861175537,2326000
1993-02-19,12.96875,13,12.125,5.062917709350586,5658000
1993-02-22,12.1875,12.34375,12.03125,5.023972511291504,6554000
1993-02-23,12.15625,12.4375,12.03125,5.127832412719727,6241200
1993-02-24,12.4375,12.75,12.40625,5.283608436584473,3730000
1993-02-25,12.5625,12.71875,12.46875,5.270627975463867,3878400
1993-02-26,12.6875,12.875,12.65625,5.348520278930664,2444800
1993-03-01,12.875,13.09375,12.8125,5.387467861175537,2067600
1993-03-02,13,13.21875,12.9375,5.465358257293701,2406000
1993-03-03,13.28125,13.28125,12.96875,5.439393997192383,2281200
1993-03-04,13.09375,13.09375,12.78125,5.374481678009033,3180000
1993-03-05,12.875,13.1875,12.84375,5.348520278930664,2806400
1993-03-08,12.875,13.21875,12.84375,5.491321563720703,2727200
1993-03-09,13.1875,13.21875,13.09375,5.465358257293701,2729200
1993-03-10,13.15625,13.4375,13.15625,5.530267715454102,5646000
1993-03-11,13.3125,13.34375,13.15625,5.465358257293701,2232000
1993-03-12,13.09375,13.125,12.90625,5.374481678009033,2423600
1993-03-15,12.96875,12.96875,12.6875,5.270627975463867,1100000
1993-03-16,12.28125,12.3125,12.09375,5.062917709350586,8216000
1993-03-17,12.125,12.15625,11.9375,4.959064960479736,5454800
1993-03-18,11.96875,12.0625,11.90625,4.985026836395264,4471600
1993-03-19,12,12,11.71875,4.907139301300049,5355600
1993-03-22,11.71875,11.75,11.46875,4.803282737731934,4282000
1993-03-23,11.625,12,11.625,4.907139301300049,5013600
1993-03-24,11.53125,11.625,11.46875,4.790299892425537,5904800
1993-03-25,11.53125,11.59375,11.40625,4.764338493347168,4108400
1993-03-26,11.46875,11.5,11.28125,4.712412357330322,2463600
1993-03-29,11.5,11.8125,11.375,4.868191719055176,3452400
1993-03-30,11.71875,12.28125,11.71875,5.101866245269775,3813600
1993-03-31,12.3125,12.34375,12.15625,5.062917709350586,4362800
1993-04-01,12.1875,12.1875,11.8125,4.985026836395264,3294800
1993-04-02,11.875,11.9375,11.71875,4.907139301300049,2818800
1993-04-05,11.78125,11.90625,11.6875,4.907139301300049,1776000
1993-04-06,11.8125,11.90625,11.6875,4.8811726570129395,219600
1993-04-07,11.6875,11.8125,11.5625,4.829249858856201,2410800
1993-04-08,11.6875,11.71875,11.25,4.777318477630615,2405200
1993-04-12,11.5,11.6875,11.375,4.855207920074463,3160800
1993-04-13,11.6875,11.71875,11.4375,4.751352310180664,2297600
1993-04-14,11.46875,11.625,11.4375,4.803282737731934,1382800
1993-04-15,11.53125,11.59375,11.5,4.803282737731934,2485600
1993-04-16,11.5625,11.5625,11.3125,4.738372802734375,9690800
1993-04-19,11.34375,11.65625,11.3125,4.816263198852539,5556400
1993-04-20,11.5625,12,11.46875,4.972047328948975,6122800
1993-04-21,12.03125,12.125,11.90625,4.998012065887451,3683600
1993-04-22,11.90625,11.96875,11.5625,4.803282737731934,2906400
1993-04-23,11.5625,11.71875,11.53125,4.84222936630249,2312000
1993-04-26,11.5625,11.65625,11.46875,4.777318477630615,1611200
1993-04-27,11.625,12.0625,11.5625,5.010993480682373,5435200
1993-04-28,11.9375,12.03125,11.84375,4.985026836395264,2184000
1993-04-29,12,12.21875,11.9375,5.075901985168457,2323200
1993-04-30,12.21875,12.46875,12.21875,5.140810489654541,1966400
1993-05-03,12.34375,12.84375,12.3125,5.322558879852295,2651200
1993-05-04,12.8125,12.96875,12.625,5.257647514343262,2671600
1993-05-05,12.65625,13.03125,12.625,5.387467861175537,2775600
1993-05-06,12.84375,12.875,12.71875,5.348520278930664,2540800
1993-05-07,12.90625,12.9375,12.78125,5.361501693725586,1236800
1993-05-10,12.625,12.875,12.625,5.333127975463867,1850800
1993-05-11,12.625,12.65625,12.5,5.306858062744141,1744800
1993-05-12,12.59375,12.625,12.4375,5.228043079376221,1627600
1993-05-13,12.375,12.375,12.09375,5.149227142333984,1486400
1993-05-14,12.1875,12.65625,12.1875,5.2805867195129395,2509200
1993-05-17,12.625,12.78125,12.5625,5.346263885498047,1732000
1993-05-18,12.71875,12.71875,12.5,5.306858062744141,1363600
1993-05-19,12.59375,12.84375,12.53125,5.372535228729248,2789600
1993-05-20,12.96875,12.96875,12.75,5.43821382522583,2390000
1993-05-21,12.875,12.96875,12.65625,5.319993019104004,1844800
1993-05-24,12.71875,12.8125,12.4375,5.293720245361328,1526000
1993-05-25,12.65625,12.6875,12.4375,5.254312515258789,1299200
1993-05-26,12.5625,12.65625,12.375,5.306858062744141,2153600
1993-05-27,12.65625,12.65625,12.4375,5.254312515258789,1735600
1993-05-28,12.4375,12.78125,12.4375,5.359403133392334,1923600
1993-06-01,12.78125,12.875,12.6875,5.385675430297852,1731600
1993-06-02,12.8125,12.8125,12.65625,5.346263885498047,1369600
1993-06-03,12.65625,12.6875,12.46875,5.267448425292969,2033200
1993-06-04,12.5,12.53125,12.25,5.1754984855651855,1776400
1993-06-07,12.3125,12.4375,12.28125,5.201772212982178,2242800
1993-06-08,12.3125,12.40625,12.21875,5.162364959716797,1780000
1993-06-09,12.3125,12.40625,12.28125,5.1754984855651855,1849600
1993-06-10,12.25,12.46875,12.25,5.201772212982178,3092400
1993-06-11,12.4375,12.53125,12.25,5.241177082061768,2319200
1993-06-14,12.53125,12.78125,12.53125,5.333127975463867,1934400
1993-06-15,12.71875,12.75,12.53125,5.267448425292969,1227600
1993-06-16,12.59375,12.6875,12.40625,5.267448425292969,1915600
1993-06-17,12.5625,12.71875,12.5,5.319993019104004,1765200
1993-06-18,12.53125,12.5625,12.375,5.201772212982178,2817600
1993-06-21,12.4375,12.4375,12.125,5.136093616485596,1274800
1993-06-22,12.15625,12.21875,11.90625,5.01786994934082,2192400
1993-06-23,11.9375,12.0625,11.78125,5.031007766723633,1880000
1993-06-24,11.875,12.40625,11.875,5.18863582611084,1950000
1993-06-25,12.40625,12.8125,12.25,5.385675430297852,2580400
1993-06-28,12.5625,12.5625,12.28125,5.18863582611084,4477600
1993-06-29,12.3125,12.4375,12.25,5.201772212982178,1842800
1993-06-30,12.375,12.40625,12.28125,5.1754984855651855,2994000
1993-07-01,12.3125,12.3125,11.8125,4.978462219238281,3714000
1993-07-02,11.84375,11.84375,11.65625,4.9521918296813965,1425200
1993-07-06,11.84375,11.84375,11.53125,4.886514186859131,1512000
1993-07-07,11.625,11.78125,11.5625,4.886514186859131,1941600
1993-07-08,11.625,11.84375,11.53125,4.939053535461426,3176000
1993-07-09,11.75,11.90625,11.6875,4.912783622741699,2134800
1993-07-12,11.8125,11.8125,11.65625,4.912783622741699,1176800
1993-07-13,11.6875,12.03125,11.6875,5.044140815734863,1878000
1993-07-14,11.9375,12.09375,11.8125,5.004733562469482,1671200
1993-07-15,11.65625,11.75,11.65625,4.8996477127075195,1443200
1993-07-16,11.6875,11.6875,11.4375,4.820832252502441,1886800
1993-07-19,11.4375,11.71875,11.375,4.873377323150635,1457200
1993-07-20,11.75,12.125,11.6875,5.0966877937316895,3120400
1993-07-21,12.09375,12.09375,11.84375,5.044140815734863,2874800
1993-07-22,11.96875,12.03125,11.84375,5.004733562469482,1696400
1993-07-23,11.875,12.09375,11.84375,5.057278156280518,1311200
1993-07-26,12.0625,12.15625,11.9375,5.0704121589660645,2073200
1993-07-27,12.0625,12.09375,11.9375,5.0704121589660645,1128800
1993-07-28,12,12.15625,11.90625,5.044140815734863,1600800
1993-07-29,12.03125,12.0625,11.875,4.991600036621094,1822000
1993-07-30,11.875,11.90625,11.59375,4.8996477127075195,3283200
1993-08-02,11.71875,11.71875,11.625,4.886514186859131,1464800
1993-08-03,11.65625,11.75,11.59375,4.886514186859131,1808800
1993-08-04,11.625,11.6875,11.59375,4.873377323150635,2279200
1993-08-05,11.59375,11.65625,11.5,4.833969593048096,1338400
1993-08-06,11.5,11.53125,11.375,4.794564247131348,1789600
1993-08-09,11.25,11.3125,11.09375,4.725870132446289,3034800
1993-08-10,11.0625,11.15625,10.96875,4.699244976043701,2097600
1993-08-11,11.0625,11.15625,11.03125,4.725870132446289,2360800
1993-08-12,11,11.0625,10.90625,4.659309387207031,3261600
1993-08-13,10.96875,11,10.90625,4.64599609375,2062800
1993-08-16,11.03125,11.3125,11,4.8057451248168945,1992800
1993-08-17,11.28125,11.46875,11.21875,4.858994960784912,3516000
1993-08-18,11.6875,12.0625,11.65625,5.098614692687988,3874400
1993-08-19,12.125,12.125,11.875,5.071989059448242,3184800
1993-08-20,11.84375,11.875,11.65625,5.005427837371826,1983600
1993-08-23,11.75,11.75,11.5,4.912243366241455,1153200
1993-08-24,11.53125,11.6875,11.5,4.9788031578063965,1724400
1993-08-25,11.6875,11.71875,11.4375,4.88561487197876,2166800
1993-08-26,11.46875,11.9375,11.46875,5.085305690765381,1517600
1993-08-27,11.75,11.8125,11.625,5.032055377960205,1127600
1993-08-30,11.78125,12.0625,11.78125,5.138551712036133,1493200
1993-08-31,12,12,11.875,5.1119256019592285,822400
1993-09-01,11.90625,12.03125,11.90625,5.085305690765381,1604000
1993-09-02,12.25,12.375,12.21875,5.205113410949707,3315600
1993-09-03,12.28125,12.28125,12.15625,5.178487777709961,1330800
1993-09-07,12.21875,12.25,12.09375,5.1651763916015625,1446000
1993-09-08,12.09375,12.15625,12,5.151864051818848,1649200
1993-09-09,12.03125,12.125,11.875,5.085305690765381,1279600
1993-09-10,11.90625,12.09375,11.875,5.138551712036133,1487200
1993-09-13,12.0625,12.09375,11.78125,5.045364856719971,1487600
1993-09-14,11.78125,12.09375,11.78125,5.151864051818848,2760000
1993-09-15,12.03125,12.0625,11.84375,5.1119256019592285,2298800
1993-09-16,12.03125,12.03125,11.875,5.071989059448242,920400
1993-09-17,11.84375,12.1875,11.84375,5.191800117492676,4958400
1993-09-20,12.1875,12.28125,12.03125,5.151864051818848,2180400
1993-09-21,12.03125,12.40625,12.03125,5.28498649597168,2667200
1993-09-22,12.46875,12.53125,12.3125,5.258362770080566,3174000
1993-09-23,12.5,12.59375,12.375,5.338237762451172,2400800
1993-09-24,12.53125,12.5625,12.40625,5.324922561645508,2320400
1993-09-27,12.53125,12.65625,12.5,5.378175258636475,1514400
1993-09-28,12.5,12.59375,12.46875,5.324922561645508,1951600
1993-09-29,12.5,12.5625,12.4375,5.298299789428711,1206000
1993-09-30,12.4375,12.59375,12.40625,5.324922561645508,1577600
1993-10-01,12.5,12.71875,12.4375,5.418109893798828,1703600
1993-10-04,12.65625,12.71875,12.65625,5.404797554016113,882800
1993-10-05,12.6875,13.03125,12.65625,5.551233291625977,2501200
1993-10-06,13,13,12.6875,5.43142032623291,1598800
1993-10-07,12.75,12.75,12.5625,5.404797554016113,1748800
1993-10-08,12.6875,12.75,12.53125,5.338237762451172,2410000
1993-10-11,12.625,13.4375,12.59375,5.710982322692871,3806000
1993-10-12,13.4375,13.4375,13.03125,5.671045303344727,3735600
1993-10-13,13.25,13.28125,13.09375,5.591168403625488,1471200
1993-10-14,13,13.3125,12.90625,5.631106853485107,2143600
1993-10-15,13.28125,13.53125,13.21875,5.750917911529541,2108000
1993-10-18,13.4375,13.8125,13.375,5.8441033363342285,2809200
1993-10-19,13.65625,13.71875,13.3125,5.684354305267334,1660000
1993-10-20,13.4375,13.6875,13.21875,5.777546405792236,1230400
1993-10-21,13.625,14.15625,13.625,5.950602054595947,3787600
1993-10-22,14,14,13.6875,5.85741662979126,3110400
1993-10-25,13.6875,13.84375,13.625,5.85741662979126,1435600
1993-10-26,13.6875,13.875,13.4375,5.750917911529541,1920800
1993-10-27,13.53125,13.59375,13.28125,5.697671413421631,2712800
1993-10-28,13.375,13.53125,13.3125,5.750917911529541,1131600
1993-10-29,13.4375,13.59375,13.34375,5.7642292976379395,3403200
1993-11-01,13.46875,13.5625,13.34375,5.750917911529541,1175600
1993-11-02,13.46875,13.625,13.3125,5.777546405792236,1389200
1993-11-03,13.75,14.09375,13.71875,5.897349834442139,3374000
1993-11-04,13.8125,14,13.65625,5.923980712890625,3152400
1993-11-05,13.90625,13.96875,13.84375,5.950602054595947,1956400
1993-11-08,14,14.09375,13.875,6.002284526824951,2239600
1993-11-09,13.96875,14.21875,13.84375,6.109942436218262,4252800
1993-11-10,14.1875,14.59375,14.125,6.231067657470703,5117200
1993-11-11,14.40625,14.46875,14.34375,6.204150199890137,1786800
1993-11-12,14.34375,14.53125,14.21875,6.123403549194336,2056000
1993-11-15,14.21875,14.4375,14.1875,6.204150199890137,2130800
1993-11-16,14.40625,14.5625,14.34375,6.257981300354004,2114800
1993-11-17,14.6875,14.6875,14.4375,6.2714433670043945,2212800
1993-11-18,14.65625,14.78125,14.5625,6.298359394073486,2296000
1993-11-19,14.59375,14.78125,14.5625,6.365650177001953,3204000
1993-11-22,14.625,15.1875,14.53125,6.527144432067871,4395200
1993-11-23,15,15.03125,14.59375,6.325273036956787,3831200
1993-11-24,14.625,14.6875,14.375,6.2176127433776855,1960400
1993-11-26,14.46875,14.46875,14.3125,6.204150199890137,1070000
1993-11-29,14.53125,14.5625,14.40625,6.2176127433776855,1286800
1993-11-30,14.3125,14.53125,14.28125,6.1772379875183105,1609600
1993-12-01,14.40625,14.4375,14.3125,6.1772379875183105,926800
1993-12-02,14.375,14.4375,14.28125,6.1772379875183105,954000
1993-12-03,14.34375,14.34375,14.21875,6.1368608474731445,721600
1993-12-06,14.21875,14.34375,14.125,6.1368608474731445,1548000
1993-12-07,14.28125,14.4375,14.28125,6.1772379875183105,1595600
1993-12-08,14.34375,14.46875,14.21875,6.1368608474731445,3076000
1993-12-09,14.4375,14.53125,14.34375,6.190692901611328,1854000
1993-12-10,14.25,14.3125,14.1875,6.163777828216553,1530400
1993-12-13,14.3125,14.375,14.28125,6.190692901611328,1408800
1993-12-14,14.4375,14.46875,14.25,6.150320529937744,1560800
1993-12-15,14.25,14.34375,14.15625,6.1368608474731445,1708000
1993-12-16,14.25,14.28125,14.125,6.083028793334961,1589200
1993-12-17,14.125,14.3125,14.125,6.150320529937744,2211200
1993-12-20,14.34375,14.46875,14.3125,6.204150199890137,2244800
1993-12-21,14.3125,14.625,14.28125,6.2849016189575195,2201200
1993-12-22,14.5625,14.75,14.5625,6.338731288909912,2068400
1993-12-23,14.65625,14.875,14.59375,6.392565727233887,1803600
1993-12-27,14.8125,14.9375,14.75,6.432936668395996,1698000
1993-12-28,14.90625,15.03125,14.84375,6.459855556488037,1787200
1993-12-29,14.96875,15,14.8125,6.406021595001221,2284800
1993-12-30,14.8125,14.9375,14.71875,6.432936668395996,3051200
1993-12-31,14.9375,14.9375,14.8125,6.392565727233887,1540000
1994-01-03,14.8125,14.84375,14.71875,6.392565727233887,1661600
1994-01-04,14.8125,14.84375,14.6875,6.365650177001953,1168000
1994-01-05,14.8125,14.9375,14.65625,6.311818599700928,2779200
1994-01-06,14.75,14.75,14.53125,6.257981300354004,1994400
1994-01-07,14.53125,14.625,14.46875,6.2714433670043945,1718800
1994-01-10,14.46875,14.75,14.375,6.352189540863037,1291200
1994-01-11,14.71875,14.71875,14.59375,6.311818599700928,1975200
1994-01-12,14.65625,14.6875,14.5,6.2849016189575195,1639600
1994-01-13,14.5,14.625,14.5,6.2714433670043945,1772000
1994-01-14,14.53125,14.875,14.40625,6.352189540863037,2609600
1994-01-17,14.6875,15.03125,14.6875,6.446394920349121,2565200
1994-01-18,15.40625,15.46875,15.28125,6.62135124206543,5782400
1994-01-19,15.375,15.375,14.84375,6.446394920349121,4237200
1994-01-20,14.90625,15.0625,14.78125,6.459855556488037,3536800
1994-01-21,15,15.09375,14.9375,6.473313808441162,2638000
1994-01-24,14.96875,15.0625,14.6875,6.365650177001953,2320800
1994-01-25,14.71875,14.875,14.6875,6.365650177001953,3410000
1994-01-26,14.75,14.96875,14.71875,6.432936668395996,1604800
1994-01-27,14.96875,14.96875,14.6875,6.379107475280762,1483600
1994-01-28,14.84375,14.96875,14.75,6.432936668395996,1187200
1994-01-31,14.96875,14.96875,14.84375,6.446394920349121,1158400
1994-02-01,14.96875,15.03125,14.90625,6.432936668395996,1432000
1994-02-02,14.9375,15.03125,14.90625,6.473313808441162,1223600
1994-02-03,15.03125,15.0625,14.625,6.486769199371338,2622800
1994-02-04,15,15.03125,14.71875,6.379107475280762,1675600
1994-02-07,14.75,14.8125,14.6875,6.352189540863037,1456800
1994-02-08,14.78125,14.8125,14.53125,6.311818599700928,2006400
1994-02-09,14.5,14.59375,14.40625,6.284611701965332,1771600
1994-02-10,14.4375,14.53125,14.3125,6.230198860168457,1678000
1994-02-11,14.28125,14.34375,14.03125,6.175784111022949,1246800
1994-02-14,14.21875,14.375,14.09375,6.2029924392700195,1622800
1994-02-15,14.34375,14.4375,14.21875,6.2029924392700195,1852000
1994-02-16,14.25,14.40625,14.25,6.2029924392700195,967600
1994-02-17,14.375,14.40625,14,6.094164848327637,1386400
1994-02-18,14,14,13.5,5.95813512802124,1760800
1994-02-22,13.71875,13.8125,13.6875,5.985342025756836,947200
1994-02-23,13.75,14.375,13.71875,6.230198860168457,2136800
1994-02-24,14.15625,14.1875,13.84375,6.080565452575684,1452000
1994-02-25,13.90625,14.0625,13.78125,6.121373176574707,1685600
1994-02-28,14.0625,14.09375,13.78125,6.026150703430176,916400
1994-03-01,13.8125,14.03125,13.625,6.1077704429626465,1651600
1994-03-02,13.96875,14.125,13.875,6.134976863861084,2693200
1994-03-03,14.09375,14.09375,13.84375,6.053358554840088,800000
1994-03-04,13.84375,13.875,13.5,5.876519680023193,1777200
1994-03-07,13.53125,13.5625,13.125,5.71328067779541,3698000
1994-03-08,13.125,13.375,13.03125,5.794902324676514,2940400
1994-03-09,13.25,13.5,13.1875,5.849310874938965,2648000
1994-03-10,13.3125,13.40625,13.03125,5.6724724769592285,3164000
1994-03-11,13.0625,13.3125,12.875,5.6316609382629395,3075200
1994-03-14,12.96875,13,12.90625,5.6316609382629395,2632000
1994-03-15,12.96875,13.0625,12.8125,5.577251434326172,1564000
1994-03-16,12.84375,12.875,12.71875,5.577251434326172,1229600
1994-03-17,12.8125,13.09375,12.75,5.686075687408447,2405600
1994-03-18,13.03125,13.4375,12.9375,5.822104454040527,4640800
1994-03-21,13.25,14.03125,13.21875,6.1077704429626465,3986000
1994-03-22,13.875,13.875,13.375,5.822104454040527,2759200
1994-03-23,13.40625,13.4375,13.1875,5.767693042755127,1959200
1994-03-24,13.3125,13.4375,13.15625,5.754090309143066,1940000
1994-03-25,13.25,13.375,13.03125,5.6724724769592285,1074800
1994-03-28,12.96875,13,12.90625,5.618061542510986,1778800
1994-03-29,12.90625,13.0625,12.71875,5.550045490264893,1650000
1994-03-30,12.75,12.8125,12.4375,5.4140167236328125,2827200
1994-03-31,12.46875,12.5,12.125,5.427616596221924,5506400
1994-04-04,12.25,12.4375,12.15625,5.37320613861084,1760400
1994-04-05,12.46875,12.5,12.375,5.400411605834961,1798000
1994-04-06,12.46875,12.46875,12.375,5.386809349060059,2010000
1994-04-07,12.375,12.625,12.25,5.441221714019775,1358000
1994-04-08,12.4375,12.4375,12.125,5.2915873527526855,1338000
1994-04-11,12.125,12.375,12.125,5.30518913269043,1739600
1994-04-12,12.25,12.25,12.0625,5.264379978179932,1613200
1994-04-13,12.125,12.15625,11.90625,5.22357177734375,1797200
1994-04-14,11.9375,12.03125,11.84375,5.169160842895508,2146400
1994-04-15,11.875,12.03125,11.8125,5.169160842895508,1629200
1994-04-18,11.875,12.1875,11.78125,5.30518913269043,2792000
1994-04-19,12.1875,12.28125,12,5.30518913269043,2007600
1994-04-20,12.1875,12.25,12,5.250777244567871,3748800
1994-04-21,12.1875,12.5625,12.0625,5.468425273895264,4434000
1994-04-22,12.625,12.71875,12.5625,5.495636463165283,1605200
1994-04-25,12.625,12.6875,12.53125,5.495636463165283,1473600
1994-04-26,12.5,12.5625,12.34375,5.427616596221924,2683600
1994-04-28,12.5,12.59375,12.34375,5.4140167236328125,2290000
1994-04-29,12.4375,12.5,12.25,5.359604835510254,3289200
1994-05-02,12.40625,12.9375,12.3125,5.618061542510986,5371200
1994-05-03,13.03125,13.28125,13.03125,5.767693042755127,6729600
1994-05-04,13.5,13.5,13.34375,5.835711479187012,3724400
1994-05-05,13.4375,13.53125,13.28125,5.794902324676514,2033200
1994-05-06,13.15625,13.34375,13.09375,5.72688627243042,1296000
1994-05-09,13.125,13.3125,13,5.85078239440918,2160000
1994-05-10,13.3125,13.46875,13.3125,5.905853748321533,2564800
1994-05-11,13.4375,13.53125,13.40625,5.919618129730225,1898400
1994-05-12,13.53125,13.5625,13.4375,5.974681377410889,2134000
1994-05-13,13.53125,13.5625,13.375,5.960919380187988,1871200
1994-05-16,13.4375,13.65625,13.375,6.002213001251221,1122400
1994-05-17,13.65625,13.875,13.59375,6.112346172332764,1920000
1994-05-18,13.8125,13.96875,13.75,6.153649806976318,1099600
1994-05-19,13.96875,13.96875,13.90625,6.153649806976318,1153600
1994-05-20,13.84375,13.875,13.75,6.071048259735107,1482400
1994-05-23,13.75,13.8125,13.65625,6.084814548492432,1110400
1994-05-24,13.78125,13.9375,13.6875,6.12611722946167,1222400
1994-05-25,13.875,14.03125,13.78125,6.181179523468018,1609200
1994-05-26,14.0625,14.40625,14,6.318847179412842,2393600
1994-05-27,14.1875,14.5625,14.1875,6.360146999359131,2421600
1994-05-31,14.375,14.40625,14.3125,6.305080413818359,1694800
1994-06-01,14.3125,14.34375,14.09375,6.222482681274414,2234000
1994-06-02,14.125,14.25,14.0625,6.25001335144043,1540000
1994-06-03,14.21875,14.375,14.1875,6.305080413818359,1238400
1994-06-06,14.3125,14.3125,13.875,6.112346172332764,1241200
1994-06-07,13.75,13.875,13.71875,6.098580837249756,1044000
1994-06-08,13.875,13.90625,13.65625,6.057281017303467,1340400
1994-06-09,13.96875,14.25,13.9375,6.277547359466553,2295600
1994-06-10,14.21875,14.3125,14.15625,6.291316509246826,1766000
1994-06-13,14.25,14.3125,14.21875,6.305080413818359,870400
1994-06-14,14.3125,14.71875,14.3125,6.470279216766357,2668800
1994-06-15,14.5,14.625,14.25,6.318847179412842,1243200
1994-06-16,14.3125,14.3125,14.21875,6.277547359466553,1030400
1994-06-17,14.28125,14.40625,14.1875,6.25001335144043,2847600
1994-06-20,14.1875,14.375,14.15625,6.305080413818359,1174800
1994-06-21,14.4375,14.53125,14.21875,6.34637975692749,2646800
1994-06-22,14.375,14.40625,14.15625,6.26378059387207,1645600
1994-06-23,14.21875,14.34375,14.125,6.305080413818359,1046000
1994-06-24,14.3125,14.3125,14.1875,6.291316509246826,1524400
1994-06-27,14.28125,14.5,14.25,6.373912334442139,1697600
1994-06-28,14.4375,14.46875,14.34375,6.332612991333008,1558400
1994-06-29,14.34375,14.5,14.21875,6.277547359466553,1703200
1994-06-30,14.25,14.3125,14.15625,6.26378059387207,1491600
1994-07-01,14.34375,14.34375,14.15625,6.25001335144043,1070000
1994-07-05,14.1875,14.25,14.15625,6.26378059387207,1653200
1994-07-06,14.1875,14.375,14.1875,6.332612991333008,1598800
1994-07-07,14.34375,14.40625,14.28125,6.305080413818359,1143200
1994-07-08,14.25,14.34375,14.25,6.318847179412842,1171200
1994-07-11,13.4375,13.46875,12.40625,5.506618976593018,18063200
1994-07-12,12.40625,12.46875,11.96875,5.327654838562012,12446800
1994-07-13,12.09375,12.40625,12,5.46531867980957,14076800
1994-07-14,12.46875,12.71875,12.3125,5.57545280456543,8812000
1994-07-15,12.75,12.96875,12.53125,5.561688423156738,9048800
1994-07-18,12.625,12.625,12.375,5.46531867980957,3906800
1994-07-19,12.34375,12.40625,12.1875,5.382721424102783,2808800
1994-07-20,12.28125,12.28125,12.03125,5.3551859855651855,4542800
1994-07-21,12.21875,12.21875,11.9375,5.286354064941406,5138000
1994-07-22,11.9375,12.09375,11.8125,5.258822441101074,5060000
1994-07-25,11.90625,12.09375,11.84375,5.286354064941406,3954000
1994-07-26,11.96875,12.1875,11.84375,5.300121784210205,4122400
1994-07-27,12,12.0625,11.9375,5.272590160369873,3129600
1994-07-28,11.96875,12.15625,11.96875,5.341418743133545,2063600
1994-07-29,12.1875,12.3125,12.09375,5.3551859855651855,2119600
1994-08-01,12.15625,12.21875,12.0625,5.327654838562012,1813600
1994-08-02,12.09375,12.5,11.96875,5.492852687835693,2262800
1994-08-03,12.5,12.5,12.375,5.479089260101318,4473600
1994-08-04,12.40625,12.4375,12.25,5.437788009643555,1317200
1994-08-05,12.34375,12.6875,12.3125,5.506618976593018,3137200
1994-08-08,12.46875,12.53125,12.34375,5.520386695861816,2027600
1994-08-09,12.46875,12.5,12.15625,5.436744689941406,3779600
1994-08-10,12.21875,12.6875,12.21875,5.645849704742432,7053600
1994-08-11,12.65625,13.1875,12.625,5.854953289031982,7488000
1994-08-12,13.25,13.75,13.0625,5.910716533660889,15764400
1994-08-15,13.25,13.40625,13.125,5.910716533660889,4136800
1994-08-16,13.40625,13.625,13.34375,6.077999114990234,6858000
1994-08-17,13.65625,14.5,13.625,6.412571430206299,8958000
1994-08-18,14.28125,14.40625,14.0625,6.370751857757568,5606800
1994-08-19,14.3125,14.46875,14.0625,6.384693145751953,5548000
1994-08-22,14.0625,14.125,13.875,6.231344699859619,3836800
1994-08-23,14.03125,14.09375,13.96875,6.231344699859619,3512400
1994-08-24,13.96875,14.09375,13.875,6.273166656494141,2544800
1994-08-25,14.0625,14.09375,13.875,6.217405796051025,2626400
1994-08-26,13.96875,13.96875,13.84375,6.203466892242432,2122800
1994-08-29,13.90625,14.0625,13.90625,6.231344699859619,2652400
1994-08-30,13.96875,14,13.8125,6.217405796051025,1664800
1994-08-31,13.875,14.40625,13.875,6.356808185577393,4043200
1994-09-01,14.125,14.375,14.09375,6.328926086425781,3334400
1994-09-02,14.25,14.25,14.0625,6.301046848297119,1552400
1994-09-06,14.125,14.125,13.96875,6.273166656494141,1896000
1994-09-07,14.03125,14.125,13.96875,6.245283603668213,1722000
1994-09-08,14,14.0625,13.9375,6.231344699859619,2025600
1994-09-09,13.96875,14.25,13.96875,6.273166656494141,3026800
1994-09-12,14,14.125,14,6.287106513977051,1319200
1994-09-13,14.09375,14.15625,14.03125,6.287106513977051,950800
1994-09-14,14.09375,14.09375,13.90625,6.245283603668213,1559600
1994-09-15,14,14.09375,13.96875,6.287106513977051,1563200
1994-09-16,14.09375,14.09375,13.96875,6.245283603668213,3069600
1994-09-19,14.09375,14.6875,14.09375,6.510154724121094,4327600
1994-09-20,14.375,14.8125,14.375,6.426509857177734,5288400
1994-09-21,14.625,14.75,14.375,6.426509857177734,4437200
1994-09-22,14.5,14.53125,14.25,6.412571430206299,2196400
1994-09-23,14.375,14.40625,14.1875,6.384693145751953,1546000
1994-09-26,14.34375,14.34375,14.03125,6.301046848297119,2947600
1994-09-27,14.15625,14.53125,14.09375,6.4404520988464355,2899600
1994-09-28,14.4375,14.53125,14.25,6.426509857177734,3626400
1994-09-29,14.46875,14.5,14.34375,6.426509857177734,1312800
1994-09-30,14.4375,14.5625,14.40625,6.454392433166504,2734400
1994-10-03,14.46875,14.59375,14.40625,6.482271671295166,2763200
1994-10-04,14.5,14.5625,14.40625,6.468331813812256,2759600
1994-10-05,14.4375,14.59375,14.34375,6.496210098266602,3460800
1994-10-06,14.53125,14.75,14.5,6.5380330085754395,3486400
1994-10-07,14.625,14.65625,14.46875,6.468331813812256,2848800
1994-10-10,14.53125,14.53125,14.46875,6.468331813812256,2282800
1994-10-11,14.5,14.625,14.46875,6.510154724121094,3051200
1994-10-12,14.53125,14.78125,14.53125,6.524092197418213,2222000
1994-10-13,14.65625,14.78125,14.59375,6.579857349395752,5379200
1994-10-14,14.71875,14.71875,14.5625,6.551975250244141,1559600
1994-10-17,14.625,14.6875,14.625,6.5380330085754395,876800
1994-10-18,14.4375,14.78125,14.40625,6.565913677215576,2162800
1994-10-19,14.6875,15,14.65625,6.663496017456055,2974000
1994-10-20,14.9375,15.03125,14.8125,6.663496017456055,2556000
1994-10-21,14.875,15.03125,14.78125,6.677438735961914,3507600
1994-10-24,14.96875,15.15625,14.96875,6.705319404602051,3056000
1994-10-25,14.8125,15.1875,14.75,6.747139930725098,5623200
1994-10-26,14.90625,15.03125,14.6875,6.691380977630615,5674400
1994-10-27,15.03125,15.21875,14.90625,6.747139930725098,3343200
1994-10-28,15.15625,15.21875,15.09375,6.775022029876709,3011200
1994-10-31,15.1875,15.625,15.125,6.91442346572876,3046400
1994-11-01,15.4375,15.46875,15.34375,6.886544704437256,2472000
1994-11-02,15.5,15.875,15.4375,7.025946617126465,5203600
1994-11-03,15.71875,16.09375,15.65625,7.179289817810059,4039600
1994-11-04,16,16.09375,15.625,6.970185279846191,3152000
1994-11-07,15.6875,15.90625,15.625,7.05382776260376,2580000
1994-11-08,15.625,15.875,15.625,7.110147953033447,4141200
1994-11-09,16,16.1875,15.90625,7.250941753387451,6054000
1994-11-10,16.21875,16.3125,16.125,7.293177127838135,3686800
1994-11-11,16.125,16.1875,15.90625,7.1664628982543945,2929200
1994-11-14,15.84375,16,15.71875,7.208702087402344,2329200
1994-11-15,15.84375,16.0625,15.78125,7.138306617736816,2956800
1994-11-16,15.78125,15.90625,15.78125,7.152381420135498,1758400
1994-11-17,15.875,15.875,15.5,7.039745330810547,3475200
1994-11-18,15.5625,15.625,15.46875,6.983426570892334,2758400
1994-11-21,15.5,15.53125,15.375,6.941189765930176,1666400
1994-11-22,15.1875,15.28125,15,6.786317348480225,1438400
1994-11-23,14.75,14.75,14.4375,6.6032843589782715,4182800
1994-11-25,14.6875,14.84375,14.65625,6.673680305480957,804800
1994-11-28,14.71875,15.21875,14.71875,6.7722368240356445,1577600
1994-11-29,14.96875,15.375,14.96875,6.884870529174805,2649600
1994-11-30,15.3125,16.09375,15.28125,7.053828716278076,4613200
1994-12-01,15.65625,16,15.46875,7.011587619781494,3102800
1994-12-02,15.4375,15.5625,15.21875,6.955270290374756,1881200
1994-12-05,15.46875,15.5625,15.40625,7.011587619781494,1796000
1994-12-06,15.65625,15.875,15.59375,7.12422513961792,2660800
1994-12-07,15.6875,15.84375,15.59375,7.138306617736816,1614000
1994-12-08,15.8125,15.84375,15.5,7.025670528411865,1813200
1994-12-09,15.53125,15.625,15.3125,6.941189765930176,1820000
1994-12-12,15.28125,15.71875,15.28125,7.053828716278076,1783600
1994-12-13,15.6875,15.6875,15.34375,6.927109718322754,1494000
1994-12-14,15.3125,15.53125,15.28125,6.997509002685547,2038000
1994-12-15,15.5,15.53125,15.34375,6.927109718322754,1006400
1994-12-16,15.4375,15.5625,15.375,6.997509002685547,3297200
1994-12-19,15.46875,15.71875,15.4375,7.067906379699707,1586400
1994-12-20,15.71875,16.1875,15.6875,7.265016078948975,3671600
1994-12-21,16.125,16.3125,16.0625,7.3494977951049805,3618400
1994-12-22,16.25,16.25,15.875,7.152381420135498,2603200
1994-12-23,16,16.40625,15.96875,7.3494977951049805,1832800
1994-12-27,16.375,16.46875,16.34375,7.3917341232299805,1469200
1994-12-28,16.4375,16.4375,16.3125,7.377657413482666,1764400
1994-12-29,16.34375,16.375,16.3125,7.363571643829346,1277200
1994-12-30,16.3125,16.5625,16.3125,7.3917341232299805,1660400
1995-01-03,16.40625,16.40625,16.21875,7.3494977951049805,1682800
1995-01-04,16.28125,16.3125,16.15625,7.33542013168335,1613200
1995-01-05,16.28125,16.34375,16.21875,7.363571643829346,1515600
1995-01-06,16.28125,16.3125,16.21875,7.33542013168335,1754000
1995-01-09,16.25,16.28125,16.0625,7.293177127838135,3111600
1995-01-10,16.15625,16.1875,15.9375,7.180545806884766,1940000
1995-01-11,15.96875,15.96875,15.71875,7.12422513961792,3047200
1995-01-12,15.75,15.8125,15.71875,7.096064567565918,1692800
1995-01-13,15.78125,15.8125,15.625,7.0819854736328125,1531200
1995-01-16,15.78125,16.15625,15.75,7.236861705780029,1931200
1995-01-17,16,16.25,16,7.321333408355713,1984400
1995-01-18,16.28125,16.40625,16.25,7.3494977951049805,2095200
1995-01-19,16.28125,16.3125,16.1875,7.33542013168335,1604800
1995-01-20,16.28125,16.28125,16.15625,7.33542013168335,1758400
1995-01-23,16.21875,16.4375,16.09375,7.405813217163086,3674800
1995-01-24,16.40625,16.40625,16.125,7.265016078948975,1698000
1995-01-25,16.09375,16.21875,15.9375,7.208702087402344,2477600
1995-01-26,16.0625,16.125,16,7.265016078948975,1394400
1995-01-27,16.15625,16.1875,16,7.265016078948975,1459200
1995-01-30,16.0625,16.40625,16.0625,7.363571643829346,1652000
1995-01-31,16.3125,16.46875,16.28125,7.419891834259033,1657600
1995-02-01,16.53125,16.59375,16.40625,7.3917341232299805,3932800
1995-02-02,16.375,16.46875,16.375,7.405813217163086,1989600
1995-02-03,16.46875,16.5625,16.4375,7.448055267333984,1761200
1995-02-06,16.5,16.78125,16.5,7.504367828369141,2059600
1995-02-07,16.6875,16.75,16.59375,7.476210117340088,1387200
1995-02-08,16.59375,16.6875,16.59375,7.504367828369141,1199200
1995-02-09,16.4375,16.5625,16.25,7.46399450302124,3228000
1995-02-10,16.46875,16.46875,16.125,7.364473342895508,1298400
1995-02-13,16.125,16.28125,16.125,7.378695487976074,2049200
1995-02-14,16.25,16.34375,15.9375,7.307603359222412,3398000
1995-02-15,16.03125,16.15625,15.9375,7.350254058837891,4321600
1995-02-16,16.15625,16.15625,15.96875,7.307603359222412,2140400
1995-02-17,16.0625,16.1875,16.03125,7.3218231201171875,2431200
1995-02-21,16.15625,16.15625,16,7.307603359222412,1385600
1995-02-22,16,16.40625,15.96875,7.4213409423828125,2620800
1995-02-23,16.4375,16.4375,16.28125,7.449775218963623,2648000
1995-02-24,16.4375,16.625,16.40625,7.563514232635498,2391200
1995-02-27,16.625,16.640625,16.5625,7.535078525543213,1871200
1995-02-28,16.59375,16.75,16.53125,7.620382785797119,1955200
1995-03-01,16.78125,17,16.75,7.705684661865234,2546800
1995-03-02,16.875,16.90625,16.65625,7.620382785797119,2308400
1995-03-03,16.71875,16.75,16.625,7.620382785797119,1499600
1995-03-06,16.71875,17.09375,16.625,7.7767720222473145,2132000
1995-03-07,17.03125,17.125,16.84375,7.691470623016357,2641200
1995-03-08,17.03125,17.03125,16.9375,7.748338222503662,1488000
1995-03-09,17.09375,17.125,16.8125,7.648815155029297,2220400
1995-03-10,16.8125,17.03125,16.78125,7.748338222503662,2198000
1995-03-13,17.03125,17.125,17,7.734119892120361,1854400
1995-03-14,17.1875,17.25,17.125,7.805202484130859,1433200
1995-03-15,17.125,17.125,16.96875,7.748338222503662,2307200
1995-03-16,17.03125,17.15625,17,7.7767720222473145,1056800
1995-03-17,17.15625,17.34375,17.125,7.83364200592041,2808000
1995-03-20,17.25,17.28125,17.1875,7.847859859466553,854400
1995-03-21,17.25,17.375,17.21875,7.876292705535889,1103600
1995-03-22,17.6875,17.6875,17.5625,8.018462181091309,4061600
1995-03-23,17.6875,17.96875,17.65625,8.160637855529785,3995200
1995-03-24,18.21875,18.46875,18.125,8.373893737792969,6268000
1995-03-27,18.84375,19.21875,18.84375,8.729314804077148,6424400
1995-03-28,19.09375,19.125,18.875,8.629794120788574,2814800
1995-03-29,19,19.15625,18.71875,8.615584373474121,4406800
1995-03-30,18.9375,18.9375,18.34375,8.359676361083984,3464000
1995-03-31,18.125,18.3125,18,8.317022323608398,2684400
1995-04-03,18.28125,18.59375,18.28125,8.416545867919922,2852800
1995-04-04,18.5625,18.9375,18.5,8.615584373474121,3237200
1995-04-05,18.8125,18.84375,18.625,8.47341251373291,2010800
1995-04-06,18.6875,18.71875,18.53125,8.47341251373291,2128800
1995-04-07,18.6875,18.71875,18.5625,8.47341251373291,1369200
1995-04-10,18.65625,18.8125,18.625,8.530280113220215,1572400
1995-04-11,18.75,18.875,18.71875,8.572929382324219,1439200
1995-04-12,18.90625,19.1875,18.90625,8.715106010437012,2653600
1995-04-13,19.25,19.4375,19.1875,8.84305477142334,1450400
1995-04-17,19.5,19.84375,19.375,8.84305477142334,2432000
1995-04-18,19.46875,19.46875,18.8125,8.644015312194824,2737600
1995-04-19,18.96875,19,18.4375,8.402328491210938,4211600
1995-04-20,18.53125,18.59375,18.375,8.402328491210938,2367600
1995-04-21,18.625,18.8125,18.5,8.516061782836914,2556400
1995-04-24,18.78125,19.1875,18.78125,8.658233642578125,1902400
1995-04-25,18.5,18.59375,18.3125,8.345457077026367,5543200
1995-04-26,18.40625,18.40625,17.90625,8.14641284942627,5141200
1995-04-27,17.90625,18.3125,17.90625,8.245936393737793,5371600
1995-04-28,18.375,18.71875,18.28125,8.50184440612793,3367200
1995-05-01,18.625,18.78125,18.59375,8.487628936767578,2554400
1995-05-02,18.59375,18.75,18.59375,8.516061782836914,1331600
1995-05-03,18.75,19.125,18.75,8.70088005065918,2223200
1995-05-04,19.1875,19.21875,18.96875,8.644015312194824,2748800
1995-05-05,19,19.03125,18.5625,8.50184440612793,2485200
1995-05-08,18.625,18.75,18.53125,8.487628936767578,999200
1995-05-09,18.46875,18.53125,18.21875,8.403875350952148,1775600
1995-05-10,18.375,18.46875,18.09375,8.389538764953613,2343200
1995-05-11,18.15625,18.3125,18.0625,8.360849380493164,930800
1995-05-12,18.21875,18.28125,17.4375,8.131397247314453,5678800
1995-05-15,17.71875,17.75,17.3125,8.002324104309082,5164000
1995-05-16,17.5,17.6875,17.375,8.045348167419434,5015600
1995-05-17,17.6875,17.9375,17.65625,8.20309829711914,2512400
1995-05-18,17.6875,17.84375,17.625,8.160079002380371,3182800
1995-05-19,17.71875,18.09375,17.71875,8.274805068969727,2705200
1995-05-22,17.96875,18.125,17.96875,8.274805068969727,1690000
1995-05-23,18.03125,18.3125,18,8.37519359588623,2751200
1995-05-24,18.625,18.625,18.25,8.446898460388184,2263600
1995-05-25,18.4375,18.6875,18.3125,8.403875350952148,2448000
1995-05-26,18.3125,18.4375,18.28125,8.418216705322266,3049600
1995-05-30,18.3125,18.34375,18.1875,8.389538764953613,1131600
1995-05-31,18.34375,18.65625,18.28125,8.561627388000488,1498000
1995-06-01,18.65625,18.75,18.5,8.561627388000488,1546800
1995-06-02,18.71875,18.96875,18.625,8.676355361938477,1353600
1995-06-05,18.9375,19.09375,18.875,8.676355361938477,1393200
1995-06-06,18.9375,19.21875,18.9375,8.705039978027344,2204800
1995-06-07,19.03125,19.1875,18.96875,8.776740074157715,3339600
1995-06-08,19.3125,19.375,19.125,8.819770812988281,1434800
1995-06-09,19.15625,19.15625,18.9375,8.690699577331543,1151600
1995-06-12,19.03125,19.1875,18.96875,8.719378471374512,1241200
1995-06-13,19.09375,19.09375,18.75,8.719378471374512,1358400
1995-06-14,18.96875,19.03125,18.90625,8.733716011047363,1765600
1995-06-15,18.96875,18.96875,18.78125,8.676355361938477,693200
1995-06-16,18.96875,19.125,18.9375,8.719378471374512,3039200
1995-06-19,19,19.0625,18.96875,8.733716011047363,1752400
1995-06-20,19,19.0625,18.71875,8.590311050415039,1622400
1995-06-21,18.71875,19.21875,18.6875,8.80542278289795,2258800
1995-06-22,19.3125,19.53125,19.25,8.92015552520752,3551200
1995-06-23,19.46875,19.65625,19.46875,8.977519989013672,2625600
1995-06-26,19.4375,19.5625,19.28125,8.848448753356934,1804800
1995-06-27,19.34375,19.46875,19.1875,8.80542278289795,1560000
1995-06-28,19.1875,19.59375,19.125,8.99185562133789,2088400
1995-06-29,19.53125,19.6875,19.5,9.034881591796875,1910800
1995-06-30,19.65625,19.78125,19.59375,9.006200790405273,1931600
1995-07-03,19.625,19.75,19.53125,9.06356430053711,787200
1995-07-05,19.6875,19.84375,19.625,9.020544052124023,2138000
1995-07-06,19.8125,19.8125,19.46875,8.93449878692627,1608800
1995-07-07,19.46875,19.5,18.875,8.719378471374512,2126000
1995-07-10,19.03125,19.03125,18.84375,8.690699577331543,2330800
1995-07-11,18.90625,18.96875,18.8125,8.662015914916992,3566000
1995-07-12,19,19.28125,18.84375,8.819770812988281,2034400
1995-07-13,19.25,19.59375,19.21875,8.977519989013672,1532800
1995-07-14,19.4375,19.53125,19.375,8.94883918762207,640800
1995-07-17,19.4375,19.5,19.375,8.93449878692627,1040400
1995-07-18,19.4375,19.78125,19.34375,9.006200790405273,1604400
1995-07-19,19.4375,19.8125,19.34375,8.963181495666504,2845600
1995-07-20,19.46875,19.53125,19.0625,8.80542278289795,3032000
1995-07-21,19.1875,19.34375,19.125,8.819770812988281,2290400
1995-07-24,19.25,19.375,19.21875,8.877134323120117,2234400
1995-07-25,19.4375,19.71875,19.375,9.049223899841309,2206000
1995-07-26,19.4375,19.53125,19.28125,8.94883918762207,2555600
1995-07-27,19.5,19.71875,19.375,9.049223899841309,747200
1995-07-28,19.65625,19.65625,19.5,9.006200790405273,1716800
1995-07-31,19.5625,19.65625,19.46875,8.977519989013672,2308000
1995-08-01,19.625,19.625,19.125,8.862793922424316,1466000
1995-08-02,19.3125,19.46875,19.15625,8.834105491638184,1246000
1995-08-03,19.125,19.5,19,8.94883918762207,1414400
1995-08-04,19.5625,19.5625,19.28125,8.93449878692627,914000
1995-08-07,19.375,19.53125,19.375,8.92015552520752,1122800
1995-08-08,19.40625,19.46875,19.34375,8.93449878692627,1521600
1995-08-09,19.46875,19.46875,19.21875,8.834105491638184,1296000
1995-08-10,19.25,19.25,19.03125,8.80542278289795,1254800
1995-08-11,19,19,18.8125,8.778813362121582,1795600
1995-08-14,18.9375,19.25,18.9375,8.880051612854004,1701600
1995-08-15,19.21875,19.25,18.78125,8.793277740478516,1572000
1995-08-16,18.84375,19.09375,18.8125,8.82220458984375,2666400
1995-08-17,18.96875,18.96875,18.8125,8.735427856445312,1092400
1995-08-18,19,19.09375,18.96875,8.836664199829102,1920800
1995-08-21,19.25,19.5625,19.25,8.952364921569824,3752400
1995-08-22,19.40625,19.4375,19.15625,8.937902450561523,2130400
1995-08-23,19.375,19.40625,19.25,8.966829299926758,1619600
1995-08-24,19.375,19.625,19.34375,9.039143562316895,1899600
1995-08-25,19.53125,19.6875,19.5,9.02468490600586,2455200
1995-08-28,19.46875,19.875,19.4375,9.198232650756836,3012800
1995-08-29,19.9375,20.03125,19.8125,9.212692260742188,3455600
1995-08-30,19.875,20.125,19.875,9.313932418823242,2495200
1995-08-31,20.0625,20.46875,20.03125,9.473021507263184,2677200
1995-09-01,20.46875,20.5,20.34375,9.4585599899292,1775600
1995-09-05,20.4375,20.46875,20.375,9.444095611572266,1848400
1995-09-06,20.3125,20.5625,20.28125,9.473021507263184,1996800
1995-09-07,20.46875,21.125,20.46875,9.77673625946045,4099600
1995-09-08,20.875,21.03125,20.71875,9.689960479736328,5067200
1995-09-11,20.9375,20.9375,20.65625,9.632108688354492,3266400
1995-09-12,20.875,20.90625,20.6875,9.603184700012207,3452000
1995-09-13,20.6875,20.8125,20.65625,9.588719367980957,3062000
1995-09-14,20.75,21.25,20.71875,9.834587097167969,3252800
1995-09-15,21.625,21.625,21.125,9.877975463867188,6414000
1995-09-18,21.28125,21.40625,21.21875,9.877975463867188,15486400
1995-09-19,21.40625,22.15625,21.34375,10.16722583770752,8100800
1995-09-20,22,22.3125,21.875,10.297389030456543,7482800
1995-09-21,22.3125,23.59375,22.28125,10.413079261779785,10228800
1995-09-22,22.3125,22.59375,22.15625,10.32631778717041,5516400
1995-09-25,22.28125,22.34375,22.21875,10.32631778717041,1456400
1995-09-26,22.375,22.6875,22.34375,10.369699478149414,2531600
1995-09-27,22.1875,22.96875,22.1875,10.63003158569336,4412000
1995-09-28,22.84375,22.875,22.53125,10.485400199890137,3155200
1995-09-29,22.5,22.65625,22.46875,10.398627281188965,2112800
1995-10-02,22.3125,22.4375,22.25,10.311850547790527,1583600
1995-10-03,22.34375,22.6875,22.15625,10.485400199890137,2440000
1995-10-04,22.59375,23,22.5625,10.61556625366211,3486000
1995-10-05,23,23.21875,22.75,10.745734214782715,3966800
1995-10-06,23.09375,23.15625,22.9375,10.702343940734863,1725600
1995-10-09,23.09375,23.21875,22.90625,10.644497871398926,2185200
1995-10-10,22.875,23.0625,22.84375,10.644497871398926,4468000
1995-10-11,23,23.0625,22.90625,10.658963203430176,3584400
1995-10-12,23,23.34375,22.96875,10.789118766784668,2247200
1995-10-13,23.5,23.5625,23.375,10.832510948181152,2343600
1995-10-16,23.40625,23.59375,23.21875,10.890358924865723,2651600
1995-10-17,23.5625,23.59375,23.25,10.846969604492188,2748800
1995-10-18,23.46875,23.6875,23.40625,10.948217391967773,3538400
1995-10-19,23.6875,23.6875,23.53125,10.93375015258789,2203600
1995-10-20,23.5,23.78125,23.5,10.919279098510742,4375200
1995-10-23,23.4375,23.5625,23.40625,10.875894546508789,1886800
1995-10-24,23.5,23.65625,23.46875,10.919279098510742,3348400
1995-10-25,23.6875,24.59375,23.65625,11.353165626525879,7158800
1995-10-26,24.5,24.65625,24.375,11.324235916137695,5663200
1995-10-27,24.4375,24.4375,24,11.194075584411621,2986800
1995-10-30,24.125,24.3125,24.0625,11.150683403015137,2116000
1995-10-31,24.125,24.28125,24.125,11.179612159729004,1833600
1995-11-01,24.15625,24.40625,24.15625,11.280845642089844,2446400
1995-11-02,24.40625,24.40625,23.84375,11.049454689025879,3072000
1995-11-03,23.875,23.9375,23.75,11.049454689025879,2234400
1995-11-06,23.6875,23.90625,23.6875,11.020522117614746,1229200
1995-11-07,23.875,24.15625,23.84375,11.049454689025879,1840400
1995-11-08,23.90625,24.40625,23.78125,11.280845642089844,3107600
1995-11-09,24.4375,24.53125,24.3125,11.338700294494629,1549200
1995-11-10,24.34375,24.375,24.25,11.266385078430176,916800
1995-11-13,24.09375,24.21875,24,11.22968864440918,996000
1995-11-14,24.03125,24.46875,24.03125,11.302509307861328,2227200
1995-11-15,24.125,24.9375,24,11.593812942504883,2236800
1995-11-16,24.9375,25.1875,24.75,11.60837173461914,2068400
1995-11-17,24.96875,25.71875,24.96875,11.943374633789062,2188000
1995-11-20,25.5,25.71875,25.3125,11.797728538513184,1079200
1995-11-21,25.0625,25.125,24.90625,11.652063369750977,1685600
1995-11-22,24.96875,24.96875,24.625,11.491852760314941,1863600
1995-11-24,24.625,24.65625,24.53125,11.433600425720215,431200
1995-11-27,24.65625,24.875,24.46875,11.419029235839844,1539600
1995-11-28,24.40625,24.65625,24.375,11.491852760314941,1049200
1995-11-29,24.6875,24.9375,24.6875,11.622944831848145,1173200
1995-11-30,24.8125,25.0625,24.75,11.593812942504883,1551200
1995-12-01,24.875,24.96875,24.46875,11.442694664001465,1545200
1995-12-04,24.40625,24.9375,24.40625,11.622944831848145,1576400
1995-12-05,24.75,25.1875,24.75,11.739459037780762,3536000
1995-12-06,25.25,25.75,25.25,12.001632690429688,2399600
1995-12-07,25.625,25.84375,25,11.724895477294922,2597200
1995-12-08,25.1875,25.34375,24.9375,11.768586158752441,1497600
1995-12-11,25.21875,25.5,25.15625,11.841421127319336,1596800
1995-12-12,25.46875,25.46875,25.15625,11.797728538513184,1201200
1995-12-13,25.5,25.71875,25.4375,11.899677276611328,2602000
1995-12-14,25.75,25.84375,25.625,11.972505569458008,3609600
1995-12-15,25.8125,26.1875,25.65625,12.205538749694824,8186800
1995-12-18,26.25,26.5,25.9375,12.322063446044922,4197200
1995-12-19,26.4375,26.65625,25.8125,12.103586196899414,4441200
1995-12-20,25.90625,25.90625,25.4375,11.943374633789062,4518800
1995-12-21,26.125,27.875,26.125,12.875544548034668,5859200
1995-12-22,27.625,28.5,27.625,12.992058753967285,3407600
1995-12-26,27.875,28.25,27.5,13.166840553283691,2163800
1995-12-27,28.25,28.25,27.625,12.875544548034668,1139200
1995-12-28,27.5625,28.125,27.4375,13.050318717956543,2210600
1995-12-29,27.875,28.125,27.75,13.108577728271484,1439000
1996-01-02,28,28,27.375,12.904667854309082,1704200
1996-01-03,27.5,27.5625,26.375,12.438586235046387,3180000
1996-01-04,26.5,27.0625,26.4375,12.46771240234375,2503200
1996-01-05,26.6875,26.875,26.25,12.380321502685547,1766800
1996-01-08,26.5,27,26.5,12.52597427368164,594400
1996-01-09,27,27,26,12.387611389160156,1963600
1996-01-10,25.75,25.8125,24.6875,11.535554885864258,2316000
1996-01-11,25.5,25.5625,25,11.914246559143066,1534800
1996-01-12,25.625,26.0625,25.1875,11.885109901428223,1732000
1996-01-15,25.5,25.75,25.0625,11.739459037780762,755200
1996-01-16,25.5625,26.4375,25.375,12.176414489746094,2410000
1996-01-17,26.0625,26.625,25.8125,12.059894561767578,2148800
1996-01-18,26.25,26.5625,26.125,12.3511962890625,1907200
1996-01-19,26.4375,26.625,26.3125,12.380321502685547,2001600
1996-01-22,26.4375,26.5,26.1875,12.263802528381348,1342000
1996-01-23,26.25,26.6875,25.3125,12.176414489746094,2166800
1996-01-24,26.25,26.5625,26.1875,12.292936325073242,2796000
1996-01-25,26.375,26.625,26,12.118154525756836,1581600
1996-01-26,25.875,26.4375,25.875,12.322063446044922,2040000
1996-01-29,26.4375,26.875,26.4375,12.496849060058594,2051000
1996-01-30,26.6875,28,26.625,13.021185874938965,4652800
1996-01-31,28.375,29.1875,28,13.341621398925781,4084800
1996-02-01,28.875,29,28.5625,13.45814323425293,2395000
1996-02-02,28.75,29.5,28.75,13.399874687194824,2392200
1996-02-05,28.9375,29,28.6875,13.516397476196289,1535800
1996-02-06,28,29.1875,28,13.516397476196289,2271000
1996-02-07,29,29.75,28.8125,13.77856731414795,2530800
1996-02-08,29.75,30.6875,29.5,14.215529441833496,2769000
1996-02-09,30.375,31.3125,30.125,14.390304565429688,2162200
1996-02-12,31.25,32.0625,31.25,14.943782806396484,2347800
1996-02-13,31.75,32.1875,31.75,15.023907661437988,2334400
1996-02-14,31.875,32,31.375,14.965339660644531,3556200
1996-02-15,31.625,32.5625,31.5625,14.906753540039062,4211200
1996-02-16,31.5,31.5,30.9375,14.584612846374512,2826000
1996-02-20,30.5,30.875,30.1875,14.174603462219238,3094400
1996-02-21,30.25,31.1875,30.25,14.526037216186523,2771800
1996-02-22,31.1875,31.8125,31.0625,14.818903923034668,3045600
1996-02-23,32,32.4375,31.875,15.053197860717773,4001800
1996-02-26,31.375,31.875,30.9375,14.584612846374512,3369200
1996-02-27,31,31.1875,30.375,14.291754722595215,2269800
1996-02-28,30.75,31.0625,29.875,14.086752891540527,4668200
1996-02-29,30.125,31,29.9375,14.203888893127441,3652800
1996-03-01,30.75,31.125,30.5625,14.438177108764648,2966600
1996-03-04,31.25,32.1875,31.1875,15.023907661437988,3034600
1996-03-05,31.75,32.375,31.5625,15.170336723327637,1690600
1996-03-06,32.375,32.875,32.3125,15.228914260864258,1878200
1996-03-07,32.875,33.8125,32.6875,15.785355567932129,2897600
1996-03-08,32.625,33.125,30.875,15.34606647491455,4228600
1996-03-11,32.25,32.4375,31.5,14.994621276855469,4169200
1996-03-12,31.8125,31.9375,30.375,14.87747859954834,2688000
1996-03-13,31.75,32,30.9375,14.584612846374512,2272600
1996-03-14,31.125,31.625,30.75,14.438177108764648,2172600
1996-03-15,30.6875,30.75,30.375,14.262466430664062,3142200
1996-03-18,30.5,30.5,29.6875,13.969594955444336,4364400
1996-03-19,30,30.4375,29.8125,14.028168678283691,3480800
1996-03-20,30.25,31,30.0625,14.526037216186523,3492600
1996-03-21,31.5,33.6875,31.375,15.609635353088379,7608000
1996-03-22,33,33.125,31.875,15.199625968933105,3757200
1996-03-25,33.75,33.8125,32.9375,15.521778106689453,4584800
1996-03-26,33,33.6875,32.875,15.697484016418457,4191800
1996-03-27,33,33.125,32.6875,15.316777229309082,2542200
1996-03-28,32.375,32.6875,32.1875,15.316777229309082,2028000
1996-03-29,33.25,33.25,32.4375,15.228914260864258,2315400
1996-04-01,32.75,32.9375,32.5,15.316777229309082,1880000
1996-04-02,33.25,33.625,33,15.551057815551758,1633400
1996-04-03,33.0625,33.125,32.5625,15.287487030029297,1314800
1996-04-04,32.625,32.625,32.25,15.141047477722168,2186200
1996-04-08,31,31.5625,31,14.760323524475098,1874800
1996-04-09,31.6875,31.6875,31.375,14.760323524475098,1562600
1996-04-10,31.375,31.4375,30,14.291754722595215,3548000
1996-04-11,30.25,30.5,29.203125,14.145318984985352,3836200
1996-04-12,30.375,31.0625,30.3125,14.438177108764648,2175000
1996-04-15,30.5,30.625,30.1875,14.145318984985352,3003600
1996-04-16,30.0625,30.125,29.4375,13.823169708251953,3606000
1996-04-17,29.4375,29.4375,27.9375,13.237441062927246,6091000
1996-04-18,28.75,29.9375,28.6875,13.793885231018066,7186200
1996-04-19,29.75,30.5,29.6875,14.233176231384277,2851400
1996-04-22,30.75,30.75,28.8125,13.706025123596191,2824600
1996-04-23,29.1875,29.375,28.5,13.442440032958984,5600800
1996-04-24,28.8125,28.8125,27.125,13.003151893615723,9996400
1996-04-25,27.875,28.5625,27.8125,13.266718864440918,4786200
1996-04-26,28.75,29.3125,28.625,13.618168830871582,3468200
1996-04-29,29.125,29.6875,29.125,13.764589309692383,2613400
1996-04-30,29.5,29.5625,29.0625,13.852449417114258,1811600
1996-05-01,29.25,29.4375,28.8125,13.530304908752441,2201200
1996-05-02,28.125,28.5625,27.8125,13.120291709899902,1839400
1996-05-03,28.25,28.5625,27.5625,12.973857879638672,1859000
1996-05-06,27.8125,28.3125,26.9375,12.856720924377441,3877200
1996-05-07,27.25,27.625,27.1875,12.856720924377441,3592000
1996-05-08,27,28.1875,26.75,13.149584770202637,3492400
1996-05-09,27.5,28.0625,27.5,12.973857879638672,2577600
1996-05-10,28,28.3125,27.625,13.208147048950195,2563800
1996-05-13,27.875,28.25,27.6875,13.170907020568848,1546800
1996-05-14,27.8125,28.125,27.625,13.229841232299805,3437000
1996-05-15,28.4375,28.75,28.0625,13.288765907287598,2981200
1996-05-16,28.0625,29.5625,28.0625,13.848604202270508,3969600
1996-05-17,30,30,29.25,13.937000274658203,3162600
1996-05-20,29.875,30.125,29.8125,14.143264770507812,2134400
1996-05-21,29.75,30.0625,29.5,13.907540321350098,1869200
1996-05-22,29.25,30.3125,29.125,14.084328651428223,2746800
1996-05-23,30,30.75,30,14.408437728881836,2786800
1996-05-24,30.6875,31.4375,30.6875,14.791491508483887,2514600
1996-05-28,31.4375,31.5625,30.5625,14.467369079589844,2294200
1996-05-29,31.625,32.1875,31.125,14.732556343078613,5470800
1996-05-30,31.25,32.3125,30.75,15.086141586303711,3185800
1996-05-31,31.875,32.1875,31.4375,15.145071983337402,2553600
1996-06-03,31.5,32.75,31.5,15.41026782989502,2987200
1996-06-04,32.875,33.125,32.6875,15.41026782989502,4523400
1996-06-05,33.25,33.25,32.6875,15.616514205932617,3416800
1996-06-06,33.1875,33.3125,33,15.587044715881348,2763600
1996-06-07,31.875,33.625,31.875,15.8522310256958,2920000
1996-06-10,33.5,33.625,33.1875,15.704915046691895,1806000
1996-06-11,33.3125,33.4375,32.8125,15.557581901550293,1603600
1996-06-12,33,33,32,15.145071983337402,1955800
1996-06-13,32.125,32.3125,31.625,15.027214050292969,2258000
1996-06-14,31.75,32.25,31.5625,14.968281745910645,2608200
1996-06-17,31.6875,32.1875,31.375,14.791491508483887,2427600
1996-06-18,31.3125,31.375,30.75,14.496842384338379,2403800
1996-06-19,31.125,31.3125,30.75,14.762029647827148,2659800
1996-06-20,32,32.5,31.6875,15.145071983337402,3480200
1996-06-21,32.9375,33,32.5625,15.528114318847656,4328200
1996-06-24,32.6875,32.875,32.25,15.26292610168457,1940400
1996-06-25,32.375,33,32.375,15.557581901550293,2390600
1996-06-26,32.625,33,32.5,15.439728736877441,1573600
1996-06-27,32.625,32.9375,32.4375,15.498655319213867,1603000
1996-06-28,32.75,33.0625,32.4375,15.321861267089844,1458000
1996-07-01,32.5,32.6875,32.1875,15.29239559173584,2684200
1996-07-02,32.5,33.0625,32.375,15.26292610168457,2929000
1996-07-03,32.375,32.8125,32.375,15.439728736877441,1564400
1996-07-05,32.125,32.625,31.6875,14.968281745910645,692200
1996-07-08,31.5625,32,31.4375,14.87988567352295,1582800
1996-07-09,31.5625,31.6875,30.875,14.58524227142334,2708800
1996-07-10,30.8125,30.8125,30.3125,14.408437728881836,2337200
1996-07-11,30.375,30.8125,30,14.261122703552246,2943600
1996-07-12,29.875,30.4375,29.0625,14.320050239562988,2502600
1996-07-15,30.25,30.6875,29.625,14.025395393371582,2367000
1996-07-16,29.125,29.25,26.75,13.4360933303833,5463000
1996-07-17,28.75,28.75,27.875,13.200368881225586,3988800
1996-07-18,28.25,29.3125,28.125,13.760214805603027,3340800
1996-07-19,28.5,29.5,28.375,13.524486541748047,2368400
1996-07-22,28.5625,29.0625,28.125,13.701285362243652,2107200
1996-07-23,29.0625,29.0625,28.125,13.318235397338867,2157000
1996-07-24,27.875,28.625,27.8125,13.4360933303833,2390000
1996-07-25,29,29,28.0625,13.288765907287598,2648600
1996-07-26,28.3125,28.5,28.0625,13.259299278259277,1459200
1996-07-29,27.75,28,27.375,12.905721664428711,2697000
1996-07-30,27.25,27.5,27,12.846793174743652,3684800
1996-07-31,27.375,28,27.375,13.200368881225586,1770800
1996-08-01,28.25,29,28.1875,13.671815872192383,2094800
1996-08-02,29.25,29.4375,28.6875,13.671815872192383,1991400
1996-08-05,29,29.4375,28.9375,13.760214805603027,1181600
1996-08-06,29.3125,29.5625,29.1875,13.819140434265137,1850000
1996-08-07,29.875,29.875,28.875,13.642350196838379,3126600
1996-08-08,29.0625,29.25,28.875,13.760214805603027,2075800
1996-08-09,28.875,29.125,28.6875,13.612886428833008,1461400
1996-08-12,28.75,28.875,28.125,13.612886428833008,2810600
1996-08-13,29,29.5625,28.9375,13.990395545959473,2716400
1996-08-14,29.375,29.375,28.9375,13.782910346984863,2003600
1996-08-15,28.9375,29.375,28.9375,13.871828079223633,2494200
1996-08-16,29,29.25,29,13.782910346984863,1875200
1996-08-19,29.1875,29.3125,28.9375,13.901467323303223,1083600
1996-08-20,29.0625,29.3125,28.875,13.812541007995605,1587200
1996-08-21,29.125,29.9375,29.125,14.079314231872559,3270000
1996-08-22,29.75,29.9375,29.625,14.168233871459961,1546800
1996-08-23,29.875,29.9375,29.5625,14.079314231872559,1181400
1996-08-26,29.875,29.875,29.5625,14.049664497375488,933600
1996-08-27,29.5625,29.9375,29.5,14.19787311553955,1019800
1996-08-28,29.9375,29.9375,29.625,14.049664497375488,960000
1996-08-29,29.4375,29.5625,29.0625,13.812541007995605,1309400
1996-08-30,29.125,29.1875,28.3125,13.575419425964355,2540200
1996-09-03,28.125,30.125,28,14.168233871459961,3454800
1996-09-04,30.0625,30.0625,29.3125,13.990395545959473,2029600
1996-09-05,29.375,29.5625,28.8125,13.66434383392334,2666200
1996-09-06,28.8125,29.5,28.8125,13.990395545959473,2276800
1996-09-09,29.5,29.5625,29.125,14.020026206970215,1633600
1996-09-10,29.6875,29.875,29.375,14.049664497375488,2620600
1996-09-11,29.6875,30.3125,29.625,14.286786079406738,3049200
1996-09-12,30.25,30.4375,29.9375,14.405359268188477,2250200
1996-09-13,31,31.0625,30.6875,14.731405258178711,3444600
1996-09-16,31.375,31.375,31.125,14.849977493286133,1696000
1996-09-17,31.25,31.3125,30.75,14.612833976745605,1884200
1996-09-18,30.8125,31.125,30.4375,14.731405258178711,3005400
1996-09-19,31.125,32,31.0625,15.146378517150879,3360200
1996-09-20,32.1875,32.3125,31.6875,15.057456016540527,3905000
1996-09-23,31.625,32.1875,31.3125,15.176016807556152,1856000
1996-09-24,31.875,32.3125,31.75,15.176016807556152,2425400
1996-09-25,31.9375,31.9375,31.375,14.938884735107422,3004000
1996-09-26,31.5,32.4375,31.5,15.176016807556152,2055600
1996-09-27,32.0625,32.4375,31.75,15.383501052856445,2532000
1996-09-30,32.3125,32.5625,32.125,15.294572830200195,1931000
1996-10-01,32.25,32.5,31.75,15.413140296936035,2015200
1996-10-02,33,33.1875,32.5,15.502070426940918,4226200
1996-10-03,32.375,33.0625,32.3125,15.620619773864746,2045800
1996-10-04,33.25,33.875,33.1875,15.828108787536621,3152400
1996-10-07,33.25,33.625,32.9375,15.650263786315918,1491600
1996-10-08,32.875,33.5,32.75,15.709552764892578,1822400
1996-10-09,32.625,33.25,32.625,15.620619773864746,1923800
1996-10-10,32.875,33,32.625,15.47242546081543,1215000
1996-10-11,32.5,33.125,32.4375,15.679903984069824,1437000
1996-10-14,32.9375,33.6875,32.9375,15.887380599975586,1705800
1996-10-15,33.5625,33.9375,33.375,16.094879150390625,2807400
1996-10-16,33.6875,33.875,33.1875,15.828108787536621,2842800
1996-10-17,33.25,33.8125,33.1875,16.00596046447754,2839600
1996-10-18,33.75,34.625,33.5625,16.27271270751953,3088400
1996-10-21,34.375,34.875,34.3125,16.302356719970703,2897800
1996-10-22,34.75,35.5,34.4375,16.420928955078125,4054200
1996-10-23,34.5625,35.75,34.5,16.95445442199707,3373200
1996-10-24,35.5625,36.0625,35.375,17.01373291015625,2995000
1996-10-25,35.875,35.875,34.8125,16.539485931396484,2245600
1996-10-28,34.875,34.875,34,16.154157638549805,3276800
1996-10-29,33.9375,35.1875,33.875,16.687692642211914,2650400
1996-10-30,35.0625,35.125,34.3125,16.332002639770508,2285400
1996-10-31,34.375,35.4375,34.3125,16.717330932617188,2088000
1996-11-01,35.5,35.625,34.8125,16.77661895751953,2099200
1996-11-04,35.375,35.8125,35.125,16.95445442199707,2329600
1996-11-05,35.8125,36.875,35.625,17.487987518310547,3188800
1996-11-06,37.5,38.5625,37.375,18.288286209106445,4500200
1996-11-07,38,38.4375,37.875,18.169723510742188,3301800
1996-11-08,38,38.9375,37.875,18.436491012573242,2267800
1996-11-11,38.875,38.875,38.125,18.317922592163086,2706400
1996-11-12,38.4375,38.4375,37.625,17.873306274414062,2520800
1996-11-13,37.375,37.8125,37.1875,18.014328002929688,2335000
1996-11-14,37.5,37.9375,37.1875,17.86544418334961,1938600
1996-11-15,37.6875,38.125,37.25,17.835674285888672,2093400
1996-11-18,37.125,37.625,37,17.835674285888672,1246200
1996-11-19,37,37.4375,36.875,17.686803817749023,2058800
1996-11-20,36.9375,37.125,36.6875,17.508146286010742,2780800
1996-11-21,37.125,38.25,37,17.716564178466797,3427600
1996-11-22,37.5,37.5,37.0625,17.86544418334961,1838000
1996-11-25,37.375,39,37.375,18.5800724029541,2681400
1996-11-26,38.25,39.125,38.25,18.222759246826172,2487600
1996-11-27,38.125,38.5,37.875,18.103660583496094,1272200
1996-11-29,38.125,38.375,38.125,18.222759246826172,618600
1996-12-02,38.75,38.75,37.1875,17.776121139526367,2108000
1996-12-03,37.5,38.4375,37.375,18.073884963989258,2864600
1996-12-04,37.75,37.75,36.25,17.8059024810791,6142000
1996-12-05,37.3125,37.5,36.25,17.38904571533203,2105400
1996-12-06,35.625,37,35,17.508146286010742,2621200
1996-12-09,37.375,37.375,36.8125,17.65703010559082,1832000
1996-12-10,37.25,38.5,37.1875,17.835674285888672,3208200
1996-12-11,37.125,37.9375,36.5,18.014328002929688,3340000
1996-12-12,38.125,38.5,37.125,17.7463436126709,3290800
1996-12-13,37,37.375,36.5625,17.686803817749023,2847200
1996-12-16,37.625,37.8125,36.875,17.62724494934082,3620800
1996-12-17,37,37.8125,36.875,17.56769561767578,3313800
1996-12-18,37.25,37.875,37,17.89522361755371,3278200
1996-12-19,38,39.8125,37.5,18.877817153930664,4265800
1996-12-20,40.1875,40.1875,38.375,18.37164306640625,5814800
1996-12-23,38.625,38.9375,37.4375,18.073884963989258,2016800
1996-12-24,37.8125,38.125,37.8125,18.103660583496094,661600
1996-12-26,38.0625,38.5625,37.6875,18.044116973876953,1089400
1996-12-27,38,38.125,37.5,17.95477867126465,998800
1996-12-30,37.6875,37.9375,37.3125,17.86544418334961,864000
1996-12-31,37.5,37.625,36.5,17.38904571533203,1256600
1997-01-02,36.5625,36.625,35.5625,17.26993751525879,2010600
1997-01-03,36.625,37.625,36.4375,17.92500877380371,1612000
1997-01-06,38,38.1875,37.1875,17.95477867126465,2090200
1997-01-07,37.375,38.125,37,18.1632080078125,2222400
1997-01-08,38,38.25,37.25,17.835674285888672,2952600
1997-01-09,37.3125,38.1875,37.25,18.014328002929688,1587400
1997-01-10,37.125,38.3125,37,18.1929874420166,3120800
1997-01-13,38.25,38.8125,37.9375,18.490745544433594,2476400
1997-01-14,39,39.9375,38.875,18.90760040283203,2777000
1997-01-15,39.125,40.0625,39,18.9373722076416,2970800
1997-01-16,39.875,40.25,39.5,19.08625602722168,2248400
1997-01-17,40,40.9375,40,19.47334861755371,2270000
1997-01-20,40.875,41.375,40.5625,19.44356918334961,1355000
1997-01-21,40.5,41.8125,40.375,19.86042594909668,2225400
1997-01-22,42,42.75,41.75,20.0986328125,4030800
1997-01-23,42.5,43.0625,41.0625,19.56267738342285,3371200
1997-01-24,41.1875,42.0625,40.875,19.681774139404297,3094200
1997-01-27,41.25,41.5,40,19.145816802978516,2325200
1997-01-28,41.25,42.5,40.625,19.592445373535156,4573000
1997-01-29,41.1875,41.75,41,19.532888412475586,2765800
1997-01-30,41.5,43.4375,41.3125,20.694150924682617,3964000
1997-01-31,43.625,44.25,43.4375,20.75369644165039,3512400
1997-02-03,43.5625,44.0625,43.25,20.872804641723633,1770400
1997-02-04,43.625,44.25,43.5,20.813247680664062,1534400
1997-02-05,43.8125,44.375,42.875,20.75369644165039,2754800
1997-02-06,43.1875,43.9375,43.125,20.694150924682617,2520400
1997-02-07,44,44.625,43.75,21.200336456298828,2684800
1997-02-10,44.875,45.125,44.0625,21.140777587890625,3121800
1997-02-11,44.5,44.75,43.8125,21.289676666259766,2151400
1997-02-12,44.75,45.25,44.375,21.64483642578125,2425800
1997-02-13,45.875,46.5,45.4375,22.123165130615234,3289200
1997-02-14,46.375,46.8125,46.25,22.182964324951172,2791600
1997-02-18,46,46.5,45.8125,22.153072357177734,2201400
1997-02-19,47,47.25,46.5,22.452035903930664,2561800
1997-02-20,46.375,46.875,46.375,22.272655487060547,2206600
1997-02-21,46.5625,46.625,46.25,22.182964324951172,2073400
1997-02-24,46,47.4375,46,22.571611404418945,2709200
1997-02-25,47.5,47.5,46.5,22.39223861694336,1636400
1997-02-26,46.5,46.5625,44.75,21.94379234313965,2942400
1997-02-27,45.875,45.875,43.75,20.927316665649414,3819800
1997-02-28,43.5,44.25,43.25,20.897418975830078,3460800
1997-03-03,42.875,44.625,42.6875,21.315975189208984,2819200
1997-03-04,44.6875,44.75,42.5,20.568572998046875,3466200
1997-03-05,43,44.5625,43,21.315975189208984,3075200
1997-03-06,44.4375,44.5,43.25,20.68815803527832,3077400
1997-03-07,43.875,44.6875,43.75,21.286073684692383,2379000
1997-03-10,44.375,45.875,44.375,21.88399314880371,2929800
1997-03-11,45.875,45.875,44.3125,21.226285934448242,3527200
1997-03-12,44,44.125,42.75,20.658262252807617,3516200
1997-03-13,42.75,43.5625,42,20.329387664794922,3101600
1997-03-14,42.875,43.0625,41.3125,19.940744400024414,3298400
1997-03-17,41.5,43.25,41.5,20.658262252807617,2890400
1997-03-18,43.5,43.625,42.5,20.35930061340332,2214600
1997-03-19,42.5625,43.5,42.3125,20.718048095703125,2858400
1997-03-20,43.3125,43.625,42.8125,20.568572998046875,2789200
1997-03-21,43.25,43.6875,42.5,20.329387664794922,2275600
1997-03-24,42.5625,43.4375,42.5625,20.747947692871094,2253200
1997-03-25,43.4375,45,43,21.345870971679688,3501200
1997-03-26,44.75,45.625,44.625,21.674724578857422,3216800
1997-03-27,45.375,45.5,43,20.98712730407715,3268000
1997-03-31,43.75,44.25,41.125,19.671688079833984,3381600
1997-04-01,41.375,42.5,41.1875,20.06034278869629,4561800
1997-04-02,41.6875,41.75,40.5625,19.4624080657959,2593200
1997-04-03,40.625,41.625,40.4375,19.851058959960938,2081600
1997-04-04,41.0625,42.0625,40.875,19.940744400024414,3427600
1997-04-07,42.4375,42.4375,41.5625,20.1201229095459,2453000
1997-04-08,42,42.0625,40.875,19.731481552124023,3364000
1997-04-09,41.125,41.375,39.9375,19.103666305541992,3410800
1997-04-10,40.125,40.75,39.75,19.013957977294922,5178200
1997-04-11,39.625,39.6875,39.0625,18.68511390686035,2491400
1997-04-14,39,40.5,38.6875,19.31292152404785,2160800
1997-04-15,41.375,42,40.9375,20.00053596496582,2823400
1997-04-16,41.4375,43.3125,40.9375,20.658262252807617,1864200
1997-04-17,42.75,43.0625,42.25,20.41908073425293,2139200
1997-04-18,42.6875,42.6875,41.9375,20.329387664794922,1512000
1997-04-21,42.5,42.8125,40.9375,20.35930061340332,4375400
1997-04-22,42.375,43.0625,41.9375,20.329387664794922,2654400
1997-04-23,43.375,43.625,42.875,20.538671493530273,1677000
1997-04-24,43,43.0625,42.1875,20.4788818359375,1771600
1997-04-25,42.5,42.5625,41.875,20.150020599365234,1299600
1997-04-28,41.625,42.375,41.5625,20.09023666381836,1721200
1997-04-29,42.5625,43.9375,42.25,20.95721435546875,2136000
1997-04-30,43.625,44,43.125,21.017013549804688,2429600
1997-05-01,43.5625,44.1875,43.1875,20.68815803527832,1945200
1997-05-02,43.5,44.4375,43.4375,21.136598587036133,2325200
1997-05-05,44.5,46.1875,44.375,22.00360107421875,2562200
1997-05-06,45.875,46.0625,44.9375,21.614933013916016,2459600
1997-05-07,45.1875,45.4375,43.5625,20.927316665649414,2024600
1997-05-08,43.4375,45.375,43.25,21.136598587036133,2545000
1997-05-09,44.4375,45.0625,44,21.525245666503906,1585800
1997-05-12,45.625,46.5625,45.4375,22.242746353149414,3535400
1997-05-13,46.5,46.9375,45.875,22.29918670654297,2281800
1997-05-14,46.875,47,46.0625,22.23915672302246,2023800
1997-05-15,46.3125,46.8125,46.0625,22.449243545532227,1640400
1997-05-16,46.625,46.875,45,21.72894859313965,2559800
1997-05-19,45.125,45.9375,44.8125,21.638906478881836,2006600
1997-05-20,44.75,46.3125,44.6875,22.209138870239258,1864600
1997-05-21,46.625,46.875,45.625,22.269166946411133,1872000
1997-05-22,46.25,46.3125,45.1875,21.848989486694336,1620600
1997-05-23,45.625,46.875,45.625,22.32918357849121,1063400
1997-05-27,46.125,46.8125,45.875,22.23915672302246,1506000
1997-05-28,46.0625,46.1875,45.625,22.02906608581543,1046000
1997-05-29,46.5,46.5,45.1875,21.909015655517578,1995800
1997-05-30,45.4375,46.75,45.1875,22.32918357849121,3320200
1997-06-02,46.875,47.0625,45.8125,21.999053955078125,2601400
1997-06-03,46.25,46.875,46.0625,22.149120330810547,2564600
1997-06-04,47.0625,47.5,46.4375,22.419227600097656,3354600
1997-06-05,46.5,47.4375,46.4375,22.359207153320312,2815800
1997-06-06,47.0625,49.0625,47,23.319595336914062,5723200
1997-06-09,49.5,50.5625,48.9375,24.069910049438477,4833000
1997-06-10,50.1875,50.1875,49.5,24.009864807128906,2723200
1997-06-11,50,51.5625,50,24.460065841674805,3519400
1997-06-12,51.375,52.625,51.0625,25.180356979370117,2621000
1997-06-13,52,53.5,52,25.690576553344727,2937800
1997-06-16,53.375,53.375,52.625,25.300411224365234,3191400
1997-06-17,52.1875,53.5,51.4375,25.330425262451172,2649800
1997-06-18,52.125,52.9375,51.875,24.940263748168945,1675000
1997-06-19,52.375,54.0625,52.375,25.9606876373291,2301800
1997-06-20,53.8125,55.375,53.25,26.500911712646484,4261800
1997-06-23,55,55.125,52.875,25.450471878051758,2522600
1997-06-24,53.875,55.625,53.6875,26.39586067199707,3338400
1997-06-25,55.0625,55.75,54.0625,26.230796813964844,3241000
1997-06-26,54.375,54.4375,53.53125,25.915664672851562,2597000
1997-06-27,54.1875,55.3125,53.9375,26.350849151611328,2821600
1997-06-30,55.25,55.28125,54.3125,26.245813369750977,2723800
1997-07-01,55.125,55.6875,54.671875,26.620943069458008,2981000
1997-07-02,55.34375,55.40625,54.625,26.32084083557129,2666800
1997-07-03,55.25,56.0625,55.25,26.75601577758789,2032000
1997-07-07,56.375,56.625,55.15625,26.861059188842773,2781600
1997-07-08,56.375,57.375,56.3125,27.29623031616211,2410600
1997-07-09,57.46875,57.46875,55.15625,26.695980072021484,2826800
1997-07-10,56.375,57.25,55.875,27.40127944946289,2962400
1997-07-11,57.5,57.6875,57,27.551334381103516,2139800
1997-07-14,57.5,58.1875,57.25,27.8814754486084,1553600
1997-07-15,58.1875,58.5625,57.5625,28.01653289794922,2447400
1997-07-16,58.4375,58.4375,55.25,27.25120735168457,4395600
1997-07-17,56.71875,57.5,56,27.371267318725586,3495000
1997-07-18,56.96875,57.0625,54.6875,26.26081085205078,3008800
1997-07-21,54.90625,55.875,53.71875,26.710994720458984,2622000
1997-07-22,55.75,56.9375,54.9375,27.281240463256836,2560600
1997-07-23,58.3125,58.8125,57.5,27.836463928222656,3509600
1997-07-24,58.09375,58.1875,56.75,27.8814754486084,2035600
1997-07-25,58,58.46875,56,27.116168975830078,2878000
1997-07-28,56.6875,57.3125,55.34375,26.620943069458008,2606600
1997-07-29,55.5,56.75,55.46875,26.96610450744629,2940800
1997-07-30,56.125,56.5625,55.5,26.876047134399414,1718000
1997-07-31,56.375,57.03125,56.125,27.13117218017578,1927600
1997-08-01,56.1875,56.5,55.21875,26.72599983215332,2078600
1997-08-04,55.78125,57.71875,55.59375,27.701393127441406,2477000
1997-08-05,57.5,58.5,57.125,27.776432037353516,2020800
1997-08-06,58,58.15625,57.75,27.821455001831055,1763400
1997-08-07,58.25,58.625,56.875,27.326244354248047,2033400
1997-08-08,56.25,57.8125,56.25,27.05613136291504,3049400
1997-08-11,56.21875,56.25,53.8125,26.09573745727539,4032800
1997-08-12,54.5,54.6875,53.375,25.690576553344727,3824600
1997-08-13,53.625,53.9375,51.75,25.175029754638672,3607600
1997-08-14,52.5625,53.25,51.875,25.340654373168945,3474400
1997-08-15,51.8125,52.34375,50.40625,24.331850051879883,3753800
1997-08-18,50.625,51.75,50.40625,24.84378433227539,3506600
1997-08-19,52,53.375,51.78125,25.59662628173828,3136000
1997-08-20,54.25,56.25,54,27.102294921875,3732600
1997-08-21,56.25,56.625,54.625,26.545209884643555,2880200
1997-08-22,54.25,55,53.5,26.50002098083496,2185200
1997-08-25,55.125,55.25,53.75,25.89776039123535,2388000
1997-08-26,53.625,54,52.25,25.235267639160156,2639000
1997-08-27,52.15625,53.0625,51.6875,25.38582420349121,3095000
1997-08-28,52.3125,53,51.125,24.768495559692383,2741400
1997-08-29,51.15625,53,51.15625,25.20513343811035,2479000
1997-09-02,52.5625,54.4375,52.53125,26.18383026123047,2186000
1997-09-03,54.25,54.34375,52.71875,25.415937423706055,2656200
1997-09-04,53.25,54.375,53,26.01821517944336,2644200
1997-09-05,54.8125,54.90625,53.625,25.988100051879883,2278800
1997-09-08,54.625,54.625,53.5625,25.807409286499023,1158800
1997-09-09,53.3125,53.53125,52.4375,25.55144500732422,1980600
1997-09-10,53.03125,53.875,52.46875,25.340654373168945,3054600
1997-09-11,52.125,52.21875,50.6875,25.06961441040039,3715000
1997-09-12,52.5,54.5,51.5,26.123611450195312,2959000
1997-09-15,54.875,56.125,54.84375,26.831279754638672,4468800
1997-09-16,56.3125,56.9375,55.8125,27.328163146972656,3050000
1997-09-17,57.375,57.375,55.5,27.13241958618164,3011200
1997-09-18,56.8125,56.9375,55.9375,27.117368698120117,2443800
1997-09-19,56.40625,58.125,56.375,27.960535049438477,4220200
1997-09-22,58.75,60.3125,58.25,29.059688568115234,3734400
1997-09-23,60.125,61,59,29.119930267333984,3346400
1997-09-24,60.46875,61.25,59.8125,28.84888458251953,2379000
1997-09-25,59.75,60.1875,59.25,28.6682071685791,2027800
1997-09-26,60,60.34375,59.625,28.969364166259766,2124400
1997-09-29,60.5,61.75,59.90625,29.75231170654297,2074600
1997-09-30,61.375,61.59375,60.21875,29.150041580200195,1964400
1997-10-01,60.6875,60.9375,60,29.180143356323242,1947600
1997-10-02,60.125,61.71875,60,29.661968231201172,1741600
1997-10-03,62.5,62.875,62,30.143774032592773,2782600
1997-10-06,63.125,63.75,62.65625,30.655717849731445,1830800
1997-10-07,63.5625,66.09375,63.34375,31.709692001342773,2571800
1997-10-08,66,66,64.125,31.40856170654297,3224800
1997-10-09,64.125,64.75,63.75,30.89664077758789,2546800
1997-10-10,64.09375,64.09375,62.625,30.324464797973633,3128600
1997-10-13,63,63.0625,62.03125,30.053442001342773,2236800
1997-10-14,62.5,64.375,61.625,30.791229248046875,4032400
1997-10-15,64.34375,64.96875,63.8125,30.761119842529297,3553200
1997-10-16,64.5625,64.875,63,30.565359115600586,2930300
1997-10-17,63.25,63.375,60.5,30.2341251373291,2603000
1997-10-20,63.25,64.875,63.25,31.13752555847168,2565700
1997-10-21,66.0625,68.5,65.875,32.0710563659668,3625500
1997-10-22,66.8125,68.125,66.6875,32.613094329833984,2447500
1997-10-23,66,69.125,66,33.125022888183594,3466300
1997-10-24,69.5,70.3125,67.5,33.335853576660156,3424000
1997-10-27,67.5,67.9375,61,30.113672256469727,2998600
1997-10-28,61,69,60.875,33.00458526611328,5218700
1997-10-29,69.25,69.9375,65.625,32.64320755004883,3177700
1997-10-30,65.5,68.9375,65.5,31.8000431060791,2785800
1997-10-31,67.5,68,65.5625,32.31196594238281,2169500
1997-11-03,68.125,68.3125,66.4375,32.28184127807617,2617400
1997-11-04,66.5,66.9375,65.6875,31.92049789428711,1880700
1997-11-05,67,68,66.6875,32.342071533203125,1926100
1997-11-06,67,67.375,66.25,32.04094314575195,1548800
1997-11-07,65,66.4375,64.4375,31.55912971496582,2686200
1997-11-10,67,67,64.75,31.378446578979492,1649500
1997-11-11,65.625,65.9375,64.5625,31.378446578979492,1246800
1997-11-12,64,66.4375,62.875,30.508499145507812,2587900
1997-11-13,63.625,64.875,62.0625,30.750141143798828,3096500
1997-11-14,64.125,67.0625,64.125,32.320892333984375,3632600
1997-11-17,67.9375,68.9375,67.25,32.53233337402344,2229000
1997-11-18,68.5,68.5,66,32.018821716308594,1851800
1997-11-19,65,65.6875,63.25,30.931385040283203,3943800
1997-11-20,65.5,67.25,64.5,31.35427474975586,5401200
1997-11-21,66.125,66.6875,63.625,31.41469955444336,6128400
1997-11-24,64.9375,65.1875,62.1875,30.206439971923828,2856000
1997-11-25,63.25,63.8125,61,29.964778900146484,3470800
1997-11-26,62.875,63.1875,62,30.085617065429688,2772100
1997-11-28,63,63.6875,62.8125,30.448074340820312,812600
1997-12-01,63.5,66,63.375,31.626140594482422,3874900
1997-12-02,65.1875,66.3125,64.625,31.4751033782959,1987800
1997-12-03,64.9375,65.625,64.0625,31.4751033782959,2187900
1997-12-04,65.8125,66.5,64.5625,31.505313873291016,2422000
1997-12-05,64.625,65.1875,63.625,30.750141143798828,2020400
1997-12-08,64.375,65.375,64.125,31.052209854125977,1520400
1997-12-09,64.875,64.9375,63.125,30.62932586669922,1729700
1997-12-10,64.125,65.1875,62,30.599117279052734,3954400
1997-12-11,62.4375,64.25,62.3125,30.750141143798828,2424500
1997-12-12,64,64.1875,62.5625,30.689741134643555,1567100
1997-12-15,63.625,66,63.375,31.35427474975586,2090000
1997-12-16,66.0625,66.9375,65.625,32.320892333984375,2527700
1997-12-17,66.875,67.8125,66.5625,32.44170379638672,3504700
1997-12-18,67,67.4375,66,32.502113342285156,2049400
1997-12-19,66.625,66.75,64.4375,32.079227447509766,2809800
1997-12-22,66.1875,67.1875,66.1875,32.290679931640625,1294200
1997-12-23,66.8125,69.125,66.5625,32.925018310546875,2650000
1997-12-24,68.375,69,66.9375,32.502113342285156,1054600
1997-12-26,67.125,67.9375,67.125,32.77397537231445,383900
1997-12-29,68.3125,69.875,67.6875,33.740562438964844,1266800
1997-12-30,69.9375,70.1875,69.1875,33.80099868774414,1786700
1997-12-31,69.9375,70.4375,69.4375,33.64997482299805,1181800
1998-01-02,69.375,69.875,67.5,33.31769561767578,1319400
1998-01-05,70,71.9375,69.3125,34.767608642578125,3112700
1998-01-06,71.6875,72.375,70,34.16347122192383,2331500
1998-01-07,69.75,70.125,68.4375,33.4989128112793,1840900
1998-01-08,68.5625,69.6875,68.0625,33.106258392333984,1772300
1998-01-09,67.9375,67.9375,64.375,32.20006561279297,2299900
1998-01-12,64.75,69,64.5625,32.98542022705078,2948500
1998-01-13,68.1875,68.625,66.625,32.83440017700195,2320000
1998-01-14,68,68.375,66.625,33.04584884643555,1635400
1998-01-15,68.125,68.1875,66.625,32.38129425048828,1534700
1998-01-16,67.3125,67.875,66.25,32.38129425048828,2777800
1998-01-20,68.625,70.25,68.1875,33.64997482299805,2872900
1998-01-21,69.5625,69.5625,68,33.4989128112793,1960300
1998-01-22,68.5,69.0625,67.875,32.8041877746582,2011300
1998-01-23,68,68.375,66.375,32.320892333984375,2394200
1998-01-26,67,67.8125,66.3125,32.04901885986328,1432700
1998-01-27,66.375,67.5,66.375,32.079227447509766,2455700
1998-01-28,67,68.4375,67,32.925018310546875,2428300
1998-01-29,67.5,68.75,67.125,32.83440017700195,3348600
1998-01-30,68.5,68.5625,67.0625,32.6833610534668,2391500
1998-02-02,71.375,71.6875,69.125,33.52914810180664,4901300
1998-02-03,68.5,69.4375,67.75,33.22707748413086,2693600
1998-02-04,68.5,68.5,67.1875,33.04584884643555,2139100
1998-02-05,68.9375,68.9375,66.5625,32.23026657104492,3017900
1998-02-06,67.3125,67.8125,66.625,32.26046371459961,3191500
1998-02-09,66.9375,66.9375,64.5,31.41469955444336,4221200
1998-02-10,64.375,66.4375,62.625,30.689741134643555,6182100
1998-02-11,63.625,66.125,63.5625,32.05937957763672,6795800
1998-02-12,65,65.8125,64.0625,31.362449645996094,4074900
1998-02-13,64,64.9375,63.25,30.877599716186523,4315700
1998-02-17,62,62.125,60.4375,29.93824005126953,11597700
1998-02-18,60.625,61.0625,59.5,29.089799880981445,13625700
1998-02-19,60.5,61.4375,60.25,29.301910400390625,10639300
1998-02-20,61.0625,62.4375,60.75,29.877655029296875,9184900
1998-02-23,62.9375,64.9375,62.75,31.423038482666016,8460700
1998-02-24,63.1875,65.4375,63.125,30.998830795288086,5813500
1998-02-25,65.6875,65.75,64.5625,31.69576644897461,3799400
1998-02-26,65.6875,65.9375,64.8125,31.72606658935547,2919300
1998-02-27,65.9375,66.1875,65,31.907859802246094,2451500
1998-03-02,65.8125,66.3125,64.4375,31.513954162597656,2579000
1998-03-03,64.6875,64.8125,63.8125,31.21092414855957,3062400
1998-03-04,63.6875,64,62.75,30.4230899810791,3756800
1998-03-05,62.5,64.5,62.5,31.21092414855957,2978900
1998-03-06,65.25,66.1875,65.0625,32.05937957763672,3152700
1998-03-09,66.125,66.5,64.1875,31.3321475982666,2346200
1998-03-10,66.4375,66.875,65.8125,32.21088409423828,3478900
1998-03-11,66.6875,67.125,65.875,32.18058776855469,2925900
1998-03-12,66.75,66.75,65.375,31.786666870117188,1925800
1998-03-13,66,66.6875,65.4375,31.75637435913086,2383700
1998-03-16,65.75,67.4375,65.6875,32.695709228515625,2629200
1998-03-17,67.25,67.4375,65.6875,32.05937957763672,2472700
1998-03-18,66.0625,66.8125,65.3125,31.786666870117188,1728000
1998-03-19,65.8125,66.875,65.5,32.089691162109375,1861500
1998-03-20,66.625,66.6875,65.25,31.635160446166992,2804600
1998-03-23,65,65,63.0625,30.786710739135742,3583900
1998-03-24,63.5625,63.8125,62.0625,30.301870346069336,4675200
1998-03-25,60.75,61.375,59.875,29.695833206176758,7936900
1998-03-26,60.5625,61.1875,60.3125,29.392803192138672,4765200
1998-03-27,60.5625,61.1875,60.0625,29.180702209472656,4184000
1998-03-30,60.3125,60.4375,57.6875,28.241357803344727,7312100
1998-03-31,59.25,59.875,58.6875,28.908000946044922,5751900
1998-04-01,60,60.9375,58.8125,28.817075729370117,5719700
1998-04-02,59.8125,60,58.875,28.968597412109375,3619100
1998-04-03,60.125,60.1875,58.4375,28.392847061157227,4390700
1998-04-06,58.875,61.75,57.875,29.63522720336914,9356100
1998-04-07,61.875,64.875,61.75,30.9685115814209,9822100
1998-04-08,65.625,66.125,64.5625,31.513954162597656,6771100
1998-04-09,65.375,66,63.4375,30.998830795288086,2881900
1998-04-13,64,64.0625,62.4375,30.84730339050293,2125300
1998-04-14,64.4375,64.5,63.5,31.180641174316406,1910900
1998-04-15,64.4375,65.75,63.875,31.39274787902832,3290000
1998-04-16,64.75,64.75,62.3125,30.665483474731445,2889500
1998-04-17,64.875,69.25,64.625,33.15025329589844,8358300
1998-04-20,71.625,73.75,70.125,34.9986686706543,9805100
1998-04-21,72.5,73.625,71.5625,34.9986686706543,5051600
1998-04-22,72.0625,72.3125,70.6875,34.635040283203125,3663600
1998-04-23,71.375,71.375,69.875,34.1805419921875,2740700
1998-04-24,70.0625,70.375,69.6875,33.93811798095703,2756800
1998-04-27,69,69.0625,66.625,32.786624908447266,3402200
1998-04-28,69.125,69.125,68,33.39266586303711,2331500
1998-04-29,69.75,69.75,67.625,33.21084976196289,1743100
1998-04-30,69.4375,70.5,68.5,33.72600173950195,2255200
1998-05-01,67.125,67.75,66,32.1502799987793,4546800
1998-05-04,67,68.375,66.875,32.48359680175781,2870100
1998-05-05,66.75,67.0625,65.375,32.1502799987793,2309300
1998-05-06,67.4375,67.4375,65.625,32.02907943725586,2852700
1998-05-07,66,66.5,65.5625,32.05937957763672,2301400
1998-05-08,66.6875,67.125,66.1875,32.48359680175781,2047700
1998-05-11,67.0625,67.4375,65.9375,32.089691162109375,2596000
1998-05-12,66.25,66.8125,65.5625,32.271507263183594,1989200
1998-05-13,68.4375,69,67.625,33.371726989746094,3415400
1998-05-14,68.875,69,67.9375,33.06779861450195,2820000
1998-05-15,68.6875,69.9375,68.1875,33.28055191040039,3686500
1998-05-18,70,70.625,68.1875,33.918800354003906,4252900
1998-05-19,69.875,70.625,67.1875,32.79424285888672,2881600
1998-05-20,68.125,68.75,67.75,33.21976852416992,2242800
1998-05-21,68.5625,68.5625,66.125,32.61191177368164,1471400
1998-05-22,66.625,66.8125,66,32.09521484375,1536200
1998-05-26,66.75,66.75,64.0625,31.18341636657715,2150600
1998-05-27,63.4375,65,63,31.548137664794922,3837300
1998-05-28,65,66,63.1875,30.879493713378906,4759800
1998-05-29,63.9375,64,61.3125,29.84610366821289,6591000
1998-06-01,61.4375,62.4375,61.0625,29.87651824951172,3459200
1998-06-02,61.75,61.875,60.5625,29.481386184692383,4501100
1998-06-03,61.25,62.125,60.9375,29.72454071044922,3253600
1998-06-04,61.25,62.0625,60.625,30.119653701782227,2645200
1998-06-05,63.4375,63.75,62.625,31.001060485839844,3438900
1998-06-08,63.9375,64.3125,63.6875,31.092252731323242,2691000
1998-06-09,63.75,64.25,63.3125,31.122629165649414,2466500
1998-06-10,64.25,64.875,63.3125,30.81869888305664,2828500
1998-06-11,63.3125,63.8125,62,30.271623611450195,2323400
1998-06-12,62.125,63.6875,62.0625,30.94026756286621,3086800
1998-06-15,62.5,65,62.25,30.909881591796875,2935400
1998-06-16,63.875,64.0625,62.375,31.15304183959961,2856300
1998-06-17,64,65.625,64,31.30498504638672,2836200
1998-06-18,64.75,65.75,64.5,31.66969871520996,2368500
1998-06-19,65.8125,67.0625,64.75,32.3687629699707,4135800
1998-06-22,66.125,66.3125,65.5,32.09521484375,1747400
1998-06-23,66.25,66.5625,65,31.91287612915039,2270900
1998-06-24,66.1875,68.0625,65.875,33.09817886352539,2587600
1998-06-25,68,68.875,66.75,32.58148956298828,2275200
1998-06-26,67.25,68.8125,66.875,33.31093978881836,1579200
1998-06-29,68.6875,68.6875,67.3125,32.885433197021484,1865900
1998-06-30,67.875,67.875,66.0625,32.21678924560547,1411500
1998-07-01,66.875,67.125,64.5625,31.39617347717285,2949700
1998-07-02,64.625,65.3125,64,31.548137664794922,1886700
1998-07-06,64.75,65.875,64.6875,31.85207748413086,2626500
1998-07-07,65.5,67,65.375,32.551116943359375,2290000
1998-07-08,66.9375,67.5,66.5,32.73347854614258,1779100
1998-07-09,67.1875,68.1875,66.625,32.520721435546875,1485000
1998-07-10,66.625,66.75,64.5625,31.91287612915039,2630100
1998-07-13,65.5,65.6875,64.75,31.82168197631836,1524100
1998-07-14,65.125,65.6875,64.125,31.66969871520996,2310900
1998-07-15,65.375,65.4375,62.5625,30.697128295898438,3552000
1998-07-16,63.6875,64.75,63.3125,31.33538246154785,2981800
1998-07-17,65,68,64.9375,32.85504150390625,4224700
1998-07-20,67.8125,69.4375,67.375,33.6452751159668,3219300
1998-07-21,69.6875,69.6875,68.375,33.49330139160156,4054800
1998-07-22,68.75,69.375,67.8125,33.6756706237793,3414300
1998-07-23,69,69,65.5625,31.882465362548828,2452900
1998-07-24,66,67.3125,65.6875,32.58148956298828,2263600
1998-07-27,66,67.5,65.625,32.490325927734375,1795600
1998-07-28,66.875,67.1875,64.5,31.730497360229492,2649500
1998-07-29,66.5,67.1875,66.0625,32.307960510253906,2092500
1998-07-30,67.5625,68.625,67.375,33.28055191040039,2138600
1998-07-31,68.5,68.8125,66.375,32.70307159423828,1692600
1998-08-03,67.25,68.125,66.375,32.70307159423828,2013300
1998-08-04,67.9375,68.5625,65.9375,32.21678924560547,3078100
1998-08-05,66.375,68,65.875,33.06779861450195,3877800
1998-08-06,67.25,68.125,67.125,32.915828704833984,1968900
1998-08-07,67.4375,68.5,67.0625,33.15896987915039,2550100
1998-08-10,67.5,69.1875,67.5,33.007015228271484,2436100
1998-08-11,66.875,67.4375,66,32.672672271728516,2456800
1998-08-12,67.4375,68.625,66.8125,33.47135543823242,2453700
1998-08-13,68.625,69.9375,68.5,33.86764907836914,3770100
1998-08-14,68.375,69.9375,68,33.47135543823242,2576100
1998-08-17,68.5,70,68.5,34.14200973510742,3505000
1998-08-18,70,73.4375,69.5625,35.5137939453125,5013400
1998-08-19,73.4375,75.125,72.1875,36.397823333740234,4551400
1998-08-20,74.5,74.9375,72.625,35.54427719116211,3002300
1998-08-21,71.25,74.3125,70.6875,36.18442916870117,3811400
1998-08-24,74.1875,74.9375,73,36.519752502441406,3611900
1998-08-25,75.25,75.875,73.6875,36.24540328979492,3312200
1998-08-26,73.5,77.6875,73.25,37.6171875,3617700
1998-08-27,75.5,76.5,73.75,36.09299087524414,4199700
1998-08-28,73.3125,74.3125,71.5625,35.36137008666992,2949400
1998-08-31,72.125,72.3125,65.125,32.06910705566406,4604600
1998-09-01,67,70.25,63.875,33.86764907836914,4928300
1998-09-02,69.75,72,68.625,33.77619934082031,3362900
1998-09-03,69.375,72.875,69,35.20893859863281,3498400
1998-09-04,72.875,73,68.125,34.59927749633789,2660000
1998-09-08,72.6875,74.75,71.875,36.21492004394531,2973000
1998-09-09,74,75.5,72.75,35.57475280761719,2435900
1998-09-10,71.1875,74.125,71.1875,35.5137939453125,2829200
1998-09-11,73.125,75.9375,72.25,36.519752502441406,2586900
1998-09-14,76.5,77.5,75.75,37.15993118286133,3380600
1998-09-15,76.4375,78.125,76.25,37.708641052246094,2940100
1998-09-16,76.625,77.625,75.875,37.80007553100586,2119200
1998-09-17,75.3125,76.875,74.25,36.397823333740234,3098500
1998-09-18,74.8125,75.4375,72.875,36.64169692993164,3783600
1998-09-21,74,77.5,72.875,37.22087860107422,2092000
1998-09-22,77.375,80.375,76.625,38.958473205566406,3489100
1998-09-23,79.9375,81.625,79.25,39.44620132446289,4021800
1998-09-24,79.3125,80.75,77.6875,38.10491943359375,2289800
1998-09-25,77.25,79.75,76.5,38.31831741333008,1958300
1998-09-28,81.5,81.5,78.5625,38.958473205566406,2194100
1998-09-29,80,80.6875,78.4375,39.04993438720703,2062000
1998-09-30,79.125,79.875,76.875,38.19635772705078,2459500
1998-10-01,77.5,79.4375,75,37.22087860107422,3674800
1998-10-02,76.25,77.375,72.625,37.49525451660156,3574500
1998-10-05,75.875,79.75,74.8125,38.37926483154297,2995500
1998-10-06,79.5,79.5625,76.25,37.80007553100586,3105700
1998-10-07,73,75.25,70,34.81266784667969,5726100
1998-10-08,70.125,71.75,68,34.416358947753906,4934500
1998-10-09,71.25,73.5625,69.8125,35.78813171386719,3140400
1998-10-12,75.25,75.375,73.5625,35.97104263305664,2400500
1998-10-13,74.4375,74.4375,72.5,35.36137008666992,1918700
1998-10-14,71,73.125,70,35.36137008666992,3120500
1998-10-15,72.625,75.875,72.1875,36.33686828613281,2582200
1998-10-16,75.4375,75.625,74.4375,36.702659606933594,2806100
1998-10-19,75,75.5,73.0625,36.61119842529297,2102800
1998-10-20,75.625,76.6875,74.5625,36.76363754272461,2627300
1998-10-21,75.5,79,75.375,38.043941497802734,3372600
1998-10-22,76.875,79.1875,75.875,38.31831741333008,2223500
1998-10-23,78.3125,79.125,77.375,37.89152908325195,2232600
1998-10-26,77.75,77.75,76.5625,37.739112854003906,1586700
1998-10-27,78.125,78.4375,76.75,37.49525451660156,2338500
1998-10-28,76.5,78.0625,76.0625,37.708641052246094,1547000
1998-10-29,77.375,80.3125,77.375,39.14136505126953,3098800
1998-10-30,80.25,81,79.5625,39.50717544555664,2035500
1998-11-02,80.9375,82.5,79.75,40.025421142578125,2992100
1998-11-03,81.25,82,80.5625,39.87297821044922,1823800
1998-11-04,81.8125,83.25,80.125,39.50717544555664,3167500
1998-11-05,80.3125,85,79.75,41.39718246459961,2717100
1998-11-06,84.0625,87.875,84,42.61653137207031,2606400
1998-11-09,86,86.625,85.25,42.00687026977539,2014200
1998-11-10,84.875,86.5,84.6875,41.860198974609375,1704100
1998-11-11,85.5625,85.75,83.9375,41.18799591064453,1467500
1998-11-12,84.0625,85.125,83.5,41.15744400024414,1238900
1998-11-13,83.625,83.9375,82.25,40.88242721557617,1373500
1998-11-16,84.125,84.875,82.8125,40.974124908447266,982400
1998-11-17,84.375,85.75,82.75,40.485225677490234,2365200
1998-11-18,82.875,85,82.1875,41.493534088134766,1924700
1998-11-19,85.5,86.9375,84.6875,42.07407760620117,2268200
1998-11-20,86.4375,87.375,86.125,42.62406921386719,1647700
1998-11-23,87.0625,89.875,87.0625,43.693477630615234,2662700
1998-11-24,88.625,91.3125,88.3125,43.693477630615234,2889500
1998-11-25,88.875,91.125,88,44.365718841552734,1309900
1998-11-27,89,91.3125,89,44.42680740356445,824600
1998-11-30,90.375,90.9375,88.625,43.84626388549805,1921800
1998-12-01,88,90.4375,87.6875,44.121273040771484,1492400
1998-12-02,89.125,89.375,87.375,43.449073791503906,1661500
1998-12-03,88.25,89.125,83.5,40.94355392456055,2710000
1998-12-04,85.25,86.25,83.9375,42.10462951660156,3306600
1998-12-07,87.5,88.75,86.125,42.5018424987793,2493900
1998-12-08,86.9375,88.4375,85.5,42.83796691894531,1909000
1998-12-09,87.625,89.0625,87.625,43.23515701293945,2092000
1998-12-10,88,88.75,86.375,42.44075012207031,2307700
1998-12-11,87.375,91,87.375,43.96849060058594,3405400
1998-12-14,89.5625,90.9375,87.5,42.86851501464844,3283700
1998-12-15,86.375,88.3125,86.3125,43.17405700683594,3056800
1998-12-16,88.3125,89.5625,88.25,43.57128143310547,3107400
1998-12-17,89.125,89.9375,89.125,43.75459671020508,1877300
1998-12-18,88.25,88.875,86.75,42.68520736694336,3047500
1998-12-21,85.3125,87.25,84,41.09632110595703,2749200
1998-12-22,85,85.3125,83.625,41.52412033081055,2616100
1998-12-23,85,85.9375,84.1875,41.860198974609375,1809200
1998-12-24,85.75,85.75,84.6875,41.676883697509766,564900
1998-12-28,86,87.75,85.875,42.65464401245117,1154400
1998-12-29,87.3125,90.4375,86.6875,44.06016159057617,1521800
1998-12-30,89.9375,90.6875,88.25,44.24345779418945,1269900
1998-12-31,90.5625,91.1875,87.25,43.449073791503906,1232700
1999-01-04,87.25,88.9375,84.75,42.04352951049805,2558700
1999-01-05,85.5,86.9375,85.1875,41.95186996459961,2499400
1999-01-06,86,86.5625,84.5,41.615760803222656,3106300
1999-01-07,83.5,83.9375,82.125,40.271339416503906,3388600
1999-01-08,82.125,82.25,78.375,38.56026840209961,5412200
1999-01-11,79.25,80,75.875,37.246421813964844,4975300
1999-01-12,76.875,77.875,76.5,37.3991813659668,3996400
1999-01-13,74.25,81.75,74.1875,39.44636917114258,5134700
1999-01-14,82,83.25,80.5,39.84355926513672,3603300
1999-01-15,82.125,82.875,80.625,39.721370697021484,2837900
1999-01-19,80.375,80.8125,78.5,38.865821838378906,2305400
1999-01-20,79.9375,83.125,79.1875,40.21024703979492,2375700
1999-01-21,80.75,81.625,77.0625,38.10194778442383,3097000
1999-01-22,77.5,81.25,77,39.232460021972656,2701400
1999-01-25,84.875,86.8125,83.75,42.165767669677734,6898600
1999-01-26,87,89.5,86.625,43.75459671020508,4380900
1999-01-27,89.9375,91.9375,88.875,44.365718841552734,3904200
1999-01-28,89.75,92.875,89.625,45.09901428222656,3175000
1999-01-29,90.375,94.0625,89.5,45.80179977416992,2905300
1999-02-01,93.6875,94.5625,91.75,45.557342529296875,2125200
1999-02-02,91.5,92.9375,89.875,44.88512420654297,1706700
1999-02-03,90.25,92.375,89.5,44.976810455322266,2667500
1999-02-04,91.5,93.0625,90.9375,44.45737838745117,1653200
1999-02-05,90.125,90.8125,88,43.23515701293945,2037100
1999-02-08,87.75,88,86.8125,42.65464401245117,1392000
1999-02-09,87,87.9375,86.5625,42.379615783691406,1946400
1999-02-10,86.625,87.4375,86.4375,42.829368591308594,1379900
1999-02-11,87.375,90.125,87.375,44.116085052490234,1298300
1999-02-12,90.0625,90.625,88.625,44.20800018310547,1844800
1999-02-16,90,90.5,88.375,43.80971908569336,1654400
1999-02-17,88.6875,90.125,88.25,43.38084030151367,1455700
1999-02-18,89,94.3125,88.875,45.77043914794922,4258300
1999-02-19,94.25,94.5,92.625,45.61726760864258,3165000
1999-02-22,91.75,95,91.75,46.50569534301758,2226500
1999-02-23,94.625,97.25,94.5,47.2716064453125,2432000
1999-02-24,95,96.625,92.375,45.46409606933594,2147900
1999-02-25,92.5,94,91,45.709163665771484,2115400
1999-02-26,91.4375,95.375,91.1875,46.32191848754883,2617400
1999-03-01,94.5,94.5,93.4375,45.98491287231445,1713500
1999-03-02,93.5625,94.9375,93,45.58663558959961,2283700
1999-03-03,92.5625,92.875,91.625,45.5253791809082,2133400
1999-03-04,92.1875,94.5,91.125,46.32191848754883,2130800
1999-03-05,95.75,97.75,95.375,47.76177978515625,2254800
1999-03-08,96.5625,97.625,96.0625,47.70054626464844,1400300
1999-03-09,95,96.9375,94.4375,46.81206130981445,2971300
1999-03-10,94.875,94.9375,90.9375,45.00452423095703,3751500
1999-03-11,92.1875,92.875,91.375,45.49472427368164,3044900
1999-03-12,93.125,95,92.8125,46.50569534301758,2346900
1999-03-15,94.125,96.9375,93.9375,47.332889556884766,1673900
1999-03-16,95.875,96.4375,93.875,46.10745620727539,2048700
1999-03-17,90,90.75,88.6875,43.503353118896484,5269400
1999-03-18,87.125,89.5625,86,43.53400421142578,6110300
1999-03-19,89.5,89.5,87.25,42.86001968383789,3334200
1999-03-22,86.5625,87.4375,84.75,41.695838928222656,2638300
1999-03-23,85.75,86.5,82.5625,41.266929626464844,2979400
1999-03-24,84.125,86.0625,83.625,42.002201080322266,2143800
1999-03-25,86.5,87.125,85.5,42.400474548339844,1825500
1999-03-26,86.5,86.5,83.875,41.38948059082031,1211400
1999-03-29,87,87.5625,86.3125,42.46174240112305,2345900
1999-03-30,86.5625,88.375,86.0625,43.1050910949707,1654300
1999-03-31,89.125,89.25,84.875,41.60392379760742,1664600
1999-04-01,85.8125,87.125,84.875,42.584285736083984,1405000
1999-04-05,86.75,87,85.25,42.27793884277344,1973500
1999-04-06,86.4375,86.5,84.875,42.124755859375,1208900
1999-04-07,86.875,86.875,84.75,41.84902572631836,1595700
1999-04-08,85.875,89.3125,85.625,43.38084030151367,2185400
1999-04-09,88.5625,91,87.5,44.2386474609375,1542100
1999-04-12,89.75,90.5,89.1875,44.116085052490234,1972100
1999-04-13,88.125,89.125,86.125,42.86001968383789,2120700
1999-04-14,86,86.625,81.1875,41.02184295654297,3436700
1999-04-15,82,82.0625,80.0625,39.796409606933594,4508100
1999-04-16,81.3125,82.9375,81.0625,40.34782409667969,2372500
1999-04-19,78.5,78.875,71,35.72178649902344,6684900
1999-04-20,73.25,76.4375,72.875,36.12004089355469,5986100
1999-04-21,75,77.3125,74.1875,37.25358581542969,3409100
1999-04-22,76,76.375,74.625,36.947208404541016,3501900
1999-04-23,75.75,76.875,74.0625,36.39577102661133,2971000
1999-04-26,75,78.8125,74.8125,37.743770599365234,4088900
1999-04-27,79.75,79.8125,78.5,38.7547721862793,2991300
1999-04-28,80,80.5,76.8125,37.98886489868164,3004600
1999-04-29,75,76.75,72.875,36.76341247558594,5821900
1999-04-30,74.125,74.375,72.875,36.089420318603516,4371400
1999-05-03,73.625,76.25,73.25,37.34550857543945,3307700
1999-05-04,76.1875,76.625,74.625,37.13105773925781,2446900
1999-05-05,75.75,76.1875,73.75,36.855316162109375,2356000
1999-05-06,75.0625,76.5625,74.75,37.31486511230469,2285000
1999-05-07,76,76.8125,74,37.008514404296875,2205900
1999-05-10,74.75,75,73.25,35.936222076416016,2013800
1999-05-11,73.875,76.125,73.4375,37.16168212890625,2266100
1999-05-12,76,79,75.0625,37.58206558227539,2751000
1999-05-13,77.6875,79.75,76.5625,38.78050231933594,2779900
1999-05-14,76.5,77.75,76.25,37.827884674072266,1848900
1999-05-17,76,78.375,76,38.350276947021484,2966400
1999-05-18,78,78,75.5625,37.981544494628906,2596600
1999-05-19,76.8125,77.5,75.375,37.244049072265625,2129700
1999-05-20,74.5,75.1875,73.625,36.32215118408203,3016800
1999-05-21,74.25,74.375,70.6875,35.06224822998047,3750300
1999-05-24,71.375,72,70.25,34.90861511230469,4343800
1999-05-25,70.125,70.5625,68.5,33.80234909057617,4057600
1999-05-26,68.75,69.25,65.9375,32.94190979003906,4762000
1999-05-27,66.875,70,66.375,33.92525100708008,4339100
1999-05-28,69.625,72.375,69.25,35.12369918823242,3524600
1999-06-01,71.4375,71.5,70,34.75495910644531,2049400
1999-06-02,71,71.6875,70,34.47837448120117,1397300
1999-06-03,70,72,69.5,35.36955261230469,1785000
1999-06-04,72.125,75.4375,72.125,36.99819564819336,3432100
1999-06-07,75.25,75.75,71.75,35.338809967041016,3234800
1999-06-08,72.375,73.6875,72.3125,35.6461067199707,3487700
1999-06-09,72.4375,72.9375,71.25,35.79975891113281,2363100
1999-06-10,71.9375,72.3125,70.1875,34.75495910644531,1876500
1999-06-11,70.5625,72.375,69.0625,34.263275146484375,2315200
1999-06-14,69.625,69.8125,68.6875,33.83308029174805,1628200
1999-06-15,70.25,70.4375,68.0625,33.86381912231445,2602000
1999-06-16,71,71,69.5,34.29400634765625,2079800
1999-06-17,68.875,70.875,68.75,34.724220275878906,2134000
1999-06-18,70.75,71.0625,68.875,33.89453125,3345700
1999-06-21,69.5,69.5,67.25,33.24921417236328,2205700
1999-06-22,67.625,67.8125,66.9375,32.97266387939453,3773700
1999-06-23,66.875,66.875,65,32.0507698059082,3002800
1999-06-24,65.625,67.125,65.5625,32.911190032958984,2837300
1999-06-25,67,67.4375,65.5625,32.388790130615234,1997700
1999-06-28,67.5,67.5,65,32.11222839355469,2727800
1999-06-29,65.3125,68.4375,64.25,33.4335823059082,6898200
1999-06-30,68,72.125,67.125,35.215904235839844,5684400
1999-07-01,73.75,75.25,72.4375,36.8138313293457,6009600
1999-07-02,74.875,74.9375,73.5,36.72164535522461,2772000
1999-07-06,74.6875,75.375,74.1875,36.537269592285156,2416700
1999-07-07,74.3125,75,73.9375,36.690895080566406,1427800
1999-07-08,73,75.0625,73,36.629432678222656,2028700
1999-07-09,74.75,74.9375,73.8125,36.629432678222656,1381400
1999-07-12,75,75.25,73.4375,36.26069641113281,1542000
1999-07-13,73.375,73.625,72.8125,35.79975891113281,1995100
1999-07-14,73.5,74.125,72.5,36.35286331176758,2170500
1999-07-15,74.625,77,74.5625,37.797157287597656,3032800
1999-07-16,77.375,77.5,76.125,37.797157287597656,2756900
1999-07-19,76.875,77.75,75.5,37.366947174072266,1811800
1999-07-20,75.5,75.5,73.375,36.29143142700195,2004500
1999-07-21,73.75,74.1875,72,35.891929626464844,2481800
1999-07-22,73.375,73.375,71.4375,35.36955261230469,1883400
1999-07-23,72,72,68.25,33.86381912231445,3120200
1999-07-26,70.375,70.375,68.9375,33.89453125,2059400
1999-07-27,69.375,69.4375,67.625,33.37211990356445,3097500
1999-07-28,68.125,68.25,67.125,33.341400146484375,3077200
1999-07-29,67.0625,67.3125,65.6875,32.634605407714844,3088400
1999-07-30,66.875,67,65.5625,32.296607971191406,3910800
1999-08-02,65.625,66.4375,65.1875,32.08150100708008,2236600
1999-08-03,65.75,65.9375,64,31.58982276916504,2534200
1999-08-04,64.3125,64.625,61.4375,30.85231590270996,4921400
1999-08-05,62.5,63.375,61.5625,31.036701202392578,3648600
1999-08-06,63.3125,63.6875,61.875,30.821592330932617,3373200
1999-08-09,62.6875,63.875,62.6875,31.343996047973633,2161200
1999-08-10,64.125,64.625,62.875,31.128889083862305,1966000
1999-08-11,64,64,60.5625,30.347999572753906,3642800
1999-08-12,61.875,62.5,61,30.53302574157715,5280300
1999-08-13,62.6875,63.6875,62.3125,31.1190242767334,3351200
1999-08-16,63.875,64.5625,63.5,31.797527313232422,2356900
1999-08-17,65.3125,65.8125,64,32.38351821899414,2639300
1999-08-18,66.1875,67.625,65.8125,33.03118896484375,4126100
1999-08-19,66.9375,66.9375,65.5625,32.87698745727539,2791200
1999-08-20,67.25,67.625,66.625,33.3395881652832,4178600
1999-08-23,68.25,71.3125,68,35.035892486572266,4410900
1999-08-24,71,72.9375,70.1875,35.806907653808594,3691000
1999-08-25,73,75.875,72.9375,37.318138122558594,5413800
1999-08-26,76.375,77.0625,74.75,37.009735107421875,5072300
1999-08-27,75.625,75.9375,74.75,37.13309860229492,2388100
1999-08-30,75.375,77.0625,75.25,37.68824005126953,2845800
1999-08-31,77.5,77.5,74.125,36.82467269897461,3365800
1999-09-01,74.625,75.625,73.625,37.194759368896484,2647500
1999-09-02,73.8125,74.9375,73.5625,36.94805145263672,1397900
1999-09-03,76.5,77.25,76,38.08919906616211,1567700
1999-09-07,76.9375,76.9375,74.8125,37.009735107421875,1479200
1999-09-08,74.5,75.25,73.625,36.48541259765625,1640200
1999-09-09,73.9375,73.9375,72.625,36.2695426940918,2017900
1999-09-10,73.3125,73.625,72.25,35.71440505981445,1838500
1999-09-13,72.75,72.8125,71.5,35.4676513671875,1493200
1999-09-14,71.5,71.6875,69.25,34.48073959350586,2241300
1999-09-15,70.375,71,68.125,33.6171760559082,2317400
1999-09-16,68.125,68.3125,66.375,33.3395881652832,3063000
1999-09-17,67.1875,67.5625,66.375,33.0620231628418,2910500
1999-09-20,66.8125,67.5,66.6875,33.123722076416016,1582200
1999-09-21,66.6875,67.125,65,32.38351821899414,2534500
1999-09-22,66.625,67.5,66,32.90782165527344,3145700
1999-09-23,66.6875,66.9375,65,32.10594177246094,2413800
1999-09-24,65.125,65.625,63.8125,32.167633056640625,2212500
1999-09-27,65.8125,65.9375,63.1875,31.180700302124023,2360000
1999-09-28,63.4375,63.5,62,31.05733871459961,2805600
1999-09-29,63.25,64.6875,62.875,31.211528778076172,2400300
1999-09-30,64.625,64.9375,63.5625,31.67415428161621,2430100
1999-10-01,65.9375,69.375,65.5625,33.83306884765625,4183200
1999-10-04,69.625,71,69.1875,35.035892486572266,3061300
1999-10-05,70.9375,71.375,68.6875,34.07978057861328,2189200
1999-10-06,69.125,70.9375,69.125,34.97419357299805,1456400
1999-10-07,70.75,71.25,70.0625,34.88167953491211,1259800
1999-10-08,71.1875,74.1875,70.9375,36.23869705200195,3467400
1999-10-11,73,73,71.5,35.59101486206055,1951900
1999-10-12,71.125,72,70.3125,34.85082244873047,2049300
1999-10-13,70.375,71.3125,69.75,34.41904067993164,1796400
1999-10-14,69.8125,69.8125,67.5,33.46296691894531,2369400
1999-10-15,67.75,67.75,65.125,32.753597259521484,1948200
1999-10-18,65.25,67.5625,65.1875,33.09288024902344,2482500
1999-10-19,69.375,70.875,69,34.48073959350586,3198700
1999-10-20,64.625,65.875,62.375,32.38351821899414,10426500
1999-10-21,65.125,68.75,65.0625,33.64800262451172,6353200
1999-10-22,68.375,69.1875,68.1875,33.83306884765625,2934600
1999-10-25,67,68.5,66.1875,33.77138900756836,2767800
1999-10-26,68.4375,68.4375,66.625,32.96951675415039,2182600
1999-10-27,66.75,68.0625,66.5625,33.123722076416016,2307800
1999-10-28,68.875,68.9375,67.1875,33.678863525390625,5368100
1999-10-29,68.9375,69.25,68.5,33.98727798461914,4011300
1999-11-01,68.9375,70,68.25,33.92559814453125,2400000
1999-11-02,69.625,69.875,68.5625,33.98727798461914,2254400
1999-11-03,70.875,72.375,70.8125,35.4676513671875,4182500
1999-11-04,73.125,76.5625,72.75,37.564876556396484,5294600
1999-11-05,77.1875,78.75,76.75,37.99666213989258,5094000
1999-11-08,76,76.375,74.625,37.13309860229492,2621800
1999-11-09,75.25,75.6875,73.5625,36.516265869140625,1899100
1999-11-10,74.3125,76.6875,73.5,37.58919143676758,1994100
1999-11-11,77.875,77.875,76.4375,38.053245544433594,1843200
1999-11-12,77.375,77.5625,75.75,38.300750732421875,1410900
1999-11-15,76.75,76.875,73.875,36.56822967529297,2285000
1999-11-16,74.25,77,74.25,38.11511993408203,2093600
1999-11-17,75.25,76.3125,74.625,37.15606689453125,2534200
1999-11-18,74.0625,75.125,73.5,36.444488525390625,2084700
1999-11-19,72,73.1875,72,36.073238372802734,2393600
1999-11-22,72.5,75.125,71.625,37.15606689453125,1413000
1999-11-23,75.25,75.3125,73.0625,36.351680755615234,2051900
1999-11-24,73,73.9375,72.8125,36.4135627746582,1178500
1999-11-26,72.5625,72.8125,72.1875,35.85667037963867,651800
1999-11-29,71.625,75.625,71.125,37.310726165771484,1966600
1999-11-30,73.5,74.4375,71,35.72519302368164,3008900
1999-12-01,71.125,71.875,70.125,35.3616828918457,2420400
1999-12-02,72,72,70.5,35.30754852294922,2120900
1999-12-03,72.25,73.875,71.375,35.5782356262207,2493500
1999-12-06,71.3125,71.3125,69.25,34.4025993347168,2545900
1999-12-07,69.6875,69.9375,66,32.91761016845703,3834100
1999-12-08,67.1875,67.375,66.125,32.79384231567383,1914500
1999-12-09,66.375,68.9375,65.75,33.10322952270508,1900200
1999-12-10,66.25,67.6875,65.625,32.60821533203125,1866400
1999-12-13,65.25,65.5625,63.625,31.741973876953125,4143000
1999-12-14,64,67.25,63.625,32.855735778808594,3542800
1999-12-15,65.75,68.625,65.6875,33.93854522705078,3189500
1999-12-16,67.5,68.5,66.375,33.10322952270508,3546200
1999-12-17,66.9375,67.5,65.9375,33.196044921875,3341600
1999-12-20,65.625,66.375,64.5,32.175106048583984,3192500
1999-12-21,64.8125,65.5625,63.75,32.39166259765625,2384600
1999-12-22,65.3125,67.5,64.8125,33.10322952270508,1943400
1999-12-23,67.4375,68.5,67.1875,33.78386688232422,1904500
1999-12-27,67.25,70.5,67.0625,34.89762878417969,2152300
1999-12-28,69.625,69.625,67.75,33.876678466796875,1548700
1999-12-29,68.75,68.75,66.625,33.31980514526367,955900
1999-12-30,66.75,68.25,66.3125,33.28885269165039,1089600
1999-12-31,67.4375,67.4375,66.1875,32.91761016845703,906200
2000-01-03,65,67.4375,65,32.45353317260742,2645000
2000-01-04,64.25,65.4375,62.75,31.432605743408203,3701000
2000-01-05,63.125,65.3125,63,31.834794998168945,3411000
2000-01-06,65,66.1875,64.3125,32.7629280090332,2460100
2000-01-07,68,71.0625,67.5,35.176029205322266,5863300
2000-01-10,71.0625,71.0625,67.9375,33.72199249267578,2830500
2000-01-11,67,69.375,67,33.90761184692383,3309700
2000-01-12,67.625,68.3125,66.9375,33.41259002685547,3573600
2000-01-13,65.75,68.375,65.625,33.01042175292969,3639400
2000-01-14,68.9375,69.25,68,33.814788818359375,3750300
2000-01-18,69.375,69.375,66.5,33.31980514526367,2082900
2000-01-19,66,68,65.75,33.53635787963867,2193700
2000-01-20,67.6875,68.25,65.5625,33.05683135986328,2136400
2000-01-21,65.125,65.625,64.125,32.051353454589844,4051000
2000-01-24,64.625,64.8125,61.5625,30.75196647644043,4206900
2000-01-25,62.375,63.25,61.75,30.84479522705078,3148700
2000-01-26,62.9375,63.375,62.125,31.061338424682617,2233100
2000-01-27,62,64.375,61.5,31.803863525390625,3052200
2000-01-28,65,67.375,64.875,32.329776763916016,4284500
2000-01-31,65.9375,67,62.375,33.10322952270508,3334100
2000-02-01,65.875,66.5,64.6875,32.45353317260742,2981300
2000-02-02,65.5,66.0625,63.875,32.20603561401367,2066300
2000-02-03,65.3125,65.8125,63.625,32.298858642578125,2643600
2000-02-04,64.9375,65.25,64.5,32.11322784423828,1717600
2000-02-07,65.4375,65.4375,62.75,31.33979034423828,1957400
2000-02-08,62.625,63.75,62.625,31.33979034423828,2536700
2000-02-09,64.375,64.375,61.6875,30.566364288330078,3211000
2000-02-10,61.875,63,61.8125,30.84479522705078,2080000
2000-02-11,62.5,62.5625,61.0625,30.632272720336914,3268100
2000-02-14,61.375,62,60.4375,30.197355270385742,2758000
2000-02-15,60.875,61.6875,60.625,30.414813995361328,2989400
2000-02-16,62,62.4375,61.1875,30.445873260498047,3292800
2000-02-17,61.75,61.9375,60.1875,29.91773223876953,3290500
2000-02-18,60.3125,60.375,58.25,29.078935623168945,3684000
2000-02-22,59.75,60.375,57.625,29.576004028320312,2716500
2000-02-23,59.75,60.875,58.3125,29.9798641204834,2489800
2000-02-24,59.9375,60.25,57.875,29.109996795654297,2612700
2000-02-25,58.4375,58.8125,56.125,28.177978515625,2554400
2000-02-28,57,58.4375,57,28.58185577392578,3832900
2000-02-29,58.5,60.5,58.375,29.544931411743164,4138700
2000-03-01,59.4375,60.25,58,29.265317916870117,4186700
2000-03-02,57.875,59.375,57.1875,28.67506217956543,2095800
2000-03-03,58.625,59,57.5625,28.830402374267578,2085200
2000-03-06,57.25,58.6875,57.125,28.643985748291016,2549700
2000-03-07,57.875,57.9375,54,27.09062385559082,3998100
2000-03-08,55,57.375,54.5,27.58769416809082,4282600
2000-03-09,56.4375,60.0625,56.4375,29.855602264404297,3853500
2000-03-10,60.125,61.9375,60,30.414813995361328,3535800
2000-03-13,61,61,57.625,29.45174217224121,2115500
2000-03-14,58.25,58.6875,57.375,28.55078125,2133000
2000-03-15,57.4375,63.5,57.375,31.191497802734375,4364700
2000-03-16,63.875,65.9375,63,32.1856575012207,5316400
2000-03-17,63.875,63.9375,61,30.508020401000977,4843300
2000-03-20,61.375,61.4375,59.625,30.197355270385742,2271100
2000-03-21,59.75,62,59.6875,30.663358688354492,2987000
2000-03-22,62.375,64.3125,61.625,31.59538459777832,3347000
2000-03-23,64.1875,64.8125,63.5625,31.999250411987305,3159800
2000-03-24,64.125,64.1875,61.125,30.880826950073242,2061200
2000-03-27,62,62.3125,59.9375,30.073087692260742,2013000
2000-03-28,59.8125,61,59.5,29.94882583618164,2114100
2000-03-29,60.125,61.5,60.125,30.321617126464844,2834600
2000-03-30,61.25,63.125,60.75,30.197355270385742,3098400
2000-03-31,61.25,64.5,60.125,31.12938690185547,3243800
2000-04-03,64.25,65.5,64,32.496315002441406,2741300
2000-04-04,65.625,69.375,65.4375,34.2982292175293,6700500
2000-04-05,68.125,69,66.875,33.537071228027344,3470900
2000-04-06,66,67,65.0625,32.744842529296875,2190400
2000-04-07,65.625,65.75,64.1875,31.96819496154785,1607200
2000-04-10,64,66.75,63.75,32.24778747558594,2884200
2000-04-11,65,66.9375,64.875,33.241939544677734,2373300
2000-04-12,66.25,67,64.75,32.372066497802734,2618200
2000-04-13,68.4375,70,68,34.795291900634766,4523000
2000-04-14,68.5,69.9375,66.5,33.52153778076172,4056300
2000-04-17,67.4375,70,67.375,34.795291900634766,3876700
2000-04-18,69.8125,74,69.5,36.410823822021484,6465300
2000-04-19,74.1875,76.25,73.25,37.591346740722656,6148700
2000-04-20,76.4375,76.875,75,37.65349578857422,4305000
2000-04-24,75.75,78.5,75.75,38.52336502075195,4803800
2000-04-25,77.0625,77.3125,76.1875,38.274845123291016,3801900
2000-04-26,76.5,78.125,75.5,38.67869186401367,4066100
2000-04-27,77,78,76.1875,38.7408332824707,2522200
2000-04-28,77.125,77.6875,76,38.33696365356445,2653700
2000-05-01,78,79.4375,77,38.461238861083984,3418600
2000-05-02,76.9375,78.6875,76.875,38.77188491821289,2582900
2000-05-03,78,79.0625,77.3125,39.268959045410156,2586400
2000-05-04,79,79.625,77.6875,39.39324951171875,2963800
2000-05-05,77.5,79.9375,77.5,39.64176940917969,3169400
2000-05-08,79.9375,80.5,78.75,40.01460647583008,2496200
2000-05-09,80.25,80.3125,79,39.579647064208984,2654900
2000-05-10,77.875,78.6875,76,38.399085998535156,4571900
2000-05-11,75.25,75.9375,74.25,37.34421920776367,2621800
2000-05-12,74.25,76.125,73,37.62476348876953,3131000
2000-05-15,75.375,76.9375,75.25,38.123538970947266,3444700
2000-05-16,75.5,76.5,74.75,37.375396728515625,3343900
2000-05-17,74.625,74.75,72.875,36.8454704284668,4043400
2000-05-18,73.875,74.8125,73.625,36.78311538696289,2635300
2000-05-19,73.9375,76.0625,73.6875,37.8741569519043,2775700
2000-05-22,76.25,77,73.6875,37.500091552734375,2518800
2000-05-23,74.625,76.1875,73.875,37.68712615966797,1867300
2000-05-24,75.5625,77.625,75.4375,38.46641540527344,2274900
2000-05-25,78.5,79.625,77.25,39.21455764770508,3401300
2000-05-26,77.75,79.375,77.75,39.30807876586914,1715500
2000-05-30,77.875,78,75.4375,38.154701232910156,2042300
2000-05-31,76,77.4375,75,37.96767807006836,2219200
2000-06-01,77,77.75,76.25,38.43528366088867,2992100
2000-06-02,76.9375,76.9375,72.3125,36.471405029296875,4229700
2000-06-05,71.625,73,71.25,36.128517150878906,3257100
2000-06-06,71.25,74.375,71.25,36.97016906738281,2245600
2000-06-07,74.375,75.875,74,37.34421920776367,2493600
2000-06-08,74.625,75.5625,73.375,37.375396728515625,1811000
2000-06-09,73.875,76.5,73.875,37.99884033203125,2704400
2000-06-12,77,79,76.75,39.027523040771484,8891900
2000-06-13,78.125,80.9375,78.0625,40.27443313598633,4020600
2000-06-14,81.125,82.9375,80.9375,41.30308151245117,4995200
2000-06-15,82.8125,83.4375,81.6875,41.39662170410156,3666700
2000-06-16,83,85.25,82.375,42.362945556640625,6617700
2000-06-19,84.125,86.8125,84.125,43.07991027832031,3680300
2000-06-20,86.25,87.125,85.4375,43.18122100830078,4375200
2000-06-21,86.625,89.4375,86.25,43.2669563293457,5560400
2000-06-22,86.25,86.3125,83.875,42.14473342895508,3317600
2000-06-23,84.5,85.3125,84.3125,42.54996109008789,1671900
2000-06-26,85.3125,87.6875,84.875,43.17344665527344,3165200
2000-06-27,86.125,86.25,83.875,42.269412994384766,3858000
2000-06-28,86.5,87.625,85.375,43.4929313659668,4775700
2000-06-29,102,109,98.9375,50.6859016418457,24396500
2000-06-30,99.25,100.75,97.5,49.81307601928711,8779800
2000-07-03,97.9375,99.3125,97.5,49.25197982788086,2013600
2000-07-05,98.875,105,98.5625,52.11981964111328,5913800
2000-07-06,102.875,103.8125,100.1875,50.6859016418457,4015300
2000-07-07,99.6875,102.75,98.875,50.37419509887695,2389400
2000-07-10,100.9375,104.375,100.875,51.87044143676758,2024300
2000-07-11,103,103.125,102.375,51.3716926574707,2769800
2000-07-12,102,102.375,99.3125,49.750732421875,2779200
2000-07-13,99,99.0625,94.9375,47.75574493408203,3980900
2000-07-14,93.375,95.125,91.5625,47.132293701171875,4906200
2000-07-17,95.5,99.8125,94.5,49.11167907714844,3000800
2000-07-18,98.375,101.1875,97.1875,50.12480163574219,3808000
2000-07-19,100.25,100.875,98.625,49.25197982788086,2584900
2000-07-20,97.75,98.4375,94.1875,48.12981033325195,4964500
2000-07-21,96,99.5625,95.3125,48.81557083129883,3230400
2000-07-24,98.8125,102.125,98.8125,50.444313049316406,3774100
2000-07-25,98.75,101.375,98.75,50.37419509887695,3037200
2000-07-26,99.25,100.9375,98,49.329925537109375,3080800
2000-07-27,99.75,100.375,99.3125,49.587093353271484,1772600
2000-07-28,99.5,104,99.5,50.997623443603516,3311300
2000-07-31,102.5,104.875,100.0625,51.808109283447266,2767500
2000-08-01,104.125,107.1875,103.6875,53.30436325073242,2590400
2000-08-02,105.875,107.4375,105.8125,53.24201202392578,2886700
2000-08-03,105.3125,108.6875,105.3125,53.8031120300293,2127100
2000-08-04,107.625,107.875,105.125,53.55372619628906,2097700
2000-08-07,105.75,106.6875,104.75,53.140724182128906,1950600
2000-08-08,106.8125,108.9375,105.5,54.13822555541992,4149700
2000-08-09,107,107.4375,74.875,38.34172821044922,22492400
2000-08-10,77.5,78.4375,75,38.46641540527344,24921300
2000-08-11,76,78.4375,75.5625,38.53399658203125,9370900
2000-08-14,77.9375,78.5,77.125,38.90932083129883,4926500
2000-08-15,78.4375,78.4375,76.5,38.53399658203125,3095100
2000-08-16,77.4375,78.203125,77,38.65909194946289,4003600
2000-08-17,77.5,79.3125,77.4375,39.22209167480469,3938300
2000-08-18,78.5,78.8125,76.5,38.28375244140625,3436800
2000-08-21,77.125,78.3125,77,38.62782669067383,2229200
2000-08-22,77,78.125,76.09375,38.08045959472656,2962200
2000-08-23,76,77.25,75.875,38.62782669067383,2591100
2000-08-24,77.125,77.1875,75.5,37.84588623046875,2356100
2000-08-25,75.875,76.125,75.25,37.814605712890625,1762000
2000-08-28,75,75.75,74.5,37.282867431640625,3117200
2000-08-29,74.3125,74.875,73.375,37.03266525268555,2406800
2000-08-30,73.75,74.6875,73.4375,37.157772064208984,2790700
2000-08-31,73.8125,74,73,36.5400390625,2633200
2000-09-01,74.25,74.25,72.5625,36.375831604003906,1791800
2000-09-05,71,72,68.875,34.90576934814453,7079900
2000-09-06,69.875,69.9375,66.625,33.717254638671875,5695100
2000-09-07,67,69.625,66.875,34.530452728271484,4834600
2000-09-08,69,70,69,34.70248794555664,2968400
2000-09-11,70.4375,70.5625,69.875,35.15599060058594,2803400
2000-09-12,70.5625,72.375,70,35.8441162109375,3026500
2000-09-13,72,75,71.75,37.25159454345703,3955600
2000-09-14,74.375,74.625,72.8125,36.90754318237305,2499300
2000-09-15,74.5625,74.8125,72.375,36.50094223022461,2843200
2000-09-18,73.9375,75.5625,73.4375,37.25159454345703,2083700
2000-09-19,75.25,76,73.5625,37.97097396850586,2372900
2000-09-20,75.875,77.375,74.125,37.09521484375,2166900
2000-09-21,77.25,78.0625,76.8125,39.06570816040039,2941300
2000-09-22,79,82,78.875,40.78594970703125,5038900
2000-09-25,82.3125,83.1875,81.8125,41.466251373291016,2634700
2000-09-26,82.125,82.9375,80.8125,41.348960876464844,2650600
2000-09-27,82.0625,82.5,80.625,40.879798889160156,2237900
2000-09-28,80.6875,83,80.6875,41.22385025024414,1983200
2000-09-29,82,82.8125,80.3125,40.59830093383789,1728100
2000-10-02,81.25,82.5625,80.3125,40.47319412231445,1773400
2000-10-03,79.75,82.9375,79.5625,40.91109085083008,2200400
2000-10-04,81.9375,83.6875,81.75,41.28641128540039,1898000
2000-10-05,82,84.9375,81.25,42.31857681274414,3134200
2000-10-06,83.4375,83.875,81.3125,41.50536346435547,1833100
2000-10-09,83,83.625,81.875,41.380252838134766,875700
2000-10-10,82.5,84.9375,82.0625,42.28729248046875,1674500
2000-10-11,84.9375,88.125,83.5625,43.75733947753906,3373500
2000-10-12,87,88.625,86.1875,43.788612365722656,3611400
2000-10-13,87,87.5625,86,43.53840255737305,4154400
2000-10-16,86.625,89.8125,86.5625,44.945892333984375,3248800
2000-10-17,88.375,89.9375,88.0625,44.601844787597656,2128600
2000-10-18,87.1875,90.25,87.1875,44.66438674926758,3193100
2000-10-19,85,89,83.125,44.28908920288086,8349800
2000-10-20,87.3125,87.4375,85.4375,43.22562789916992,3050400
2000-10-23,86.9375,89.6875,86.6875,44.50801086425781,2708000
2000-10-24,88,89.3125,86.75,43.88246154785156,2407100
2000-10-25,88,90.0625,87.3125,44.44545364379883,3161000
2000-10-26,88.5625,90.5,87.125,43.788612365722656,3024900
2000-10-27,87.5,88.9375,85.8125,43.788612365722656,2629300
2000-10-30,87,88.625,87,44.03883361816406,2264500
2000-10-31,87.75,89.6875,86.5,44.72694778442383,3815700
2000-11-01,89.4375,91.25,89.4375,45.54016876220703,3751400
2000-11-02,89.8125,90.1875,87.625,44.28908920288086,4330100
2000-11-03,87.25,88.875,86.6875,44.07012939453125,2351500
2000-11-06,86.8125,90.1875,86.5625,44.82079315185547,3049400
2000-11-07,89.8125,91.1875,86.875,43.66350555419922,2767300
2000-11-08,89,91.8125,88.75,45.258663177490234,4827500
2000-11-09,90.875,91,87.125,44.883331298828125,2876300
2000-11-10,89.8125,92,89.5,45.28994369506836,1905700
2000-11-13,90.125,90.9375,85,43.224708557128906,3413700
2000-11-14,85.1875,88.8125,84,44.103004455566406,3197400
2000-11-15,87.5,88.5,86.125,44.00890350341797,2131700
2000-11-16,86,88.125,85.8125,43.444271087646484,1614000
2000-11-17,87.125,89.6875,86.625,44.88718795776367,2648600
2000-11-20,89.5,90.75,87.75,44.04023361206055,2513000
2000-11-21,88,90.6875,87.875,45.10674285888672,2394200
2000-11-22,87.875,89.5,86.8125,43.569759368896484,2577800
2000-11-24,87.25,87.375,84.6875,42.565975189208984,911500
2000-11-27,85.125,89.6875,85.0625,44.51076889038086,2508600
2000-11-28,89.9375,92.8125,89.8125,46.0477409362793,4416600
2000-11-29,92.25,95.375,92.25,47.427947998046875,4234800
2000-11-30,95.125,97.125,93.625,47.020198822021484,5878000
2000-12-01,93,93.1875,89.5625,45.200836181640625,6102200
2000-12-04,88.875,92.3125,88.875,45.389068603515625,4109700
2000-12-05,90.5,91.4375,89.25,45.35771560668945,3461800
2000-12-06,91.3125,91.625,89.6875,45.35771560668945,3597000
2000-12-07,90.75,93.375,90.75,46.23600769042969,2369400
2000-12-08,91.125,93.5,90.0625,46.455589294433594,2988400
2000-12-11,91.5,94.625,91.25,46.61240005493164,2303200
2000-12-12,92,93.9375,91.125,46.33013153076172,2400200
2000-12-13,92.375,93.3125,90.625,45.671382904052734,3001000
2000-12-14,89.5625,91.375,89.5625,45.044029235839844,1928600
2000-12-15,87.8125,89.9375,87.8125,44.7930793762207,4781700
2000-12-18,88.75,89.5,87.3125,44.416683197021484,1941600
2000-12-19,88.375,90.4375,88.25,44.667633056640625,2234500
2000-12-20,88.9375,91.5,88.1875,45.6400032043457,2701500
2000-12-21,90.1875,92,89.6875,45.545928955078125,2600700
2000-12-22,90.6875,90.6875,86.5,44.00890350341797,3041700
2000-12-26,87.4375,91.4375,87.4375,45.138118743896484,1579700
2000-12-27,89.5,92.1875,88.9375,44.7303581237793,1769300
2000-12-28,90.25,92.5,89.625,45.98505401611328,1332700
2000-12-29,92.625,94,91.6875,46.70651626586914,1992900
2001-01-02,93,95,90.5,45.92231750488281,4073500
2001-01-03,90.4375,91,85.375,43.31880569458008,6617800
2001-01-04,84.0625,84.8125,79.3125,40.71527862548828,12352700
2001-01-05,81,82.375,79.5625,40.49571228027344,5873900
2001-01-08,81,81.875,79.5,40.527095794677734,3408300
2001-01-09,81.4375,84.75,81,42.40911102294922,4146600
2001-01-10,84.5,85.25,82.375,41.844512939453125,3208100
2001-01-11,83.9375,83.9375,81.4375,40.96620559692383,3134600
2001-01-12,81.875,83.1875,80,40.15065383911133,3464100
2001-01-16,80.125,84.375,79.25,41.781761169433594,2910900
2001-01-17,82.5,82.75,81,40.93484115600586,2578100
2001-01-18,82.625,83.625,81.625,41.028953552246094,2934700
2001-01-19,81.75,82.625,80.4375,40.527095794677734,3170600
2001-01-22,81.375,82.4375,80.875,41.028953552246094,2305400
2001-01-23,81.8125,83.5,80.6875,41.71903991699219,2380600
2001-01-24,82.125,83.3125,81.375,41.53084945678711,1752800
2001-01-25,81,83.8125,80.6875,41.68767547607422,3537600
2001-01-26,83.9375,84.4375,82.25,41.405364990234375,2890900
2001-01-29,82.5,83.69999694824219,81,40.70273208618164,3284700
2001-01-30,80.31999969482422,81.48999786376953,79.0199966430664,40.055320739746094,3200400
2001-01-31,79.83000183105469,79.83000183105469,78.01000213623047,39.54839324951172,5361700
2001-02-01,78.80000305175781,80.83000183105469,78.80000305175781,40.22595977783203,3037300
2001-02-02,81.19999694824219,82.13999938964844,81.01000213623047,41.104244232177734,2955800
2001-02-05,82.4800033569336,83.69999694824219,79.75,40.10047912597656,4123600
2001-02-06,77,78.79000091552734,77,38.89595413208008,8141300
2001-02-07,77.5,79.41000366210938,77.05999755859375,39.62368392944336,5436800
2001-02-08,80,81.5,79.55000305175781,40.647518157958984,2905400
2001-02-09,81.48999786376953,81.98999786376953,79.30000305175781,40.527095794677734,4412700
2001-02-12,81.5,81.7300033569336,79.70999908447266,40.35140609741211,4179900
2001-02-13,81,81,79.41000366210938,40.28593444824219,2631000
2001-02-14,79.5,79.98999786376953,76.87000274658203,38.820377349853516,4589500
2001-02-15,77.27999877929688,77.4000015258789,74.80000305175781,37.89870834350586,5449200
2001-02-16,74.55000305175781,74.98999786376953,72.9800033569336,36.765499114990234,4468900
2001-02-20,74,74.69999694824219,73.25,37.107994079589844,6502200
2001-02-21,74.4800033569336,74.6500015258789,73.75,37.148258209228516,3659000
2001-02-22,74.86000061035156,75,72.91000366210938,37.390018463134766,4232600
2001-02-23,74.4800033569336,76.19999694824219,72.75,38.25123977661133,3665500
2001-02-26,76,77.48999786376953,74.75,38.97648620605469,2991400
2001-02-27,76.9000015258789,78.36000061035156,76.55000305175781,39.28369140625,2881600
2001-02-28,78.75,79.98999786376953,78.52999877929688,40.01901626586914,3058500
2001-03-01,78.20999908447266,80.0999984741211,78.20999908447266,39.777278900146484,3441300
2001-03-02,78.9800033569336,80.38999938964844,78.54000091552734,39.95354080200195,2579100
2001-03-05,78.25,80.19000244140625,77.5,40.01901626586914,2800800
2001-03-06,79.36000061035156,79.36000061035156,77.5199966430664,39.26356506347656,3526700
2001-03-07,79.19999694824219,79.23999786376953,75.75,38.66423034667969,4664800
2001-03-08,75.76000213623047,77.5,75.36000061035156,38.98152542114258,4257600
2001-03-09,77.69999694824219,79.27999877929688,77.61000061035156,39.78733444213867,3216500
2001-03-12,78,79.38999938964844,78,39.5355224609375,3151300
2001-03-13,78,78.47000122070312,77.01000213623047,39.434814453125,3140000
2001-03-14,77.30000305175781,78.68000030517578,76.2300033569336,38.74985885620117,2545400
2001-03-15,76.69000244140625,76.9000015258789,74.9800033569336,38.1454963684082,3545200
2001-03-16,75.19999694824219,75.91000366210938,73.41999816894531,37.490745544433594,5966700
2001-03-19,73.91000366210938,76.75,73.75,38.276424407958984,3512800
2001-03-20,76.01000213623047,77.19000244140625,75.5,38.528236389160156,3280100
2001-03-21,76.5,76.5999984741211,73.62999725341797,37.37996292114258,3763300
2001-03-22,74,74.01000213623047,70.01000213623047,36.941776275634766,7194300
2001-03-23,73.0999984741211,73.0999984741211,70.80000305175781,36.559024810791016,5570500
2001-03-26,73.0999984741211,74.80000305175781,72.5999984741211,37.465572357177734,2991800
2001-03-27,74.38999938964844,76.22000122070312,74.18000030517578,38.38722229003906,2840100
2001-03-28,75.0999984741211,77.5,74.55000305175781,38.96137619018555,4162100
2001-03-29,76.5999984741211,77.19999694824219,74.6500015258789,38.12535095214844,3791900
2001-03-30,75.69999694824219,77.01000213623047,74.69999694824219,38.60882568359375,4271400
2001-04-02,76.91000366210938,76.94000244140625,74.62000274658203,38.004451751708984,3137100
2001-04-03,75,77.4800033569336,74.91000366210938,37.77782440185547,3167000
2001-04-04,74.4000015258789,76.98999786376953,74.01000213623047,38.38218307495117,3059500
2001-04-05,75.5999984741211,77.12000274658203,75.4800033569336,38.84049987792969,4545500
2001-04-06,76.80000305175781,78.8499984741211,76.0999984741211,39.031883239746094,4226500
2001-04-09,76.75,78.38999938964844,76.75,39.243404388427734,2989100
2001-04-10,78.5,78.88999938964844,77.0999984741211,39.46501159667969,3230300
2001-04-11,77.5,77.51000213623047,75.8499984741211,38.739768981933594,4072100
2001-04-12,77.0999984741211,78.08999633789062,77,39.00165557861328,3079200
2001-04-16,78,79.7300033569336,78,39.78733444213867,3628800
2001-04-17,79.1500015258789,80.88999938964844,78.5999984741211,40.73919677734375,2552700
2001-04-18,79.98999786376953,80.94999694824219,79.05999755859375,40.23052978515625,5013000
2001-04-19,80,80.3499984741211,78.5999984741211,40.185218811035156,2632500
2001-04-20,79.54000091552734,80.63999938964844,78.51000213623047,40.341331481933594,3986900
2001-04-23,80.0999984741211,81.48999786376953,79.75,40.487388610839844,2795900
2001-04-24,80.38999938964844,81.33999633789062,78.87000274658203,39.81755828857422,2581800
2001-04-25,79.76000213623047,82.0999984741211,79.58000183105469,40.965858459472656,2845300
2001-04-26,81.58999633789062,81.83999633789062,80.0199966430664,40.99102020263672,2745000
2001-04-27,81.4000015258789,82.87999725341797,80,41.701171875,2567700
2001-04-30,83.66999816894531,85.19000244140625,83.58000183105469,42.80916213989258,4032600
2001-05-01,84.9000015258789,86,84.22000122070312,43.12647247314453,3096500
2001-05-02,85.12999725341797,86.87999725341797,84.5999984741211,43.51424789428711,3082100
2001-05-03,86.0999984741211,86.77999877929688,84.3499984741211,42.9703369140625,2353500
2001-05-04,85.33000183105469,86.8499984741211,84.06999969482422,43.33294677734375,2144800
2001-05-07,85,87,84.75,43.70566177368164,1549700
2001-05-08,85.80000305175781,86.12000274658203,84.19999694824219,43.33294677734375,2842700
2001-05-09,86.19999694824219,86.6500015258789,84.55000305175781,43.06601333618164,2795900
2001-05-10,85.98999786376953,85.98999786376953,84.79000091552734,42.814212799072266,2912500
2001-05-11,84.73999786376953,85.25,83.69999694824219,42.394805908203125,2027500
2001-05-14,83.9000015258789,84.7699966430664,83.69999694824219,42.667659759521484,1633300
2001-05-15,84.69000244140625,85.26000213623047,83.9000015258789,42.84955978393555,2504400
2001-05-16,85.5,86.98999786376953,85.19999694824219,43.58732223510742,2892900
2001-05-17,86.30000305175781,88.6500015258789,86.2699966430664,44.33010482788086,2782300
2001-05-18,87.8499984741211,88,85.01000213623047,43.1982536315918,3105600
2001-05-21,85.48999786376953,85.97000122070312,85.08000183105469,43.38017272949219,2402800
2001-05-22,84.5999984741211,86.4000015258789,84.30999755859375,43.23359680175781,1546700
2001-05-23,86.30000305175781,86.80000305175781,84.08999633789062,42.69797134399414,2933600
2001-05-24,84.30000305175781,84.9000015258789,84.01000213623047,42.900115966796875,2646200
2001-05-25,84.25,84.5999984741211,83.66999816894531,42.4554443359375,2082900
2001-05-29,84,86.33999633789062,84,43.40541076660156,2214700
2001-05-30,85.9000015258789,86.1500015258789,84.54000091552734,42.79904556274414,2622900
2001-05-31,84,84.69999694824219,83.01000213623047,42.79904556274414,2614000
2001-06-01,84.9000015258789,86.61000061035156,83.9000015258789,43.673221588134766,1985600
2001-06-04,86,87.37000274658203,85.8499984741211,43.96125030517578,1887700
2001-06-05,87,88.47000122070312,86.27999877929688,44.51707458496094,2272300
2001-06-06,88.0999984741211,88.47000122070312,86.58000183105469,43.956207275390625,2091800
2001-06-07,86.5,87.23999786376953,86.41999816894531,43.9814453125,2090500
2001-06-08,86.5999984741211,87.4000015258789,86.5199966430664,43.9814453125,1514300
2001-06-11,87,87.26000213623047,86.38999938964844,43.96125030517578,1986400
2001-06-12,87,87.61000061035156,86.01000213623047,43.70859146118164,2190100
2001-06-13,83.30000305175781,84.0999984741211,82.86000061035156,42.293739318847656,5633800
2001-06-14,83.5,83.63999938964844,83,42.192684173583984,2933900
2001-06-15,82.7300033569336,82.8499984741211,80.87999725341797,41.131561279296875,4660100
2001-06-18,80.5999984741211,81.73999786376953,80.33999633789062,40.86878967285156,3056700
2001-06-19,80.19999694824219,80.30000305175781,78.05999755859375,39.77228546142578,4023300
2001-06-20,78.6500015258789,79.97000122070312,78.6500015258789,40.18157196044922,3007800
2001-06-21,79.69999694824219,79.9800033569336,78.41999816894531,39.666175842285156,3323200
2001-06-22,77.4000015258789,77.41000366210938,75.51000213623047,38.60504150390625,5402400
2001-06-25,76.5,76.75,75.19999694824219,38.16035842895508,2413100
2001-06-26,75.52999877929688,76.5,75.19999694824219,38.26649475097656,2597100
2001-06-27,75.80000305175781,75.80000305175781,74,37.402400970458984,3075100
2001-06-28,74,74,73.27999877929688,37.230621337890625,4894000
2001-06-29,74,75.23999786376953,73.69999694824219,37.392311096191406,5187900
2001-07-02,74.5,76.9000015258789,74.5,38.2765998840332,2761800
2001-07-03,76,76.45999908447266,74.97000122070312,38.57978057861328,1949300
2001-07-05,76,76.41000366210938,74.58999633789062,38.200801849365234,2000000
2001-07-06,75,75.55000305175781,74.51000213623047,37.953208923339844,2013200
2001-07-09,75.11000061035156,76.4000015258789,74.5999984741211,38.60504150390625,2160200
2001-07-10,76.0999984741211,76.36000061035156,74.4800033569336,37.74601745605469,3042500
2001-07-11,74.69999694824219,77.18000030517578,74.43000030517578,38.301856994628906,5403900
2001-07-12,75.19999694824219,75.3499984741211,74,37.67022705078125,4092500
2001-07-13,74.5,76.19999694824219,74.48999786376953,38.291744232177734,2219900
2001-07-16,75.0999984741211,75.77999877929688,74.72000122070312,37.948143005371094,1939200
2001-07-17,74.25,75.69999694824219,74.25,37.922874450683594,2134200
2001-07-18,74.5999984741211,76.94999694824219,74.5999984741211,38.78189468383789,4052600
2001-07-19,77.8499984741211,78.48999786376953,76.51000213623047,39.140655517578125,4416800
2001-07-20,77.20999908447266,77.83999633789062,76.1500015258789,39.11033630371094,2600700
2001-07-23,78.19999694824219,78.19999694824219,76.30000305175781,38.68083953857422,2194600
2001-07-24,76.6500015258789,76.69999694824219,75.9000015258789,38.45850372314453,2197200
2001-07-25,76.94999694824219,77.1500015258789,75.81999969482422,38.554508209228516,2340700
2001-07-26,76.5,78.68000030517578,76.3499984741211,39.47417068481445,2595500
2001-07-27,77.44999694824219,80,77.44999694824219,39.60551071166992,2895700
2001-07-30,79.0999984741211,79.63999938964844,78.30000305175781,39.964317321777344,2317200
2001-07-31,78.5999984741211,80.4800033569336,78.56999969482422,40.06031799316406,2700900
2001-08-01,79,79.4000015258789,78.23999786376953,39.8682861328125,3592000
2001-08-02,79,80.2699966430664,78.80000305175781,40.19674301147461,2046600
2001-08-03,78.5,79.5,78.36000061035156,40.01988983154297,1845100
2001-08-06,79.4000015258789,79.43000030517578,78.61000061035156,39.9441032409668,1734300
2001-08-07,78.30000305175781,78.66000366210938,78.11000061035156,39.59037780761719,1994500
2001-08-08,77.6500015258789,78.33999633789062,77.25,39.226558685302734,1744200
2001-08-09,77.19000244140625,77.75,76.97000122070312,39.02949905395508,1992900
2001-08-10,76.69999694824219,78.41000366210938,76.69999694824219,39.46406173706055,1436300
2001-08-13,77.19999694824219,78.66999816894531,77.19000244140625,39.78861999511719,1311500
2001-08-14,78.70999908447266,79.41000366210938,78.02999877929688,39.753116607666016,1573000
2001-08-15,79.08999633789062,79.8499984741211,78.80999755859375,40.113162994384766,1771200
2001-08-16,78.4000015258789,80.0999984741211,78.3499984741211,40.5898551940918,2507000
2001-08-17,79.55000305175781,80.02999877929688,79.0999984741211,40.46815490722656,1815200
2001-08-20,79.5,81.3499984741211,79.48999786376953,41.122310638427734,2874500
2001-08-21,81.98999786376953,82.19999694824219,80.38999938964844,40.96006393432617,2470800
2001-08-22,80.19999694824219,82.04000091552734,79.70999908447266,41.48240661621094,2050000
2001-08-23,81.36000061035156,82.63999938964844,81.18000030517578,41.806949615478516,2270100
2001-08-24,82.25,83.76000213623047,82.0199966430664,42.43068313598633,2520000
2001-08-27,82.77999877929688,82.88999938964844,82.0199966430664,41.71059036254883,3229200
2001-08-28,81.94999694824219,82.0999984741211,79.7699966430664,40.544219970703125,4125500
2001-08-29,80,80.12999725341797,79.01000213623047,40.0827522277832,2821000
2001-08-30,79.0999984741211,79.8499984741211,78.80999755859375,40.224727630615234,3449300
2001-08-31,78.8499984741211,79.69999694824219,77.16999816894531,39.36770248413086,2176300
2001-09-04,78.19999694824219,79.69999694824219,78.05000305175781,39.92045593261719,2657600
2001-09-05,78.11000061035156,80.0999984741211,78.0199966430664,40.46815490722656,3441900
2001-09-06,78.75,79.30000305175781,78.01000213623047,39.80889892578125,2775900
2001-09-07,78.0199966430664,78.5,76.69999694824219,38.896080017089844,4078400
2001-09-10,76.69999694824219,77.87000274658203,75.88999938964844,39.14964294433594,3121200
2001-09-17,77.44999694824219,79.30000305175781,75.5,39.3575439453125,5318800
2001-09-18,77.55999755859375,78.86000061035156,77.0199966430664,39.53506088256836,3268700
2001-09-19,77.01000213623047,77.48999786376953,73.72000122070312,38.287540435791016,4535600
2001-09-20,74.25,75.3499984741211,73.80000305175781,37.48121643066406,3766800
2001-09-21,72.01000213623047,75.30000305175781,71.80999755859375,37.521785736083984,7174700
2001-09-24,76.16000366210938,77.25,74.98999786376953,38.997493743896484,4808300
2001-09-25,76,77.5999984741211,76,39.14964294433594,3656100
2001-09-26,77.79000091552734,79.5999984741211,77.62000274658203,39.83425521850586,4510600
2001-09-27,78.4000015258789,80.48999786376953,78.1500015258789,40.620304107666016,3518500
2001-09-28,80.0999984741211,81.33999633789062,79.41999816894531,40.92456817626953,3770200
2001-10-01,80.58000183105469,82,80.0999984741211,41.41139602661133,3443700
2001-10-02,81.66000366210938,82.98999786376953,81.02999877929688,42.02500534057617,2853600
2001-10-03,78,79.2699966430664,77.69999694824219,40.18923568725586,12183400
2001-10-04,79.0999984741211,79.19999694824219,78.5999984741211,40.04722213745117,6393800
2001-10-05,78.9000015258789,79.83999633789062,78.72000122070312,40.41237258911133,2532400
2001-10-08,79.44999694824219,79.8499984741211,79.11000061035156,40.392093658447266,2159600
2001-10-09,79.44999694824219,79.54000091552734,78.27999877929688,39.91032409667969,2756900
2001-10-10,78.5999984741211,80,78.55000305175781,40.442779541015625,2967200
2001-10-11,79.4000015258789,79.5999984741211,78.5199966430664,40.057373046875,4644500
2001-10-12,78.5999984741211,79.6500015258789,78.5,40.006649017333984,4555700
2001-10-15,78.75,78.9000015258789,77.76000213623047,39.58575439453125,5562000
2001-10-16,78.0999984741211,79.48999786376953,77.5,40.06244659423828,5172000
2001-10-17,74,75.5999984741211,73.5,38.033958435058594,18131800
2001-10-18,74.26000213623047,76.44000244140625,74.26000213623047,38.59182357788086,5714800
2001-10-19,76.30000305175781,76.9000015258789,75.25,38.520809173583984,3491000
2001-10-22,75.95999908447266,77.58999633789062,75.5,39.306846618652344,3208900
2001-10-23,77.51000213623047,77.7699966430664,76.7300033569336,39.33219528198242,3590400
2001-10-24,77.56999969482422,79.80000305175781,77.5,39.656742095947266,8380900
2001-10-25,77.6500015258789,79.16000366210938,77.16000366210938,40.06244659423828,3822600
2001-10-26,78.19999694824219,80.05000305175781,78.05999755859375,40.41744613647461,4269000
2001-10-29,80.1500015258789,81.55000305175781,79.29000091552734,40.25008010864258,5524800
2001-10-30,79.94999694824219,80,77,39.18513488769531,4287300
2001-10-31,77.73999786376953,77.73999786376953,76.08999633789062,38.79464340209961,4701200
2001-11-01,76.5,77.41000366210938,75.91999816894531,39.022850036621094,3083900
2001-11-02,76.9000015258789,78.4000015258789,76.54000091552734,39.49954605102539,2560400
2001-11-05,78.88999938964844,79.55000305175781,78.04000091552734,39.80889892578125,2969800
2001-11-06,78.1500015258789,79.69999694824219,78.0999984741211,40.36671829223633,2611600
2001-11-07,79.8499984741211,80.83999633789062,79.70999908447266,40.64563751220703,3457700
2001-11-08,79.69999694824219,80.19999694824219,78.80000305175781,40.24500274658203,3203900
2001-11-09,79.19999694824219,79.69999694824219,78.44999694824219,39.793678283691406,2177500
2001-11-12,77.91999816894531,78.77999877929688,77,39.80889892578125,1967700
2001-11-13,78.27999877929688,78.98999786376953,78.19000244140625,40.190574645996094,2072800
2001-11-14,78.97000122070312,78.9800033569336,78.0999984741211,39.81907653808594,2752600
2001-11-15,78.69000244140625,79.22000122070312,77.73999786376953,39.88524627685547,2026900
2001-11-16,78.9000015258789,79.37999725341797,78.69000244140625,40.21603775024414,1921600
2001-11-19,78.5,80.05000305175781,78.45999908447266,40.70973587036133,3438900
2001-11-20,80.23999786376953,81.68000030517578,80.01000213623047,41.29499816894531,2975500
2001-11-21,81.9000015258789,83.79000091552734,81.8499984741211,42.40955352783203,5765100
2001-11-23,82.75,82.77999877929688,82.16000366210938,41.94641876220703,2059300
2001-11-26,82,83.2699966430664,81.55000305175781,42.05839920043945,3582800
2001-11-27,82.4000015258789,82.94999694824219,81.70999908447266,41.849727630615234,3350700
2001-11-28,82.44999694824219,82.63999938964844,81.16000366210938,41.45276641845703,1888900
2001-11-29,81.36000061035156,82.72000122070312,81.16000366210938,42.0125846862793,2862700
2001-11-30,82.5999984741211,83,82.16000366210938,42.07366180419922,1853100
2001-12-03,82.55000305175781,84.04000091552734,82.44000244140625,42.54694747924805,2586400
2001-12-04,83.3499984741211,83.3499984741211,82.44000244140625,42.134735107421875,2366600
2001-12-05,82.4800033569336,82.69999694824219,81.66000366210938,41.96168518066406,3741500
2001-12-06,82.25,82.80000305175781,81.3499984741211,41.61561584472656,2150400
2001-12-07,82.25,82.5999984741211,81.69999694824219,41.89551544189453,1823800
2001-12-10,81.80000305175781,81.98999786376953,80.80000305175781,41.49855041503906,2500100
2001-12-11,80.9000015258789,82.9000015258789,80.02999877929688,40.91835403442383,3902700
2001-12-12,80.75,81.79000091552734,78.52999877929688,40.21095275878906,5742700
2001-12-13,79.0999984741211,81.22000122070312,79,40.954010009765625,4080400
2001-12-14,80,82.54000091552734,79.5,41.63597869873047,3124000
2001-12-17,82.63999938964844,84.30000305175781,82.19999694824219,42.13982009887695,2978700
2001-12-18,82,82.88999938964844,81.69999694824219,42.05839920043945,3011600
2001-12-19,81.5,82.0999984741211,80.76000213623047,41.52907180786133,5015900
2001-12-20,80.80000305175781,81.30000305175781,79.80000305175781,40.730064392089844,5982200
2001-12-21,79.25,79.8499984741211,76.69000244140625,39.9005126953125,11155400
2001-12-24,78.5999984741211,79.80999755859375,78.5,40.58248519897461,1827600
2001-12-26,79.80000305175781,80.11000061035156,79.30000305175781,40.35857391357422,1307600
2001-12-27,78.80999755859375,79.36000061035156,78.31999969482422,40.32801055908203,2124500
2001-12-28,79.58999633789062,79.98999786376953,79.37999725341797,40.633358001708984,1718900
2001-12-31,79.20999908447266,79.3499984741211,78.45999908447266,39.97175598144531,1996300
2002-01-02,78.5,78.8499984741211,77.0199966430664,39.951393127441406,2471600
2002-01-03,77.91000366210938,77.91999816894531,77.01000213623047,39.523902893066406,2505000
2002-01-04,77.80000305175781,78.13999938964844,77.26000213623047,39.54424285888672,2637400
2002-01-07,77.16000366210938,77.29000091552734,76.4000015258789,39.11164093017578,2623900
2002-01-08,76.5,77.30000305175781,75.3499984741211,38.50093460083008,4097700
2002-01-09,75.5999984741211,76.3499984741211,75.19999694824219,38.33296585083008,4292600
2002-01-10,75.56999969482422,77.1500015258789,75.44999694824219,39.08619689941406,3317900
2002-01-11,77.55000305175781,78,76.4000015258789,38.882625579833984,3160300
2002-01-14,76.4000015258789,77.73999786376953,75.76000213623047,39.1879997253418,2931500
2002-01-15,77.58999633789062,78.04000091552734,76.86000061035156,39.21344757080078,3549300
2002-01-16,77,77.58999633789062,76.05999755859375,38.70957946777344,2646900
2002-01-17,76.19999694824219,76.27999877929688,75.01000213623047,38.38896179199219,2304400
2002-01-18,75.05000305175781,75.75,74.26000213623047,37.96146774291992,3904500
2002-01-22,74.41000366210938,75.8499984741211,74.41000366210938,38.60272216796875,3622700
2002-01-23,75.98999786376953,76.69000244140625,75.44999694824219,38.5620002746582,2752800
2002-01-24,75,75.01000213623047,73.0999984741211,37.712066650390625,5630500
2002-01-25,74.19999694824219,75.58999633789062,74,38.226097106933594,3654100
2002-01-28,75.05000305175781,75.1500015258789,74.0199966430664,37.808780670166016,2568700
2002-01-29,74.44999694824219,74.8499984741211,72.91000366210938,37.35582733154297,2812400
2002-01-30,73.0999984741211,74.4000015258789,73,37.681549072265625,3451100
2002-01-31,74.0999984741211,75.0999984741211,73.19999694824219,38.221012115478516,3081300
2002-02-01,74.8499984741211,75.19999694824219,74.27999877929688,38.063262939453125,1941700
2002-02-04,74.79000091552734,75.2300033569336,72.88999938964844,37.304931640625,1887200
2002-02-05,73.05000305175781,74.55000305175781,73.05000305175781,37.63066101074219,2251800
2002-02-06,73.77999877929688,74.75,73.25,37.3354606628418,2384500
2002-02-07,73.80000305175781,73.88999938964844,72.25,37.08101272583008,2471000
2002-02-08,72.41000366210938,73.70999908447266,72.1500015258789,37.49323654174805,2211800
2002-02-11,72.95999908447266,75.47000122070312,72.9000015258789,38.098873138427734,2185100
2002-02-12,74.87000274658203,76.22000122070312,74.66999816894531,38.55183792114258,2318200
2002-02-13,76.08999633789062,76.36000061035156,75.25,38.89933776855469,1908700
2002-02-14,76.12000274658203,77.29000091552734,75.6500015258789,39.05263900756836,2835700
2002-02-15,76.87000274658203,77.05000305175781,76,39.03728485107422,1925500
2002-02-19,76.38999938964844,76.38999938964844,75.44000244140625,38.67446517944336,1636300
2002-02-20,75.69000244140625,76.98999786376953,75.2699966430664,39.26214599609375,2887700
2002-02-21,76.83000183105469,77.48999786376953,76.5999984741211,39.14461135864258,3269300
2002-02-22,76.1500015258789,77.44000244140625,76.1500015258789,39.38991165161133,2616200
2002-02-25,77.08000183105469,77.98999786376953,76.38999938964844,39.17015838623047,2775400
2002-02-26,75.83000183105469,76.55999755859375,75.25,38.797122955322266,3213300
2002-02-27,76.5,77.70999908447266,76.19999694824219,39.57390213012695,2543100
2002-02-28,77.44000244140625,77.9000015258789,75.7300033569336,38.70001983642578,2669500
2002-03-01,75.6500015258789,77.6500015258789,74.55000305175781,39.60454177856445,2902700
2002-03-04,77,78.5,76.25,40.115570068359375,4752900
2002-03-05,78.30000305175781,78.30000305175781,76.8499984741211,39.4767951965332,2718400
2002-03-06,76.76000213623047,78.51000213623047,76.76000213623047,39.96224594116211,2358900
2002-03-07,78.37999725341797,78.5999984741211,77.80000305175781,40.10533142089844,2529500
2002-03-08,78.9000015258789,78.94999694824219,77.5999984741211,39.96224594116211,2398800
2002-03-11,78.19999694824219,78.98999786376953,78.05000305175781,40.30974578857422,1835700
2002-03-12,78,79.38999938964844,78,40.57038879394531,2207100
2002-03-13,79.38999938964844,79.80000305175781,77.75,40.62147903442383,5374500
2002-03-14,79.25,79.69999694824219,78.79000091552734,40.498836517333984,2000200
2002-03-15,79.98999786376953,79.98999786376953,79.05000305175781,40.80545425415039,3452900
2002-03-18,79.80000305175781,80.91999816894531,79.25,41.188724517822266,3010500
2002-03-19,80.5999984741211,81.08999633789062,80.2699966430664,41.23471450805664,2194900
2002-03-20,80.69000244140625,80.69000244140625,79,40.48860549926758,4518700
2002-03-21,79.69999694824219,79.69999694824219,78.6500015258789,40.422176361083984,2124000
2002-03-22,78.5999984741211,79.0999984741211,78.5199966430664,40.23818588256836,1702300
2002-03-25,78.52999877929688,78.75,77.36000061035156,39.53300094604492,2127900
2002-03-26,77,77.5,76.55999755859375,39.34904098510742,2823500
2002-03-27,76.25,76.48999786376953,75.30000305175781,38.72557830810547,3832900
2002-03-28,75.41000366210938,76.4000015258789,75.33999633789062,38.940216064453125,3554600
2002-04-01,76.19999694824219,78,75.95999908447266,39.71693420410156,2639800
2002-04-02,77.5999984741211,78.9000015258789,77.19999694824219,40.23818588256836,3265100
2002-04-03,78.73999786376953,78.76000213623047,76.5,39.676090240478516,3115800
2002-04-04,76,76.5999984741211,75.3499984741211,38.940216064453125,3972400
2002-04-05,76.88999938964844,76.88999938964844,74.80000305175781,38.50583267211914,4300300
2002-04-08,75.3499984741211,75.9000015258789,73.80000305175781,38.071468353271484,4091800
2002-04-09,74.80000305175781,75.0999984741211,74.4000015258789,38.10722351074219,2831700
2002-04-10,74.58000183105469,75.37000274658203,74.0999984741211,38.35251235961914,2926200
2002-04-11,75.0999984741211,75.55999755859375,74.0999984741211,38.02545928955078,3317600
2002-04-12,74.44999694824219,74.47000122070312,73,37.519561767578125,4245000
2002-04-15,75,76.9800033569336,74.2300033569336,38.42918014526367,4965500
2002-04-16,74.3499984741211,75,73.5,37.872154235839844,5494500
2002-04-17,73.80000305175781,74.19999694824219,72.31999969482422,37.453128814697266,3512200
2002-04-18,73.8499984741211,74.30999755859375,72.0999984741211,37.8977165222168,3518600
2002-04-19,74.16000366210938,74.16000366210938,73.5199966430664,37.734169006347656,2997400
2002-04-22,74,74,72.6500015258789,37.51443862915039,2856100
2002-04-23,73.5,73.55000305175781,71.4800033569336,36.74278259277344,2865100
2002-04-24,71.62999725341797,72.25,69.8499984741211,35.71561813354492,4395000
2002-04-25,69.9000015258789,71.44000244140625,69.41999816894531,35.97626495361328,4120300
2002-04-26,70.4000015258789,70.80000305175781,69.5,35.78207015991211,2710000
2002-04-29,69.7699966430664,69.77999877929688,67.55999755859375,34.9030876159668,2811000
2002-04-30,63.61000061035156,66.33999633789062,62.9900016784668,33.75328063964844,13382900
2002-05-01,67,67.6500015258789,66.5999984741211,34.340972900390625,5900200
2002-05-02,67,68.2699966430664,66.55000305175781,34.74978256225586,3973100
2002-05-03,67.25,67.5999984741211,66.52999877929688,34.187660217285156,4061700
2002-05-06,67,67,65.52999877929688,33.507999420166016,2375600
2002-05-07,66,66.56999969482422,64.5,33.14004898071289,3714100
2002-05-08,65.4000015258789,67.8499984741211,65.0199966430664,34.42783737182617,2369200
2002-05-09,66.9000015258789,66.94999694824219,64.8499984741211,33.221824645996094,8069900
2002-05-10,65.01000213623047,65.47000122070312,64.41000366210938,33.06850814819336,3238500
2002-05-13,64.30000305175781,64.69999694824219,64.12000274658203,33.160945892333984,2232600
2002-05-14,64.7699966430664,65.8499984741211,64.7699966430664,33.73604202270508,3265500
2002-05-15,65.0999984741211,65.29000091552734,63.099998474121094,32.61151123046875,4390600
2002-05-16,63.5099983215332,63.7400016784668,62.790000915527344,32.56016540527344,3969500
2002-05-17,63.29999923706055,65.20999908447266,63.150001525878906,33.37660598754883,2818900
2002-05-20,65,65.4800033569336,63.75,32.86312484741211,2532300
2002-05-21,64.01000213623047,64.9800033569336,63.70000076293945,32.86312484741211,3058700
2002-05-22,64.4000015258789,64.80999755859375,63.810001373291016,32.94526290893555,2693100
2002-05-23,64.44999694824219,64.9000015258789,63.29999923706055,33.299583435058594,3762600
2002-05-24,64.8499984741211,65.08999633789062,63.7400016784668,32.76554870605469,1724100
2002-05-28,64.1500015258789,64.5,63.79999923706055,32.847713470458984,2090800
2002-05-29,63.849998474121094,64.83999633789062,63.849998474121094,33.017154693603516,1950700
2002-05-30,63.900001525878906,64.68000030517578,63.61000061035156,33.042842864990234,2211100
2002-05-31,65.13999938964844,65.48999786376953,64.4000015258789,33.22255325317383,2925500
2002-06-03,64.69999694824219,65,63.70000076293945,32.83745193481445,2813500
2002-06-04,63.15999984741211,63.15999984741211,60.880001068115234,31.866962432861328,4420300
2002-06-05,62.20000076293945,62.65999984741211,61.75,32.17505645751953,2992800
2002-06-06,62.79999923706055,62.83000183105469,61.310001373291016,31.51778793334961,3013400
2002-06-07,61.369998931884766,61.79999923706055,60.15999984741211,31.476707458496094,4047700
2002-06-10,61,61.9900016784668,60.5,31.48183822631836,2460400
2002-06-11,61.060001373291016,61.61000061035156,59.56999969482422,30.680805206298828,5305100
2002-06-12,59.75,60.33000183105469,58.099998474121094,30.03893280029297,3679500
2002-06-13,58.099998474121094,60.599998474121094,57.650001525878906,30.74241828918457,4928100
2002-06-14,59.9900016784668,61,58.79999923706055,31.04024314880371,2459500
2002-06-17,60.349998474121094,62.95000076293945,60.31999969482422,32.041542053222656,3185500
2002-06-18,62.02000045776367,62.9900016784668,61.54999923706055,32.16477584838867,2339700
2002-06-19,62,62.5,60.04999923706055,31.15834617614746,2382100
2002-06-20,60.400001525878906,61.20000076293945,60.0099983215332,30.886186599731445,1793700
2002-06-21,59.150001525878906,59.56999969482422,58.2599983215332,29.98246192932129,3627100
2002-06-24,58.400001525878906,58.939998626708984,56.40999984741211,29.74625015258789,3747900
2002-06-25,57.939998626708984,59.29999923706055,57,29.386812210083008,2356500
2002-06-26,56.900001525878906,58.869998931884766,55.790000915527344,29.838693618774414,2949200
2002-06-27,58.29999923706055,59.83000183105469,57.54999923706055,30.721879959106445,2323900
2002-06-28,59.150001525878906,59.79999923706055,56.20000076293945,28.96061897277832,7075400
2002-07-01,56.400001525878906,56.5,52.58000183105469,27.605031967163086,6463700
2002-07-02,53.7599983215332,54.290000915527344,51.650001525878906,26.762897491455078,4883100
2002-07-03,51.79999923706055,52.099998474121094,49.88999938964844,25.92593002319336,6556000
2002-07-05,50.4900016784668,52.25,50.400001525878906,26.829660415649414,2290900
2002-07-08,51.900001525878906,52.400001525878906,51.099998474121094,26.74750518798828,2838800
2002-07-09,51.5,51.72999954223633,49.849998474121094,25.66404914855957,5156100
2002-07-10,49,50.20000076293945,47.36000061035156,24.739755630493164,5983300
2002-07-11,48,49.97999954223633,47.099998474121094,25.5202693939209,6714100
2002-07-12,49,50.63999938964844,48.150001525878906,25.807802200317383,3746700
2002-07-15,50.27000045776367,51.95000076293945,48.150001525878906,26.501018524169922,7169900
2002-07-16,50.77000045776367,53.29999923706055,50.720001220703125,26.88100242614746,6474800
2002-07-17,52.599998474121094,52.79999923706055,50.68000030517578,26.136444091796875,6311300
2002-07-18,50.900001525878906,50.900001525878906,43.75,24.92460823059082,17962300
2002-07-19,47.5,48.400001525878906,46.650001525878906,24.724361419677734,7225400
2002-07-22,47.900001525878906,51,47.5099983215332,24.996503829956055,7048600
2002-07-23,48.95000076293945,49.849998474121094,48.029998779296875,24.996503829956055,5840000
2002-07-24,47.54999923706055,50.2400016784668,47.02000045776367,25.391897201538086,6392100
2002-07-25,49.650001525878906,52.9900016784668,48.599998474121094,26.603729248046875,6485200
2002-07-26,51.810001373291016,53.900001525878906,51.400001525878906,27.574209213256836,4603700
2002-07-29,55.29999923706055,57.25,55.150001525878906,29.345733642578125,5610100
2002-07-30,56.29999923706055,59.2400016784668,56.16999816894531,29.910573959350586,5077100
2002-07-31,56.79999923706055,58.970001220703125,56.15999984741211,29.997861862182617,5907400
2002-08-01,58.41999816894531,58.41999816894531,55,28.241744995117188,5219600
2002-08-02,55.29999923706055,56.369998931884766,52.599998474121094,27.6717586517334,6883800
2002-08-05,53.400001525878906,53.75,51.349998474121094,26.598587036132812,3581500
2002-08-06,52.45000076293945,54.70000076293945,52,27.029911041259766,3587900
2002-08-07,53.20000076293945,55.7400016784668,53.15999984741211,28.50876235961914,3402200
2002-08-08,56,57.95000076293945,55.7599983215332,29.171154022216797,3956300
2002-08-09,56.79999923706055,57.9900016784668,56.20000076293945,29.381669998168945,2784400
2002-08-12,57.220001220703125,58.13999938964844,56.40999984741211,29.782182693481445,2643400
2002-08-13,57.5,58.209999084472656,56,28.909746170043945,2955100
2002-08-14,55.459999084472656,58.2400016784668,54.5,30.066144943237305,5402200
2002-08-15,58.2400016784668,58.91999816894531,57.04999923706055,29.854469299316406,3034300
2002-08-16,57.83000183105469,58.2400016784668,56.77000045776367,29.47760009765625,2993100
2002-08-19,56.650001525878906,58.29999923706055,56.630001068115234,29.828655242919922,2435400
2002-08-20,56.56999969482422,57.75,56.52000045776367,29.446636199951172,2479500
2002-08-21,56.95000076293945,58.119998931884766,56.70000076293945,30.00417709350586,2631900
2002-08-22,58.20000076293945,62.20000076293945,58,32.084659576416016,5901900
2002-08-23,62,62,59.5,30.752731323242188,3678100
2002-08-26,60.20000076293945,60.20000076293945,57.7599983215332,30.79404067993164,3127700
2002-08-27,59.790000915527344,60.150001525878906,58.15999984741211,30.195205688476562,3343400
2002-08-28,58.20000076293945,58.79999923706055,57.45000076293945,29.942243576049805,2025900
2002-08-29,57.29999923706055,58.150001525878906,56.529998779296875,29.431150436401367,2599600
2002-08-30,56.7599983215332,58.54999923706055,56.29999923706055,29.968048095703125,2688700
2002-09-03,57.70000076293945,57.79999923706055,55.75,28.816810607910156,3459300
2002-09-04,56,57.79999923706055,55.54999923706055,29.746061325073242,3033200
2002-09-05,57,57,55.75,29.012985229492188,4027500
2002-09-06,56.79999923706055,57.099998474121094,55.79999923706055,28.92007064819336,2875500
2002-09-09,56.09000015258789,57.97999954223633,55.79999923706055,29.72025489807129,3202400
2002-09-10,57.45000076293945,58.150001525878906,56.900001525878906,29.84416389465332,1799800
2002-09-11,57.810001373291016,58.90999984741211,57.720001220703125,29.962892532348633,1839800
2002-09-12,58.349998474121094,58.349998474121094,57.5,29.911252975463867,2591200
2002-09-13,57.79999923706055,58.189998626708984,57.04999923706055,29.97838020324707,2641600
2002-09-16,57.900001525878906,59.29999923706055,57.209999084472656,30.32941436767578,2542100
2002-09-17,59.650001525878906,60,57.279998779296875,29.725421905517578,3314700
2002-09-18,57.58000183105469,57.58000183105469,55.86000061035156,29.462121963500977,3107800
2002-09-19,56.11000061035156,56.65999984741211,55.20000076293945,28.558696746826172,2733100
2002-09-20,55.56999969482422,56.849998474121094,55.45000076293945,29.08009147644043,4413500
2002-09-23,55.900001525878906,55.939998626708984,54.72999954223633,28.445119857788086,3104100
2002-09-24,54.75,55.34000015258789,54.150001525878906,28.39350700378418,4033000
2002-09-25,56.20000076293945,56.970001220703125,55.22999954223633,29.410507202148438,4472100
2002-09-26,57.79999923706055,58,56.900001525878906,29.937082290649414,3366700
2002-09-27,56.5,57.099998474121094,55.16999816894531,28.723896026611328,3063200
2002-09-30,54.810001373291016,56.45000076293945,54.5099983215332,28.56902313232422,3708100
2002-10-01,55.25,57.56999969482422,55.04999923706055,29.684106826782227,3562900
2002-10-02,57.599998474121094,59,56.939998626708984,29.859636306762695,5104600
2002-10-03,57.290000915527344,58.95000076293945,56.900001525878906,29.60667610168457,4624100
2002-10-04,57.36000061035156,57.36000061035156,54.84000015258789,28.610326766967773,4562800
2002-10-07,56.20000076293945,57.54999923706055,55.93000030517578,29.33306312561035,3684500
2002-10-08,59,60.70000076293945,58.13999938964844,30.768226623535156,7612200
2002-10-09,59.0099983215332,60.06999969482422,58.970001220703125,30.87146759033203,5294300
2002-10-10,60.400001525878906,61.5,59.849998474121094,31.439353942871094,5708200
2002-10-11,61.04999923706055,62,60.66999816894531,32.007225036621094,4519900
2002-10-14,62.0099983215332,63.15999984741211,60.9900016784668,32.002052307128906,4685400
2002-10-15,62.5,64.01000213623047,61.79999923706055,33.044864654541016,4798300
2002-10-16,64.01000213623047,65,63.08000183105469,32.86419677734375,3744800
2002-10-17,64,64.30000305175781,62.7400016784668,32.523475646972656,3731700
2002-10-18,62.900001525878906,63.849998474121094,62.54999923706055,32.49248123168945,3387500
2002-10-21,61.95000076293945,63.369998931884766,61.150001525878906,32.626712799072266,3763500
2002-10-22,63.220001220703125,63.220001220703125,61.599998474121094,32.523475646972656,4670400
2002-10-23,58.79999923706055,59.9900016784668,56.849998474121094,29.988704681396484,11524800
2002-10-24,58.040000915527344,58.04999923706055,55.209999084472656,28.76002311706543,7216900
2002-10-25,55.709999084472656,57.400001525878906,55.709999084472656,29.400182723999023,3980000
2002-10-28,57.20000076293945,58.5,56.52000045776367,29.307241439819336,2691000
2002-10-29,57,57.2400016784668,55.5,29.105924606323242,2870800
2002-10-30,56.54999923706055,56.9900016784668,56,29.255626678466797,3231300
2002-10-31,56.5,57.70000076293945,55.20000076293945,28.651620864868164,2908900
2002-11-01,55.369998931884766,57.36000061035156,55,29.291765213012695,2769000
2002-11-04,57.5,59.18000030517578,56.709999084472656,29.942243576049805,3443800
2002-11-05,58,58.619998931884766,57.54999923706055,29.911252975463867,3310300
2002-11-06,58.900001525878906,60.810001373291016,58.88999938964844,31.222517013549805,6710200
2002-11-07,59.5,60.4900016784668,58.380001068115234,30.43782615661621,4272900
2002-11-08,58.970001220703125,62.900001525878906,58.970001220703125,32.13112258911133,5588400
2002-11-11,62.5,63,61.95000076293945,32.084659576416016,4615000
2002-11-12,62.790000915527344,62.790000915527344,60.560001373291016,31.692306518554688,4013500
2002-11-13,61.08000183105469,61.650001525878906,59.31999969482422,31.282411575317383,4020900
2002-11-14,61.459999084472656,62,61.06999969482422,32.143714904785156,2717500
2002-11-15,61.95000076293945,61.95000076293945,60.540000915527344,31.80647087097168,4267500
2002-11-18,61.310001373291016,61.310001373291016,60.099998474121094,31.329105377197266,3195800
2002-11-19,60.38999938964844,62.380001068115234,60.38999938964844,31.936174392700195,4004700
2002-11-20,61.560001373291016,63.290000915527344,60.90999984741211,32.83900833129883,3840700
2002-11-21,63.5,64.87000274658203,63.41999816894531,33.58616638183594,4525900
2002-11-22,64.73999786376953,66.04000091552734,64.6500015258789,34.10504150390625,4266500
2002-11-25,66.1500015258789,68.29000091552734,65.5,35.31398010253906,5462000
2002-11-26,68.06999969482422,68.06999969482422,63.970001220703125,33.207393646240234,9535900
2002-11-27,68,69.16999816894531,66.0999984741211,35.80172348022461,8015900
2002-11-29,68.3499984741211,69.19999694824219,68.05000305175781,35.438514709472656,1973800
2002-12-02,69.1500015258789,69.69999694824219,68.55000305175781,35.67201614379883,4622500
2002-12-03,68.04000091552734,68.5,66,34.84701156616211,5249000
2002-12-04,67.2300033569336,67.94999694824219,66.16000366210938,35.018218994140625,2549500
2002-12-05,67.48999786376953,68.5,66.66000366210938,34.80030059814453,3573900
2002-12-06,66.30999755859375,66.8499984741211,64.94000244140625,33.95456314086914,4156800
2002-12-09,65.27999877929688,67.5,65.18000030517578,33.91305923461914,3515200
2002-12-10,65.37000274658203,66.23999786376953,65.37000274658203,34.29700469970703,2157600
2002-12-11,66.4000015258789,66.47000122070312,65.2699966430664,34.16728591918945,1765800
2002-12-12,65.8499984741211,65.8499984741211,63.880001068115234,33.25927734375,3033500
2002-12-13,63.5,65,63.5,33.45127868652344,2329700
2002-12-16,64.06999969482422,65.43000030517578,63.77000045776367,33.64842224121094,3853400
2002-12-17,64.8499984741211,64.98999786376953,63.560001373291016,33.1866455078125,4082700
2002-12-18,63.52000045776367,63.75,62.150001525878906,32.501739501953125,2535100
2002-12-19,62.20000076293945,63.65999984741211,62.18000030517578,32.4290885925293,2978700
2002-12-20,63.38999938964844,63.93000030517578,63.029998779296875,32.8182487487793,4226700
2002-12-23,63.79999923706055,65.4000015258789,63.61000061035156,33.44088363647461,2379700
2002-12-24,64.25,64.80000305175781,64.2300033569336,33.43051528930664,964900
2002-12-26,64.5999984741211,64.77999877929688,63.380001068115234,33.1555061340332,1900400
2002-12-27,63,63.2400016784668,62.54999923706055,32.60551071166992,1902600
2002-12-30,62.84000015258789,64.05999755859375,62.810001373291016,33.1555061340332,1893200
2002-12-31,63.25,64,63.099998474121094,32.94796371459961,1794300
2003-01-02,64.8499984741211,66.26000213623047,64.45999908447266,33.985679626464844,3625200
2003-01-03,66.23999786376953,67.19000244140625,66.19999694824219,34.758792877197266,2885300
2003-01-06,66.98999786376953,68.0999984741211,66.5,35.27247619628906,2559900
2003-01-07,67.16999816894531,68.80000305175781,66.45999908447266,34.56682205200195,3282100
2003-01-08,67.05000305175781,67.77999877929688,66.58999633789062,34.81587600708008,2416300
2003-01-09,67.0999984741211,68,66.3499984741211,34.883331298828125,2982400
2003-01-10,67.23999786376953,67.94999694824219,66.55000305175781,34.898902893066406,2365500
2003-01-13,67.9000015258789,67.98999786376953,66.25,34.50456237792969,2798200
2003-01-14,66.5,67.66000366210938,66.06999969482422,34.86776351928711,3116400
2003-01-15,67.4000015258789,67.41999816894531,66.72000122070312,34.90926742553711,2654800
2003-01-16,67.30000305175781,68.30000305175781,67.30000305175781,35.080501556396484,2474100
2003-01-17,67.30000305175781,67.9000015258789,65.61000061035156,34.141357421875,2912900
2003-01-21,66.1500015258789,66.30000305175781,65.06999969482422,33.93899917602539,2435600
2003-01-22,65.69999694824219,66.75,64.87000274658203,33.700313568115234,2829300
2003-01-23,63,63.79999923706055,62.2400016784668,32.97390365600586,7051200
2003-01-24,63.560001373291016,63.560001373291016,61,31.951745986938477,4533200
2003-01-27,61,61,59.75,31.24608612060547,3972900
2003-01-28,60.4900016784668,60.95000076293945,59.54999923706055,31.619659423828125,3546400
2003-01-29,60.95000076293945,61.5,59.5,31.77532958984375,3384600
2003-01-30,61.20000076293945,61.400001525878906,59.20000076293945,30.8050537109375,2713300
2003-01-31,58.70000076293945,60.599998474121094,58.70000076293945,31.256454467773438,3583400
2003-02-03,61.099998474121094,62.7599983215332,61.04999923706055,32.00362777709961,3676900
2003-02-04,60.900001525878906,61.20000076293945,60.02000045776367,31.733802795410156,2957900
2003-02-05,61.16999816894531,62.470001220703125,60.310001373291016,31.396549224853516,2352800
2003-02-06,60.54999923706055,61.709999084472656,60.20000076293945,31.759763717651367,2284800
2003-02-07,60.599998474121094,60.75,59.349998474121094,31.00741958618164,2930300
2003-02-10,60,60.400001525878906,58.900001525878906,31.19938087463379,2417600
2003-02-11,60.130001068115234,60.779998779296875,59.849998474121094,31.152681350708008,2547400
2003-02-12,60.029998779296875,60.20000076293945,58.599998474121094,30.72743034362793,2719800
2003-02-13,58.369998931884766,58.599998474121094,56.220001220703125,29.89259910583496,4895700
2003-02-14,57.310001373291016,57.9900016784668,56.2599983215332,29.60040283203125,3484000
2003-02-18,57.5,58.20000076293945,57.5,30.169139862060547,3677900
2003-02-19,58.04999923706055,58.59000015258789,57.61000061035156,30.341327667236328,2993400
2003-02-20,58.75,58.75,56.849998474121094,29.663005828857422,2431300
2003-02-21,57.45000076293945,57.70000076293945,56,29.99172592163086,3813500
2003-02-24,57.4900016784668,57.4900016784668,56.47999954223633,29.569091796875,2504900
2003-02-25,56,56.20000076293945,55.09000015258789,29.198638916015625,3290500
2003-02-26,56.099998474121094,57.31999969482422,55.5,29.000356674194336,3261200
2003-02-27,56,57.22999954223633,55.70000076293945,29.485610961914062,3206000
2003-02-28,56.900001525878906,57.439998626708984,56.2599983215332,29.511703491210938,2928300
2003-03-03,56.75,57.4900016784668,56.349998474121094,29.532562255859375,2812700
2003-03-04,56.52000045776367,56.939998626708984,56.02000045776367,29.323856353759766,2290800
2003-03-05,56.04999923706055,57.29999923706055,56.029998779296875,29.741281509399414,2788900
2003-03-06,56.5,56.9900016784668,55.95000076293945,29.193408966064453,2895000
2003-03-07,55.29999923706055,57.189998626708984,55.20000076293945,29.730850219726562,3016400
2003-03-10,56.84000015258789,56.84000015258789,55.790000915527344,29.219514846801758,2027200
2003-03-11,56,56,53.5,28.019412994384766,4850100
2003-03-12,53.709999084472656,54.04999923706055,52.77000045776367,28.196823120117188,3296800
2003-03-13,54.29999923706055,55.310001373291016,53.41999816894531,28.822952270507812,3561100
2003-03-14,55.040000915527344,55.2400016784668,53.689998626708984,28.165525436401367,3665300
2003-03-17,53.400001525878906,55.400001525878906,52.810001373291016,28.854259490966797,5390500
2003-03-18,55.29999923706055,56.400001525878906,55.13999938964844,29.209064483642578,2710200
2003-03-19,56.25,57,55.709999084472656,29.636920928955078,2603500
2003-03-20,56.810001373291016,56.9900016784668,55.709999084472656,29.548221588134766,2946800
2003-03-21,57.5,58.400001525878906,56.849998474121094,30.367408752441406,3696700
2003-03-24,58.20000076293945,58.20000076293945,56.56999969482422,29.58475112915039,2195600
2003-03-25,56.349998474121094,58.95000076293945,56.349998474121094,30.336111068725586,2803900
2003-03-26,58.349998474121094,58.45000076293945,57.459999084472656,30.190006256103516,2122700
2003-03-27,56.900001525878906,58.599998474121094,56.849998474121094,30.372631072998047,2387300
2003-03-28,57.68000030517578,58.400001525878906,57.25,30.450902938842773,2481600
2003-03-31,57.79999923706055,58.150001525878906,56.779998779296875,29.819541931152344,2181700
2003-04-01,57.54999923706055,58.400001525878906,56.720001220703125,30.43524742126465,2461000
2003-04-02,58.70000076293945,60,58.650001525878906,31.103118896484375,2683900
2003-04-03,59.939998626708984,60.84000015258789,59.619998931884766,31.567495346069336,2925100
2003-04-04,60.70000076293945,61.439998626708984,60.599998474121094,31.958816528320312,2826500
2003-04-07,61.7400016784668,62.79999923706055,59.68000030517578,31.207475662231445,3809400
2003-04-08,60.099998474121094,60.54999923706055,59.5,31.202251434326172,2188100
2003-04-09,58.849998474121094,60.9900016784668,58.849998474121094,30.92050552368164,2487100
2003-04-10,59.45000076293945,59.849998474121094,58.900001525878906,31.134424209594727,2027400
2003-04-11,59.66999816894531,59.79999923706055,57.959999084472656,30.450902938842773,3535500
2003-04-14,58.150001525878906,59.70000076293945,58.119998931884766,31.04572296142578,2514000
2003-04-15,59.59000015258789,59.75,58.5,30.821365356445312,2477100
2003-04-16,59.56999969482422,59.650001525878906,58,30.388286590576172,2679900
2003-04-17,58.150001525878906,58.70000076293945,58.060001373291016,30.46133041381836,2527400
2003-04-21,58,59.83000183105469,57.9900016784668,31.030073165893555,3703800
2003-04-22,59.470001220703125,61.5,59.470001220703125,31.979698181152344,3968900
2003-04-23,61.900001525878906,62.84000015258789,61.7400016784668,32.61104965209961,3746300
2003-04-24,62.540000915527344,64.58000183105469,62.29999923706055,33.41981506347656,4713400
2003-04-25,64.19999694824219,64.52999877929688,62.79999923706055,33.01802062988281,3809000
2003-04-28,63.099998474121094,64.43000030517578,62.7599983215332,33.41460037231445,2514100
2003-04-29,64.05000305175781,64.94000244140625,64.05000305175781,33.654605865478516,2523800
2003-04-30,64.5,64.5999984741211,63.70000076293945,33.29979705810547,4712700
2003-05-01,63.81999969482422,64.31999969482422,62.77000045776367,33.456336975097656,2455200
2003-05-02,64.12000274658203,64.5,63.099998474121094,33.51893997192383,2919200
2003-05-05,64.2699966430664,64.9000015258789,63.439998626708984,33.367645263671875,3100300
2003-05-06,63.900001525878906,64.4000015258789,63.45000076293945,33.38849639892578,2743900
2003-05-07,63.9900016784668,64.38999938964844,63.529998779296875,33.58156204223633,3394800
2003-05-08,64.37000274658203,64.37000274658203,63.31999969482422,33.34675216674805,3063900
2003-05-09,63.90999984741211,64.6500015258789,63.90999984741211,33.47199249267578,3225500
2003-05-12,63.79999923706055,64.41000366210938,63.54999923706055,33.586788177490234,3024500
2003-05-13,64,64.23999786376953,63.25,33.46351623535156,2394400
2003-05-14,64.0999984741211,64.19999694824219,62.900001525878906,33.43204879760742,2337700
2003-05-15,64,64.1500015258789,63.31999969482422,33.647098541259766,2718800
2003-05-16,63.95000076293945,64.08000183105469,63.29999923706055,33.321895599365234,2579500
2003-05-19,61.02000045776367,63.189998626708984,59.93000030517578,31.863750457763672,6812000
2003-05-20,60.11000061035156,60.20000076293945,57.7400016784668,30.60494041442871,8256000
2003-05-21,58.349998474121094,59.25,57.61000061035156,30.578733444213867,6659300
2003-05-22,58.29999923706055,58.29999923706055,57.2400016784668,30.27976417541504,5739200
2003-05-23,57.34000015258789,58.2599983215332,56.5099983215332,30.473844528198242,5477200
2003-05-27,57.75,59.310001373291016,56.70000076293945,31.103235244750977,6932300
2003-05-28,59.11000061035156,59.900001525878906,58.599998474121094,30.78853416442871,3933900
2003-05-29,58.70000076293945,59.47999954223633,58.02000045776367,30.53677749633789,3114300
2003-05-30,58.70000076293945,59.790000915527344,58.38999938964844,31.34975242614746,3808300
2003-06-02,60.58000183105469,60.599998474121094,57.970001220703125,30.50006866455078,4941900
2003-06-03,58.150001525878906,59.68000030517578,58.150001525878906,31.260583877563477,5199500
2003-06-04,59.31999969482422,60.599998474121094,59.04999923706055,31.56480598449707,2987200
2003-06-05,59.79999923706055,61.79999923706055,58.97999954223633,32.37253952026367,4059400
2003-06-06,62,63.099998474121094,60.90999984741211,32.08930969238281,4110700
2003-06-09,61.13999938964844,61.29999923706055,59.7599983215332,31.45465660095215,2367600
2003-06-10,60,60.29999923706055,59.220001220703125,31.591018676757812,2394600
2003-06-11,61.75,63.400001525878906,61.68000030517578,33.143558502197266,7569500
2003-06-12,63.400001525878906,64.4800033569336,63.040000915527344,33.59988784790039,5642400
2003-06-13,64.27999877929688,65.5,63.630001068115234,34.20305633544922,5241000
2003-06-16,65.94999694824219,68.0199966430664,65.72000122070312,35.5877571105957,5823000
2003-06-17,68.5,71.4000015258789,68.5,36.626277923583984,9348900
2003-06-18,69.80000305175781,70.58000183105469,68.55999755859375,36.190956115722656,6257000
2003-06-19,69,69.01000213623047,67.27999877929688,35.35175323486328,3929800
2003-06-20,67.80000305175781,68.94999694824219,67.4000015258789,35.944435119628906,5004300
2003-06-23,68.37999725341797,68.37999725341797,66.31999969482422,35.178653717041016,3777200
2003-06-24,67.62000274658203,69.25,67.47000122070312,36.01261520385742,4713800
2003-06-25,68.5999984741211,69.91999816894531,67.4000015258789,35.53531265258789,3241400
2003-06-26,67.94999694824219,69.52999877929688,67.26000213623047,36.46892547607422,3761900
2003-06-27,67.5,68.4000015258789,67.37999725341797,35.72938537597656,5997200
2003-06-30,68.1500015258789,69.55999755859375,68.1500015258789,36.175209045410156,4733300
2003-07-01,68.9000015258789,69.88999938964844,68.0199966430664,36.600059509277344,3947700
2003-07-02,69.77999877929688,69.98999786376953,69.19999694824219,36.510894775390625,2743100
2003-07-03,69.61000061035156,69.95999908447266,69.0199966430664,36.33255386352539,1805100
2003-07-07,69.5,70.44000244140625,69.5,36.88853454589844,2964200
2003-07-08,69.3499984741211,69.41999816894531,68.5199966430664,36.28011703491211,2982200
2003-07-09,68.80000305175781,68.9800033569336,67.5999984741211,35.619232177734375,4263000
2003-07-10,67.5999984741211,67.6500015258789,66.62000274658203,35.18389129638672,2906000
2003-07-11,67.02999877929688,67.80000305175781,66.5999984741211,35.377960205078125,2593600
2003-07-14,68.4000015258789,68.45999908447266,67.04000091552734,35.325496673583984,2253200
2003-07-15,67.4800033569336,67.62000274658203,65.70999908447266,34.52826690673828,3966800
2003-07-16,66.26000213623047,66.5,65.31999969482422,34.738067626953125,2275000
2003-07-17,66.4800033569336,68,66.2699966430664,35.04228591918945,4447100
2003-07-18,66.80999755859375,67.30000305175781,65.69999694824219,35.236358642578125,2765700
2003-07-21,67.18000030517578,67.18000030517578,65.41000366210938,34.690853118896484,2192300
2003-07-22,66.19999694824219,66.55000305175781,65.05999755859375,34.55974578857422,2635700
2003-07-23,66.06999969482422,66.55000305175781,65.08000183105469,34.654151916503906,2230900
2003-07-24,67.0999984741211,68.25,66.75,35.047523498535156,4310100
2003-07-25,66.81999969482422,67.4000015258789,61.869998931884766,35.325496673583984,2085100
2003-07-28,67.19999694824219,67.56999969482422,66.2699966430664,34.942623138427734,2389000
2003-07-29,66.56999969482422,66.75,64.80999755859375,34.02997970581055,3574200
2003-07-30,65.1500015258789,66.5999984741211,65.02999877929688,34.905906677246094,3535500
2003-07-31,66.94999694824219,67.30999755859375,65.3499984741211,34.53351593017578,3260200
2003-08-01,65.0999984741211,65.16999816894531,63.41999816894531,33.56841278076172,3763900
2003-08-04,64,64.80000305175781,62.95000076293945,33.89360046386719,2536100
2003-08-05,64.5,65.37999725341797,63.70000076293945,33.46876525878906,2570200
2003-08-06,63.79999923706055,63.93000030517578,62.81999969482422,33.012451171875,3196700
2003-08-07,63.25,64,63.08000183105469,33.48973846435547,2517300
2003-08-08,63.97999954223633,64.05000305175781,62.599998474121094,33.00718688964844,2286800
2003-08-11,62.70000076293945,63.279998779296875,62.529998779296875,33.08061218261719,2133500
2003-08-12,63.25,63.27000045776367,62.5099983215332,32.98097610473633,2256300
2003-08-13,62.54999923706055,62.970001220703125,61.97999954223633,32.799041748046875,2134100
2003-08-14,62,62.150001525878906,61.29999923706055,32.377197265625,2829200
2003-08-15,61.599998474121094,61.900001525878906,60.810001373291016,32.498477935791016,1726800
2003-08-18,61.5,61.93000030517578,61.310001373291016,32.5142822265625,2068000
2003-08-19,61.70000076293945,61.79999923706055,61,32.298095703125,2652900
2003-08-20,61.25,61.88999938964844,61.18000030517578,32.49320602416992,3211000
2003-08-21,63.47999954223633,64.44000244140625,62.9900016784668,33.516204833984375,11239400
2003-08-22,63.79999923706055,63.79999923706055,62.25,33.11543655395508,4847300
2003-08-25,62.79999923706055,63.66999816894531,62.7599983215332,33.5267448425293,3302500
2003-08-26,63.400001525878906,64.68000030517578,63.400001525878906,34.04350662231445,4173200
2003-08-27,64.30999755859375,65.4800033569336,64.30999755859375,34.39152526855469,2752100
2003-08-28,65.5,65.98999786376953,64.7300033569336,34.73429870605469,2978100
2003-08-29,65.80000305175781,66.5999984741211,65.5,35.08230972290039,2460000
2003-09-02,66.5999984741211,67.0199966430664,65.55000305175781,35.224700927734375,3385300
2003-09-03,63.040000915527344,64,61.790000915527344,32.74631118774414,12242000
2003-09-04,61.25,61.470001220703125,60.25,32.18735885620117,8720400
2003-09-05,61.86000061035156,62.25,60.86000061035156,32.166263580322266,8230700
2003-09-08,61.380001068115234,62.29999923706055,61.349998474121094,32.561744689941406,3950700
2003-09-09,61.599998474121094,62.13999938964844,61.38999938964844,32.39828872680664,2781000
2003-09-10,61.45000076293945,62.29999923706055,61.45000076293945,32.70940017700195,3367300
2003-09-11,62.45000076293945,62.58000183105469,60.810001373291016,32.15571594238281,3307200
2003-09-12,61.400001525878906,61.650001525878906,61.04999923706055,32.424652099609375,3223200
2003-09-15,61.900001525878906,61.900001525878906,60.900001525878906,32.1135368347168,2525300
2003-09-16,61.0099983215332,61.20000076293945,59.95000076293945,32.166263580322266,3281500
2003-09-17,60.06999969482422,61.54999923706055,60.06999969482422,32.02916717529297,2916700
2003-09-18,60.880001068115234,61.81999969482422,60.79999923706055,32.18735885620117,2792800
2003-09-19,61.040000915527344,61.66999816894531,60.119998931884766,31.749696731567383,3506200
2003-09-22,60.209999084472656,60.209999084472656,59.02000045776367,31.24346160888672,3418000
2003-09-23,60,60.2400016784668,59.58000183105469,31.54930305480957,2567900
2003-09-24,59.599998474121094,60.11000061035156,58.900001525878906,31.24346160888672,3726800
2003-09-25,59.599998474121094,59.68000030517578,58.720001220703125,30.963979721069336,2534700
2003-09-26,58.72999954223633,58.7400016784668,57.90999984741211,30.57903480529785,3926700
2003-09-29,58.09000015258789,58.4900016784668,57.900001525878906,30.689775466918945,2956600
2003-09-30,58.5,59.70000076293945,58.18000030517578,31.32256317138672,4809000
2003-10-01,62,63.20000076293945,61.54999923706055,33.22616958618164,10990300
2003-10-02,62.900001525878906,63.650001525878906,62.52000045776367,33.48983383178711,4068900
2003-10-03,64.25,64.30000305175781,63.29999923706055,33.43183898925781,3751100
2003-10-06,63.5,63.869998931884766,63.2400016784668,33.4476432800293,2370700
2003-10-07,63.43000030517578,63.54999923706055,62.2599983215332,33.22089385986328,3047200
2003-10-08,63.20000076293945,63.290000915527344,62.09000015258789,32.841224670410156,2379700
2003-10-09,63,63.29999923706055,62.0099983215332,32.7832145690918,2749100
2003-10-10,62.54999923706055,62.77000045776367,61.939998626708984,32.857059478759766,1767100
2003-10-13,62.310001373291016,62.59000015258789,61.959999084472656,32.714683532714844,1405200
2003-10-14,61.540000915527344,62.41999816894531,61.36000061035156,32.89396667480469,3056200
2003-10-15,62.380001068115234,62.84000015258789,61.290000915527344,32.5142822265625,2537600
2003-10-16,61.27000045776367,62.11000061035156,61.27000045776367,32.651390075683594,2662000
2003-10-17,61.9900016784668,62.220001220703125,61.02000045776367,32.250633239746094,2780600
2003-10-20,61.31999969482422,61.54999923706055,60.630001068115234,32.456295013427734,2418000
2003-10-21,61.54999923706055,62.75,61.54999923706055,32.95724105834961,2429300
2003-10-22,61.79999923706055,61.810001373291016,60.34000015258789,32.05026626586914,3805300
2003-10-23,63.47999954223633,65.5999984741211,61.91999816894531,34.32826232910156,8187400
2003-10-24,65.0999984741211,66.29000091552734,64.62000274658203,34.95576858520508,6062500
2003-10-27,66.29000091552734,67.29000091552734,66.29000091552734,35.14560317993164,4009700
2003-10-28,66.72000122070312,67.3499984741211,66.33000183105469,35.514713287353516,3029700
2003-10-29,67.25,67.25,66.01000213623047,34.87138748168945,3044500
2003-10-30,67.0999984741211,67.9000015258789,66.27999877929688,35.14033126831055,4629400
2003-10-31,66.88999938964844,67.69999694824219,66.55000305175781,35.12977600097656,3641500
2003-11-03,66.62999725341797,66.94999694824219,66.29000091552734,35.198333740234375,2029100
2003-11-04,65.87000274658203,66.19000244140625,64.9000015258789,34.40736389160156,2871100
2003-11-05,65.12999725341797,66.04000091552734,65,34.823936462402344,2782600
2003-11-06,65.9000015258789,66.5999984741211,65.55000305175781,35.00320816040039,2449200
2003-11-07,66.45999908447266,66.94999694824219,65.5,34.7237434387207,2677100
2003-11-10,65.58000183105469,65.9000015258789,65.2699966430664,34.55501174926758,1875000
2003-11-11,65.11000061035156,65.58000183105469,64.9000015258789,34.29136276245117,1921200
2003-11-12,65,66.72000122070312,64.54000091552734,35.083770751953125,3678700
2003-11-13,66.19999694824219,69.5999984741211,66,36.599700927734375,7427200
2003-11-14,69.19999694824219,71.9800033569336,69.19999694824219,37.78170394897461,9593800
2003-11-17,69.5,71.47000122070312,69.5,37.47429656982422,4567300
2003-11-18,70.69999694824219,71.87000274658203,70.5999984741211,37.601478576660156,3218800
2003-11-19,71.0999984741211,72.80000305175781,70.80000305175781,38.449554443359375,4464700
2003-11-20,72.01000213623047,72.55000305175781,71.43000030517578,37.914215087890625,3328200
2003-11-21,71.52999877929688,71.88999938964844,69.41000366210938,36.89653015136719,6539700
2003-11-24,70.12000274658203,70.94999694824219,70.05000305175781,37.368263244628906,3582400
2003-11-25,70.5999984741211,70.9800033569336,70.16000366210938,37.45838165283203,3415400
2003-11-26,69.94999694824219,69.94999694824219,68.38999938964844,36.73220443725586,6350000
2003-11-28,69.30000305175781,69.30999755859375,68.3499984741211,36.46718978881836,2356000
2003-12-01,68.55999755859375,70.5,68.5,37.26226043701172,4229800
2003-12-02,69.55000305175781,70.69000244140625,69.33000183105469,36.83821487426758,4045700
2003-12-03,69.5999984741211,70.18000030517578,68.9800033569336,36.56260681152344,3171300
2003-12-04,69.30000305175781,69.69999694824219,68.31999969482422,36.57849884033203,2454500
2003-12-05,68.55999755859375,68.98999786376953,68.25,36.46718978881836,2214300
2003-12-08,68.80000305175781,70.0999984741211,68.44999694824219,37.1191520690918,3243700
2003-12-09,70.12999725341797,70.55000305175781,69.58000183105469,37.394771575927734,3456000
2003-12-10,70.55000305175781,70.83999633789062,70,37.315250396728516,3572800
2003-12-11,70.9000015258789,72.0999984741211,70.55999755859375,38.05733871459961,3655600
2003-12-12,71.69999694824219,72.19000244140625,70.9800033569336,38.26404571533203,2997600
2003-12-15,72.68000030517578,72.79000091552734,71.68000030517578,37.99903106689453,2500500
2003-12-16,71.69000244140625,73.29000091552734,71.68000030517578,38.84710693359375,3616400
2003-12-17,73.01000213623047,73.12999725341797,72.19000244140625,38.41778564453125,2746100
2003-12-18,72.4800033569336,73.26000213623047,72.3499984741211,38.75697708129883,2779100
2003-12-19,73.3499984741211,73.88999938964844,72.7699966430664,39.16511154174805,3762300
2003-12-22,73.5199966430664,73.5199966430664,71.80000305175781,38.269344329833984,3727600
2003-12-23,71.62999725341797,72.19000244140625,69.98999786376953,37.37886428833008,4794600
2003-12-24,70.5199966430664,70.79000091552734,70.44999694824219,37.368263244628906,1446100
2003-12-26,70.6500015258789,71.08000183105469,70.5,37.43187713623047,494400
2003-12-29,71.30000305175781,71.62000274658203,70.62000274658203,37.96192169189453,2661500
2003-12-30,71.6500015258789,71.75,70.6500015258789,37.59618377685547,3109600
2003-12-31,70.9000015258789,70.94000244140625,70.04000091552734,37.27814865112305,3583800
2004-01-02,70.8499984741211,72.1500015258789,70.69999694824219,37.760498046875,3780500
2004-01-05,70.4000015258789,71.19999694824219,69.9000015258789,37.203948974609375,6774200
2004-01-06,70,70.23999786376953,69.5,37.172142028808594,5398600
2004-01-07,69.55999755859375,69.87999725341797,69.26000213623047,37.007835388183594,4336100
2004-01-08,69.56999969482422,69.68000030517578,67.91999816894531,36.09614562988281,5579100
2004-01-09,67.9000015258789,68.18000030517578,67.4800033569336,35.82054138183594,4468400
2004-01-12,67.94999694824219,69.08999633789062,67.80000305175781,36.48307418823242,4530300
2004-01-13,68.70999908447266,68.91000366210938,68.19999694824219,36.36116409301758,3662100
2004-01-14,68.3499984741211,69.44000244140625,68,36.679203033447266,3862000
2004-01-15,69.30999755859375,69.5199966430664,68.76000213623047,36.8435173034668,3355400
2004-01-16,69.80000305175781,70.16999816894531,69.6500015258789,37.135032653808594,4237600
2004-01-20,70.0999984741211,70.19999694824219,69.61000061035156,36.970733642578125,3605500
2004-01-21,69.76000213623047,70.80000305175781,69.0999984741211,37.527286529541016,3874500
2004-01-22,70.55000305175781,71.02999877929688,70.25,37.60679626464844,3444000
2004-01-23,70.9800033569336,71,69.08000183105469,36.81703567504883,3936800
2004-01-26,69.01000213623047,69.38999938964844,68.6500015258789,36.514888763427734,4528300
2004-01-27,68.88999938964844,69.37000274658203,68.3499984741211,36.281673431396484,3744300
2004-01-28,68.5999984741211,68.7300033569336,66.69999694824219,35.4706916809082,5062800
2004-01-29,66.75,68.58999633789062,66.55000305175781,36.25516891479492,4522100
2004-01-30,68.55000305175781,68.55000305175781,67.20999908447266,36.06435775756836,3057800
2004-02-02,67.77999877929688,69.91000366210938,67.5199966430664,36.599700927734375,3619100
2004-02-03,69.05000305175781,69.66999816894531,68.5199966430664,36.785213470458984,2781200
2004-02-04,69.4000015258789,70.62999725341797,69.05000305175781,37.368263244628906,4762700
2004-02-05,70.98999786376953,71.51000213623047,70.51000213623047,37.87179946899414,3950900
2004-02-06,71.44999694824219,72.88999938964844,71.2699966430664,38.613887786865234,4447700
2004-02-09,72.9000015258789,73.48999786376953,72.26000213623047,38.809993743896484,3696200
2004-02-10,73.22000122070312,74.70999908447266,72.95999908447266,39.50966262817383,5371900
2004-02-11,74.16000366210938,74.69999694824219,73.76000213623047,39.78392791748047,4473800
2004-02-12,74.69999694824219,74.69999694824219,73.3499984741211,39.18745422363281,5780500
2004-02-13,73.58999633789062,73.6500015258789,72.73999786376953,39.14482498168945,2437600
2004-02-17,73.51000213623047,73.56999969482422,72.63999938964844,38.85725402832031,2370200
2004-02-18,72.8499984741211,72.9800033569336,72.04000091552734,38.590938568115234,2502900
2004-02-19,72.70999908447266,73.54000091552734,72.4000015258789,38.6921501159668,3383400
2004-02-20,72.69000244140625,73.25,72.16000366210938,38.59626388549805,2167700
2004-02-23,72.4800033569336,72.6500015258789,71.76000213623047,38.35661315917969,1825300
2004-02-24,71.95999908447266,72.5,71.43000030517578,38.543025970458984,2661300
2004-02-25,72.62000274658203,72.86000061035156,72.38999938964844,38.766700744628906,2678600
2004-02-26,73.05000305175781,73.62999725341797,72.95999908447266,39.19808578491211,2452700
2004-02-27,73.45999908447266,74.45999908447266,70,39.379188537597656,3223500
2004-03-01,73.8499984741211,73.8499984741211,72.94999694824219,39.112884521484375,3299300
2004-03-02,73.30000305175781,73.80000305175781,72.2300033569336,38.68149948120117,1881600
2004-03-03,72.5999984741211,73.18000030517578,71.79000091552734,38.92113494873047,1630500
2004-03-04,73.1500015258789,73.16999816894531,72.18000030517578,38.94246292114258,2070700
2004-03-05,73,73.83000183105469,72.7300033569336,39.12353515625,2249500
2004-03-08,73.5999984741211,73.9800033569336,72.70999908447266,38.772037506103516,1997000
2004-03-09,72.87000274658203,73.0999984741211,70.77999877929688,38.26607131958008,4915200
2004-03-10,71.9000015258789,71.9800033569336,70.33999633789062,37.541751861572266,3915300
2004-03-11,70.4800033569336,70.69999694824219,69,36.8387565612793,3918700
2004-03-12,69.5999984741211,70.93000030517578,69.33999633789062,37.77609634399414,3059000
2004-03-15,70.33999633789062,70.51000213623047,69.4000015258789,37.11037826538086,3090500
2004-03-16,70,70.97000122070312,70,37.63762283325195,3043600
2004-03-17,70.55000305175781,70.56999969482422,69.3499984741211,37.19025802612305,3435900
2004-03-18,69.30000305175781,70.16999816894531,69.0199966430664,37.18491744995117,2888300
2004-03-19,69.41999816894531,69.66000366210938,68.54000091552734,36.5511589050293,3000700
2004-03-22,68.62999725341797,69.2300033569336,67.73999786376953,36.19432830810547,3264000
2004-03-23,68.23999786376953,68.75,67.51000213623047,35.9759635925293,3193600
2004-03-24,67.6500015258789,67.7699966430664,66.04000091552734,35.41142654418945,4967000
2004-03-25,66.48999786376953,66.48999786376953,64.51000213623047,34.884185791015625,6332700
2004-03-26,65.4000015258789,65.68000030517578,64.6500015258789,34.61787414550781,5019500
2004-03-29,65.25,66.06999969482422,65.16999816894531,34.93741989135742,4241400
2004-03-30,66,66.18000030517578,65.38999938964844,35.04396057128906,3444300
2004-03-31,67.5,68.36000061035156,66.80000305175781,35.62980651855469,5951000
2004-04-01,67.4000015258789,67.93000030517578,67.01000213623047,36.002593994140625,5346400
2004-04-02,68.80000305175781,69.4000015258789,68.44999694824219,36.588436126708984,4923500
2004-04-05,68.94999694824219,69.16999816894531,68.31999969482422,36.828094482421875,3705400
2004-04-06,68.6500015258789,68.98999786376953,68.12000274658203,36.631046295166016,2050500
2004-04-07,68.75,69.88999938964844,68.47000122070312,36.961238861083984,3914400
2004-04-08,69.9000015258789,70.1500015258789,68.20999908447266,36.684303283691406,3592400
2004-04-12,69.4800033569336,69.4800033569336,68.7699966430664,36.86005783081055,1516100
2004-04-13,69.69999694824219,69.81999969482422,69.0999984741211,36.92927551269531,3434100
2004-04-14,69.0199966430664,70.41000366210938,69.0199966430664,37.49916458129883,3321900
2004-04-15,70.9800033569336,72.9000015258789,70.80999755859375,38.82528305053711,6059600
2004-04-16,72.9800033569336,73.3499984741211,72.0199966430664,38.58562088012695,4938300
2004-04-19,72.5,73.73999786376953,72.5,39.09156799316406,4933400
2004-04-20,73.4000015258789,73.81999969482422,72.25,38.47910690307617,3665700
2004-04-21,72.25,73.8499984741211,71.7300033569336,39.09690475463867,3355900
2004-04-22,73.41000366210938,74.76000213623047,73.0199966430664,39.42176055908203,3648000
2004-04-23,73.7699966430664,74.12000274658203,72.88999938964844,38.95841979980469,2891700
2004-04-26,73.30999755859375,73.93000030517578,72.80000305175781,39.0649528503418,2140300
2004-04-27,73.69999694824219,74.87999725341797,73.41999816894531,39.293968200683594,2968000
2004-04-28,73.6500015258789,73.8499984741211,73.08000183105469,39.22471237182617,2685700
2004-04-29,73.7300033569336,74.66999816894531,72.76000213623047,39.09156799316406,2793700
2004-04-30,73.68000030517578,74.72000122070312,73.43000030517578,39.3099250793457,3089200
2004-05-03,73.81999969482422,74.98999786376953,73.80999755859375,39.7519645690918,3010000
2004-05-04,74.69000244140625,75.97000122070312,74.5,40.11945724487305,3909600
2004-05-05,75.08000183105469,75.83999633789062,75,40.11945724487305,2844400
2004-05-06,74.80000305175781,76.62999725341797,74.75,40.61477279663086,3639800
2004-05-07,76.5,76.94999694824219,75.51000213623047,40.236629486083984,3479000
2004-05-10,75.55000305175781,76.1500015258789,73.58000183105469,39.61349868774414,5019800
2004-05-11,73.94999694824219,74.55000305175781,73.58999633789062,39.33123016357422,3235800
2004-05-12,73.25,74,72.08999633789062,39.446292877197266,3512400
2004-05-13,73.55000305175781,73.94999694824219,73.06999969482422,39.205474853515625,2206400
2004-05-14,73.26000213623047,74.48999786376953,72.9800033569336,39.521217346191406,1971400
2004-05-17,72.83999633789062,73.3499984741211,72.3499984741211,39.02888488769531,3885500
2004-05-18,72.93000030517578,73.30999755859375,72.2699966430664,38.836219787597656,2687000
2004-05-19,72.69999694824219,73,71.69999694824219,38.46696090698242,2757000
2004-05-20,72.19999694824219,72.55999755859375,71.44000244140625,38.697059631347656,2966200
2004-05-21,72.4000015258789,72.69000244140625,71.5,38.520484924316406,2124700
2004-05-24,72.0999984741211,72.0999984741211,70.30999755859375,37.87295150756836,3351600
2004-05-25,70.77999877929688,72.23999786376953,70.5,38.56866455078125,3059400
2004-05-26,72.94999694824219,73.88999938964844,72.75,39.291099548339844,4105800
2004-05-27,73.94999694824219,74.4800033569336,73.61000061035156,39.580081939697266,2397400
2004-05-28,73.66999816894531,73.94999694824219,73.0999984741211,39.42488479614258,2249400
2004-06-01,73.8499984741211,74.75,73.66999816894531,39.997493743896484,2898100
2004-06-02,74.94999694824219,74.98999786376953,74.08999633789062,39.86906433105469,2447300
2004-06-03,74.51000213623047,75.4000015258789,74.30000305175781,39.79415512084961,2252400
2004-06-04,74.5999984741211,75.83000183105469,74.5,40.136653900146484,2801200
2004-06-07,75.6500015258789,75.66999816894531,74.80999755859375,40.489864349365234,2056700
2004-06-08,75.19999694824219,75.6500015258789,74.8499984741211,40.3399772644043,1872800
2004-06-09,75.0999984741211,75.0999984741211,73.45999908447266,39.371376037597656,3608900
2004-06-10,74,74.1500015258789,73.30999755859375,39.40884017944336,1700000
2004-06-14,73.30000305175781,74.05000305175781,72.5199966430664,38.90577697753906,2781700
2004-06-15,73.19999694824219,73.30000305175781,72.4000015258789,38.86298370361328,2257300
2004-06-16,72.80000305175781,73.91000366210938,72.5999984741211,39.173362731933594,2072800
2004-06-17,72.9000015258789,73.69000244140625,72.58000183105469,39.355342864990234,1998000
2004-06-18,73,74.06999969482422,73,39.37673568725586,3512800
2004-06-21,73.30000305175781,73.47000122070312,72.66999816894531,38.88974380493164,1842500
2004-06-22,72.66999816894531,73.19999694824219,72.41000366210938,39.02888488769531,2621100
2004-06-23,72.6500015258789,73.48999786376953,72.0999984741211,39.141258239746094,2032300
2004-06-24,72.6500015258789,73.13999938964844,72.5199966430664,38.921852111816406,1435600
2004-06-25,72.1500015258789,72.19999694824219,71.38999938964844,38.210086822509766,4148900
2004-06-28,71.75,72.41000366210938,71.51000213623047,38.37062072753906,3116100
2004-06-29,71.5999984741211,72.12999725341797,69.81999969482422,37.594661712646484,6256700
2004-06-30,70.25,70.7300033569336,69.47000122070312,37.4127082824707,5540100
2004-07-01,69.91000366210938,70.30000305175781,68.2300033569336,36.88825225830078,4751000
2004-07-02,68.94000244140625,69.80999755859375,68.77999877929688,37.12372589111328,3236700
2004-07-06,69.16999816894531,69.16999816894531,68.12999725341797,36.54038619995117,2614600
2004-07-07,67.77999877929688,68.4800033569336,67.05999755859375,36.139034271240234,3196200
2004-07-08,67.51000213623047,69.56999969482422,67.51000213623047,36.32633590698242,3601600
2004-07-09,68,68.2300033569336,66.80000305175781,35.855403900146484,3123200
2004-07-12,67.01000213623047,68.4000015258789,66.97000122070312,36.45479202270508,2949900
2004-07-13,68.12000274658203,68.52999877929688,68.02999877929688,36.62070083618164,2939000
2004-07-14,68.1500015258789,69.08000183105469,67.80000305175781,36.38520812988281,2172700
2004-07-15,68.0999984741211,68.31999969482422,66.7699966430664,35.76442337036133,3579500
2004-07-16,66.83999633789062,67.19999694824219,65.63999938964844,35.48078918457031,3919100
2004-07-19,66.27999877929688,66.37999725341797,65.51000213623047,35.06871795654297,3247200
2004-07-20,65.30000305175781,65.63999938964844,64.13999938964844,34.608489990234375,5220600
2004-07-21,64.9000015258789,66.94000244140625,64.80000305175781,34.934959411621094,4294600
2004-07-22,64.0999984741211,66,64.05000305175781,34.64596939086914,3993100
2004-07-23,63.25,64.16000366210938,62.630001068115234,33.55958557128906,5203400
2004-07-26,63.099998474121094,63.11000061035156,61.63999938964844,33.254554748535156,3893300
2004-07-27,62.5,63.95000076293945,62.27000045776367,33.75224304199219,5439800
2004-07-28,62.86000061035156,63.84000015258789,62.0099983215332,34.08403778076172,4209900
2004-07-29,63.349998474121094,64.12000274658203,63.029998779296875,34.05727005004883,2867400
2004-07-30,63.400001525878906,64.37000274658203,63.2599983215332,34.10009765625,2162100
2004-08-02,63.720001220703125,64.19000244140625,63.36000061035156,34.00911331176758,1805100
2004-08-03,63.599998474121094,64.08999633789062,63.18000030517578,33.832515716552734,2581200
2004-08-04,64.0999984741211,64.48999786376953,63.02000045776367,34.062625885009766,3622100
2004-08-05,63.70000076293945,63.77000045776367,61.29999923706055,32.863887786865234,3328800
2004-08-06,61.02000045776367,61.20000076293945,60.25,32.64447021484375,3792700
2004-08-09,61.25,61.29999923706055,60.29999923706055,32.3608512878418,2148600
2004-08-10,60.650001525878906,61.099998474121094,59.779998779296875,32.67658233642578,3483500
2004-08-11,60.209999084472656,62.70000076293945,60.209999084472656,33.69663619995117,3920000
2004-08-12,62.40999984741211,62.84000015258789,61.599998474121094,33.40597152709961,2507200
2004-08-13,62.25,62.66999816894531,61.52000045776367,33.14219665527344,3076200
2004-08-16,61.970001220703125,63.20000076293945,61.77000045776367,33.96038818359375,2859300
2004-08-17,63.08000183105469,63.43000030517578,62.5099983215332,33.820430755615234,2658500
2004-08-18,62.97999954223633,64.68000030517578,62.54999923706055,34.75165939331055,3489600
2004-08-19,64.55999755859375,64.55999755859375,63.20000076293945,34.638633728027344,3401400
2004-08-20,64.3499984741211,64.73999786376953,64.20999908447266,34.71936798095703,2296300
2004-08-23,64.5,64.83999633789062,64.22000122070312,34.66554641723633,2011200
2004-08-24,64.6500015258789,64.91999816894531,64.30999755859375,34.82703399658203,2186200
2004-08-25,64.83000183105469,64.95999908447266,64.31999969482422,34.7086067199707,2287900
2004-08-26,64.19000244140625,64.48999786376953,63.279998779296875,34.19725036621094,3415500
2004-08-27,63.849998474121094,64.55999755859375,63.70000076293945,34.62247085571289,1566500
2004-08-30,64,64.02999877929688,62.9900016784668,34.01960372924805,2325000
2004-08-31,63.349998474121094,63.77000045776367,62.79999923706055,34.15418243408203,2014400
2004-09-01,63.5,64.18000030517578,62.9900016784668,34.509437561035156,3085700
2004-09-02,64.11000061035156,65,64,34.88085174560547,1945900
2004-09-03,64.88999938964844,65.25,64.7699966430664,34.97773742675781,1998900
2004-09-07,65.30000305175781,66.5,65.30000305175781,35.52681350708008,2948900
2004-09-08,65.77999877929688,66.45999908447266,64.9000015258789,35.02619552612305,2198100
2004-09-09,65.31999969482422,65.94999694824219,65.1500015258789,35.38146209716797,2713000
2004-09-10,65.7300033569336,65.95999908447266,65.01000213623047,35.446067810058594,1928000
2004-09-13,65.9800033569336,66,65.44999694824219,35.23073959350586,2860000
2004-09-14,65.45999908447266,66.69000244140625,65.45999908447266,35.774417877197266,3820800
2004-09-15,66.6500015258789,67.30000305175781,66.58999633789062,36.14582061767578,3205900
2004-09-16,67.0199966430664,67.19000244140625,66.66999816894531,35.93589401245117,2291500
2004-09-17,66.9800033569336,66.9800033569336,66.26000213623047,35.73674392700195,2637600
2004-09-20,66.29000091552734,66.44000244140625,65.08000183105469,35.26304244995117,2432600
2004-09-21,65.5,65.51000213623047,64.8499984741211,35.07462692260742,3256500
2004-09-22,64.6500015258789,64.97000122070312,63.650001525878906,34.40715026855469,2874800
2004-09-23,64.25,64.44999694824219,63.47999954223633,34.18109893798828,2254100
2004-09-24,63.5,64.08000183105469,63.2400016784668,34.26722717285156,1810700
2004-09-27,63.66999816894531,63.849998474121094,62.75,33.85813522338867,1893100
2004-09-28,63,63.04999923706055,61.810001373291016,33.40057373046875,4064100
2004-09-29,62,62.20000076293945,61.20000076293945,33.292911529541016,3178900
2004-09-30,61.29999923706055,61.70000076293945,59.720001220703125,32.32400894165039,7016600
2004-10-01,60.25,61.83000183105469,60.22999954223633,33.05069351196289,3458300
2004-10-04,61.400001525878906,62.380001068115234,61.400001525878906,33.13681411743164,3311200
2004-10-05,61.709999084472656,62.31999969482422,61.5,33.37903594970703,2190800
2004-10-06,62.02000045776367,62.029998779296875,60.459999084472656,33.088375091552734,3824700
2004-10-07,61.54999923706055,61.86000061035156,59.38999938964844,32.06024932861328,5547800
2004-10-08,59.5,60.38999938964844,59.0099983215332,31.801877975463867,3905900
2004-10-11,59.15999984741211,59.5,58.79999923706055,31.75880241394043,2688200
2004-10-12,57.29999923706055,58.099998474121094,57.06999969482422,30.762985229492188,6097600
2004-10-13,57.150001525878906,57.34000015258789,55.83000183105469,30.30542755126953,5223000
2004-10-14,56.380001068115234,56.9900016784668,56.029998779296875,30.160099029541016,3904300
2004-10-15,56.279998779296875,57.56999969482422,56.029998779296875,30.870624542236328,6463700
2004-10-18,57,57.790000915527344,57,30.897550582885742,3307200
2004-10-19,57.400001525878906,57.5,55.83000183105469,30.143957138061523,4170800
2004-10-20,55.900001525878906,56.04999923706055,54.81999969482422,29.659507751464844,6387200
2004-10-21,54.2599983215332,54.880001068115234,52.279998779296875,28.335315704345703,10637200
2004-10-22,52.400001525878906,52.86000061035156,51.630001068115234,27.910064697265625,9597700
2004-10-25,51.849998474121094,52,50.34000015258789,27.151090621948242,6367300
2004-10-26,50.349998474121094,52.52000045776367,50.349998474121094,28.233034133911133,6071200
2004-10-27,53.75,56.58000183105469,53.40999984741211,30.251609802246094,9657400
2004-10-28,56.04999923706055,56.29999923706055,55.31999969482422,30.16547966003418,5004100
2004-10-29,55.810001373291016,56,53.959999084472656,29.557226181030273,6141600
2004-11-01,54.90999984741211,55.54999923706055,54.560001373291016,29.686418533325195,4770400
2004-11-02,54.75,56.22999954223633,54.72999954223633,29.670269012451172,5324400
2004-11-03,57.70000076293945,58.790000915527344,56,30.483070373535156,9225500
2004-11-04,56.880001068115234,57.439998626708984,56.0099983215332,30.854488372802734,5210900
2004-11-05,57.459999084472656,58.20000076293945,57.150001525878906,31.005205154418945,4160500
2004-11-08,57.20000076293945,57.650001525878906,56.5,30.655323028564453,3422400
2004-11-09,56.95000076293945,57.34000015258789,56.36000061035156,30.429237365722656,2734800
2004-11-10,56.45000076293945,56.470001220703125,55.45000076293945,30.128610610961914,3495700
2004-11-11,55.599998474121094,56.720001220703125,55.209999084472656,30.32903289794922,2785000
2004-11-12,56.099998474121094,56.290000915527344,55.06999969482422,30.448196411132812,2678900
2004-11-15,56.150001525878906,57.18000030517578,56,30.9736328125,3313900
2004-11-16,57.18000030517578,57.439998626708984,56.70000076293945,30.77320671081543,4602300
2004-11-17,57.439998626708984,57.5,55.779998779296875,30.258607864379883,3409200
2004-11-18,56.29999923706055,56.5,56.029998779296875,30.55112075805664,2699600
2004-11-19,56.650001525878906,56.650001525878906,55.099998474121094,29.911937713623047,3332900
2004-11-22,55.2400016784668,56.20000076293945,54.70000076293945,30.404861450195312,4176100
2004-11-23,55.91999816894531,56.130001068115234,53.83000183105469,29.592336654663086,4773700
2004-11-24,54.95000076293945,55.25,54.38999938964844,29.679006576538086,2881300
2004-11-26,54.61000061035156,55.38999938964844,54.540000915527344,29.657339096069336,1044600
2004-11-29,55.25,55.25,53.45000076293945,29.424407958984375,5651100
2004-11-30,54,54.41999816894531,53.310001373291016,28.888132095336914,3590000
2004-12-01,53.849998474121094,54.470001220703125,53.70000076293945,29.505674362182617,3534200
2004-12-02,54.470001220703125,55.56999969482422,54.20000076293945,29.679006576538086,3260200
2004-12-03,54.900001525878906,55.349998474121094,54.209999084472656,29.52190399169922,2690900
2004-12-06,54.5,54.849998474121094,53.869998931884766,29.576086044311523,2665700
2004-12-07,54.61000061035156,55.0099983215332,53.63999938964844,29.066879272460938,2683000
2004-12-08,54.349998474121094,54.560001373291016,53.68000030517578,29.43524169921875,3757200
2004-12-09,53.70000076293945,54.7599983215332,53.41999816894531,29.61941146850586,4457800
2004-12-10,54.77000045776367,55.20000076293945,54.619998931884766,29.814434051513672,4138500
2004-12-13,55.45000076293945,56.13999938964844,55.439998626708984,30.361526489257812,4242900
2004-12-14,56.04999923706055,57.34000015258789,56.04999923706055,30.876136779785156,4593900
2004-12-15,57.20000076293945,57.439998626708984,56.439998626708984,30.724464416503906,3699900
2004-12-16,56.79999923706055,57.81999969482422,56.619998931884766,31.092803955078125,4659500
2004-12-17,55.400001525878906,56.150001525878906,53.36000061035156,30.345273971557617,13640700
2004-12-20,56.060001373291016,56.4900016784668,55.0099983215332,29.955263137817383,5305200
2004-12-21,55.310001373291016,55.810001373291016,55.099998474121094,30.231529235839844,4070300
2004-12-22,55.45000076293945,56.79999923706055,55.45000076293945,30.670299530029297,4181300
2004-12-23,56.470001220703125,57.779998779296875,56.40999984741211,31.01697540283203,3152300
2004-12-27,57.369998931884766,58.0099983215332,57.18000030517578,30.9736328125,2406300
2004-12-28,57.040000915527344,57.66999816894531,57.0099983215332,31.109066009521484,1916200
2004-12-29,57.119998931884766,57.25,56.72999954223633,31.011552810668945,2743200
2004-12-30,57.45000076293945,57.75,57.2599983215332,31.146976470947266,2532200
2004-12-31,56.75,57.13999938964844,56.70000076293945,30.740720748901367,4178300
2005-01-03,56.77000045776367,57.040000915527344,56.20000076293945,30.469867706298828,3157300
2005-01-04,56.599998474121094,56.84000015258789,55.45000076293945,30.063610076904297,4277600
2005-01-05,55.72999954223633,56.189998626708984,55.5,30.377771377563477,3393900
2005-01-06,56,56.790000915527344,55.88999938964844,30.62153434753418,2940100
2005-01-07,56.529998779296875,56.70000076293945,56.16999816894531,30.47529411315918,2948600
2005-01-10,56.099998474121094,57.09000015258789,55.900001525878906,30.843618392944336,2908000
2005-01-11,56.939998626708984,57.119998931884766,56.400001525878906,30.892377853393555,3392100
2005-01-12,57.06999969482422,57.83000183105469,56.88999938964844,31.298643112182617,4472700
2005-01-13,57.529998779296875,57.75,56.40999984741211,30.56195068359375,3659900
2005-01-14,56.349998474121094,57.29999923706055,56.279998779296875,31.011552810668945,3207400
2005-01-18,57.25,57.68000030517578,56.61000061035156,31.168655395507812,3080100
2005-01-19,57.43000030517578,57.68000030517578,56.959999084472656,30.876136779785156,2463400
2005-01-20,57,57.349998474121094,56.11000061035156,30.567371368408203,3297300
2005-01-21,56.20000076293945,56.31999969482422,55.279998779296875,29.966089248657227,3470600
2005-01-24,55.54999923706055,55.68000030517578,54.84000015258789,29.70608901977539,3075500
2005-01-25,55.349998474121094,55.70000076293945,54.779998779296875,29.711498260498047,3015800
2005-01-26,56.25,57.16999816894531,55.38999938964844,30.063610076904297,6320300
2005-01-27,55.25,55.81999969482422,55.04999923706055,30.101524353027344,3915200
2005-01-28,55.349998474121094,55.349998474121094,52.86000061035156,29.02356719970703,5922500
2005-01-31,53.7400016784668,54.70000076293945,53.650001525878906,29.38106346130371,4901300
2005-02-01,54.25,54.77000045776367,53.849998474121094,29.662748336791992,2690100
2005-02-02,54.619998931884766,55.4900016784668,54.41999816894531,29.868600845336914,2721700
2005-02-03,55.13999938964844,55.20000076293945,54.61000061035156,29.722339630126953,3401500
2005-02-04,54.709999084472656,55.349998474121094,54.5,29.809003829956055,2220300
2005-02-07,55.279998779296875,56.15999984741211,55.150001525878906,30.193603515625,2045600
2005-02-08,55.20000076293945,55.599998474121094,55.060001373291016,30.00943946838379,2800300
2005-02-09,55.70000076293945,56.119998931884766,54.58000183105469,29.60317039489746,2539100
2005-02-10,54.97999954223633,55,54.5,29.684425354003906,1982000
2005-02-11,54.63999938964844,56.689998626708984,54.599998474121094,30.273534774780273,2713900
2005-02-14,55.95000076293945,55.97999954223633,55.040000915527344,30.218984603881836,2105300
2005-02-15,55.25,55.900001525878906,54.95000076293945,30.420808792114258,3362100
2005-02-16,55.52000045776367,55.84000015258789,55.040000915527344,30.235347747802734,2534800
2005-02-17,55.290000915527344,55.689998626708984,55.0099983215332,30.071697235107422,2760300
2005-02-18,55.22999954223633,55.22999954223633,54.349998474121094,29.782608032226562,4445700
2005-02-22,54.66999816894531,55.099998474121094,54.5,29.760786056518555,3842100
2005-02-23,54.70000076293945,55.040000915527344,54.560001373291016,29.908065795898438,2189200
2005-02-24,54.93000030517578,55.189998626708984,54.56999969482422,30.066246032714844,2534600
2005-02-25,55.029998779296875,55.880001068115234,54.939998626708984,30.45354461669922,2425400
2005-02-28,55.86000061035156,56.29999923706055,55.2599983215332,30.546260833740234,3016200
2005-03-01,56.20000076293945,56.63999938964844,55.970001220703125,30.813549041748047,2692100
2005-03-02,56.08000183105469,57,55.869998931884766,30.737178802490234,2889100
2005-03-03,56.599998474121094,56.599998474121094,55.560001373291016,30.628097534179688,1933300
2005-03-04,56.650001525878906,56.900001525878906,56.02000045776367,30.960803985595703,3032000
2005-03-07,56.9900016784668,57.40999984741211,56.81999969482422,31.26628875732422,2819500
2005-03-08,57.279998779296875,57.41999816894531,56.52000045776367,30.949914932250977,2699900
2005-03-09,56.25,56.369998931884766,55.29999923706055,30.32807159423828,4725200
2005-03-10,55.599998474121094,55.900001525878906,55.16999816894531,30.306257247924805,3238700
2005-03-11,55.720001220703125,55.75,54.70000076293945,29.918964385986328,3217300
2005-03-14,54.88999938964844,55,53.529998779296875,29.29168701171875,5856400
2005-03-15,53.95000076293945,54,52.650001525878906,28.746213912963867,4783900
2005-03-16,52.7400016784668,52.970001220703125,51.81999969482422,28.522581100463867,4564800
2005-03-17,52.290000915527344,52.70000076293945,51.83000183105469,28.489856719970703,3998600
2005-03-18,52.22999954223633,52.650001525878906,51.650001525878906,28.64802360534668,5215200
2005-03-21,52.52000045776367,52.650001525878906,51.970001220703125,28.353479385375977,2254100
2005-03-22,51.9900016784668,52.47999954223633,51.79999923706055,28.277114868164062,3315600
2005-03-23,51.79999923706055,53.04999923706055,51.650001525878906,28.78985595703125,5705600
2005-03-24,52.849998474121094,53.470001220703125,52.7599983215332,28.85532569885254,3108000
2005-03-28,52.90999984741211,52.91999816894531,52.060001373291016,28.77349853515625,3254800
2005-03-29,52.54999923706055,52.599998474121094,51.31999969482422,28.21712875366211,5910700
2005-03-30,52.45000076293945,52.83000183105469,52.02000045776367,28.784412384033203,3819200
2005-03-31,52.77000045776367,52.77000045776367,52.04999923706055,28.4189395904541,2884400
2005-04-01,52.29999923706055,52.54999923706055,51.09000015258789,27.92255973815918,4281900
2005-04-04,51.52000045776367,51.75,51.08000183105469,27.99891471862793,4251800
2005-04-05,51.619998931884766,53.29999923706055,51.619998931884766,29.024410247802734,4651600
2005-04-06,53.349998474121094,53.75,52.810001373291016,29.215322494506836,4341400
2005-04-07,53.2400016784668,54.439998626708984,53.099998474121094,29.4553165435791,4335400
2005-04-08,54.150001525878906,54.66999816894531,54.0099983215332,29.624414443969727,4089100
2005-04-11,54.310001373291016,54.68000030517578,54.0099983215332,29.657150268554688,2860200
2005-04-12,54.04999923706055,54.099998474121094,52.900001525878906,29.357139587402344,5428200
2005-04-13,53.79999923706055,57.900001525878906,53.439998626708984,31.157176971435547,17838600
2005-04-14,56.880001068115234,57.09000015258789,55.150001525878906,30.08806610107422,15798400
2005-04-15,59.79999923706055,59.88999938964844,57.43000030517578,31.675382614135742,33421300
2005-04-18,58.150001525878906,59.220001220703125,57.7599983215332,32.18267059326172,12307300
2005-04-19,59,59.68000030517578,59,32.42813491821289,5896200
2005-04-20,59.25,59.70000076293945,58.0099983215332,31.648099899291992,7336300
2005-04-21,58.970001220703125,58.9900016784668,58.029998779296875,31.909942626953125,5615400
2005-04-22,58.25,58.7400016784668,58.02000045776367,31.855375289916992,3968900
2005-04-25,58.529998779296875,59.189998626708984,58.400001525878906,32.05720138549805,4128300
2005-04-26,58.25,58.9900016784668,58.130001068115234,31.855375289916992,3592800
2005-04-27,58.20000076293945,58.290000915527344,57.209999084472656,31.762653350830078,3413800
2005-04-28,58.22999954223633,58.5,57.25,31.637205123901367,3765300
2005-04-29,58.13999938964844,58.470001220703125,57.70000076293945,31.893566131591797,4391200
2005-05-02,58.70000076293945,59.099998474121094,57.93000030517578,32.13357925415039,3552400
2005-05-03,59,59.97999954223633,58.91999816894531,32.591773986816406,5701800
2005-05-04,59.97999954223633,60.470001220703125,59.5099983215332,32.869964599609375,5656500
2005-05-05,60.099998474121094,60.63999938964844,59.779998779296875,32.968143463134766,3436200
2005-05-06,60.56999969482422,60.97999954223633,60.150001525878906,32.826316833496094,4744800
2005-05-09,60.08000183105469,60.08000183105469,59.439998626708984,32.59721755981445,3696600
2005-05-10,59.40999984741211,59.63999938964844,59.08000183105469,32.25358963012695,3303900
2005-05-11,58.40999984741211,58.97999954223633,58.22999954223633,32.25358963012695,2655700
2005-05-12,58.849998474121094,59.70000076293945,58.79999923706055,32.4951286315918,2666700
2005-05-13,58.630001068115234,59.220001220703125,58.209999084472656,32.25907897949219,3003400
2005-05-16,58.93000030517578,59.70000076293945,58.79999923706055,32.610435485839844,2011500
2005-05-17,59.43000030517578,59.619998931884766,58.88999938964844,32.69827651977539,1858300
2005-05-18,60,60.7400016784668,59.91999816894531,33.13747024536133,5411500
2005-05-19,60.61000061035156,60.83000183105469,59.599998474121094,32.90687942504883,3866200
2005-05-20,59.900001525878906,59.900001525878906,58.61000061035156,32.335933685302734,5058200
2005-05-23,58.689998626708984,59.47999954223633,58.349998474121094,32.23711395263672,2943400
2005-05-24,58.04999923706055,59.290000915527344,58.04999923706055,32.182212829589844,2715500
2005-05-25,58.75,59.04999923706055,58.310001373291016,32.22612762451172,2958400
2005-05-26,58.779998779296875,59.459999084472656,58.72999954223633,32.445735931396484,2621000
2005-05-27,58.97999954223633,59.2599983215332,58.54999923706055,32.41828155517578,2330900
2005-05-31,59.060001373291016,59.220001220703125,58.27000045776367,32.006534576416016,3970200
2005-06-01,58.29999923706055,58.77000045776367,58,32.088890075683594,3177700
2005-06-02,58.209999084472656,58.34000015258789,58,31.946128845214844,1737200
2005-06-03,58.130001068115234,58.34000015258789,57.650001525878906,31.649688720703125,3358800
2005-06-06,57.75,58.22999954223633,57.470001220703125,31.671646118164062,2193900
2005-06-07,58.130001068115234,58.93000030517578,57.650001525878906,31.649688720703125,3272500
2005-06-08,58,58.040000915527344,57.099998474121094,31.49595069885254,3352200
2005-06-09,57.47999954223633,57.75,56.95000076293945,31.331268310546875,3242300
2005-06-10,57.380001068115234,57.599998474121094,56.7400016784668,31.2873477935791,2319500
2005-06-13,57.0099983215332,57.630001068115234,56.5,31.45751953125,2349900
2005-06-14,57.220001220703125,57.9900016784668,57.11000061035156,31.649688720703125,2494900
2005-06-15,57.91999816894531,57.95000076293945,56.81999969482422,31.49047088623047,2178400
2005-06-16,57.779998779296875,58.560001373291016,57.59000015258789,32.03947830200195,3382800
2005-06-17,58.90999984741211,58.97999954223633,58.209999084472656,32.1273078918457,3758100
2005-06-20,58.20000076293945,58.54999923706055,57.77000045776367,31.869291305541992,3087500
2005-06-21,58.04999923706055,58.540000915527344,57.970001220703125,31.90770721435547,2350100
2005-06-22,58.20000076293945,58.5099983215332,57.849998474121094,32.017513275146484,2413400
2005-06-23,58.20000076293945,58.45000076293945,57.52000045776367,31.578323364257812,2511500
2005-06-24,57.400001525878906,57.43000030517578,56.900001525878906,31.243425369262695,2574400
2005-06-27,56.599998474121094,56.970001220703125,56.279998779296875,30.98539924621582,2571400
2005-06-28,56.79999923706055,56.900001525878906,56.09000015258789,31.106170654296875,3142600
2005-06-29,56.81999969482422,56.83000183105469,56.27000045776367,30.908533096313477,2747900
2005-06-30,56.470001220703125,56.4900016784668,55.52000045776367,30.584627151489258,4200600
2005-07-01,55.720001220703125,55.97999954223633,55.209999084472656,30.42542839050293,2667600
2005-07-05,55.13999938964844,55.86000061035156,55.0099983215332,30.590110778808594,2325900
2005-07-06,55.75,56.13999938964844,55.130001068115234,30.540719985961914,2907600
2005-07-07,54.75,55.38999938964844,54.75,30.310129165649414,3977200
2005-07-08,55.41999816894531,56.38999938964844,55.189998626708984,30.881080627441406,3461600
2005-07-11,56.70000076293945,56.72999954223633,56.2599983215332,31.084228515625,2572200
2005-07-12,56.61000061035156,56.83000183105469,56.060001373291016,30.990877151489258,3740900
2005-07-13,56.2599983215332,56.5,56.06999969482422,30.95245361328125,2534700
2005-07-14,56.369998931884766,57,56.279998779296875,31.259891510009766,2977700
2005-07-15,56.599998474121094,57.130001068115234,56.41999816894531,31.106170654296875,4452000
2005-07-18,56.630001068115234,56.880001068115234,56.2400016784668,31.183046340942383,1961400
2005-07-19,57.150001525878906,57.29999923706055,56.619998931884766,31.13911247253418,2879100
2005-07-20,56.83000183105469,57.400001525878906,56.65999984741211,31.43558120727539,2964600
2005-07-21,56.2599983215332,56.81999969482422,56,30.881080627441406,6380400
2005-07-22,55.75,55.9900016784668,54.790000915527344,30.194826126098633,6476600
2005-07-25,55.150001525878906,55.279998779296875,54.5099983215332,30.057594299316406,3821500
2005-07-26,54.93000030517578,55,54.349998474121094,29.843482971191406,2549400
2005-07-27,54.400001525878906,55.13999938964844,54.369998931884766,30.145435333251953,3047000
2005-07-28,55.349998474121094,55.779998779296875,54.97999954223633,30.436382293701172,2903400
2005-07-29,55.970001220703125,56.5099983215332,55.900001525878906,30.919527053833008,5133200
2005-08-01,56.33000183105469,57,56.29999923706055,31.12264060974121,4310100
2005-08-02,56.20000076293945,56.279998779296875,55.70000076293945,30.749324798583984,7288000
2005-08-03,55.54999923706055,55.75,54.560001373291016,30.161893844604492,6182200
2005-08-04,54.75,54.939998626708984,53.7599983215332,29.590961456298828,5871800
2005-08-05,53.939998626708984,53.97999954223633,53,29.34390640258789,5420700
2005-08-08,53.459999084472656,53.59000015258789,52.84000015258789,29.151744842529297,3809100
2005-08-09,53.25,54.08000183105469,53.15999984741211,29.558006286621094,3490500
2005-08-10,54.02000045776367,54.40999984741211,53.68000030517578,29.590961456298828,3459200
2005-08-11,53.869998931884766,53.869998931884766,53.5,29.65730094909668,3211800
2005-08-12,53.36000061035156,53.66999816894531,53.209999084472656,29.530139923095703,2238900
2005-08-15,53.45000076293945,53.540000915527344,53,29.331098556518555,2237600
2005-08-16,53.130001068115234,53.22999954223633,52.630001068115234,29.154163360595703,3796600
2005-08-17,52.650001525878906,53.220001220703125,52.349998474121094,29.181800842285156,3847000
2005-08-18,52.560001373291016,52.650001525878906,51.97999954223633,29.03805160522461,3944500
2005-08-19,53.099998474121094,53.119998931884766,52.45000076293945,29.06570053100586,3906700
2005-08-22,52.79999923706055,53.189998626708984,52.31999969482422,29.14310646057129,3117400
2005-08-23,53.5,54.130001068115234,53.33000183105469,29.701528549194336,8028400
2005-08-24,53.81999969482422,54.04999923706055,53.20000076293945,29.519075393676758,4620200
2005-08-25,53.209999084472656,53.619998931884766,53.060001373291016,29.579879760742188,3425200
2005-08-26,53.5,53.65999984741211,52.79999923706055,29.530139923095703,4038700
2005-08-29,53.41999816894531,54.18000030517578,53.220001220703125,29.878454208374023,3023100
2005-08-30,53.900001525878906,54.099998474121094,53.54999923706055,29.89504623413086,3803600
2005-08-31,54.06999969482422,55.06999969482422,54,30.42030143737793,5710800
2005-09-01,54.7400016784668,54.970001220703125,54.18000030517578,30.13831329345703,3396800
2005-09-02,54.79999923706055,54.97999954223633,54.45000076293945,30.271007537841797,2571200
2005-09-06,55,55.630001068115234,54.939998626708984,30.757564544677734,2755300
2005-09-07,55.63999938964844,56.36000061035156,55.529998779296875,31.16115951538086,3631400
2005-09-08,56,56.63999938964844,55.869998931884766,31.210918426513672,3879100
2005-09-09,56.59000015258789,56.939998626708984,56.27000045776367,31.360206604003906,2114500
2005-09-12,56.58000183105469,57.09000015258789,56.529998779296875,31.487377166748047,2292400
2005-09-13,56.650001525878906,56.650001525878906,55.43000030517578,30.696739196777344,3936500
2005-09-14,55.599998474121094,55.959999084472656,55.150001525878906,30.658035278320312,2627600
2005-09-15,55.45000076293945,55.529998779296875,54.7400016784668,30.359474182128906,2753200
2005-09-16,55.08000183105469,55.25,54.900001525878906,30.519807815551758,6656400
2005-09-19,54.95000076293945,55,54.459999084472656,30.276552200317383,3310100
2005-09-20,54.720001220703125,54.869998931884766,54.09000015258789,29.9116153717041,4745800
2005-09-21,53.70000076293945,54.15999984741211,53.58000183105469,29.684938430786133,3911400
2005-09-22,53.68000030517578,54.25,53.66999816894531,29.828678131103516,3572700
2005-09-23,54,54.209999084472656,53.650001525878906,29.740230560302734,2082100
2005-09-26,54,54.400001525878906,52.619998931884766,29.463775634765625,4467400
2005-09-27,53.290000915527344,53.790000915527344,52.97999954223633,29.618581771850586,3196700
2005-09-28,53.45000076293945,53.970001220703125,53.18000030517578,29.56329345703125,3780500
2005-09-29,53.5,54.349998474121094,53.25,30.01667594909668,3882200
2005-09-30,53.93000030517578,54,53.400001525878906,29.590944290161133,4593000
2005-10-03,53.400001525878906,53.900001525878906,52.849998474121094,29.264745712280273,3111300
2005-10-04,52.880001068115234,53.900001525878906,52.849998474121094,29.640710830688477,4017500
2005-10-05,53.61000061035156,54.25,53.540000915527344,29.718107223510742,4561000
2005-10-06,53.72999954223633,54.400001525878906,53.540000915527344,29.861867904663086,6577400
2005-10-07,54,54.099998474121094,53.31999969482422,29.530139923095703,4114400
2005-10-10,53.150001525878906,53.27000045776367,52.470001220703125,29.259204864501953,3601800
2005-10-11,52.72999954223633,52.95000076293945,52.099998474121094,28.816879272460938,4292000
2005-10-12,52.34000015258789,52.7400016784668,51.939998626708984,28.85005760192871,4044200
2005-10-13,51.599998474121094,52.84000015258789,51.52000045776367,29.049104690551758,4638400
2005-10-14,52.400001525878906,53.220001220703125,52,29.09333610534668,3397700
2005-10-17,52.29999923706055,52.36000061035156,51.349998474121094,28.490692138671875,8623700
2005-10-18,51,52.04999923706055,51,28.54598617553711,6137400
2005-10-19,51.25,51.63999938964844,51.09000015258789,28.529388427734375,6039500
2005-10-20,51.5,51.849998474121094,50.95000076293945,28.335886001586914,7670700
2005-10-21,51.68000030517578,51.70000076293945,50.47999954223633,28.03178596496582,6064300
2005-10-24,50.70000076293945,51.06999969482422,50.5,28.07601547241211,7370500
2005-10-25,50.77000045776367,50.779998779296875,49.880001068115234,27.816152572631836,7503000
2005-10-26,50.54999923706055,50.7400016784668,50.349998474121094,27.865907669067383,4830000
2005-10-27,50.5,50.560001373291016,49.970001220703125,27.644760131835938,2975600
2005-10-28,50.29999923706055,50.5099983215332,49.84000015258789,27.63922882080078,5316100
2005-10-31,50.220001220703125,50.2599983215332,49.70000076293945,27.528640747070312,6899700
2005-11-01,49.88999938964844,50.18000030517578,49.75,27.51205825805664,5187000
2005-11-02,49.79999923706055,50.040000915527344,49.70000076293945,27.5894832611084,3032500
2005-11-03,50.099998474121094,50.56999969482422,49.849998474121094,27.733234405517578,3443200
2005-11-04,50.369998931884766,50.939998626708984,50.209999084472656,28.10365867614746,3484400
2005-11-07,50.9900016784668,51.31999969482422,50.7599983215332,28.252941131591797,3678600
2005-11-08,51.119998931884766,51.95000076293945,50.9900016784668,28.573627471923828,5466300
2005-11-09,51.810001373291016,52.20000076293945,51.5,28.767122268676758,4241400
2005-11-10,51.75,51.900001525878906,51.119998931884766,28.627893447875977,3910000
2005-11-11,51.400001525878906,51.630001068115234,50.599998474121094,28.393966674804688,3137100
2005-11-14,52,52,50.13999938964844,27.965112686157227,3185000
2005-11-15,50.20000076293945,50.54999923706055,50.13999938964844,28.09321403503418,2565200
2005-11-16,50.36000061035156,50.400001525878906,49.72999954223633,27.736745834350586,3817800
2005-11-17,49.81999969482422,50.08000183105469,49.470001220703125,27.71446418762207,4004900
2005-11-18,50.7400016784668,50.75,49.650001525878906,28.037519454956055,3984000
2005-11-21,50.25,50.869998931884766,50.13999938964844,28.260305404663086,2826900
2005-11-22,50.400001525878906,50.72999954223633,50.150001525878906,28.19344711303711,3187800
2005-11-23,50.439998626708984,51.150001525878906,50.369998931884766,28.32155990600586,2847900
2005-11-25,50.939998626708984,51,50.5,28.14889144897461,1234800
2005-11-28,50.650001525878906,50.68000030517578,50.08000183105469,27.95953941345215,3447700
2005-11-29,50.400001525878906,50.66999816894531,50.0099983215332,27.875991821289062,3316500
2005-11-30,50.25,50.7400016784668,50.189998626708984,28.126625061035156,4093700
2005-12-01,50.79999923706055,51.939998626708984,50.75,28.68358612060547,5703800
2005-12-02,51.5,51.83000183105469,51.20000076293945,28.722578048706055,3676500
2005-12-05,51.43000030517578,51.7400016784668,50.95000076293945,28.666881561279297,3315100
2005-12-06,51.52000045776367,52.25,51.439998626708984,29.067903518676758,4333500
2005-12-07,52,53.20000076293945,51.900001525878906,29.49118423461914,5542000
2005-12-08,52.95000076293945,52.95000076293945,51.75,29.079036712646484,5048400
2005-12-09,54.400001525878906,55,53.310001373291016,29.747392654418945,10893900
2005-12-12,53.900001525878906,54.63999938964844,53.720001220703125,30.337766647338867,5061900
2005-12-13,54.79999923706055,55.810001373291016,54.72999954223633,31.022850036621094,5983600
2005-12-14,55.54999923706055,56.290000915527344,55.5,31.167638778686523,4802600
2005-12-15,56.150001525878906,56.459999084472656,56,31.345874786376953,4769200
2005-12-16,56.650001525878906,56.900001525878906,56.599998474121094,31.557510375976562,5681100
2005-12-19,57.650001525878906,58.25,57.29999923706055,32.07548904418945,7515600
2005-12-20,57.650001525878906,57.75,56.939998626708984,31.758033752441406,4233800
2005-12-21,57.5,57.7400016784668,57,31.74688148498535,3537500
2005-12-22,56.95000076293945,57.33000183105469,56.880001068115234,31.813722610473633,2874400
2005-12-23,56.900001525878906,57.849998474121094,56.790000915527344,32.13675308227539,3199300
2005-12-27,57.70000076293945,58.040000915527344,57.58000183105469,32.198020935058594,3129300
2005-12-28,57.79999923706055,57.970001220703125,57.38999938964844,32.16460037231445,2672600
2005-12-29,57.72999954223633,57.9900016784668,57.2400016784668,32.003082275390625,2599400
2005-12-30,56.959999084472656,57,56.5099983215332,31.518531799316406,2958800
2006-01-03,57.189998626708984,57.59000015258789,56.150001525878906,31.947385787963867,3957400
2006-01-04,57.47999954223633,57.75,56.880001068115234,31.79144859313965,3960200
2006-01-05,57.349998474121094,57.439998626708984,56.88999938964844,31.964099884033203,3140600
2006-01-06,57.70000076293945,58.119998931884766,57.09000015258789,32.203582763671875,3119300
2006-01-09,57.880001068115234,58.86000061035156,57.7400016784668,32.62689208984375,2952400
2006-01-10,58.45000076293945,59,57.58000183105469,32.404109954833984,3468500
2006-01-11,58.349998474121094,58.349998474121094,57.61000061035156,32.404109954833984,1910500
2006-01-12,58.279998779296875,58.689998626708984,57.56999969482422,32.275997161865234,2706000
2006-01-13,58.099998474121094,58.5,57.79999923706055,32.275997161865234,3182900
2006-01-17,57.54999923706055,57.95000076293945,57.11000061035156,31.897266387939453,3369200
2006-01-18,57.220001220703125,57.220001220703125,56.599998474121094,31.724594116210938,3160600
2006-01-19,57.400001525878906,57.810001373291016,56.81999969482422,31.847143173217773,3610600
2006-01-20,57.150001525878906,57.36000061035156,56.709999084472656,31.691179275512695,5040100
2006-01-23,57.08000183105469,57.54999923706055,57,31.86385726928711,3364600
2006-01-24,57.52000045776367,57.900001525878906,56.72999954223633,31.808149337768555,3718400
2006-01-25,57.349998474121094,57.790000915527344,57.150001525878906,31.841575622558594,4855800
2006-01-26,57.5,57.650001525878906,56.900001525878906,31.707901000976562,6852500
2006-01-27,56.790000915527344,57.70000076293945,56.72999954223633,32.05321502685547,6860800
2006-01-30,57.65999984741211,57.83000183105469,57.209999084472656,31.952960968017578,3114400
2006-01-31,57.150001525878906,57.16999816894531,56,31.53524398803711,6509300
2006-02-01,56.34000015258789,57,56.02000045776367,31.68561553955078,4030600
2006-02-02,56.79999923706055,57.130001068115234,56.119998931884766,31.35700035095215,3407900
2006-02-03,55.939998626708984,56.36000061035156,55.70000076293945,31.111948013305664,4062200
2006-02-06,55.75,55.849998474121094,55.09000015258789,30.86688804626465,2785700
2006-02-07,55.25,55.56999969482422,54.599998474121094,30.6218204498291,3169500
2006-02-08,54.84000015258789,55.880001068115234,54.84000015258789,31.022850036621094,2623200
2006-02-09,55.70000076293945,56.83000183105469,55.54999923706055,31.35700035095215,5236500
2006-02-10,56.439998626708984,56.599998474121094,55.75,31.29016876220703,3018200
2006-02-13,55.779998779296875,55.81999969482422,54.900001525878906,31.048965454101562,2859100
2006-02-14,55.529998779296875,55.79999923706055,54.81999969482422,31.12188720703125,4020100
2006-02-15,55.630001068115234,56.349998474121094,55.25,31.424800872802734,2672600
2006-02-16,56.029998779296875,56.439998626708984,55.43000030517578,31.615528106689453,3050700
2006-02-17,56.47999954223633,56.5,55.5,31.323814392089844,2872700
2006-02-21,55.68000030517578,56.099998474121094,55.45000076293945,31.133102416992188,2678400
2006-02-22,55.79999923706055,56.290000915527344,55.630001068115234,31.469682693481445,2446800
2006-02-23,55.88999938964844,55.970001220703125,55.45000076293945,31.37430763244629,2612000
2006-02-24,56.150001525878906,56.29999923706055,55.810001373291016,31.424800872802734,2495400
2006-02-27,55.90999984741211,57.06999969482422,55.90999984741211,31.823089599609375,2480300
2006-02-28,56.869998931884766,56.900001525878906,55.45000076293945,31.200416564941406,4674700
2006-03-01,55.369998931884766,55.939998626708984,54.849998474121094,31.35186767578125,3502800
2006-03-02,55.88999938964844,56.029998779296875,55.58000183105469,31.273340225219727,2350000
2006-03-03,55.5,56.369998931884766,55.400001525878906,31.250904083251953,2319800
2006-03-06,56,56.79999923706055,55.779998779296875,31.688451766967773,4022900
2006-03-07,56.4900016784668,56.9900016784668,56.400001525878906,31.75576400756836,3413200
2006-03-08,56.5,57.5099983215332,56.470001220703125,32.176483154296875,4251000
2006-03-09,57.900001525878906,57.900001525878906,56.86000061035156,32.01942443847656,3366400
2006-03-10,57.459999084472656,57.599998474121094,56.900001525878906,32.11478042602539,3524300
2006-03-13,57.529998779296875,57.650001525878906,57.08000183105469,32.10917282104492,2406300
2006-03-14,57.06999969482422,57.720001220703125,56.849998474121094,32.283058166503906,3543700
2006-03-15,57.29999923706055,57.400001525878906,56.45000076293945,31.95772361755371,4035800
2006-03-16,57.220001220703125,57.380001068115234,56.779998779296875,32.10355758666992,2526400
2006-03-17,57.52000045776367,57.54999923706055,56.939998626708984,32.02503204345703,3432600
2006-03-20,57.790000915527344,57.970001220703125,57.36000061035156,32.21015167236328,3008100
2006-03-21,57.70000076293945,57.849998474121094,57.2599983215332,32.148433685302734,2847700
2006-03-22,57.75,58.68000030517578,57.59000015258789,32.810367584228516,3656800
2006-03-23,58.279998779296875,58.369998931884766,57.599998474121094,32.55793380737305,2720900
2006-03-24,58.45000076293945,59.2400016784668,58.31999969482422,33.01793670654297,4281800
2006-03-27,58.86000061035156,58.970001220703125,58.209999084472656,32.91133499145508,3190700
2006-03-28,57.189998626708984,57.70000076293945,56,31.626745223999023,7624500
2006-03-29,56.08000183105469,56.31999969482422,55.25,31.593090057373047,6317400
2006-03-30,55.900001525878906,56.70000076293945,55.63999938964844,31.441633224487305,3525300
2006-03-31,55.900001525878906,56.27000045776367,55.20000076293945,31.020912170410156,5139100
2006-04-03,55.650001525878906,55.900001525878906,55.060001373291016,30.98725128173828,3928500
2006-04-04,55.20000076293945,55.41999816894531,54.63999938964844,30.942378997802734,5302500
2006-04-05,55.40999984741211,55.630001068115234,54.65999984741211,30.779708862304688,4407100
2006-04-06,55,55.20000076293945,54.27000045776367,30.560924530029297,3791500
2006-04-07,54.25,54.40999984741211,53.36000061035156,30.03363800048828,4515400
2006-04-10,53.599998474121094,53.72999954223633,53.060001373291016,29.93826675415039,2486700
2006-04-11,53.4900016784668,53.5,52.650001525878906,29.786802291870117,4454100
2006-04-12,52.779998779296875,53.61000061035156,52.5,29.966312408447266,3200100
2006-04-13,53.25,53.349998474121094,52.880001068115234,29.882173538208008,2174200
2006-04-17,53.31999969482422,53.31999969482422,52.43000030517578,29.7363338470459,3131500
2006-04-18,54.75,54.79999923706055,53.95000076293945,30.5721435546875,7040700
2006-04-19,54.790000915527344,54.790000915527344,54.29999923706055,30.65629768371582,4099900
2006-04-20,54.650001525878906,54.75,53,30.078493118286133,6309600
2006-04-21,53.70000076293945,53.70000076293945,52.63999938964844,29.69144630432129,5496700
2006-04-24,52.83000183105469,53.22999954223633,52.060001373291016,29.483909606933594,3766800
2006-04-25,52.81999969482422,52.81999969482422,51.970001220703125,29.287553787231445,2311600
2006-04-26,52.47999954223633,52.65999984741211,52.04999923706055,29.304378509521484,2697800
2006-04-27,50.91999816894531,53.029998779296875,50.91999816894531,29.59048080444336,3522100
2006-04-28,52.650001525878906,53.20000076293945,52.38999938964844,29.685840606689453,5074700
2006-05-01,52.5099983215332,52.95000076293945,52.130001068115234,29.33803367614746,3264700
2006-05-02,52.20000076293945,52.349998474121094,51.880001068115234,29.130481719970703,3541800
2006-05-03,51.959999084472656,52.22999954223633,51.849998474121094,29.147321701049805,3703600
2006-05-04,52.279998779296875,52.29999923706055,51.029998779296875,29.180980682373047,7296600
2006-05-05,52.41999816894531,53.04999923706055,52.040000915527344,29.697052001953125,3183900
2006-05-08,52.650001525878906,53.31999969482422,52.5099983215332,29.680240631103516,5091300
2006-05-09,52.75,52.84000015258789,51.959999084472656,29.276338577270508,3852000
2006-05-10,52.38999938964844,52.52000045776367,51.77000045776367,29.203418731689453,5319400
2006-05-11,51.459999084472656,51.9900016784668,51.04999923706055,28.898155212402344,6208300
2006-05-12,51.099998474121094,51.470001220703125,50.2599983215332,28.51373291015625,5770400
2006-05-15,50.5,51.810001373291016,50.45000076293945,29.265594482421875,5137100
2006-05-16,51.91999816894531,52.20000076293945,51,29.28256607055664,2970400
2006-05-17,51.45000076293945,52,50.650001525878906,28.83031463623047,4560700
2006-05-18,50.91999816894531,51.41999816894531,50.65999984741211,28.694643020629883,2728900
2006-05-19,51.04999923706055,51.04999923706055,50.52000045776367,28.835954666137695,3808400
2006-05-22,50.599998474121094,51.29999923706055,50.599998474121094,28.638107299804688,3154000
2006-05-23,50.5099983215332,50.689998626708984,50.189998626708984,28.496793746948242,3252700
2006-05-24,50.43000030517578,50.95000076293945,50.29999923706055,28.683334350585938,4289700
2006-05-25,50.880001068115234,51.720001220703125,50.7400016784668,29.18080711364746,4321600
2006-05-26,51.97999954223633,52.5,51.90999984741211,29.548259735107422,2989000
2006-05-30,52.20000076293945,52.5,51.290000915527344,29.079057693481445,3169400
2006-05-31,51.540000915527344,51.720001220703125,51.02000045776367,29.192094802856445,3547100
2006-06-01,51.619998931884766,52.060001373291016,51.18000030517578,29.389963150024414,3185900
2006-06-02,51.95000076293945,52.439998626708984,51.77000045776367,29.412582397460938,3368000
2006-06-05,51.689998626708984,51.97999954223633,51.25,29.02817153930664,3717500
2006-06-06,51.599998474121094,51.65999984741211,50.83000183105469,28.91511344909668,3745700
2006-06-07,51.15999984741211,51.93000030517578,51.04999923706055,29.23168182373047,3955300
2006-06-08,51.400001525878906,51.810001373291016,50.88999938964844,29.259937286376953,5038800
2006-06-09,51.75,52.09000015258789,51.45000076293945,29.248641967773438,2365400
2006-06-12,52.279998779296875,52.36000061035156,51.560001373291016,29.17514419555664,3112300
2006-06-13,51.79999923706055,52.2400016784668,51.540000915527344,29.17514419555664,3847000
2006-06-14,52.25,53.40999984741211,52,30.05702018737793,6665000
2006-06-15,53.529998779296875,54.13999938964844,53.33000183105469,30.554489135742188,4846100
2006-06-16,53.91999816894531,54.41999816894531,53.900001525878906,30.667539596557617,4044700
2006-06-19,54.47999954223633,54.56999969482422,54.25,30.803218841552734,3272100
2006-06-20,54.45000076293945,55.08000183105469,54.400001525878906,31.029354095458984,3745100
2006-06-21,54.70000076293945,54.9900016784668,54.52000045776367,30.938879013061523,3382000
2006-06-22,54.709999084472656,54.86000061035156,54.34000015258789,30.859752655029297,2529600
2006-06-23,54.349998474121094,54.439998626708984,53.79999923706055,30.695798873901367,2652600
2006-06-26,54.09000015258789,54.38999938964844,53.83000183105469,30.746694564819336,1951900
2006-06-27,54.2400016784668,54.2400016784668,53.220001220703125,30.226612091064453,3313900
2006-06-28,53.5,53.779998779296875,53.25,30.209644317626953,2317300
2006-06-29,53.599998474121094,54.709999084472656,53.5,30.825824737548828,3866900
2006-06-30,54.540000915527344,55.65999984741211,54.400001525878906,31.244140625,4833000
2006-07-03,55.41999816894531,55.900001525878906,55.27000045776367,31.47592544555664,1312600
2006-07-05,56.209999084472656,56.66999816894531,56,31.78118133544922,5506200
2006-07-06,56.099998474121094,56.83000183105469,56.099998474121094,32.03557586669922,2662500
2006-07-07,56.7400016784668,56.970001220703125,56.02000045776367,31.792495727539062,2356100
2006-07-10,56.36000061035156,56.54999923706055,55.970001220703125,31.809444427490234,1547500
2006-07-11,55.88999938964844,56.209999084472656,55.36000061035156,31.617244720458984,2715500
2006-07-12,56.13999938964844,56.29999923706055,55.5,31.442005157470703,1804500
2006-07-13,55.869998931884766,55.939998626708984,54.56999969482422,31.0236873626709,3619300
2006-07-14,54.619998931884766,55.2599983215332,54.310001373291016,30.84278678894043,3346600
2006-07-17,54.61000061035156,55.15999984741211,54,30.978456497192383,2938700
2006-07-18,54.630001068115234,55.20000076293945,54.33000183105469,31.074552536010742,2287600
2006-07-19,55.060001373291016,56.540000915527344,55,31.70203971862793,4101700
2006-07-20,56.29999923706055,56.880001068115234,56.20000076293945,31.80379295349121,2591200
2006-07-21,56.290000915527344,56.290000915527344,54.27000045776367,30.89368438720703,8222200
2006-07-24,54.689998626708984,56.439998626708984,54.5099983215332,31.662477493286133,4400300
2006-07-25,56.52000045776367,56.52000045776367,55.52000045776367,31.402437210083008,5980900
2006-07-26,55.25,55.72999954223633,55,31.385475158691406,3714200
2006-07-27,55.77000045776367,55.91999816894531,55.25,31.464611053466797,2258100
2006-07-28,55.9900016784668,57.18000030517578,55.900001525878906,32.171241760253906,4038300
2006-07-31,56.54999923706055,56.84000015258789,56.380001068115234,32.09209442138672,2980400
2006-08-01,56.400001525878906,56.68000030517578,55.90999984741211,31.820756912231445,2742800
2006-08-02,56.630001068115234,57.470001220703125,56.06999969482422,32.18254089355469,3771900
2006-08-03,56.900001525878906,57.439998626708984,56.56999969482422,32.01860427856445,2470100
2006-08-04,56.70000076293945,57.4900016784668,55.939998626708984,31.809444427490234,3157400
2006-08-07,56.38999938964844,56.38999938964844,55.150001525878906,31.419391632080078,3235300
2006-08-08,55.79999923706055,55.81999969482422,55.0099983215332,31.176326751708984,2725400
2006-08-09,55.439998626708984,56.060001373291016,54.849998474121094,31.091520309448242,3701100
2006-08-10,55.08000183105469,55.5099983215332,54.75,31.255447387695312,3845800
2006-08-11,54.81999969482422,54.869998931884766,53.83000183105469,30.953659057617188,2738300
2006-08-14,54.560001373291016,54.88999938964844,54.310001373291016,30.987821578979492,2694600
2006-08-15,55.119998931884766,55.47999954223633,54.810001373291016,31.48322868347168,2718200
2006-08-16,55.72999954223633,55.869998931884766,55.439998626708984,31.63697052001953,2322500
2006-08-17,55.36000061035156,56.09000015258789,55.2400016784668,31.85905647277832,2972600
2006-08-18,55.099998474121094,55.15999984741211,53.93000030517578,31.335174560546875,6831300
2006-08-21,55,55.290000915527344,54.65999984741211,31.249765396118164,2789800
2006-08-22,54.75,54.97999954223633,54.400001525878906,31.30671501159668,2566300
2006-08-23,55.18000030517578,55.459999084472656,54.77000045776367,31.346561431884766,2418500
2006-08-24,55.04999923706055,55.52000045776367,54.95000076293945,31.45474624633789,2289400
2006-08-25,54.91999816894531,55.099998474121094,54.650001525878906,31.352258682250977,2255000
2006-08-28,54.9900016784668,56.25,54.9900016784668,31.79640769958496,2783800
2006-08-29,55.970001220703125,56.400001525878906,55.900001525878906,31.950149536132812,3289200
2006-08-30,56.11000061035156,56.310001373291016,55.790000915527344,31.921676635742188,3539300
2006-08-31,56.150001525878906,56.189998626708984,55.93000030517578,31.847652435302734,2628600
2006-09-01,56,56.189998626708984,55.58000183105469,31.88751220703125,3722400
2006-09-05,56.220001220703125,56.2400016784668,55.43000030517578,31.728073120117188,2510300
2006-09-06,55.5,55.529998779296875,54.959999084472656,31.53447151184082,2813900
2006-09-07,55.380001068115234,55.439998626708984,54.720001220703125,31.24405860900879,2080100
2006-09-08,55.06999969482422,55.52000045776367,54.650001525878906,31.46613311767578,2339300
2006-09-11,54.900001525878906,55.220001220703125,53.970001220703125,30.896718978881836,7760100
2006-09-12,54.849998474121094,55.560001373291016,54.709999084472656,31.40350914001465,7589300
2006-09-13,55.38999938964844,55.630001068115234,54.900001525878906,31.437664031982422,4589700
2006-09-14,54.79999923706055,55.18000030517578,54.79999923706055,31.312397003173828,4584300
2006-09-15,55.2400016784668,55.4900016784668,54.470001220703125,31.204204559326172,18261400
2006-09-18,54.779998779296875,55.36000061035156,54.779998779296875,31.40350914001465,4754500
2006-09-19,55.29999923706055,55.29999923706055,54.70000076293945,31.32948112487793,3144800
2006-09-20,55.400001525878906,56.04999923706055,55.08000183105469,31.74515724182129,4909800
2006-09-21,56.20000076293945,56.61000061035156,55.810001373291016,31.870426177978516,4653100
2006-09-22,55.70000076293945,55.9900016784668,55.400001525878906,31.847652435302734,2513100
2006-09-25,56.099998474121094,56.83000183105469,55.72999954223633,32.217777252197266,4091400
2006-09-26,56.70000076293945,57.060001373291016,56.20000076293945,32.371517181396484,4049900
2006-09-27,56.619998931884766,57.20000076293945,56.59000015258789,32.46263122558594,3003700
2006-09-28,57.310001373291016,57.349998474121094,56.72999954223633,32.639137268066406,2709800
2006-09-29,56,57.25,55.779998779296875,32.4569206237793,6465300
2006-10-02,56.810001373291016,57.13999938964844,56.5099983215332,32.33735275268555,3143500
2006-10-03,56.79999923706055,57.2400016784668,56.560001373291016,32.2804069519043,2891200
2006-10-04,56.5,57.939998626708984,56.5,32.79859161376953,6750400
2006-10-05,57.599998474121094,57.900001525878906,57.189998626708984,32.889686584472656,3671800
2006-10-06,57.459999084472656,57.68000030517578,57.08000183105469,32.77580261230469,3339200
2006-10-09,57.38999938964844,57.72999954223633,57.279998779296875,32.74732208251953,1518000
2006-10-10,57.38999938964844,57.560001373291016,56.81999969482422,32.59928894042969,2821600
2006-10-11,57.08000183105469,57.2400016784668,56.72999954223633,32.491092681884766,3794300
2006-10-12,57.060001373291016,57.75,57,32.770111083984375,4319400
2006-10-13,57.22999954223633,57.45000076293945,57.02000045776367,32.667625427246094,2776600
2006-10-16,57.369998931884766,57.83000183105469,57.25,32.8327522277832,2493300
2006-10-17,57.459999084472656,58,57.02000045776367,32.770111083984375,3237000
2006-10-18,57.7400016784668,58.47999954223633,57.68000030517578,33.168704986572266,4699800
2006-10-19,57.25,58.209999084472656,56.81999969482422,32.7359504699707,6121600
2006-10-20,57.459999084472656,57.52000045776367,56.52000045776367,32.59360122680664,4776100
2006-10-23,56.869998931884766,58.04999923706055,56.75,32.97510528564453,3885100
2006-10-24,57.54999923706055,57.83000183105469,57.380001068115234,32.901084899902344,3748200
2006-10-25,57.7400016784668,57.900001525878906,57.27000045776367,32.7359504699707,3309300
2006-10-26,57.220001220703125,57.75,56.810001373291016,32.6220703125,3936400
2006-10-27,56.900001525878906,57.349998474121094,56.59000015258789,32.4740104675293,4214000
2006-10-30,56.90999984741211,57.119998931884766,56.29999923706055,32.06973648071289,3780700
2006-10-31,56.59000015258789,56.65999984741211,55.939998626708984,31.89320945739746,3847000
2006-11-01,56.25,56.34000015258789,55.63999938964844,31.881816864013672,5348100
2006-11-02,56,56.63999938964844,55.95000076293945,32.09819412231445,5291100
2006-11-03,56.20000076293945,56.439998626708984,55.95000076293945,31.93305206298828,3159700
2006-11-06,56.08000183105469,56.709999084472656,55.88999938964844,32.269020080566406,3601000
2006-11-07,56.75,57.47999954223633,56.52000045776367,32.445552825927734,5023700
2006-11-08,56.45000076293945,56.709999084472656,55.720001220703125,32.16082763671875,5708300
2006-11-09,56.310001373291016,56.349998474121094,54.59000015258789,31.24405860900879,11254400
2006-11-10,54.869998931884766,55.09000015258789,53.939998626708984,30.828386306762695,5895200
2006-11-13,53.869998931884766,54.439998626708984,53.61000061035156,31.0119571685791,5647000
2006-11-14,54.22999954223633,54.22999954223633,53.36000061035156,30.891504287719727,7396500
2006-11-15,54,54.58000183105469,53.810001373291016,31.189796447753906,6522900
2006-11-16,53.70000076293945,54.79999923706055,53.70000076293945,31.298786163330078,5852800
2006-11-17,54.560001373291016,55,54.29999923706055,31.293039321899414,6100500
2006-11-20,54.25,54.59000015258789,53.93000030517578,31.195524215698242,4203900
2006-11-21,54.15999984741211,54.380001068115234,53.650001525878906,31.006221771240234,5901500
2006-11-22,53.849998474121094,54.25,53.79999923706055,30.994735717773438,3452500
2006-11-24,53.900001525878906,54.290000915527344,53.779998779296875,30.920175552368164,1668000
2006-11-27,53.810001373291016,54.060001373291016,53.38999938964844,30.736600875854492,4973300
2006-11-28,53.380001068115234,54.27000045776367,53.380001068115234,30.81690216064453,4695800
2006-11-29,53.939998626708984,54.34000015258789,53.75,31.0004940032959,3561100
2006-11-30,53.939998626708984,54.209999084472656,53.45000076293945,30.742341995239258,4946800
2006-12-01,53.45000076293945,53.720001220703125,53.2400016784668,30.63335609436035,4248000
2006-12-04,53.59000015258789,54.060001373291016,53.29999923706055,30.994735717773438,4569700
2006-12-05,54.22999954223633,54.790000915527344,53.689998626708984,31.379112243652344,5445100
2006-12-06,54.43000030517578,54.91999816894531,54.099998474121094,31.47088623046875,4757900
2006-12-07,54.099998474121094,54.599998474121094,53.83000183105469,30.9717960357666,5768500
2006-12-08,53.79999923706055,54.119998931884766,53.599998474121094,30.9775447845459,4338200
2006-12-11,53.900001525878906,54.15999984741211,53.75,30.966075897216797,3309800
2006-12-12,54.08000183105469,54.130001068115234,53.54999923706055,30.920175552368164,3704000
2006-12-13,54.189998626708984,54.20000076293945,53.47999954223633,30.799705505371094,4259400
2006-12-14,53.59000015258789,54.18000030517578,53.59000015258789,30.960317611694336,3035200
2006-12-15,53.9900016784668,54.56999969482422,53.7599983215332,31.27583885192871,6476300
2006-12-18,53.58000183105469,54.04999923706055,52.93000030517578,30.535825729370117,10482100
2006-12-19,52.880001068115234,53,52.34000015258789,30.185895919799805,8798300
2006-12-20,52.5,52.86000061035156,52.279998779296875,30.0596923828125,5643800
2006-12-21,52.119998931884766,52.400001525878906,51.689998626708984,29.709754943847656,7315800
2006-12-22,51.88999938964844,51.900001525878906,51.130001068115234,29.45734214782715,8505200
2006-12-26,51.400001525878906,52.79999923706055,51.25,29.704023361206055,12240000
2006-12-27,51.9900016784668,52.29999923706055,51.400001525878906,29.830219268798828,6117400
2006-12-28,51.779998779296875,52.08000183105469,51.709999084472656,29.835962295532227,3394100
2006-12-29,51.72999954223633,52.220001220703125,51.709999084472656,29.88758087158203,4311300
2007-01-03,52.45000076293945,52.880001068115234,51.91999816894531,29.973642349243164,10305500
2007-01-04,51.9900016784668,52.5099983215332,51.900001525878906,30.036731719970703,6827100
2007-01-05,52.52000045776367,52.58000183105469,51.869998931884766,29.853179931640625,4114400
2007-01-08,52.209999084472656,52.209999084472656,51.75,29.71549415588379,3804200
2007-01-09,52.040000915527344,52.099998474121094,51.75,29.732696533203125,6272000
2007-01-10,51.59000015258789,51.83000183105469,51.56999969482422,29.635177612304688,3400300
2007-01-11,51.7599983215332,52.33000183105469,51.65999984741211,29.962167739868164,4432200
2007-01-12,52.400001525878906,52.91999816894531,52.27000045776367,30.174413681030273,5533100
2007-01-16,52.79999923706055,52.900001525878906,52.5099983215332,30.335058212280273,4181300
2007-01-17,52.880001068115234,53.16999816894531,52.540000915527344,30.317834854125977,5018000
2007-01-18,52.599998474121094,53.209999084472656,52.599998474121094,30.426830291748047,3943000
2007-01-19,53.29999923706055,53.45000076293945,52.83000183105469,30.38092803955078,3837200
2007-01-22,52.56999969482422,53.119998931884766,52.52000045776367,30.248992919921875,5872300
2007-01-23,52.849998474121094,52.95000076293945,52.470001220703125,30.20309066772461,4397700
2007-01-24,52.7400016784668,53.400001525878906,52.68000030517578,30.593198776245117,3934000
2007-01-25,53.20000076293945,53.29999923706055,52.849998474121094,30.47845458984375,5061100
2007-01-26,53.04999923706055,53.45000076293945,52.599998474121094,30.283416748046875,3966100
2007-01-29,52.900001525878906,53,52.54999923706055,30.317834854125977,3472700
2007-01-30,52.869998931884766,53,52.599998474121094,30.248992919921875,2671200
2007-01-31,52.70000076293945,54.369998931884766,52.54999923706055,31.04637908935547,10521200
2007-02-01,54.650001525878906,55.040000915527344,54.5,31.419252395629883,6648100
2007-02-02,54.68000030517578,54.779998779296875,54.369998931884766,31.321733474731445,4973400
2007-02-05,54.43000030517578,54.720001220703125,54.029998779296875,31.361888885498047,5090500
2007-02-06,54.599998474121094,54.81999969482422,54.38999938964844,31.344688415527344,4486200
2007-02-07,54.70000076293945,54.779998779296875,54.34000015258789,31.218475341796875,4679100
2007-02-08,54.04999923706055,54.720001220703125,54.04999923706055,31.098005294799805,3124600
2007-02-09,54.20000076293945,54.70000076293945,54.11000061035156,31.109474182128906,3591600
2007-02-12,54.75,54.75,54.22999954223633,31.212738037109375,3300400
2007-02-13,54.38999938964844,54.5,54.04999923706055,31.38328742980957,3356500
2007-02-14,54.369998931884766,54.88999938964844,54.22999954223633,31.718645095825195,3773400
2007-02-15,54.849998474121094,55.11000061035156,54.75,31.776456832885742,3092000
2007-02-16,54.7599983215332,55.040000915527344,54.56999969482422,31.79380989074707,3680800
2007-02-20,55.029998779296875,55.20000076293945,54.7599983215332,31.782243728637695,3228800
2007-02-21,54.650001525878906,54.79999923706055,54.369998931884766,31.52206039428711,3370600
2007-02-22,54.599998474121094,54.599998474121094,54.0099983215332,31.302366256713867,3344100
2007-02-23,54,54.36000061035156,53.75,31.34282875061035,3380500
2007-02-26,54.459999084472656,54.65999984741211,54.25,31.452686309814453,3847900
2007-02-27,53.709999084472656,54.52000045776367,52.58000183105469,30.643239974975586,8073700
2007-02-28,53.52000045776367,53.52000045776367,52.29999923706055,30.406198501586914,7682500
2007-03-01,52.0099983215332,52.52000045776367,51.900001525878906,30.209609985351562,6262800
2007-03-02,52.13999938964844,52.189998626708984,51.709999084472656,29.93207359313965,6537200
2007-03-05,51.47999954223633,52.099998474121094,51.209999084472656,29.851146697998047,7562800
2007-03-06,51.75,52.279998779296875,51.560001373291016,30.198049545288086,5054300
2007-03-07,52.06999969482422,52.439998626708984,51.650001525878906,29.98412322998047,4844600
2007-03-08,52.11000061035156,52.38999938964844,52,30.273195266723633,3296500
2007-03-09,52.54999923706055,52.91999816894531,52.380001068115234,30.406198501586914,5052100
2007-03-12,52.38999938964844,53.040000915527344,52.25,30.527605056762695,3643200
2007-03-13,52.369998931884766,52.880001068115234,52,30.10552978515625,5432200
2007-03-14,52.2599983215332,52.29999923706055,51.349998474121094,30.007246017456055,5342900
2007-03-15,51.75,52.09000015258789,51.529998779296875,30.093961715698242,3769600
2007-03-16,52.150001525878906,52.41999816894531,51.790000915527344,30.169137954711914,6181800
2007-03-19,52.22999954223633,52.720001220703125,52.119998931884766,30.458215713500977,3265300
2007-03-20,52.599998474121094,52.880001068115234,52.380001068115234,30.51026153564453,3532300
2007-03-21,52.650001525878906,53.90999984741211,52.650001525878906,31.11733627319336,6668200
2007-03-22,53,54.279998779296875,53,31.319705963134766,4229700
2007-03-23,53.9900016784668,54.220001220703125,53.38999938964844,31.11156463623047,3956100
2007-03-26,53.4900016784668,53.959999084472656,53.20000076293945,31.05373764038086,5206300
2007-03-27,53.400001525878906,53.599998474121094,53.060001373291016,30.799345016479492,4548400
2007-03-28,53.279998779296875,53.349998474121094,52.619998931884766,30.649017333984375,5457700
2007-03-29,53.20000076293945,53.540000915527344,52.72999954223633,30.880285263061523,5333000
2007-03-30,53.5,54.08000183105469,53.20000076293945,31.05373764038086,3728100
2007-04-02,53.959999084472656,54.4900016784668,53.900001525878906,31.446908950805664,6021300
2007-04-03,54.150001525878906,54.91999816894531,54.11000061035156,31.65505027770996,4308200
2007-04-04,54.650001525878906,55.2400016784668,54.5,31.892086029052734,4346000
2007-04-05,55.150001525878906,55.619998931884766,55.060001373291016,32.077110290527344,2997000
2007-04-09,55.43000030517578,55.72999954223633,55.27000045776367,32.134925842285156,2295500
2007-04-10,55.41999816894531,55.72999954223633,55.34000015258789,32.192752838134766,2985200
2007-04-11,55.720001220703125,55.7400016784668,55.290000915527344,32.140708923339844,3776900
2007-04-12,55.599998474121094,56.09000015258789,55.5,32.34306716918945,4002300
2007-04-13,56.2400016784668,57,56.20000076293945,32.88655471801758,6485200
2007-04-16,57.70000076293945,58.47999954223633,57.0099983215332,33.76538848876953,10756500
2007-04-17,58.400001525878906,59.09000015258789,58.34000015258789,34.03711700439453,9278900
2007-04-18,58.560001373291016,59.36000061035156,58.45000076293945,34.193233489990234,6871500
2007-04-19,59.099998474121094,60.279998779296875,58.650001525878906,34.702022552490234,9921500
2007-04-20,60.34000015258789,61,60.04999923706055,35.01424026489258,9630000
2007-04-23,60.209999084472656,60.279998779296875,59.27000045776367,34.47654342651367,7704300
2007-04-24,59.02000045776367,59.5,58.900001525878906,34.2741813659668,5043500
2007-04-25,59.599998474121094,59.630001068115234,59.11000061035156,34.40715408325195,4655800
2007-04-26,58.880001068115234,59.880001068115234,58.880001068115234,34.53434371948242,6101200
2007-04-27,59.0099983215332,59.70000076293945,58.9900016784668,34.4649658203125,2967600
2007-04-30,59.97999954223633,59.97999954223633,58.93000030517578,34.187435150146484,5198200
2007-05-01,59.119998931884766,59.38999938964844,58.7599983215332,34.04867172241211,7409300
2007-05-02,59,59.4900016784668,58.77000045776367,34.20478439331055,4561500
2007-05-03,59.45000076293945,59.599998474121094,58.970001220703125,34.193233489990234,4140300
2007-05-04,59.09000015258789,59.7400016784668,58.91999816894531,34.42449188232422,6180400
2007-05-07,59.54999923706055,59.959999084472656,59.540000915527344,34.528564453125,4577200
2007-05-08,59.63999938964844,59.970001220703125,59.45000076293945,34.59217071533203,8457300
2007-05-09,59.58000183105469,59.779998779296875,59.38999938964844,34.54591751098633,4803800
2007-05-10,59.470001220703125,59.58000183105469,58.63999938964844,33.94461441040039,6166400
2007-05-11,58.709999084472656,58.709999084472656,57.900001525878906,34.029056549072266,7569800
2007-05-14,58.439998626708984,59.349998474121094,58.439998626708984,34.48332977294922,4713200
2007-05-15,59.16999816894531,59.599998474121094,59.08000183105469,34.50080108642578,4076700
2007-05-16,59.2599983215332,59.470001220703125,58.880001068115234,34.42508316040039,3938700
2007-05-17,58.70000076293945,59.16999816894531,58.66999816894531,34.37267303466797,2789700
2007-05-18,59.11000061035156,59.59000015258789,59,34.57651138305664,3042100
2007-05-21,59.400001525878906,59.88999938964844,59.189998626708984,34.72209930419922,6823500
2007-05-22,59.9900016784668,60,59.400001525878906,34.669708251953125,3095700
2007-05-23,59.52000045776367,59.75,59.290000915527344,34.593994140625,2914100
2007-05-24,59.900001525878906,59.900001525878906,59.08000183105469,34.47168731689453,3900900
2007-05-25,58.599998474121094,59.5,58.599998474121094,34.570682525634766,1821600
2007-05-29,59.29999923706055,59.540000915527344,58.79999923706055,34.62892532348633,3201700
2007-05-30,59.0099983215332,59.27000045776367,58.52000045776367,34.50080108642578,5105800
2007-05-31,59.25,59.38999938964844,58.380001068115234,34.13972091674805,5378500
2007-06-01,58.72999954223633,58.959999084472656,58.41999816894531,34.32609176635742,3851300
2007-06-04,58.939998626708984,59.22999954223633,58.7400016784668,34.45419692993164,4873700
2007-06-05,59.18000030517578,59.209999084472656,58.72999954223633,34.361019134521484,5278100
2007-06-06,58.75,59.189998626708984,58.150001525878906,33.9475212097168,5925400
2007-06-07,58.09000015258789,58.15999984741211,56.709999084472656,33.155479431152344,12166200
2007-06-08,56.810001373291016,57.150001525878906,56.400001525878906,33.20790481567383,6994900
2007-06-11,57.06999969482422,57.68000030517578,56.790000915527344,33.376773834228516,4952000
2007-06-12,56.880001068115234,57.279998779296875,56.59000015258789,33.068119049072266,4326900
2007-06-13,56.939998626708984,57.31999969482422,56.380001068115234,33.16129684448242,5704000
2007-06-14,57.04999923706055,57.77000045776367,56.79999923706055,33.417564392089844,4829700
2007-06-15,58,58.27000045776367,57.5099983215332,33.61555862426758,4939200
2007-06-18,57.720001220703125,58,57.220001220703125,33.435028076171875,3045200
2007-06-19,57.5099983215332,57.900001525878906,57.400001525878906,33.63302993774414,4120800
2007-06-20,57.58000183105469,57.93000030517578,56.689998626708984,33.06229782104492,4817200
2007-06-21,56.939998626708984,56.939998626708984,56.099998474121094,33.08558654785156,4107000
2007-06-22,56.65999984741211,56.77000045776367,55.58000183105469,32.49736785888672,5704300
2007-06-25,56.2400016784668,56.349998474121094,55.29999923706055,32.311012268066406,5931300
2007-06-26,55.84000015258789,56.08000183105469,55.380001068115234,32.538143157958984,4988000
2007-06-27,55.40999984741211,56.400001525878906,55.400001525878906,32.80021667480469,5067200
2007-06-28,56.369998931884766,56.70000076293945,56.099998474121094,32.718685150146484,3416800
2007-06-29,56.02000045776367,56.40999984741211,55.52000045776367,32.54397201538086,4410400
2007-07-02,56.2400016784668,56.72999954223633,56.099998474121094,33.03900146484375,3610900
2007-07-03,56.970001220703125,57,56.54999923706055,33.07394790649414,1495700
2007-07-05,56.81999969482422,56.959999084472656,56.40999984741211,32.93998718261719,2675700
2007-07-06,56.65999984741211,56.7599983215332,56.20000076293945,32.9865837097168,3312100
2007-07-09,56.779998779296875,56.880001068115234,55.9900016784668,32.637149810791016,5284200
2007-07-10,55.70000076293945,56.04999923706055,55.41999816894531,32.28770446777344,4202000
2007-07-11,55.290000915527344,55.81999969482422,55.150001525878906,32.47407913208008,3505200
2007-07-12,55.79999923706055,56.90999984741211,55.63999938964844,33.07394790649414,4293000
2007-07-13,57.099998474121094,57.150001525878906,56.529998779296875,33.149654388427734,2894100
2007-07-16,56.63999938964844,57.310001373291016,56.63999938964844,33.13218307495117,3603200
2007-07-17,56.65999984741211,56.79999923706055,56.20000076293945,32.84680938720703,4295800
2007-07-18,56.20000076293945,56.25,55.7599983215332,32.64297103881836,5418300
2007-07-19,56.209999084472656,56.4900016784668,55.810001373291016,32.83516311645508,4696900
2007-07-20,55.7599983215332,56.540000915527344,55.7599983215332,32.63133239746094,6857900
2007-07-23,56.41999816894531,57.27000045776367,56.29999923706055,33.29525375366211,5888100
2007-07-24,58.11000061035156,58.939998626708984,57.150001525878906,33.29525375366211,10908500
2007-07-25,57,58.7400016784668,57,34.03487014770508,7315500
2007-07-26,57.900001525878906,58.189998626708984,56.439998626708984,33.02152633666992,8365400
2007-07-27,56.4900016784668,56.599998474121094,55.0099983215332,32.04310989379883,6353800
2007-07-30,54.939998626708984,55.060001373291016,54.25,31.897520065307617,5848100
2007-07-31,55.20000076293945,55.25,53.970001220703125,31.501482009887695,8272900
2007-08-01,53.599998474121094,54.72999954223633,53.529998779296875,31.565547943115234,6246400
2007-08-02,54.22999954223633,54.91999816894531,54.06999969482422,31.798507690429688,5113400
2007-08-03,54.63999938964844,55.290000915527344,54.09000015258789,31.524782180786133,5586200
2007-08-06,54.27000045776367,56.27000045776367,54.130001068115234,32.74198532104492,7400000
2007-08-07,55.84000015258789,57.33000183105469,55.81999969482422,32.91670608520508,7510100
2007-08-08,56.790000915527344,58.43000030517578,56.599998474121094,34.0115966796875,6724600
2007-08-09,58.220001220703125,59.02000045776367,57.54999923706055,33.69127655029297,8511800
2007-08-10,58.369998931884766,58.599998474121094,56.810001373291016,33.289432525634766,8071300
2007-08-13,56.70000076293945,57.20000076293945,56.29999923706055,33.403846740722656,4004700
2007-08-14,57.04999923706055,57.04999923706055,55.209999084472656,32.52957534790039,5378900
2007-08-15,55.45000076293945,56.040000915527344,54.900001525878906,32.37702178955078,4974600
2007-08-16,54.56999969482422,55.13999938964844,53.68000030517578,32.17166519165039,8893600
2007-08-17,55.52000045776367,56.060001373291016,54.869998931884766,32.74666213989258,6827500
2007-08-20,55.790000915527344,56,54.90999984741211,32.64105224609375,4859100
2007-08-21,55.4900016784668,55.630001068115234,54.79999923706055,32.435699462890625,4815500
2007-08-22,55.790000915527344,55.84000015258789,55.02000045776367,32.70561218261719,4696500
2007-08-23,55.97999954223633,56,55.54999923706055,32.78188705444336,2757700
2007-08-24,55.91999816894531,56.61000061035156,55.5,33.21607208251953,5599500
2007-08-27,56.41999816894531,56.630001068115234,56.310001373291016,33.086997985839844,3104400
2007-08-28,56.27000045776367,56.5,55.83000183105469,32.916839599609375,5497400
2007-08-29,56.13999938964844,56.369998931884766,55.63999938964844,33.04593276977539,5931500
2007-08-30,56.04999923706055,56.93000030517578,55.93000030517578,33.25128173828125,4664500
2007-08-31,56.93000030517578,57.47999954223633,56.83000183105469,33.6502685546875,5654600
2007-09-04,57.33000183105469,58.220001220703125,57.09000015258789,34.107948303222656,5677500
2007-09-05,57.88999938964844,57.88999938964844,57.11000061035156,33.615074157714844,4765200
2007-09-06,57.599998474121094,57.720001220703125,57.119998931884766,33.70895004272461,4073700
2007-09-07,56.869998931884766,57.33000183105469,56.0099983215332,32.957908630371094,5972700
2007-09-10,56.619998931884766,56.650001525878906,55.79999923706055,32.940311431884766,4413200
2007-09-11,56.2599983215332,56.7599983215332,55.939998626708984,33.2102165222168,4067400
2007-09-12,56.45000076293945,57.13999938964844,56.279998779296875,33.47425842285156,4309900
2007-09-13,57.45000076293945,57.689998626708984,57.0099983215332,33.550533294677734,4756300
2007-09-14,56.91999816894531,57.16999816894531,56.560001373291016,33.339290618896484,4993000
2007-09-17,56.83000183105469,56.83000183105469,55.47999954223633,32.82883071899414,4384500
2007-09-18,56.119998931884766,57.25,55.88999938964844,33.52705383300781,4074900
2007-09-19,57.310001373291016,58,56.779998779296875,33.75588607788086,5495700
2007-09-20,57.529998779296875,57.650001525878906,57.08000183105469,33.491859436035156,3676300
2007-09-21,57.5,57.95000076293945,57.08000183105469,33.80870056152344,4892100
2007-09-24,57.88999938964844,58.18000030517578,57.2599983215332,33.75588607788086,3286500
2007-09-25,57.27000045776367,58,56.959999084472656,33.56813049316406,4537800
2007-09-26,57.54999923706055,58.0099983215332,57.31999969482422,33.67961883544922,5383700
2007-09-27,57.599998474121094,57.70000076293945,56.84000015258789,33.662010192871094,5710400
2007-09-28,57.18000030517578,57.43000030517578,56.7400016784668,33.403846740722656,4329200
2007-10-01,57.09000015258789,58.5,57.040000915527344,34.20182418823242,5629900
2007-10-02,58.380001068115234,58.56999969482422,57.959999084472656,34.278099060058594,2889400
2007-10-03,58.04999923706055,59.150001525878906,57.84000015258789,34.548011779785156,4101300
2007-10-04,58.900001525878906,59.41999816894531,58.900001525878906,34.59495162963867,4869200
2007-10-05,59.29999923706055,59.81999969482422,59.150001525878906,34.89418411254883,3760800
2007-10-08,59.27000045776367,59.40999984741211,58.90999984741211,34.61841583251953,2690300
2007-10-09,58.95000076293945,59.18000030517578,58.5,34.35438537597656,4175100
2007-10-10,58.529998779296875,58.88999938964844,58.20000076293945,34.266357421875,4350000
2007-10-11,58.41999816894531,58.869998931884766,58.189998626708984,34.237030029296875,5115700
2007-10-12,58.349998474121094,58.779998779296875,57.97999954223633,34.3426513671875,2865400
2007-10-15,58.619998931884766,58.81999969482422,57.83000183105469,33.99644470214844,5585000
2007-10-16,57.939998626708984,57.95000076293945,56.9900016784668,33.532920837402344,6512400
2007-10-17,57.380001068115234,57.810001373291016,56.599998474121094,33.41557312011719,6062200
2007-10-18,57.099998474121094,57.43000030517578,56.279998779296875,33.23955535888672,8366700
2007-10-19,56.40999984741211,57.16999816894531,55.869998931884766,32.893367767333984,5634500
2007-10-22,55.84000015258789,56.56999969482422,55.72999954223633,32.905094146728516,5161000
2007-10-23,56.40999984741211,57.130001068115234,56.11000061035156,33.521183013916016,4417300
2007-10-24,56.5,56.75,55.540000915527344,32.94617462158203,5975500
2007-10-25,52.150001525878906,53.0099983215332,51.79999923706055,30.763452529907227,22843100
2007-10-26,52.52000045776367,52.7599983215332,52.029998779296875,30.910131454467773,9437100
2007-10-29,52.709999084472656,54,52.709999084472656,31.403013229370117,9798600
2007-10-30,53.18000030517578,54.099998474121094,53.09000015258789,31.502771377563477,5856400
2007-10-31,53.83000183105469,54.41999816894531,53.29999923706055,31.772666931152344,9714200
2007-11-01,53.65999984741211,53.9900016784668,52.599998474121094,30.962963104248047,8103300
2007-11-02,53.09000015258789,53.5,52.52000045776367,30.90427589416504,11851300
2007-11-05,53.060001373291016,53.099998474121094,51.63999938964844,30.60502052307129,12322500
2007-11-06,52.20000076293945,52.63999938964844,52,30.792781829833984,7184400
2007-11-07,52.040000915527344,52.56999969482422,51.45000076293945,30.235368728637695,5961700
2007-11-08,51.59000015258789,51.970001220703125,51.16999816894531,30.288171768188477,8351900
2007-11-09,51.16999816894531,52.08000183105469,50.86000061035156,30.22365379333496,6833200
2007-11-12,51.52000045776367,52.91999816894531,51.25,30.804527282714844,6991600
2007-11-13,52.40999984741211,52.849998474121094,51.86000061035156,31.13874626159668,8527800
2007-11-14,52.75,53.58000183105469,52.599998474121094,31.36943817138672,6561200
2007-11-15,52.709999084472656,52.97999954223633,51.95000076293945,30.795650482177734,6006300
2007-11-16,52.310001373291016,52.599998474121094,51.36000061035156,30.64776611328125,6753200
2007-11-19,51.380001068115234,51.68000030517578,50.43000030517578,30.03256607055664,8647500
2007-11-20,50.95000076293945,50.9900016784668,49.869998931884766,29.78411293029785,6083400
2007-11-21,50.040000915527344,50.27000045776367,49.09000015258789,29.03877067565918,5995000
2007-11-23,49.93000030517578,50.81999969482422,49.52000045776367,30.044404983520508,2837200
2007-11-26,50.91999816894531,50.95000076293945,49.5,29.38187599182129,4981000
2007-11-27,49.83000183105469,51.099998474121094,49.58000183105469,30.115375518798828,6762700
2007-11-28,51.189998626708984,52.33000183105469,50.61000061035156,30.91396141052246,6086900
2007-11-29,51.9900016784668,53.11000061035156,51.849998474121094,31.227476119995117,6583800
2007-11-30,52.5099983215332,53.29999923706055,52.5099983215332,31.322113037109375,5926500
2007-12-03,52.810001373291016,52.95000076293945,52.209999084472656,31.07367706298828,4885700
2007-12-04,52.31999969482422,52.529998779296875,51.75,30.825225830078125,5450600
2007-12-05,52.70000076293945,53.790000915527344,52.349998474121094,31.641565322875977,4862700
2007-12-06,54.75,54.75,53.439998626708984,31.901824951171875,6523100
2007-12-07,54.54999923706055,54.650001525878906,53.720001220703125,32.120704650878906,4464800
2007-12-10,54.34000015258789,54.95000076293945,54.11000061035156,32.4046516418457,4606700
2007-12-11,54.7599983215332,55.34000015258789,54,31.9787540435791,5713500
2007-12-12,54.209999084472656,54.790000915527344,53.65999984741211,31.990564346313477,7299400
2007-12-13,53.709999084472656,54.27000045776367,53.4900016784668,32.049720764160156,5670200
2007-12-14,53.880001068115234,54.18000030517578,53.54999923706055,31.77168846130371,5029400
2007-12-17,53.4900016784668,53.93000030517578,52.959999084472656,31.458181381225586,4799000
2007-12-18,53.470001220703125,54.189998626708984,53.16999816894531,31.641565322875977,9406900
2007-12-19,53.38999938964844,53.7400016784668,52.709999084472656,31.458181381225586,6350400
2007-12-20,53.459999084472656,53.5,53.08000183105469,31.487754821777344,5556700
2007-12-21,53.599998474121094,54.29999923706055,53.400001525878906,32.079288482666016,7503300
2007-12-24,54.290000915527344,54.5,53.90999984741211,32.233089447021484,1468900
2007-12-26,54.209999084472656,54.38999938964844,53.970001220703125,32.12663269042969,2919600
2007-12-27,54.20000076293945,54.20000076293945,53.400001525878906,31.872262954711914,3369400
2007-12-28,53.72999954223633,54.150001525878906,53.709999084472656,31.97282600402832,3026600
2007-12-31,53.77000045776367,53.849998474121094,53.130001068115234,31.582401275634766,3970800
2008-01-02,53.459999084472656,53.779998779296875,52.209999084472656,31.085514068603516,5556800
2008-01-03,52.720001220703125,53.15999984741211,52.619998931884766,31.345775604248047,4513400
2008-01-04,52.540000915527344,52.83000183105469,51.68000030517578,30.641868591308594,6186500
2008-01-07,52.209999084472656,54.72999954223633,52.16999816894531,32.26858139038086,10376100
2008-01-08,54.81999969482422,57.220001220703125,54.40999984741211,33.161827087402344,12197900
2008-01-09,56.04999923706055,57.130001068115234,56.04999923706055,33.63505172729492,9577400
2008-01-10,56.54999923706055,57.119998931884766,56.06999969482422,33.6291389465332,6288300
2008-01-11,56.40999984741211,57.130001068115234,56.220001220703125,33.60546875,5360600
2008-01-14,57.220001220703125,57.52000045776367,56.88999938964844,33.8243522644043,5563800
2008-01-15,57,57.119998931884766,56.209999084472656,33.47533416748047,5884000
2008-01-16,56.29999923706055,57.16999816894531,55.93000030517578,33.16771697998047,7974400
2008-01-17,56.119998931884766,56.29999923706055,54.70000076293945,32.440128326416016,9679400
2008-01-18,54.689998626708984,55.099998474121094,53.400001525878906,31.77168846130371,10013600
2008-01-22,51.099998474121094,53,50.04999923706055,30.860736846923828,10933000
2008-01-23,50.7400016784668,52.209999084472656,50.209999084472656,30.866622924804688,8778300
2008-01-24,52.209999084472656,52.75,50.970001220703125,30.357913970947266,12998200
2008-01-25,51.720001220703125,51.75,50.369998931884766,30.01482391357422,9579100
2008-01-28,50.84000015258789,51.630001068115234,50.560001373291016,30.405235290527344,7076500
2008-01-29,52.91999816894531,52.91999816894531,52.02000045776367,30.94353485107422,9264300
2008-01-30,52.20000076293945,52.349998474121094,51.20000076293945,30.37565803527832,7358300
2008-01-31,50.65999984741211,51.77000045776367,50.41999816894531,30.399316787719727,9969700
2008-02-01,51.220001220703125,52.5,51.220001220703125,30.55904197692871,7374800
2008-02-04,51.66999816894531,52.369998931884766,51.369998931884766,30.80748748779297,4836400
2008-02-05,51.27000045776367,52,51.119998931884766,30.31058692932129,5440700
2008-02-06,51.4900016784668,51.779998779296875,50.84000015258789,30.405235290527344,4101300
2008-02-07,51.220001220703125,51.560001373291016,50.56999969482422,30.298770904541016,7153300
2008-02-08,51.04999923706055,51.04999923706055,50,29.713136672973633,4524200
2008-02-11,50.16999816894531,50.349998474121094,49.689998626708984,29.713136672973633,4222500
2008-02-12,50.630001068115234,51.22999954223633,50.29999923706055,30.180448532104492,5217700
2008-02-13,51.29999923706055,51.29999923706055,50.16999816894531,30.05507469177246,6503400
2008-02-14,50.25,50.34000015258789,49.599998474121094,29.84014320373535,5213600
2008-02-15,49.77000045776367,50.95000076293945,49.630001068115234,30.34166145324707,6480400
2008-02-19,50.959999084472656,51.25,50.150001525878906,30.03118133544922,5914800
2008-02-20,49.959999084472656,50.40999984741211,49.5,30.072986602783203,4290300
2008-02-21,50.63999938964844,50.79999923706055,49.63999938964844,29.74460792541504,5465000
2008-02-22,51.310001373291016,51.310001373291016,49.63999938964844,30.15656280517578,9059000
2008-02-25,50.439998626708984,51.38999938964844,50.22999954223633,30.628219604492188,5266900
2008-02-26,51.04999923706055,52.5099983215332,51.04999923706055,31.31482696533203,8059900
2008-02-27,52.040000915527344,52.33000183105469,51.54999923706055,30.944671630859375,3648600
2008-02-28,50.36000061035156,51.22999954223633,50.04999923706055,30.407333374023438,4396800
2008-02-29,50.470001220703125,50.709999084472656,49.66999816894531,29.86402702331543,6902600
2008-03-03,50.04999923706055,50.2599983215332,49.75,29.96552085876465,4099700
2008-03-04,49.81999969482422,50.220001220703125,49.7400016784668,29.85805320739746,5862500
2008-03-05,50.0099983215332,50.619998931884766,49.86000061035156,30.102828979492188,4520500
2008-03-06,50.08000183105469,50.25,49.650001525878906,29.66102409362793,4446400
2008-03-07,49.65999984741211,50.2400016784668,49.380001068115234,29.672971725463867,7275600
2008-03-10,49.70000076293945,50.810001373291016,49.029998779296875,29.505794525146484,7032700
2008-03-11,50.43000030517578,50.70000076293945,49.72999954223633,30.204341888427734,7442200
2008-03-12,50.599998474121094,50.720001220703125,49.65999984741211,29.720726013183594,5878900
2008-03-13,49.189998626708984,49.68000030517578,48.560001373291016,29.350568771362305,6655300
2008-03-14,49.41999816894531,49.41999816894531,47.33000183105469,28.5445613861084,8428300
2008-03-17,46.72999954223633,49.2400016784668,46.599998474121094,29.17741584777832,6847300
2008-03-18,49.52000045776367,49.91999816894531,48.79999923706055,29.8043212890625,5392200
2008-03-19,49.540000915527344,51.310001373291016,49.540000915527344,29.834169387817383,5758900
2008-03-20,50.040000915527344,50.04999923706055,49.16999816894531,29.756559371948242,9166300
2008-03-24,49.939998626708984,50.18000030517578,49.58000183105469,29.911766052246094,5791500
2008-03-25,50.02000045776367,50.689998626708984,49.9900016784668,29.953582763671875,4567500
2008-03-26,50.0099983215332,50.400001525878906,49.56999969482422,29.96552085876465,6626700
2008-03-27,50.2599983215332,50.83000183105469,50.2599983215332,30.10880470275879,4940700
2008-03-28,50.58000183105469,51.08000183105469,50.150001525878906,30.02522850036621,5339600
2008-03-31,50.220001220703125,51.779998779296875,50.13999938964844,30.801380157470703,8754500
2008-04-01,51.720001220703125,52.16999816894531,51.529998779296875,31.064083099365234,7230400
2008-04-02,52.04999923706055,52.20000076293945,51.439998626708984,30.902873992919922,5531500
2008-04-03,51.58000183105469,51.970001220703125,51.11000061035156,30.926742553710938,5075100
2008-04-04,51.779998779296875,52.939998626708984,51.599998474121094,31.21333122253418,5583800
2008-04-07,52.7599983215332,53.400001525878906,52.08000183105469,31.679025650024414,6127900
2008-04-08,52.75,52.91999816894531,52.099998474121094,31.225261688232422,4895400
2008-04-09,52.220001220703125,52.47999954223633,51.650001525878906,30.90884017944336,5090400
2008-04-10,51.66999816894531,52.75,51.66999816894531,31.279003143310547,5458600
2008-04-11,52.369998931884766,52.369998931884766,51.70000076293945,31.004365921020508,5346600
2008-04-14,51.97999954223633,52.08000183105469,51.560001373291016,30.938695907592773,4800300
2008-04-15,52,52.08000183105469,51.33000183105469,30.777498245239258,5602300
2008-04-16,52.029998779296875,52.63999938964844,51.66999816894531,31.374544143676758,4301400
2008-04-17,52.290000915527344,52.529998779296875,51.25,30.68196678161621,6928500
2008-04-18,51.900001525878906,52.209999084472656,51.459999084472656,31.087942123413086,6223600
2008-04-21,50.70000076293945,50.75,49.43000030517578,29.607284545898438,10138800
2008-04-22,49.59000015258789,49.59000015258789,48.2599983215332,29.28488540649414,8526100
2008-04-23,49.13999938964844,49.86000061035156,48.9900016784668,29.368480682373047,6545200
2008-04-24,49.15999984741211,49.4900016784668,48.54999923706055,29.27892303466797,4447000
2008-04-25,49.18000030517578,49.959999084472656,49.11000061035156,29.469974517822266,4609500
2008-04-28,49.54999923706055,49.63999938964844,49.150001525878906,29.469974517822266,4912900
2008-04-29,49.29999923706055,49.29999923706055,47.86000061035156,28.723670959472656,8559000
2008-04-30,48.29999923706055,48.93000030517578,47.959999084472656,28.741567611694336,6142000
2008-05-01,48.16999816894531,49.720001220703125,48.150001525878906,29.684904098510742,6267500
2008-05-02,49.88999938964844,49.900001525878906,49.2400016784668,29.481916427612305,3656500
2008-05-05,49.2599983215332,49.2599983215332,48.689998626708984,29.249073028564453,3459400
2008-05-06,48.709999084472656,48.959999084472656,48.310001373291016,29.105783462524414,4277900
2008-05-07,48.689998626708984,49.130001068115234,48.54999923706055,29.046066284179688,5504600
2008-05-08,48.91999816894531,48.970001220703125,48.25,28.914716720581055,5302100
2008-05-09,48.439998626708984,48.439998626708984,47.7599983215332,28.8072509765625,4293400
2008-05-12,48.400001525878906,48.97999954223633,48.25,29.111745834350586,3542100
2008-05-13,47.66999816894531,48.52000045776367,47.5,28.66563606262207,5367300
2008-05-14,47.66999816894531,48.31999969482422,47.54999923706055,29.11776351928711,4371500
2008-05-15,48.41999816894531,48.7599983215332,47.90999984741211,29.340822219848633,5194300
2008-05-16,49.849998474121094,49.849998474121094,48.54999923706055,29.509620666503906,5196200
2008-05-19,48.9900016784668,49.689998626708984,48.86000061035156,29.85929298400879,3779600
2008-05-20,49.38999938964844,49.77000045776367,48.7599983215332,29.515674591064453,4133300
2008-05-21,49.13999938964844,49.349998474121094,48.029998779296875,28.997215270996094,4681500
2008-05-22,48.36000061035156,48.790000915527344,47.869998931884766,29.226274490356445,3106100
2008-05-23,48.459999084472656,48.459999084472656,47.54999923706055,28.677690505981445,3602800
2008-05-27,47.68000030517578,48.040000915527344,47.61000061035156,28.90074348449707,2989600
2008-05-28,48.099998474121094,48.279998779296875,47.5,28.846487045288086,3520700
2008-05-29,47.72999954223633,48.91999816894531,47.72999954223633,29.298625946044922,6290000
2008-05-30,48.720001220703125,48.720001220703125,48,29.02132225036621,4057000
2008-06-02,48.279998779296875,48.36000061035156,47.40999984741211,28.689735412597656,5930600
2008-06-03,47.849998474121094,48.459999084472656,47.45000076293945,29.105731964111328,7263300
2008-06-04,48.619998931884766,49.599998474121094,48.619998931884766,29.563879013061523,7408800
2008-06-05,49.63999938964844,49.81999969482422,48.880001068115234,29.817073822021484,7863000
2008-06-06,49.349998474121094,49.349998474121094,48.38999938964844,29.19012451171875,7811900
2008-06-09,48.77000045776367,48.77000045776367,47.79999923706055,29.045429229736328,6420500
2008-06-10,47.75,48.45000076293945,47.5,28.90074348449707,5166200
2008-06-11,47.810001373291016,48.25,47.25,28.59329605102539,4056400
2008-06-12,47.65999984741211,48.31999969482422,47.54999923706055,28.756061553955078,4595400
2008-06-13,47.91999816894531,48.369998931884766,47.91999816894531,29.1358585357666,4298900
2008-06-16,47.91999816894531,48.33000183105469,47.189998626708984,28.846487045288086,5568600
2008-06-17,48.06999969482422,48.599998474121094,47.7400016784668,28.804292678833008,3432300
2008-06-18,47.70000076293945,48,46.900001525878906,28.31597900390625,4217600
2008-06-19,47.040000915527344,48.029998779296875,46.630001068115234,28.810327529907227,8223400
2008-06-20,47.34000015258789,48.279998779296875,46.72999954223633,28.291866302490234,7423900
2008-06-23,47.040000915527344,47.7400016784668,47.0099983215332,28.69577980041504,5380100
2008-06-24,46.959999084472656,47.099998474121094,45.970001220703125,28.297903060913086,9260400
2008-06-25,47.029998779296875,47.470001220703125,46.79999923706055,28.334074020385742,6017500
2008-06-26,46.560001373291016,46.810001373291016,45.959999084472656,27.743270874023438,6517300
2008-06-27,46,46.310001373291016,45.56999969482422,27.496091842651367,7417900
2008-06-30,45.77000045776367,46.54999923706055,45.36000061035156,27.827655792236328,5417100
2008-07-01,45.66999816894531,46.439998626708984,45.52000045776367,27.791505813598633,6454400
2008-07-02,46.099998474121094,46.689998626708984,45.90999984741211,27.785484313964844,4656100
2008-07-03,46.400001525878906,47.099998474121094,46.310001373291016,28.32201385498047,4530900
2008-07-07,46.90999984741211,47.119998931884766,45.91999816894531,27.857803344726562,6096900
2008-07-08,46.18000030517578,48.619998931884766,46.099998474121094,29.2142391204834,9372800
2008-07-09,48.61000061035156,49.459999084472656,48.2400016784668,29.15997314453125,6500100
2008-07-10,48.279998779296875,48.93000030517578,47.540000915527344,29.033374786376953,7374800
2008-07-11,47.52000045776367,48.029998779296875,46.93000030517578,28.737974166870117,4538900
2008-07-14,48.150001525878906,48.61000061035156,47.95000076293945,28.942941665649414,5716100
2008-07-15,47.540000915527344,48.34000015258789,47.540000915527344,29.003238677978516,8184600
2008-07-16,48.31999969482422,48.5,47.72999954223633,29.105731964111328,6356300
2008-07-17,48.20000076293945,48.54999923706055,47.29999923706055,29.166004180908203,6514900
2008-07-18,48.31999969482422,48.54999923706055,47.5,28.882659912109375,6421400
2008-07-21,47.970001220703125,48.130001068115234,46.91999816894531,28.442575454711914,4741700
2008-07-22,46.91999816894531,47.290000915527344,46.5099983215332,28.171279907226562,6668400
2008-07-23,47,47.689998626708984,46.79999923706055,28.707843780517578,5608500
2008-07-24,47.939998626708984,48.5,47.22999954223633,28.936920166015625,4949200
2008-07-25,47.720001220703125,48.45000076293945,47.25,28.822385787963867,4200200
2008-07-28,47.81999969482422,48.45000076293945,47.529998779296875,28.707843780517578,5131200
2008-07-29,47.68000030517578,48.68000030517578,47.4900016784668,29.093658447265625,5535600
2008-07-30,48.56999969482422,49.119998931884766,46.95000076293945,28.58124542236328,7426300
2008-07-31,47.20000076293945,47.630001068115234,46.849998474121094,28.40038299560547,4931800
2008-08-01,47.11000061035156,47.47999954223633,46.56999969482422,28.35819435119629,4329200
2008-08-04,46.90999984741211,47.689998626708984,46.90999984741211,28.5571231842041,4751900
2008-08-05,47.86000061035156,48,47.2400016784668,28.810327529907227,6486100
2008-08-06,47.22999954223633,48.369998931884766,47.22999954223633,28.936920166015625,3519600
2008-08-07,47.65999984741211,48.400001525878906,47.22999954223633,28.683717727661133,4596900
2008-08-08,47.529998779296875,48.58000183105469,47.279998779296875,29.244375228881836,4158800
2008-08-11,48.5,49.54999923706055,48.099998474121094,29.56991195678711,6115800
2008-08-12,49.189998626708984,49.779998779296875,48.849998474121094,29.69048500061035,6038100
2008-08-13,48.90999984741211,48.90999984741211,48.08000183105469,29.44702911376953,4955000
2008-08-14,48.0099983215332,49.119998931884766,47.93000030517578,29.422672271728516,4706200
2008-08-15,48.5,49.20000076293945,48.5,29.69047737121582,4611400
2008-08-18,48.810001373291016,48.81999969482422,47.81999969482422,29.246164321899414,6245500
2008-08-19,47.68000030517578,48.13999938964844,47.25,29.09398651123047,5448700
2008-08-20,47.83000183105469,47.90999984741211,47.189998626708984,28.856609344482422,4545100
2008-08-21,47.47999954223633,47.47999954223633,46.56999969482422,28.71053123474121,4161600
2008-08-22,47.209999084472656,48.150001525878906,47.09000015258789,29.233983993530273,5134400
2008-08-25,47.90999984741211,48.630001068115234,47.310001373291016,28.923564910888672,3940300
2008-08-26,47.4900016784668,47.779998779296875,46.83000183105469,28.619237899780273,3370600
2008-08-27,46.9900016784668,47.4900016784668,46.459999084472656,28.527938842773438,5520100
2008-08-28,47.060001373291016,47.369998931884766,46.65999984741211,28.552289962768555,4285500
2008-08-29,46.68000030517578,47.02000045776367,46.61000061035156,28.394023895263672,4765200
2008-09-02,47.209999084472656,47.61000061035156,46.41999816894531,28.40011978149414,5241900
2008-09-03,46.65999984741211,47.4900016784668,46.22999954223633,28.552289962768555,4425900
2008-09-04,46.79999923706055,46.900001525878906,45.95000076293945,28.053199768066406,4714400
2008-09-05,45.970001220703125,46.099998474121094,45.119998931884766,27.65755844116211,5127800
2008-09-08,46.310001373291016,46.86000061035156,45.529998779296875,28.40619468688965,5790600
2008-09-09,46.209999084472656,47.880001068115234,46.209999084472656,28.27838706970215,7821600
2008-09-10,46.560001373291016,47.36000061035156,46.5,28.442720413208008,6101700
2008-09-11,46.2599983215332,46.84000015258789,45.939998626708984,28.43663787841797,4722200
2008-09-12,46.470001220703125,46.849998474121094,46.189998626708984,28.363595962524414,4271700
2008-09-15,45.849998474121094,46.7400016784668,45.66999816894531,28.022754669189453,5313600
2008-09-16,45.27000045776367,45.599998474121094,44.470001220703125,27.547990798950195,10048900
2008-09-17,44.70000076293945,45.63999938964844,43.810001373291016,26.732389450073242,7175900
2008-09-18,44.36000061035156,45.720001220703125,43.869998931884766,27.6453857421875,9917400
2008-09-19,46.0099983215332,47.34000015258789,44.900001525878906,28.418394088745117,11996600
2008-09-22,46.56999969482422,47.130001068115234,45.66999816894531,27.937541961669922,5783900
2008-09-23,46.09000015258789,46.22999954223633,45.400001525878906,27.83407211303711,7878100
2008-09-24,45.779998779296875,46.5099983215332,45.400001525878906,28.20534896850586,7240700
2008-09-25,46.56999969482422,47.720001220703125,46.22999954223633,28.363595962524414,9338200
2008-09-26,46.16999816894531,47.060001373291016,45.7599983215332,28.49750328063965,5769900
2008-09-29,44.709999084472656,46.04999923706055,43.40999984741211,26.732389450073242,9791500
2008-09-30,44.880001068115234,44.970001220703125,42.880001068115234,26.79934310913086,8438800
2008-10-01,43.58000183105469,44.439998626708984,43.400001525878906,26.5924072265625,6340200
2008-10-02,43.689998626708984,43.93000030517578,42.439998626708984,25.898523330688477,6564400
2008-10-03,43.099998474121094,43.099998474121094,41.2400016784668,25.14378547668457,9396200
2008-10-06,40.63999938964844,40.70000076293945,37.09000015258789,23.38475227355957,18989200
2008-10-07,39.52000045776367,39.970001220703125,38.52000045776367,23.500394821166992,12466300
2008-10-08,38.7400016784668,39.5,37.65999984741211,23.068262100219727,8946200
2008-10-09,37.58000183105469,37.849998474121094,32.439998626708984,20.219717025756836,13833900
2008-10-10,31.959999084472656,33.38999938964844,29.25,19.087610244750977,15866600
2008-10-13,32.5099983215332,36,32.20000076293945,21.826581954956055,8286200
2008-10-14,37.2400016784668,37.560001373291016,34.56999969482422,21.266616821289062,10643400
2008-10-15,34.650001525878906,34.9900016784668,31.93000030517578,19.80582618713379,10602700
2008-10-16,32.689998626708984,34.65999984741211,31.5,20.925762176513672,10297900
2008-10-17,33.290000915527344,34.119998931884766,32.13999938964844,19.59888458251953,9160900
2008-10-20,32.560001373291016,34.099998474121094,31.770000457763672,20.755338668823242,9049300
2008-10-21,33.709999084472656,34.63999938964844,33.04999923706055,20.49970054626465,7733000
2008-10-22,33.61000061035156,33.630001068115234,31.399999618530273,19.54410171508789,6671900
2008-10-23,33.9900016784668,34,31.260000228881836,20.37796974182129,8729300
2008-10-24,31.989999771118164,32.79999923706055,31.139999389648438,19.312814712524414,7224100
2008-10-27,31.299999237060547,32.599998474121094,30.399999618530273,18.5032958984375,7526900
2008-10-28,31.06999969482422,33.470001220703125,29.899999618530273,20.317100524902344,8334900
2008-10-29,33.31999969482422,33.66999816894531,31.829999923706055,19.49540901184082,9180200
2008-10-30,32.970001220703125,33.099998474121094,32.2599983215332,19.982345581054688,7363200
2008-10-31,32.630001068115234,34.54999923706055,32.630001068115234,20.58491325378418,6874800
2008-11-03,34.439998626708984,34.540000915527344,33.540000915527344,20.700559616088867,4801900
2008-11-04,34.75,35.63999938964844,33.650001525878906,21.394441604614258,7786900
2008-11-05,34.7400016784668,35.43000030517578,33.54999923706055,20.548397064208984,5858400
2008-11-06,33.88999938964844,34.16999816894531,32.599998474121094,20.006690979003906,6447300
2008-11-07,32.88999938964844,34.369998931884766,32.88999938964844,20.816205978393555,4023900
2008-11-10,34.77000045776367,35.5,34.40999984741211,21.224010467529297,5806900
2008-11-11,34.72999954223633,35.25,33.630001068115234,20.67621421813965,4962000
2008-11-12,33.25,33.41999816894531,31.850000381469727,19.744245529174805,6160700
2008-11-13,32.2400016784668,34.5,31.760000228881836,21.058879852294922,13039100
2008-11-14,32.779998779296875,33.88999938964844,32.04999923706055,19.787446975708008,8113700
2008-11-17,31.709999084472656,32.93000030517578,31.5,19.830642700195312,6436700
2008-11-18,32.900001525878906,33.34000015258789,31.540000915527344,20.57745933532715,6581300
2008-11-19,33.15999984741211,33.970001220703125,31.100000381469727,19.386260986328125,7163500
2008-11-20,31.229999542236328,32.25,29.59000015258789,18.46046257019043,7966700
2008-11-21,30.229999542236328,30.56999969482422,28.6200008392334,18.78140640258789,9947500
2008-11-24,30.899999618530273,32.7599983215332,30.510000228881836,19.79979133605957,7845200
2008-11-25,32.900001525878906,33.36000061035156,31.829999923706055,20.244173049926758,6495500
2008-11-26,32.41999816894531,32.93000030517578,31.829999923706055,20.28738021850586,5886700
2008-11-28,33.060001373291016,34.5,33.060001373291016,21.077392578125,2736300
2008-12-01,33.31999969482422,33.400001525878906,30.6299991607666,19.2072811126709,6326300
2008-12-02,31.540000915527344,33.290000915527344,31.5,20.48487663269043,6817900
2008-12-03,32.56999969482422,35.08000183105469,32.02000045776367,21.583494186401367,7760000
2008-12-04,34.540000915527344,34.880001068115234,33.54999923706055,20.916921615600586,6856500
2008-12-05,33.689998626708984,35.25,32.560001373291016,21.564983367919922,7571000
2008-12-08,35.68000030517578,35.849998474121094,34.29999923706055,21.51561164855957,6885000
2008-12-09,34.400001525878906,35.099998474121094,34.34000015258789,21.33661651611328,4471700
2008-12-10,34.93000030517578,35.58000183105469,34.63999938964844,21.60818099975586,4854200
2008-12-11,35.88999938964844,36.59000015258789,35.20000076293945,21.984676361083984,8004200
2008-12-12,34.81999969482422,36.5,34.599998474121094,22.47226905822754,6637400
2008-12-15,36.40999984741211,36.63999938964844,34.900001525878906,21.79950714111328,5728500
2008-12-16,35.63999938964844,37.34000015258789,35.540000915527344,22.966028213500977,6155900
2008-12-17,36.709999084472656,37.31999969482422,36.27000045776367,22.79937171936035,4963700
2008-12-18,37.209999084472656,37.91999816894531,36.47999954223633,22.756179809570312,6650000
2008-12-19,37.970001220703125,38.77000045776367,37,23.614078521728516,10252500
2008-12-22,38.20000076293945,38.4900016784668,36.630001068115234,23.0462646484375,5046400
2008-12-23,38.060001373291016,38.5,37.40999984741211,23.13884925842285,4237500
2008-12-24,38,38.08000183105469,37.5,23.33017349243164,1237100
2008-12-26,37.95000076293945,38.099998474121094,37.810001373291016,23.441280364990234,1614000
2008-12-29,38.08000183105469,38.5,37.63999938964844,23.749874114990234,4001000
2008-12-30,38.709999084472656,39.77000045776367,38.709999084472656,24.48433494567871,4743600
2008-12-31,39.66999816894531,40.5,39.380001068115234,24.854663848876953,4735100
2009-01-02,40.380001068115234,40.779998779296875,39.29999923706055,25.03982925415039,6022900
2009-01-05,40.54999923706055,40.560001373291016,39.06999969482422,24.354726791381836,6854500
2009-01-06,39.63999938964844,39.7599983215332,38.5099983215332,24.42262077331543,8975000
2009-01-07,39.060001373291016,39.459999084472656,38.38999938964844,23.83626937866211,6365600
2009-01-08,38.439998626708984,38.90999984741211,37.900001525878906,23.953556060791016,5627000
2009-01-09,38.810001373291016,38.810001373291016,38.029998779296875,23.749874114990234,5937400
2009-01-12,38.459999084472656,38.75,37.90999984741211,23.533851623535156,5199200
2009-01-13,38.25,38.68000030517578,37.90999984741211,23.774559020996094,5301400
2009-01-14,38.34000015258789,38.369998931884766,37.099998474121094,23.12649917602539,6557100
2009-01-15,37.41999816894531,37.630001068115234,36.279998779296875,23.175874710083008,4957200
2009-01-16,38.040000915527344,38.40999984741211,37.290000915527344,23.533851623535156,5443900
2009-01-20,37.91999816894531,38.7599983215332,37.22999954223633,23.077133178710938,9442300
2009-01-21,37.880001068115234,38.70000076293945,37.22999954223633,23.60174560546875,6836000
2009-01-22,37.630001068115234,38.34000015258789,37.15999984741211,23.33017349243164,5547800
2009-01-23,37.20000076293945,37.63999938964844,36.84000015258789,23.095632553100586,6228600
2009-01-26,37.650001525878906,38.4900016784668,37.25,23.1882266998291,6766000
2009-01-27,37.84000015258789,38.900001525878906,37.689998626708984,23.830101013183594,5403700
2009-01-28,39,39.20000076293945,38.380001068115234,24.12635612487793,5368700
2009-01-29,38.63999938964844,39.150001525878906,37.7400016784668,23.435100555419922,6473900
2009-01-30,38.709999084472656,38.709999084472656,36.27000045776367,22.725332260131836,9599100
2009-02-02,36.529998779296875,37.61000061035156,36.20000076293945,23.003061294555664,5505000
2009-02-03,37.689998626708984,39.150001525878906,36.869998931884766,23.879472732543945,9611300
2009-02-04,39.220001220703125,39.25,37.79999923706055,23.459781646728516,7416500
2009-02-05,37.790000915527344,38.29999923706055,37.25,23.552364349365234,5051300
2009-02-06,37.83000183105469,38.7400016784668,37.83000183105469,23.564716339111328,4978300
2009-02-09,38.220001220703125,38.22999954223633,37.400001525878906,23.527677536010742,4132900
2009-02-10,38,38.400001525878906,36.7599983215332,22.79937171936035,5721900
2009-02-11,37.130001068115234,37.20000076293945,36.459999084472656,22.968265533447266,4244400
2009-02-12,36.18000030517578,36.61000061035156,35.380001068115234,22.730579376220703,6098300
2009-02-13,36.150001525878906,36.47999954223633,35.380001068115234,22.161375045776367,6020700
2009-02-17,34.720001220703125,35.11000061035156,34.27000045776367,21.629709243774414,7399900
2009-02-18,34.7599983215332,34.7599983215332,34.11000061035156,21.51711654663086,5916800
2009-02-19,34.650001525878906,34.86000061035156,34.31999969482422,21.567150115966797,4240600
2009-02-20,33.880001068115234,34.130001068115234,32.93000030517578,20.79153823852539,8361100
2009-02-23,33.65999984741211,33.83000183105469,32.2599983215332,20.20982551574707,5545100
2009-02-24,32.40999984741211,32.97999954223633,32.060001373291016,20.585124969482422,7345600
2009-02-25,32.790000915527344,33.040000915527344,32.11000061035156,20.366199493408203,6943800
2009-02-26,32.97999954223633,32.97999954223633,31,19.415441513061523,12135600
2009-02-27,30.3700008392334,30.729999542236328,29.3799991607666,18.377119064331055,9522900
2009-03-02,28.549999237060547,28.850000381469727,27.65999984741211,17.357561111450195,13436000
2009-03-03,28.079999923706055,28.510000228881836,27.219999313354492,17.19492530822754,9488100
2009-03-04,28.200000762939453,28.8700008392334,27.270000457763672,17.826679229736328,8865100
2009-03-05,27.889999389648438,28.389999389648438,27.209999084472656,17.182422637939453,9028200
2009-03-06,27.649999618530273,28.229999542236328,27.450000762939453,17.501413345336914,8700000
2009-03-09,27.729999542236328,28.670000076293945,27.469999313354492,17.49516487121582,8635800
2009-03-10,28.6299991607666,29.760000228881836,28.329999923706055,18.589778900146484,10124700
2009-03-11,30.010000228881836,30.09000015258789,28.670000076293945,18.04560089111328,9624700
2009-03-12,28.850000381469727,30.1299991607666,28.75,18.783687591552734,6359600
2009-03-13,30.229999542236328,31.049999237060547,30.09000015258789,19.165246963500977,6790500
2009-03-16,30.84000015258789,31.739999771118164,30.739999771118164,19.271568298339844,6624300
2009-03-17,30.959999084472656,31.760000228881836,30.520000457763672,19.865798950195312,5031600
2009-03-18,32.45000076293945,33.099998474121094,31.950000762939453,20.328664779663086,6519000
2009-03-19,32.619998931884766,32.77000045776367,31.520000457763672,19.909578323364258,5170900
2009-03-20,31.899999618530273,32.90999984741211,31.899999618530273,20.359943389892578,10262000
2009-03-23,33.279998779296875,34.09000015258789,33.02000045776367,21.32320785522461,6611700
2009-03-24,33.61000061035156,34.310001373291016,33.16999816894531,20.747751235961914,8487800
2009-03-25,33.36000061035156,33.869998931884766,32.86000061035156,20.972925186157227,7747900
2009-03-26,33.7400016784668,34.290000915527344,33.38999938964844,21.404525756835938,7407000
2009-03-27,33.83000183105469,34.15999984741211,33.560001373291016,21.11054039001465,5461800
2009-03-30,32.029998779296875,32.97999954223633,32.029998779296875,20.541339874267578,7106400
2009-03-31,33.20000076293945,33.880001068115234,32.599998474121094,20.897872924804688,6702000
2009-04-01,33.029998779296875,33.93000030517578,32.59000015258789,21.129310607910156,5483400
2009-04-02,34.40999984741211,34.40999984741211,33.560001373291016,21.204360961914062,6665800
2009-04-03,33.529998779296875,33.75,32.52000045776367,20.647668838500977,7122500
2009-04-06,32.75,33.34000015258789,32.38999938964844,20.541339874267578,6618900
2009-04-07,31.81999969482422,32.13999938964844,30.90999984741211,19.94086265563965,6031800
2009-04-08,31.959999084472656,32.529998779296875,31.600000381469727,20.228588104248047,5226900
2009-04-09,33.02000045776367,33.79999923706055,32.36000061035156,20.416240692138672,4984200
2009-04-13,32.33000183105469,32.79999923706055,32.27000045776367,20.372453689575195,3405300
2009-04-14,32.75,32.75,31.979999542236328,20.109743118286133,5248600
2009-04-15,32.09000015258789,32.959999084472656,32,20.522571563720703,6155300
2009-04-16,32.970001220703125,33.459999084472656,32.43000030517578,20.810300827026367,4967300
2009-04-17,33.2599983215332,34.04999923706055,33.189998626708984,21.11054039001465,6670400
2009-04-20,33.68000030517578,34.43000030517578,32.91999816894531,20.635162353515625,9799300
2009-04-21,33.41999816894531,33.68000030517578,32.7400016784668,20.854084014892578,6409700
2009-04-22,33.11000061035156,33.34000015258789,32.459999084472656,20.478792190551758,11129900
2009-04-23,32.529998779296875,32.95000076293945,32.029998779296875,20.566354751586914,8591400
2009-04-24,33,33.65999984741211,32.849998474121094,20.647668838500977,8328100
2009-04-27,32.9900016784668,33.5,32.75,20.722732543945312,4168700
2009-04-28,33.06999969482422,33.689998626708984,32.959999084472656,20.766515731811523,7663500
2009-04-29,33.45000076293945,33.72999954223633,32.959999084472656,20.866600036621094,6750000
2009-04-30,33.86000061035156,33.88999938964844,32.83000183105469,20.591373443603516,8283200
2009-05-01,32.91999816894531,33.58000183105469,32.619998931884766,20.947906494140625,5411900
2009-05-04,33.41999816894531,33.9900016784668,33.27000045776367,21.148082733154297,5363100
2009-05-05,34.5,34.790000915527344,33.95000076293945,21.604684829711914,8330900
2009-05-06,35.0099983215332,35.22999954223633,34.060001373291016,21.535865783691406,5696700
2009-05-07,34.72999954223633,35.959999084472656,34.529998779296875,22.424074172973633,11236400
2009-05-08,36.31999969482422,36.650001525878906,35.75,22.486637115478516,7172300
2009-05-11,35.619998931884766,35.88999938964844,35.040000915527344,22.111331939697266,6339100
2009-05-12,35.599998474121094,36.27000045776367,35.310001373291016,22.455360412597656,6427600
2009-05-13,35.08000183105469,36.04999923706055,34.810001373291016,22.290485382080078,6042000
2009-05-14,35.220001220703125,35.439998626708984,35,22.27145767211914,4647400
2009-05-15,35.099998474121094,35.16999816894531,34.04999923706055,21.669008255004883,6176500
2009-05-18,34.41999816894531,34.75,34.0099983215332,21.986080169677734,5553400
2009-05-19,34.810001373291016,34.849998474121094,34.34000015258789,21.89730453491211,4369900
2009-05-20,34.86000061035156,35.22999954223633,34.5,22.02413558959961,4780800
2009-05-21,35.119998931884766,35.119998931884766,34.18000030517578,21.954381942749023,5217100
2009-05-22,34.630001068115234,34.77000045776367,34.13999938964844,21.776823043823242,3339200
2009-05-26,34.22999954223633,34.91999816894531,34.04999923706055,22.100236892700195,3952900
2009-05-27,34.84000015258789,35.029998779296875,33.58000183105469,21.35193634033203,5193700
2009-05-28,33.66999816894531,34.119998931884766,33.56999969482422,21.42168617248535,4498700
2009-05-29,33.849998474121094,34.599998474121094,33.599998474121094,21.92266845703125,4873200
2009-06-01,34.88999938964844,35.060001373291016,34.279998779296875,21.973405838012695,5319700
2009-06-02,34.5,35.34000015258789,34.400001525878906,22.227069854736328,5291500
2009-06-03,34.75,34.869998931884766,34.29999923706055,21.94169044494629,5278000
2009-06-04,34.650001525878906,34.84000015258789,34,21.802181243896484,4666600
2009-06-05,34.540000915527344,34.810001373291016,33.970001220703125,22.04950523376465,5526000
2009-06-08,34.79999923706055,34.810001373291016,33.70000076293945,21.62462043762207,5648700
2009-06-09,33.95000076293945,34.369998931884766,33.5099983215332,21.504131317138672,4052000
2009-06-10,34.119998931884766,34.220001220703125,33.599998474121094,21.504131317138672,4738700
2009-06-11,33.939998626708984,34.900001525878906,33.939998626708984,21.802181243896484,6347400
2009-06-12,34.38999938964844,34.84000015258789,34.06999969482422,21.7451114654541,5266200
2009-06-15,33.9900016784668,33.9900016784668,32.939998626708984,20.901683807373047,7087900
2009-06-16,33.13999938964844,33.529998779296875,32.779998779296875,20.914363861083984,6471600
2009-06-17,32.9900016784668,33.810001373291016,32.9900016784668,21.19974136352539,5062500
2009-06-18,33.439998626708984,34.18000030517578,33.29999923706055,21.466081619262695,4871900
2009-06-19,34.08000183105469,34.279998779296875,33.599998474121094,21.37729835510254,6932400
2009-06-22,33.400001525878906,33.400001525878906,32.779998779296875,21.066572189331055,7991300
2009-06-23,33.25,33.7599983215332,33.150001525878906,21.282180786132812,5840100
2009-06-24,33.68000030517578,33.970001220703125,33.36000061035156,21.313888549804688,6134000
2009-06-25,33.380001068115234,35.40999984741211,33.25,22.404626846313477,12777400
2009-06-26,35.20000076293945,35.470001220703125,34.02000045776367,22.372928619384766,18743900
2009-06-29,35.29999923706055,35.29999923706055,34.529998779296875,22.214384078979492,6993100
2009-06-30,35.029998779296875,35.220001220703125,34.31999969482422,21.967069625854492,6700100
2009-07-01,34.7599983215332,35.2400016784668,34.63999938964844,22.169994354248047,5269200
2009-07-02,34.709999084472656,34.709999084472656,33.900001525878906,21.497785568237305,4492900
2009-07-06,33.68000030517578,33.970001220703125,33.27000045776367,21.28851890563965,6241500
2009-07-07,33.560001373291016,33.880001068115234,33.29999923706055,21.237781524658203,6003900
2009-07-08,33.040000915527344,33.93000030517578,33.040000915527344,21.193391799926758,5880000
2009-07-09,33.5,33.58000183105469,32.880001068115234,20.927053451538086,5492500
2009-07-10,32.849998474121094,33.91999816894531,32.75,21.129974365234375,13989200
2009-07-13,33.400001525878906,33.45000076293945,32.189998626708984,20.882659912109375,13187100
2009-07-14,32.810001373291016,33.029998779296875,32.599998474121094,20.869976043701172,9884200
2009-07-15,33.0099983215332,33.560001373291016,32.630001068115234,21.237781524658203,7363900
2009-07-16,33.369998931884766,33.90999984741211,33.369998931884766,21.40900421142578,6020100
2009-07-17,33.709999084472656,33.72999954223633,33.220001220703125,21.263153076171875,4388500
2009-07-20,33.7599983215332,33.93000030517578,33.13999938964844,21.383638381958008,6245200
2009-07-21,34.11000061035156,34.529998779296875,33.959999084472656,21.846574783325195,6772300
2009-07-22,34.849998474121094,34.869998931884766,33.779998779296875,21.42803192138672,9882600
2009-07-23,34.060001373291016,34.540000915527344,33.79999923706055,21.73876953125,6543100
2009-07-24,34.13999938964844,34.7599983215332,33.81999969482422,21.992429733276367,7136100
2009-07-27,34.81999969482422,35.150001525878906,34.5099983215332,22.290485382080078,4740800
2009-07-28,35.0099983215332,35.31999969482422,34.52000045776367,22.23975372314453,4896400
2009-07-29,34.9900016784668,35.27000045776367,34.61000061035156,22.131938934326172,4125500
2009-07-30,35.220001220703125,35.650001525878906,34.90999984741211,22.227069854736328,4579700
2009-07-31,35.0099983215332,35.40999984741211,34.880001068115234,22.125600814819336,5893600
2009-08-03,35.33000183105469,35.630001068115234,34.56999969482422,22.169994354248047,5663700
2009-08-04,34.88999938964844,35.060001373291016,34.61000061035156,22.23341178894043,4364800
2009-08-05,35.13999938964844,35.27000045776367,34.5,22.005117416381836,4805900
2009-08-06,34.77000045776367,34.790000915527344,34.34000015258789,21.82755470275879,4453200
2009-08-07,34.7400016784668,35.060001373291016,34.56999969482422,22.125600814819336,5257700
2009-08-10,33.970001220703125,34,33.68000030517578,21.45339584350586,9479700
2009-08-11,33.939998626708984,34.029998779296875,33.529998779296875,21.35193634033203,6293700
2009-08-12,33.400001525878906,33.41999816894531,32.900001525878906,21.197494506835938,7475700
2009-08-13,32.91999816894531,33.150001525878906,32.38999938964844,21.152448654174805,6266000
2009-08-14,32.90999984741211,32.970001220703125,32.400001525878906,21.158878326416016,3817300
2009-08-17,32.72999954223633,32.939998626708984,32.45000076293945,21.049476623535156,4247000
2009-08-18,32.22999954223633,33.0099983215332,32.22999954223633,21.133140563964844,5479500
2009-08-19,32.34000015258789,32.95000076293945,32.34000015258789,21.203920364379883,5936900
2009-08-20,33.15999984741211,33.27000045776367,32.81999969482422,21.332624435424805,4443900
2009-08-21,33.20000076293945,33.84000015258789,33.20000076293945,21.525684356689453,5728300
2009-08-24,33.56999969482422,33.900001525878906,33.380001068115234,21.70587158203125,5603000
2009-08-25,33.7599983215332,34.150001525878906,33.72999954223633,21.795961380004883,5369100
2009-08-26,33.7400016784668,34.150001525878906,33.599998474121094,21.65438461303711,5392700
2009-08-27,33.58000183105469,34.150001525878906,33.58000183105469,21.950408935546875,6200500
2009-08-28,34.11000061035156,34.220001220703125,33.380001068115234,21.62220573425293,8660000
2009-08-31,33.310001373291016,33.810001373291016,33.310001373291016,21.532121658325195,5819100
2009-09-01,33.29999923706055,33.54999923706055,32.7400016784668,21.158878326416016,7084900
2009-09-02,32.75,33.11000061035156,32.650001525878906,21.242534637451172,7142100
2009-09-03,32.970001220703125,33.029998779296875,32.470001220703125,21.00442886352539,5838000
2009-09-04,32.68000030517578,33,32.63999938964844,21.236101150512695,4159700
2009-09-08,33.20000076293945,33.25,32.63999938964844,21.1267032623291,5376900
2009-09-09,32.77000045776367,33.150001525878906,32.720001220703125,21.158878326416016,6195400
2009-09-10,33.16999816894531,33.20000076293945,32.75,21.120271682739258,5942400
2009-09-11,32.88999938964844,33.130001068115234,32.66999816894531,21.120271682739258,7281700
2009-09-14,33.31999969482422,33.33000183105469,33.0099983215332,21.319759368896484,8473700
2009-09-15,33.22999954223633,33.22999954223633,32.709999084472656,21.075227737426758,7476100
2009-09-16,32.86000061035156,32.95000076293945,32.68000030517578,21.152448654174805,6122600
2009-09-17,32.79999923706055,32.959999084472656,32.68000030517578,21.06878662109375,7067600
2009-09-18,33,33.06999969482422,32.83000183105469,21.146007537841797,9311900
2009-09-21,33,33.029998779296875,32.75,21.146007537841797,4607600
2009-09-22,32.939998626708984,33.02000045776367,32.689998626708984,21.08808708190918,6737400
2009-09-23,32.849998474121094,32.849998474121094,32.45000076293945,20.882171630859375,6428500
2009-09-24,32.56999969482422,32.72999954223633,32.29999923706055,20.849992752075195,6937400
2009-09-25,32.380001068115234,32.869998931884766,32.380001068115234,21.03017234802246,6311700
2009-09-28,32.72999954223633,33.349998474121094,32.72999954223633,21.2618408203125,5600500
2009-09-29,33.18000030517578,33.54999923706055,32.91999816894531,21.50637435913086,9277100
2009-09-30,33.52000045776367,33.52000045776367,32.75,21.255403518676758,6579000
2009-10-01,32.970001220703125,33.029998779296875,32.599998474121094,21.010873794555664,6639300
2009-10-02,32.5,32.650001525878906,32.29999923706055,20.9207763671875,5759000
2009-10-05,32.61000061035156,32.65999984741211,32.27000045776367,20.895036697387695,5052900
2009-10-06,32.650001525878906,33.18000030517578,32.52000045776367,21.248973846435547,4829000
2009-10-07,33,33.119998931884766,32.849998474121094,21.313323974609375,5456500
2009-10-08,33.22999954223633,33.52000045776367,33.189998626708984,21.4677677154541,5007700
2009-10-09,33.38999938964844,33.88999938964844,33.13999938964844,21.738040924072266,5442700
2009-10-12,33.900001525878906,34.060001373291016,33.75,21.795961380004883,4233800
2009-10-13,33.810001373291016,33.849998474121094,33.29999923706055,21.4677677154541,5376800
2009-10-14,33.59000015258789,34.08000183105469,33.380001068115234,21.828134536743164,6773600
2009-10-15,33.790000915527344,34.5099983215332,33.75,22.201379776000977,6888400
2009-10-16,34.2599983215332,34.58000183105469,34.2599983215332,22.162763595581055,6747500
2009-10-19,34.720001220703125,35.54999923706055,34.560001373291016,22.70332908630371,9515500
2009-10-20,35.189998626708984,35.630001068115234,34.84000015258789,22.677581787109375,12117400
2009-10-21,35.400001525878906,35.5099983215332,33.47999954223633,21.660823822021484,17840300
2009-10-22,33.970001220703125,34.130001068115234,33.45000076293945,21.943967819213867,10035000
2009-10-23,34.22999954223633,34.279998779296875,33.79999923706055,21.8538761138916,7867500
2009-10-26,34.04999923706055,34.400001525878906,33.72999954223633,21.821704864501953,8003700
2009-10-27,34,34.43000030517578,33.880001068115234,21.995454788208008,6637400
2009-10-28,34.15999984741211,34.369998931884766,34,21.879621505737305,7898000
2009-10-29,34.150001525878906,34.150001525878906,33.70000076293945,21.969715118408203,7201100
2009-10-30,34.06999969482422,34.33000183105469,33.70000076293945,21.886051177978516,8669400
2009-11-02,34.189998626708984,34.189998626708984,33.81999969482422,21.91179847717285,7000200
2009-11-03,33.900001525878906,34,33.380001068115234,21.583600997924805,7223300
2009-11-04,33.81999969482422,34.380001068115234,33.650001525878906,21.866748809814453,5766000
2009-11-05,34.13999938964844,34.599998474121094,34.0099983215332,22.15632438659668,4852300
2009-11-06,34.38999938964844,34.529998779296875,34.15999984741211,22.201379776000977,9027300
2009-11-09,34.7599983215332,35.380001068115234,34.61000061035156,22.72905158996582,5819100
2009-11-10,34.75,35.34000015258789,34.689998626708984,23.00314712524414,6043400
2009-11-11,35.310001373291016,35.400001525878906,34.86000061035156,22.96399688720703,6164200
2009-11-12,35.02000045776367,35.400001525878906,34.90999984741211,22.826955795288086,5226600
2009-11-13,35.09000015258789,35.52000045776367,34.95000076293945,23.074934005737305,5019100
2009-11-16,35.38999938964844,36.060001373291016,35.25,23.420791625976562,7371200
2009-11-17,35.88999938964844,35.95000076293945,35.58000183105469,23.453418731689453,4780700
2009-11-18,36,36.220001220703125,35.529998779296875,23.629615783691406,5744200
2009-11-19,36.06999969482422,36.209999084472656,35.2599983215332,23.57088279724121,7071700
2009-11-20,36.040000915527344,36.70000076293945,36,23.877586364746094,7319900
2009-11-23,36.630001068115234,37.18000030517578,36.630001068115234,24.01462745666504,5129200
2009-11-24,36.88999938964844,37.400001525878906,36.720001220703125,24.340913772583008,8028200
2009-11-25,37.439998626708984,37.540000915527344,37.20000076293945,24.406177520751953,5113500
2009-11-27,36.90999984741211,37.040000915527344,36.459999084472656,24.079885482788086,3040500
2009-11-30,36.97999954223633,37,36.56999969482422,23.968950271606445,6680700
2009-12-01,36.81999969482422,37.47999954223633,36.66999816894531,24.203874588012695,6762200
2009-12-02,37.09000015258789,37.65999984741211,37.09000015258789,24.477954864501953,6618300
2009-12-03,37.4900016784668,37.9900016784668,37.310001373291016,24.406177520751953,6362400
2009-12-04,37.7599983215332,38,37.25,24.399648666381836,5001100
2009-12-07,37.43000030517578,37.779998779296875,37.029998779296875,24.19082260131836,5677300
2009-12-08,37.02000045776367,37.33000183105469,36.439998626708984,23.82538604736328,7180900
2009-12-09,36.5,36.75,36.22999954223633,23.858003616333008,6549500
2009-12-10,35.790000915527344,36.040000915527344,34.7599983215332,22.853052139282227,21928200
2009-12-11,35.2400016784668,35.38999938964844,34.470001220703125,22.820423126220703,12559000
2009-12-14,35.2400016784668,35.810001373291016,35.11000061035156,23.244596481323242,6539000
2009-12-15,35.58000183105469,35.790000915527344,35.22999954223633,23.32943344116211,6072400
2009-12-16,35.939998626708984,36.060001373291016,35.709999084472656,23.303325653076172,7272500
2009-12-17,35.68000030517578,35.7599983215332,35.31999969482422,23.133657455444336,5318600
2009-12-18,35.47999954223633,35.779998779296875,35.33000183105469,23.30984878540039,9838300
2009-12-21,35.849998474121094,36.529998779296875,35.720001220703125,23.649187088012695,6356000
2009-12-22,36.43000030517578,36.68000030517578,35.959999084472656,23.56435775756836,5231200
2009-12-23,36.349998474121094,36.470001220703125,35.88999938964844,23.453418731689453,5578300
2009-12-24,36,36.099998474121094,35.79999923706055,23.544776916503906,1410500
2009-12-28,36.189998626708984,36.349998474121094,35.9900016784668,23.629615783691406,3104000
2009-12-29,36.209999084472656,36.36000061035156,35.9900016784668,23.49909782409668,3629300
2009-12-30,35.849998474121094,36.16999816894531,35.81999969482422,23.603504180908203,3457600
2009-12-31,36.099998474121094,36.150001525878906,35.65999984741211,23.303325653076172,4821400
2010-01-04,35.77000045776367,36.349998474121094,35.77000045776367,23.375110626220703,6067100
2010-01-05,35.900001525878906,35.90999984741211,34.93000030517578,22.96399688720703,7517100
2010-01-06,35.2400016784668,35.529998779296875,35.2400016784668,23.133657455444336,7661600
2010-01-07,35.4900016784668,35.560001373291016,35.150001525878906,23.01619529724121,5997100
2010-01-08,35.279998779296875,35.279998779296875,34.84000015258789,22.84000015258789,5624400
2010-01-11,35.09000015258789,35.560001373291016,35.09000015258789,23.153236389160156,4793400
2010-01-12,35.349998474121094,35.599998474121094,35.209999084472656,23.074934005737305,4700800
2010-01-13,35.349998474121094,36,35.27000045776367,23.39467430114746,5320900
2010-01-14,35.75,36,35.75,23.492570877075195,6417300
2010-01-15,36,36.11000061035156,35.43000030517578,23.375110626220703,6519600
2010-01-19,35.9900016784668,37.91999816894531,35.90999984741211,24.412694931030273,17795600
2010-01-20,37.400001525878906,37.720001220703125,36.65999984741211,24.340913772583008,8851200
2010-01-21,37.27000045776367,37.47999954223633,36,23.56435775756836,11022600
2010-01-22,36.09000015258789,36.40999984741211,35.459999084472656,23.179336547851562,7247500
2010-01-25,35.849998474121094,36.02000045776367,35.529998779296875,23.32943344116211,6499400
2010-01-26,35.959999084472656,36.2400016784668,35.77000045776367,23.596988677978516,7128400
2010-01-27,36.15999984741211,36.41999816894531,35.900001525878906,23.74707794189453,7009700
2010-01-28,35.90999984741211,36.0099983215332,35.27000045776367,23.32943344116211,9423500
2010-01-29,35.939998626708984,35.939998626708984,35.130001068115234,22.970518112182617,9281900
2010-02-01,35.36000061035156,35.689998626708984,34.849998474121094,22.84000015258789,6767300
2010-02-02,35,35.75,34.900001525878906,23.244596481323242,6573500
2010-02-03,35.45000076293945,35.45000076293945,35.06999969482422,23.04229164123535,5493500
2010-02-04,35.099998474121094,35.220001220703125,34.61000061035156,22.624649047851562,8914200
2010-02-05,34.63999938964844,34.81999969482422,33.90999984741211,22.526763916015625,8698500
2010-02-08,34.4900016784668,35.130001068115234,34.220001220703125,22.69643783569336,8301000
2010-02-09,34.95000076293945,35.470001220703125,34.86000061035156,22.970518112182617,10261600
2010-02-10,34.75,34.75,33.97999954223633,22.613149642944336,9425900
2010-02-11,34.16999816894531,34.43000030517578,33.81999969482422,22.613149642944336,6352000
2010-02-12,33.95000076293945,34.040000915527344,33.630001068115234,22.467557907104492,8706400
2010-02-16,34.25,34.25,33.95000076293945,22.5535888671875,7280900
2010-02-17,34.349998474121094,34.619998931884766,34.220001220703125,22.75874137878418,5708100
2010-02-18,34.38999938964844,34.59000015258789,34.2599983215332,22.771982192993164,4158200
2010-02-19,34.20000076293945,34.47999954223633,33.86000061035156,22.659473419189453,5476400
2010-02-22,34.400001525878906,34.650001525878906,34.08000183105469,22.811695098876953,5855000
2010-02-23,34.36000061035156,34.470001220703125,33.849998474121094,22.47417640686035,5547900
2010-02-24,34.11000061035156,34.310001373291016,33.959999084472656,22.527118682861328,4426200
2010-02-25,33.84000015258789,34.31999969482422,33.720001220703125,22.659473419189453,6111600
2010-02-26,34.33000183105469,34.52000045776367,34.189998626708984,22.725656509399414,4850100
2010-03-01,34.5,34.54999923706055,34.279998779296875,22.712413787841797,5714700
2010-03-02,34.34000015258789,34.7599983215332,34.33000183105469,22.8646297454834,6316400
2010-03-03,34.619998931884766,34.72999954223633,34.22999954223633,22.712413787841797,5317600
2010-03-04,34.38999938964844,34.560001373291016,34.310001373291016,22.858007431030273,5815300
2010-03-05,34.650001525878906,35.09000015258789,34.630001068115234,23.221994400024414,5995400
2010-03-08,35.11000061035156,35.11000061035156,34.810001373291016,23.11610221862793,5672000
2010-03-09,35,35.16999816894531,34.77000045776367,23.20214080810547,4805800
2010-03-10,35.2400016784668,35.459999084472656,35.08000183105469,23.387435913085938,5063800
2010-03-11,35.33000183105469,35.83000183105469,35.22999954223633,23.705095291137695,6661300
2010-03-12,35.9900016784668,36,35.47999954223633,23.777889251708984,7245200
2010-03-15,35.90999984741211,36.040000915527344,35.7599983215332,23.83083724975586,6446000
2010-03-16,36.09000015258789,36.220001220703125,35.88999938964844,23.943340301513672,6635900
2010-03-17,36.209999084472656,36.34000015258789,36.09000015258789,23.969802856445312,6155400
2010-03-18,36.08000183105469,36.380001068115234,36.02000045776367,24.06245994567871,5731200
2010-03-19,36.16999816894531,36.58000183105469,36.0099983215332,23.936716079711914,9641300
2010-03-22,36.16999816894531,36.81999969482422,36.119998931884766,24.18157958984375,6691600
2010-03-23,36.63999938964844,36.79999923706055,36.459999084472656,24.234525680541992,6515200
2010-03-24,36.68000030517578,36.70000076293945,36.18000030517578,23.99628448486328,5450700
2010-03-25,36.58000183105469,36.58000183105469,35.959999084472656,23.810977935791016,5852200
2010-03-26,36.040000915527344,36.040000915527344,35.400001525878906,23.44037437438965,8199200
2010-03-29,35.5,35.72999954223633,35.34000015258789,23.473468780517578,6954900
2010-03-30,35.5099983215332,35.939998626708984,35.47999954223633,23.75803565979004,7239900
2010-03-31,35.869998931884766,36.4900016784668,35.79999923706055,23.969802856445312,9361900
2010-04-01,36.45000076293945,36.59000015258789,36.040000915527344,23.923479080200195,6248100
2010-04-05,36.349998474121094,36.970001220703125,36.20000076293945,24.188199996948242,8196400
2010-04-06,36.38999938964844,36.58000183105469,36.060001373291016,24.16172981262207,7033500
2010-04-07,36.5099983215332,36.68000030517578,36.45000076293945,24.1683406829834,9554200
2010-04-08,36.5099983215332,36.619998931884766,36.45000076293945,24.1683406829834,6104900
2010-04-09,36.689998626708984,36.91999816894531,36.540000915527344,24.380117416381836,4587200
2010-04-12,36.83000183105469,36.83000183105469,36.540000915527344,24.2014217376709,5256400
2010-04-13,36.56999969482422,36.959999084472656,36.5,24.43305015563965,5788900
2010-04-14,36.720001220703125,36.81999969482422,36.45000076293945,24.21466827392578,7678300
2010-04-15,36.61000061035156,36.779998779296875,36.5,24.30069923400879,5629500
2010-04-16,36.52000045776367,36.84000015258789,36.5,24.18157958984375,7987600
2010-04-19,35.95000076293945,36.619998931884766,35.75,24.20804786682129,11600000
2010-04-20,36.529998779296875,36.650001525878906,36.459999084472656,24.174964904785156,7789400
2010-04-21,36.5,36.560001373291016,35.79999923706055,23.83083724975586,11347000
2010-04-22,35.790000915527344,35.84000015258789,35.209999084472656,23.413902282714844,10391800
2010-04-23,35.41999816894531,35.47999954223633,34.849998474121094,23.466861724853516,10398900
2010-04-26,35.47999954223633,35.70000076293945,35.25,23.374195098876953,6419000
2010-04-27,35.290000915527344,35.400001525878906,34.81999969482422,23.076398849487305,7002500
2010-04-28,35.02000045776367,35.02000045776367,34.56999969482422,23.003597259521484,6968300
2010-04-29,34.970001220703125,35.349998474121094,34.83000183105469,23.188901901245117,6256300
2010-04-30,35.130001068115234,35.5,34.970001220703125,23.142574310302734,6937600
2010-05-03,35.27000045776367,35.40999984741211,35,23.288175582885742,5234100
2010-05-04,35.029998779296875,35.380001068115234,34.86000061035156,23.169044494628906,7010800
2010-05-05,34.959999084472656,35.369998931884766,34.86000061035156,23.215373992919922,6713800
2010-05-06,35.04999923706055,35.130001068115234,33.41999816894531,22.765363693237305,12354100
2010-05-07,34.400001525878906,34.900001525878906,34.02000045776367,22.910953521728516,23682700
2010-05-10,35.470001220703125,35.79999923706055,34.91999816894531,23.26169776916504,13461100
2010-05-11,34.97999954223633,35.540000915527344,34.95000076293945,23.347734451293945,6984800
2010-05-12,35.06999969482422,35.06999969482422,34.470001220703125,23.341020584106445,6697600
2010-05-13,34.779998779296875,34.83000183105469,34.47999954223633,23.153106689453125,5617300
2010-05-14,34.34000015258789,34.400001525878906,33.72999954223633,22.763864517211914,7688500
2010-05-17,33.970001220703125,34.15999984741211,33.58000183105469,22.82427215576172,5526900
2010-05-18,34.25,34.41999816894531,33.61000061035156,22.562530517578125,6693100
2010-05-19,33.470001220703125,34,33.470001220703125,22.723604202270508,9399300
2010-05-20,33.45000076293945,33.959999084472656,33.099998474121094,22.3746280670166,12160500
2010-05-21,33,33.20000076293945,32.66999816894531,22.22698211669922,9019400
2010-05-24,33.0099983215332,33.40999984741211,32.900001525878906,22.133031845092773,4874600
2010-05-25,32.630001068115234,32.810001373291016,32.02000045776367,21.978681564331055,10079600
2010-05-26,32.97999954223633,32.97999954223633,32.099998474121094,21.643129348754883,12715000
2010-05-27,32.66999816894531,32.869998931884766,32.52000045776367,22.025650024414062,6110700
2010-05-28,32.84000015258789,33.08000183105469,32.560001373291016,22.005523681640625,8389500
2010-06-01,32.630001068115234,33.130001068115234,32.40999984741211,21.84445571899414,5852100
2010-06-02,32.7599983215332,33.220001220703125,32.619998931884766,22.28738021850586,5509500
2010-06-03,33.22999954223633,33.540000915527344,33.16999816894531,22.394765853881836,5107700
2010-06-04,33.02000045776367,33.099998474121094,32.27000045776367,21.72365951538086,6832600
2010-06-07,32.59000015258789,32.849998474121094,32.43000030517578,21.864593505859375,9650100
2010-06-08,32.56999969482422,32.91999816894531,32.380001068115234,22.079343795776367,7600900
2010-06-09,33,33.290000915527344,32.810001373291016,22.112905502319336,6512400
2010-06-10,33.349998474121094,33.91999816894531,33.150001525878906,22.455162048339844,7213400
2010-06-11,33.31999969482422,33.79999923706055,33.2599983215332,22.596092224121094,5601600
2010-06-14,34,34.220001220703125,33.83000183105469,22.730318069458008,6053200
2010-06-15,33.95000076293945,34.41999816894531,33.7599983215332,23.079282760620117,6373600
2010-06-16,34.27000045776367,34.36000061035156,33.91999816894531,22.891376495361328,7534700
2010-06-17,34.2400016784668,34.38999938964844,33.93000030517578,23.079282760620117,6494200
2010-06-18,34.65999984741211,34.7400016784668,34.36000061035156,23.226926803588867,8506400
2010-06-21,34.7599983215332,34.849998474121094,34.52000045776367,23.2604923248291,5373200
2010-06-22,34.65999984741211,34.97999954223633,34.41999816894531,23.119556427001953,5256400
2010-06-23,34.439998626708984,34.70000076293945,34.2400016784668,23.193374633789062,5625800
2010-06-24,34.540000915527344,34.61000061035156,34.189998626708984,23.139684677124023,16867500
2010-06-25,34.31999969482422,34.349998474121094,33.86000061035156,22.777292251586914,12710800
2010-06-28,34.25,34.2599983215332,33.77000045776367,22.83098602294922,8289300
2010-06-29,33.61000061035156,33.810001373291016,33.34000015258789,22.649784088134766,8854700
2010-06-30,33.70000076293945,34.06999969482422,33.43000030517578,22.482004165649414,7742600
2010-07-01,33.43000030517578,33.470001220703125,32.81999969482422,22.22698211669922,17132600
2010-07-02,33.279998779296875,33.869998931884766,33.09000015258789,22.596092224121094,6888200
2010-07-06,33.970001220703125,34.150001525878906,33.66999816894531,22.757150650024414,19358500
2010-07-07,34.02000045776367,34.66999816894531,33.7599983215332,23.2604923248291,6759500
2010-07-08,34.83000183105469,35.189998626708984,34.75,23.60946273803711,7511300
2010-07-09,35.13999938964844,35.18000030517578,34.880001068115234,23.60274314880371,5367200
2010-07-12,35.099998474121094,35.189998626708984,34.939998626708984,23.57590675354004,4361700
2010-07-13,35.27000045776367,35.599998474121094,35.16999816894531,23.629594802856445,7524300
2010-07-14,35.150001525878906,35.20000076293945,34.70000076293945,23.35444450378418,11570800
2010-07-15,34.86000061035156,35.2400016784668,34.619998931884766,23.60274314880371,7380700
2010-07-16,35.08000183105469,35.119998931884766,34.58000183105469,23.247068405151367,7637500
2010-07-19,34.7599983215332,35.08000183105469,34.7599983215332,23.48194694519043,4951300
2010-07-20,34.77000045776367,35.310001373291016,34.45000076293945,23.663150787353516,6926100
2010-07-21,35.43000030517578,35.43000030517578,34.720001220703125,23.455114364624023,6809100
2010-07-22,35.849998474121094,35.849998474121094,35,23.589330673217773,8888000
2010-07-23,35.220001220703125,35.2400016784668,34.56999969482422,23.60274314880371,6328000
2010-07-26,35.20000076293945,35.52000045776367,35.16999816894531,23.7839412689209,4673400
2010-07-27,35.630001068115234,36.130001068115234,35.25,24.22686767578125,11840500
2010-07-28,36.02000045776367,36.20000076293945,35.529998779296875,23.93830108642578,10420300
2010-07-29,35.7599983215332,35.9900016784668,35.20000076293945,23.790660858154297,7269400
2010-07-30,35.2599983215332,35.81999969482422,35.04999923706055,23.891321182250977,7662800
2010-08-02,35.84000015258789,36.38999938964844,35.75,24.3879451751709,6991400
2010-08-03,36.43000030517578,36.65999984741211,36.279998779296875,24.54901695251465,5950300
2010-08-04,36.470001220703125,36.81999969482422,36.220001220703125,24.6832275390625,6623300
2010-08-05,36.59000015258789,36.880001068115234,36.459999084472656,24.73021125793457,3620200
2010-08-06,36.599998474121094,36.88999938964844,36.38999938964844,24.743616104125977,4711800
2010-08-09,36.97999954223633,37.0099983215332,36.869998931884766,24.804035186767578,5664200
2010-08-10,36.810001373291016,37.91999816894531,36.810001373291016,25.347627639770508,11213900
2010-08-11,36.810001373291016,37.2599983215332,36.56999969482422,24.960073471069336,9675700
2010-08-12,36.41999816894531,36.869998931884766,36.22999954223633,24.885269165039062,7401800
2010-08-13,35.38999938964844,35.84000015258789,35.22999954223633,24.273344039916992,13055600
2010-08-16,35.380001068115234,35.72999954223633,35.22999954223633,24.184947967529297,5217800
2010-08-17,35.08000183105469,35.150001525878906,34.45000076293945,23.627408981323242,14976600
2010-08-18,34.810001373291016,34.970001220703125,34.63999938964844,23.647804260253906,23704700
2010-08-19,34.59000015258789,34.689998626708984,34.18000030517578,23.307849884033203,10578400
2010-08-20,34.099998474121094,34.22999954223633,33.72999954223633,23.233051300048828,9187800
2010-08-23,34.349998474121094,34.540000915527344,34.25,23.328245162963867,13820500
2010-08-24,34.040000915527344,34.220001220703125,33.849998474121094,23.097076416015625,6426300
2010-08-25,33.84000015258789,34.5,33.79999923706055,23.328245162963867,7127500
2010-08-26,34.459999084472656,34.459999084472656,33.84000015258789,23.083465576171875,6380900
2010-08-27,34.11000061035156,34.25,33.720001220703125,23.253459930419922,5809800
2010-08-30,34.22999954223633,34.279998779296875,33.95000076293945,23.097076416015625,4576400
2010-08-31,33.95000076293945,34.040000915527344,33.540000915527344,22.838703155517578,9329300
2010-09-01,34.11000061035156,34.33000183105469,33.83000183105469,23.253459930419922,8004300
2010-09-02,34.15999984741211,34.41999816894531,34.119998931884766,23.328245162963867,4316400
2010-09-03,34.29999923706055,34.709999084472656,34.279998779296875,23.566219329833984,4450600
2010-09-07,34.709999084472656,34.779998779296875,34.43000030517578,23.48462677001953,4009800
2010-09-08,34.810001373291016,34.900001525878906,34.59000015258789,23.668201446533203,3587400
2010-09-09,34.900001525878906,35.439998626708984,34.77000045776367,23.912975311279297,5616000
2010-09-10,35.45000076293945,35.52000045776367,35.20000076293945,24.089759826660156,4600900
2010-09-13,35.72999954223633,35.7400016784668,35.31999969482422,24.15774917602539,3943200
2010-09-14,35.56999969482422,35.849998474121094,35.45000076293945,24.239347457885742,6042800
2010-09-15,35.63999938964844,35.84000015258789,35.5099983215332,24.273344039916992,4535900
2010-09-16,35.58000183105469,35.7599983215332,35.380001068115234,24.252941131591797,4461200
2010-09-17,35.84000015258789,35.970001220703125,35.58000183105469,24.334529876708984,4899300
2010-09-20,35.91999816894531,36.38999938964844,35.810001373291016,24.715286254882812,5525700
2010-09-21,36.380001068115234,36.4900016784668,36.08000183105469,24.701690673828125,4736600
2010-09-22,36.220001220703125,36.709999084472656,35.9900016784668,24.511316299438477,6931300
2010-09-23,35.93000030517578,36.0099983215332,35.75,24.382122039794922,4437700
2010-09-24,36.209999084472656,36.279998779296875,36.0099983215332,24.545305252075195,6132600
2010-09-27,36.150001525878906,36.18000030517578,35.939998626708984,24.436532974243164,4638800
2010-09-28,36.04999923706055,36.38999938964844,35.900001525878906,24.742488861083984,5453300
2010-09-29,36.310001373291016,36.720001220703125,36.099998474121094,24.83768081665039,6778900
2010-09-30,36.59000015258789,36.900001525878906,36.33000183105469,24.83768081665039,6022100
2010-10-01,36.68000030517578,36.77000045776367,36.41999816894531,24.844478607177734,5212600
2010-10-04,36.540000915527344,36.560001373291016,36.130001068115234,24.681303024291992,4680800
2010-10-05,36.59000015258789,37,36.439998626708984,25.082454681396484,5468200
2010-10-06,36.81999969482422,37.16999816894531,36.709999084472656,25.272829055786133,4981700
2010-10-07,37.279998779296875,37.400001525878906,36.939998626708984,25.21164321899414,3782400
2010-10-08,37.130001068115234,37.2400016784668,36.90999984741211,25.2048397064209,4539400
2010-10-11,37.150001525878906,37.33000183105469,37.09000015258789,25.306821823120117,3152400
2010-10-12,37.130001068115234,37.5,37,25.40201759338379,3733900
2010-10-13,37.5,37.5,37.2599983215332,25.429218292236328,5772600
2010-10-14,37.400001525878906,37.58000183105469,37.310001373291016,25.44280433654785,4715900
2010-10-15,37.66999816894531,37.900001525878906,37.4900016784668,25.67399024963379,6742200
2010-10-18,37.90999984741211,38.08000183105469,37.66999816894531,25.877965927124023,10374700
2010-10-19,37.68000030517578,37.84000015258789,37.220001220703125,25.46321678161621,6696200
2010-10-20,35.529998779296875,36.150001525878906,35.45000076293945,24.48412322998047,18242000
2010-10-21,35.86000061035156,35.93000030517578,35.22999954223633,24.13735008239746,10773400
2010-10-22,35.54999923706055,35.72999954223633,35.25,24.069364547729492,6708900
2010-10-25,35.47999954223633,35.61000061035156,35.060001373291016,23.885784149169922,8500300
2010-10-26,35.040000915527344,35.189998626708984,34.81999969482422,23.729400634765625,7667800
2010-10-27,34.720001220703125,34.97999954223633,34.68000030517578,23.756601333618164,7163400
2010-10-28,34.97999954223633,35.2599983215332,34.86000061035156,23.899383544921875,6306900
2010-10-29,35.130001068115234,35.20000076293945,34.86000061035156,23.933382034301758,6326300
2010-11-01,35.2599983215332,35.36000061035156,34.880001068115234,23.82459259033203,6940900
2010-11-02,35.2400016784668,35.400001525878906,35.06999969482422,24.05575942993164,5843000
2010-11-03,35.41999816894531,35.58000183105469,35.15999984741211,24.184947967529297,4714800
2010-11-04,35.779998779296875,35.83000183105469,35.459999084472656,24.314132690429688,19563700
2010-11-05,35.81999969482422,35.93000030517578,35.5099983215332,24.286943435668945,19177000
2010-11-08,35.779998779296875,35.880001068115234,35.619998931884766,24.293737411499023,18223300
2010-11-09,35.81999969482422,35.869998931884766,35.650001525878906,24.32093048095703,6519300
2010-11-10,35.27000045776367,35.27000045776367,34.79999923706055,24.12101936340332,6763500
2010-11-11,34.869998931884766,35.27000045776367,34.84000015258789,24.093454360961914,5473000
2010-11-12,34.869998931884766,34.93000030517578,34.72999954223633,23.962461471557617,5527300
2010-11-15,34.7599983215332,34.88999938964844,34.470001220703125,23.872846603393555,5821300
2010-11-16,34.470001220703125,34.7599983215332,34.279998779296875,23.734962463378906,5934500
2010-11-17,34.439998626708984,34.68000030517578,34.31999969482422,23.714292526245117,4032200
2010-11-18,34.560001373291016,34.88999938964844,34.54999923706055,23.983139038085938,4699100
2010-11-19,34.79999923706055,34.810001373291016,34.459999084472656,23.783220291137695,5109800
2010-11-22,34.5099983215332,34.560001373291016,34.15999984741211,23.817699432373047,4272000
2010-11-23,34.349998474121094,34.36000061035156,34.06999969482422,23.493688583374023,5980400
2010-11-24,34.15999984741211,34.31999969482422,34.119998931884766,23.590200424194336,5834300
2010-11-26,34.18000030517578,34.18000030517578,34,23.486791610717773,2807800
2010-11-29,33.97999954223633,34.040000915527344,33.54999923706055,23.36271095275879,5126700
2010-11-30,33.70000076293945,33.88999938964844,33.52000045776367,23.20415496826172,6176200
2010-12-01,33.970001220703125,34.31999969482422,33.90999984741211,23.617782592773438,6252100
2010-12-02,34.33000183105469,34.5,34.15999984741211,23.61088752746582,8527100
2010-12-03,34.2400016784668,34.31999969482422,33.91999816894531,23.535049438476562,16305000
2010-12-06,34.060001373291016,34.189998626708984,33.959999084472656,23.417861938476562,4658500
2010-12-07,34.189998626708984,34.22999954223633,33.810001373291016,23.514373779296875,15330600
2010-12-08,34.16999816894531,34.47999954223633,34.04999923706055,23.652246475219727,4641600
2010-12-09,34.4900016784668,35,34.36000061035156,23.900419235229492,6603700
2010-12-10,34.93000030517578,35.08000183105469,34.790000915527344,24.114124298095703,5813300
2010-12-13,35.06999969482422,35.20000076293945,34.91999816894531,24.10723114013672,8563300
2010-12-14,35.099998474121094,35.20000076293945,34.93000030517578,24.189952850341797,10706900
2010-12-15,34.95000076293945,35.290000915527344,34.95000076293945,24.217527389526367,9004000
2010-12-16,35.099998474121094,35.25,34.900001525878906,24.251995086669922,4629000
2010-12-17,35.13999938964844,35.15999984741211,34.79999923706055,24.134807586669922,8493700
2010-12-20,35.04999923706055,35.2599983215332,34.97999954223633,24.155485153198242,4608400
2010-12-21,35.20000076293945,35.31999969482422,35.060001373291016,24.224422454833984,3793700
2010-12-22,35.13999938964844,35.2400016784668,34.959999084472656,24.26578712463379,2846700
2010-12-23,35.220001220703125,35.400001525878906,35.20000076293945,24.286468505859375,2913600
2010-12-27,35.130001068115234,35.220001220703125,34.9900016784668,24.17616844177246,2002800
2010-12-28,35.189998626708984,35.20000076293945,35.0099983215332,24.16238021850586,2617900
2010-12-29,35.09000015258789,35.369998931884766,35.04999923706055,24.231319427490234,3177400
2010-12-30,35.099998474121094,35.290000915527344,34.970001220703125,24.141698837280273,3176500
2010-12-31,34.959999084472656,35.16999816894531,34.880001068115234,24.155485153198242,2979600
2011-01-03,35.16999816894531,35.27000045776367,34.9900016784668,24.127912521362305,7491700
2011-01-04,35.02000045776367,35.099998474121094,34.95000076293945,24.148595809936523,7729300
2011-01-05,34.9900016784668,35.04999923706055,34.779998779296875,23.97625160217285,11609100
2011-01-06,34.84000015258789,35,34.79999923706055,24.086545944213867,6037400
2011-01-07,34.939998626708984,35.040000915527344,34.810001373291016,24.058971405029297,8366900
2011-01-10,34.79999923706055,34.900001525878906,34.470001220703125,23.77633285522461,8807700
2011-01-11,34.52000045776367,34.939998626708984,34.5099983215332,24.06587028503418,11646800
2011-01-12,35.060001373291016,35.099998474121094,34.83000183105469,24.148595809936523,11675100
2011-01-13,35.06999969482422,35.08000183105469,34.779998779296875,24.058971405029297,4218000
2011-01-14,34.880001068115234,35.0099983215332,34.630001068115234,24.06587028503418,4993000
2011-01-18,34.93000030517578,35.099998474121094,34.7599983215332,23.983139038085938,6273000
2011-01-19,34.70000076293945,34.849998474121094,34.599998474121094,23.88663101196289,6668300
2011-01-20,34.599998474121094,34.7599983215332,34.5,23.95556640625,6900400
2011-01-21,34.93000030517578,34.97999954223633,34.7599983215332,23.962461471557617,5620200
2011-01-24,34.65999984741211,34.86000061035156,34.65999984741211,23.97625160217285,12259000
2011-01-25,34.790000915527344,34.849998474121094,34.54999923706055,23.941781997680664,6893300
2011-01-26,34.86000061035156,35.02000045776367,34.709999084472656,24.093454360961914,6617200
2011-01-27,35.0099983215332,35.61000061035156,34.970001220703125,24.4519100189209,9754600
2011-01-28,35.439998626708984,35.58000183105469,34.75,23.969350814819336,17586000
2011-01-31,34.84000015258789,34.91999816894531,34.720001220703125,23.969350814819336,5704100
2011-02-01,34.83000183105469,35.220001220703125,34.75,24.27267074584961,6232300
2011-02-02,35.18000030517578,35.5099983215332,35.09000015258789,24.41744041442871,6754000
2011-02-03,35.31999969482422,35.650001525878906,35.290000915527344,24.562213897705078,20017900
2011-02-04,35.66999816894531,35.66999816894531,35.38999938964844,24.49327278137207,19844100
2011-02-07,35.599998474121094,35.86000061035156,35.5099983215332,24.67940902709961,21207700
2011-02-08,35.869998931884766,35.91999816894531,35.75,24.70698356628418,7706300
2011-02-09,35.79999923706055,35.79999923706055,35.56999969482422,24.66562271118164,6415500
2011-02-10,35.689998626708984,35.84000015258789,35.529998779296875,24.55531120300293,7107900
2011-02-11,35,35,34.5,24.12894058227539,9101700
2011-02-14,34.56999969482422,34.650001525878906,34.4900016784668,24.15690040588379,7215100
2011-02-15,34.560001373291016,34.56999969482422,34.439998626708984,24.093996047973633,6143500
2011-02-16,34.47999954223633,34.66999816894531,34.349998474121094,24.226797103881836,5705000
2011-02-17,34.529998779296875,34.91999816894531,34.5099983215332,24.366594314575195,4189000
2011-02-18,34.79999923706055,34.86000061035156,34.540000915527344,24.184860229492188,7277800
2011-02-22,34.310001373291016,34.599998474121094,34.20000076293945,24.0660343170166,7829700
2011-02-23,34.369998931884766,34.45000076293945,34.0099983215332,23.793424606323242,5926600
2011-02-24,34.029998779296875,34.2400016784668,33.959999084472656,23.842357635498047,5576500
2011-02-25,34.130001068115234,34.16999816894531,34,23.82837677001953,5821400
2011-02-28,34.2400016784668,34.560001373291016,34.150001525878906,24.15690040588379,5853300
2011-03-01,34.5,34.75,34.25,23.94720458984375,4837800
2011-03-02,34.18000030517578,34.29999923706055,34.04999923706055,23.961179733276367,4869400
2011-03-03,34.040000915527344,34.66999816894531,34.0099983215332,24.038076400756836,7070700
2011-03-04,34.439998626708984,34.70000076293945,34.400001525878906,24.184860229492188,6903800
2011-03-07,34.61000061035156,34.779998779296875,34.5,24.226797103881836,7097800
2011-03-08,34.66999816894531,35.099998474121094,34.56999969482422,24.450477600097656,6907800
2011-03-09,34.90999984741211,35.18000030517578,34.86000061035156,24.52735710144043,4693100
2011-03-10,35.099998474121094,35.20000076293945,34.7400016784668,24.303688049316406,5660700
2011-03-11,34.88999938964844,35,34.70000076293945,24.366594314575195,5137800
2011-03-14,34.689998626708984,34.88999938964844,34.560001373291016,24.275728225708008,11484600
2011-03-15,34.15999984741211,34.349998474121094,34,23.83536720275879,7572000
2011-03-16,34.099998474121094,34.099998474121094,33.459999084472656,23.506845474243164,8771200
2011-03-17,33.86000061035156,34.279998779296875,33.86000061035156,23.856338500976562,16946300
2011-03-18,34.47999954223633,34.52000045776367,34.220001220703125,24.100982666015625,6271000
2011-03-21,34.75,34.75,34.369998931884766,24.03107452392578,4656600
2011-03-22,34.560001373291016,34.75,34.5,24.163883209228516,3995800
2011-03-23,34.47999954223633,34.52000045776367,34.16999816894531,24.017101287841797,3677300
2011-03-24,34.439998626708984,34.70000076293945,34.31999969482422,24.184860229492188,3466800
2011-03-25,34.59000015258789,34.709999084472656,34.45000076293945,24.100982666015625,4750700
2011-03-28,34.459999084472656,34.630001068115234,34.380001068115234,24.052061080932617,5009800
2011-03-29,34.380001068115234,34.709999084472656,34.33000183105469,24.24077796936035,4423200
2011-03-30,34.869998931884766,35.22999954223633,34.790000915527344,24.59027671813965,6180700
2011-03-31,35.2599983215332,35.41999816894531,35.15999984741211,24.583274841308594,5860800
2011-04-01,35.209999084472656,35.279998779296875,34.880001068115234,24.45746421813965,6385300
2011-04-04,35.119998931884766,35.18000030517578,34.970001220703125,24.48542022705078,5073200
2011-04-05,34.959999084472656,35.25,34.95000076293945,24.471437454223633,4158100
2011-04-06,35.09000015258789,35.79999923706055,35.09000015258789,24.96771812438965,10337600
2011-04-07,35.65999984741211,35.790000915527344,35.470001220703125,24.974708557128906,6786600
2011-04-08,35.849998474121094,35.849998474121094,35.58000183105469,24.946746826171875,6119100
2011-04-11,35.779998779296875,36.04999923706055,35.72999954223633,25.072561264038086,5675500
2011-04-12,35.7599983215332,36.040000915527344,35.720001220703125,25.051597595214844,3578300
2011-04-13,35.900001525878906,35.939998626708984,35.63999938964844,24.939762115478516,5063400
2011-04-14,35.61000061035156,35.900001525878906,35.45000076293945,24.98869514465332,9595100
2011-04-15,35.900001525878906,36.060001373291016,35.849998474121094,25.170425415039062,11458100
2011-04-18,35.689998626708984,35.84000015258789,35.369998931884766,24.89781951904297,11452500
2011-04-19,35.7400016784668,36.02000045776367,35.400001525878906,24.953739166259766,6311700
2011-04-20,35.9900016784668,36.13999938964844,35.90999984741211,25.254308700561523,7168900
2011-04-21,36.119998931884766,36.709999084472656,36.02000045776367,25.34515953063965,11597500
2011-04-25,36.2400016784668,36.279998779296875,36.09000015258789,25.324209213256836,3641800
2011-04-26,36.4900016784668,36.91999816894531,36.33000183105469,25.73660659790039,6795100
2011-04-27,36.790000915527344,37.290000915527344,36.779998779296875,26.02318000793457,7015400
2011-04-28,37.130001068115234,37.41999816894531,37.02000045776367,26.09308624267578,4427300
2011-04-29,37.310001373291016,37.459999084472656,36.97999954223633,25.869403839111328,6882500
2011-05-02,37.209999084472656,37.52000045776367,37.189998626708984,26.079105377197266,8642300
2011-05-03,37.43000030517578,38.63999938964844,37.310001373291016,26.62431526184082,15087400
2011-05-04,38.09000015258789,38.279998779296875,37.880001068115234,26.645286560058594,15479900
2011-05-05,38.040000915527344,38.33000183105469,37.939998626708984,26.6942195892334,13642200
2011-05-06,38.400001525878906,38.63999938964844,38.22999954223633,26.834020614624023,9031600
2011-05-09,38.45000076293945,38.709999084472656,38.29999923706055,26.945846557617188,7901900
2011-05-10,38.68000030517578,38.75,38.470001220703125,27.064674377441406,6419100
2011-05-11,38.20000076293945,38.689998626708984,38.11000061035156,27.100067138671875,11591500
2011-05-12,38.220001220703125,38.93000030517578,38.16999816894531,27.43987464904785,8522600
2011-05-13,38.77000045776367,39.040000915527344,38.70000076293945,27.57439613342285,7120700
2011-05-16,38.95000076293945,39.400001525878906,38.88999938964844,27.715978622436523,8632400
2011-05-17,38.970001220703125,39.209999084472656,38.869998931884766,27.70182991027832,5197600
2011-05-18,39.209999084472656,39.2400016784668,38.5099983215332,27.43281364440918,12087300
2011-05-19,38.84000015258789,38.880001068115234,38.5,27.40447425842285,7521700
2011-05-20,38.650001525878906,38.83000183105469,38.31999969482422,27.213348388671875,7899800
2011-05-23,38.119998931884766,38.5,37.9900016784668,27.18502426147461,7087500
2011-05-24,38.369998931884766,38.75,38.25,27.333688735961914,5281700
2011-05-25,38.349998474121094,38.5099983215332,38.130001068115234,27.121305465698242,7009800
2011-05-26,38.36000061035156,38.47999954223633,37.88999938964844,26.845212936401367,8494300
2011-05-27,37.90999984741211,38.04999923706055,37.630001068115234,26.7956485748291,6648300
2011-05-31,38.13999938964844,38.5,37.880001068115234,27.24167251586914,8168400
2011-06-01,38.29999923706055,38.47999954223633,37.91999816894531,26.85936737060547,6470400
2011-06-02,37.959999084472656,37.959999084472656,37.369998931884766,26.562034606933594,6794700
2011-06-03,37.2599983215332,37.349998474121094,37.0099983215332,26.229299545288086,7027500
2011-06-06,37.04999923706055,37.2400016784668,36.959999084472656,26.27885627746582,6607800
2011-06-07,37.369998931884766,37.709999084472656,37.2400016784668,26.377960205078125,5866000
2011-06-08,37.209999084472656,37.380001068115234,37.119998931884766,26.38504981994629,5483900
2011-06-09,37.25,37.86000061035156,37.220001220703125,26.7036190032959,6241900
2011-06-10,37.709999084472656,37.790000915527344,37.040000915527344,26.229299545288086,7572400
2011-06-13,37.15999984741211,37.38999938964844,37.09000015258789,26.34964942932129,6848900
2011-06-14,37.38999938964844,37.77000045776367,37.31999969482422,26.625747680664062,6506400
2011-06-15,37.470001220703125,37.7400016784668,37.130001068115234,26.335491180419922,6333500
2011-06-16,37.08000183105469,37.290000915527344,37,26.34964942932129,5911200
2011-06-17,37.41999816894531,37.75,37.25,26.427526473999023,7188400
2011-06-20,37.38999938964844,37.58000183105469,37.27000045776367,26.590347290039062,12416000
2011-06-21,37.650001525878906,37.900001525878906,37.599998474121094,26.7390193939209,4473000
2011-06-22,37.61000061035156,37.869998931884766,37.61000061035156,26.67530059814453,5631300
2011-06-23,37.5,37.61000061035156,36.79999923706055,26.328414916992188,8335800
2011-06-24,37.2599983215332,37.2599983215332,36.689998626708984,26.024005889892578,6158600
2011-06-27,36.869998931884766,37.029998779296875,36.599998474121094,26.073549270629883,4255600
2011-06-28,36.97999954223633,37.36000061035156,36.869998931884766,26.441680908203125,6028100
2011-06-29,37.529998779296875,37.529998779296875,37.13999938964844,26.38504981994629,5658100
2011-06-30,37.459999084472656,37.599998474121094,37.18000030517578,26.569124221801758,7044300
2011-07-01,37.47999954223633,37.68000030517578,37.27000045776367,26.6682186126709,8036800
2011-07-05,37.689998626708984,37.70000076293945,37.15999984741211,26.392108917236328,9685800
2011-07-06,37.15999984741211,37.75,37.15999984741211,26.661144256591797,6991700
2011-07-07,37.900001525878906,37.900001525878906,37.630001068115234,26.7956485748291,6109700
2011-07-08,37.650001525878906,37.810001373291016,37.400001525878906,26.696542739868164,4192500
2011-07-11,37.40999984741211,37.470001220703125,37.189998626708984,26.392108917236328,4080300
2011-07-12,37.18000030517578,37.88999938964844,37.150001525878906,26.540796279907227,6437800
2011-07-13,37.56999969482422,38.0099983215332,37.43000030517578,26.590347290039062,5672600
2011-07-14,37.4900016784668,38.59000015258789,37.4900016784668,27.192094802856445,13546700
2011-07-15,38.560001373291016,38.560001373291016,37.88999938964844,27.135469436645508,8511500
2011-07-18,38.2400016784668,38.369998931884766,37.849998474121094,26.93724822998047,6450200
2011-07-19,38.220001220703125,38.380001068115234,37.97999954223633,27.078826904296875,6826800
2011-07-20,38.25,38.439998626708984,38.04999923706055,27.02220344543457,5965200
2011-07-21,38.310001373291016,39.779998779296875,38.310001373291016,27.83633041381836,16441400
2011-07-22,39.20000076293945,39.25,38.619998931884766,27.39740562438965,7580900
2011-07-25,38.47999954223633,38.83000183105469,38.31999969482422,27.18502426147461,5358100
2011-07-26,38.459999084472656,38.630001068115234,38.38999938964844,27.22750473022461,5327300
2011-07-27,38.31999969482422,38.650001525878906,37.91999816894531,26.88768768310547,7074500
2011-07-28,38.09000015258789,38.45000076293945,37.95000076293945,26.901840209960938,20393200
2011-07-29,37.790000915527344,38.560001373291016,37.52000045776367,27.11423683166504,26942600
2011-08-01,38.90999984741211,38.90999984741211,37.45000076293945,26.8806095123291,19511900
2011-08-02,37.81999969482422,37.84000015258789,37.13999938964844,26.307174682617188,16525000
2011-08-03,37.130001068115234,37.470001220703125,36.66999816894531,26.41336441040039,8410600
2011-08-04,36.91999816894531,36.91999816894531,35.84000015258789,25.372692108154297,10905900
2011-08-05,36.040000915527344,36.720001220703125,35.31999969482422,25.655868530273438,15044700
2011-08-08,35.52000045776367,36,34.650001525878906,24.636432647705078,14778200
2011-08-09,35.150001525878906,35.66999816894531,33.75,25.231101989746094,29025000
2011-08-10,35.220001220703125,35.599998474121094,34.400001525878906,24.416963577270508,14628700
2011-08-11,33.97999954223633,35.65999984741211,33.81999969482422,25.350563049316406,13633500
2011-08-12,35.47999954223633,35.61000061035156,34.790000915527344,25.03457260131836,11800800
2011-08-15,35.27000045776367,35.849998474121094,35.11000061035156,25.688091278076172,11231800
2011-08-16,35.4900016784668,35.959999084472656,35.220001220703125,25.63062858581543,5977200
2011-08-17,35.77000045776367,36.130001068115234,35.380001068115234,25.659360885620117,6050800
2011-08-18,35.130001068115234,35.349998474121094,34.689998626708984,25.142292022705078,9590700
2011-08-19,34.65999984741211,35.38999938964844,34.65999984741211,25.142292022705078,7381800
2011-08-22,35.52000045776367,35.86000061035156,35.20000076293945,25.43673324584961,7740500
2011-08-23,35.540000915527344,35.95000076293945,35.279998779296875,25.795804977416992,11905400
2011-08-24,35.90999984741211,36.43000030517578,35.77000045776367,26.133331298828125,6038700
2011-08-25,36.45000076293945,36.45000076293945,35.540000915527344,25.774267196655273,6843700
2011-08-26,35.599998474121094,36.18000030517578,34.939998626708984,25.688091278076172,7599000
2011-08-29,36.029998779296875,36.9900016784668,36.0099983215332,26.564228057861328,6909600
2011-08-30,36.59000015258789,37.38999938964844,36.54999923706055,26.6934814453125,7756700
2011-08-31,37.380001068115234,37.68000030517578,37.18000030517578,26.937664031982422,8745900
2011-09-01,37.56999969482422,37.849998474121094,37.04999923706055,26.664764404296875,6322700
2011-09-02,36.56999969482422,36.91999816894531,36.36000061035156,26.169240951538086,7199400
2011-09-06,35.70000076293945,36.380001068115234,35.529998779296875,26.018430709838867,7619800
2011-09-07,36.599998474121094,36.9900016784668,36.459999084472656,26.528318405151367,6053200
2011-09-08,36.88999938964844,37.439998626708984,36.650001525878906,26.578577041625977,6645300
2011-09-09,36.9900016784668,37.099998474121094,35.97999954223633,25.94662094116211,9365100
2011-09-12,35.880001068115234,36.08000183105469,35.439998626708984,25.881986618041992,6807800
2011-09-13,36,36.779998779296875,35.900001525878906,26.355960845947266,7568400
2011-09-14,36.81999969482422,37.540000915527344,36.54999923706055,26.6934814453125,9023800
2011-09-15,37.61000061035156,37.61000061035156,36.93000030517578,26.88739013671875,8448500
2011-09-16,37.83000183105469,37.849998474121094,37.34000015258789,27.153100967407227,7975700
2011-09-19,37.27000045776367,37.65999984741211,37.06999969482422,26.94483757019043,5706700
2011-09-20,37.59000015258789,38.36000061035156,37.400001525878906,27.19618797302246,6242300
2011-09-21,37.939998626708984,38.209999084472656,37.099998474121094,26.650386810302734,7545200
2011-09-22,36.459999084472656,36.70000076293945,36.099998474121094,26.25541877746582,9340700
2011-09-23,36.400001525878906,36.54999923706055,35.75,25.903520584106445,11861900
2011-09-26,36.400001525878906,36.66999816894531,36.150001525878906,26.31285858154297,15018700
2011-09-27,37.189998626708984,37.650001525878906,36.93000030517578,26.700672149658203,7601600
2011-09-28,37.11000061035156,37.84000015258789,37.11000061035156,26.743755340576172,7820900
2011-09-29,37.66999816894531,38,36.81999969482422,26.750940322875977,13519500
2011-09-30,36.959999084472656,37.5,36.880001068115234,26.54986000061035,7368300
2011-10-03,37.02000045776367,37.61000061035156,36.33000183105469,26.090246200561523,10378700
2011-10-04,35.91999816894531,36.72999954223633,35.689998626708984,26.37751007080078,10299100
2011-10-05,36.779998779296875,37.119998931884766,36.439998626708984,26.592947006225586,6679600
2011-10-06,36.93000030517578,37.279998779296875,36.7599983215332,26.736568450927734,6733300
2011-10-07,37.540000915527344,38.25,37.369998931884766,27.232099533081055,9975800
2011-10-10,38.36000061035156,38.72999954223633,38.18000030517578,27.5839786529541,5480000
2011-10-11,38.16999816894531,38.2599983215332,37.689998626708984,27.07410430908203,8759200
2011-10-12,37.720001220703125,38.099998474121094,37.540000915527344,27.009475708007812,9029300
2011-10-13,37.900001525878906,38.13999938964844,37.43000030517578,27.289552688598633,5861000
2011-10-14,38.31999969482422,38.369998931884766,38.119998931884766,27.497814178466797,4710300
2011-10-17,38.130001068115234,38.380001068115234,37.88999938964844,27.268009185791016,6213000
2011-10-18,37.88999938964844,38.75,37.709999084472656,27.641443252563477,5550400
2011-10-19,38.66999816894531,38.97999954223633,38.45000076293945,27.79226303100586,6662100
2011-10-20,38.52000045776367,38.86000061035156,38.02000045776367,27.727622985839844,8612400
2011-10-21,38.45000076293945,38.75,37.7400016784668,27.339820861816406,11893400
2011-10-24,37.93000030517578,38.27000045776367,37.849998474121094,27.426002502441406,6443700
2011-10-25,38.060001373291016,38.20000076293945,37.33000183105469,26.873018264770508,6203700
2011-10-26,37.779998779296875,37.790000915527344,37.15999984741211,26.93048095703125,7208200
2011-10-27,38.40999984741211,38.43000030517578,37.7400016784668,27.19618797302246,9113900
2011-10-28,38.08000183105469,38.36000061035156,37.93000030517578,27.490623474121094,5430000
2011-10-31,37.95000076293945,38.150001525878906,37.150001525878906,26.686315536499023,10771300
2011-11-01,36.779998779296875,37.7400016784668,36.650001525878906,26.72940444946289,10497600
2011-11-02,37.619998931884766,37.709999084472656,37.25,26.916120529174805,5233400
2011-11-03,37.72999954223633,38.119998931884766,37.619998931884766,27.325454711914062,25756700
2011-11-04,37.970001220703125,37.97999954223633,37.599998474121094,27.24646759033203,25551000
2011-11-07,37.79999923706055,38.400001525878906,37.63999938964844,27.54090690612793,26566100
2011-11-08,38.38999938964844,39.040000915527344,38.13999938964844,28.000513076782227,6426000
2011-11-09,38.529998779296875,38.529998779296875,37.689998626708984,27.18182945251465,8454800
2011-11-10,37.709999084472656,37.810001373291016,37.18000030517578,27.087242126464844,8292800
2011-11-11,37.599998474121094,37.91999816894531,37.540000915527344,27.53833770751953,4408400
2011-11-14,37.619998931884766,37.77000045776367,37.439998626708984,27.392820358276367,3990900
2011-11-15,37.61000061035156,37.79999923706055,37.36000061035156,27.392820358276367,4423200
2011-11-16,37.47999954223633,37.47999954223633,36.79999923706055,26.796218872070312,6153000
2011-11-17,36.900001525878906,37.099998474121094,36.5099983215332,26.781660079956055,5687500
2011-11-18,37,37.040000915527344,36.650001525878906,26.839868545532227,5101600
2011-11-21,36.56999969482422,36.75,36.290000915527344,26.439699172973633,5887500
2011-11-22,36.36000061035156,36.40999984741211,36,26.29419708251953,5030800
2011-11-23,35.880001068115234,35.959999084472656,35.619998931884766,25.937692642211914,3866100
2011-11-25,35.560001373291016,35.689998626708984,35.459999084472656,25.886760711669922,2364200
2011-11-28,36.380001068115234,36.54999923706055,36.09000015258789,26.388782501220703,6754300
2011-11-29,36.529998779296875,36.560001373291016,36,26.29419708251953,5956200
2011-11-30,36.849998474121094,37.86000061035156,36.849998474121094,27.53833770751953,8610000
2011-12-01,37.709999084472656,37.91999816894531,37.560001373291016,27.385543823242188,6250200
2011-12-02,37.810001373291016,37.88999938964844,37.349998474121094,27.189111709594727,5497400
2011-12-05,37.68000030517578,37.77000045776367,37.29999923706055,27.218210220336914,6042200
2011-12-06,37.880001068115234,39.119998931884766,37.7599983215332,28.273170471191406,16567500
2011-12-07,39.27000045776367,40.130001068115234,39.130001068115234,28.687898635864258,16615300
2011-12-08,39.400001525878906,39.47999954223633,38.79999923706055,28.295000076293945,8934700
2011-12-09,39.33000183105469,39.5,39.09000015258789,28.571481704711914,6309400
2011-12-12,39.279998779296875,39.400001525878906,38.720001220703125,28.367755889892578,4764500
2011-12-13,39.04999923706055,40.2400016784668,39.04999923706055,28.847957611083984,11747800
2011-12-14,39.61000061035156,40.47999954223633,39.5099983215332,29.131704330444336,12965800
2011-12-15,40.43000030517578,41.369998931884766,40.34000015258789,29.990236282348633,13059100
2011-12-16,41.43000030517578,41.43000030517578,40.439998626708984,29.48821449279785,12555400
2011-12-19,40.790000915527344,41.43000030517578,40.61000061035156,29.6409969329834,6979300
2011-12-20,41.150001525878906,41.18000030517578,40.7400016784668,29.917457580566406,8060000
2011-12-21,41.18000030517578,41.56999969482422,41.099998474121094,30.244874954223633,5994000
2011-12-22,41.77000045776367,41.86000061035156,41.279998779296875,30.16484260559082,4904000
2011-12-23,41.61000061035156,41.709999084472656,41.27000045776367,30.29581069946289,6535300
2011-12-27,41.470001220703125,41.880001068115234,41.45000076293945,30.375843048095703,3094400
2011-12-28,41.77000045776367,41.849998474121094,41.220001220703125,30.048431396484375,3230700
2011-12-29,41.439998626708984,41.65999984741211,41.41999816894531,30.193941116333008,4186400
2011-12-30,41.4900016784668,41.91999816894531,41.470001220703125,30.237600326538086,4391600
2012-01-03,41.95000076293945,42.029998779296875,41.65999984741211,30.412221908569336,6905200
2012-01-04,41.849998474121094,41.849998474121094,40.66999816894531,29.619176864624023,10240800
2012-01-05,39.43000030517578,40.369998931884766,39.25,29.320873260498047,14691100
2012-01-06,39.970001220703125,40.209999084472656,39.810001373291016,29.015300750732422,6329600
2012-01-09,39.939998626708984,39.939998626708984,39.599998474121094,28.964370727539062,12353900
2012-01-10,40.11000061035156,40.54999923706055,40.06999969482422,29.342697143554688,6838800
2012-01-11,40.099998474121094,40.18000030517578,39.81999969482422,29.088045120239258,5085900
2012-01-12,39.97999954223633,40.2599983215332,39.97999954223633,29.233566284179688,4299500
2012-01-13,39.959999084472656,40.060001373291016,39.650001525878906,29.058950424194336,4420100
2012-01-17,40.15999984741211,40.400001525878906,40,29.12443733215332,5899600
2012-01-18,40.060001373291016,40.369998931884766,40.04999923706055,29.233566284179688,5173700
2012-01-19,40.279998779296875,40.38999938964844,40.06999969482422,29.226280212402344,7180500
2012-01-20,40.220001220703125,40.31999969482422,39.709999084472656,28.964370727539062,8713700
2012-01-23,39.849998474121094,39.869998931884766,39.189998626708984,28.666061401367188,9629000
2012-01-24,39.310001373291016,39.63999938964844,39.29999923706055,28.818838119506836,5868400
2012-01-25,39.54999923706055,39.970001220703125,39.220001220703125,29.022573471069336,5893300
2012-01-26,39.90999984741211,40.02000045776367,39.34000015258789,28.695167541503906,8690300
2012-01-27,39.4900016784668,39.5,39.0099983215332,28.52054786682129,6763100
2012-01-30,39.04999923706055,39.459999084472656,38.93000030517578,28.556936264038086,26016300
2012-01-31,39.81999969482422,39.84000015258789,39.349998474121094,28.913442611694336,13418400
2012-02-01,39.81999969482422,40.11000061035156,39.72999954223633,28.957080841064453,7765400
2012-02-02,39.93000030517578,40,39.25,28.81157684326172,6862800
2012-02-03,39.349998474121094,39.70000076293945,39.349998474121094,28.746095657348633,5911000
2012-02-06,39.58000183105469,39.72999954223633,39.38999938964844,28.847957611083984,7081300
2012-02-07,39.56999969482422,39.66999816894531,39.369998931884766,28.738826751708984,5838600
2012-02-08,39.47999954223633,39.849998474121094,39.40999984741211,28.94252586364746,7530400
2012-02-09,39.7400016784668,39.83000183105469,39.459999084472656,28.75336456298828,31139800
2012-02-10,39.40999984741211,39.41999816894531,39.099998474121094,28.600576400756836,6938600
2012-02-13,39.099998474121094,39.16999816894531,38.779998779296875,28.622682571411133,4656400
2012-02-14,38.599998474121094,38.709999084472656,38.29999923706055,28.357458114624023,5989700
2012-02-15,38.650001525878906,38.75,38.40999984741211,28.416397094726562,4462100
2012-02-16,38.56999969482422,38.7400016784668,38.40999984741211,28.526906967163086,3825300
2012-02-17,38.900001525878906,39.29999923706055,38.7599983215332,28.924753189086914,7182600
2012-02-21,39.400001525878906,39.400001525878906,38.709999084472656,28.54899787902832,6858500
2012-02-22,38.68000030517578,38.91999816894531,38.68000030517578,28.6005802154541,4360400
2012-02-23,38.720001220703125,38.880001068115234,38.619998931884766,28.578474044799805,3696800
2012-02-24,38.869998931884766,39.18000030517578,38.84000015258789,28.77002716064453,11409900
2012-02-27,39.040000915527344,39.36000061035156,38.810001373291016,28.865798950195312,5097000
2012-02-28,39.33000183105469,39.43000030517578,39.16999816894531,29.02789306640625,6218400
2012-02-29,39.439998626708984,39.5,39.20000076293945,28.910015106201172,4272500
2012-03-01,39.16999816894531,39.40999984741211,39.16999816894531,28.99106216430664,4590100
2012-03-02,39.380001068115234,39.599998474121094,39.29999923706055,29.086830139160156,5231700
2012-03-05,39.36000061035156,39.54999923706055,39.09000015258789,28.828977584838867,4875800
2012-03-06,39.20000076293945,39.31999969482422,38.560001373291016,28.46796989440918,5938400
2012-03-07,38.619998931884766,38.95000076293945,38.619998931884766,28.63004493713379,4043200
2012-03-08,38.970001220703125,39.279998779296875,38.970001220703125,28.873180389404297,4478000
2012-03-09,39.34000015258789,39.61000061035156,39.220001220703125,29.145784378051758,4906800
2012-03-12,39.599998474121094,39.81999969482422,39.560001373291016,29.32258415222168,4713200
2012-03-13,39.86000061035156,40.220001220703125,39.810001373291016,29.595182418823242,4835700
2012-03-14,40.15999984741211,40.45000076293945,40.150001525878906,29.6614933013916,4644300
2012-03-15,40.2400016784668,40.40999984741211,40.060001373291016,29.676225662231445,3802400
2012-03-16,40.29999923706055,40.439998626708984,39.95000076293945,29.617305755615234,9659000
2012-03-19,40.060001373291016,40.400001525878906,39.91999816894531,29.705699920654297,4278300
2012-03-20,40.18000030517578,40.290000915527344,39.900001525878906,29.48466682434082,4442500
2012-03-21,40.0099983215332,40.130001068115234,39.79999923706055,29.433103561401367,4671700
2012-03-22,39.56999969482422,39.849998474121094,39.470001220703125,29.32996368408203,3949400
2012-03-23,40.029998779296875,40.040000915527344,39.709999084472656,29.37415885925293,5203400
2012-03-26,39.97999954223633,40.400001525878906,39.970001220703125,29.668861389160156,5361100
2012-03-27,40.369998931884766,40.41999816894531,40.18000030517578,29.6614933013916,4183400
2012-03-28,40.31999969482422,40.369998931884766,39.869998931884766,29.698333740234375,4874800
2012-03-29,40.04999923706055,40.09000015258789,39.65999984741211,29.440473556518555,5311500
2012-03-30,40.060001373291016,40.36000061035156,39.95000076293945,29.668861389160156,4784300
2012-04-02,40.29999923706055,40.63999938964844,40.22999954223633,29.82358741760254,5233900
2012-04-03,40.47999954223633,40.59000015258789,40.130001068115234,29.705699920654297,3340400
2012-04-04,40.150001525878906,40.459999084472656,40.02000045776367,29.71306610107422,4175400
2012-04-05,40.130001068115234,40.5,40.099998474121094,29.82358741760254,4379400
2012-04-09,40.31999969482422,40.31999969482422,39.70000076293945,29.263656616210938,7599800
2012-04-10,39.61000061035156,39.91999816894531,39.41999816894531,29.04262351989746,6691900
2012-04-11,39.70000076293945,39.709999084472656,39.38999938964844,29.0794677734375,5141900
2012-04-12,39.54999923706055,39.619998931884766,39.34000015258789,29.1605167388916,6299800
2012-04-13,39.560001373291016,39.599998474121094,39.15999984741211,28.865798950195312,5438100
2012-04-16,39.279998779296875,39.70000076293945,39.27000045776367,29.175247192382812,10405800
2012-04-17,39.68000030517578,40.060001373291016,39.5,29.514144897460938,4826200
2012-04-18,39.900001525878906,40.040000915527344,39.689998626708984,29.248910903930664,6856700
2012-04-19,39.75,39.84000015258789,39.58000183105469,29.285751342773438,4995300
2012-04-20,39.689998626708984,40.060001373291016,39.68000030517578,29.40363883972168,7548300
2012-04-23,39.79999923706055,39.849998474121094,39.650001525878906,29.32996368408203,4348800
2012-04-24,39.88999938964844,40,39.66999816894531,29.440473556518555,4844700
2012-04-25,40.41999816894531,40.900001525878906,40.119998931884766,30.059349060058594,8205700
2012-04-26,40.779998779296875,41,40.599998474121094,30.118284225463867,4763200
2012-04-27,41.099998474121094,41.43000030517578,41.06999969482422,30.427715301513672,20040500
2012-04-30,41.130001068115234,41.52000045776367,41.130001068115234,30.4940242767334,23371700
2012-05-01,41.31999969482422,41.470001220703125,41.130001068115234,30.383502960205078,6352200
2012-05-02,41.15999984741211,41.4900016784668,41.130001068115234,30.560335159301758,4856600
2012-05-03,41.4900016784668,41.5,41.20000076293945,30.40561866760254,5050800
2012-05-04,41.20000076293945,41.400001525878906,41,30.412981033325195,7203900
2012-05-07,41.099998474121094,41.709999084472656,41,30.656108856201172,6084500
2012-05-08,41.59000015258789,41.65999984741211,41.41999816894531,30.663463592529297,7069500
2012-05-09,41.31999969482422,41.4900016784668,41.0099983215332,30.427715301513672,6102700
2012-05-10,41.470001220703125,41.81999969482422,41.36000061035156,30.759248733520508,6195200
2012-05-11,41.16999816894531,41.5,41.02000045776367,30.759241104125977,5000000
2012-05-14,41.04999923706055,41.2599983215332,40.790000915527344,30.513235092163086,6009900
2012-05-15,40.86000061035156,40.939998626708984,40.459999084472656,30.252300262451172,5660500
2012-05-16,40.650001525878906,40.849998474121094,40.540000915527344,30.37904930114746,4080800
2012-05-17,40.72999954223633,40.939998626708984,40.529998779296875,30.215044021606445,5824200
2012-05-18,40.61000061035156,40.83000183105469,40.34000015258789,30.147947311401367,8350600
2012-05-21,40.470001220703125,40.70000076293945,40.36000061035156,30.289592742919922,4955700
2012-05-22,40.65999984741211,41.15999984741211,40.5099983215332,30.56541633605957,9236300
2012-05-23,40.91999816894531,41,40.36000061035156,30.31940460205078,7941300
2012-05-24,40.709999084472656,41.15999984741211,40.63999938964844,30.684696197509766,5630300
2012-05-25,41.11000061035156,41.5,41,30.647424697875977,4076000
2012-05-29,41.2400016784668,41.54999923706055,41.209999084472656,30.789072036743164,4191100
2012-05-30,41.20000076293945,41.45000076293945,40.959999084472656,30.557954788208008,4578900
2012-05-31,41.08000183105469,41.2599983215332,40.779998779296875,30.52815055847168,6573800
2012-06-01,40.66999816894531,40.72999954223633,40.119998931884766,29.93921661376953,6387700
2012-06-04,40.11000061035156,40.33000183105469,39.93000030517578,29.93175506591797,6544300
2012-06-05,40.150001525878906,40.68000030517578,40.040000915527344,30.282127380371094,5447800
2012-06-06,40.720001220703125,41.0099983215332,40.59000015258789,30.5728816986084,10635500
2012-06-07,41.220001220703125,41.4900016784668,41.119998931884766,30.766708374023438,7191400
2012-06-08,41.25,41.75,41.20000076293945,30.96053695678711,7114100
2012-06-11,41.7400016784668,41.90999984741211,41.29999923706055,30.930707931518555,5598900
2012-06-12,41.56999969482422,41.66999816894531,41.310001373291016,31.04254150390625,4674100
2012-06-13,41.63999938964844,41.84000015258789,41.40999984741211,30.9903507232666,3553300
2012-06-14,41.599998474121094,41.9900016784668,41.5,31.169279098510742,5375600
2012-06-15,42.02000045776367,42.16999816894531,41.939998626708984,31.303468704223633,6396400
2012-06-18,41.779998779296875,42.09000015258789,41.779998779296875,31.340755462646484,3686600
2012-06-19,42.279998779296875,42.470001220703125,42.15999984741211,31.527114868164062,4149900
2012-06-20,42.2400016784668,42.27000045776367,41.88999938964844,31.340755462646484,3412600
2012-06-21,42.189998626708984,42.380001068115234,41.709999084472656,31.131994247436523,4243200
2012-06-22,41.959999084472656,42.130001068115234,41.81999969482422,31.363113403320312,4331800
2012-06-25,41.79999923706055,41.84000015258789,41.459999084472656,30.915803909301758,4376800
2012-06-26,41.43000030517578,41.75,41.43000030517578,30.9903507232666,4070600
2012-06-27,41.63999938964844,42.06999969482422,41.619998931884766,31.25873565673828,4267700
2012-06-28,41.959999084472656,42.130001068115234,41.40999984741211,31.385467529296875,5075000
2012-06-29,42.52000045776367,42.90999984741211,42.459999084472656,31.989337921142578,6136800
2012-07-02,43.060001373291016,43.220001220703125,42.869998931884766,32.048973083496094,4709200
2012-07-03,42.95000076293945,43.310001373291016,42.810001373291016,32.17570495605469,2294200
2012-07-05,43.04999923706055,43.060001373291016,42.79999923706055,31.94459342956543,3760200
2012-07-06,42.70000076293945,42.7400016784668,42.41999816894531,31.80295181274414,3244300
2012-07-09,42.63999938964844,42.9900016784668,42.63999938964844,32.01914596557617,3113600
2012-07-10,43.08000183105469,43.150001525878906,42.720001220703125,31.952049255371094,4142000
2012-07-11,42.65999984741211,42.90999984741211,42.52000045776367,31.90732765197754,4062700
2012-07-12,42.66999816894531,42.93000030517578,42.5099983215332,31.937143325805664,4075600
2012-07-13,42.91999816894531,43.5,42.72999954223633,32.250247955322266,4580100
2012-07-16,43.209999084472656,43.88999938964844,43.189998626708984,32.69009780883789,5779500
2012-07-17,44.08000183105469,44.27000045776367,43.79999923706055,32.7721061706543,11535500
2012-07-18,43.849998474121094,44.66999816894531,43.790000915527344,33.1821174621582,9138900
2012-07-19,44.52000045776367,44.599998474121094,44.38999938964844,33.10011291503906,4592100
2012-07-20,44.15999984741211,44.27000045776367,43.97999954223633,32.928646087646484,6506800
2012-07-23,43.88999938964844,43.97999954223633,43.59000015258789,32.67518615722656,4538100
2012-07-24,42.7400016784668,42.849998474121094,41.59000015258789,31.2960205078125,17930800
2012-07-25,43.27000045776367,43.58000183105469,42.58000183105469,32.1458854675293,12960200
2012-07-26,43.720001220703125,43.869998931884766,43.369998931884766,32.51116943359375,6966400
2012-07-27,44,44.529998779296875,43.9900016784668,33.07775115966797,7526500
2012-07-30,43.90999984741211,44.09000015258789,43.63999938964844,32.83918762207031,6791100
2012-07-31,44.08000183105469,44.40999984741211,43.9900016784668,32.824275970458984,7260000
2012-08-01,44.119998931884766,44.400001525878906,43.790000915527344,32.697547912597656,8163800
2012-08-02,43.68000030517578,43.939998626708984,43.15999984741211,32.294979095458984,6742000
2012-08-03,43.970001220703125,44.20000076293945,43.900001525878906,32.91374206542969,5380100
2012-08-06,44.119998931884766,44.130001068115234,43.709999084472656,32.585723876953125,3838700
2012-08-07,43.209999084472656,43.5099983215332,42.20000076293945,31.870046615600586,11700700
2012-08-08,42.75,43,42.61000061035156,31.94459342956543,5464700
2012-08-09,42.810001373291016,42.95000076293945,42.54999923706055,31.847686767578125,5164300
2012-08-10,42.7400016784668,43.689998626708984,42.560001373291016,32.50371551513672,11829200
2012-08-13,42.90999984741211,42.9900016784668,42.61000061035156,32.27753448486328,3928300
2012-08-14,42.9900016784668,43.02000045776367,42.65999984741211,32.21721649169922,3274600
2012-08-15,42.720001220703125,43.029998779296875,42.709999084472656,32.40570831298828,5168600
2012-08-16,42.959999084472656,43.02000045776367,42.63999938964844,32.23229217529297,3271500
2012-08-17,42.849998474121094,42.849998474121094,42.27000045776367,31.98346710205078,4521500
2012-08-20,42.41999816894531,42.41999816894531,42.209999084472656,31.923160552978516,3892400
2012-08-21,42.4900016784668,42.4900016784668,42.099998474121094,31.82513427734375,4195400
2012-08-22,42.16999816894531,42.380001068115234,42.119998931884766,31.79498291015625,4709000
2012-08-23,42.15999984741211,42.47999954223633,42.119998931884766,31.968387603759766,4589600
2012-08-24,44.810001373291016,45.0099983215332,43.36000061035156,33.06919860839844,48000900
2012-08-27,43.75,44.97999954223633,43.75,33.619598388671875,15116900
2012-08-28,44.630001068115234,45.45000076293945,44.209999084472656,33.71007537841797,13256500
2012-08-29,44.599998474121094,45.2599983215332,44.380001068115234,34.056888580322266,8328900
2012-08-30,45,45,44.630001068115234,33.85332107543945,5234500
2012-08-31,45.06999969482422,45.290000915527344,44.68000030517578,33.86087417602539,6397500
2012-09-04,44.970001220703125,45.40999984741211,44.709999084472656,34.14737319946289,6948400
2012-09-05,45.869998931884766,46.36000061035156,45.720001220703125,34.5394401550293,11305000
2012-09-06,45.97999954223633,46.86000061035156,45.97999954223633,35.293418884277344,8553600
2012-09-07,46.709999084472656,46.869998931884766,46.290000915527344,35.17277145385742,9900100
2012-09-10,46.7400016784668,46.849998474121094,46.52000045776367,35.07476806640625,4721800
2012-09-11,46.650001525878906,46.70000076293945,46.40999984741211,35.05214309692383,4263300
2012-09-12,46.47999954223633,46.86000061035156,46.459999084472656,35.09737777709961,3977600
2012-09-13,46.619998931884766,47.2599983215332,46.310001373291016,35.54975509643555,5501100
2012-09-14,47.0099983215332,47.0099983215332,46.5099983215332,35.225555419921875,6510400
2012-09-17,46.540000915527344,46.939998626708984,46.529998779296875,35.30849838256836,7230400
2012-09-18,46.52000045776367,47.06999969482422,46.52000045776367,35.36880874633789,4155500
2012-09-19,46.77000045776367,47.18000030517578,46.68000030517578,35.33112335205078,5176800
2012-09-20,46.77000045776367,47.099998474121094,46.75,35.451751708984375,4905700
2012-09-21,47.16999816894531,47.7599983215332,47.099998474121094,35.783504486083984,8368200
2012-09-24,47.5,47.630001068115234,47.15999984741211,35.738258361816406,4873400
2012-09-25,47.52000045776367,47.84000015258789,47.40999984741211,35.775970458984375,4395100
2012-09-26,47.45000076293945,47.70000076293945,46.84000015258789,35.587459564208984,4792400
2012-09-27,47.36000061035156,47.720001220703125,47.099998474121094,35.919212341308594,5020300
2012-09-28,47.369998931884766,47.52000045776367,47,35.74579620361328,5941800
2012-10-01,47.4900016784668,48.040000915527344,47.459999084472656,35.86643600463867,5301900
2012-10-02,47.810001373291016,48.13999938964844,47.790000915527344,36.1453971862793,4948300
2012-10-03,48.060001373291016,48.38999938964844,47.93000030517578,36.424381256103516,5763600
2012-10-04,48.459999084472656,48.95000076293945,48.41999816894531,36.76365280151367,7990400
2012-10-05,48.72999954223633,48.900001525878906,47.97999954223633,36.36405944824219,7089400
2012-10-08,48.04999923706055,50.939998626708984,47.7599983215332,38.286678314208984,28624000
2012-10-09,51.41999816894531,53.54999923706055,50.970001220703125,39.06326675415039,29784100
2012-10-10,51.720001220703125,51.869998931884766,50.08000183105469,37.871986389160156,11520300
2012-10-11,50.54999923706055,50.869998931884766,50.29999923706055,38.15096664428711,6467400
2012-10-12,50.06999969482422,50.7400016784668,50,38.03786087036133,6823400
2012-10-15,50.900001525878906,53.16999816894531,50.810001373291016,39.60612869262695,12886200
2012-10-16,52.84000015258789,53.880001068115234,52.79999923706055,40.45812225341797,11263700
2012-10-17,53.779998779296875,53.9900016784668,53.209999084472656,40.465660095214844,5918400
2012-10-18,53.459999084472656,53.86000061035156,53.029998779296875,40.57121658325195,7926300
2012-10-19,53.880001068115234,53.880001068115234,52.54999923706055,39.85494613647461,6781500
2012-10-22,53.380001068115234,53.470001220703125,51.93000030517578,39.417633056640625,9336600
2012-10-23,51.869998931884766,52.040000915527344,50.560001373291016,39.138671875,10998200
2012-10-24,49.97999954223633,51.56999969482422,49.72999954223633,38.075565338134766,14232600
2012-10-25,50.61000061035156,51.189998626708984,50.43000030517578,38.51286697387695,7109800
2012-10-26,50.959999084472656,51,50.130001068115234,37.85691833496094,6047600
2012-10-31,50.810001373291016,50.810001373291016,48.130001068115234,36.66563415527344,13386400
2012-11-01,48.88999938964844,49.689998626708984,48.15999984741211,37.02000427246094,8200800
2012-11-02,49.38999938964844,49.47999954223633,48.54999923706055,36.60532760620117,10584600
2012-11-05,48.369998931884766,48.900001525878906,48.310001373291016,36.77873229980469,4246100
2012-11-06,48.79999923706055,49.130001068115234,48.58000183105469,36.77873229980469,5705500
2012-11-07,48.5099983215332,49.0099983215332,47.540000915527344,36.32634735107422,9276000
2012-11-08,48.119998931884766,48.220001220703125,47.45000076293945,35.79103088378906,23062400
2012-11-09,47.13999938964844,48,47.13999938964844,35.79103088378906,15307500
2012-11-12,47.5,48.63999938964844,47.38999938964844,36.41682434082031,7293700
2012-11-13,47.65999984741211,47.959999084472656,47.119998931884766,35.906490325927734,7142600
2012-11-14,47.2400016784668,47.599998474121094,46.0099983215332,35.20573806762695,9323100
2012-11-15,46.16999816894531,46.40999984741211,44.880001068115234,35.007686614990234,6867700
2012-11-16,46,46.25,45.43000030517578,34.9696044921875,8915600
2012-11-19,46.29999923706055,47.06999969482422,46.150001525878906,35.82271194458008,8489500
2012-11-20,47.029998779296875,47.290000915527344,46.75,35.944576263427734,4547600
2012-11-21,47.33000183105469,47.439998626708984,46.959999084472656,36.11977005004883,3922900
2012-11-23,47.47999954223633,47.7599983215332,47.40999984741211,36.36351013183594,2254200
2012-11-26,47.349998474121094,47.93000030517578,46.88999938964844,36.508235931396484,7630800
2012-11-27,47.81999969482422,48.27000045776367,47.5099983215332,36.317813873291016,5380000
2012-11-28,47.630001068115234,48.04999923706055,47.25,36.59202194213867,3654200
2012-11-29,48.290000915527344,48.77000045776367,48.22999954223633,37.003353118896484,4395700
2012-11-30,48.61000061035156,49.150001525878906,48.38999938964844,37.35371780395508,6859200
2012-12-03,49.209999084472656,49.61000061035156,48.79999923706055,37.262306213378906,5651800
2012-12-04,48.90999984741211,49.470001220703125,48.849998474121094,37.490840911865234,5488200
2012-12-05,49.220001220703125,49.70000076293945,48.97999954223633,37.765037536621094,5268300
2012-12-06,49.630001068115234,49.650001525878906,49.25,37.6279296875,5151100
2012-12-07,49.470001220703125,49.65999984741211,49.20000076293945,37.803131103515625,2972400
2012-12-10,49.61000061035156,50.310001373291016,49.20000076293945,38.176353454589844,4296900
2012-12-11,50.209999084472656,50.7599983215332,50.13999938964844,38.54197311401367,5401500
2012-12-12,49.25,50,48.810001373291016,37.32324981689453,18763400
2012-12-13,49.18000030517578,49.27000045776367,47.970001220703125,36.736751556396484,10167100
2012-12-14,48.04999923706055,48.09000015258789,47.61000061035156,36.40159606933594,6357400
2012-12-17,47.79999923706055,48.54999923706055,47.779998779296875,36.82052993774414,7445300
2012-12-18,48.56999969482422,49.540000915527344,48.349998474121094,37.71934509277344,13440200
2012-12-19,49.41999816894531,49.619998931884766,48.90999984741211,37.262306213378906,7036700
2012-12-20,48.88999938964844,49.349998474121094,48.709999084472656,37.51366424560547,6572200
2012-12-21,48.869998931884766,49.689998626708984,48.75,37.74217987060547,12842500
2012-12-24,49.459999084472656,49.459999084472656,48.79999923706055,37.35371780395508,2765100
2012-12-26,49.099998474121094,49.2400016784668,48.619998931884766,37.36896514892578,3680400
2012-12-27,48.97999954223633,49.38999938964844,48.52000045776367,37.30039978027344,4349100
2012-12-28,48.650001525878906,49.18000030517578,48.54999923706055,37.01856994628906,3646300
2012-12-31,48.5,49.349998474121094,48.380001068115234,37.56700134277344,5245200
2013-01-02,49.939998626708984,50.310001373291016,49.189998626708984,37.71172332763672,8352400
2013-01-03,49.52000045776367,49.849998474121094,49.209999084472656,37.871673583984375,7448100
2013-01-04,51.060001373291016,51.900001525878906,50.689998626708984,39.273223876953125,13587200
2013-01-07,51.310001373291016,51.900001525878906,51.0099983215332,39.21987533569336,6989100
2013-01-08,51.41999816894531,52.02000045776367,51.279998779296875,39.51694107055664,5246100
2013-01-09,52.189998626708984,53.060001373291016,52,40.347198486328125,7267200
2013-01-10,53.25,53.529998779296875,52.869998931884766,40.560462951660156,6324400
2013-01-11,53.36000061035156,53.400001525878906,52.959999084472656,40.45384216308594,5126500
2013-01-14,53.20000076293945,53.41999816894531,52.75,40.21771240234375,6286100
2013-01-15,52.65999984741211,53.36000061035156,52.650001525878906,40.5909538269043,5915600
2013-01-16,53.16999816894531,53.310001373291016,52.720001220703125,40.31671905517578,4467100
2013-01-17,52.61000061035156,53.470001220703125,52.52000045776367,40.62141418457031,4880800
2013-01-18,53.310001373291016,53.77000045776367,52.93000030517578,40.95655059814453,6557400
2013-01-22,53.720001220703125,53.77000045776367,53.119998931884766,40.705196380615234,6089100
2013-01-23,52.75,52.959999084472656,52.20000076293945,39.91302490234375,10413800
2013-01-24,52.599998474121094,53.2599983215332,52.599998474121094,40.49191665649414,6719100
2013-01-25,53.16999816894531,53.66999816894531,53.09000015258789,40.53001022338867,6028200
2013-01-28,53.119998931884766,53.25,52.459999084472656,40.09583282470703,8054100
2013-01-29,52.7599983215332,54.869998931884766,52.7599983215332,41.37548065185547,11003300
2013-01-30,54.22999954223633,54.779998779296875,53.9900016784668,41.24601364135742,6316700
2013-01-31,54.06999969482422,54.15999984741211,53.209999084472656,40.89561462402344,5121400
2013-02-01,53.54999923706055,54.47999954223633,53.54999923706055,41.28409194946289,4205500
2013-02-04,53.84000015258789,53.880001068115234,53.470001220703125,40.78898239135742,4968900
2013-02-05,53.7599983215332,54.38999938964844,53.7599983215332,41.20791244506836,3519900
2013-02-06,53.93000030517578,54.15999984741211,53.630001068115234,41.07843017578125,3575100
2013-02-07,53.849998474121094,53.91999816894531,53.220001220703125,40.96417999267578,5233900
2013-02-08,53.63999938964844,54,53.560001373291016,40.918453216552734,17142800
2013-02-11,53.560001373291016,54.060001373291016,53.47999954223633,41.05559158325195,18307300
2013-02-12,53.7400016784668,53.90999984741211,53.68000030517578,40.97940444946289,19666700
2013-02-13,53.400001525878906,53.45000076293945,53.2599983215332,41.079349517822266,4385000
2013-02-14,53.220001220703125,53.58000183105469,53.18000030517578,41.12544631958008,4276900
2013-02-15,53.5,54,53.5,41.19464111328125,5482800
2013-02-19,53.619998931884766,54.18000030517578,53.599998474121094,41.64817428588867,3981200
2013-02-20,54.15999984741211,54.68000030517578,54.099998474121094,41.73274230957031,4446300
2013-02-21,54.11000061035156,54.25,53.93000030517578,41.525169372558594,5512500
2013-02-22,54.06999969482422,54.27000045776367,53.529998779296875,41.71736526489258,5519000
2013-02-25,54.5,54.93000030517578,53.77000045776367,41.333011627197266,6361000
2013-02-26,54.08000183105469,54.52000045776367,53.720001220703125,41.840354919433594,4772100
2013-02-27,54.5,54.9900016784668,54.2599983215332,42.124778747558594,3972000
2013-02-28,54.68000030517578,54.97999954223633,54.58000183105469,42.01714324951172,5877500
2013-03-01,54.310001373291016,54.849998474121094,54.310001373291016,42.109397888183594,4592600
2013-03-04,54.65999984741211,54.90999984741211,54.529998779296875,42.094024658203125,4424200
2013-03-05,54.970001220703125,55.7400016784668,54.90999984741211,42.693603515625,4866800
2013-03-06,55.58000183105469,55.66999816894531,54.91999816894531,42.340003967285156,6787700
2013-03-07,55.09000015258789,55.560001373291016,55.08000183105469,42.54756164550781,3602300
2013-03-08,55.5,55.59000015258789,54.970001220703125,42.401493072509766,4824800
2013-03-11,55.060001373291016,55.2400016784668,54.790000915527344,42.33232498168945,4766200
2013-03-12,55.060001373291016,55.43000030517578,54.95000076293945,42.340003967285156,3870600
2013-03-13,55.150001525878906,55.27000045776367,55,42.32463455200195,3623700
2013-03-14,55.459999084472656,55.650001525878906,54.810001373291016,42.33232498168945,5357000
2013-03-15,54.68000030517578,55.130001068115234,54.38999938964844,42.37845230102539,10614700
2013-03-18,54.630001068115234,54.95000076293945,54.540000915527344,42.01714324951172,3926500
2013-03-19,54.83000183105469,54.959999084472656,54.5,42.11708068847656,3337200
2013-03-20,55.04999923706055,55.45000076293945,55.02000045776367,42.50911331176758,3802800
2013-03-21,55.040000915527344,55.290000915527344,54.880001068115234,42.340003967285156,2702500
2013-03-22,55.25,55.68000030517578,55.130001068115234,42.7166862487793,2811100
2013-03-25,55.70000076293945,55.790000915527344,55.2599983215332,42.75510787963867,4675200
2013-03-26,55.900001525878906,56.68000030517578,55.779998779296875,43.27013397216797,5107900
2013-03-27,56.029998779296875,56.459999084472656,55.95000076293945,43.33163070678711,3417800
2013-03-28,56.5099983215332,56.939998626708984,56.31999969482422,43.654476165771484,4223200
2013-04-01,56.66999816894531,56.79999923706055,56.220001220703125,43.51611328125,3668000
2013-04-02,56.630001068115234,57.13999938964844,56.290000915527344,43.43156814575195,4040300
2013-04-03,56.66999816894531,57.22999954223633,56.58000183105469,43.70060729980469,5563600
2013-04-04,56.849998474121094,57.279998779296875,56.560001373291016,43.762107849121094,3016200
2013-04-05,56.45000076293945,56.61000061035156,56.220001220703125,43.41618347167969,3001200
2013-04-08,56.45000076293945,56.81999969482422,55.880001068115234,43.677547454833984,3691900
2013-04-09,56.959999084472656,57.22999954223633,56.58000183105469,43.61605453491211,4145100
2013-04-10,57.220001220703125,57.68000030517578,57.209999084472656,44.26945495605469,3238000
2013-04-11,57.650001525878906,58.2599983215332,57.58000183105469,44.584617614746094,4048000
2013-04-12,57.77000045776367,58.34000015258789,57.36000061035156,44.20793533325195,4709100
2013-04-15,57.02000045776367,57.75,56.47999954223633,43.42387390136719,5645800
2013-04-16,56.79999923706055,57.33000183105469,56.540000915527344,43.95427322387695,4130500
2013-04-17,56.97999954223633,57.630001068115234,56.7400016784668,44.17719650268555,4147400
2013-04-18,57.47999954223633,57.5099983215332,56.16999816894531,43.27013397216797,4098600
2013-04-19,56.560001373291016,57.439998626708984,56.369998931884766,44.13875961303711,4892900
2013-04-22,57.459999084472656,57.630001068115234,56.9900016784668,44.26176071166992,2732900
2013-04-23,57.939998626708984,58.400001525878906,57.52000045776367,44.838287353515625,4014600
2013-04-24,57.90999984741211,58.33000183105469,56.02000045776367,43.08564758300781,6678800
2013-04-25,56.380001068115234,56.5,55.02000045776367,43.37775421142578,7431300
2013-04-26,56.45000076293945,56.75,56.279998779296875,43.400814056396484,3457300
2013-04-29,56.59000015258789,56.630001068115234,55.790000915527344,43.054893493652344,4852700
2013-04-30,55.900001525878906,55.900001525878906,55.15999984741211,42.570621490478516,4679000
2013-05-01,55.099998474121094,55.130001068115234,54.150001525878906,41.69430160522461,5789900
2013-05-02,54.31999969482422,54.83000183105469,54.150001525878906,42.04790115356445,4060900
2013-05-03,55.189998626708984,55.189998626708984,54.58000183105469,42.27082443237305,3407600
2013-05-06,55.02000045776367,55.15999984741211,54.29999923706055,41.87110900878906,4618300
2013-05-07,54.52000045776367,54.59000015258789,53.849998474121094,41.64049530029297,6318500
2013-05-08,54.22999954223633,54.779998779296875,54.15999984741211,41.90953826904297,5429000
2013-05-09,54.58000183105469,54.939998626708984,54.349998474121094,41.94029235839844,12817600
2013-05-10,53.970001220703125,54.81999969482422,53.880001068115234,42.1401481628418,15278800
2013-05-13,54.720001220703125,56.310001373291016,54.54999923706055,43.262447357177734,18982900
2013-05-14,55.810001373291016,56.18000030517578,55.709999084472656,43.32448196411133,4821500
2013-05-15,55.91999816894531,57.099998474121094,55.91999816894531,43.9836311340332,5386200
2013-05-16,56.560001373291016,56.560001373291016,55.81999969482422,43.37876892089844,3819900
2013-05-17,55.970001220703125,56.22999954223633,55.349998474121094,43.34773635864258,3762700
2013-05-20,55.900001525878906,55.939998626708984,54.880001068115234,42.66535949707031,4242600
2013-05-21,55.06999969482422,55.43000030517578,54.65999984741211,42.7584114074707,4220100
2013-05-22,55.2599983215332,56.060001373291016,54.65999984741211,42.58781433105469,4569300
2013-05-23,54.66999816894531,55.29999923706055,54.5099983215332,42.44821548461914,3953000
2013-05-24,54.5,54.5,53.88999938964844,41.98295211791992,4983600
2013-05-28,54.709999084472656,55.189998626708984,54.31999969482422,42.29314041137695,4344000
2013-05-29,54.2400016784668,54.36000061035156,53.439998626708984,41.6805305480957,4201600
2013-05-30,53.93000030517578,54.619998931884766,53.790000915527344,41.93642044067383,4393500
2013-05-31,53.91999816894531,54.060001373291016,53.150001525878906,41.22301483154297,4827100
2013-06-03,53.08000183105469,53.2400016784668,52.52000045776367,41.20750427246094,4173000
2013-06-04,53.13999938964844,53.41999816894531,52.220001220703125,40.711219787597656,4093300
2013-06-05,52.31999969482422,52.869998931884766,51.7599983215332,40.176143646240234,4540700
2013-06-06,51.88999938964844,52.43000030517578,51.34000015258789,40.39327621459961,4976800
2013-06-07,52.58000183105469,53.060001373291016,52.279998779296875,40.70346450805664,4367400
2013-06-10,52.70000076293945,52.83000183105469,52.150001525878906,40.81977462768555,4212600
2013-06-11,52.22999954223633,52.31999969482422,51.779998779296875,40.27696228027344,5268400
2013-06-12,52.310001373291016,52.61000061035156,51.7599983215332,40.15289306640625,3507000
2013-06-13,51.68000030517578,51.88999938964844,50.83000183105469,40.20716857910156,7099100
2013-06-14,51.470001220703125,52.279998779296875,51.38999938964844,40.36225509643555,6116300
2013-06-17,52.41999816894531,53.04999923706055,52.20000076293945,40.60265350341797,5134700
2013-06-18,52.470001220703125,52.720001220703125,51.689998626708984,40.59489059448242,5163600
2013-06-19,52.279998779296875,52.380001068115234,51.31999969482422,39.83494567871094,4578700
2013-06-20,50.959999084472656,50.959999084472656,49.209999084472656,38.31507110595703,7952200
2013-06-21,50.02000045776367,50.43000030517578,49.529998779296875,38.702789306640625,7198300
2013-06-24,49.310001373291016,49.599998474121094,48.68000030517578,38.04365921020508,5861800
2013-06-25,49.540000915527344,49.540000915527344,48.90999984741211,38.167724609375,4041300
2013-06-26,49.65999984741211,49.900001525878906,49.220001220703125,38.609745025634766,6075500
2013-06-27,50.11000061035156,50.33000183105469,49.720001220703125,38.555458068847656,3657300
2013-06-28,49.619998931884766,49.86000061035156,49.04999923706055,38.090187072753906,8242900
2013-07-01,49.349998474121094,50.310001373291016,49.27000045776367,38.89665985107422,6987400
2013-07-02,50.08000183105469,50.93000030517578,50.06999969482422,39.160316467285156,5845400
2013-07-03,50.47999954223633,50.47999954223633,49.5,38.881141662597656,2671200
2013-07-05,50.59000015258789,50.81999969482422,49.970001220703125,39.22233963012695,2700400
2013-07-08,50.79999923706055,51.189998626708984,50.65999984741211,39.64884567260742,4376000
2013-07-09,51.40999984741211,51.810001373291016,51.15999984741211,40.16064453125,4518800
2013-07-10,51.779998779296875,51.90999984741211,51.25,39.87372589111328,3865200
2013-07-11,52.060001373291016,52.060001373291016,51.43000030517578,39.966796875,3922600
2013-07-12,51.630001068115234,51.630001068115234,51.099998474121094,39.896995544433594,4066900
2013-07-15,51.40999984741211,51.720001220703125,51.16999816894531,39.966796875,2922300
2013-07-16,51.54999923706055,51.790000915527344,50.79999923706055,39.548030853271484,4029900
2013-07-17,51.20000076293945,51.2400016784668,50.61000061035156,39.29214096069336,4038000
2013-07-18,50.630001068115234,50.66999816894531,49.83000183105469,38.710548400878906,6040300
2013-07-19,49.93000030517578,50.61000061035156,49.459999084472656,39.23786544799805,7808800
2013-07-22,50.54999923706055,50.83000183105469,50.33000183105469,39.261112213134766,3362600
2013-07-23,50.77000045776367,51.060001373291016,50.560001373291016,39.540283203125,3926400
2013-07-24,52,52.68000030517578,51.75,40.74997329711914,8955800
2013-07-25,52.40999984741211,52.63999938964844,51.880001068115234,40.781002044677734,4085400
2013-07-26,52.40999984741211,53.400001525878906,52.25,41.37808609008789,4349400
2013-07-29,53.22999954223633,53.83000183105469,53.150001525878906,41.53318786621094,4230700
2013-07-30,53.79999923706055,53.97999954223633,53.209999084472656,41.34708786010742,3594200
2013-07-31,53.36000061035156,53.650001525878906,52.93000030517578,41.184234619140625,4334500
2013-08-01,53.43000030517578,53.66999816894531,53.11000061035156,41.48665237426758,3297800
2013-08-02,53.470001220703125,53.91999816894531,53.220001220703125,41.78134536743164,3626300
2013-08-05,53.869998931884766,54.45000076293945,53.59000015258789,41.77358627319336,3794000
2013-08-06,53.900001525878906,54.189998626708984,53.22999954223633,41.34708786010742,4177300
2013-08-07,53.31999969482422,53.75,53.04999923706055,41.5797119140625,3377600
2013-08-08,53.880001068115234,53.91999816894531,53.220001220703125,41.54094696044922,17504400
2013-08-09,53.56999969482422,54.209999084472656,53.349998474121094,42.01396179199219,14719900
2013-08-12,53.86000061035156,54.09000015258789,53.58000183105469,41.91316223144531,17194000
2013-08-13,56,56.5,54.72999954223633,43.00873947143555,14253300
2013-08-14,54.959999084472656,55.099998474121094,54.0099983215332,42.413997650146484,5054300
2013-08-15,53.7599983215332,53.93000030517578,53.27000045776367,41.78012466430664,4509000
2013-08-16,53.16999816894531,53.31999969482422,52.790000915527344,41.365386962890625,5112300
2013-08-19,52.709999084472656,53.150001525878906,52.68000030517578,41.310611724853516,3372700
2013-08-20,52.790000915527344,53.08000183105469,52.72999954223633,41.31842041015625,2890900
2013-08-21,52.72999954223633,52.93000030517578,52.31999969482422,41.02106475830078,3969600
2013-08-22,52.400001525878906,52.77000045776367,52.310001373291016,41.052364349365234,2388600
2013-08-23,52.459999084472656,52.619998931884766,51.93000030517578,41.17756652832031,3249400
2013-08-26,52.70000076293945,52.77000045776367,52.040000915527344,40.73150634765625,4048600
2013-08-27,51.689998626708984,51.7400016784668,51.2400016784668,40.12113571166992,4527000
2013-08-28,51.189998626708984,51.75,51,40.27763748168945,3211800
2013-08-29,51.2599983215332,51.7400016784668,51.099998474121094,40.261985778808594,2305000
2013-08-30,51.459999084472656,51.619998931884766,51.16999816894531,40.222877502441406,3237300
2013-09-03,51.77000045776367,51.900001525878906,51.040000915527344,40.15242004394531,2641600
2013-09-04,51.36000061035156,52.400001525878906,51.279998779296875,40.833255767822266,4179500
2013-09-05,52.290000915527344,52.349998474121094,51.91999816894531,40.856719970703125,2424400
2013-09-06,52.220001220703125,52.72999954223633,51.689998626708984,41.01322555541992,2886500
2013-09-09,52.40999984741211,52.58000183105469,52.09000015258789,41.114952087402344,2324500
2013-09-10,52.88999938964844,53.130001068115234,52.529998779296875,41.373207092285156,3414600
2013-09-11,52.869998931884766,53.150001525878906,52.689998626708984,41.31842041015625,3943800
2013-09-12,52.900001525878906,53.220001220703125,52.7599983215332,41.40449905395508,3094200
2013-09-13,53.0099983215332,53.290000915527344,52.93000030517578,41.68622970581055,2784500
2013-09-16,53.77000045776367,53.84000015258789,53.43000030517578,41.975765228271484,2666100
2013-09-17,53.63999938964844,54.18000030517578,53.61000061035156,42.12444305419922,3782200
2013-09-18,53.869998931884766,54.25,53.220001220703125,42.3826904296875,3332500
2013-09-19,53.900001525878906,54.119998931884766,53.630001068115234,42.14792251586914,3410300
2013-09-20,54.040000915527344,54.18000030517578,53.720001220703125,42.20271301269531,5877800
2013-09-23,53.84000015258789,53.86000061035156,52.83000183105469,41.506248474121094,4571400
2013-09-24,52.9900016784668,53.09000015258789,52.33000183105469,41.02887725830078,5359100
2013-09-25,52.599998474121094,52.95000076293945,52.36000061035156,41.16975021362305,4167600
2013-09-26,51.20000076293945,51.95000076293945,50.150001525878906,39.9411506652832,14551200
2013-09-27,50.68000030517578,50.81999969482422,50.06999969482422,39.51858139038086,5866600
2013-09-30,50.29999923706055,50.65999984741211,50.209999084472656,39.38554763793945,4803500
2013-10-01,50.40999984741211,50.689998626708984,50.2400016784668,39.651611328125,3978100
2013-10-02,50.45000076293945,50.66999816894531,50.220001220703125,39.54987716674805,3424800
2013-10-03,50.25,50.290000915527344,48.5,38.18824768066406,15000900
2013-10-04,48.86000061035156,48.86000061035156,48.0099983215332,37.859580993652344,10750400
2013-10-07,48.16999816894531,48.209999084472656,47.560001373291016,37.28830337524414,7826100
2013-10-08,47.75,48.36000061035156,47.529998779296875,37.60133361816406,10496100
2013-10-09,48.09000015258789,48.2599983215332,47.529998779296875,37.53089141845703,6925000
2013-10-10,48.81999969482422,49.15999984741211,48.5099983215332,38.46214294433594,6285000
2013-10-11,48.630001068115234,49.09000015258789,48.5099983215332,38.25084686279297,6571900
2013-10-14,48.630001068115234,49.04999923706055,48.470001220703125,38.36824035644531,5516000
2013-10-15,48.79999923706055,49.08000183105469,48.599998474121094,38.19607162475586,4968700
2013-10-16,48.939998626708984,49.0099983215332,48.5099983215332,38.27431106567383,7249600
2013-10-17,48.90999984741211,49.7599983215332,48.90999984741211,38.89252853393555,5555800
2013-10-18,49.970001220703125,50.0099983215332,49.279998779296875,38.78297424316406,7022700
2013-10-21,49.56999969482422,49.720001220703125,49.38999938964844,38.85340881347656,4469200
2013-10-22,49.720001220703125,50.369998931884766,49.529998779296875,39.244686126708984,5792100
2013-10-23,50.52000045776367,51,49.939998626708984,39.369895935058594,5754500
2013-10-24,50.81999969482422,51,50.36000061035156,39.55769729614258,5580400
2013-10-25,50.47999954223633,51,50.310001373291016,39.643798828125,4546700
2013-10-28,50.70000076293945,51.13999938964844,50.599998474121094,39.81593704223633,4474700
2013-10-29,50.959999084472656,50.97999954223633,50.130001068115234,39.28379821777344,6986400
2013-10-30,50.2400016784668,50.27000045776367,48.970001220703125,38.50907897949219,8599400
2013-10-31,49.27000045776367,50.209999084472656,49.220001220703125,38.98642349243164,6757500
2013-11-01,49.90999984741211,50.43000030517578,49.810001373291016,39.424659729003906,5045400
2013-11-04,50.38999938964844,50.54999923706055,50.099998474121094,39.44813919067383,4322800
2013-11-05,50.279998779296875,50.689998626708984,50.209999084472656,39.4168586730957,3692700
2013-11-06,50.560001373291016,50.560001373291016,50.2599983215332,39.510746002197266,5477800
2013-11-07,50.54999923706055,50.619998931884766,49.970001220703125,39.135128021240234,18678300
2013-11-08,49.95000076293945,50.66999816894531,49.880001068115234,39.62031173706055,18998600
2013-11-11,49.72999954223633,50.31999969482422,49.5099983215332,39.34640884399414,8162900
2013-11-12,50.08000183105469,50.279998779296875,49.970001220703125,39.17424392700195,27846900
2013-11-13,49.279998779296875,50.66999816894531,49.27000045776367,39.948734283447266,8956300
2013-11-14,50.5,51.13999938964844,50.4900016784668,40.328060150146484,5480100
2013-11-15,50.869998931884766,51.130001068115234,50.84000015258789,40.31224822998047,5759000
2013-11-18,51.099998474121094,51.099998474121094,50.77000045776367,40.328060150146484,4024500
2013-11-19,50.939998626708984,51.09000015258789,50.779998779296875,40.256935119628906,3724800
2013-11-20,50.88999938964844,51,50.47999954223633,40.04356002807617,3711400
2013-11-21,50.709999084472656,50.81999969482422,50.290000915527344,39.901309967041016,4749300
2013-11-22,50.52000045776367,51.2400016784668,50.400001525878906,40.48611831665039,5165100
2013-11-25,51.38999938964844,51.619998931884766,51.220001220703125,40.57304763793945,4338300
2013-11-26,51.400001525878906,51.45000076293945,50.540000915527344,39.940826416015625,5851200
2013-11-27,50.310001373291016,50.650001525878906,50.20000076293945,39.7985725402832,3287300
2013-11-29,50.630001068115234,50.77000045776367,50.099998474121094,39.68793487548828,2142800
2013-12-02,50.29999923706055,50.4900016784668,49.869998931884766,39.7037353515625,3588300
2013-12-03,50.15999984741211,50.290000915527344,49.650001525878906,39.340206146240234,5035800
2013-12-04,49.790000915527344,50.029998779296875,49.529998779296875,39.41132736206055,4106300
2013-12-05,49.83000183105469,50.18000030517578,49.72999954223633,39.48245620727539,3716500
2013-12-06,50.34000015258789,50.68000030517578,50.25,40.011959075927734,3854200
2013-12-09,50.58000183105469,51.04999923706055,50.4900016784668,40.138404846191406,3804800
2013-12-10,50.86000061035156,50.880001068115234,50.31999969482422,39.901309967041016,4385600
2013-12-11,50.599998474121094,50.63999938964844,49.869998931884766,39.498260498046875,4610500
2013-12-12,49.79999923706055,49.95000076293945,49.13999938964844,38.905548095703125,5274400
2013-12-13,49.279998779296875,49.66999816894531,49.08000183105469,39.032012939453125,4286900
2013-12-16,49.61000061035156,49.939998626708984,49.16999816894531,38.87394714355469,4906900
2013-12-17,49.310001373291016,49.310001373291016,48.880001068115234,38.89764404296875,4110200
2013-12-18,49.2400016784668,50.58000183105469,49.130001068115234,39.917118072509766,6207900
2013-12-19,50.189998626708984,50.5099983215332,49.88999938964844,39.62472152709961,5356300
2013-12-20,50.220001220703125,50.93000030517578,49.9900016784668,39.6721305847168,6367100
2013-12-23,50.47999954223633,50.900001525878906,50.279998779296875,39.948734283447266,4574300
2013-12-24,50.58000183105469,50.900001525878906,50.5099983215332,40.0988883972168,1359500
2013-12-26,50.7599983215332,51.25,50.619998931884766,40.296451568603516,2440000
2013-12-27,51.099998474121094,51.380001068115234,50.90999984741211,40.501922607421875,2265000
2013-12-30,51.150001525878906,51.220001220703125,50.630001068115234,40.43869400024414,3309200
2013-12-31,51.189998626708984,51.2599983215332,50.849998474121094,40.304359436035156,2928600
2014-01-02,50.970001220703125,51.09000015258789,50.560001373291016,40.09098434448242,3175900
2014-01-03,50.779998779296875,51.20000076293945,50.66999816894531,40.383384704589844,4006300
2014-01-06,51.18000030517578,51.939998626708984,51.16999816894531,40.723201751708984,7898300
2014-01-07,51.529998779296875,52.08000183105469,51.150001525878906,40.45450210571289,7359200
2014-01-08,50.83000183105469,51.150001525878906,50.52000045776367,40.39129638671875,7517100
2014-01-09,51.2400016784668,51.7400016784668,51.189998626708984,40.84175109863281,6351700
2014-01-10,51.4900016784668,52.11000061035156,51.25,41.03932189941406,5399100
2014-01-13,52.029998779296875,52.52000045776367,51.90999984741211,41.14995193481445,5406300
2014-01-14,52.13999938964844,52.54999923706055,51.869998931884766,41.44236755371094,4994500
2014-01-15,52.650001525878906,53.58000183105469,52.41999816894531,42.20893096923828,8427400
2014-01-16,53.59000015258789,55.63999938964844,53.59000015258789,43.70256423950195,12158200
2014-01-17,55.349998474121094,55.45000076293945,54.86000061035156,43.59193801879883,7850900
2014-01-21,55.349998474121094,55.790000915527344,54.88999938964844,43.93175506591797,5624400
2014-01-22,55.7400016784668,55.779998779296875,55.27000045776367,43.93965148925781,3342300
2014-01-23,55.380001068115234,55.380001068115234,54.619998931884766,43.584022521972656,5130300
2014-01-24,54.709999084472656,54.97999954223633,54,42.770042419433594,5943500
2014-01-27,54.220001220703125,54.66999816894531,53.810001373291016,42.77792739868164,6378300
2014-01-28,54.2599983215332,54.529998779296875,53.86000061035156,42.85697555541992,5771200
2014-01-29,54.189998626708984,54.220001220703125,53.56999969482422,42.60408020019531,7314000
2014-01-30,54.09000015258789,54.560001373291016,53.029998779296875,42.09830093383789,7277600
2014-01-31,53.119998931884766,54.060001373291016,52.869998931884766,42.68309783935547,8214700
2014-02-03,54.11000061035156,54.380001068115234,52.5099983215332,41.61622619628906,6997800
2014-02-04,52.849998474121094,53.20000076293945,52.400001525878906,41.96394729614258,6001900
2014-02-05,53.060001373291016,53.47999954223633,52.459999084472656,41.66364288330078,4467300
2014-02-06,52.91999816894531,52.97999954223633,52.45000076293945,41.66364288330078,4494400
2014-02-07,52.810001373291016,53.54999923706055,52.75,42.05086898803711,4488800
2014-02-10,52.75,53.9900016784668,52.290000915527344,42.65149688720703,4220500
2014-02-11,53.81999969482422,54.630001068115234,53.65999984741211,43.0782470703125,5869500
2014-02-12,54.150001525878906,54.150001525878906,53.119998931884766,42.52003479003906,6049500
2014-02-13,53.040000915527344,53.70000076293945,52.88999938964844,42.64762878417969,3769200
2014-02-14,53.40999984741211,54.369998931884766,53.33000183105469,43.2217903137207,3970200
2014-02-18,54.13999938964844,55.34000015258789,54.029998779296875,44.05909729003906,6844600
2014-02-19,57.29999923706055,58.20000076293945,56.54999923706055,46.3238525390625,16112300
2014-02-20,57.849998474121094,58.52000045776367,57.400001525878906,46.29197311401367,8991600
2014-02-21,58.099998474121094,58.7599983215332,57.77000045776367,46.22019577026367,6617300
2014-02-24,58.099998474121094,58.900001525878906,57.88999938964844,46.276023864746094,4142200
2014-02-25,57.9900016784668,58.84000015258789,57.93000030517578,46.634883880615234,5463600
2014-02-26,58.470001220703125,58.88999938964844,58.380001068115234,46.778419494628906,4598500
2014-02-27,58.54999923706055,59.650001525878906,58.45000076293945,47.48016357421875,5659200
2014-02-28,59.529998779296875,60.119998931884766,59.33000183105469,47.53599166870117,5882500
2014-03-03,58.95000076293945,59.5,58.810001373291016,47.073455810546875,4088000
2014-03-04,59.54999923706055,60.099998474121094,59.54999923706055,47.72737121582031,5599100
2014-03-05,59.939998626708984,59.970001220703125,59.220001220703125,47.392452239990234,3539300
2014-03-06,59.45000076293945,59.91999816894531,58.689998626708984,46.826263427734375,5075100
2014-03-07,58.88999938964844,59.08000183105469,58.150001525878906,46.722572326660156,4288600
2014-03-10,58.5099983215332,58.91999816894531,58.20000076293945,46.96979522705078,3978100
2014-03-11,58.91999816894531,59.02000045776367,58.31999969482422,46.59499740600586,3438800
2014-03-12,58.15999984741211,59.209999084472656,58.119998931884766,47.20903778076172,4546500
2014-03-13,59.2400016784668,59.33000183105469,58.22999954223633,46.52322769165039,4103700
2014-03-14,58.310001373291016,58.97999954223633,58.22999954223633,46.94587326049805,4201800
2014-03-17,59.119998931884766,59.290000915527344,58.650001525878906,46.94587326049805,3016200
2014-03-18,58.90999984741211,59.70000076293945,58.810001373291016,47.36852264404297,4082800
2014-03-19,59.349998474121094,59.7400016784668,58.630001068115234,47.089412689208984,2865900
2014-03-20,58.880001068115234,58.88999938964844,58.29999923706055,46.706634521484375,3546400
2014-03-21,58.880001068115234,59.75,57.7599983215332,46.07664489746094,7410400
2014-03-24,57.779998779296875,57.9900016784668,56.810001373291016,45.77361297607422,5910900
2014-03-25,57.45000076293945,57.84000015258789,56.939998626708984,45.622100830078125,6410000
2014-03-26,57.38999938964844,58.29999923706055,57.2400016784668,45.83741760253906,6628500
2014-03-27,57.5,58.119998931884766,57.16999816894531,45.877296447753906,5472500
2014-03-28,57.66999816894531,58.470001220703125,57.400001525878906,45.941078186035156,3117500
2014-03-31,57.939998626708984,59.130001068115234,57.810001373291016,46.93790054321289,5098900
2014-04-01,59.130001068115234,59.90999984741211,58.5099983215332,46.906009674072266,6344300
2014-04-02,59.16999816894531,59.279998779296875,58.75,47.169151306152344,3881400
2014-04-03,59.83000183105469,60.18000030517578,58.75,47.02561950683594,5446800
2014-04-04,59.220001220703125,59.959999084472656,58.93000030517578,47.057518005371094,5177900
2014-04-07,59.2599983215332,60.08000183105469,58.58000183105469,46.746517181396484,5522400
2014-04-08,58,58.93000030517578,57.599998474121094,46.71461486816406,6169800
2014-04-09,58.70000076293945,60.459999084472656,58.65999984741211,48.18989562988281,6638600
2014-04-10,60.400001525878906,60.400001525878906,58.529998779296875,46.778419494628906,5514500
2014-04-11,58.380001068115234,58.88999938964844,58.029998779296875,46.61094284057617,5351000
2014-04-14,58.91999816894531,59.650001525878906,58.29999923706055,47.009681701660156,3675600
2014-04-15,59.189998626708984,59.689998626708984,58.279998779296875,47.38446807861328,4526200
2014-04-16,59.400001525878906,60,59.349998474121094,47.81509780883789,5321800
2014-04-17,59.72999954223633,60.45000076293945,59.619998931884766,48.18989562988281,4743000
2014-04-21,60.439998626708984,60.88999938964844,59.95000076293945,48.53279113769531,3343000
2014-04-22,60.970001220703125,61.150001525878906,59.970001220703125,47.87091827392578,6270800
2014-04-23,59.66999816894531,60.0099983215332,59.22999954223633,47.49611282348633,6555400
2014-04-24,58.310001373291016,59.18000030517578,57.349998474121094,46.794342041015625,7854500
2014-04-25,58.70000076293945,59.130001068115234,58.279998779296875,46.650814056396484,4260400
2014-04-28,59.66999816894531,59.66999816894531,58.15999984741211,47.02561950683594,4930700
2014-04-29,59.20000076293945,59.66999816894531,59.119998931884766,47.54396438598633,5110900
2014-04-30,59.5,59.58000183105469,58.65999984741211,47.12928771972656,5198100
2014-05-01,59.18000030517578,59.709999084472656,58.790000915527344,47.464202880859375,4173400
2014-05-02,59.36000061035156,59.630001068115234,58.75,47.11334228515625,4122500
2014-05-05,58.77000045776367,58.970001220703125,58.040000915527344,46.953857421875,3805900
2014-05-06,58.7400016784668,59.599998474121094,58.45000076293945,46.69868087768555,4185900
2014-05-07,58.68000030517578,59.16999816894531,58.04999923706055,47.169151306152344,5453300
2014-05-08,59.08000183105469,59.5099983215332,58.790000915527344,47.44826889038086,11023900
2014-05-09,59.439998626708984,59.5,58.43000030517578,47.336639404296875,5098400
2014-05-12,59.959999084472656,60.04999923706055,59.060001373291016,47.38446807861328,4982700
2014-05-13,59.040000915527344,60.349998474121094,58.7599983215332,48.27700424194336,6843500
2014-05-14,60.04999923706055,60.4900016784668,60,48.32523727416992,4050200
2014-05-15,59.599998474121094,59.810001373291016,58.0099983215332,46.80553436279297,9782900
2014-05-16,57.97999954223633,58.5,57.810001373291016,46.91006088256836,8677100
2014-05-19,58.279998779296875,58.7599983215332,58.220001220703125,47.1593132019043,3564300
2014-05-20,58.650001525878906,58.869998931884766,58.34000015258789,47.16737747192383,3952800
2014-05-21,58.7599983215332,59.099998474121094,58.650001525878906,47.49704360961914,3020700
2014-05-22,59.130001068115234,59.86000061035156,58.70000076293945,48.01970291137695,3782400
2014-05-23,59.630001068115234,59.86000061035156,59.400001525878906,48.084022521972656,2624600
2014-05-27,60,60.0099983215332,59.439998626708984,48.02772903442383,4006600
2014-05-28,60.22999954223633,60.25,59.70000076293945,48.00361251831055,2604600
2014-05-29,59.90999984741211,60,59.36000061035156,47.81868362426758,3362100
2014-05-30,59.380001068115234,60.099998474121094,59.29999923706055,48.13226318359375,4803000
2014-06-02,59.75,59.86000061035156,58.849998474121094,47.834747314453125,3405700
2014-06-03,59.310001373291016,59.630001068115234,59.11000061035156,47.7221794128418,2798200
2014-06-04,59.18000030517578,59.45000076293945,58.9900016784668,47.61765670776367,2997400
2014-06-05,59.279998779296875,59.7599983215332,59.06999969482422,47.907135009765625,2753800
2014-06-06,59.849998474121094,59.849998474121094,59.380001068115234,47.947322845458984,2551300
2014-06-09,59.56999969482422,59.7599983215332,59.189998626708984,48.035789489746094,2570100
2014-06-10,59.81999969482422,59.81999969482422,59.09000015258789,48.0438117980957,2988000
2014-06-11,59.25,59.84000015258789,59.209999084472656,47.81868362426758,2977400
2014-06-12,59.27000045776367,59.5,58.709999084472656,47.34427261352539,3937400
2014-06-13,59.95000076293945,59.95000076293945,58.84000015258789,47.360347747802734,2881200
2014-06-16,58.939998626708984,59.16999816894531,58.5,47.304073333740234,3209200
2014-06-17,58.7599983215332,59.33000183105469,58.630001068115234,47.64177322387695,2805700
2014-06-18,59.369998931884766,60,59.060001373291016,48.23680877685547,3211600
2014-06-19,60.04999923706055,60.20000076293945,59.650001525878906,48.12422180175781,2431300
2014-06-20,60.66999816894531,62.13999938964844,60.290000915527344,49.87712478637695,11960600
2014-06-23,62.08000183105469,62.400001525878906,61.720001220703125,49.90928268432617,5103400
2014-06-24,61.9900016784668,62.400001525878906,61.59000015258789,49.76456069946289,3809500
2014-06-25,61.970001220703125,63.099998474121094,61.970001220703125,50.657081604003906,6416500
2014-06-26,62.84000015258789,63.099998474121094,62.439998626708984,50.689239501953125,3663000
2014-06-27,62.970001220703125,63.2599983215332,62.689998626708984,50.737483978271484,4643700
2014-06-30,63.34000015258789,63.380001068115234,62.060001373291016,49.989688873291016,4879100
2014-07-01,62.630001068115234,62.849998474121094,62,50.25503158569336,4109000
2014-07-02,62.45000076293945,63.08000183105469,62.119998931884766,50.41585159301758,3941000
2014-07-03,62.900001525878906,63.099998474121094,62.439998626708984,50.705326080322266,2709100
2014-07-07,62.83000183105469,63.22999954223633,62.31999969482422,50.34347915649414,2627300
2014-07-08,62.4900016784668,62.540000915527344,61.869998931884766,50.222869873046875,3449400
2014-07-09,62.529998779296875,62.709999084472656,62.27000045776367,50.351539611816406,2748600
2014-07-10,62.130001068115234,62.709999084472656,62,50.27914810180664,2619200
2014-07-11,62.439998626708984,62.95000076293945,62.27000045776367,50.52843475341797,2400700
2014-07-14,63,63.290000915527344,62.709999084472656,50.66511154174805,2436600
2014-07-15,63,63.119998931884766,62.72999954223633,50.54450607299805,3854400
2014-07-16,63.04999923706055,63.16999816894531,62.06999969482422,50.504302978515625,3885700
2014-07-17,62.36000061035156,62.869998931884766,62.13999938964844,50.06206512451172,3424700
2014-07-18,62.47999954223633,63.5,62.31999969482422,51.034996032714844,3281400
2014-07-21,63,63.689998626708984,62.75,51.171688079833984,3479400
2014-07-22,63.81999969482422,64.1500015258789,63.439998626708984,51.236019134521484,3101800
2014-07-23,63.93000030517578,64.44000244140625,63.79999923706055,51.66218185424805,5559900
2014-07-24,64.0999984741211,65.69999694824219,63.79999923706055,51.75867462158203,5090200
2014-07-25,64.0199966430664,64.0999984741211,63.4900016784668,51.28426742553711,2987400
2014-07-28,63.779998779296875,64.80000305175781,62.869998931884766,50.97066879272461,3956600
2014-07-29,63.70000076293945,63.810001373291016,62.61000061035156,50.472145080566406,5287400
2014-07-30,63.13999938964844,63.18000030517578,62.27000045776367,50.351539611816406,3974000
2014-07-31,61.970001220703125,62.45000076293945,60.939998626708984,49.097164154052734,5485600
2014-08-01,61.0099983215332,61.060001373291016,60.189998626708984,48.79161071777344,6884700
2014-08-04,61,61.689998626708984,60.75,49.555484771728516,4379100
2014-08-05,61.5,61.70000076293945,60.7400016784668,48.944393157958984,3389600
2014-08-06,60.90999984741211,61.41999816894531,60.709999084472656,49.13736343383789,2682800
2014-08-07,61.400001525878906,61.41999816894531,60.13999938964844,48.52626037597656,2352400
2014-08-08,60.47999954223633,61.040000915527344,60.34000015258789,49.032840728759766,2665400
2014-08-11,61.349998474121094,61.869998931884766,61.060001373291016,49.113250732421875,2850400
2014-08-12,61.06999969482422,61.459999084472656,61,49.34642028808594,3481500
2014-08-13,61.2400016784668,61.4900016784668,60.459999084472656,49.111366271972656,4136900
2014-08-14,60.779998779296875,61.220001220703125,60.779998779296875,49.59770202636719,1801600
2014-08-15,61.33000183105469,61.459999084472656,60.5,49.313995361328125,3075600
2014-08-18,61.18000030517578,61.45000076293945,61.06999969482422,49.727394104003906,2198300
2014-08-19,61.88999938964844,62.36000061035156,61.31999969482422,50.38393020629883,3523200
2014-08-20,61.939998626708984,62.2400016784668,61.66999816894531,50.26234436035156,2082200
2014-08-21,62.369998931884766,62.439998626708984,61.90999984741211,50.278560638427734,2846000
2014-08-22,62.0099983215332,62.810001373291016,61.900001525878906,50.51363754272461,3147200
2014-08-25,62.43000030517578,63.130001068115234,62.189998626708984,50.845943450927734,2078700
2014-08-26,62.709999084472656,63.02000045776367,62.619998931884766,50.910789489746094,1927700
2014-08-27,63.189998626708984,63.290000915527344,62.79999923706055,51.06480026245117,3082100
2014-08-28,62.810001373291016,63.27000045776367,62.540000915527344,51.153953552246094,2162000
2014-08-29,63.369998931884766,63.59000015258789,62.970001220703125,51.51871871948242,3388300
2014-09-02,63.599998474121094,63.869998931884766,63.47999954223633,51.61595916748047,3470600
2014-09-03,63.90999984741211,64.16000366210938,63.75,51.99692916870117,4701200
2014-09-04,64.12000274658203,64.37000274658203,64,52.05366516113281,5792000
2014-09-05,64.11000061035156,64.81999969482422,63.970001220703125,52.45893859863281,5457200
2014-09-08,64.62000274658203,65.25,64.58999633789062,52.68589401245117,4264100
2014-09-09,64.7300033569336,64.83000183105469,64.0999984741211,52.23200607299805,4745800
2014-09-10,64.83999633789062,64.95999908447266,64.33000183105469,52.507572174072266,3893000
2014-09-11,64.6500015258789,65.19000244140625,64.55999755859375,52.83181381225586,3577000
2014-09-12,65.25,65.54000091552734,65,52.904747009277344,5376800
2014-09-15,65.13999938964844,65.23999786376953,64.79000091552734,52.839900970458984,2720900
2014-09-16,65.25,65.91000366210938,64.9000015258789,53.334346771240234,2867100
2014-09-17,65.7699966430664,66.18000030517578,65.66000366210938,53.423500061035156,5096200
2014-09-18,66.08000183105469,66.66000366210938,66.04000091552734,53.974693298339844,4326900
2014-09-19,66.98999786376953,67.13999938964844,66.4000015258789,53.926048278808594,6504900
2014-09-22,66.31999969482422,66.36000061035156,65.75,53.56131362915039,3981700
2014-09-23,65.6500015258789,66.12000274658203,65.5,53.45594787597656,2718900
2014-09-24,66.31999969482422,66.55000305175781,66.08000183105469,53.650482177734375,3273600
2014-09-25,65.97000122070312,66.13999938964844,65.5,53.15602111816406,3122600
2014-09-26,65.80000305175781,65.80000305175781,64.98999786376953,53.07496643066406,2925400
2014-09-29,65.05999755859375,65.44999694824219,64.83000183105469,52.96150588989258,3520600
2014-09-30,65.43000030517578,65.56999969482422,64.83000183105469,52.56431579589844,4945700
2014-10-01,65.87999725341797,65.87999725341797,64.69999694824219,52.750736236572266,4246900
2014-10-02,65.08999633789062,65.1500015258789,64.37999725341797,52.5481071472168,4306900
2014-10-03,65.22000122070312,65.76000213623047,65.12000274658203,53.22896957397461,3609800
2014-10-06,65.93000030517578,65.97000122070312,65.38999938964844,53.188446044921875,3428800
2014-10-07,65.12999725341797,65.19000244140625,64.0999984741211,52.05366516113281,6157400
2014-10-08,63.849998474121094,65.26000213623047,63.400001525878906,52.88042068481445,3411200
2014-10-09,64.94000244140625,65.37999725341797,64.29000091552734,52.11851501464844,3632100
2014-10-10,64.0199966430664,65.11000061035156,63.83000183105469,51.99692916870117,3281200
2014-10-13,64.05999755859375,64.5199966430664,63.22999954223633,51.291744232177734,4030300
2014-10-14,63.75,63.939998626708984,62.77000045776367,51.17827224731445,4432900
2014-10-15,61.90999984741211,63.13999938964844,60.58000183105469,50.959434509277344,6814100
2014-10-16,62.02000045776367,62.54999923706055,61.099998474121094,50.173179626464844,5488400
2014-10-17,62.45000076293945,62.810001373291016,61.900001525878906,50.724369049072266,5329400
2014-10-20,62.630001068115234,63.099998474121094,62.400001525878906,51.145851135253906,2900700
2014-10-21,63.40999984741211,64.75,63.40999984741211,52.42652893066406,3478200
2014-10-22,64.58999633789062,65.30000305175781,64.58000183105469,52.42652893066406,4294500
2014-10-23,64.2699966430664,65.19999694824219,63.779998779296875,52.1590461730957,6343000
2014-10-24,64.58000183105469,66.23999786376953,64.4000015258789,53.53697204589844,4784700
2014-10-27,65.94000244140625,66.62000274658203,65.79000091552734,53.658565521240234,4112500
2014-10-28,66,66.0999984741211,63.7400016784668,52.5481071472168,8981000
2014-10-29,65,65.97000122070312,64.77999877929688,53.083072662353516,6196800
2014-10-30,65.4000015258789,66.9800033569336,65.30999755859375,54.14490509033203,4134900
2014-10-31,67.30000305175781,67.43000030517578,65.91000366210938,53.76394271850586,4471900
2014-11-03,66.05000305175781,66.66000366210938,66.02999877929688,53.93415451049805,3465400
2014-11-04,66.87999725341797,67.2300033569336,66.44999694824219,54.44480514526367,4057800
2014-11-05,67.41999816894531,67.61000061035156,66.76000213623047,54.29890060424805,3073900
2014-11-06,67.02999877929688,67.2300033569336,66.6500015258789,54.27458572387695,3091800
2014-11-07,66.81999969482422,66.93000030517578,66.25,53.9827766418457,3796800
2014-11-10,66.81999969482422,68.41999816894531,66.41999816894531,55.4012565612793,4438100
2014-11-11,68.3499984741211,68.66999816894531,67.80999755859375,54.995967864990234,5282300
2014-11-12,67.3499984741211,67.8499984741211,67.0199966430664,55.028629302978516,4499400
2014-11-13,67.68000030517578,68.16000366210938,67.41000366210938,55.25724411010742,3292700
2014-11-14,67.68000030517578,67.72000122070312,67.12000274658203,54.97148513793945,2333300
2014-11-17,67.06999969482422,67.3499984741211,66.94000244140625,54.93881607055664,3309300
2014-11-18,67.19000244140625,68,67.01000213623047,55.3388786315918,3705400
2014-11-19,67.66000366210938,67.66000366210938,66.91000366210938,54.87350845336914,3126000
2014-11-20,66.95999908447266,67.08000183105469,66.55999755859375,54.53876876831055,2467600
2014-11-21,67.44999694824219,67.5,67.02999877929688,54.99596405029297,5892000
2014-11-24,67.61000061035156,67.66999816894531,66.8499984741211,54.644901275634766,4574100
2014-11-25,66.86000061035156,67.22000122070312,66.75,54.5795783996582,4380000
2014-11-26,67.02999877929688,67.38999938964844,66.88999938964844,54.96332550048828,2372900
2014-11-28,67.7300033569336,68.55000305175781,67.5999984741211,55.616485595703125,2237800
2014-12-01,67.97000122070312,68.7699966430664,67.5999984741211,55.93489456176758,4669500
2014-12-02,68.62999725341797,70.7699966430664,68.58999633789062,57.46164321899414,8413400
2014-12-03,70.27999877929688,71.16000366210938,70,58.073997497558594,6423400
2014-12-04,70.9800033569336,72.44000244140625,70.83999633789062,59.094539642333984,6516600
2014-12-05,72.08999633789062,72.20999908447266,71.68000030517578,58.66182327270508,5787500
2014-12-08,71.97000122070312,72.86000061035156,71.81999969482422,59.46196365356445,4915100
2014-12-09,72.18000030517578,72.26000213623047,71.52999877929688,58.95574951171875,3794600
2014-12-10,71.9000015258789,72.19999694824219,71,58.008663177490234,4117600
2014-12-11,73.62999725341797,75.0999984741211,71.54000091552734,58.465877532958984,10901500
2014-12-12,71.45999908447266,71.6500015258789,69.47000122070312,56.783973693847656,7844400
2014-12-15,69.68000030517578,70.72000122070312,69.41999816894531,56.88197326660156,5718800
2014-12-16,69.38999938964844,71.3499984741211,69.02999877929688,56.547237396240234,4916700
2014-12-17,69.55999755859375,70.69999694824219,69.2300033569336,57.380008697509766,5506500
2014-12-18,71.19999694824219,72.4800033569336,70.91000366210938,59.15169906616211,5875600
2014-12-19,72.23999786376953,72.66000366210938,71.33000183105469,59.110897064208984,8311300
2014-12-22,70.94000244140625,71.58999633789062,70.25,58.31077194213867,4622900
2014-12-23,71.66999816894531,71.7300033569336,69.01000213623047,56.939117431640625,4768100
2014-12-24,70.04000091552734,70.70999908447266,70.04000091552734,57.28202438354492,1507000
2014-12-26,70.29000091552734,70.98999786376953,70.26000213623047,57.46981430053711,1438200
2014-12-29,69.91999816894531,70.38999938964844,69.88999938964844,57.233036041259766,1739600
2014-12-30,69.87999725341797,70.16000366210938,69.44000244140625,56.857486724853516,2726100
2014-12-31,69.94000244140625,70.5,68.93000030517578,56.3267822265625,2491000
2015-01-02,69.7699966430664,70.81999969482422,69.72000122070312,57.20038604736328,3146200
2015-01-05,69.7300033569336,70.08999633789062,69.1500015258789,56.63704299926758,4845500
2015-01-06,69.91999816894531,70.91000366210938,69.19999694824219,56.92280197143555,5127400
2015-01-07,70.02999877929688,70.52999877929688,68.44999694824219,56.52272415161133,9043000
2015-01-08,70,71.48999786376953,69.66000366210938,57.86171340942383,7472200
2015-01-09,70.02999877929688,70.11000061035156,69.01000213623047,57.09423828125,8141700
2015-01-12,70.22000122070312,70.61000061035156,69.27999877929688,56.6778564453125,5797600
2015-01-13,70.06999969482422,70.80000305175781,68.80999755859375,56.64518356323242,3364800
2015-01-14,68.7699966430664,69.87999725341797,68.70999908447266,56.955440521240234,3376100
2015-01-15,70.44000244140625,71.2699966430664,69.7300033569336,56.939117431640625,4055000
2015-01-16,69.58999633789062,70.87999725341797,69.44000244140625,57.70657730102539,4263300
2015-01-20,70.87000274658203,72.0999984741211,70.87000274658203,58.80879592895508,6163300
2015-01-21,71.62000274658203,72.5,71.11000061035156,58.980228424072266,5195900
2015-01-22,72.69000244140625,72.69000244140625,71.63999938964844,59.15986251831055,4582800
2015-01-23,72.45999908447266,72.86000061035156,72.05000305175781,58.89043426513672,2903200
2015-01-26,71.86000061035156,72.16999816894531,71.05999755859375,58.87411880493164,3466600
2015-01-27,71.76000213623047,72.13999938964844,71.44999694824219,58.5638542175293,3661600
2015-01-28,72.11000061035156,72.37999725341797,70.76000213623047,57.94335174560547,3105200
2015-01-29,70.97000122070312,72.16000366210938,70.41999816894531,58.87411880493164,4416600
2015-01-30,73.0199966430664,73.47000122070312,71.58000183105469,58.784297943115234,6720100
2015-02-02,71.87000274658203,72,70.2300033569336,58.53119659423828,6274500
2015-02-03,71.58999633789062,71.63999938964844,69.8499984741211,57.878055572509766,6811500
2015-02-04,70.2300033569336,70.48999786376953,69.7699966430664,57.331016540527344,5376400
2015-02-05,70.69999694824219,71.56999969482422,70.68000030517578,58.30260467529297,3847000
2015-02-06,71.16000366210938,71.38999938964844,70.23999786376953,57.44532775878906,3246000
2015-02-09,70,70.26000213623047,69.37999725341797,56.83298110961914,3771200
2015-02-10,70.11000061035156,70.55999755859375,69.88999938964844,57.55963134765625,6888000
2015-02-11,70,70.62000274658203,69.69999694824219,57.51850891113281,3456400
2015-02-12,70.19000244140625,70.55000305175781,69.83000183105469,57.99543762207031,3383500
2015-02-13,70.69000244140625,70.88999938964844,70.19000244140625,58.02009963989258,2691900
2015-02-17,70.41000366210938,71.62999725341797,70.30000305175781,58.84236526489258,3971600
2015-02-18,71.41000366210938,71.44999694824219,70.19999694824219,58.390140533447266,3800000
2015-02-19,70.83000183105469,71.29000091552734,70.7699966430664,58.480587005615234,2337000
2015-02-20,70.97000122070312,71.95999908447266,70.2699966430664,59.105506896972656,3461700
2015-02-23,71.80999755859375,71.91999816894531,70.70999908447266,58.45589828491211,3378600
2015-02-24,71,71.5,70.51000213623047,58.299678802490234,3158600
2015-02-25,70.87000274658203,70.87000274658203,70.05000305175781,57.85564422607422,3029500
2015-02-26,70.16999816894531,70.30999755859375,69.54000091552734,57.58428955078125,4544900
2015-02-27,69.94999694824219,70.5,69.91000366210938,57.69941329956055,3353200
2015-03-02,70.16999816894531,71.13999938964844,70.16000366210938,58.480587005615234,3815100
2015-03-03,71.12000274658203,71.1500015258789,70.08999633789062,57.863861083984375,4137300
2015-03-04,70.01000213623047,70.81999969482422,69.80999755859375,58.094093322753906,3005100
2015-03-05,70.73999786376953,71.08999633789062,70.4000015258789,58.044769287109375,3465900
2015-03-06,70.26000213623047,70.26000213623047,68.30999755859375,56.2522087097168,5880800
2015-03-09,68.73999786376953,69.73999786376953,68.41999816894531,57.21427917480469,5848000
2015-03-10,69.12000274658203,69.43000030517578,68.55000305175781,56.55644226074219,3664900
2015-03-11,68.88999938964844,69.33000183105469,68.41000366210938,56.29330062866211,3424500
2015-03-12,68.75,69.62999725341797,68.54000091552734,57.19783020019531,2724000
2015-03-13,69.41000366210938,70.05000305175781,69.13999938964844,57.46918487548828,3223800
2015-03-16,70.2699966430664,71.4000015258789,70.18000030517578,58.439453125,3922300
2015-03-17,70.70999908447266,71.26000213623047,70.33000183105469,58.25033950805664,2572500
2015-03-18,70.9000015258789,74.16999816894531,70.69000244140625,60.470489501953125,6436200
2015-03-19,73.26000213623047,74.58000183105469,72.58999633789062,61.02965545654297,7051200
2015-03-20,75.22000122070312,76.19999694824219,74.54000091552734,62.59199142456055,10713900
2015-03-23,76.0199966430664,77.45999908447266,75.94999694824219,62.78932571411133,6284400
2015-03-24,76.2699966430664,76.69999694824219,75.36000061035156,62.131507873535156,5111600
2015-03-25,75.66000366210938,76.4800033569336,74.36000061035156,61.144771575927734,5431600
2015-03-26,74,74.3499984741211,73.41999816894531,60.38825988769531,4023500
2015-03-27,73.62000274658203,73.98999786376953,73.19999694824219,60.50338363647461,4171600
2015-03-30,74,74.19999694824219,73.66999816894531,60.74187469482422,3370700
2015-03-31,73.3499984741211,73.9800033569336,72.6500015258789,59.738651275634766,4348000
2015-04-01,72.91999816894531,72.97000122070312,71.06999969482422,58.81770706176758,5875800
2015-04-02,71.45999908447266,71.77999877929688,70.52999877929688,58.579254150390625,3781800
2015-04-06,71.12999725341797,71.70999908447266,70.83999633789062,58.6368293762207,3936900
2015-04-07,71.25,72.08000183105469,71.18000030517578,58.95750045776367,3128100
2015-04-08,71.91999816894531,72.27999877929688,71.54000091552734,59.3275146484375,3215400
2015-04-09,72.22000122070312,72.55999755859375,71.9000015258789,59.50020217895508,2595800
2015-04-10,72.5,73.9800033569336,72.25,60.78296661376953,3956400
2015-04-13,73.27999877929688,73.63999938964844,73.11000061035156,60.45405960083008,4351500
2015-04-14,73.30000305175781,73.75,73.0999984741211,60.40472412109375,3950600
2015-04-15,73.54000091552734,74.0199966430664,73.30000305175781,60.61027908325195,4358700
2015-04-16,73.61000061035156,74,73.38999938964844,60.42939376831055,2880000
2015-04-17,73.01000213623047,73.19999694824219,71.95999908447266,59.59064865112305,4386700
2015-04-20,73,73.26000213623047,72.30000305175781,59.54130935668945,2540400
2015-04-21,72.9800033569336,73.12000274658203,72.05999755859375,59.376861572265625,4048400
2015-04-22,72.47000122070312,72.47000122070312,71.87999725341797,59.45085906982422,3506100
2015-04-23,72.87999725341797,72.94000244140625,71.06999969482422,59.53310775756836,5448700
2015-04-24,72.22000122070312,72.43000030517578,71.26000213623047,58.858829498291016,3816300
2015-04-27,71.93000030517578,72.16999816894531,70.62999725341797,58.29146957397461,5328400
2015-04-28,70.62000274658203,71.27999877929688,70.19999694824219,58.5299186706543,4557900
2015-04-29,71.86000061035156,72.81999969482422,71.83999633789062,59.4344367980957,6789600
2015-04-30,71.95999908447266,72.61000061035156,71.43000030517578,59.097286224365234,5479300
2015-05-01,72.26000213623047,73.33000183105469,71.25,60.125152587890625,6533400
2015-05-04,73.25,73.58999633789062,72.8499984741211,60.06756591796875,4040700
2015-05-05,72.83000183105469,72.97000122070312,71.81999969482422,59.13018798828125,3735900
2015-05-06,71.97000122070312,72.27999877929688,71.54000091552734,59.24530792236328,3567600
2015-05-07,71.75,72.29000091552734,71.72000122070312,59.056182861328125,3628100
2015-05-08,72.5,73.69999694824219,72.5,60.24026107788086,3713300
2015-05-11,73.26000213623047,73.98999786376953,73.19000244140625,60.41292953491211,2958600
2015-05-12,73.13999938964844,73.13999938964844,72.30999755859375,59.56599807739258,3152800
2015-05-13,72.76000213623047,73.2300033569336,72.48999786376953,59.86199951171875,2682100
2015-05-14,72.68000030517578,73.22000122070312,72.43000030517578,60.49126052856445,3364300
2015-05-15,73.2300033569336,73.41999816894531,72.58999633789062,60.35879898071289,3464400
2015-05-18,73.05000305175781,73.08999633789062,72.62000274658203,60.39190673828125,2162000
2015-05-19,72.81999969482422,73.58000183105469,72.62999725341797,60.814170837402344,3548000
2015-05-20,73.44999694824219,73.69000244140625,73.18000030517578,60.73965835571289,1980300
2015-05-21,73.33999633789062,74.3499984741211,73.18000030517578,61.49309539794922,3288200
2015-05-22,74.05000305175781,74.33000183105469,73.87000274658203,61.5179557800293,3023400
2015-05-26,73.95999908447266,74.37000274658203,73.81999969482422,61.52622604370117,4194600
2015-05-27,74.36000061035156,74.98999786376953,74.13999938964844,62.01473617553711,2901100
2015-05-28,74.80000305175781,76.4800033569336,74.73999786376953,63.26495361328125,4823600
2015-05-29,76.1500015258789,79.55000305175781,76.0199966430664,65.32662200927734,11917000
2015-06-01,78.91999816894531,79.8499984741211,78.77999877929688,65.40939331054688,4866500
2015-06-02,78.76000213623047,78.76000213623047,77.51000213623047,64.5400161743164,4467700
2015-06-03,78,78.16999816894531,77.27999877929688,64.440673828125,3270800
2015-06-04,77.33999633789062,78.5999984741211,77.33000183105469,64.31645965576172,3786500
2015-06-05,77.55999755859375,78.26000213623047,76.98999786376953,64.6808090209961,2788900
2015-06-08,77.9800033569336,78.8499984741211,77.83000183105469,65.01194763183594,6065900
2015-06-09,78.37000274658203,82.88999938964844,78.01000213623047,68.53080749511719,10109100
2015-06-10,81.98999786376953,83.48999786376953,81.30999755859375,68.87030029296875,13169400
2015-06-11,83.11000061035156,87.23999786376953,83.08000183105469,71.69363403320312,16740800
2015-06-12,85.88999938964844,86,83.08999633789062,69.72309112548828,12630500
2015-06-15,83.56999969482422,84.61000061035156,83.08999633789062,69.61544036865234,5462700
2015-06-16,83.91000366210938,85.31999969482422,83.62999725341797,70.1950454711914,5694500
2015-06-17,84.68000030517578,84.68000030517578,83.01000213623047,69.1600570678711,5968200
2015-06-18,83.88999938964844,84.37000274658203,82.75,68.75438690185547,7251500
2015-06-19,82.47000122070312,83.20999908447266,82.31999969482422,68.41490936279297,6907000
2015-06-22,83.30000305175781,83.44000244140625,82.8499984741211,68.65502166748047,3537100
2015-06-23,83.75,83.75,82.44999694824219,68.44803619384766,3643500
2015-06-24,82.5,83.08000183105469,82.26000213623047,68.10858154296875,4212100
2015-06-25,84.16000366210938,86.9000015258789,84.08000183105469,70.21160125732422,9630100
2015-06-26,85.19000244140625,85.93000030517578,84.58000183105469,71.08094787597656,14369800
2015-06-29,85.3499984741211,85.58000183105469,83.7300033569336,69.36705780029297,4441900
2015-06-30,84.5,84.56999969482422,83.38999938964844,69.12696838378906,4261200
2015-07-01,83.80000305175781,84.95999908447266,83.5999984741211,70.25299072265625,3629100
2015-07-02,85.20999908447266,86.23999786376953,84.69000244140625,71.3210678100586,5128100
2015-07-06,85.30999755859375,86.44000244140625,85.25,71.49492645263672,5062900
2015-07-07,86.63999938964844,88.77999877929688,86.05999755859375,73.46552276611328,6912300
2015-07-08,88.2699966430664,88.5,87.16999816894531,72.2401123046875,5330000
2015-07-09,88,88.30999755859375,86.9000015258789,72.43055725097656,4767600
2015-07-10,88.30000305175781,88.45999908447266,87.69999694824219,73.10120391845703,4471200
2015-07-13,89.13999938964844,90.18000030517578,88.66999816894531,73.54000091552734,5940500
2015-07-14,89.05000305175781,89.0999984741211,87.8499984741211,73.49034118652344,6028700
2015-07-15,87.79000091552734,88.16999816894531,86.0999984741211,71.519775390625,6615900
2015-07-16,86.80000305175781,87.45999908447266,86.58000183105469,72.17385864257812,5578000
2015-07-17,87,87.44000244140625,86.62000274658203,72.33944702148438,4430100
2015-07-20,87.69999694824219,87.91999816894531,87.2699966430664,72.75345611572266,4320500
2015-07-21,87.58000183105469,87.69000244140625,85.5199966430664,70.8491439819336,8065300
2015-07-22,83.31999969482422,86.80000305175781,81.5,71.519775390625,12677800
2015-07-23,89.05999755859375,89.87000274658203,85.62000274658203,71.83440399169922,5258500
2015-07-24,86,86.20999908447266,84.16000366210938,70.14535522460938,3460300
2015-07-27,84.5,84.61000061035156,83.33999633789062,69.6734390258789,5420600
2015-07-28,84.70999908447266,85.69999694824219,84.5,70.9402084350586,3027800
2015-07-29,85.91000366210938,85.98999786376953,84.70999908447266,70.45171356201172,2711800
2015-07-30,84.26000213623047,84.97000122070312,83.9800033569336,69.99634552001953,3867800
2015-07-31,84.87999725341797,85.26000213623047,84.37999725341797,69.97148132324219,4113600
2015-08-03,84.80999755859375,85,83.52999877929688,69.6651382446289,4815500
2015-08-04,84.48999786376953,84.98999786376953,83.8499984741211,69.59062957763672,2848200
2015-08-05,84.68000030517578,85.08000183105469,83.97000122070312,70.15362548828125,3776800
2015-08-06,85.13999938964844,85.13999938964844,81.23999786376953,68.47286987304688,3866500
2015-08-07,82.5,82.69000244140625,80.6500015258789,68.11681365966797,4545300
2015-08-10,82.81999969482422,83.7699966430664,82.44000244140625,69.14352416992188,3211600
2015-08-11,82.80999755859375,83.75,82.7300033569336,69.16837310791016,3205600
2015-08-12,82.70999908447266,83.5,81.63999938964844,69.45157623291016,2826900
2015-08-13,83.19999694824219,83.75,82.88999938964844,69.1600112915039,2253900
2015-08-14,82.91000366210938,83.94999694824219,82.79000091552734,69.89303588867188,2280200
2015-08-17,83.26000213623047,83.77999877929688,82.93000030517578,69.52654266357422,2814700
2015-08-18,83.83000183105469,83.98999786376953,83.2300033569336,69.45988464355469,2241400
2015-08-19,83.13999938964844,84.52999877929688,82.56999969482422,69.77640533447266,2651300
2015-08-20,86.86000061035156,88.94999694824219,85.80999755859375,72.74173736572266,10887700
2015-08-21,86.9800033569336,87.69999694824219,84.52999877929688,70.40945434570312,8320000
2015-08-24,81.5999984741211,82.95999908447266,79.5,67.24424743652344,8620700
2015-08-25,82.19000244140625,82.5999984741211,77.86000061035156,65.18685913085938,6439000
2015-08-26,79.87999725341797,81.30000305175781,77.7699966430664,67.55242156982422,7217800
2015-08-27,81.79000091552734,84.04000091552734,81.70999908447266,69.75140380859375,4703400
2015-08-28,83.73999786376953,84,82.7699966430664,69.29330444335938,4860800
2015-08-31,83.41000366210938,84.41999816894531,82.05000305175781,68.5936050415039,3445300
2015-09-01,80.25,81.25,79.4000015258789,66.46956634521484,4300500
2015-09-02,80.70999908447266,81.83000183105469,80.30000305175781,68.1438217163086,3257900
2015-09-03,82.05000305175781,82.86000061035156,81.33999633789062,67.96890258789062,3227700
2015-09-04,80.63999938964844,81.11000061035156,79.68000030517578,66.9027328491211,3416400
2015-09-08,81.45999908447266,82.9800033569336,81.26000213623047,69.03508758544922,2643600
2015-09-09,83.44999694824219,83.5,80.88999938964844,67.5440902709961,2839600
2015-09-10,81.12000274658203,81.66999816894531,80.5,67.33584594726562,3667700
2015-09-11,80.6500015258789,81.8499984741211,78.73999786376953,68.13548278808594,3645900
2015-09-14,81.91999816894531,82.27999877929688,81.27999877929688,68.21046447753906,3197200
2015-09-15,82.43000030517578,83.36000061035156,82.11000061035156,69.10171508789062,3532600
2015-09-16,84.0999984741211,84.52999877929688,82.61000061035156,70.34282684326172,3845000
2015-09-17,84.47000122070312,92.8499984741211,84.27999877929688,74.94902801513672,16918100
2015-09-18,90.69999694824219,91.44999694824219,88.37999725341797,73.70794677734375,11578000
2015-09-21,89.0999984741211,89.80999755859375,87.11000061035156,72.958251953125,6644100
2015-09-22,86.81999969482422,87.9800033569336,86.62000274658203,73.13321685791016,5059500
2015-09-23,88,88.41999816894531,86.58000183105469,72.20863342285156,4863300
2015-09-24,86.44999694824219,86.54000091552734,85.08000183105469,71.09245300292969,5693500
2015-09-25,86.23999786376953,86.43000030517578,83.2300033569336,70.0179672241211,5794900
2015-09-28,83.68000030517578,83.86000061035156,78.5,66.41962432861328,8295100
2015-09-29,80.37000274658203,82.19999694824219,79.19000244140625,66.86936950683594,7315200
2015-09-30,81.52999877929688,83.7699966430664,81.5,69.70977020263672,6780700
2015-10-01,83.5999984741211,85.31999969482422,83.4000015258789,70.95085906982422,5350400
2015-10-02,84.16000366210938,87.55000305175781,83.58999633789062,72.89997100830078,5616600
2015-10-05,88.08000183105469,88.4800033569336,85.5999984741211,72.10867309570312,5297400
2015-10-06,86.38999938964844,86.51000213623047,82.08000183105469,70.10960388183594,5521200
2015-10-07,84.30000305175781,84.8499984741211,82.4000015258789,69.95964813232422,5128000
2015-10-08,83.1500015258789,83.98999786376953,81.79000091552734,69.77640533447266,4595400
2015-10-09,85.33000183105469,86.56999969482422,85,71.75050354003906,5115100
2015-10-12,78.58000183105469,80.75,78.30000305175781,66.16973876953125,26477400
2015-10-13,79.79000091552734,81.25,79.54000091552734,66.31965637207031,10104700
2015-10-14,80.97000122070312,82,79.05000305175781,66.0114517211914,9495500
2015-10-15,79.33999633789062,80.08000183105469,78.80999755859375,66.51957702636719,6408600
2015-10-16,80.58000183105469,81.52999877929688,79.95999908447266,67.89393615722656,5519800
2015-10-19,81.12999725341797,81.30000305175781,79.47000122070312,66.84441375732422,5869900
2015-10-20,80.1500015258789,80.33999633789062,77.62999725341797,64.79533386230469,7458000
2015-10-21,78.2300033569336,78.37999725341797,75.91999816894531,64.14566802978516,8955200
2015-10-22,77.22000122070312,77.83999633789062,75.16000366210938,64.12069702148438,10075500
2015-10-23,77.55000305175781,79.08000183105469,77.2699966430664,65.22848510742188,5679200
2015-10-26,78.30999755859375,79.86000061035156,77.7699966430664,65.89485168457031,4755200
2015-10-27,79.5,80.94999694824219,79.5,67.39417266845703,4771600
2015-10-28,81.19999694824219,83.0999984741211,80.38999938964844,69.1933364868164,5710300
2015-10-29,82.30000305175781,83.56999969482422,81.29000091552734,68.30208587646484,5158600
2015-10-30,82.08000183105469,82.55000305175781,81.56999969482422,67.94390106201172,4044300
2015-11-02,81.13999938964844,82.18000030517578,80.80999755859375,68.33543395996094,3473900
2015-11-03,82.2300033569336,82.54000091552734,81.12999725341797,68.02720642089844,4826100
2015-11-04,82.1500015258789,82.1500015258789,80.93000030517578,67.5107650756836,3401900
2015-11-05,81,81.4000015258789,79.66000366210938,67.14427947998047,3787200
2015-11-06,80.30000305175781,80.58999633789062,78.44000244140625,67.01933288574219,6082600
2015-11-09,80.02999877929688,80.29000091552734,78.58000183105469,66.10308837890625,4160200
2015-11-10,78.70999908447266,80.31999969482422,78.70999908447266,67.10897064208984,3302600
2015-11-11,80.0999984741211,81.27999877929688,79.97000122070312,67.64543151855469,3323400
2015-11-12,80.55000305175781,80.76000213623047,79.80000305175781,66.94131469726562,3647800
2015-11-13,79.66000366210938,80.2699966430664,79.18000030517578,66.68147277832031,3638600
2015-11-16,80,81.26000213623047,79.9800033569336,68.08970642089844,3318900
2015-11-17,80.93000030517578,82.43000030517578,80.62999725341797,68.14838409423828,3012100
2015-11-18,81.48999786376953,83.76000213623047,81.38999938964844,70.11824798583984,3916600
2015-11-19,83.19999694824219,83.87999725341797,82.7300033569336,70.17691040039062,3156100
2015-11-20,84.30000305175781,85.5,84.11000061035156,70.80559539794922,4251500
2015-11-23,84.5,84.91999816894531,84.12000274658203,71.03189086914062,4033100
2015-11-24,83.55999755859375,84.31999969482422,83.05000305175781,70.31101989746094,3431100
2015-11-25,83.87999725341797,84.41999816894531,83.55000305175781,70.19364929199219,2529400
2015-11-27,83.7699966430664,84.25,83.5999984741211,70.11824798583984,1253800
2015-11-30,83.76000213623047,84.02999877929688,82.04000091552734,68.76869201660156,6563300
2015-12-01,84.20999908447266,86.52999877929688,83.33999633789062,72.5071792602539,7368900
2015-12-02,86.26000213623047,86.7300033569336,84.41999816894531,70.88101959228516,4444800
2015-12-03,84.6500015258789,84.83999633789062,82.55999755859375,69.62364196777344,3669800
2015-12-04,83.47000122070312,87.27999877929688,83.43000030517578,72.60779571533203,6987600
2015-12-07,87.44999694824219,88.16000366210938,85.88999938964844,72.40660858154297,4379000
2015-12-08,85.62000274658203,87.66999816894531,85.56999969482422,72.43177032470703,4761000
2015-12-09,86.0199966430664,86.31999969482422,83.56999969482422,70.29426574707031,5479500
2015-12-10,84.2300033569336,85.51000213623047,83.36000061035156,71.17438507080078,3667200
2015-12-11,83.80000305175781,84.37999725341797,83.12000274658203,69.81646728515625,3738200
2015-12-14,83.36000061035156,84.70999908447266,82.97000122070312,70.98162841796875,5208700
2015-12-15,85.18000030517578,85.9800033569336,85.0199966430664,71.68574523925781,3975500
2015-12-16,86,86.58000183105469,84.05000305175781,72.3311767578125,2983600
2015-12-17,86.75,87.20999908447266,86.19999694824219,72.27247619628906,3928200
2015-12-18,85.56999969482422,85.9800033569336,84.7699966430664,71.05705261230469,5821300
2015-12-21,85.72000122070312,86.44999694824219,85.1500015258789,72.12161254882812,3742400
2015-12-22,86.2699966430664,86.47000122070312,85.2699966430664,72.01264190673828,2446100
2015-12-23,86.36000061035156,86.87000274658203,86.12999725341797,72.2557144165039,2804200
2015-12-24,85.9800033569336,86.1500015258789,85.47000122070312,71.96234893798828,1486900
2015-12-28,85.58000183105469,85.69999694824219,84.88999938964844,71.66056823730469,2031100
2015-12-29,85.83999633789062,86.87000274658203,85.5999984741211,72.29763793945312,2097700
2015-12-30,86.44999694824219,87.0999984741211,86.13999938964844,72.2557144165039,1969400
2015-12-31,85.72000122070312,85.75,84.08000183105469,70.62956237792969,3178500
2016-01-04,83.4000015258789,83.5999984741211,81.79000091552734,69.46441650390625,6907300
2016-01-05,82.9000015258789,85.4000015258789,82.87000274658203,70.50382995605469,7475300
2016-01-06,82.69000244140625,84.87999725341797,82.5,70.0595474243164,6628400
2016-01-07,81.62999725341797,82.80999755859375,80.83000183105469,68.24059295654297,5833200
2016-01-08,81.66999816894531,82.48999786376953,81.04000091552734,68.10646057128906,5880200
2016-01-11,81.30000305175781,81.91999816894531,78.83000183105469,67.2850112915039,4889300
2016-01-12,80.61000061035156,81,79.5199966430664,67.39397430419922,4329300
2016-01-13,80.73999786376953,80.81999969482422,79.08999633789062,66.47193908691406,4628400
2016-01-14,79.27999877929688,82.7300033569336,78.62000274658203,69.18781280517578,8253700
2016-01-15,80.69000244140625,81.58000183105469,80.08000183105469,68.09809875488281,6674300
2016-01-19,82.30999755859375,84.80000305175781,81.95999908447266,69.76615905761719,9162300
2016-01-20,81.8499984741211,83.47000122070312,80.41000366210938,69.25485229492188,8354400
2016-01-21,82.55999755859375,82.62000274658203,80.58999633789062,68.23221588134766,4930800
2016-01-22,82.4000015258789,83.16000366210938,81.91000366210938,69.13751220703125,3456300
2016-01-25,82.5,83.19999694824219,81.62000274658203,68.4920425415039,2632800
2016-01-26,81.75,82.16999816894531,80.91000366210938,68.70160675048828,4583400
2016-01-27,81.61000061035156,83.25,80.95999908447266,68.5339584350586,4341900
2016-01-28,81.87000274658203,82.48999786376953,76.54000091552734,64.38472747802734,10128700
2016-01-29,77.36000061035156,79.41999816894531,77.2300033569336,66.30426025390625,7042500
2016-02-01,78.20999908447266,79.16000366210938,77.27999877929688,65.71749114990234,4056000
2016-02-02,77.66000366210938,78.30000305175781,76.08999633789062,63.95723342895508,4804200
2016-02-03,76.45999908447266,77.55000305175781,74.18000030517578,63.78120422363281,6966400
2016-02-04,75.94999694824219,76.52999877929688,73.44000244140625,62.26398468017578,6339500
2016-02-05,74.16000366210938,75.81999969482422,73.55000305175781,62.29751205444336,6312800
2016-02-08,73.55000305175781,74.58000183105469,72.83000183105469,62.18856430053711,4348800
2016-02-09,73.43000030517578,74.95999908447266,72.72000122070312,61.81132507324219,5160000
2016-02-10,73.7300033569336,74.87000274658203,72.9800033569336,61.676265716552734,4748700
2016-02-11,72.19999694824219,72.62999725341797,70.83000183105469,60.28356170654297,5425400
2016-02-12,71.56999969482422,71.7300033569336,70.43000030517578,60.15693664550781,6332600
2016-02-16,71.94999694824219,73.41999816894531,71.93000030517578,61.895721435546875,4811300
2016-02-17,74.01000213623047,74.91999816894531,73.08999633789062,63.035240173339844,4000300
2016-02-18,73.41999816894531,74.55000305175781,73.16000366210938,62.013893127441406,5620000
2016-02-19,72.69000244140625,73.06999969482422,72.19999694824219,61.28801345825195,6650800
2016-02-22,72.91000366210938,73.63999938964844,72.0999984741211,61.62562942504883,5672600
2016-02-23,73.0999984741211,74.5,73.05999755859375,62.013893127441406,4411200
2016-02-24,73.33000183105469,74.27999877929688,72.63999938964844,62.5456657409668,3636100
2016-02-25,74.2699966430664,74.88999938964844,73.7699966430664,63.153404235839844,4306800
2016-02-26,75.41999816894531,75.79000091552734,73.41000366210938,62.12364196777344,4807700
2016-02-29,73.37000274658203,73.37000274658203,71.9800033569336,60.77314758300781,5730200
2016-03-01,72.62999725341797,72.80999755859375,71.86000061035156,61.39772415161133,4541700
2016-03-02,72.7300033569336,74.05000305175781,72.44000244140625,62.478153228759766,6738800
2016-03-03,73.80000305175781,73.88999938964844,72.58000183105469,61.82821273803711,4526500
2016-03-04,73.37000274658203,74.05999755859375,72.9000015258789,62.12364196777344,3481600
2016-03-07,73.16999816894531,73.95999908447266,72.80000305175781,61.9548225402832,3443100
2016-03-08,72.94000244140625,74.55000305175781,72.88999938964844,61.617191314697266,3278900
2016-03-09,73.51000213623047,73.94000244140625,73,62.0730094909668,2372000
2016-03-10,74,74.20999908447266,72.43000030517578,61.634071350097656,4419200
2016-03-11,73.47000122070312,74.94999694824219,73.19000244140625,63.009918212890625,3527200
2016-03-14,74.26000213623047,74.5999984741211,73.79000091552734,62.385292053222656,3201800
2016-03-15,71.6500015258789,72,69.5999984741211,60.131622314453125,13748200
2016-03-16,71.29000091552734,72.9000015258789,71.16999816894531,61.17829132080078,5287400
2016-03-17,72.2300033569336,72.3499984741211,67.87999725341797,58.29155731201172,15421600
2016-03-18,69.19999694824219,71.05000305175781,69.05999755859375,59.8868522644043,10131700
2016-03-21,70.80000305175781,71.05000305175781,69.83999633789062,59.2960090637207,5900100
2016-03-22,70.20999908447266,72.23999786376953,70.16000366210938,60.705589294433594,7655400
2016-03-23,72.16999816894531,72.2300033569336,70.91000366210938,60.072532653808594,3884400
2016-03-24,70.6500015258789,71.44000244140625,70.19999694824219,60.030357360839844,2892900
2016-03-28,71.3499984741211,71.47000122070312,70.37999725341797,59.608314514160156,2661900
2016-03-29,70.73999786376953,71.94000244140625,70.66000366210938,60.51990509033203,3814800
2016-03-30,71.9800033569336,72.33000183105469,71.06999969482422,60.58742904663086,3081000
2016-03-31,71.7699966430664,72.33000183105469,71.0999984741211,60.781578063964844,3680000
2016-04-01,71.5999984741211,73.69999694824219,71.52999877929688,61.97171401977539,4083600
2016-04-04,73.55999755859375,73.79000091552734,72.88999938964844,61.76912307739258,2796300
2016-04-05,72.77999877929688,73.6500015258789,72.4800033569336,61.65095901489258,3591800
2016-04-06,72.80000305175781,75.05999755859375,72.80000305175781,63.102779388427734,5669100
2016-04-07,74.51000213623047,75.16000366210938,73.8499984741211,62.95928192138672,3724100
2016-04-08,75.27999877929688,75.27999877929688,73.86000061035156,62.790470123291016,3224900
2016-04-11,74.4800033569336,74.73999786376953,73.80000305175781,62.41905975341797,3351100
2016-04-12,73.77999877929688,75.29000091552734,73.52999877929688,62.94239807128906,2849800
2016-04-13,74.7300033569336,75.23999786376953,74.08000183105469,63.44040298461914,2341600
2016-04-14,75.30000305175781,75.83000183105469,74.80000305175781,63.837100982666016,3022100
2016-04-15,75.62000274658203,76.25,75.08999633789062,63.752685546875,3007500
2016-04-18,75.58000183105469,77.26000213623047,75.19000244140625,65.17916870117188,4088400
2016-04-19,77.58000183105469,78.5,76.63999938964844,65.2044906616211,3819600
2016-04-20,77.27999877929688,77.7699966430664,76.58000183105469,65.0610122680664,4049400
2016-04-21,77.16999816894531,78.0999984741211,76.91000366210938,65.3057632446289,3286600
2016-04-22,77.0999984741211,77.94000244140625,76.93000030517578,65.69408416748047,2697200
2016-04-25,77.45999908447266,78,77.1500015258789,65.78694152832031,3767100
2016-04-26,76.62000274658203,78.30000305175781,76.08999633789062,64.3772964477539,5347300
2016-04-27,76.5199966430664,77.16000366210938,75.81999969482422,64.57989501953125,3690900
2016-04-28,76.12000274658203,76.66000366210938,75.66999816894531,64.53768157958984,4383000
2016-04-29,76.51000213623047,76.51000213623047,75.0999984741211,63.752685546875,3386600
2016-05-02,75.94999694824219,77.08000183105469,75.80999755859375,64.78248596191406,3571900
2016-05-03,76.33999633789062,76.6500015258789,75.58999633789062,64.36039733886719,3270700
2016-05-04,75.16999816894531,75.62000274658203,74.62999725341797,63.195613861083984,4176800
2016-05-05,74.72000122070312,75.38999938964844,74.55000305175781,63.53321075439453,3446400
2016-05-06,74.72000122070312,74.94999694824219,73.33999633789062,62.96772384643555,4196900
2016-05-09,74.77999877929688,75.9000015258789,74.76000213623047,63.8033447265625,2963200
2016-05-10,76.29000091552734,77.12999725341797,76.05000305175781,64.8921890258789,4366000
2016-05-11,75.97000122070312,77.05999755859375,75.83999633789062,64.84120178222656,3716300
2016-05-12,76.72000122070312,76.94000244140625,75.36000061035156,64.54380798339844,4081900
2016-05-13,75.81999969482422,77.05000305175781,75.56999969482422,64.85820770263672,3629700
2016-05-16,75.9800033569336,78.47000122070312,75.83999633789062,66.52364349365234,4580100
2016-05-17,78.20999908447266,78.70999908447266,75.5199966430664,64.9091796875,7153300
2016-05-18,76.4000015258789,76.8499984741211,75.61000061035156,64.85820770263672,4664900
2016-05-19,75.12000274658203,75.2300033569336,73.73999786376953,63.141788482666016,4848800
2016-05-20,74.79000091552734,75.54000091552734,74.68000030517578,63.5666618347168,4689200
2016-05-23,75,75.13999938964844,73.91999816894531,62.94636154174805,4440500
2016-05-24,74.55000305175781,75.19999694824219,74.36000061035156,63.719608306884766,3711800
2016-05-25,75.48999786376953,75.5,74.44999694824219,63.337242126464844,4621700
2016-05-26,74.5999984741211,75.5999984741211,74.2699966430664,64.16992950439453,2654600
2016-05-27,75.5199966430664,75.72000122070312,74.66999816894531,63.719608306884766,3247500
2016-05-31,75.01000213623047,75.62999725341797,74.70999908447266,63.753597259521484,4438800
2016-06-01,74.9000015258789,75.44000244140625,74.68000030517578,63.67710876464844,2450200
2016-06-02,75.22000122070312,75.68000030517578,74.9000015258789,64.11894989013672,3231000
2016-06-03,75.5,75.5999984741211,74.25,63.830055236816406,5319000
2016-06-06,75.11000061035156,75.5,74.19999694824219,63.59214401245117,3253800
2016-06-07,74.62000274658203,75.05000305175781,74.51000213623047,63.47317123413086,2902900
2016-06-08,74.66000366210938,75.08999633789062,74.4000015258789,63.65161895751953,3194900
2016-06-09,74.7699966430664,75.54000091552734,74.23999786376953,63.24374771118164,2760500
2016-06-10,74.08999633789062,74.19000244140625,73.16999816894531,62.83589553833008,4124200
2016-06-13,74.08000183105469,74.97000122070312,73.66999816894531,62.759429931640625,3767000
2016-06-14,73.54000091552734,74.37000274658203,73.05999755859375,63.15028381347656,3691900
2016-06-15,74.7300033569336,74.88999938964844,73.61000061035156,62.63193893432617,3408900
2016-06-16,73.47000122070312,74.47000122070312,72.94999694824219,63.090816497802734,4788700
2016-06-17,74.6500015258789,75.08000183105469,73.47000122070312,62.759429931640625,6604900
2016-06-20,74.44999694824219,74.69999694824219,73.22000122070312,62.26658630371094,3640100
2016-06-21,73.69999694824219,73.80000305175781,72.52999877929688,61.66332244873047,5999200
2016-06-22,72.5,73.91000366210938,72.5,62.08814239501953,4410800
2016-06-23,73.58999633789062,73.94000244140625,73.19999694824219,62.827396392822266,2989700
2016-06-24,72.44999694824219,75.12000274658203,71.87000274658203,63.15880584716797,10471300
2016-06-27,74.05999755859375,75.06999969482422,73.19999694824219,63.634620666503906,7657800
2016-06-28,75.12999725341797,76.25,73.75,63.85554504394531,8012300
2016-06-29,75.87999725341797,78.23999786376953,75.87000274658203,66.4046859741211,7123700
2016-06-30,78.19999694824219,78.80999755859375,77.45999908447266,66.91450500488281,4017200
2016-07-01,78.88999938964844,79.33000183105469,78.37000274658203,67.08443450927734,2909600
2016-07-05,78.80999755859375,79.9000015258789,78.75,67.67074584960938,3286600
2016-07-06,79.31999969482422,80.4000015258789,79.0999984741211,67.99362182617188,4669800
2016-07-07,79.83000183105469,80.05000305175781,78.6500015258789,67.39884185791016,3587300
2016-07-08,79.31999969482422,79.9000015258789,78.93000030517578,67.68772888183594,3134900
2016-07-11,79.54000091552734,79.7699966430664,78.94999694824219,67.24590301513672,3461400
2016-07-12,79.62999725341797,79.83999633789062,78.97000122070312,67.69623565673828,4430000
2016-07-13,79.91000366210938,80.02999877929688,79.33000183105469,67.43280029296875,2917200
2016-07-14,79.5,80.69000244140625,79.4000015258789,68.47796630859375,3823800
2016-07-15,80.9800033569336,81,79.94000244140625,68.16357421875,4529100
2016-07-18,80.37000274658203,80.58999633789062,79.86000061035156,67.93413543701172,3087600
2016-07-19,79.8499984741211,80.25,79.58000183105469,67.95114135742188,3303700
2016-07-20,80.2699966430664,80.5199966430664,79.98999786376953,68.21454620361328,2811100
2016-07-21,80.19999694824219,80.5999984741211,80.0199966430664,68.31652069091797,2685900
2016-07-22,80.4000015258789,81.70999908447266,80.27999877929688,69.32764434814453,4315900
2016-07-25,81.58999633789062,82,81,69.65906524658203,4180100
2016-07-26,82.75,83.3499984741211,81.62999725341797,69.75251007080078,5134900
2016-07-27,82.25,83.58999633789062,82.1500015258789,70.86565399169922,4057200
2016-07-28,83.25,83.38999938964844,81.94999694824219,70.46627044677734,4862000
2016-07-29,83.06999969482422,83.44999694824219,82.63999938964844,70.43231964111328,3016200
2016-08-01,83.0199966430664,83.79000091552734,82.94000244140625,70.67872619628906,3131100
2016-08-02,83.13999938964844,83.69999694824219,82.56999969482422,70.7977066040039,3340100
2016-08-03,83.41999816894531,83.41999816894531,82.36000061035156,70.28785705566406,2940900
2016-08-04,83.0199966430664,83.0199966430664,82.37000274658203,70.03294372558594,2093800
2016-08-05,82.41999816894531,82.5199966430664,81.04000091552734,69.30217742919922,5886900
2016-08-08,81.44000244140625,81.8499984741211,80.45999908447266,69.336181640625,4227300
2016-08-09,81.75,82.13999938964844,80.69999694824219,69.251220703125,2242800
2016-08-10,80.12000274658203,81.16000366210938,79.66999816894531,68.4439697265625,4956700
2016-08-11,79.9800033569336,80.66999816894531,79.9800033569336,68.88863372802734,2408000
2016-08-12,80.19000244140625,80.72000122070312,79.9000015258789,68.59791564941406,2525000
2016-08-15,80.33000183105469,80.62000274658203,80.06999969482422,68.63209533691406,2780400
2016-08-16,80.25,80.4000015258789,79.83999633789062,68.27294158935547,2158700
2016-08-17,80.16000366210938,80.3499984741211,79.58000183105469,68.50383758544922,2519500
2016-08-18,80.0999984741211,80.37999725341797,79.48999786376953,68.22164916992188,3037200
2016-08-19,79.55000305175781,79.79000091552734,78.77999877929688,67.6059341430664,3745500
2016-08-22,79.31999969482422,79.9000015258789,79.0199966430664,67.80261993408203,3157000
2016-08-23,79.68000030517578,79.97000122070312,79.44000244140625,68.04204559326172,3406900
2016-08-24,79.69999694824219,79.98999786376953,78.18000030517578,67.07577514648438,3423000
2016-08-25,78.44000244140625,79.16999816894531,77.80000305175781,66.70806884765625,2800500
2016-08-26,78.05000305175781,78.81999969482422,77.83999633789062,66.90473937988281,2602300
2016-08-29,78.33000183105469,78.73999786376953,78.05000305175781,67.21259307861328,2203300
2016-08-30,78.5999984741211,78.5999984741211,77.62999725341797,66.50284576416016,2025700
2016-08-31,77.88999938964844,78.08999633789062,77.52999877929688,66.48574829101562,2182600
2016-09-01,77.75,78,76.80000305175781,66.04109954833984,3544700
2016-09-02,77.5199966430664,77.62999725341797,76.44999694824219,65.71611022949219,3943400
2016-09-06,77.12000274658203,78.69999694824219,77.12000274658203,67.13562774658203,5528600
2016-09-07,78.48999786376953,78.88999938964844,78.26000213623047,67.20404052734375,2971400
2016-09-08,80.02999877929688,80.16999816894531,79.41000366210938,68.31571960449219,4405400
2016-09-09,79.62000274658203,79.62000274658203,78.19999694824219,66.90473937988281,4152500
2016-09-12,77.98999786376953,79.29000091552734,77.80999755859375,67.62305450439453,3288900
2016-09-13,78.87000274658203,78.87000274658203,77.98999786376953,67.1099853515625,3149000
2016-09-14,78.66999816894531,79.23999786376953,78.0199966430664,66.94751739501953,2660900
2016-09-15,78.12000274658203,79.05999755859375,77.7699966430664,67.40071868896484,2652300
2016-09-16,78.69999694824219,78.91000366210938,78.16999816894531,67.38362121582031,4255100
2016-09-19,78.79000091552734,79.37000274658203,78.48999786376953,67.69147491455078,3321500
2016-09-20,79.62999725341797,80.3499984741211,79.29000091552734,68.3071517944336,3629400
2016-09-21,79.80000305175781,81,79.68000030517578,69.15372467041016,3147600
2016-09-22,81.05000305175781,81.45999908447266,80.7300033569336,69.51283264160156,2639800
2016-09-23,80.97000122070312,81.45999908447266,80.7699966430664,69.40171813964844,2197700
2016-09-26,81,81.1500015258789,79.5,67.99930572509766,4332800
2016-09-27,80.62000274658203,80.93000030517578,79.61000061035156,69.16228485107422,6888900
2016-09-28,80.83999633789062,81.16999816894531,80.0199966430664,69.01690673828125,2467800
2016-09-29,80.3499984741211,80.47000122070312,79.2300033569336,68.18745422363281,3269200
2016-09-30,80.0999984741211,80.6500015258789,80.02999877929688,68.63209533691406,3623000
2016-10-03,80,81.06999969482422,79.69000244140625,69.26490020751953,3983500
2016-10-04,81.05999755859375,81.41000366210938,80.68000030517578,69.35895538330078,3184100
2016-10-05,81.3499984741211,82.08999633789062,81.2300033569336,69.9062271118164,3560400
2016-10-06,81.25,81.77999877929688,80.7300033569336,69.66680145263672,2994200
2016-10-07,81.56999969482422,82.30999755859375,81.30000305175781,70.19694519042969,4241400
2016-10-10,82.12999725341797,83.23999786376953,82.0999984741211,71.02644348144531,4608400
2016-10-11,82.5999984741211,82.8499984741211,81.25,69.95752716064453,4218200
2016-10-12,81.80999755859375,82.22000122070312,80.45999908447266,68.84587860107422,3629800
2016-10-13,79.93000030517578,80.48999786376953,79.5999984741211,68.4097671508789,3565000
2016-10-14,80.16999816894531,80.31999969482422,79.20999908447266,67.7854995727539,3143900
2016-10-17,79.52999877929688,79.52999877929688,78.01000213623047,67.15274047851562,3884700
2016-10-18,79.08999633789062,79.1500015258789,78.5,67.35798645019531,3218300
2016-10-19,78.95999908447266,79.33000183105469,78.52999877929688,67.17837524414062,2988500
2016-10-20,78.7300033569336,79.11000061035156,78.38999938964844,67.33232116699219,2661900
2016-10-21,78.54000091552734,78.77999877929688,78.08000183105469,66.91329956054688,3215000
2016-10-24,78.48999786376953,78.69000244140625,77.44000244140625,66.33182525634766,4363200
2016-10-25,76.87999725341797,78.27999877929688,75.5,66.48574829101562,8496000
2016-10-26,77.41999816894531,77.6500015258789,76.37000274658203,65.63916778564453,2988700
2016-10-27,77.36000061035156,77.41999816894531,76.12999725341797,65.12609100341797,3789900
2016-10-28,75.62000274658203,75.68000030517578,73.86000061035156,63.732261657714844,5651500
2016-10-31,74.62999725341797,74.73999786376953,73.80000305175781,63.14222717285156,3562100
2016-11-01,73.80999755859375,73.9800033569336,71.8499984741211,62.40681838989258,8190500
2016-11-02,73.1500015258789,73.48999786376953,72.63999938964844,62.124610900878906,4433900
2016-11-03,72.80999755859375,73.27999877929688,71.87999725341797,61.662845611572266,4843200
2016-11-04,72.12000274658203,73.02999877929688,71.66999816894531,61.987789154052734,3617200
2016-11-07,73.22000122070312,73.93000030517578,73.05000305175781,63.17641830444336,4969400
2016-11-08,73.56999969482422,74.47000122070312,73.36000061035156,63.296146392822266,2690800
2016-11-09,77.1500015258789,79.30000305175781,76.58000183105469,67.03303527832031,7332700
2016-11-10,78.95999908447266,79.69999694824219,78,67.42894744873047,6904800
2016-11-11,77.97000122070312,78.08999633789062,76.79000091552734,66.85224151611328,3072700
2016-11-14,78.01000213623047,78.23999786376953,76.69000244140625,66.29280853271484,3221700
2016-11-15,77.43000030517578,77.54000091552734,76.18000030517578,66.55099487304688,3097600
2016-11-16,77.5199966430664,77.5199966430664,76.81999969482422,66.22391510009766,1922300
2016-11-17,77,77.80999755859375,76.7300033569336,66.88670349121094,4519200
2016-11-18,77.58000183105469,77.91999816894531,76.5199966430664,65.99153900146484,4571600
2016-11-21,76.80000305175781,77.04000091552734,76.0999984741211,65.96571350097656,4060300
2016-11-22,77.80999755859375,77.80999755859375,75.5,65.40626525878906,5208800
2016-11-23,64.33999633789062,68.43000030517578,64.18000030517578,58.529083251953125,53877200
2016-11-25,68.52999877929688,69.13999938964844,67.77999877929688,59.493099212646484,8620700
2016-11-28,68.43000030517578,68.43000030517578,67.0999984741211,57.84050750732422,12507700
2016-11-29,67.56999969482422,67.63999938964844,66.4800033569336,57.79747009277344,8930000
2016-11-30,67.30000305175781,67.81999969482422,66.80999755859375,57.77165603637695,9085300
2016-12-01,67.29000091552734,67.30000305175781,65.66000366210938,56.78181838989258,7168100
2016-12-02,66.30000305175781,68.38999938964844,65.95999908447266,58.27949142456055,12272200
2016-12-05,68.16000366210938,68.30999755859375,66.73999786376953,57.89214324951172,7286000
2016-12-06,67.19999694824219,67.93000030517578,67.12999725341797,58.3569450378418,4617200
2016-12-07,67.25,67.37999725341797,66.55999755859375,57.99544143676758,5835900
2016-12-08,67.05000305175781,67.2699966430664,66.38999938964844,57.8318977355957,4811400
2016-12-09,67.37999725341797,68.16999816894531,67.22000122070312,58.39997863769531,4350800
2016-12-12,67.9800033569336,68.54000091552734,67.41999816894531,58.19340133666992,5273700
2016-12-13,67.98999786376953,68.88999938964844,67.98999786376953,59.0799446105957,6010900
2016-12-14,68.41999816894531,68.91999816894531,67.54000091552734,58.24504852294922,6140300
2016-12-15,70.37000274658203,71.58999633789062,69.66000366210938,61.429710388183594,14320800
2016-12-16,72.86000061035156,73.70999908447266,71.76000213623047,63.099491119384766,17584700
2016-12-19,73.4800033569336,74.48999786376953,73.30000305175781,63.1942138671875,6102400
2016-12-20,73.6500015258789,74.0999984741211,73,63.15977096557617,6001500
2016-12-21,73.33000183105469,73.88999938964844,73.0999984741211,63.04789352416992,5054100
2016-12-22,73.16000366210938,73.4800033569336,72.68000030517578,63.05651092529297,4827500
2016-12-23,73.4800033569336,74,73.26000213623047,63.512664794921875,2570100
2016-12-27,74.05999755859375,74.45999908447266,73.68000030517578,63.529876708984375,2786700
2016-12-28,73.66000366210938,73.77999877929688,72.97000122070312,62.884334564208984,3256800
2016-12-29,73.38999938964844,73.87000274658203,73.23999786376953,63.314701080322266,3031600
2016-12-30,73.47000122070312,73.75,73.2300033569336,63.30609130859375,2933900
2017-01-03,73.94000244140625,74.66999816894531,73.54000091552734,64.20984649658203,3622700
2017-01-04,74.94999694824219,75,74.37999725341797,64.31314849853516,3021600
2017-01-05,74.93000030517578,77.87000274658203,74.43000030517578,65.06196594238281,3310800
2017-01-06,75.45999908447266,76.06999969482422,75.02999877929688,65.13082122802734,2296500
2017-01-09,75.66999816894531,76.62000274658203,75.51000213623047,65.64727020263672,3204100
2017-01-10,76.44000244140625,76.55999755859375,75.80999755859375,65.64727020263672,3559400
2017-01-11,76.51000213623047,76.91999816894531,74,64.7779541015625,7701700
2017-01-12,74.8499984741211,77.5,74.76000213623047,66.40467071533203,11900700
2017-01-13,76.91999816894531,78.12000274658203,76.37999725341797,66.619873046875,5602600
2017-01-17,77.05999755859375,77.05999755859375,75.87000274658203,66.1464614868164,4913300
2017-01-18,77.31999969482422,77.70999908447266,76.87999725341797,66.73176574707031,3360300
2017-01-19,77.47000122070312,77.62000274658203,76.76000213623047,66.13790130615234,4439200
2017-01-20,77.0199966430664,77.41000366210938,76.47000122070312,66.11203002929688,4371200
2017-01-23,76.23999786376953,76.87999725341797,76.16000366210938,65.69029235839844,5055100
2017-01-24,76.19999694824219,76.43000030517578,74.16999816894531,64.4250259399414,6594300
2017-01-25,75.12000274658203,75.5999984741211,74.2699966430664,64.4250259399414,4830800
2017-01-26,74.9800033569336,75.3499984741211,74.54000091552734,64.19263458251953,3748000
2017-01-27,74.91999816894531,75.4000015258789,74.51000213623047,64.88121032714844,3132800
2017-01-30,75.08999633789062,75.18000030517578,74.25,64.29592895507812,5909600
2017-01-31,74.25,77.27999877929688,74,66.30142211914062,6964100
2017-02-01,77.88999938964844,78.56999969482422,76.91000366210938,66.79200744628906,4959200
2017-02-02,76.98999786376953,77.91000366210938,76.55000305175781,66.61125946044922,3830900
2017-02-03,77.47000122070312,77.87999725341797,76.70999908447266,66.47356414794922,3836300
2017-02-06,76.91999816894531,77.8499984741211,76.76000213623047,66.98999786376953,2835500
2017-02-07,77.68000030517578,78.01000213623047,77.31999969482422,66.87805938720703,3346800
2017-02-08,77.44000244140625,78.6500015258789,77.19000244140625,67.23097229003906,2820800
2017-02-09,78.11000061035156,78.58999633789062,77.69000244140625,66.87805938720703,2962600
2017-02-10,77.87000274658203,78.25,77.5999984741211,66.9555435180664,2598600
2017-02-13,77.56999969482422,78.05999755859375,77.52999877929688,67.38880157470703,2097500
2017-02-14,77.5,78.83000183105469,77.25,68.28995513916016,3311200
2017-02-15,78.33999633789062,80.54000091552734,78.05000305175781,69.53775024414062,4272800
2017-02-16,80.05000305175781,80.37999725341797,79.41000366210938,69.35579681396484,3629600
2017-02-17,80.13999938964844,81,80.06999969482422,69.65906524658203,3111100
2017-02-21,80.16999816894531,80.87000274658203,80.11000061035156,69.63308715820312,3178800
2017-02-22,80.41999816894531,81.20999908447266,80.33000183105469,70.24829864501953,3468800
2017-02-23,81.37999725341797,82.87999725341797,81.13999938964844,71.53076171875,6193500
2017-02-24,82.41999816894531,83.23999786376953,82.23999786376953,71.80802917480469,4016000
2017-02-27,82.83000183105469,83.4000015258789,82.66000366210938,71.97265625,3104200
2017-02-28,82.81999969482422,83.4800033569336,82.58000183105469,71.75602722167969,3672000
2017-03-01,83.44000244140625,84.13999938964844,82.97000122070312,72.6572036743164,3420600
2017-03-02,83.87000274658203,83.94999694824219,82.83999633789062,71.84268951416016,3371600
2017-03-03,82.69999694824219,83.9000015258789,82.5999984741211,72.59657287597656,2649100
2017-03-06,83.25,84.27999877929688,82.94999694824219,72.63987731933594,3960100
2017-03-07,82.94999694824219,83.13999938964844,81.37000274658203,71.69538116455078,5570600
2017-03-08,82.73999786376953,83.98999786376953,82.66999816894531,72.27593994140625,4491800
2017-03-09,83.66999816894531,84.7699966430664,83.51000213623047,73.26380157470703,5861600
2017-03-10,84.5,84.55000305175781,83.9000015258789,73.09912109375,3629400
2017-03-13,84.51000213623047,84.55000305175781,83.83000183105469,72.90851593017578,2248500
2017-03-14,84,84.55000305175781,83.91999816894531,73.18578338623047,2839100
2017-03-15,84.43000030517578,86.13999938964844,84.37000274658203,74.4162368774414,4883900
2017-03-16,85.54000091552734,85.54000091552734,83.80000305175781,73.64503479003906,4742800
2017-03-17,84.44000244140625,84.75,83.83000183105469,72.75253295898438,5786900
2017-03-20,84.5999984741211,84.86000061035156,83.97000122070312,72.83918762207031,3121900
2017-03-21,84.33999633789062,84.94999694824219,83.62999725341797,72.55323028564453,4066200
2017-03-22,84.08999633789062,84.55000305175781,83.47000122070312,73.09912109375,2850300
2017-03-23,83.91999816894531,85.05000305175781,83.91999816894531,73.15113067626953,3021100
2017-03-24,84.30000305175781,84.9800033569336,83.86000061035156,72.94316101074219,2479100
2017-03-27,83.9000015258789,84.44000244140625,83.73999786376953,72.99513244628906,2340300
2017-03-28,84.2699966430664,85,84.04000091552734,73.43706512451172,2755000
2017-03-29,84.55000305175781,84.76000213623047,84.31999969482422,73.16844940185547,2066600
2017-03-30,84.56999969482422,84.94999694824219,84.08000183105469,73.44573211669922,3204100
2017-03-31,84.4000015258789,84.94000244140625,84.08000183105469,72.88251495361328,3151900
2017-04-03,84.12999725341797,84.80999755859375,84.06999969482422,73.17710876464844,2429900
2017-04-04,84.52999877929688,86.38999938964844,84.29000091552734,74.59819793701172,4624600
2017-04-05,85.91999816894531,86.72000122070312,85.56999969482422,74.1996078491211,4056300
2017-04-06,85.47000122070312,85.9000015258789,85.12000274658203,73.96563720703125,2684600
2017-04-07,85.33999633789062,85.66000366210938,84.91000366210938,73.93098449707031,2808500
2017-04-10,85.45999908447266,85.8499984741211,85.2300033569336,74.06096649169922,1994900
2017-04-11,85.47000122070312,86.13999938964844,85.31999969482422,74.4595718383789,2699200
2017-04-12,85.73999786376953,86.33999633789062,85.66999816894531,74.73682403564453,2545100
2017-04-13,86.02999877929688,86.31999969482422,85.77999877929688,74.4162368774414,2172500
2017-04-17,81.30000305175781,82.98999786376953,81.11000061035156,71.38346099853516,12424500
2017-04-18,81.91000366210938,82.0999984741211,80.88999938964844,70.36095428466797,8210800
2017-04-19,81.12000274658203,81.70999908447266,79.87999725341797,70.09233856201172,5504500
2017-04-20,81.19000244140625,82.19999694824219,80.75,71.00214385986328,3267200
2017-04-21,81.81999969482422,82.23999786376953,81.66999816894531,70.95884704589844,3204000
2017-04-24,82.81999969482422,83.7300033569336,82.72000122070312,72.28461456298828,4813600
2017-04-25,82.70999908447266,82.70999908447266,80.5,70.36095428466797,9221100
2017-04-26,81.33999633789062,81.70999908447266,80.93000030517578,70.1529769897461,4421700
2017-04-27,80.97000122070312,81.5999984741211,80.69000244140625,70.47358703613281,3219200
2017-04-28,81.37000274658203,82.25,81.19999694824219,71.10616302490234,3161800
2017-05-01,82.08999633789062,82.22000122070312,81.75,70.89820098876953,2397200
2017-05-02,81.9800033569336,81.9800033569336,81.5,70.7942123413086,3626500
2017-05-03,81.26000213623047,81.55999755859375,81.23999786376953,70.40428924560547,3373200
2017-05-04,81.3499984741211,83.0999984741211,81.29000091552734,71.9553451538086,3567100
2017-05-05,83.05999755859375,83.11000061035156,82.06999969482422,71.49607849121094,3135600
2017-05-08,82.36000061035156,82.41000366210938,80.36000061035156,69.90169525146484,4712900
2017-05-09,80.81999969482422,80.94000244140625,80.3499984741211,70.00566864013672,3988100
2017-05-10,80.83999633789062,81.11000061035156,80.19000244140625,70.23096466064453,4018500
2017-05-11,80.72000122070312,81,79.91000366210938,69.96060943603516,3920500
2017-05-12,80.33000183105469,80.61000061035156,79.73999786376953,69.93445587158203,2935200
2017-05-15,80.19000244140625,80.48999786376953,79.43000030517578,70.0303955078125,2559100
2017-05-16,80.2300033569336,80.30000305175781,78.4000015258789,68.8879165649414,7170100
2017-05-17,78.98999786376953,79.02999877929688,77.91999816894531,68.14662170410156,4486000
2017-05-18,78.56999969482422,78.94000244140625,78.04000091552734,68.28618621826172,2928200
2017-05-19,78.5,78.70999908447266,77.7300033569336,67.85012817382812,5091800
2017-05-22,77.9000015258789,78.01000213623047,76.8499984741211,67.13499450683594,6936500
2017-05-23,77.19000244140625,78.36000061035156,77.0199966430664,68.01580047607422,5884800
2017-05-24,77.98999786376953,78.27999877929688,77.80000305175781,67.98965454101562,2253800
2017-05-25,78.30999755859375,78.45999908447266,77.76000213623047,68.32107543945312,1736700
2017-05-26,78.12000274658203,78.3499984741211,77.72000122070312,68.06813049316406,2238900
2017-05-30,77.94999694824219,78.66999816894531,77.75,68.32978820800781,3244900
2017-05-31,78.4800033569336,79.91000366210938,78.4800033569336,69.39376068115234,5163900
2017-06-01,79.5999984741211,80.2300033569336,79.37999725341797,69.76001739501953,3093100
2017-06-02,80.47000122070312,81.05999755859375,79.9000015258789,69.88214111328125,4005700
2017-06-05,80,80.06999969482422,78.9800033569336,69.2018814086914,2814800
2017-06-06,79.41000366210938,79.45999908447266,78.75,68.9751205444336,2688000
2017-06-07,79.16000366210938,79.54000091552734,79.08999633789062,69.23675537109375,2899900
2017-06-08,79.38999938964844,80.45999908447266,79.33999633789062,69.85596466064453,4610400
2017-06-09,80.0999984741211,81.19000244140625,79.69999694824219,70.67576599121094,4599300
2017-06-12,80.95999908447266,81.29000091552734,80.83999633789062,70.55367279052734,2842400
2017-06-13,81.20999908447266,81.29000091552734,80.23999786376953,70.85888671875,4492900
2017-06-14,80.9000015258789,81.61000061035156,80.7699966430664,71.16413879394531,4025600
2017-06-15,81.38999938964844,82.1500015258789,80.95999908447266,71.55658721923828,3484800
2017-06-16,82.23999786376953,82.55999755859375,81.66000366210938,71.4083251953125,4903200
2017-06-19,82.0199966430664,82.76000213623047,81.87000274658203,71.80947875976562,2538000
2017-06-20,82.22000122070312,83.68000030517578,82.22000122070312,72.16705322265625,3694700
2017-06-21,83.0999984741211,83.41000366210938,82.37999725341797,72.07111358642578,3781400
2017-06-22,82.83999633789062,84.76000213623047,82.83999633789062,73.52757263183594,4891600
2017-06-23,84.12000274658203,84.33999633789062,83.70999908447266,73.16127014160156,3928000
2017-06-26,84.08999633789062,84.44999694824219,83.66000366210938,73.50140380859375,2952800
2017-06-27,84.18000030517578,84.33000183105469,83.04000091552734,72.41997528076172,2365800
2017-06-28,83.44999694824219,83.91999816894531,82.9000015258789,72.4722900390625,3035300
2017-06-29,83.08999633789062,83.22000122070312,82.30999755859375,72.12345123291016,2366800
2017-06-30,82.97000122070312,83.12999725341797,82,71.77461242675781,5713900
2017-07-03,82.41000366210938,82.91000366210938,82.31999969482422,72.12345123291016,1464700
2017-07-05,82.62999725341797,82.76000213623047,82.02999877929688,72.12345123291016,2263600
2017-07-06,82.31999969482422,82.56999969482422,81.37000274658203,71.16413879394531,3391000
2017-07-07,81.62000274658203,82.3499984741211,81.43000030517578,71.76587677001953,1803700
2017-07-10,82.33000183105469,82.56999969482422,81.88999938964844,71.75717163085938,2269700
2017-07-11,82.38999938964844,82.83999633789062,81.87999725341797,71.8182144165039,2708900
2017-07-12,82.7300033569336,84.0199966430664,82.61000061035156,72.82115936279297,3527000
2017-07-13,83.55999755859375,84.2300033569336,83.16000366210938,73.27462005615234,2944100
2017-07-14,84.11000061035156,84.58000183105469,83.80999755859375,73.56245422363281,2005700
2017-07-17,84.30999755859375,84.52999877929688,83.41999816894531,72.9432373046875,1989100
2017-07-18,83.51000213623047,83.7699966430664,83.22000122070312,72.99555206298828,1704500
2017-07-19,83.5199966430664,84.27999877929688,83.5199966430664,73.45777893066406,2297400
2017-07-20,84.52999877929688,85.12000274658203,84.41000366210938,73.9112777709961,2980600
2017-07-21,84.62000274658203,84.95999908447266,84.30999755859375,73.83277893066406,3064400
2017-07-24,84.66000366210938,85.52999877929688,84.51000213623047,73.90254974365234,3952200
2017-07-25,83.73999786376953,84.4000015258789,80.7699966430664,71.67868041992188,13319900
2017-07-26,81.56999969482422,81.87999725341797,81.04000091552734,71.37345123291016,7030500
2017-07-27,81.76000213623047,83.05000305175781,81.45999908447266,72.40252685546875,5577400
2017-07-28,82.87000274658203,83.22000122070312,82.5,72.4722900390625,3820100
2017-07-31,83.33999633789062,83.76000213623047,82.62999725341797,72.08857727050781,4083000
2017-08-01,82.86000061035156,83.1500015258789,82.12000274658203,71.8356704711914,3439400
2017-08-02,82.05999755859375,82.16999816894531,81.06999969482422,71.35599517822266,4574400
2017-08-03,81.58000183105469,82.27999877929688,81.5,71.45193481445312,3688300
2017-08-04,81.9000015258789,82.31999969482422,81.76000213623047,71.78333282470703,2802600
2017-08-07,82.30999755859375,82.4000015258789,81.72000122070312,71.57398986816406,2769700
2017-08-08,81.87000274658203,82.72000122070312,81.62999725341797,71.48680877685547,3292600
2017-08-09,82.12999725341797,82.73999786376953,81.97000122070312,72.01006317138672,2392100
2017-08-10,82.54000091552734,82.54000091552734,81.66000366210938,71.55658721923828,3367500
2017-08-11,81.80000305175781,81.97000122070312,81.12000274658203,71.22306060791016,2446400
2017-08-14,81.33999633789062,81.68000030517578,81.18000030517578,71.5214614868164,1879600
2017-08-15,81.5,82.33999633789062,81.5,71.71455383300781,1949500
2017-08-16,82.13999938964844,82.19999694824219,80.0199966430664,70.81935119628906,3970500
2017-08-17,80.4000015258789,80.56999969482422,77.69999694824219,68.28286743164062,7318200
2017-08-18,77.69999694824219,77.69999694824219,76.94000244140625,67.64216613769531,4061300
2017-08-21,77.12000274658203,77.63999938964844,76.88999938964844,67.91423034667969,3638100
2017-08-22,77.52999877929688,78.6500015258789,77.52999877929688,68.68656921386719,2131900
2017-08-23,78.19999694824219,78.5199966430664,78.05000305175781,68.59004974365234,1801500
2017-08-24,78.33000183105469,79.23999786376953,78.26000213623047,69.21319580078125,4188400
2017-08-25,78.95999908447266,79.52999877929688,78.73999786376953,69.15177154541016,2171500
2017-08-28,79.0999984741211,79.43000030517578,78.62999725341797,69.19564056396484,1923200
2017-08-29,78.54000091552734,78.83999633789062,78.12000274658203,68.94113159179688,2154300
2017-08-30,79.0999984741211,80.7699966430664,78.75,70.643798828125,5036900
2017-08-31,80.7699966430664,81.3499984741211,80.33999633789062,71.3459243774414,3939500
2017-09-01,81.54000091552734,81.70999908447266,79.43000030517578,70.28394317626953,4345000
2017-09-05,79.47000122070312,80.05000305175781,79.05000305175781,70.0557632446289,3384000
2017-09-06,80.20999908447266,80.66999816894531,79.86000061035156,70.66133117675781,2689200
2017-09-07,80.62000274658203,82.75,80.37000274658203,71.56534576416016,6249300
2017-09-08,81.61000061035156,83.12000274658203,81.54000091552734,72.77654266357422,3961300
2017-09-11,82.94000244140625,83.3499984741211,81.7699966430664,72.52201080322266,4389200
2017-09-12,82.5999984741211,82.7300033569336,81.93000030517578,72.11829376220703,2566400
2017-09-13,81.95999908447266,82.58000183105469,81.87999725341797,72.34649658203125,2454900
2017-09-14,82.33000183105469,83.98999786376953,82.12000274658203,72.90818786621094,3370300
2017-09-15,83.30000305175781,83.56999969482422,82.18000030517578,72.35526275634766,5374500
2017-09-18,82.55000305175781,82.66999816894531,82.06999969482422,72.42546844482422,2200000
2017-09-19,82.63999938964844,82.83999633789062,81.55000305175781,71.73212432861328,2259200
2017-09-20,82.05999755859375,82.41999816894531,81.38999938964844,71.98663330078125,2849900
2017-09-21,82.01000213623047,83.69999694824219,81.87999725341797,73.1363525390625,4426700
2017-09-22,83.33999633789062,84.02999877929688,82.73999786376953,73.64544677734375,3148700
2017-09-25,83.87000274658203,84.6500015258789,83.80000305175781,74.2861328125,4223800
2017-09-26,84.43000030517578,85.12999725341797,84.01000213623047,73.91753387451172,2347200
2017-09-27,84.33999633789062,84.80000305175781,83.97000122070312,74.29490661621094,3085200
2017-09-28,84.58999633789062,85.58000183105469,84.1500015258789,74.60209655761719,2841000
2017-09-29,85.16999816894531,85.61000061035156,84.38999938964844,75.07601928710938,3506100
2017-10-02,85.77999877929688,86.68000030517578,85.73999786376953,75.78694915771484,3071100
2017-10-03,86.23999786376953,86.55999755859375,85.93000030517578,75.87472534179688,2128800
2017-10-04,86.5,87.16000366210938,86.27999877929688,76.32234191894531,2317700
2017-10-05,86.7699966430664,89.08999633789062,86.38999938964844,76.92794036865234,5221000
2017-10-06,87.30999755859375,87.48999786376953,86.63999938964844,76.42765045166016,2297200
2017-10-09,87.13999938964844,87.27999877929688,86.45999908447266,76.40135192871094,1701400
2017-10-10,85.37999725341797,86.69999694824219,85.25,75.62020111083984,4943700
2017-10-11,86.3499984741211,86.66000366210938,85.44999694824219,75.53243255615234,3433200
2017-10-12,86.0999984741211,86.44999694824219,85.91000366210938,75.85718536376953,1941100
2017-10-13,86.4000015258789,86.69999694824219,85.70999908447266,75.96249389648438,3026500
2017-10-16,86.4800033569336,86.73999786376953,85.77999877929688,75.4358901977539,3800700
2017-10-17,85.94000244140625,86.5,85.41999816894531,75.53243255615234,3643700
2017-10-18,86.33000183105469,86.55999755859375,85.5199966430664,75.24280548095703,4002200
2017-10-19,85.69000244140625,86.37999725341797,85.51000213623047,75.79573059082031,3233400
2017-10-20,86.5199966430664,87.37999725341797,86.33000183105469,76.55931854248047,3223200
2017-10-23,87.47000122070312,88.19000244140625,87.12000274658203,76.51541137695312,4909800
2017-10-24,87.41999816894531,88.33000183105469,83.75,74.75130462646484,8696100
2017-10-25,85.91000366210938,86.37000274658203,84.68000030517578,74.47045135498047,3916000
2017-10-26,84.66999816894531,85.11000061035156,83.83000183105469,73.86485290527344,3820700
2017-10-27,84.06999969482422,84.80999755859375,83.58999633789062,73.6015625,2892900
2017-10-30,83.76000213623047,83.76000213623047,82.43000030517578,72.53956604003906,4667200
2017-10-31,82.76000213623047,83.0999984741211,81.72000122070312,71.91641235351562,3853300
2017-11-01,82.16999816894531,83.81999969482422,82,72.75021362304688,3309300
2017-11-02,82.55000305175781,83.91999816894531,82.30999755859375,72.96087646484375,2716100
2017-11-03,82.70999908447266,83.58999633789062,82.66000366210938,73.29439544677734,1534800
2017-11-06,83.29000091552734,83.43000030517578,82.91999816894531,72.79410552978516,1861700
2017-11-07,83.04000091552734,83.41999816894531,82.7699966430664,73.09249114990234,2851900
2017-11-08,83,84.38999938964844,83,73.73319244384766,2328700
2017-11-09,83.81999969482422,84.26000213623047,83.62999725341797,73.71562957763672,2098600
2017-11-10,83.66999816894531,83.87000274658203,82.56999969482422,73.10128021240234,2692500
2017-11-13,83.33000183105469,83.33000183105469,82.52999877929688,72.723876953125,2478700
2017-11-14,82.69000244140625,83.11000061035156,82.20999908447266,72.85636901855469,2684800
2017-11-15,82.51000213623047,83.13999938964844,81.41999816894531,72.59139251708984,1838100
2017-11-16,82.41000366210938,83.62999725341797,81.83999633789062,73.69539642333984,2599700
2017-11-17,83,83.4800033569336,82.80000305175781,73.20964813232422,4097800
2017-11-20,83.08999633789062,83.31999969482422,82.81999969482422,73.46575927734375,2205900
2017-11-21,83.6500015258789,84.52999877929688,83.37000274658203,73.75724792480469,3529900
2017-11-22,83.66999816894531,84.26000213623047,83.4800033569336,73.9073715209961,2230900
2017-11-24,83.87000274658203,84.16999816894531,83.58000183105469,74.21653747558594,817600
2017-11-27,84.1500015258789,85.25,84.02999877929688,74.90542602539062,2980900
2017-11-28,85.06999969482422,85.36000061035156,84.73999786376953,75.1174087524414,2659400
2017-11-29,84.79000091552734,85.23999786376953,84.44999694824219,75.03791809082031,2316000
2017-11-30,85.25,85.4800033569336,84.31999969482422,74.75528717041016,5002100
2017-12-01,84.9800033569336,85.41000366210938,84.18000030517578,75.35587310791016,2736300
2017-12-04,85.48999786376953,86.77999877929688,85.36000061035156,75.58549499511719,4228300
2017-12-05,85.58999633789062,86.58000183105469,85.20999908447266,76.00944519042969,3876800
2017-12-06,86.04000091552734,86.38999938964844,84.52999877929688,75.35587310791016,3130900
2017-12-07,85.20999908447266,85.87000274658203,84.6500015258789,75.8416519165039,4344900
2017-12-08,85.66000366210938,86.45999908447266,85.47000122070312,76.35387420654297,3777100
2017-12-11,86.61000061035156,86.83999633789062,86.06999969482422,76.54818725585938,3336800
2017-12-12,86.48999786376953,86.9000015258789,85.98999786376953,76.58351135253906,4252500
2017-12-13,86.41000366210938,89.08999633789062,86.33999633789062,77.62574005126953,5786800
2017-12-14,88.22000122070312,88.33000183105469,86.12000274658203,76.39806365966797,4388400
2017-12-15,86.88999938964844,87.61000061035156,86.2699966430664,76.4333724975586,7346400
2017-12-18,86.76000213623047,87.44999694824219,85.98999786376953,76.02709197998047,3796000
2017-12-19,86.04000091552734,86.7699966430664,85.8499984741211,76.58351135253906,4027600
2017-12-20,86.68000030517578,86.94000244140625,85.63999938964844,75.72679901123047,3016900
2017-12-21,86.02999877929688,86.18000030517578,85.44000244140625,75.61198425292969,2024300
2017-12-22,85.5999984741211,85.77999877929688,84.75,75.13505554199219,1834800
2017-12-26,85.29000091552734,85.43000030517578,84.95999908447266,75.06440734863281,1099900
2017-12-27,85.19000244140625,85.45999908447266,84.9800033569336,75.1968994140625,1332800
2017-12-28,85.30000305175781,85.44000244140625,84.88999938964844,75.1174087524414,1731700
2017-12-29,85.12000274658203,85.44000244140625,84.45999908447266,74.59629821777344,2563800
2018-01-02,84.45999908447266,85,84.05999755859375,74.79060363769531,3456700
2018-01-03,84.73999786376953,85.41999816894531,84.2699966430664,75.1968994140625,3078400
2018-01-04,85.27999877929688,85.80000305175781,84.73999786376953,75.53245544433594,2462500
2018-01-05,86.08999633789062,86.75,85.93000030517578,76.4598617553711,2946300
2018-01-08,86.69000244140625,86.70999908447266,85.4000015258789,76.07125854492188,3251400
2018-01-09,86.19999694824219,86.41999816894531,85.73999786376953,76.00944519042969,2426000
2018-01-10,85.61000061035156,86.16999816894531,85.48999786376953,76.04475402832031,1674600
2018-01-11,86.16999816894531,86.58999633789062,85.87000274658203,76.3009033203125,2647500
2018-01-12,86.5199966430664,87.41000366210938,86.02999877929688,76.82197570800781,2728900
2018-01-16,85.93000030517578,86.58999633789062,85.1500015258789,75.32939147949219,4878300
2018-01-17,85.80000305175781,86.36000061035156,85.47000122070312,76.14192199707031,4083300
2018-01-18,86.04000091552734,86.13999938964844,85.2699966430664,75.7974624633789,4445800
2018-01-19,86.16999816894531,86.27999877929688,85.31999969482422,75.50598907470703,5826900
2018-01-22,83.25,85.56999969482422,82.4000015258789,75.46183013916016,6374000
2018-01-23,85.18000030517578,85.91999816894531,84.23999786376953,74.56098175048828,5728100
2018-01-24,84.86000061035156,85.16000366210938,84.27999877929688,74.45498657226562,5977700
2018-01-25,84.80999755859375,85.4000015258789,84.55999755859375,75.08207702636719,5201600
2018-01-26,84.76000213623047,87.47000122070312,84.76000213623047,76.91032409667969,6394100
2018-01-29,86.7699966430664,88.33000183105469,86.6500015258789,77.36959838867188,5324500
2018-01-30,86.63999938964844,86.94000244140625,85.20999908447266,76.03594970703125,5388400
2018-01-31,86.5,86.7300033569336,81.2699966430664,71.93781280517578,10558500
2018-02-01,81.54000091552734,82.87000274658203,81.29000091552734,72.78572082519531,8410700
2018-02-02,81.87999725341797,83.02999877929688,81.12000274658203,71.69934844970703,5152500
2018-02-05,80.88999938964844,81.61000061035156,76.55000305175781,68.44029998779297,8145200
2018-02-06,76.55999755859375,79.11000061035156,75.70999908447266,68.88188171386719,10558800
2018-02-07,77.76000213623047,78.55999755859375,76.70999908447266,67.7602310180664,8240300
2018-02-08,77.19000244140625,77.6500015258789,74.19000244140625,65.5433349609375,8059600
2018-02-09,75.05999755859375,76.81999969482422,73.69000244140625,67.32742309570312,8939700
2018-02-12,76.68000030517578,77.0999984741211,75.19999694824219,67.3450927734375,6454200
2018-02-13,76.0199966430664,76.58999633789062,75.75,67.30979919433594,4041200
2018-02-14,75.41000366210938,77.19000244140625,75.33999633789062,68.54035186767578,4361100
2018-02-15,77.75,78.1500015258789,77.02999877929688,69.4212417602539,4810700
2018-02-16,77.94999694824219,79.6500015258789,77.91000366210938,70.26654052734375,4699600
2018-02-20,78.18000030517578,78.69999694824219,77.18000030517578,69.0030288696289,3195000
2018-02-21,77.58999633789062,78.75,77.55000305175781,69.0030288696289,3871100
2018-02-22,77.19000244140625,78.08999633789062,76.5199966430664,68.68272399902344,7687400
2018-02-23,77.7300033569336,78.86000061035156,77.63999938964844,70.07078552246094,5170300
2018-02-26,78.98999786376953,80.47000122070312,78.97000122070312,71.34318542480469,6015900
2018-02-27,80.1500015258789,80.20999908447266,78.69000244140625,70.02632141113281,4860400
2018-02-28,78.77999877929688,79.18000030517578,77.01000213623047,68.5314712524414,6123400
2018-03-01,77.05999755859375,77.37000274658203,75.52999877929688,68.06877899169922,6258400
2018-03-02,76.37999725341797,77.5999984741211,76.31999969482422,68.71832275390625,3216700
2018-03-05,76.9000015258789,78.08000183105469,76.70999908447266,69.13648986816406,3816600
2018-03-06,77.86000061035156,78,76.87999725341797,68.68272399902344,2962700
2018-03-07,76.58000183105469,77.61000061035156,76.54000091552734,68.90515899658203,2266500
2018-03-08,77.6500015258789,79.0199966430664,77.47000122070312,70.19535827636719,3497200
2018-03-09,79.27999877929688,79.95999908447266,78.87999725341797,70.83601379394531,4399500
2018-03-12,79.83000183105469,79.97000122070312,78.61000061035156,70.32882690429688,5059600
2018-03-13,79.08000183105469,79.87000274658203,78.7699966430664,70.42671966552734,4863200
2018-03-14,79.38999938964844,79.55999755859375,78.0199966430664,69.83944702148438,3167900
2018-03-15,78.58000183105469,79.86000061035156,78.45999908447266,70.07078552246094,3910100
2018-03-16,79.19999694824219,80.48999786376953,79.12000274658203,71.6190185546875,8326300
2018-03-19,80.12000274658203,80.19999694824219,78.16000366210938,70.05299377441406,5117000
2018-03-20,79.04000091552734,79.19999694824219,77.8499984741211,69.73267364501953,3943800
2018-03-21,78.45999908447266,79,78.02999877929688,69.61700439453125,4052000
2018-03-22,77.55999755859375,78.01000213623047,76.41000366210938,68.09542083740234,3816900
2018-03-23,76.7699966430664,76.80000305175781,74.51000213623047,66.52053833007812,4298100
2018-03-26,75.61000061035156,76.2300033569336,74.6500015258789,67.78401947021484,3488700
2018-03-27,76.08999633789062,76.5999984741211,75.13999938964844,67.32135009765625,4070600
2018-03-28,76.05999755859375,77.66000366210938,76.04000091552734,68.5225601196289,4257500
2018-03-29,77.45999908447266,77.80000305175781,76.61000061035156,68.84288024902344,3424000
2018-04-02,76.87999725341797,77.30999755859375,75.4000015258789,67.3569564819336,6282600
2018-04-03,76.25,77.5999984741211,75.86000061035156,68.994140625,3610600
2018-04-04,76.81999969482422,78.81999969482422,76.70999908447266,69.93730926513672,3022200
2018-04-05,78.5199966430664,78.8499984741211,78.08999633789062,69.95511627197266,2213100
2018-04-06,78.18000030517578,78.25,76.30000305175781,68.38019561767578,4012800
2018-04-09,77.2699966430664,78.3499984741211,76.33000183105469,68.81616973876953,5377500
2018-04-10,78.08999633789062,79.68000030517578,78.06999969482422,70.48899841308594,3657200
2018-04-11,78.3499984741211,78.9000015258789,78.12000274658203,70.05299377441406,2830000
2018-04-12,79.19000244140625,79.68000030517578,78.80999755859375,70.55127716064453,2121100
2018-04-13,79.87999725341797,80.44999694824219,79.23999786376953,70.93387603759766,2652400
2018-04-16,80.45999908447266,80.75,79.66999816894531,71.289794921875,2743000
2018-04-17,80.56999969482422,80.63999938964844,79.48999786376953,71.1118392944336,3782400
2018-04-18,79.95999908447266,80.23999786376953,79.58999633789062,70.93387603759766,4261000
2018-04-19,78.95999908447266,79.75,78.55000305175781,70.96057891845703,4989400
2018-04-20,79.63999938964844,79.91000366210938,78.81999969482422,70.34659576416016,5424100
2018-04-23,79.43000030517578,80.29000091552734,79.16999816894531,71.3609848022461,4015900
2018-04-24,81.16999816894531,81.5,78.91999816894531,71.26309204101562,6394900
2018-04-25,80.2699966430664,82.31999969482422,80.01000213623047,72.19739532470703,5379000
2018-04-26,81.41999816894531,83.55999755859375,81.41999816894531,73.45198059082031,5058700
2018-04-27,82.5,83.23999786376953,82.37999725341797,73.6121597290039,3209600
2018-04-30,83.08999633789062,83.20999908447266,81.05999755859375,72.13509368896484,5483500
2018-05-01,80.68000030517578,80.93000030517578,78.69000244140625,70.35553741455078,6306100
2018-05-02,78.68000030517578,79.38999938964844,78.45999908447266,70.1419906616211,5166300
2018-05-03,78.6500015258789,78.69999694824219,77.44000244140625,69.43904876708984,4469300
2018-05-04,77.41999816894531,78.62000274658203,77.08999633789062,69.75935363769531,3367500
2018-05-07,78.41000366210938,79.26000213623047,78.2300033569336,69.9640121459961,3722600
2018-05-08,78.4800033569336,78.9000015258789,78.16999816894531,70.18647003173828,4591700
2018-05-09,78.95999908447266,79.6500015258789,78.44999694824219,70.5334701538086,3325200
2018-05-10,79.45999908447266,81.16999816894531,79.41000366210938,71.9482192993164,3718400
2018-05-11,81.1500015258789,82.44999694824219,81.0199966430664,73.36299896240234,4393800
2018-05-14,82.5999984741211,83.31999969482422,82.5,73.91465759277344,4739700
2018-05-15,82.72000122070312,82.94000244140625,81.83000183105469,73.14947509765625,3662700
2018-05-16,81.80000305175781,81.94999694824219,80.95999908447266,72.7310562133789,3614500
2018-05-17,81.04000091552734,81.83999633789062,81.02999877929688,73.16110229492188,2808400
2018-05-18,81.48999786376953,82.29000091552734,81.48999786376953,73.52839660644531,4002300
2018-05-21,82.29000091552734,82.54000091552734,81.66999816894531,73.31339263916016,2505900
2018-05-22,82.13999938964844,82.88999938964844,81.80999755859375,73.66283416748047,2620700
2018-05-23,81.70999908447266,82.91999816894531,81.61000061035156,74.07493591308594,2516900
2018-05-24,82.70999908447266,82.79000091552734,82.0999984741211,74.1018295288086,2481800
2018-05-25,82.79000091552734,83.47000122070312,82.58999633789062,74.15558624267578,2338100
2018-05-29,82.11000061035156,82.62000274658203,81.6500015258789,73.85995483398438,3459300
2018-05-30,82.91999816894531,84.0199966430664,82.91000366210938,75.13212585449219,3475400
2018-05-31,83.87999725341797,85.11000061035156,83.68000030517578,76.1893310546875,9526400
2018-06-01,85.19999694824219,85.68000030517578,84.55999755859375,76.01911163330078,4057700
2018-06-04,84.6500015258789,85.5199966430664,84.36000061035156,76.21620178222656,4263100
2018-06-05,85.25,85.69999694824219,84.54000091552734,75.99221801757812,3667600
2018-06-06,84.87999725341797,85.93000030517578,84.66000366210938,76.98668670654297,2720100
2018-06-07,86.19999694824219,86.31999969482422,85.31999969482422,76.94189453125,3123600
2018-06-08,85.83000183105469,86.41999816894531,85.43000030517578,77.12107849121094,3172300
2018-06-11,86.30999755859375,86.77999877929688,85.80999755859375,76.92398834228516,3506900
2018-06-12,85.76000213623047,86.0199966430664,85.44999694824219,76.59249877929688,3016900
2018-06-13,85.76000213623047,86.37999725341797,85.5999984741211,76.79853820800781,3052100
2018-06-14,85.66999816894531,86.45999908447266,85.16999816894531,77.36299133300781,3115100
2018-06-15,86.12999725341797,87.2699966430664,86.0999984741211,77.83783721923828,5575200
2018-06-18,85.9800033569336,86.1500015258789,85.01000213623047,77.14795684814453,2903900
2018-06-19,85.88999938964844,86.87000274658203,85.66999816894531,77.78406524658203,3044500
2018-06-20,86.73999786376953,87.16000366210938,86.19999694824219,77.30028533935547,4675500
2018-06-21,85.81999969482422,86.27999877929688,85.19000244140625,77.11213684082031,2856400
2018-06-22,86.0199966430664,86.4000015258789,85.80999755859375,76.97774505615234,3769500
2018-06-25,86,86.61000061035156,85.12000274658203,76.84333038330078,3414100
2018-06-26,85.54000091552734,86,84.95999908447266,76.25204467773438,2840600
2018-06-27,84.91000366210938,85.5999984741211,84.63999938964844,75.85782623291016,3005400
2018-06-28,84.8499984741211,85.95999908447266,84.80999755859375,76.59249877929688,2564600
2018-06-29,85.83999633789062,86.0999984741211,85.12999725341797,76.44915008544922,2964000
2018-07-02,85.05999755859375,85.93000030517578,84.70999908447266,76.92398834228516,2347000
2018-07-03,85.80999755859375,87.0199966430664,85.80999755859375,77.50633239746094,2163500
2018-07-05,86.91000366210938,87.19000244140625,86.12999725341797,77.55111694335938,2675500
2018-07-06,86.83000183105469,87.70999908447266,86.81999969482422,78.29476165771484,2290500
2018-07-09,87.5999984741211,88.33000183105469,87.5199966430664,78.72477722167969,2718300
2018-07-10,88.08000183105469,88.2300033569336,87.66999816894531,78.88604736328125,2227200
2018-07-11,87.7699966430664,88.06999969482422,87.19999694824219,78.44705200195312,2449500
2018-07-12,88.0999984741211,88.98999786376953,87.91999816894531,79.65654754638672,2604500
2018-07-13,88.83000183105469,89.87000274658203,88.54000091552734,80.37328338623047,3335000
2018-07-16,89.62999725341797,89.83999633789062,88.83999633789062,79.79991149902344,3175200
2018-07-17,89.36000061035156,89.97000122070312,89.33999633789062,80.24785614013672,2179400
2018-07-18,89.5999984741211,90.12999725341797,89.06999969482422,80.65996551513672,3021400
2018-07-19,89.83000183105469,89.9800033569336,88.87000274658203,80.12245178222656,3171000
2018-07-20,89.0199966430664,89.37000274658203,88.26000213623047,79.26234436035156,3829800
2018-07-23,88.30000305175781,89.16000366210938,88.16999816894531,79.62965393066406,3145300
2018-07-24,91.05999755859375,93.76000213623047,90,83.63443756103516,9910000
2018-07-25,93.16000366210938,96.6500015258789,93.02999877929688,86.39388275146484,8476800
2018-07-26,96.63999938964844,96.95999908447266,94.83000183105469,85.27400970458984,4826100
2018-07-27,95.6500015258789,96.95999908447266,95.0199966430664,86.54620361328125,3975500
2018-07-30,96.37999725341797,98.12000274658203,96.25,87.81839752197266,5356000
2018-07-31,98.25,99.19999694824219,97.52999877929688,88.52620697021484,4957800
2018-08-01,98.73999786376953,99.3499984741211,98.44000244140625,88.42764282226562,4971800
2018-08-02,97.94999694824219,100.38999938964844,97.83999633789062,89.11750030517578,4321000
2018-08-03,99.18000030517578,100.69000244140625,98.87999725341797,90.11199951171875,4572100
2018-08-06,100.4000015258789,102.58999633789062,100.22000122070312,91.38418579101562,5090900
2018-08-07,101.79000091552734,103.80999755859375,101.68000030517578,91.33042907714844,5095100
2018-08-08,101.8499984741211,102.66999816894531,101.43000030517578,91.6260986328125,3901600
2018-08-09,102.05999755859375,102.72000122070312,101.91999816894531,91.55438995361328,3298100
2018-08-10,102.1500015258789,103.19000244140625,101.98999786376953,91.6081771850586,2783800
2018-08-13,102.44999694824219,102.68000030517578,102.12000274658203,91.77840423583984,2816400
2018-08-14,101.7699966430664,102.83999633789062,101.2699966430664,92.28557586669922,3283900
2018-08-15,102.27999877929688,103.44000244140625,102.08000183105469,93.08736419677734,3143200
2018-08-16,103.25,104.94000244140625,103.25,94.01526641845703,4427200
2018-08-17,104.43000030517578,105.91999816894531,103.95999908447266,95.08729553222656,3824300
2018-08-20,105.58000183105469,106.37999725341797,105.58000183105469,95.33053588867188,2765500
2018-08-21,106.0199966430664,106.12999725341797,104.72000122070312,94.6548843383789,2775500
2018-08-22,104.80000305175781,105.62999725341797,104.1500015258789,94.61885070800781,1964400
2018-08-23,104.98999786376953,105.25,104.38999938964844,94.42967987060547,2043400
2018-08-24,105.56999969482422,106.04000091552734,104.52999877929688,95.28548431396484,3089900
2018-08-27,106.1500015258789,106.48999786376953,104.94000244140625,94.69090270996094,2452500
2018-08-28,105.02999877929688,105.58999633789062,104.58999633789062,94.75398254394531,2516800
2018-08-29,104.4000015258789,105.58999633789062,104.27999877929688,94.88912200927734,2949500
2018-08-30,105.18000030517578,105.73999786376953,104.94000244140625,95.02425384521484,2928600
2018-08-31,105.13999938964844,105.86000061035156,104.47000122070312,95.1773910522461,3278900
2018-09-04,105.30999755859375,105.69999694824219,104.37999725341797,94.2494888305664,3107000
2018-09-05,104.8499984741211,106.11000061035156,104.69999694824219,95.24044799804688,3366600
2018-09-06,105.66999816894531,105.75,103.66000366210938,94.92514038085938,3180700
2018-09-07,105.1500015258789,107.23999786376953,104.80000305175781,96.42060089111328,3822900
2018-09-10,107.5,107.83999633789062,106.38999938964844,95.87104797363281,2950800
2018-09-11,106.41000366210938,106.62000274658203,105.5199966430664,95.16836547851562,3516400
2018-09-12,105.80999755859375,106.48999786376953,105.51000213623047,95.46566772460938,3926000
2018-09-13,106.16000366210938,106.70999908447266,105.81999969482422,96.01522064208984,5167400
2018-09-14,106.56999969482422,106.69000244140625,105.4000015258789,95.28548431396484,3103100
2018-09-17,105.61000061035156,106.7699966430664,105.05000305175781,95.23143005371094,4972200
2018-09-18,105.87000274658203,107.19000244140625,105.11000061035156,96.28548431396484,3668800
2018-09-19,106.87999725341797,107.06999969482422,105.5,95.25846862792969,3270400
2018-09-20,105.72000122070312,106.11000061035156,104.22000122070312,95.55573272705078,3762000
2018-09-21,106.2300033569336,106.87000274658203,105.3499984741211,95.78997802734375,5333700
2018-09-24,105.94999694824219,106.66999816894531,105.58999633789062,95.12334442138672,3095500
2018-09-25,106.01000213623047,106.76000213623047,105.54000091552734,95.2224349975586,3775700
2018-09-26,106.05999755859375,107.37000274658203,106.01000213623047,95.77198028564453,3707300
2018-09-27,106.48999786376953,107.16999816894531,106.20999908447266,96.11431884765625,2093700
2018-09-28,106.7699966430664,107.73999786376953,106.30000305175781,96.67285919189453,2812300
2018-10-01,107.66999816894531,107.70999908447266,107.02999877929688,96.93409729003906,2707500
2018-10-02,107.5,108.13999938964844,107.19000244140625,97.25839233398438,3787900
2018-10-03,108.47000122070312,109.61000061035156,108.23999786376953,97.8530044555664,5097200
2018-10-04,113.62000274658203,115.68000030517578,111.04000091552734,101.7898178100586,10940700
2018-10-05,114.08999633789062,115.44999694824219,114.08999633789062,103.61858367919922,8330300
2018-10-08,114.8499984741211,116.61000061035156,114.7699966430664,104.0149917602539,6002300
2018-10-09,115.08999633789062,116,114.2300033569336,104.0059585571289,4716000
2018-10-10,114.95999908447266,115.37000274658203,113.25,102.10511016845703,5602900
2018-10-11,113.08999633789062,113.31999969482422,106.58000183105469,97.21337890625,7226300
2018-10-12,109,111.0199966430664,108.43000030517578,99.52861022949219,4519100
2018-10-15,110.5,111.80999755859375,109.9800033569336,99.65471649169922,3884700
2018-10-16,110.83999633789062,111.22000122070312,109.93000030517578,100.02406311035156,4192800
2018-10-17,110.9800033569336,113.7699966430664,110.86000061035156,102.33033752441406,4402100
2018-10-18,113.93000030517578,114.25,112.41000366210938,102.07809448242188,3619600
2018-10-19,112.87999725341797,113.36000061035156,110.66000366210938,100.82586669921875,4224000
2018-10-22,112,112.72000122070312,111.37000274658203,100.92497253417969,2938300
2018-10-23,110.69999694824219,111.45999908447266,109.05999755859375,99.44754791259766,3757000
2018-10-24,110.22000122070312,111.1500015258789,106.19000244140625,95.78096771240234,6739400
2018-10-25,106.43000030517578,108.81999969482422,104.16999816894531,97.19534301757812,4114800
2018-10-26,107.05000305175781,107.47000122070312,105.05999755859375,95.84404754638672,4464500
2018-10-29,107.44999694824219,109.08000183105469,106.30000305175781,96.7539291381836,3587800
2018-10-30,107.2300033569336,108.51000213623047,107.08000183105469,97.60073852539062,3325900
2018-10-31,109.58999633789062,110.43000030517578,108.3499984741211,97.69083404541016,4349200
2018-11-01,108.73999786376953,109.2300033569336,107.33000183105469,97.16834259033203,3639400
2018-11-02,108.13999938964844,108.38999938964844,105.93000030517578,96.1683578491211,3577200
2018-11-05,110.43000030517578,112.08000183105469,109.76000213623047,99.2223129272461,7368600
2018-11-06,109,109.30000305175781,104.94999694824219,95.40260314941406,6803700
2018-11-07,106.8499984741211,110.77999877929688,106.72000122070312,98.84394836425781,5875400
2018-11-08,109.48999786376953,110.94000244140625,109.01000213623047,99.18629455566406,3666300
2018-11-09,110.41999816894531,112.54000091552734,109.69999694824219,101.08711242675781,5054400
2018-11-12,112.26000213623047,114.70999908447266,112.26000213623047,101.97897338867188,5078900
2018-11-13,114.25,114.25,111.83000183105469,101.24927520751953,4239700
2018-11-14,112.36000061035156,112.6500015258789,109.73999786376953,99.4230728149414,5392800
2018-11-15,109.18000030517578,112.2300033569336,108.54000091552734,101.58698272705078,4796800
2018-11-16,111.68000030517578,114.30000305175781,111.66999816894531,103.06282806396484,4766400
2018-11-19,113,116.0999984741211,113,104.85554504394531,4869800
2018-11-20,114.87999725341797,116.19999694824219,114.31999969482422,103.8686294555664,4877300
2018-11-21,114.27999877929688,114.27999877929688,112.12999725341797,101.6141586303711,3619700
2018-11-23,111.86000061035156,113.80999755859375,111.4000015258789,102.19361877441406,1897000
2018-11-26,111.26000213623047,113.5999984741211,110.97000122070312,101.74996185302734,3296200
2018-11-27,112.27999877929688,114.25,111.70999908447266,103.41593933105469,3263200
2018-11-28,114.7300033569336,115.83000183105469,113.76000213623047,104.60202026367188,4814500
2018-11-29,115.30000305175781,117.93000030517578,114.97000122070312,105.9329833984375,4688300
2018-11-30,117.61000061035156,118.70999908447266,116.22000122070312,107.41786193847656,8965600
2018-12-03,118.63999938964844,118.69000244140625,117.54000091552734,107.30918884277344,4290100
2018-12-04,118.6500015258789,119.83999633789062,116.31999969482422,105.49836730957031,5676600
2018-12-06,115.31999969482422,115.98999786376953,112.9800033569336,104.88268280029297,5064400
2018-12-07,115.52999877929688,115.77999877929688,112.7699966430664,102.83647155761719,4128100
2018-12-10,113.5999984741211,114.6500015258789,111.0199966430664,103.29821014404297,3832600
2018-12-11,114.83999633789062,115.62000274658203,113.91999816894531,103.66943359375,3806800
2018-12-12,115.4800033569336,115.73999786376953,114.2699966430664,103.52457427978516,3758800
2018-12-13,114.62000274658203,115.1500015258789,113.83999633789062,103.99539184570312,3609900
2018-12-14,114.29000091552734,114.58000183105469,111.23999786376953,101.34253692626953,5306100
2018-12-17,111.20999908447266,111.30000305175781,107.72000122070312,98.11024475097656,6121700
2018-12-18,109.43000030517578,109.66000366210938,105.66999816894531,96.42615509033203,6864400
2018-12-19,111.54000091552734,111.54000091552734,107.69999694824219,98.78927612304688,8362800
2018-12-20,109.0999984741211,110.16000366210938,108.12000274658203,98.95223999023438,8362300
2018-12-21,109.29000091552734,111.51000213623047,108.68000030517578,99.06995391845703,13154500
2018-12-24,109.3499984741211,109.41000366210938,106.62999725341797,96.65250396728516,3284000
2018-12-26,106.76000213623047,111.08999633789062,106.43000030517578,100.5820083618164,3792400
2018-12-27,110.23999786376953,112.9000015258789,108.7300033569336,102.21173858642578,4101600
2018-12-28,113.4000015258789,115.08999633789062,112.58999633789062,103.39781188964844,3984000
2018-12-31,114.33999633789062,115.8499984741211,114.23999786376953,104.77403259277344,2731000
2019-01-02,114.79000091552734,115.43000030517578,112.75,104.01350402832031,4247100
2019-01-03,114.72000122070312,114.73999786376953,111.0999984741211,100.78119659423828,4203300
2019-01-04,112.20999908447266,114.83999633789062,111.73999786376953,103.8143081665039,5795200
2019-01-07,112.37000274658203,116.44000244140625,112.05000305175781,104.37565612792969,7749600
2019-01-08,115.69000244140625,116.41999816894531,114.5199966430664,105.33538055419922,3428900
2019-01-09,116.37000274658203,118.22000122070312,116.22000122070312,106.12310028076172,5820100
2019-01-10,117.08999633789062,117.22000122070312,114.97000122070312,104.97325134277344,4282300
2019-01-11,115.2699966430664,116.20999908447266,115.0999984741211,105.19054412841797,2648800
2019-01-14,115.19999694824219,115.25,114.33000183105469,103.8324203491211,4404600
2019-01-15,113.91000366210938,118.22000122070312,113.4000015258789,106.01445007324219,5097700
2019-01-16,116.98999786376953,118.06999969482422,116.4800033569336,105.75187683105469,2920600
2019-01-17,116.80999755859375,119.19999694824219,116.55000305175781,107.88865661621094,4401900
2019-01-18,115.58000183105469,116.9000015258789,115.0199966430664,105.56175231933594,8887000
2019-01-22,115.69000244140625,117.11000061035156,115.69000244140625,106.01445007324219,4377500
2019-01-23,117.11000061035156,118.9000015258789,116.91999816894531,107.55365753173828,4012100
2019-01-24,118.22000122070312,118.22000122070312,114.19999694824219,104.11309051513672,6946200
2019-01-25,115.33999633789062,115.3499984741211,114.04000091552734,104.09501647949219,4599100
2019-01-28,114.72000122070312,115.11000061035156,113.54000091552734,104.1493148803711,3590900
2019-01-29,114.38999938964844,115.94999694824219,113.91000366210938,104.76500701904297,3767400
2019-01-30,115.52999877929688,117.08000183105469,115.52999877929688,105.87865447998047,4362900
2019-01-31,116.94000244140625,120.13999938964844,116.7300033569336,108.52245330810547,5746100
2019-02-01,120.31999969482422,120.98999786376953,119.12999725341797,109.45501708984375,4171500
2019-02-04,121.20999908447266,121.83999633789062,118.69000244140625,108.80314636230469,4518400
2019-02-05,120.72000122070312,121.73999786376953,120.4000015258789,109.03852844238281,8832400
2019-02-06,118.66999816894531,120.81999969482422,117.73999786376953,107.98825073242188,7421000
2019-02-07,119,119.33000183105469,116.86000061035156,106.38569641113281,7935000
2019-02-08,117.7300033569336,121.43000030517578,117.44999694824219,108.28703308105469,16195100
2019-02-11,119.19999694824219,119.94000244140625,117.04000091552734,106.84742736816406,7203100
2019-02-12,117.76000213623047,119.9000015258789,117.5,108.18745422363281,6975500
2019-02-13,119.5999984741211,120.27999877929688,118.11000061035156,108.33231353759766,12738600
2019-02-14,118.94000244140625,121.25,118.80000305175781,109.92080688476562,17847000
2019-02-15,121.18000030517578,122.4800033569336,120.4000015258789,111.49565887451172,10366400
2019-02-19,121.30999755859375,123.33000183105469,121.30000305175781,111.1770248413086,17861300
2019-02-20,122.37999725341797,123.05000305175781,121.61000061035156,111.65950012207031,19880300
2019-02-21,122.05999755859375,123.76000213623047,121.80000305175781,111.71414184570312,20798700
2019-02-22,122.7300033569336,124.73999786376953,122.6500015258789,112.87934112548828,19574000
2019-02-25,124.0999984741211,124.66999816894531,123.47000122070312,112.77919006347656,13682400
2019-02-26,123.86000061035156,125.16000366210938,123.31999969482422,113.4892349243164,20790900
2019-02-27,124.48999786376953,126.4800033569336,124.08000183105469,114.40868377685547,32135600
2019-02-28,125.5199966430664,127.7699966430664,125.19999694824219,114.96395874023438,36023600
2019-03-01,127.25,129.4199981689453,126.58000183105469,117.2852783203125,43290900
2019-03-04,130.50999450683594,130.50999450683594,125.33999633789062,116.02903747558594,59468600
2019-03-05,128.39999389648438,128.8699951171875,126.72000122070312,116.96666717529297,53212600
2019-03-06,128.75,128.7899932861328,125.38999938964844,115.3189926147461,74822500
2019-03-07,126.41000366210938,127.19000244140625,125.12999725341797,115.00947570800781,60615600
2019-03-08,126.37000274658203,126.9800033569336,125.25,115.33719635009766,50169800
2019-03-11,122.80000305175781,124.91000366210938,122.51000213623047,112.4241714477539,61771200
2019-03-12,123.5,124.0199966430664,122.68000030517578,112.4241714477539,8077600
2019-03-13,124.5999984741211,130.75,123.16000366210938,113.16153717041016,68139300
2019-03-14,124.9800033569336,124.9800033569336,122.51000213623047,112.04185485839844,42768700
2019-03-15,123.0999984741211,124.16000366210938,121.95999908447266,112.82471466064453,47331000
2019-03-18,123.98999786376953,125.3499984741211,123.5,114.00812530517578,16052200
2019-03-19,125.26000213623047,126.6500015258789,125.13999938964844,115.2370376586914,13726300
2019-03-20,127.54000091552734,129.10000610351562,126.83000183105469,116.66627502441406,7520700
2019-03-21,126.87999725341797,128.97999572753906,126.63999938964844,116.80281829833984,5704300
2019-03-22,128.72999572753906,129.47999572753906,127.43000030517578,116.7937240600586,15332900
2019-03-25,128.61000061035156,130.5800018310547,128.41000366210938,118.2228775024414,5972800
2019-03-26,130.24000549316406,132.1300048828125,129.6999969482422,119.26978302001953,5872900
2019-03-27,130.9600067138672,131.55999755859375,128.52000427246094,117.22154998779297,7675100
2019-03-28,129.33999633789062,129.89999389648438,128.8699951171875,117.38540649414062,6112900
2019-03-29,129.00999450683594,129.94000244140625,128.97999572753906,118.12275695800781,5729100
2019-04-01,130.7100067138672,131.35000610351562,129.0500030517578,117.47645568847656,5132300
2019-04-02,129.0399932861328,129.57000732421875,128.24000549316406,117.72221374511719,3214600
2019-04-03,129.11000061035156,129.25,126.83999633789062,115.65582275390625,4425300
2019-04-04,127.33999633789062,127.3499984741211,124.61000061035156,114.3449478149414,5539800
2019-04-05,126.48999786376953,127.01000213623047,125.61000061035156,115.60118865966797,4656400
2019-04-08,126.5,127.27999877929688,126.08999633789062,115.75592803955078,3430900
2019-04-09,126.76000213623047,128.1199951171875,126.5999984741211,115.82875061035156,4215600
2019-04-10,127.55999755859375,127.97000122070312,126.93000030517578,115.78324127197266,4227100
2019-04-11,126.86000061035156,127.31999969482422,124.51000213623047,113.92619323730469,5520700
2019-04-12,125.23999786376953,125.23999786376953,123.0199966430664,112.02362823486328,5470400
2019-04-15,123.7699966430664,124.3499984741211,123.16000366210938,112.95217895507812,4549100
2019-04-16,124.93000030517578,124.93000030517578,119.79000091552734,109.20166015625,6573400
2019-04-17,120,120.05999755859375,115.88999938964844,106.05197143554688,14842800
2019-04-18,116.2300033569336,116.6500015258789,114.13999938964844,104.86854553222656,9805800
2019-04-22,115.04000091552734,115.56999969482422,113.6500015258789,105.11431121826172,7519700
2019-04-23,116.04000091552734,117.88999938964844,115.43000030517578,106.95318603515625,5891500
2019-04-24,118.29000091552734,118.43000030517578,117.2300033569336,107.41744232177734,4254100
2019-04-25,117.75,118.68000030517578,116.75,107.6268081665039,3425000
2019-04-26,118.83000183105469,119.91999816894531,118.66999816894531,109.11974334716797,3372500
2019-04-29,119.9000015258789,120.01000213623047,119.25,108.87391662597656,4097200
2019-04-30,116.61000061035156,117.13999938964844,114.91000366210938,106.54353332519531,7548300
2019-05-01,117.05000305175781,119.52999877929688,116.55999755859375,107.581298828125,5392100
2019-05-02,118.44000244140625,118.56999969482422,116.86000061035156,107.836181640625,4168800
2019-05-03,118.44000244140625,118.44000244140625,116.54000091552734,106.4251708984375,5695500
2019-05-06,115.81999969482422,117.08000183105469,115.30000305175781,106.18852233886719,5952100
2019-05-07,116.30000305175781,116.48999786376953,114.45999908447266,104.6318588256836,5127200
2019-05-08,115.8499984741211,116.88999938964844,115.2300033569336,105.82438659667969,2992600
2019-05-09,115.86000061035156,116.1500015258789,114.77999877929688,105.41472625732422,5818900
2019-05-10,115.62999725341797,116.31999969482422,114.22000122070312,105.79707336425781,3660500
2019-05-13,114.86000061035156,115.19000244140625,113.87000274658203,104.11299896240234,4284600
2019-05-14,114.7300033569336,115.52999877929688,114.52999877929688,104.6318588256836,3668400
2019-05-15,115.25,115.83999633789062,114.31999969482422,105.2508544921875,3724400
2019-05-16,114.56999969482422,117.68000030517578,114.56999969482422,106.8574447631836,3914100
2019-05-17,115.69999694824219,116.6500015258789,115.22000122070312,106.19835662841797,3109800
2019-05-20,115.87000274658203,116.30000305175781,115,106.3997573852539,3042800
2019-05-21,117.04000091552734,117.79000091552734,116.52999877929688,106.72016906738281,2611100
2019-05-22,116.12000274658203,118.38999938964844,116.12000274658203,108.00175476074219,3934200
2019-05-23,117.76000213623047,117.95999908447266,116.4800033569336,106.93067932128906,3653500
2019-05-24,117.52999877929688,117.55000305175781,116.44999694824219,106.91238403320312,2086400
2019-05-28,117.08999633789062,118.41000366210938,115.69999694824219,105.9695053100586,5007200
2019-05-29,115.61000061035156,115.80000305175781,114.43000030517578,105.72232818603516,5915800
2019-05-30,115.48999786376953,116.30000305175781,114.95999908447266,106.09764862060547,2392800
2019-05-31,115.33999633789062,117.58000183105469,114.98999786376953,106.13428497314453,6098400
2019-06-03,116.52999877929688,117.72000122070312,116.04000091552734,106.89405822753906,4722000
2019-06-04,118.08000183105469,118.93000030517578,117.41000366210938,107.61725616455078,3122700
2019-06-05,118.02999877929688,118.37999725341797,116.52999877929688,107.12290954589844,4175800
2019-06-06,117.5199966430664,118.94000244140625,117.2699966430664,107.5623550415039,3882800
2019-06-07,118.19000244140625,118.94000244140625,117.88999938964844,108.3404312133789,2726300
2019-06-10,116,116,113.87999725341797,104.29428100585938,8172400
2019-06-11,114.77999877929688,115.58999633789062,111.8499984741211,102.71977233886719,5681200
2019-06-12,112.5,115.5,112.5,105.49346160888672,3793800
2019-06-13,115.4000015258789,115.4000015258789,110.61000061035156,102.36271667480469,8477300
2019-06-14,112.12999725341797,112.25,111.01000213623047,102.28950500488281,3188100
2019-06-17,111.63999938964844,113.41999816894531,111.33999633789062,103.80908203125,3032300
2019-06-18,113.6500015258789,114.83000183105469,113.22000122070312,104.953369140625,2868700
2019-06-19,115.0199966430664,115.98999786376953,114.33999633789062,105.48432922363281,3320600
2019-06-20,116.3499984741211,117.06999969482422,115.26000213623047,105.78642272949219,2840100
2019-06-21,115.73999786376953,115.93000030517578,114.80999755859375,105.72232818603516,4024600
2019-06-24,115.08000183105469,116.1500015258789,114.70999908447266,105.85047149658203,2570500
2019-06-25,115.51000213623047,116.83000183105469,115.16999816894531,105.60331726074219,2110100
2019-06-26,114.80999755859375,114.94999694824219,110.62000274658203,101.92330169677734,4677500
2019-06-27,111.73999786376953,112.20999908447266,111.16000366210938,102.04232788085938,3615900
2019-06-28,111.80000305175781,111.83000183105469,110.0199966430664,101.4198226928711,8958700
2019-07-01,111.30999755859375,112.83999633789062,110.63999938964844,103.20491027832031,3236400
2019-07-02,112.81999969482422,114.20999908447266,112.4000015258789,104.54141235351562,2343400
2019-07-03,114.87000274658203,115.47000122070312,113.77999877929688,104.74281311035156,3707700
2019-07-05,114.05000305175781,114.37000274658203,112.55000305175781,103.27815246582031,2444000
2019-07-08,112.47000122070312,112.79000091552734,110.91000366210938,102.08808135986328,2998700
2019-07-09,111.8499984741211,113.36000061035156,111.8499984741211,103.51615142822266,2717700
2019-07-10,113.2699966430664,114.6500015258789,112.66999816894531,104.8435287475586,3339100
2019-07-11,111.52999877929688,112.23999786376953,109.0999984741211,100.5318832397461,6589600
2019-07-12,109.47000122070312,109.47000122070312,105.1500015258789,99.13128662109375,7211100
2019-07-15,108.30000305175781,109.16000366210938,107.58999633789062,99.29605865478516,4405200
2019-07-16,109,109.19000244140625,107.97000122070312,99.616455078125,2206500
2019-07-17,109.3499984741211,109.6500015258789,107.08000183105469,98.03276824951172,3507300
2019-07-18,107.83000183105469,108.4800033569336,107.23999786376953,99.17706298828125,3232900
2019-07-19,108.5,108.5199966430664,106.58000183105469,97.75814056396484,4820600
2019-07-22,106.91999816894531,107.36000061035156,105.87000274658203,98.19754028320312,2894400
2019-07-23,107.5,109.4000015258789,106.05999755859375,99.06718444824219,5098200
2019-07-24,108.3499984741211,109.66000366210938,107.16000366210938,99.34181213378906,3762700
2019-07-25,108.56999969482422,110.37999725341797,107.68000030517578,98.7010269165039,4596700
2019-07-26,107.91999816894531,109.2300033569336,107.54000091552734,99.11296844482422,3470700
2019-07-29,108.06999969482422,110.23999786376953,108.06999969482422,99.52490997314453,3192500
2019-07-30,108.30000305175781,110.0199966430664,107,99.4974365234375,4664200
2019-07-31,108.05999755859375,110.70999908447266,107.61000061035156,99.73544311523438,5535700
2019-08-01,109.0199966430664,110.73999786376953,108.30999755859375,101.16352081298828,3679000
2019-08-02,110.95999908447266,113.2699966430664,110.19000244140625,102.9119873046875,4477700
2019-08-05,111.37999725341797,112.48999786376953,107.44000244140625,99.5157699584961,4765800
2019-08-06,109.47000122070312,112.12000274658203,109.04000091552734,101.9782485961914,5490000
2019-08-07,110.37000274658203,111.37999725341797,108.52999877929688,101.721923828125,4231700
2019-08-08,111.95999908447266,114.54000091552734,111.63999938964844,104.33089447021484,4815900
2019-08-09,113.23999786376953,114.55000305175781,112.3499984741211,104.1478042602539,2788100
2019-08-12,112.9000015258789,114.05999755859375,112.29000091552734,103.99217224121094,2318400
2019-08-13,113.52999877929688,116.13999938964844,113.43000030517578,105.91455841064453,5247200
2019-08-14,114.86000061035156,114.87000274658203,110.22000122070312,101.52812957763672,4937900
2019-08-15,110.41999816894531,111.30999755859375,109.20999908447266,101.47288513183594,3939900
2019-08-16,110.94000244140625,111.33000183105469,109.29000091552734,101.73983764648438,3497600
2019-08-19,111.05000305175781,112.94000244140625,110.79000091552734,103.59015655517578,2903500
2019-08-20,112.33000183105469,112.87999725341797,110.91000366210938,102.19091796875,2074800
2019-08-21,112,112.44000244140625,110,102.60514831542969,2207300
2019-08-22,111.44000244140625,112.2699966430664,110.79000091552734,102.74324798583984,1840200
2019-08-23,111.45999908447266,112.55999755859375,108.87999725341797,100.81009674072266,3870100
2019-08-26,110.61000061035156,111.81999969482422,110.25,102.8997573852539,2565500
2019-08-27,112.30999755859375,112.87999725341797,110.7300033569336,101.93317413330078,2945200
2019-08-28,110.33000183105469,111.54000091552734,109.79000091552734,102.15410614013672,1744400
2019-08-29,111.80999755859375,112.37999725341797,110.5999984741211,103.33238983154297,2708600
2019-08-30,112.81999969482422,114.16999816894531,111.91999816894531,103.9952163696289,2870700
2019-09-03,112.54000091552734,114.0199966430664,112.19000244140625,104.90655517578125,3710300
2019-09-04,114.37999725341797,114.5,112.44999694824219,104.25296020507812,3756400
2019-09-05,113.95999908447266,115.44000244140625,113.26000213623047,105.4957046508789,4045900
2019-09-06,114.77999877929688,114.98999786376953,113.83999633789062,104.98938751220703,2904700
2019-09-09,114.5199966430664,114.5199966430664,110.3499984741211,102.24614715576172,4982300
2019-09-10,108.37000274658203,111.12999725341797,106.4000015258789,102.27376556396484,6589500
2019-09-11,111.77999877929688,112,110.29000091552734,102.81687927246094,3404100
2019-09-12,111.91999816894531,112.41999816894531,111.12000274658203,102.6143798828125,3578500
2019-09-13,111.73999786376953,112.1500015258789,110.23999786376953,102.0804672241211,2842600
2019-09-16,110.41999816894531,110.52999877929688,109.20999908447266,101.3808364868164,1728900
2019-09-17,110.33000183105469,111.19000244140625,109.62999725341797,102.29217529296875,2438100
2019-09-18,111.44000244140625,112.91000366210938,111.16999816894531,103.76507568359375,3132500
2019-09-19,112.86000061035156,115.11000061035156,112.38999938964844,105.26558685302734,3929800
2019-09-20,115.93000030517578,117.2300033569336,114.47000122070312,106.93179321289062,7517700
2019-09-23,116,116.54000091552734,113.97000122070312,105.10908508300781,2611300
2019-09-24,114.36000061035156,114.55000305175781,111.94000244140625,104.25296020507812,3480200
2019-09-25,112.87999725341797,113.8499984741211,111.30999755859375,102.54071807861328,3093400
2019-09-26,112.04000091552734,112.66000366210938,110.69000244140625,102.93656158447266,2266400
2019-09-27,112.3499984741211,113.37000274658203,111.37999725341797,103.44288635253906,1906300
2019-09-30,112.4000015258789,113.44999694824219,111.69000244140625,102.9457778930664,2516600
2019-10-01,111.94000244140625,112.44999694824219,110.41000366210938,102.14488983154297,2203400
2019-10-02,110.33000183105469,110.63999938964844,106.66000366210938,98.49947357177734,4483900
2019-10-03,107.08999633789062,108.0999984741211,106.20999908447266,98.76644897460938,2735000
2019-10-04,107.48999786376953,108.26000213623047,107,99.60413360595703,2865300
2019-10-07,108.30999755859375,108.6500015258789,107.56999969482422,99.2635726928711,1460800
2019-10-08,106.88999938964844,108.33000183105469,105.94999694824219,98.67440032958984,2802500
2019-10-09,107.55999755859375,108.1500015258789,106.87999725341797,98.77565002441406,1636600
2019-10-10,107.02999877929688,107.48999786376953,106.58000183105469,98.42584228515625,2736900
2019-10-11,107.75,109.13999938964844,107.58999633789062,99.75144958496094,2554900
2019-10-14,108.5199966430664,109.12999725341797,107.87999725341797,99.32799530029297,1341300
2019-10-15,108.3499984741211,110.0999984741211,108.22000122070312,100.98499298095703,1760000
2019-10-16,109.18000030517578,109.4800033569336,107.79000091552734,99.37400817871094,2314600
2019-10-17,109.22000122070312,109.45999908447266,108.26000213623047,99.84349822998047,2018900
2019-10-18,108.30999755859375,108.94000244140625,107.9000015258789,100.00920867919922,2207100
2019-10-21,108.87000274658203,109,107.7699966430664,99.33719635009766,3944900
2019-10-22,109.9800033569336,111.45999908447266,108.88999938964844,101.11387634277344,5708500
2019-10-23,106,107.75,101.36000061035156,98.86771392822266,9047500
2019-10-24,107.5,108.20999908447266,106.25,99.27273559570312,3304500
2019-10-25,108.08000183105469,110.58999633789062,107.54000091552734,101.44528198242188,4234600
2019-10-28,110.62000274658203,113.19000244140625,110.62000274658203,104.01362609863281,4168500
2019-10-29,112.5,112.80999755859375,111.5,102.79847717285156,2987800
2019-10-30,111.37000274658203,113.20999908447266,111.26000213623047,103.76507568359375,2424700
2019-10-31,112.36000061035156,114.66999816894531,112,104.8973617553711,4124400
2019-11-01,114.06999969482422,114.51000213623047,112.30999755859375,103.57176208496094,2629100
2019-11-04,113.23999786376953,114.33000183105469,112.87000274658203,104.12406921386719,3002100
2019-11-05,112.94999694824219,113.08000183105469,110.51000213623047,102.41185760498047,3357300
2019-11-06,111.56999969482422,114.29000091552734,111.51000213623047,104.7776870727539,3973700
2019-11-07,114.2300033569336,114.62999725341797,112.02999877929688,103.81109619140625,3076200
2019-11-08,112.6500015258789,113.56999969482422,112.0999984741211,104.51071166992188,2224100
2019-11-11,113.45999908447266,114.20999908447266,112.22000122070312,103.8387222290039,1770200
2019-11-12,112.7699966430664,114.04000091552734,112.44999694824219,104.17931365966797,2273200
2019-11-13,112.87000274658203,113.52999877929688,112.25,103.82951354980469,3250600
2019-11-14,112.19000244140625,112.36000061035156,111,103.13048553466797,2627100
2019-11-15,111.33000183105469,113.81999969482422,111.33000183105469,104.7970199584961,4857400
2019-11-18,113.0199966430664,114.12999725341797,112.86000061035156,105.61177062988281,3361600
2019-11-19,114.02999877929688,116.12000274658203,113.75,106.56539916992188,3781600
2019-11-20,114.95999908447266,115.91999816894531,114.05000305175781,106.11174011230469,3638200
2019-11-21,114.69999694824219,115.5199966430664,113.29000091552734,106.24134826660156,2909500
2019-11-22,115.08999633789062,116.68000030517578,114.70999908447266,107.58383178710938,3120100
2019-11-25,116.5999984741211,118.45999908447266,116.5999984741211,108.75965881347656,2939300
2019-11-26,117.47000122070312,118.11000061035156,117,108.40782928466797,4704900
2019-11-27,117.7300033569336,117.9000015258789,116.62000274658203,108.73187255859375,1798200
2019-11-29,117.2300033569336,118.04000091552734,117.16999816894531,108.6485595703125,1243900
2019-12-02,117.5199966430664,118.25,116.0999984741211,108.08377838134766,2199700
2019-12-03,116.4000015258789,117.91999816894531,115.91999816894531,108.88928985595703,2786000
2019-12-04,118.27999877929688,118.83999633789062,117.56999969482422,109.87068176269531,2597000
2019-12-05,118.4000015258789,119.91999816894531,117.54000091552734,110.88909912109375,3003200
2019-12-06,119.97000122070312,120.70999908447266,119.58000183105469,110.76875305175781,2462800
2019-12-09,119.52999877929688,120.83999633789062,118.94000244140625,111.32425689697266,2335100
2019-12-10,120.55999755859375,121.1500015258789,120.11000061035156,111.70384979248047,3592600
2019-12-11,120.55999755859375,121.19999694824219,119.9800033569336,111.82421112060547,3438100
2019-12-12,120.55999755859375,121.93000030517578,120.55999755859375,112.67601013183594,2959400
2019-12-13,121.9800033569336,122.19000244140625,120.72000122070312,112.51860809326172,3343900
2019-12-16,123.06999969482422,124.26000213623047,122.05999755859375,113.74073791503906,3468400
2019-12-17,124,127.02999877929688,123.30999755859375,116.0368423461914,6718800
2019-12-18,127.87999725341797,129.97999572753906,127.69000244140625,119.87913513183594,8173000
2019-12-19,129.0800018310547,130.99000549316406,128.33999633789062,121.14753723144531,4423400
2019-12-20,132.49000549316406,137,131.24000549316406,122.61040496826172,9229900
2019-12-23,132.38999938964844,132.5800018310547,131.02999877929688,121.42528533935547,2473400
2019-12-24,131.07000732421875,131.2100067138672,130.1300048828125,121.38827514648438,1215800
2019-12-26,131,131.6999969482422,130.66000366210938,121.4160385131836,1272000
2019-12-27,131.57000732421875,131.77000427246094,130.83999633789062,121.76787567138672,2161300
2019-12-30,131.52000427246094,131.92999267578125,130.8699951171875,121.5641860961914,1856200
2019-12-31,131.17999267578125,131.52000427246094,130.5,121.68453216552734,1549800
2020-01-02,131.77000427246094,132.25999450683594,130.72999572753906,122.40670013427734,2204200
2020-01-03,130.3000030517578,132.47000122070312,130.22999572753906,121.99932098388672,1963500
2020-01-06,131.4199981689453,132.55999755859375,130.94000244140625,122.45297241210938,2102900
2020-01-07,131.6999969482422,132.92999267578125,131.6999969482422,122.68444061279297,2448300
2020-01-08,132.4600067138672,134.2100067138672,132.00999450683594,123.79551696777344,5188600
2020-01-09,134.5500030517578,136.36000061035156,134.00999450683594,125.84162902832031,4522800
2020-01-10,135.77999877929688,138.27000427246094,135.52999877929688,127.767333984375,4177600
2020-01-13,138.1999969482422,139.99000549316406,137.88999938964844,128.63771057128906,5117100
2020-01-14,138.99000549316406,140.89999389648438,138.1199951171875,130.22085571289062,4685200
2020-01-15,140.5800018310547,141.69000244140625,140.00999450683594,130.6467742919922,3676500
2020-01-16,141.8300018310547,141.97000122070312,139.85000610351562,130.94302368164062,3794800
2020-01-17,140.8800048828125,141.74000549316406,139.36000061035156,129.23019409179688,5393200
2020-01-21,139.5,141.57000732421875,138.42999267578125,130.46160888671875,4849500
2020-01-22,141.25,142.25,140.69000244140625,131.06341552734375,2742100
2020-01-23,141.25,141.74000549316406,139.8800048828125,130.73934936523438,3138700
2020-01-24,141.85000610351562,141.99000549316406,138.6999969482422,128.75807189941406,3183300
2020-01-27,137.33999633789062,139.10000610351562,137.33999633789062,128.0543975830078,2826400
2020-01-28,138.69000244140625,139.8800048828125,138.22999572753906,128.93394470214844,2649100
2020-01-29,139.50999450683594,141.13999938964844,138.97000122070312,129.5449981689453,2815500
2020-01-30,138.17999267578125,143.72000122070312,138.10000610351562,132.0911102294922,5243400
2020-01-31,142.85000610351562,142.85000610351562,139.47000122070312,129.28575134277344,3913500
2020-02-03,140.52999877929688,141.57000732421875,139.67999267578125,130.544921875,5137800
2020-02-04,142.3000030517578,144.07000732421875,141.77999877929688,132.80401611328125,3177500
2020-02-05,144.77999877929688,147.36000061035156,144.52999877929688,136.42405700683594,4060900
2020-02-06,147.74000549316406,147.8699951171875,146.80999755859375,136.3778076171875,3285000
2020-02-07,147.22000122070312,147.22000122070312,145.3800048828125,135.5537872314453,2670400
2020-02-10,141.5,145.5500030517578,141.1199951171875,134.72052001953125,4892100
2020-02-11,145.72999572753906,145.86000061035156,143.17999267578125,133.55392456054688,2976400
2020-02-12,144.6699981689453,144.89999389648438,143.49000549316406,132.86878967285156,3953200
2020-02-13,142.86000061035156,143.74000549316406,141.7899932861328,131.96603393554688,3455500
2020-02-14,142.25,142.32000732421875,140.57000732421875,131.33322143554688,2273700
2020-02-18,141.02000427246094,141.9600067138672,140.52999877929688,131.23086547851562,2858200
2020-02-19,141.6199951171875,141.83999633789062,140.36000061035156,131.06336975097656,3082800
2020-02-20,141.6300048828125,142.80999755859375,141.1999969482422,132.1521759033203,3417000
2020-02-21,141.33999633789062,142.64999389648438,140.3300018310547,132.189453125,2900900
2020-02-24,139.27999877929688,141.58999633789062,137.8699951171875,128.56922912597656,4727400
2020-02-25,138.94000244140625,139.22999572753906,134.6199951171875,126.01922607421875,3401600
2020-02-26,136.02999877929688,137.02000427246094,133.30999755859375,124.26959991455078,4659000
2020-02-27,133.3300018310547,134.6699981689453,129.0500030517578,120.23057556152344,4292800
2020-02-28,126.37999725341797,126.80000305175781,121.51000213623047,117.38280487060547,7898300
2020-03-02,127.73999786376953,133,126.20999908447266,123.62742614746094,7355700
2020-03-03,133.27999877929688,135.64999389648438,128.69000244140625,121.27291107177734,6936600
2020-03-04,133.02999877929688,140.86000061035156,133,130.6445770263672,5301900
2020-03-05,138.3800048828125,141.91000366210938,137.52999877929688,130.43048095703125,6882100
2020-03-06,136.1199951171875,142.36000061035156,135.5500030517578,131.649658203125,8010700
2020-03-09,134.02000427246094,140.92999267578125,133.30999755859375,126.3077621459961,5351300
2020-03-10,139.22999572753906,141.92999267578125,134.72000122070312,131.39840698242188,5961200
2020-03-11,139.4600067138672,141.83999633789062,137.38999938964844,130.3095703125,7211800
2020-03-12,130.7899932861328,136.5,125.93000030517578,117.28044128417969,7836300
2020-03-13,132.9499969482422,139.3699951171875,128.50999450683594,129.70462036132812,6841700
2020-03-16,131,138.67999267578125,128.25,120.4074478149414,6619700
2020-03-17,133.2100067138672,143.58999633789062,131.10000610351562,133.26898193359375,8909200
2020-03-18,136.33999633789062,144,134.0800018310547,133.16659545898438,6734600
2020-03-19,142.49000549316406,142.97999572753906,131.1199951171875,123.86009216308594,6554800
2020-03-20,132.16000366210938,132.25,120.2300033569336,113.91148376464844,9113500
2020-03-23,120.94999694824219,126.87999725341797,117.05999755859375,110.7938003540039,7299300
2020-03-24,123.23999786376953,124.5999984741211,117.41000366210938,114.36750793457031,6827300
2020-03-25,120.12000274658203,126.13999938964844,119.20999908447266,113.48341369628906,6472100
2020-03-26,123.29000091552734,135.74000549316406,121.94000244140625,125.03276062011719,6723600
2020-03-27,130.64999389648438,137.61000061035156,130.1999969482422,124.80939483642578,4717400
2020-03-30,133.8699951171875,141.77000427246094,133.50999450683594,128.83908081054688,5057400
2020-03-31,136.9600067138672,142.02000427246094,134.52000427246094,129.0996551513672,7560100
2020-04-01,134,137.19000244140625,132.97999572753906,126.95919799804688,3297900
2020-04-02,135.35000610351562,142.8000030517578,133.02999877929688,132.3197021484375,4725000
2020-04-03,140.9199981689453,144.60000610351562,138.4600067138672,129.9744873046875,4013200
2020-04-06,142.27000427246094,143.5,140.3000030517578,131.78927612304688,4159900
2020-04-07,143.1300048828125,144.8000030517578,140.0500030517578,132.04054260253906,3900600
2020-04-08,142.0500030517578,147.25,140.5,136.07955932617188,4006600
2020-04-09,144.50999450683594,146.39999389648438,143.5500030517578,135.62353515625,4415300
2020-04-13,144.97000122070312,146.58999633789062,142.8800048828125,134.40435791015625,2289000
2020-04-14,147.27999877929688,151.5500030517578,144.0500030517578,140.6304473876953,3809600
2020-04-15,148.94000244140625,153.39999389648438,148.50999450683594,140.69558715820312,3614400
2020-04-16,152.88999938964844,155.58999633789062,152,143.9993896484375,3512900
2020-04-17,155.4199981689453,157.6699981689453,153.02999877929688,146.38185119628906,3709900
2020-04-20,156.6300048828125,160.1999969482422,155.61000061035156,146.84716796875,2562200
2020-04-21,155.41000366210938,155.8000030517578,151.41000366210938,142.08224487304688,4270200
2020-04-22,154.61000061035156,157.27999877929688,153.57000732421875,145.84207153320312,3278000
2020-04-23,157.17999267578125,162.55999755859375,154,148.83876037597656,5692900
2020-04-24,162,164.89999389648438,160.61000061035156,151.63064575195312,4414000
2020-04-27,164,164.5,160.72000122070312,150.10443115234375,3210300
2020-04-28,160.94000244140625,161.97999572753906,156.58999633789062,146.39117431640625,3270200
2020-04-29,157.75999450683594,158.02999877929688,154.6699981689453,144.39956665039062,3240700
2020-04-30,155.1999969482422,156.97999572753906,153.27999877929688,143.91561889648438,4175800
2020-05-01,153.72000122070312,154.60000610351562,151.57000732421875,142.97567749023438,2576400
2020-05-04,154.64999389648438,156,151.25999450683594,142.64990234375,2228500
2020-05-05,153.8000030517578,159.22000122070312,152.75,146.9402618408203,2862600
2020-05-06,158.4600067138672,158.94000244140625,156.35000610351562,145.81414794921875,1964800
2020-05-07,157.5,157.69000244140625,152.72000122070312,142.36143493652344,2330600
2020-05-08,154.1999969482422,154.4199981689453,152.5500030517578,142.86398315429688,1966600
2020-05-11,153.47000122070312,159.47000122070312,153.0800018310547,147.55447387695312,3196200
2020-05-12,159.8699951171875,161.39999389648438,157.58999633789062,146.78196716308594,2329400
2020-05-13,157.02999877929688,159.35000610351562,156.0399932861328,146.9774627685547,2650000
2020-05-14,155.94000244140625,158.9499969482422,153.80999755859375,148.0901641845703,2393900
2020-05-15,158.6300048828125,159.50999450683594,156.02999877929688,148.8849334716797,2824500
2020-05-18,161.33999633789062,162.3699951171875,157.11000061035156,147.6974639892578,2703700
2020-05-19,156.85000610351562,159.1300048828125,155.27999877929688,146.51930236816406,2339400
2020-05-20,155.27000427246094,157.42999267578125,151.61000061035156,143.18124389648438,3780800
2020-05-21,153.14999389648438,153.14999389648438,149.72000122070312,142.38645935058594,3049800
2020-05-22,152.22000122070312,152.55999755859375,150.1699981689453,141.33921813964844,2355000
2020-05-26,151.11000061035156,151.75999450683594,147.16000366210938,138.34710693359375,5013400
2020-05-27,148.1699981689453,148.1699981689453,143.6199951171875,136.2339630126953,5376100
2020-05-28,147.42999267578125,152.10000610351562,146.50999450683594,140.8623504638672,3982700
2020-05-29,151.66000366210938,153.63999938964844,149.94000244140625,143.0128936767578,9466300
2020-06-01,154.47000122070312,154.99000549316406,150.88999938964844,142.54542541503906,5233800
2020-06-02,152.0800018310547,154.0800018310547,151.0399932861328,143.86380004882812,3269400
2020-06-03,153.33999633789062,154.38999938964844,150.85000610351562,142.62020874023438,3190300
2020-06-04,152.2100067138672,153.5399932861328,149.7100067138672,140.91848754882812,3328700
2020-06-05,149.6999969482422,151.75999450683594,148.33999633789062,139.51596069335938,4578800
2020-06-08,146.75,149.25,146.52000427246094,139.51596069335938,4076400
2020-06-09,149.75,151.75,149.11000061035156,139.44107055664062,4302100
2020-06-10,149.9600067138672,152.39999389648438,149.83999633789062,141.18960571289062,4940200
2020-06-11,151.85000610351562,152.24000549316406,143.0500030517578,134.71922302246094,4547400
2020-06-12,145.5399932861328,146.3800048828125,141.47000122070312,134.2143096923828,3973200
2020-06-15,142,142.89999389648438,139.67999267578125,132.32554626464844,3709900
2020-06-16,156.32000732421875,167.42999267578125,155,153.07388305664062,15029300
2020-06-17,164.22999572753906,164.36000061035156,159.39999389648438,149.5768585205078,4711200
2020-06-18,159.1999969482422,162.97000122070312,158.1999969482422,150.60537719726562,3631600
2020-06-19,162.22999572753906,162.47999572753906,158.25999450683594,149.5487518310547,6004900
2020-06-22,159.17999267578125,161.47999572753906,158.9199981689453,150.02561950683594,2647300
2020-06-23,160.88999938964844,162.8699951171875,158.9499969482422,148.98779296875,2771500
2020-06-24,158.5500030517578,159.7899932861328,156.3300018310547,146.8278350830078,3096000
2020-06-25,157.63999938964844,163.38999938964844,156.7100067138672,152.27908325195312,3735400
2020-06-26,162.3300018310547,163.7899932861328,160.17999267578125,152.25103759765625,5290400
2020-06-29,163.85000610351562,164.2100067138672,161.02999877929688,152.14817810058594,2640300
2020-06-30,163.11000061035156,165.1699981689453,162.3000030517578,153.51333618164062,3296300
2020-07-01,164.32000732421875,165.47000122070312,162.52000427246094,152.69046020507812,2065100
2020-07-02,164.07000732421875,164.77000427246094,162.3699951171875,153.22341918945312,1960200
2020-07-06,164.4600067138672,168.9199981689453,164.00999450683594,156.0472412109375,2760100
2020-07-07,166.1199951171875,168.3800048828125,165.27000427246094,155.91635131835938,3273300
2020-07-08,166.83999633789062,169.82000732421875,166.83999633789062,158.14175415039062,2781800
2020-07-09,169.8800048828125,170.75,163.7100067138672,155.6358642578125,2955200
2020-07-10,166.13999938964844,166.13999938964844,162.74000549316406,152.74658203125,2245100
2020-07-13,164.61000061035156,167,161.0399932861328,151.54974365234375,3455600
2020-07-14,162.8800048828125,164.77000427246094,161.52999877929688,153.23281860351562,2642900
2020-07-15,165.19000244140625,166.47999572753906,163.89999389648438,154.7008056640625,2346200
2020-07-16,164.9499969482422,165.44000244140625,162.60000610351562,154.28004455566406,1486800
2020-07-17,166.0399932861328,167.25999450683594,165.11000061035156,155.17764282226562,2935800
2020-07-20,166.49000549316406,167.7100067138672,165.72999572753906,156.1875,1806200
2020-07-21,166.8699951171875,167.22999572753906,164.75999450683594,154.56057739257812,1540700
2020-07-22,165.5399932861328,165.85000610351562,162.3300018310547,154.13043212890625,1686500
2020-07-23,165.25999450683594,165.4600067138672,160.7899932861328,151.02615356445312,2408800
2020-07-24,161.47000122070312,161.47000122070312,158.4499969482422,149.17474365234375,2247900
2020-07-27,159.60000610351562,161.74000549316406,158.58999633789062,150.07237243652344,2709700
2020-07-28,161.6699981689453,165.41000366210938,161.35000610351562,152.08273315429688,3483100
2020-07-29,162.52999877929688,163.02999877929688,161.10000610351562,151.2412109375,3108900
2020-07-30,158.4499969482422,158.5,150.4499969482422,143.05970764160156,6638100
2020-07-31,153.1300048828125,153.33999633789062,148.74000549316406,140.52572631835938,5342700
2020-08-03,152.8000030517578,153.85000610351562,151.22000122070312,142.91004943847656,3615000
2020-08-04,153.3800048828125,156,153.08999633789062,144.78948974609375,3260000
2020-08-05,157.30999755859375,157.49000549316406,153.3000030517578,144.31260681152344,2386400
2020-08-06,153.85000610351562,155.5,151,142.94744873046875,2176200
2020-08-07,152.9600067138672,153.5,151.5800018310547,142.9942169189453,2017100
2020-08-10,152.92999267578125,153.49000549316406,151.52999877929688,143.05970764160156,1745200
2020-08-11,153.13999938964844,153.13999938964844,150.1999969482422,140.84364318847656,2103400
2020-08-12,150.7899932861328,153.1699981689453,150.60000610351562,142.63890075683594,2430400
2020-08-13,150.82000732421875,151.69000244140625,149.7899932861328,141.3704833984375,2077700
2020-08-14,149.8000030517578,151.69000244140625,149.14999389648438,141.02281188964844,1538000
2020-08-17,150.9199981689453,152.6999969482422,150.36000061035156,142.37583923339844,2704700
2020-08-18,152.14999389648438,153.14999389648438,151.14999389648438,143.86033630371094,1959700
2020-08-19,153.80999755859375,154.41000366210938,152.00999450683594,143.0899200439453,1938800
2020-08-20,152.5500030517578,152.85000610351562,150.85000610351562,142.19729614257812,1830200
2020-08-21,151.33999633789062,151.35000610351562,147.9499969482422,140.24298095703125,3112000
2020-08-24,150.0500030517578,150.39999389648438,148.25,140.48727416992188,2268400
2020-08-25,150.36000061035156,151.30999755859375,149.30999755859375,140.63755798339844,2216100
2020-08-26,149.19000244140625,149.4600067138672,147.41000366210938,140.24298095703125,3029700
2020-08-27,150.5800018310547,150.94000244140625,148.94000244140625,139.97044372558594,3146100
2020-08-28,148.83999633789062,149.14999389648438,146.97999572753906,138.43898010253906,2102600
2020-08-31,147.35000610351562,148.7899932861328,147.02999877929688,139.42555236816406,4430700
2020-09-01,148.61000061035156,149.1999969482422,146.64999389648438,138.40138244628906,2358700
2020-09-02,146.7899932861328,150,146.50999450683594,140.51544189453125,2406800
2020-09-03,152.19000244140625,153.3699951171875,147.4600067138672,140.01744079589844,4226100
2020-09-04,148.77000427246094,152.5800018310547,147.9499969482422,141.7932891845703,4361800
2020-09-08,150.9499969482422,151.30999755859375,148.5,140.28993225097656,4351200
2020-09-09,150.6199951171875,154.1199951171875,150.30999755859375,142.7892608642578,2328500
2020-09-10,149.8800048828125,150.60000610351562,145.72000122070312,137.38662719726562,3961300
2020-09-11,147.55999755859375,149.19000244140625,146.8800048828125,139.1436767578125,3001400
2020-09-14,149.08999633789062,150.50999450683594,147.47000122070312,139.99868774414062,3072500
2020-09-15,149.9600067138672,151.8699951171875,149.4199981689453,141.01344299316406,2923500
2020-09-16,151.72000122070312,152.67999267578125,150.7899932861328,141.8402557373047,3618800
2020-09-17,150.1300048828125,152.67999267578125,149.4600067138672,143.25904846191406,3620700
2020-09-18,152.0399932861328,154.5,152.0399932861328,144.8563690185547,13209800
2020-09-21,153.1699981689453,153.66000366210938,149.05999755859375,142.04701232910156,3501600
2020-09-22,150.91000366210938,151.57000732421875,149.14999389648438,140.80674743652344,2926400
2020-09-23,150.0500030517578,151.58999633789062,148.6999969482422,140.75970458984375,3545700
2020-09-24,149.25999450683594,149.66000366210938,147.3699951171875,139.82012939453125,3424200
2020-09-25,148.38999938964844,150.39999389648438,147.85000610351562,141.18255615234375,2440600
2020-09-28,151,151.5800018310547,147.89999389648438,139.153076171875,2427100
2020-09-29,147.97999572753906,148.44000244140625,145.92999267578125,137.42420959472656,3308300
2020-09-30,146.39999389648438,148.4499969482422,145.05999755859375,139.077880859375,5083900
2020-10-01,148.3300018310547,148.7100067138672,144.05999755859375,135.57322692871094,3809200
2020-10-02,143.6699981689453,146.94000244140625,143.27000427246094,136.4376220703125,3880000
2020-10-05,145.07000732421875,147.47000122070312,144.17999267578125,137.77186584472656,2790600
2020-10-06,146.92999267578125,147.8300018310547,143.92999267578125,135.42288208007812,2409200
2020-10-07,148.52000427246094,149.88999938964844,146.85000610351562,139.96112060546875,4602800
2020-10-08,152.39999389648438,153.94000244140625,150.5,144.22683715820312,4686100
2020-10-09,154.08999633789062,157.14999389648438,154.07000732421875,147.40260314941406,4590600
2020-10-12,156.8300018310547,157.14999389648438,154.4199981689453,145.1570587158203,3242700
2020-10-13,153,154.3300018310547,148.5500030517578,141.01344299316406,5963900
2020-10-14,150.3800048828125,150.60000610351562,147.7100067138672,139.49131774902344,2710200
2020-10-15,146.50999450683594,146.91000366210938,145.3800048828125,137.91278076171875,3785900
2020-10-16,147.11000061035156,148.3800048828125,146,137.2926483154297,2918900
2020-10-19,147,147.41000366210938,142.2100067138672,134.17324829101562,3158900
2020-10-20,143.36000061035156,144.1199951171875,142.11000061035156,134.9154815673828,2188700
2020-10-21,142.2899932861328,143.3300018310547,141.2100067138672,132.7732391357422,1983700
2020-10-22,141.52999877929688,142.25999450683594,140.8000030517578,133.0926971435547,3056600
2020-10-23,142.24000549316406,144.6999969482422,141.72000122070312,133.77859497070312,2427200
2020-10-26,141.89999389648438,142.2899932861328,140.0500030517578,133.13966369628906,2947100
2020-10-27,133.02000427246094,136.0800018310547,131.8699951171875,123.9317398071289,11374600
2020-10-28,130.4600067138672,134.10000610351562,130.30999755859375,123.37737274169922,6188000
2020-10-29,132,133.1300048828125,130.3800048828125,124.54244232177734,4099900
2020-10-30,131.75999450683594,133.10000610351562,129.2100067138672,122.57870483398438,4335300
2020-11-02,132.5399932861328,133.9499969482422,129.99000549316406,123.67806243896484,3449500
2020-11-03,133.63999938964844,134.07000732421875,130.6999969482422,123.06729125976562,3628400
2020-11-04,134.91000366210938,151.97999572753906,134.91000366210938,139.6134490966797,12211700
2020-11-05,147.67999267578125,148.80999755859375,144.6999969482422,136.7289276123047,5731000
2020-11-06,145.0500030517578,147.38999938964844,139.10000610351562,134.1168670654297,6229800
2020-11-09,142.5399932861328,144.75,140.60000610351562,133.7316436767578,5493800
2020-11-10,147.60000610351562,149.1999969482422,143.7899932861328,137.70602416992188,5377000
2020-11-11,147.75999450683594,147.75999450683594,143.3699951171875,136.0148468017578,3046800
2020-11-12,142.92999267578125,143.4600067138672,139.86000061035156,133.1910400390625,3463400
2020-11-13,142.42999267578125,143.2100067138672,141.32000732421875,134.46597290039062,2142700
2020-11-16,143.05999755859375,144.3000030517578,140,132.77542114257812,4957600
2020-11-17,139.57000732421875,141.9600067138672,138.61000061035156,133.35159301757812,3619200
2020-11-18,141.89999389648438,142.4199981689453,140.1300048828125,132.37881469726562,2795100
2020-11-19,140.25,143.88999938964844,138.9199981689453,135.43870544433594,4626100
2020-11-20,142.83999633789062,147.08999633789062,142.83999633789062,137.4031524658203,5063800
2020-11-23,145.5399932861328,145.6199951171875,141.16000366210938,135.41043090820312,3794200
2020-11-24,143.38999938964844,145.63999938964844,143.11000061035156,136.84591674804688,4127000
2020-11-25,144.89999389648438,145.33999633789062,142.61000061035156,136.70428466796875,3223700
2020-11-27,145.64999389648438,147.9199981689453,145.36000061035156,139.24472045898438,1754000
2020-11-30,146.33999633789062,148.1699981689453,144.89999389648438,137.5541534423828,5842200
2020-12-01,146.69000244140625,148.05999755859375,145.25999450683594,137.46920776367188,3954400
2020-12-02,145.36000061035156,147.08999633789062,144.3800048828125,137.0914764404297,3757400
2020-12-03,145.6999969482422,146.5,143.1300048828125,136.09982299804688,4059600
2020-12-04,144.07000732421875,148.72000122070312,144,140.1986083984375,3058600
2020-12-07,147.3000030517578,148.3300018310547,146.47999572753906,139.22581481933594,2637200
2020-12-08,146.97999572753906,150.13999938964844,146.91000366210938,141.0013427734375,2754400
2020-12-09,154.58999633789062,158.94000244140625,153.67999267578125,149.2177734375,8364400
2020-12-10,159.8699951171875,162,158.17999267578125,152.0509796142578,6430600
2020-12-11,159.72000122070312,161.17999267578125,159.05999755859375,151.14434814453125,3441900
2020-12-14,160.69000244140625,162.2899932861328,157.8300018310547,149.13278198242188,4390100
2020-12-15,159.42999267578125,168.22999572753906,158.0500030517578,158.12362670898438,6974300
2020-12-16,169.69000244140625,173.19000244140625,166.75,162.48680114746094,6009900
2020-12-17,171.72999572753906,173.89999389648438,171.10000610351562,163.03457641601562,3521100
2020-12-18,172.52000427246094,172.88999938964844,169,161.87295532226562,7356400
2020-12-21,168.8800048828125,169,165.8000030517578,159.3985595703125,3655900
2020-12-22,167.7100067138672,168.38999938964844,165.8699951171875,157.45309448242188,2447900
2020-12-23,167.4499969482422,168,165.47000122070312,156.28199768066406,1697300
2020-12-24,165.85000610351562,167.94000244140625,165.85000610351562,157.39642333984375,627200
2020-12-28,167.2100067138672,167.60000610351562,165.2100067138672,157.24530029296875,1482000
2020-12-29,166.6300048828125,167.75,165.91000366210938,157.32086181640625,1712000
2020-12-30,167.44000244140625,168.38999938964844,166.67999267578125,157.7269287109375,1413300
2020-12-31,167.07000732421875,169.13999938964844,166.2899932861328,159.45523071289062,1643600
2021-01-04,169.02000427246094,169.47999572753906,163.10000610351562,156.30087280273438,3164800
2021-01-05,165.19000244140625,166.66000366210938,163.1999969482422,157.07530212402344,2322600
2021-01-06,162.97999572753906,167.27999877929688,162.97000122070312,155.1864776611328,3619700
2021-01-07,164.17999267578125,167.1199951171875,161.77999877929688,156.61253356933594,3025500
2021-01-08,166.22000122070312,166.86000061035156,164.63999938964844,157.1603240966797,3438100
2021-01-11,185,189.3000030517578,182.02000427246094,175.60475158691406,11396500
2021-01-12,182.7899932861328,184.24000549316406,177.44000244140625,168.86160278320312,7179300
2021-01-13,179.8300018310547,187.6199951171875,179.33999633789062,175.18923950195312,7303900
2021-01-14,185.27000427246094,188.9600067138672,184.5800018310547,176.31304931640625,4413200
2021-01-15,186.8000030517578,191.77999877929688,186.8000030517578,180.166259765625,6624600
2021-01-19,196,199.52000427246094,194.07000732421875,187.44769287109375,7729100
2021-01-20,198.77000427246094,201.77000427246094,198.67999267578125,190.0731964111328,5335800
2021-01-21,203.6999969482422,204.72000122070312,198.00999450683594,191.10263061523438,8698800
2021-01-22,202.0399932861328,206.5399932861328,200.55999755859375,194.68197631835938,6128800
2021-01-25,208.24000549316406,212.52999877929688,208.08999633789062,200.54681396484375,5959100
2021-01-26,212.5500030517578,213.22999572753906,210.60000610351562,200.89622497558594,6601500
2021-01-27,211.07000732421875,212.02000427246094,205.10000610351562,196.03245544433594,7358000
2021-01-28,208,211.83999633789062,207.57000732421875,198.4407196044922,5460400
2021-01-29,211.9600067138672,218,204.4600067138672,196.4102783203125,8401700
2021-02-01,209.4600067138672,209.88999938964844,203.10000610351562,191.84872436523438,5383800
2021-02-02,204.3800048828125,205.89999389648438,197.35000610351562,186.57884216308594,5314600
2021-02-03,197.80999755859375,200.58999633789062,196.88999938964844,186.01220703125,3679000
2021-02-04,196.80999755859375,201.8800048828125,195.63999938964844,190.41319274902344,2924300
2021-02-05,201.6199951171875,202.9199981689453,200.85000610351562,190.55484008789062,2732200
2021-02-08,202.3800048828125,206.42999267578125,201.91000366210938,194.33255004882812,2909300
2021-02-09,203.75,204.9499969482422,200.32000732421875,190.4982452392578,2661300
2021-02-10,204.47000122070312,205.5500030517578,201.63999938964844,193.0292205810547,3062700
2021-02-11,202.8699951171875,204.17999267578125,201.6199951171875,192.1187744140625,3544700
2021-02-12,201.64999389648438,208.22000122070312,201.14999389648438,196.58560180664062,2611300
2021-02-16,205.97999572753906,207.49000549316406,203.61000061035156,195.13461303710938,2741900
2021-02-17,205.00999450683594,206.69000244140625,204.27000427246094,195.7984619140625,3329900
2021-02-18,205.3000030517578,205.4199981689453,200.9499969482422,190.73422241210938,3919400
2021-02-19,201.1300048828125,202.8800048828125,200.3300018310547,190.54449462890625,3434900
2021-02-22,199.17999267578125,201.61000061035156,197.9600067138672,190.31692504882812,2263600
2021-02-23,200.30999755859375,204.30999755859375,198.67999267578125,192.0239715576172,3287700
2021-02-24,201.6699981689453,206.4600067138672,201.6300048828125,193.95863342285156,2848800
2021-02-25,203.57000732421875,205.5500030517578,201.75,193.29473876953125,2386700
2021-02-26,206.6999969482422,206.99000549316406,202.05999755859375,194.30950927734375,3887900
2021-03-01,205.77999877929688,208.24000549316406,204.77999877929688,195.80795288085938,2797400
2021-03-02,208.88999938964844,209.9499969482422,204.10000610351562,193.59823608398438,3445300
2021-03-03,203.3699951171875,204.30999755859375,199.7100067138672,191.56871032714844,3660300
2021-03-04,203.7899932861328,204.74000549316406,198.61000061035156,190.18414306640625,4308400
2021-03-05,201.02000427246094,207.6699981689453,200.8800048828125,196.2346649169922,3875900
2021-03-08,207,210.88999938964844,206.32000732421875,196.33900451660156,3300300
2021-03-09,208.33999633789062,212.16000366210938,206.05999755859375,195.46653747558594,4227300
2021-03-10,206.88999938964844,208.0399932861328,204.38999938964844,194.840576171875,3400200
2021-03-11,206.50999450683594,207.25,204.27000427246094,194.6129913330078,4037300
2021-03-12,204.88999938964844,208.4600067138672,202.27999877929688,197.33477783203125,4541400
2021-03-15,193.00999450683594,193.17999267578125,188.1999969482422,179.39178466796875,12388500
2021-03-16,191.5399932861328,191.6199951171875,187.22999572753906,181.0419158935547,6194200
2021-03-17,189.72999572753906,189.8300018310547,186.55999755859375,177.08729553222656,5134200
2021-03-18,186.02000427246094,187.08999633789062,183.8000030517578,174.431884765625,4240000
2021-03-19,184.6999969482422,185.8000030517578,183.8800048828125,174.7733154296875,6048600
2021-03-22,184.0500030517578,185.91000366210938,183.1999969482422,176.24322509765625,2666600
2021-03-23,185.35000610351562,186.66000366210938,183.25,174.19479370117188,3284700
2021-03-24,183.6999969482422,183.83999633789062,179.82000732421875,170.8660125732422,3931500
2021-03-25,181,183.63999938964844,180.22000122070312,173.63526916503906,2630500
2021-03-26,184.0500030517578,185.91000366210938,182.6300048828125,175.74063110351562,2868200
2021-03-29,184.66000366210938,187.6699981689453,183.50999450683594,176.71746826171875,3002600
2021-03-30,185.52999877929688,186.86000061035156,184.7100067138672,175.92083740234375,2523600
2021-03-31,185.57000732421875,187.94000244140625,185.25999450683594,177.1726531982422,3621300
2021-04-01,186.82000732421875,188.07000732421875,184.66000366210938,175.67420959472656,2340400
2021-04-05,185.58999633789062,185.89999389648438,183.10000610351562,175.34228515625,2864800
2021-04-06,184.69000244140625,185.6300048828125,182.49000549316406,173.36021423339844,2488400
2021-04-07,182.89999389648438,183.17999267578125,181.22000122070312,172.905029296875,3406600
2021-04-08,182.9499969482422,183.97000122070312,182.47000122070312,173.18006896972656,2393200
2021-04-09,182.52999877929688,185.13999938964844,182.41000366210938,174.96298217773438,2611200
2021-04-12,183.42999267578125,183.94000244140625,180.8800048828125,172.4308319091797,2876100
2021-04-13,181.17999267578125,183.63999938964844,181.17999267578125,173.1042022705078,3089100
2021-04-14,182.58999633789062,184.47000122070312,182.0500030517578,173.5498809814453,2002100
2021-04-15,183.7899932861328,187.72000122070312,183.41000366210938,176.31912231445312,2586600
2021-04-16,187.3800048828125,190.3000030517578,186.8800048828125,179.47715759277344,3731800
2021-04-19,189.24000549316406,190.8800048828125,188.07000732421875,179.8470458984375,2966400
2021-04-20,190.41000366210938,193.5,190.1699981689453,180.7669219970703,2460900
2021-04-21,191.55999755859375,193.00999450683594,189.8000030517578,181.08938598632812,2219800
2021-04-22,190,191.27000427246094,186.75,177.39077758789062,2982600
2021-04-23,187.02999877929688,189.1300048828125,187.02999877929688,178.97451782226562,2482800
2021-04-26,188.57000732421875,188.64999389648438,186.05999755859375,177.55197143554688,2797500
2021-04-27,184,185.8699951171875,180.7899932861328,172.8007049560547,6838700
2021-04-28,181.4499969482422,182,178.5800018310547,171.22647094726562,4682800
2021-04-29,181.05999755859375,182.6300048828125,180,172.79122924804688,2432500
2021-04-30,181.83999633789062,183.9499969482422,181.19000244140625,173.3318328857422,3103900
2021-05-03,182.99000549316406,186.35000610351562,182.9199981689453,176.31912231445312,3197000
2021-05-04,187.52999877929688,190.0800018310547,186.77999877929688,178.48141479492188,3703500
2021-05-05,188.64999389648438,193.57000732421875,188.1699981689453,182.8533172607422,4274400
2021-05-06,191.5500030517578,194.10000610351562,189.32000732421875,183.87753295898438,3101600
2021-05-07,194.82000732421875,196.27000427246094,193.89999389648438,185.32850646972656,2526700
2021-05-10,196.1699981689453,196.61000061035156,193.5,184.70262145996094,2242000
2021-05-11,193.38999938964844,195.75,193.00999450683594,184.69314575195312,1850200
2021-05-12,194.75,195.64999389648438,192.72999572753906,183.22317504882812,2397400
2021-05-13,192.25,196.11000061035156,191.75,185.69032287597656,2174300
2021-05-14,195.7100067138672,197.27000427246094,194.9199981689453,186.90005493164062,1823700
2021-05-17,196.47999572753906,199.61000061035156,195.08999633789062,186.25230407714844,2466000
2021-05-18,195,196.35000610351562,193.5800018310547,185.39500427246094,2369400
2021-05-19,193.61000061035156,197.38999938964844,193.11000061035156,187.1858367919922,3070500
2021-05-20,197.16000366210938,201.0800018310547,196.1699981689453,190.06253051757812,3494400
2021-05-21,200,201.9199981689453,199.47000122070312,190.3959197998047,2579000
2021-05-24,201,203.6199951171875,200.0399932861328,191.48182678222656,2074900
2021-05-25,201.42999267578125,201.85000610351562,199.13999938964844,189.76724243164062,2919100
2021-05-26,199.22999572753906,202.44000244140625,198.25,191.45323181152344,2891300
2021-05-27,200.64999389648438,201.3800048828125,195.5,189.7481689453125,9340300
2021-05-28,199.1199951171875,202.27999877929688,198.52999877929688,190.26255798339844,2386000
2021-06-01,200.32000732421875,200.88999938964844,196.67999267578125,189.0052032470703,3070200
2021-06-02,199.00999450683594,200.9199981689453,198.25,189.68145751953125,2030300
2021-06-03,198.99000549316406,203.63999938964844,198.61000061035156,193.0820770263672,3066600
2021-06-04,202.7899932861328,204.4499969482422,201.2899932861328,192.43435668945312,2817700
2021-06-07,201.99000549316406,233.3300018310547,201.8300018310547,211.96163940429688,17231400
2021-06-08,221.7100067138672,222.27000427246094,217.3699951171875,210.22801208496094,4618500
2021-06-09,221.35000610351562,226.72999572753906,220.25999450683594,215.2765350341797,4934900
2021-06-10,226.97000122070312,235.85000610351562,226.25,222.45875549316406,5598200
2021-06-11,227.02999877929688,229.58999633789062,221.55999755859375,213.45716857910156,5636000
2021-06-14,224.22999572753906,226.66000366210938,223.02000427246094,215.37179565429688,2720700
2021-06-15,226.10000610351562,226.66000366210938,222.8699951171875,212.91421508789062,2188900
2021-06-16,223.52999877929688,224.36000061035156,220.1999969482422,210.28517150878906,2548800
2021-06-17,220.27000427246094,223.10000610351562,220.27000427246094,211.66636657714844,1890700
2021-06-18,220.42999267578125,221.0500030517578,218.32000732421875,208.18002319335938,4016600
2021-06-21,219.10000610351562,223.77000427246094,218.0800018310547,212.1045379638672,3671300
2021-06-22,222.6300048828125,223.61000061035156,220.50999450683594,210.9329071044922,1658800
2021-06-23,222.19000244140625,222.24000549316406,217,206.798828125,2419600
2021-06-24,234.9199981689453,239.3699951171875,230.4199981689453,221.9158477783203,12290500
2021-06-25,233.1199951171875,233.49000549316406,229.38999938964844,219.2963104248047,6992200
2021-06-28,229,229.8800048828125,226.8800048828125,217.3911895751953,2507500
2021-06-29,228.25,231.39999389648438,227.85000610351562,218.48660278320312,1621200
2021-06-30,230.08999633789062,230.85000610351562,229.05999755859375,218.62950134277344,1786700
2021-07-01,229.50999450683594,231.5,228.66000366210938,220.1631317138672,1977300
2021-07-02,231.97000122070312,234.2100067138672,231.3300018310547,222.85882568359375,1994000
2021-07-06,233.6300048828125,235.5800018310547,233.22999572753906,224.24954223632812,3125400
2021-07-07,234.67999267578125,236.58999633789062,233.4600067138672,224.6305694580078,3141500
2021-07-08,233.8300018310547,237.27000427246094,232.10000610351562,225.86891174316406,2431500
2021-07-09,237.1699981689453,238.47000122070312,232.75,223.8399200439453,4030100
2021-07-12,235.1699981689453,238,235.14999389648438,224.81153869628906,2928600
2021-07-13,235.97999572753906,236.64999389648438,234.02999877929688,224.13526916503906,1974000
2021-07-14,235.7899932861328,237.22999572753906,234.72999572753906,225.1354217529297,2103400
2021-07-15,235.00999450683594,235.99000549316406,230.69000244140625,220.4869842529297,3611200
2021-07-16,232.5,233.0399932861328,231.2100067138672,221.42999267578125,2229100
2021-07-19,231.8800048828125,234.3000030517578,230.57000732421875,223.0303192138672,2305600
2021-07-20,235,237.75,233.94000244140625,223.86856079101562,2297800
2021-07-21,236.3800048828125,237.3699951171875,233.58999633789062,226.03082275390625,1651500
2021-07-22,237.27999877929688,239.6999969482422,236.3699951171875,227.17391967773438,1703500
2021-07-23,239.27999877929688,244.5500030517578,238.55999755859375,232.56533813476562,2448100
2021-07-26,242.57000732421875,245.27999877929688,242.57000732421875,231.66993713378906,2678800
2021-07-27,243.7100067138672,244.05999755859375,242.66000366210938,232.02236938476562,2116500
2021-07-28,243.3699951171875,248.39999389648438,242.63999938964844,234.8133544921875,1688000
2021-07-29,247.5,248.24000549316406,242.24000549316406,233.68936157226562,1924100
2021-07-30,244.89999389648438,245.9499969482422,242.6300048828125,231.9462127685547,1905100
2021-08-02,245.72999572753906,247.88999938964844,244.25,234.8990936279297,1958900
2021-08-03,244.75,259.3699951171875,243.5,243.84352111816406,5406200
2021-08-04,256,270.6499938964844,255.4199981689453,250.01609802246094,3892400
2021-08-05,263.2799987792969,265.510009765625,261.3299865722656,251.65443420410156,2262400
2021-08-06,263.510009765625,264.2699890136719,260.739990234375,250.9400634765625,2155200
2021-08-09,264.5799865722656,273.0400085449219,264.5,254.4834442138672,3238500
2021-08-10,266.75,271.0799865722656,266.17999267578125,256.6648864746094,2060200
2021-08-11,269.5899963378906,270.94000244140625,262.6600036621094,251.56875610351562,2813300
2021-08-12,263.20001220703125,264.5400085449219,261.489990234375,251.77896118164062,2100900
2021-08-13,263.1499938964844,265.69000244140625,263.0199890136719,252.48605346679688,1482300
2021-08-16,264.8800048828125,270.260009765625,264.2699890136719,257.9619445800781,2623200
2021-08-17,271.1600036621094,275.8699951171875,267.17999267578125,260.60888671875,2096100
2021-08-18,272.010009765625,274.760009765625,268.0299987792969,256.6048583984375,2527400
2021-08-19,266.1499938964844,271.8500061035156,265.42999267578125,258.40142822265625,1901000
2021-08-20,269.3800048828125,272.8699951171875,269.05999755859375,258.88885498046875,1536800
2021-08-23,272.29998779296875,272.9100036621094,267.70001220703125,255.93588256835938,2438800
2021-08-24,266.20001220703125,267.44000244140625,261.7799987792969,251.11004638671875,3736000
2021-08-25,262.7799987792969,264.5199890136719,261.2900085449219,252.1611785888672,2388500
2021-08-26,264,265.5899963378906,260.5799865722656,249.724365234375,1732900
2021-08-27,262.5199890136719,263.1300048828125,258.5799865722656,248.22401428222656,1839700
2021-08-30,261.0299987792969,264.07000732421875,259.6099853515625,250.67042541503906,1300700
2021-08-31,262.8399963378906,263.6400146484375,257.8599853515625,246.82884216308594,2733400
2021-09-01,258.5400085449219,258.7699890136719,254.49000549316406,245.97830200195312,2956800
2021-09-02,257.4100036621094,259.7300109863281,256.4700012207031,248.05203247070312,1469700
2021-09-03,260.8299865722656,260.989990234375,256.7799987792969,248.01382446289062,1124500
2021-09-07,259,260.82000732421875,254.41000366210938,243.49363708496094,2403700
2021-09-08,254.60000610351562,255.7100067138672,253.67999267578125,243.53192138671875,1542400
2021-09-09,253.2899932861328,254.02000427246094,239.6699981689453,229.3504180908203,4976600
2021-09-10,242.1999969482422,243.88999938964844,238.57000732421875,228.87258911132812,4633500
2021-09-13,240.0399932861328,241.14999389648438,235.14999389648438,227.4009552001953,2832800
2021-09-14,238.72000122070312,239.7899932861328,231.97999572753906,222.74705505371094,3826000
2021-09-15,233.5800018310547,239.3800048828125,233.05999755859375,223.358642578125,2802500
2021-09-16,234.0800018310547,234.69000244140625,229.72999572753906,220.78794860839844,2958700
2021-09-17,229.7100067138672,230.8300018310547,228.22999572753906,219.8896942138672,4480000
2021-09-20,228.08999633789062,232.72999572753906,227.2899932861328,221.3614044189453,2803400
2021-09-21,232.05999755859375,233.72000122070312,229.74000549316406,219.9565887451172,2172800
2021-09-22,230,231.02999877929688,227.5800018310547,218.16954040527344,2529600
2021-09-23,229.3000030517578,234.1999969482422,229.00999450683594,221.8773651123047,1912300
2021-09-24,232.77000427246094,235.38999938964844,231.33999633789062,221.39959716796875,1642500
2021-09-27,229.97000122070312,231.05999755859375,225.61000061035156,216.35382080078125,2785900
2021-09-28,226.38999938964844,226.39999389648438,220.1999969482422,211.76687622070312,3583300
2021-09-29,225.41000366210938,231.44000244140625,224.55999755859375,220.13815307617188,3971000
2021-09-30,232.77999877929688,237.16000366210938,230.8000030517578,220.79751586914062,3786100
2021-10-01,231,231.67999267578125,225.4499969482422,219.40231323242188,2215700
2021-10-04,227.8000030517578,230.19000244140625,224.22000122070312,214.8726348876953,4784700
2021-10-05,226.44000244140625,232.55999755859375,226.1699981689453,220.682861328125,2802000
2021-10-06,230.55999755859375,230.85000610351562,226.0500030517578,217.7395477294922,2462700
2021-10-07,229.1199951171875,234.11000061035156,229,222.8330078125,2001800
2021-10-08,233.4199981689453,235.80999755859375,231.5500030517578,223.55934143066406,2563000
2021-10-11,236.6999969482422,237.99000549316406,233.60000610351562,223.3013153076172,1892300
2021-10-12,234.6999969482422,235.07000732421875,231.97999572753906,222.45079040527344,1719200
2021-10-13,234.07000732421875,237.9199981689453,232.8000030517578,225.9483642578125,2105700
2021-10-14,237.00999450683594,238.44000244140625,234.11000061035156,226.18727111816406,1824700
2021-10-15,237.4199981689453,239.3000030517578,235.82000732421875,227.32447814941406,2598300
2021-10-18,237.9499969482422,242.66000366210938,236.6999969482422,228.3756866455078,2546000
2021-10-19,239.05999755859375,242.5500030517578,239.05999755859375,231.55787658691406,1573200
2021-10-20,243.72999572753906,245.89999389648438,243.0399932861328,232.9053497314453,1537500
2021-10-21,244.9499969482422,244.9499969482422,239.8300018310547,230.46852111816406,1717700
2021-10-22,240.9600067138672,244.0399932861328,239.55999755859375,232.9340057373047,1960700
2021-10-25,244.66000366210938,246.27000427246094,240.52000427246094,234.17630004882812,2763100
2021-10-26,244.5,248.9199981689453,237.08999633789062,237.4158935546875,4533000
2021-10-27,248.61000061035156,254.4600067138672,248.32000732421875,239.06915283203125,3181300
2021-10-28,250.16000366210938,256.75,250.0800018310547,242.10800170898438,3386500
2021-10-29,253.77999877929688,256.4700012207031,251.77000427246094,243.45545959472656,3152000
2021-11-01,255.11000061035156,256.4800109863281,248.0500030517578,238.24728393554688,2735800
2021-11-02,251.25,259.29998779296875,249.39999389648438,245.45274353027344,3987800
2021-11-03,257.7699890136719,266.7900085449219,257.760009765625,254.44520568847656,4382900
2021-11-04,265.4800109863281,271.1099853515625,265.2699890136719,258.974853515625,4133400
2021-11-05,268.989990234375,269.489990234375,258.55999755859375,253.2410888671875,3745700
2021-11-08,263.989990234375,266.9100036621094,259.1499938964844,248.9693603515625,2386100
2021-11-09,260.5299987792969,262.1600036621094,258.3900146484375,250.3932342529297,1963800
2021-11-10,262,266,261.6000061035156,252.90660095214844,2215100
2021-11-11,262.32000732421875,264.32000732421875,261.95001220703125,250.9761962890625,1739400
2021-11-12,261.7799987792969,262.5199890136719,258.92999267578125,248.9341278076172,1964000
2021-11-15,259.3900146484375,259.6099853515625,257.1600036621094,247.7644805908203,1903200
2021-11-16,256.9599914550781,260.3500061035156,255.99000549316406,247.08375549316406,2565700
2021-11-17,256.80999755859375,264.54998779296875,256.07000732421875,250.40097045898438,2873600
2021-11-18,262,263.79998779296875,259.82000732421875,250.5447540283203,1689200
2021-11-19,266.42999267578125,270.79998779296875,260.29998779296875,249.94082641601562,2786800
2021-11-22,262.2200012207031,263.989990234375,259.1300048828125,249.69151306152344,1995400
2021-11-23,259.4700012207031,262.760009765625,259.25,251.14877319335938,1986200
2021-11-24,262.7699890136719,264.94000244140625,260.04998779296875,251.18714904785156,2518500
2021-11-26,261.79998779296875,265.8800048828125,259.0299987792969,249.6244354248047,1495500
2021-11-29,260.0199890136719,262.32000732421875,254.5,244.3130645751953,4041700
2021-11-30,253.27000427246094,254,246.47999572753906,237.8032989501953,8265900
2021-12-01,249.44000244140625,255.3000030517578,247.88999938964844,238.8483123779297,3241400
2021-12-02,246.52000427246094,249.97999572753906,245.1199951171875,237.64988708496094,3817700
2021-12-03,252.1300048828125,253.47999572753906,243.0800018310547,235.44480895996094,4169700
2021-12-06,245.9199981689453,246.94000244140625,241.52999877929688,236.1638641357422,3491200
2021-12-07,244.24000549316406,245.44000244140625,241.4499969482422,234.99423217773438,4035800
2021-12-08,246.61000061035156,248.17999267578125,239.47000122070312,234.23683166503906,3636200
2021-12-09,244.49000549316406,245.91000366210938,242.75,232.87538146972656,2291100
2021-12-10,241.1999969482422,244.58999633789062,241.1999969482422,234.06422424316406,2380800
2021-12-13,245.50999450683594,250.6999969482422,245.4600067138672,238.27305603027344,3016700
2021-12-14,247.74000549316406,250.00999450683594,246.38999938964844,239.0880126953125,3424000
2021-12-15,262.07000732421875,275.5400085449219,257.2099914550781,263.9190673828125,10016700
2021-12-16,275.6700134277344,283.8999938964844,272.04998779296875,267.5239562988281,5546400
2021-12-17,276.6700134277344,276.6700134277344,265.3299865722656,256.38348388671875,7582900
2021-12-20,269.2300109863281,270.010009765625,260.3500061035156,252.60606384277344,3479400
2021-12-21,264,265.95001220703125,260.57000732421875,253.94827270507812,2702500
2021-12-22,264.739990234375,266.55999755859375,262.8500061035156,255.50144958496094,2721000
2021-12-23,269.04998779296875,275.2699890136719,266.67999267578125,261.8290100097656,2632200
2021-12-27,275.0400085449219,280.29998779296875,274.7200012207031,266.9197998046875,1677100
2021-12-28,279.3399963378906,279.3999938964844,275.8900146484375,265.0215759277344,1033900
2021-12-29,275.82000732421875,279.3599853515625,275.739990234375,266.92950439453125,1112300
2021-12-30,279.19000244140625,280.6499938964844,276.3699951171875,265.8077697753906,1181500
2021-12-31,277.4700012207031,278.7300109863281,276.010009765625,264.8203125,1315700
2022-01-03,274.4100036621094,274.4100036621094,267.05999755859375,260.515625,2621300
2022-01-04,269,269.8800048828125,263.5799865722656,255.79867553710938,2340500
2022-01-05,268.1600036621094,268.7699890136719,260.4200134277344,249.89285278320312,3004200
2022-01-06,260.1000061035156,261.29998779296875,255.4600067138672,248.62734985351562,2863200
2022-01-07,259.739990234375,261.25,256.7099914550781,248.7903289794922,2245100
2022-01-10,258.19000244140625,260.1600036621094,255.88999938964844,249.3751220703125,2576700
2022-01-11,261.5899963378906,262.4100036621094,257.05999755859375,251.4939727783203,2294000
2022-01-12,252.89999389648438,257.44000244140625,250.97000122070312,245.35804748535156,6562800
2022-01-13,254.07000732421875,255.5,248.5500030517578,239.3660125732422,3726500
2022-01-14,250.14999389648438,250.5399932861328,242.89999389648438,234.0450439453125,2894300
2022-01-18,242.75,248.52000427246094,242.08999633789062,236.87332153320312,3241200
2022-01-19,246.3300018310547,250.41000366210938,244.72999572753906,234.93666076660156,2487600
2022-01-20,245.5800018310547,247.9499969482422,242.5,233.09591674804688,2655400
2022-01-21,246.8800048828125,247.8800048828125,242.1199951171875,233.02877807617188,2788600
2022-01-24,242.5500030517578,243.75999450683594,232.67999267578125,230.49778747558594,3712800
2022-01-25,236.80999755859375,241.52999877929688,235.1199951171875,229.57737731933594,2525100
2022-01-26,239.6300048828125,242.42999267578125,235.91000366210938,228.0434112548828,2913200
2022-01-27,239.97999572753906,243.27000427246094,235.75999450683594,226.95046997070312,2178500
2022-01-28,237.49000549316406,245.22000122070312,235.0500030517578,234.98464965820312,3081100
2022-01-31,243.27000427246094,245.49000549316406,241.9199981689453,235.26263427734375,3237100
2022-02-01,247.0500030517578,248.83999633789062,243.25999450683594,238.03338623046875,2449400
2022-02-02,245.35000610351562,251.8800048828125,244.02999877929688,240.47816467285156,2586700
2022-02-03,247.5,248.1199951171875,241.10000610351562,234.7065887451172,3473600
2022-02-04,242.72000122070312,244.10000610351562,241.22000122070312,232.27142333984375,3569300
2022-02-07,242.41000366210938,244.02999877929688,240.3000030517578,233.4985809326172,3948300
2022-02-08,241.89999389648438,242.88999938964844,237.47000122070312,230.00881958007812,2615000
2022-02-09,241.25999450683594,244.4600067138672,241.05999755859375,233.2301483154297,1759900
2022-02-10,239.89999389648438,244.08999633789062,238.11000061035156,229.74998474121094,2283100
2022-02-11,239.22999572753906,240.6300048828125,234.85000610351562,226.0109405517578,2054300
2022-02-14,234,236.8800048828125,231.8699951171875,225.94351196289062,2572000
2022-02-15,236.64999389648438,244.7899932861328,236.64999389648438,234.75250244140625,3409600
2022-02-16,242.5800018310547,247.02000427246094,242.5800018310547,236.4276580810547,2459000
2022-02-17,245.5800018310547,245.58999633789062,240.41000366210938,231.98947143554688,2059100
2022-02-18,238.02000427246094,242.42999267578125,238.02000427246094,231.3540496826172,2517900
2022-02-22,239.2100067138672,240.86000061035156,237.52000427246094,230.21804809570312,2936700
2022-02-23,240.5500030517578,242.67999267578125,238.02000427246094,229.42860412597656,2296300
2022-02-24,235.17999267578125,243.92999267578125,234,234.0208740234375,3272300
2022-02-25,243.83999633789062,252.89999389648438,243.72999572753906,241.5012664794922,2442200
2022-02-28,246.13999938964844,250.05999755859375,244.58999633789062,240.63482666015625,3188800
2022-03-01,247.55999755859375,250.33999633789062,245.44000244140625,240.2015838623047,2873200
2022-03-02,249.8800048828125,256.4800109863281,249.05999755859375,244.69752502441406,2452000
2022-03-03,254.8300018310547,259.5799865722656,254.38999938964844,249.00099182128906,3153700
2022-03-04,256.2099914550781,263.4599914550781,255.52000427246094,253.07327270507812,3497100
2022-03-07,259.8599853515625,263.6300048828125,257.8599853515625,251.88917541503906,3074800
2022-03-08,259.92999267578125,265.29998779296875,258.9100036621094,250.2428741455078,3482600
2022-03-09,263.29998779296875,267.7900085449219,262.07000732421875,252.996337890625,2965900
2022-03-10,262.8399963378906,267.7300109863281,262.8399963378906,256.1058654785156,2797200
2022-03-11,265.07000732421875,271.7200012207031,265.07000732421875,256.3753967285156,2469600
2022-03-14,268.989990234375,270.8999938964844,267.32000732421875,258.9748229980469,2713800
2022-03-15,269.8699951171875,276.4800109863281,269.8699951171875,265.194091796875,4396900
2022-03-16,277.8500061035156,278.6099853515625,273.010009765625,266.1375732421875,3148600
2022-03-17,277.010009765625,285.8900146484375,276.45001220703125,274.8695068359375,3270100
2022-03-18,285.8399963378906,291.3500061035156,284.8599853515625,276.9201354980469,4557900
2022-03-21,287.760009765625,295.3299865722656,287.760009765625,278.84564208984375,3495700
2022-03-22,289.6700134277344,290.55999755859375,283.3900146484375,274.3977966308594,3791600
2022-03-23,284.4200134277344,288.17999267578125,283.3500061035156,273.5987854003906,3149200
2022-03-24,286.2900085449219,288.8500061035156,284.6600036621094,276.96832275390625,2412400
2022-03-25,288.5,291.6499938964844,286.5799865722656,278.2486877441406,2399800
2022-03-28,291.3299865722656,292.45001220703125,288.30999755859375,280.7903137207031,2195000
2022-03-29,292.0299987792969,293.1400146484375,287.5799865722656,277.6422119140625,2798100
2022-03-30,290.5799865722656,292.2900085449219,287.989990234375,279.08636474609375,2220100
2022-03-31,289.3699951171875,291.79998779296875,285.9200134277344,275.697509765625,3227600
2022-04-01,286.1499938964844,293.1400146484375,284,281.7626953125,3066200
2022-04-04,292.75,294.9800109863281,290.95001220703125,280.5592346191406,3014100
2022-04-05,291.7200012207031,295.8299865722656,289.1000061035156,281.5894470214844,2324200
2022-04-06,296.0899963378906,306.55999755859375,294.7699890136719,294.44189453125,4672900
2022-04-07,305,314,305,296.9353332519531,4270800
2022-04-08,308,312.3800048828125,307.95001220703125,300.0738525390625,3024700
2022-04-11,313.0899963378906,313.760009765625,308.04998779296875,297.4455871582031,2178100
2022-04-12,306.5799865722656,309.6099853515625,304.17999267578125,296.598388671875,2688100
2022-04-13,307.2799987792969,308.29998779296875,300.4100036621094,291.3900451660156,2528700
2022-04-14,303.75,304.4700012207031,300.19000244140625,290.61029052734375,1898100
2022-04-18,301.07000732421875,302.05999755859375,296.79998779296875,287.6835632324219,1581400
2022-04-19,298.4100036621094,299.69000244140625,293.79998779296875,285.94097900390625,2021700
2022-04-20,297.0199890136719,299,292.29998779296875,282.0033874511719,2608600
2022-04-21,292.9200134277344,293.45001220703125,286.6600036621094,278.8168029785156,2716800
2022-04-22,289.29998779296875,289.6199951171875,278.3999938964844,268.3421630859375,2772600
2022-04-25,278.75,285.95001220703125,276.8299865722656,274.57110595703125,2410200
2022-04-26,286.17999267578125,290.2099914550781,282.7900085449219,272.2894592285156,2166600
2022-04-27,283.1000061035156,288.1300048828125,280.5899963378906,274.46514892578125,2352100
2022-04-28,295.989990234375,300.510009765625,288.55999755859375,286.1913146972656,5886900
2022-04-29,295.7900085449219,297.30999755859375,289.1400146484375,281.2428283691406,3910900
2022-05-02,291.2300109863281,292.8399963378906,284.2799987792969,278.7685852050781,2789900
2022-05-03,288.6300048828125,289.80999755859375,284.1099853515625,277.3341064453125,2109500
2022-05-04,288.5,296.9800109863281,284.1199951171875,283.90960693359375,2743600
2022-05-05,293.4200134277344,294.989990234375,288.29998779296875,281.4739074707031,3120200
2022-05-06,290.1700134277344,298.25,288.5199890136719,285.8350524902344,2931200
2022-05-09,293.510009765625,294.92999267578125,286.6499938964844,278.4510192871094,3460500
2022-05-10,292,293.42999267578125,285,275.052490234375,3140800
2022-05-11,283.6700134277344,294.5,283,276.0055847167969,2625200
2022-05-12,283.3299865722656,291.989990234375,283.3299865722656,280.9251403808594,2370000
2022-05-13,292.6300048828125,292.79998779296875,286.510009765625,281.70751953125,2337700
2022-05-16,292.1099853515625,309.44000244140625,291.6000061035156,289.19390869140625,5118300
2022-05-17,300,303.3999938964844,293.3900146484375,291.14520263671875,2553000
2022-05-18,300,302.6000061035156,294.0299987792969,285.1464538574219,2161400
2022-05-19,293.5799865722656,293.5799865722656,284.3699951171875,276.5299072265625,3157400
2022-05-20,290.7300109863281,299.239990234375,288.9200134277344,288.6819152832031,3129100
2022-05-23,300.6000061035156,304.9200134277344,299.3500061035156,292.30438232421875,2873600
2022-05-24,303.7099914550781,307.6700134277344,299.79998779296875,295.5500183105469,2804900
2022-05-25,307,310.4200134277344,304.6400146484375,296.5643005371094,3195700
2022-05-26,305.2300109863281,313.9100036621094,303.6099853515625,302.7948303222656,3284200
2022-05-27,312.6499938964844,324.0799865722656,311.260009765625,312.47393798828125,3694300
2022-05-31,316.6300048828125,318.4599914550781,309.0299987792969,302.7755126953125,6298900
2022-06-01,313.44000244140625,313.8999938964844,305.5899963378906,300.4958190917969,2731500
2022-06-02,310.57000732421875,310.6700134277344,298.1700134277344,292.1401062011719,3703300
2022-06-03,302.1600036621094,305.80999755859375,300.70001220703125,291.38665771484375,2490000
2022-06-06,315.1300048828125,315.1300048828125,303.0899963378906,293.0384826660156,3734400
2022-06-07,303.989990234375,312.1499938964844,303.0199890136719,301.4810485839844,3652800
2022-06-08,312.42999267578125,315.5,310.80999755859375,302.82379150390625,2684500
2022-06-09,311.6000061035156,311.9200134277344,303.1099853515625,292.9322509765625,1963300
2022-06-10,299.2300109863281,301.6600036621094,296.8699951171875,286.904541015625,2469800
2022-06-13,290.42999267578125,293.1600036621094,288.510009765625,281.36944580078125,2898800
2022-06-14,289.1700134277344,292,287.2900085449219,280.8962097167969,2422600
2022-06-15,291.6000061035156,296.3399963378906,288.5299987792969,283.0212097167969,1970100
2022-06-16,290.20001220703125,290.20001220703125,283.1099853515625,278.2686767578125,2628600
2022-06-17,290.010009765625,300.989990234375,289.67999267578125,281.00244140625,6900000
2022-06-21,292.3800048828125,299.2799987792969,290.30999755859375,287.22332763671875,2821300
2022-06-22,296.9599914550781,309.6499938964844,296.42999267578125,296.25518798828125,4535700
2022-06-23,309.5,313.19000244140625,307.19000244140625,302.08001708984375,3729300
2022-06-24,319.54998779296875,325.82000732421875,319.010009765625,314.5411071777344,5449900
2022-06-27,324.2300109863281,330.8500061035156,322,316.13494873046875,3218900
2022-06-28,326.5199890136719,329.07000732421875,316.760009765625,306.81329345703125,2742900
2022-06-29,318.1600036621094,324.70001220703125,317.6499938964844,312.0102844238281,2562500
2022-06-30,322.1300048828125,327.04998779296875,320.010009765625,313.1983947753906,2732900
2022-07-01,323.8800048828125,325.3999938964844,317.760009765625,313.6620178222656,1817800
2022-07-05,322.44000244140625,327.42999267578125,318.92999267578125,316.04803466796875,2107700
2022-07-06,328,332.739990234375,326.75,318.9169616699219,2252500
2022-07-07,327.25,330.5,326.239990234375,316.79180908203125,2395000
2022-07-08,326.54998779296875,334.5199890136719,326.1600036621094,319.22613525390625,1898200
2022-07-11,330.6099853515625,332.67999267578125,329.42999267578125,319.8056335449219,1342600
2022-07-12,330,331.989990234375,323.3599853515625,312.5802307128906,2058200
2022-07-13,322.010009765625,324.67999267578125,320.8299865722656,311.48858642578125,2564200
2022-07-14,317.5400085449219,327.760009765625,315.510009765625,315.76788330078125,2615700
2022-07-15,331.9700012207031,335.3299865722656,328.1700134277344,320.317626953125,3340300
2022-07-18,330.1199951171875,331.9700012207031,319.7099914550781,310.8221130371094,2116300
2022-07-19,324.0899963378906,327.3800048828125,321.8399963378906,315.10137939453125,1628100
2022-07-20,327.0899963378906,327.82000732421875,320.30999755859375,311.0732116699219,2051000
2022-07-21,321.45001220703125,328.04998779296875,319.7099914550781,315.7968444824219,1692100
2022-07-22,326.95001220703125,329.2200012207031,325.8299865722656,317.56463623046875,1850800
2022-07-25,328.75,332.2699890136719,328.05999755859375,320.269287109375,1741700
2022-07-26,330.989990234375,332.57000732421875,328.6099853515625,320.27899169921875,1812300
2022-07-27,328.9800109863281,330.8699951171875,325.19000244140625,317.7481689453125,1643000
2022-07-28,330.239990234375,333.5899963378906,321.739990234375,319.5447692871094,2350900
2022-07-29,331.05999755859375,331.05999755859375,326.82000732421875,318.47259521484375,3399900
2022-08-01,327.510009765625,330.42999267578125,323.4599914550781,313.12109375,2464300
2022-08-02,327.19000244140625,328.9800109863281,319.3599853515625,309.3055419921875,3405700
2022-08-03,320.6300048828125,320.9800109863281,310.2200012207031,303.1521911621094,5152200
2022-08-04,310.20001220703125,310.25,302.239990234375,295.3857727050781,4696300
2022-08-05,302.4800109863281,305.32000732421875,300.30999755859375,291.0678405761719,2814300
2022-08-08,300.6499938964844,306.1199951171875,296.5299987792969,292.2077331542969,3218900
2022-08-09,305.0899963378906,306.70001220703125,301.29998779296875,292.7099914550781,2122900
2022-08-10,304.5,307.1300048828125,302.5899963378906,294.2459716796875,2351000
2022-08-11,301.0299987792969,305.4200134277344,299.6300048828125,290.9229736328125,2198800
2022-08-12,302.9200134277344,308.489990234375,301.29998779296875,298.5694274902344,2305100
2022-08-15,309.2099914550781,314.6099853515625,307.30999755859375,304.24853515625,2795800
2022-08-16,313.92999267578125,314.3699951171875,309.6300048828125,300.7306213378906,2248000
2022-08-17,310.010009765625,320.6000061035156,310.010009765625,307.0396423339844,2747200
2022-08-18,316.75,318.9599914550781,314.20001220703125,306.9427490234375,2261600
2022-08-19,317.510009765625,325.75,317.5,312.805908203125,3393100
2022-08-22,322.2799987792969,325.7699890136719,320.3900146484375,313.1257019042969,2488000
2022-08-23,321.239990234375,321.8399963378906,313.8699951171875,305.3726806640625,2962000
2022-08-24,316.4700012207031,320.8599853515625,315.2200012207031,309.0263671875,1827000
2022-08-25,320.6000061035156,323.3699951171875,315.8299865722656,313.1645202636719,1977900
2022-08-26,323.5899963378906,324.5899963378906,315.2699890136719,305.8185119628906,1858000
2022-08-29,313.3399963378906,314.8699951171875,309.67999267578125,300.5755615234375,1697000
2022-08-30,310.1400146484375,311.9700012207031,306.010009765625,297.5616149902344,1980300
2022-08-31,307.1400146484375,308.82000732421875,301.1099853515625,291.93084716796875,3183500
2022-09-01,301,309.4100036621094,300.5,299.5870361328125,2939200
2022-09-02,310.1099853515625,310.2200012207031,299.760009765625,292.0278625488281,2525400
2022-09-06,302.95001220703125,312.8299865722656,302.2300109863281,297.3482971191406,2322200
2022-09-07,308.7699890136719,312.3999938964844,304.8800048828125,301.98077392578125,2228100
2022-09-08,311.95001220703125,315.7300109863281,307.5899963378906,305.76031494140625,2212500
2022-09-09,316.45001220703125,320.1700134277344,315.2200012207031,307.8924560546875,2177000
2022-09-12,318.8900146484375,320.45001220703125,314.8800048828125,305.4890441894531,2077400
2022-09-13,310.010009765625,312.30999755859375,304.989990234375,297.0188293457031,2272400
2022-09-14,307.2099914550781,311.80999755859375,305.8999938964844,300.05218505859375,2002900
2022-09-15,309.7099914550781,312.2799987792969,305.75,299.91656494140625,2348100
2022-09-16,307.9700012207031,311.9599914550781,306.739990234375,299.3545227050781,4380200
2022-09-19,306.4800109863281,306.5199890136719,297.6499938964844,295.6717224121094,2515300
2022-09-20,303.82000732421875,303.82000732421875,298.94000244140625,292.4154968261719,1816800
2022-09-21,301,304.5299987792969,296.32000732421875,287.3275146484375,2241200
2022-09-22,300.79998779296875,312.6099853515625,299.9599914550781,301.27325439453125,5918300
2022-09-23,311.8699951171875,315.17999267578125,305.1199951171875,301.8451232910156,4572600
2022-09-26,308.79998779296875,311.7300109863281,304.8800048828125,298.00732421875,3760000
2022-09-27,309.1499938964844,313.95001220703125,308.32000732421875,301.49615478515625,3019600
2022-09-28,333.5299987792969,341.70001220703125,328.1000061035156,324.0575866699219,9436300
2022-09-29,333.9700012207031,334.67999267578125,327.2699890136719,319.82244873046875,3743100
2022-09-30,327.1499938964844,329.510009765625,322.4200134277344,313.3680419921875,4474100
2022-10-03,325.989990234375,329.3500061035156,317.04998779296875,311.6236267089844,3340500
2022-10-04,322.17999267578125,330.1000061035156,321.7799987792969,319.7061767578125,2622500
2022-10-05,328.29998779296875,333.8500061035156,327.5199890136719,321.5378112792969,2186100
2022-10-06,327.94000244140625,339.260009765625,326.8699951171875,322.6717224121094,4299200
2022-10-07,332.9700012207031,333.07000732421875,324.8999938964844,316.57586669921875,2601600
2022-10-10,326.2300109863281,327.010009765625,320.239990234375,313.8913269042969,1956200
2022-10-11,320,329.0299987792969,319.42999267578125,317.48681640625,2598900
2022-10-12,327.3800048828125,333.6499938964844,323.8800048828125,314.5504150390625,1764700
2022-10-13,319.1199951171875,333.3699951171875,319.1000061035156,321.847900390625,2657400
2022-10-14,331.55999755859375,335.2900085449219,328.2300109863281,321.1598205566406,2231400
2022-10-17,332.7900085449219,337.5799865722656,331.75,322.4875183105469,2230000
2022-10-18,334.1400146484375,335.3299865722656,330.3699951171875,324.6875,2087100
2022-10-19,335.25,335.6300048828125,325.9700012207031,319.1246643066406,2419000
2022-10-20,331.1499938964844,331.44000244140625,325.8999938964844,318.9114074707031,1761200
2022-10-21,329.07000732421875,342.42999267578125,326.7699890136719,330.2502136230469,3274700
2022-10-24,344.2200012207031,351.7699890136719,344.2200012207031,337.16021728515625,3375900
2022-10-25,346.5199890136719,352.3299865722656,343.04998779296875,340.4648742675781,2513100
2022-10-26,352.5,361.4800109863281,350.44000244140625,346.81268310546875,2373500
2022-10-27,358.989990234375,361.1199951171875,355.32000732421875,345.32989501953125,2347600
2022-10-28,360.32000732421875,362,357.0400085449219,348.7897033691406,2942100
2022-10-31,358.6499938964844,363.9200134277344,350.4599914550781,350.9121398925781,4258200
2022-11-01,345.8299865722656,358.989990234375,340.75,341.6956787109375,7013000
2022-11-02,354.1600036621094,363.1499938964844,350.2099914550781,344.002197265625,3774400
2022-11-03,354.05999755859375,362.8299865722656,351.510009765625,350.5147705078125,2602500
2022-11-04,365.20001220703125,365.8800048828125,353.3399963378906,346.3765869140625,3004600
2022-11-07,358,367,357.5,353.8001403808594,2560300
2022-11-08,365.1499938964844,368.75,361.92999267578125,355.341064453125,3278600
2022-11-09,368.44000244140625,369.79998779296875,361.9100036621094,352.0556945800781,2323700
2022-11-10,367.239990234375,369,363,357.3374938964844,2994000
2022-11-11,366.1600036621094,367.8299865722656,344.5199890136719,341.42431640625,6646300
2022-11-14,359.07000732421875,360.79998779296875,340.1199951171875,346.0308837890625,4717400
2022-11-15,356.94000244140625,356.989990234375,346.3599853515625,340.09295654296875,4180700
2022-11-16,350,356.8800048828125,349.9599914550781,342.9889831542969,3563800
2022-11-17,352.9100036621094,362.29998779296875,352.7099914550781,350.608154296875,2929700
2022-11-18,362.54998779296875,364.6700134277344,359.3500061035156,351.48284912109375,2420900
2022-11-21,360.3900146484375,363.760009765625,355.3699951171875,350.9969177246094,1999200
2022-11-22,362,362.79998779296875,357.29998779296875,350.71514892578125,2460400
2022-11-23,361.3399963378906,362.4700012207031,358.6300048828125,351.5314025878906,1993000
2022-11-25,362.8999938964844,365.8299865722656,361.54998779296875,354.9620056152344,1039100
2022-11-28,363.45001220703125,369.510009765625,361,355.4672546386719,2481300
2022-11-29,364.6199951171875,366.1099853515625,360.6400146484375,353.6986389160156,2207000
2022-11-30,365.07000732421875,372.3500061035156,361.79998779296875,360.62774658203125,5556400
2022-12-01,374.7900085449219,375.19000244140625,368.489990234375,359.89886474609375,2516100
2022-12-02,366.0799865722656,375.0400085449219,365,364.20416259765625,1925600
2022-12-05,373.760009765625,375.25,368.2799987792969,358.8881530761719,2296500
2022-12-06,367,370.6400146484375,365.5199890136719,358.1593017578125,1971000
2022-12-07,369.32000732421875,375.239990234375,368.760009765625,361.4927062988281,1629100
2022-12-08,373.260009765625,373.260009765625,366.5,361.3177795410156,2090900
2022-12-09,373,374,360.80999755859375,350.8219299316406,2787200
2022-12-12,362.92999267578125,367.8299865722656,362.5,356.9056701660156,2639200
2022-12-13,361.6300048828125,372.739990234375,358.32000732421875,348.55767822265625,5032600
2022-12-14,359.010009765625,369.42999267578125,357.05999755859375,353.26129150390625,5095500
2022-12-15,360.6600036621094,363.9700012207031,356.69000244140625,349.86956787109375,3437100
2022-12-16,357.92999267578125,360.4800109863281,355.1700134277344,349.7334899902344,6612200
2022-12-19,357.80999755859375,359.70001220703125,354.6099853515625,347.7023620605469,2658400
2022-12-20,358.5,361.45001220703125,356.3399963378906,349.5100402832031,2276000
2022-12-21,362.6300048828125,370.67999267578125,361.2099914550781,357.6442565917969,2211200
2022-12-22,367.32000732421875,369.760009765625,362.2900085449219,355.02032470703125,1958100
2022-12-23,364.82000732421875,367.8999938964844,362.4700012207031,357.537353515625,1030300
2022-12-27,369.5,369.7300109863281,364.3299865722656,354.6023864746094,1372100
2022-12-28,366.1700134277344,368.010009765625,363.94000244140625,354.93280029296875,996000
2022-12-29,368.1000061035156,370.95001220703125,366.4599914550781,356.68212890625,1077900
2022-12-30,367.489990234375,367.95001220703125,362.1099853515625,355.5352783203125,1388000
2023-01-03,366.260009765625,369,361.4599914550781,354.70928955078125,2006700
2023-01-04,364.6400146484375,367.1199951171875,360.3399963378906,352.8725280761719,1886200
2023-01-05,360.95001220703125,361.489990234375,352.9599914550781,348.8102722167969,2008500
2023-01-06,360,366.70001220703125,357.5799865722656,352.7170104980469,2131300
2023-01-09,364,364.9700012207031,348.7900085449219,339.97625732421875,2980600
2023-01-10,349,353.2099914550781,343.3399963378906,342.8140563964844,2465200
2023-01-11,354.3399963378906,361.760009765625,351,350.2583312988281,2602800
2023-01-12,359.25,360.5,353.0799865722656,349.004638671875,2019700
2023-01-13,359.57000732421875,363.30999755859375,358.6400146484375,351.4341735839844,1690900
2023-01-17,361.6199951171875,362,356.54998779296875,347.6635437011719,2435200
2023-01-18,356.32000732421875,359,351.5799865722656,342.09490966796875,2302300
2023-01-19,352.3699951171875,355.79998779296875,350.4200134277344,341.1910705566406,2658300
2023-01-20,347,349.07000732421875,341.5799865722656,336.32220458984375,5391900
2023-01-23,346.6099853515625,346.6099853515625,340.2200012207031,332.5709228515625,3403100
2023-01-24,346,346.6300048828125,341.3599853515625,336.63323974609375,2242500
2023-01-25,345.54998779296875,349.7799987792969,345.1000061035156,339.87908935546875,2503300
2023-01-26,351,352.17999267578125,346.7300109863281,338.2076416015625,2576200
2023-01-27,346.1099853515625,348.0899963378906,341.5299987792969,332.4640197753906,2363600
2023-01-30,344.3299865722656,347.79998779296875,339.4599914550781,330.90911865234375,2647700
2023-01-31,340.67999267578125,344.3999938964844,339.3800048828125,334.4563293457031,2406700
2023-02-01,342.7900085449219,345.94000244140625,337.5199890136719,332.9208068847656,2990900
2023-02-02,334,335.29998779296875,317,321.3851623535156,13036600
2023-02-03,332.95001220703125,342.3299865722656,329.3699951171875,329.52911376953125,5670700
2023-02-06,341.9800109863281,343.4200134277344,334.6199951171875,328.14910888671875,3055700
2023-02-07,336.04998779296875,340.9599914550781,332.69000244140625,330.1122131347656,2464100
2023-02-08,338.55999755859375,342.8699951171875,337.82000732421875,331.1327209472656,2399400
2023-02-09,340.8900146484375,347.3500061035156,340.5,332.1626892089844,3072800
2023-02-10,343.2699890136719,348.42999267578125,342.7300109863281,335.3989562988281,1980000
2023-02-13,346.4700012207031,350.80999755859375,346,340.53021240234375,2291600
2023-02-14,350.5400085449219,353.82000732421875,347.2799987792969,338.8630676269531,2028900
2023-02-15,345.8500061035156,346.8699951171875,334.3500061035156,326.6270751953125,3600700
2023-02-16,331,332.94000244140625,325.7200012207031,317.9107971191406,3654200
2023-02-17,323.1499938964844,331.5899963378906,320.5,320.1825256347656,3695600
2023-02-21,327.1499938964844,331.7200012207031,326.3299865722656,319.3148193359375,2515600
2023-02-22,328.7099914550781,332.6000061035156,326.3299865722656,320.835693359375,2379800
2023-02-23,328.010009765625,332.8299865722656,325.69000244140625,319.324462890625,2229500
2023-02-24,326,327.2300109863281,320.0899963378906,313.5916442871094,2594600
2023-02-27,322.6000061035156,323.3999938964844,315.8999938964844,308.697265625,3043500
2023-02-28,315.489990234375,315.489990234375,309.6400146484375,303.43243408203125,3966900
2023-03-01,310,316.9100036621094,309.20001220703125,306.30859375,3580800
2023-03-02,311.7900085449219,316.29998779296875,310.5299987792969,307.1665344238281,2885200
2023-03-03,316.3699951171875,320.1600036621094,315.239990234375,310.4619445800781,3002800
2023-03-06,316.94000244140625,320.239990234375,316.5,310.97869873046875,2673700
2023-03-07,319,320.3500061035156,309.6000061035156,302.8572082519531,2620800
2023-03-08,310.5,313.0299987792969,309.32000732421875,304.7193298339844,2313200
2023-03-09,312.30999755859375,318.7699890136719,312.30999755859375,308.9215393066406,3920300
2023-03-10,318.8500061035156,326.5299987792969,314.3399963378906,307.1372985839844,4597300
2023-03-13,317.239990234375,331.79998779296875,317.239990234375,316.370361328125,5275600
2023-03-14,324.04998779296875,327.2799987792969,321.44000244140625,318.8857421875,4214300
2023-03-15,326,331.3599853515625,324.5,321.2257995605469,4743500
2023-03-16,327.6400146484375,331.70001220703125,325.0400085449219,321.28424072265625,3498200
2023-03-17,331.5,334.95001220703125,328.1000061035156,320.9429626464844,8679800
2023-03-20,329.17999267578125,333.94000244140625,329.010009765625,325.2524719238281,3540900
2023-03-21,334.3900146484375,334.44000244140625,328.0799865722656,322.7954406738281,3240400
2023-03-22,331.7699890136719,335.6000061035156,330.6499938964844,322.688232421875,2472200
2023-03-23,330.8900146484375,335.3399963378906,330.2099914550781,324.3164367675781,2703400
2023-03-24,332.989990234375,336.92999267578125,328.7699890136719,327.7190246582031,2791900
2023-03-27,327.79998779296875,336.2200012207031,323.260009765625,326.2273254394531,3102300
2023-03-28,335.79998779296875,338.8299865722656,334.7200012207031,329.2010803222656,2433200
2023-03-29,339,339.7699890136719,334.5799865722656,327.4655456542969,2743800
2023-03-30,336.07000732421875,341.30999755859375,336.07000732421875,332.1649169921875,2146900
2023-03-31,342,343.6499938964844,340.69000244140625,334.8266906738281,2933600
2023-04-03,343.239990234375,351.5400085449219,342.29998779296875,341.9635314941406,3039600
2023-04-04,352.07000732421875,359,351.2699890136719,345.74639892578125,3585900
2023-04-05,358.0799865722656,364.8500061035156,357.92999267578125,353.1756896972656,3442700
2023-04-06,364.8500061035156,369.5,364.25,359.0743408203125,3531700
2023-04-10,368.17999267578125,368.3500061035156,363.0400085449219,357.81658935546875,1868000
2023-04-11,367.760009765625,368.79998779296875,363.5899963378906,354.9307556152344,2027000
2023-04-12,364.0199890136719,372.44000244140625,363.3299865722656,359.8152770996094,2672600
2023-04-13,372.6199951171875,375.55999755859375,370.30999755859375,365.7626647949219,2839900
2023-04-14,374.239990234375,376.30999755859375,372.510009765625,365.3532409667969,2287900
2023-04-17,375,375.8999938964844,371.1600036621094,363.03271484375,2059700
2023-04-18,373,374.260009765625,369.6600036621094,360.65380859375,1925300
2023-04-19,370.54998779296875,371.2799987792969,367.3500061035156,361.1998291015625,2173000
2023-04-20,371.3900146484375,376.05999755859375,369.760009765625,365.43115234375,2766500
2023-04-21,378.010009765625,386.2699890136719,378,375.60028076171875,3682500
2023-04-24,385.239990234375,387.04998779296875,381.6300048828125,373.75750732421875,2059700
2023-04-25,385.04998779296875,390.4800109863281,384,375.2101745605469,2648600
2023-04-26,381.1199951171875,381.5,370.67999267578125,366.85467529296875,3161200
2023-04-27,391.260009765625,398.5299987792969,380.7699890136719,380.58233642578125,4981300
2023-04-28,398,404.30999755859375,392.510009765625,385.9544677734375,5350100
2023-05-01,397.260009765625,407.3500061035156,392.260009765625,395.65545654296875,4091100
2023-05-02,407,411.5400085449219,399.260009765625,394.0857849121094,3884600
2023-05-03,415.0299987792969,434.20001220703125,414.30999755859375,420.400390625,10129800
2023-05-04,431.45001220703125,432.70001220703125,425.2200012207031,417.71923828125,4070700
2023-05-05,428.1000061035156,431.2699890136719,424.55999755859375,417.10498046875,2753400
2023-05-08,426.20001220703125,435,423,421.89215087890625,2478600
2023-05-09,431.7699890136719,435.6000061035156,428.04998779296875,417.66070556640625,2601600
2023-05-10,426.05999755859375,438.3900146484375,426.05999755859375,425.0120544433594,2766300
2023-05-11,436.70001220703125,436.8500061035156,431.1199951171875,424.65130615234375,2595900
2023-05-12,440.1600036621094,445.5400085449219,434.4200134277344,424.66107177734375,3939200
2023-05-15,435.3699951171875,436,430.6700134277344,424.7393798828125,2234800
2023-05-16,434.20001220703125,438.4800109863281,430.6600036621094,426.83111572265625,2128800
2023-05-17,438.79998779296875,438.95001220703125,432.7300109863281,427.6326904296875,2274200
2023-05-18,436.510009765625,439.5199890136719,433.5899963378906,428.0432434082031,2268100
2023-05-19,439,447.510009765625,439,432.4323425292969,3442800
2023-05-22,444.30999755859375,454.95001220703125,432.3900146484375,424.23095703125,4398000
2023-05-23,432.9200134277344,435.8900146484375,421.510009765625,413.6933898925781,4492100
2023-05-24,424,428.9599914550781,420.260009765625,416.1958312988281,3133000
2023-05-25,426.3800048828125,428.20001220703125,419.79998779296875,417.701171875,2882200
2023-05-26,424.8999938964844,431.6700134277344,423.6700134277344,416.2153625488281,2338400
2023-05-30,423.7900085449219,428.7300109863281,422.05999755859375,417.6327209472656,2595700
2023-05-31,427,430.55999755859375,424.010009765625,419.8028564453125,3950900
2023-06-01,430.2699890136719,436.7900085449219,428.1300048828125,426.67474365234375,2914400
2023-06-02,439.9599914550781,444.70001220703125,436.7799987792969,432.3834228515625,2499000
2023-06-05,443,447.79998779296875,441.7099914550781,434.2700500488281,2113800
2023-06-06,447.8299865722656,448.8699951171875,440.0199890136719,433.1068115234375,1495300
2023-06-07,440.20001220703125,446.69000244140625,435.67999267578125,426.55743408203125,2458300
2023-06-08,435.8800048828125,447.4700012207031,432.3399963378906,435.6385803222656,2040300
2023-06-09,449.29998779296875,449.29998779296875,442.6000061035156,436.0100402832031,2082000
2023-06-12,446.1499938964844,446.989990234375,438.67999267578125,435.2964172363281,2566600
2023-06-13,443.6700134277344,447.3999938964844,442.25,435.6971740722656,1766300
2023-06-14,444.2900085449219,448.7799987792969,443.5400085449219,437.6522216796875,2163300
2023-06-15,448,456.5799865722656,447.69000244140625,443.7225036621094,2287100
2023-06-16,455.79998779296875,456.9800109863281,447.5,437.64239501953125,4295700
2023-06-20,445.8599853515625,454.8800048828125,445.1099853515625,441.787109375,2506300
2023-06-21,454.5,455.3399963378906,450.2099914550781,442.8134765625,2347500
2023-06-22,455,462.260009765625,453.82000732421875,447.38824462890625,2912500
2023-06-23,457,460.010009765625,452.32000732421875,448.522216796875,4832100
2023-06-26,465.260009765625,465.260009765625,448.9200134277344,442.578857421875,3214700
2023-06-27,462.5,467.9800109863281,451.70001220703125,454.0549011230469,4138700
2023-06-28,468.510009765625,468.5299987792969,457.32000732421875,448.38531494140625,2854700
2023-06-29,459.05999755859375,465.8299865722656,457.510009765625,454.04510498046875,2112400
2023-06-30,464.6499938964844,469.8699951171875,464,458.43414306640625,3173200
2023-07-03,466.260009765625,466.260009765625,457.3699951171875,451.044189453125,2113200
2023-07-05,462.1000061035156,467.25,460,455.2279052734375,2130200
2023-07-06,463.1199951171875,467.6000061035156,461.6199951171875,452.7938537597656,2191700
2023-07-07,462.3299865722656,463.6099853515625,451.239990234375,441.9141845703125,2914700
2023-07-10,452.9599914550781,454.6700134277344,449.7099914550781,442.969970703125,2011400
2023-07-11,450,450.55999755859375,437.6099853515625,429.509521484375,3570900
2023-07-12,438.4700012207031,444.29998779296875,435.010009765625,430.69232177734375,3107800
2023-07-13,440.2300109863281,442.239990234375,434.3399963378906,424.9250183105469,2865100
2023-07-14,441.1000061035156,450.45001220703125,440.8699951171875,439.35308837890625,2955000
2023-07-17,449.45001220703125,450.6199951171875,443.260009765625,437.0852966308594,2347900
2023-07-18,446.95001220703125,453.32000732421875,445.0400085449219,441.0539855957031,2237000
2023-07-19,451.3999938964844,455,448.55999755859375,443.36090087890625,2212800
2023-07-20,455.1499938964844,465.2200012207031,455,453.3901672363281,2624200
2023-07-21,465.4100036621094,467.0400085449219,461.9700012207031,451.6502685546875,2226700
2023-07-24,462,465.6400146484375,457.6700134277344,448.9913330078125,2190700
2023-07-25,457.760009765625,460.9200134277344,456.6000061035156,447.2514343261719,1737800
2023-07-26,455,455,446.55999755859375,443.3902282714844,1959800
2023-07-27,453.32000732421875,458.67999267578125,452.25,444.7587585449219,1883500
2023-07-28,455.1300048828125,459.57000732421875,451.7799987792969,448.1703186035156,1437600
2023-07-31,459.0199890136719,459.0199890136719,450.79998779296875,444.32861328125,2110200
2023-08-01,455.3500061035156,457.3699951171875,451.45001220703125,442.9014587402344,1738200
2023-08-02,455.2300109863281,461.6400146484375,451.32000732421875,444.26025390625,2366600
2023-08-03,450.7799987792969,454.1000061035156,448.260009765625,439.0598449707031,2414100
2023-08-04,449.239990234375,452.4700012207031,446.8900146484375,439.3824157714844,1870400
2023-08-07,453.25,455,450.5799865722656,443.869140625,2446400
2023-08-08,506,538,502.7099914550781,509.8708801269531,15094500
2023-08-09,520.3699951171875,532.530029296875,516.8900146484375,514.396728515625,5376600
2023-08-10,523.469970703125,528.739990234375,519.989990234375,509.6167297363281,4108500
2023-08-11,523.719970703125,531.8099975585938,520,516.400634765625,2524300
2023-08-14,531.280029296875,542.2999877929688,529.25,527.029541015625,3981100
2023-08-15,537.72998046875,547.2899780273438,533.780029296875,535.4737548828125,2826800
2023-08-16,547.4000244140625,552.8699951171875,542.5,535.1012573242188,2597100
2023-08-17,543.2100219726562,548.7999877929688,537.3900146484375,526.6963500976562,2549900
2023-08-18,535.030029296875,547.77001953125,533.9000244140625,535.2876586914062,2958600
2023-08-21,546.989990234375,553.5,545.75,538.8336791992188,2305400
2023-08-22,549.530029296875,556.0999755859375,547.280029296875,542.3702392578125,1936600
2023-08-23,556.719970703125,557.4000244140625,548.2100219726562,542.0762329101562,2121300
2023-08-24,552.7000122070312,556.97998046875,547.2999877929688,536.825439453125,1776700
2023-08-25,549.6300048828125,556.0999755859375,547.0800170898438,542.3603515625,1847600
2023-08-28,550.1300048828125,556.22998046875,550.1199951171875,542.6248168945312,1373700
2023-08-29,553.4500122070312,556.3499755859375,549.8599853515625,542.605224609375,1701200
2023-08-30,555.010009765625,557.75,547.0399780273438,536.8157348632812,2191100
2023-08-31,547.02001953125,557.4099731445312,543,542.8991088867188,3043400
2023-09-01,556.3200073242188,559.2100219726562,553.510009765625,545.7498168945312,2030800
2023-09-05,559.22998046875,561.9299926757812,556.7100219726562,546.807861328125,2257200
2023-09-06,561.02001953125,561.5900268554688,552.7000122070312,548.53173828125,2424300
2023-09-07,564.1900024414062,576.3099975585938,562.6199951171875,561.541015625,3707100
2023-09-08,572.3300170898438,587.5499877929688,571.219970703125,574.5012817382812,4308300
2023-09-11,587.1500244140625,598.1599731445312,584.47998046875,583.4156494140625,3876500
2023-09-12,590.969970703125,601.1300048828125,587.8499755859375,587.0794067382812,3212100
2023-09-13,594.6599731445312,600.75,591.7000122070312,586.6680297851562,3126600
2023-09-14,599.239990234375,601.8400268554688,590.010009765625,579.5462036132812,3244800
2023-09-15,592,594.0599975585938,575.0599975585938,563.9215087890625,5941200
2023-09-18,578,578,564.4099731445312,559.630859375,2723600
2023-09-19,571.6199951171875,578.4099731445312,570.6300048828125,563.23583984375,2185100
2023-09-20,573.4199829101562,575.25,569.1900024414062,558.0244140625,1869900
2023-09-21,567.1900024414062,568,542.5,538.912109375,4049900
2023-09-22,548.8099975585938,555.489990234375,547.6300048828125,539.313720703125,2353800
2023-09-25,550.0999755859375,552.6599731445312,545.75,541.0280151367188,1686500
2023-09-26,550.7000122070312,554.1300048828125,548,538.79443359375,1864300
2023-09-27,549.8900146484375,551.6900024414062,543.6699829101562,538.5496826171875,2004200
2023-09-28,551.3200073242188,551.6799926757812,541.4000244140625,533.3480224609375,2178800
2023-09-29,545.489990234375,546.0900268554688,532.2000122070312,526.17724609375,2967700
2023-10-02,536.010009765625,540.6400146484375,526.8099975585938,527.3134765625,2810100
2023-10-03,536,537.3400268554688,516.5700073242188,514.4806518554688,3266100
2023-10-04,525.5599975585938,536.1699829101562,523.6300048828125,520.6228637695312,2220400
2023-10-05,533.5399780273438,542.5,531.6099853515625,530.4385375976562,2950700
2023-10-06,544,566.3599853515625,542.7100219726562,553.6943359375,4745200
2023-10-09,564.02001953125,579.7899780273438,563.5800170898438,560.1009521484375,4208100
2023-10-10,570,585.9500122070312,569.72998046875,567.4970092773438,3526700
2023-10-11,596.2000122070312,608.7899780273438,585.010009765625,592.9375610351562,5850600
2023-10-12,605.4600219726562,613,602.2000122070312,598.051025390625,4063500
2023-10-13,617.8900146484375,629.969970703125,602.5599975585938,596.7775268554688,3963800
2023-10-16,610.989990234375,621.97998046875,608.4299926757812,604.06591796875,2941500
2023-10-17,619,620.4000244140625,602.530029296875,595.90576171875,2911700
2023-10-18,607.239990234375,615.8800048828125,603.239990234375,594.8576049804688,2049100
2023-10-19,605,605,578.3400268554688,578.7527465820312,3493700
2023-10-20,590,596.9199829101562,580.8800048828125,572.7185668945312,3666900
2023-10-23,586.0599975585938,588.3400268554688,576.1400146484375,564.8914794921875,2781900
2023-10-24,580,594.52001953125,579.1099853515625,580.3494873046875,2633000
2023-10-25,596.9400024414062,599.7000122070312,585.8699951171875,574.5012817382812,2283300
2023-10-26,580,581,566.1599731445312,556.515625,2846500
2023-10-27,563.010009765625,570.8099975585938,556.6400146484375,548.80615234375,2717400
2023-10-30,571.2100219726562,573.2100219726562,562.5499877929688,554.1743774414062,2290900
2023-10-31,568.969970703125,569.6099853515625,547.6099853515625,542.6345825195312,3661400
2023-11-01,555,558.4299926757812,551.260009765625,543.1538696289062,2935900
2023-11-02,578.3300170898438,597.4400024414062,571.989990234375,568.45703125,5181300
2023-11-03,578.4299926757812,583,567.1799926757812,556.2316284179688,3056500
2023-11-06,571.0999755859375,597.7100219726562,571.010009765625,583.0532836914062,3978500
2023-11-07,597,601.9400024414062,590.1300048828125,587.6965942382812,3168200
2023-11-08,607.6599731445312,625.8699951171875,592.1799926757812,606.505126953125,7776400
2023-11-09,614.760009765625,615.6500244140625,583.4299926757812,579.26220703125,6279800
2023-11-10,595,598.8599853515625,586,585.5218505859375,3645900
2023-11-13,594.3499755859375,618.75,578.1500244140625,600.2160034179688,5744800
2023-11-14,608.219970703125,616.0399780273438,602.6699829101562,599.4700927734375,3827600
2023-11-15,610.8800048828125,612.9099731445312,584.4199829101562,577.6040649414062,4287000
2023-11-16,591.5,595.0900268554688,581.75,577.8102416992188,3030500
2023-11-17,592.4500122070312,596.1799926757812,587.2100219726562,580.7152099609375,2628200
2023-11-20,591.4400024414062,604.8599853515625,590.6900024414062,586.4957275390625,2827200
2023-11-21,598.4400024414062,601.5599975585938,591.77001953125,581.588623046875,1851600
2023-11-22,595.4000244140625,599.1799926757812,586.75,584.0325317382812,2052200
2023-11-24,598.3599853515625,603.5,596.97998046875,589.9307861328125,1341700
2023-11-27,601.1699829101562,603.6900024414062,591.1400146484375,580.5386352539062,2630700
2023-11-28,592,595.3800048828125,589.3599853515625,580.6071166992188,1793900
2023-11-29,592.2000122070312,594.5399780273438,584.4400024414062,580.8624267578125,1908600
2023-11-30,591.4600219726562,596.22998046875,586.2100219726562,580.0576171875,5658400
2023-12-01,591.7000122070312,601.969970703125,583,573.187744140625,3638600
2023-12-04,582.1300048828125,587.0900268554688,574.3300170898438,574.7973022460938,2577100
2023-12-05,583.280029296875,591.7999877929688,579.3699951171875,577.2213134765625,2157300
2023-12-06,590.739990234375,593.9000244140625,584.4000244140625,578.301025390625,2093100
2023-12-07,588.280029296875,588.8699951171875,577.6099853515625,577.339111328125,2095000
2023-12-08,589,598.2999877929688,584.77001953125,586.9373779296875,2446800
2023-12-11,598.6599731445312,601.1900024414062,567.4099731445312,573.187744140625,5614100
2023-12-12,582,585.8499755859375,578.1699829101562,573.8944702148438,2846100
2023-12-13,583.260009765625,598.6699829101562,582.3099975585938,586.397705078125,3112500
2023-12-14,594.5,594.5,568.6900024414062,563.0104370117188,5275900
2023-12-15,572.0999755859375,573.7100219726562,561.6500244140625,561.4107055664062,5317000
2023-12-18,576.469970703125,583.0499877929688,575.7000122070312,568.9872436523438,3033900
2023-12-19,580.25,585.1099853515625,577.25,569.036376953125,2192700
2023-12-20,576.47998046875,579.8599853515625,570.030029296875,559.6148071289062,2647100
2023-12-21,571.4099731445312,575,567.02001953125,561.3714599609375,1786500
2023-12-22,573.02001953125,575.9000244140625,567.4199829101562,559.79150390625,2226100
2023-12-26,569.5,572.77001953125,567.6400146484375,560.0661010742188,1678700
2023-12-27,570.5,583.6799926757812,570.5,570.7047729492188,2163400
2023-12-28,581.97998046875,586.6900024414062,580,570.0570068359375,1973500
2023-12-29,582.8499755859375,586.1699829101562,579.469970703125,572.0884399414062,2000100
2024-01-02,580.4099731445312,592.719970703125,579.0499877929688,581.1961669921875,3226700
2024-01-03,600,619.8400268554688,598.7999877929688,606.2222900390625,5130300
2024-01-04,625.260009765625,636.4099731445312,613.27001953125,603.081787109375,6272500
2024-01-05,614,619.9400024414062,610.1900024414062,607.0564575195312,2404000
2024-01-08,622.4299926757812,626.0599975585938,609.5900268554688,614.3974609375,2453900
2024-01-09,630.1099853515625,634.4199829101562,623.719970703125,613.8577270507812,2918900
2024-01-10,628.489990234375,637.0499877929688,625.760009765625,618.4801635742188,2679100
2024-01-11,634.3900146484375,639.760009765625,628.1400146484375,623.9074096679688,2690300
2024-01-12,638.2000122070312,644,633.010009765625,630.9735717773438,2067800
2024-01-16,643.9099731445312,647.72998046875,633.6699829101562,622.77880859375,2413600
2024-01-17,639.4500122070312,640.52001953125,625.1900024414062,617.2239990234375,2124100
2024-01-18,621.280029296875,623.8800048828125,612.7000122070312,611.767333984375,3385000
2024-01-19,622.3900146484375,629.5900268554688,620,616.900146484375,3125000
2024-01-22,630,632.6400146484375,625,619.1572875976562,2030200
2024-01-23,627.6900024414062,630,614.8200073242188,617.9796142578125,2525000
2024-01-24,633.52001953125,643.1699829101562,632,621.9249877929688,2276900
2024-01-25,627.3699951171875,632.6099853515625,624.6799926757812,615.9579467773438,2407900
2024-01-26,637.3499755859375,639.5999755859375,630.5,627.371826171875,2410300
2024-01-29,641.5,645.6500244140625,639.77001953125,633.01513671875,2718500
2024-01-30,645.7000122070312,646.7999877929688,641,632.995361328125,2006100
2024-01-31,650.3800048828125,663.5499877929688,637,633.6136474609375,4719000
2024-02-01,647.3300170898438,660.52001953125,643.1699829101562,648.1582641601562,2494300
2024-02-02,662.3800048828125,672.6199951171875,659.739990234375,655.244140625,3019200
2024-02-05,691.02001953125,711.8800048828125,682.530029296875,693.0779418945312,7602400
2024-02-06,742,742,691.0999755859375,691.9295654296875,8187300
2024-02-07,710.3800048828125,740.989990234375,707.02001953125,711.9014282226562,5798000
2024-02-08,728.3200073242188,741,725.75,722.0101318359375,4636900
2024-02-09,735.5,745.7000122070312,733.6099853515625,726.4067993164062,2833900
2024-02-12,740.7999877929688,740.7999877929688,726.4500122070312,723.5607299804688,2932300
2024-02-13,730.1799926757812,742.97998046875,730.1799926757812,729.1646118164062,2860300
2024-02-14,745.8200073242188,764.0499877929688,745,744.5409545898438,3394300
2024-02-15,755.7999877929688,762.989990234375,750.010009765625,745.0029296875,2507000
2024-02-16,771.030029296875,794.469970703125,763.5,768.8735961914062,5009400
2024-02-20,790,793.3800048828125,753.2000122070312,742.918701171875,4701100
2024-02-21,738.0800170898438,749.5,733.239990234375,733.3331298828125,3541800
2024-02-22,763.5800170898438,775.1199951171875,756.27001953125,756.6631469726562,3167400
2024-02-23,774,777.6500244140625,762.260009765625,756.564697265625,2394800
2024-02-26,771.2999877929688,780.219970703125,769.1199951171875,758.904541015625,2243800
2024-02-27,754.9000244140625,772.9500122070312,745.4400024414062,752.1012573242188,2716700
2024-02-28,762.25,763,751.6599731445312,744.8653564453125,2716300
2024-02-29,753.0800170898438,756.4600219726562,744.030029296875,740.97216796875,3905400
2024-03-01,769.02001953125,784.0800170898438,764.1300048828125,768.9326171875,4247500
2024-03-04,796.4400024414062,800.780029296875,786.1599731445312,778.9213256835938,3855600
2024-03-05,785.3099975585938,788.530029296875,769.280029296875,764.4789428710938,3168700
2024-03-06,784.2899780273438,787.8499755859375,774,766.6222534179688,2518600
2024-03-07,771.8400268554688,792.989990234375,761.1199951171875,767.0056762695312,3977400
2024-03-08,780,780,755,749.2894897460938,4054900
2024-03-11,752.2100219726562,756.7999877929688,727.6199951171875,721.9877319335938,3968900
2024-03-12,740.9600219726562,755.969970703125,738.010009765625,742.220703125,2701700
2024-03-13,757,760.77001953125,745.7100219726562,745.0620727539062,2357500
2024-03-14,764.9500122070312,768,749.4000244140625,747.9031982421875,2647500
2024-03-15,755.3800048828125,760.8900146484375,747.7100219726562,741.453857421875,3730100
2024-03-18,762.280029296875,769.6799926757812,758.25,749.8006591796875,2521400
2024-03-19,758.4400024414062,773.8499755859375,755,759.7501220703125,2557100
2024-03-20,770.1099853515625,773.1599731445312,756.6400146484375,759.8287353515625,2038000
2024-03-21,774,780.5399780273438,758.8800048828125,757.2725219726562,3013200
2024-03-22,770,777,767.280029296875,757.6166381835938,1981000
2024-03-25,771.0999755859375,778.489990234375,768.1500244140625,760.10400390625,1806600
2024-03-26,774.2000122070312,778.3300170898438,769,761.8342895507812,2099000
2024-03-27,778.7100219726562,785.260009765625,767.3800048828125,765.0590209960938,2297700
2024-03-28,780.3200073242188,793.6699829101562,776.4400024414062,764.8427124023438,3209400
2024-04-01,776,777.5,753.8200073242188,747.726318359375,2921300
2024-04-02,755.0700073242188,765.0700073242188,753.5,751.0787963867188,2596800
2024-04-03,765.6900024414062,787.25,765.4099731445312,762.906005859375,3044900
2024-04-04,781.5399780273438,787.9000244140625,767.8200073242188,755.1294555664062,2354000
2024-04-05,765.469970703125,786.7100219726562,763.0900268554688,770.9873657226562,2113400
2024-04-08,785.02001953125,785.2000122070312,773.3499755859375,764.1839599609375,1664200
2024-04-09,777.6400146484375,777.8200073242188,750.6500244140625,744.47216796875,2464100
2024-04-10,751.280029296875,765.260009765625,746.8300170898438,749.1321411132812,1700300
2024-04-11,759.780029296875,763.3300170898438,750.6699829101562,746.7825317382812,1594800
2024-04-12,759.5700073242188,763.5,749.7899780273438,738.966552734375,2495000
2024-04-15,760.0700073242188,768,749.52001953125,738.1112670898438,2358600
2024-04-16,751.6799926757812,753.1400146484375,743,734.1491088867188,2569800
2024-04-17,759.2000122070312,771.8300170898438,744.8800048828125,738.1112670898438,3069400
2024-04-18,749.4199829101562,752.2000122070312,743.77001953125,733.3724975585938,1717300
2024-04-19,749.1599731445312,750.010009765625,722.0700073242188,714.0636596679688,3505500
2024-04-22,729.739990234375,737.8800048828125,725.4199829101562,718.9989624023438,2354100
2024-04-23,741.2000122070312,746.1599731445312,731.4400024414062,733.1168823242188,2042000
2024-04-24,752.6400146484375,752.6400146484375,728.7899780273438,719.8543090820312,2133400
2024-04-25,725,727.989990234375,718.2999877929688,712.64794921875,2608800
2024-04-26,723.47998046875,737.4500122070312,721,721.142333984375,2009200
2024-04-29,735.75,740.5800170898438,729.6099853515625,724.77001953125,2665600
2024-04-30,775,795.5,767.6599731445312,767.9297485351562,7437100
2024-05-01,774.760009765625,782.6099853515625,768.25,763.6531372070312,2802100
2024-05-02,777.3400268554688,777.3400268554688,754.2899780273438,743.16455078125,3205600
2024-05-03,743,745,730.3400268554688,722.57763671875,4595100
2024-05-06,738.0399780273438,766.989990234375,736,753.7529296875,3398300
2024-05-07,768.9000244140625,779.0900268554688,762.1099853515625,764.6559448242188,2879400
2024-05-08,779.0999755859375,781.3499755859375,772.2000122070312,761.9327392578125,2089800
2024-05-09,777,784,769.2000122070312,758.5408325195312,2522100
2024-05-10,774.02001953125,777.4199829101562,760,747.1854858398438,2082300
2024-05-13,763.5,763.5499877929688,750.530029296875,744.9244384765625,1848900
2024-05-14,751.52001953125,764.5,751.52001953125,751.0985717773438,1956200
2024-05-15,764.1500244140625,787.6599731445312,763.0999755859375,775.0687866210938,3038300
2024-05-16,784.7100219726562,786.47998046875,770.1400146484375,759.4102783203125,2299700
2024-05-17,772.8900146484375,774.8699951171875,767.0999755859375,758.3072509765625,1670300
2024-05-20,766.9000244140625,784.3300170898438,766.1199951171875,771.2871704101562,2188800
2024-05-21,792.4600219726562,816.6099853515625,791.3900146484375,790.9736328125,4334500
2024-05-22,801,804.8800048828125,795.25,790.7174682617188,1767500
2024-05-23,810,820.6099853515625,802.1599731445312,796.1734008789062,3025800
2024-05-24,808,810.1199951171875,804.1500244140625,795.1688842773438,1778100
2024-05-28,809,809,788.25,795.5922241210938,2483500
2024-05-29,803,815.6099853515625,802.0900268554688,799.2066650390625,2380000
2024-05-30,812.7899780273438,819.989990234375,806.1099853515625,802.6829833984375,1984600
2024-05-31,818.7999877929688,826.2100219726562,811.0999755859375,807.8828735351562,4472100
2024-06-03,823.8300170898438,838.280029296875,818.5,818.6370239257812,2537200
2024-06-04,834,835.469970703125,825.3099975585938,819.9468383789062,1748300
2024-06-05,830.489990234375,838.4500122070312,817.6199951171875,819.1294555664062,2169000
2024-06-06,834.8800048828125,846.969970703125,831.8800048828125,824.5755615234375,2109000
2024-06-07,837.760009765625,856.8099975585938,837.010009765625,837.0825805664062,2468800
2024-06-10,853.97998046875,871.6300048828125,849.3900146484375,851.86474609375,3417500
2024-06-11,882.1400146484375,882.1400146484375,852.22998046875,852.6722412109375,4109100
2024-06-12,872,872,853.8499755859375,854.1297607421875,2594600
2024-06-13,869.030029296875,885.0599975585938,861.5,869.9163818359375,2243400
2024-06-14,882.3300170898438,884.6099853515625,876,865.1104736328125,2023300
2024-06-17,878,892.2000122070312,876.8599853515625,871.5708618164062,2532200
2024-06-18,887,894.8699951171875,884,877.9227905273438,2437000
2024-06-20,893,905.4500122070312,870.1300048828125,872.5359497070312,3360000
2024-06-21,885.6599731445312,891.969970703125,879.7999877929688,870.4578857421875,3445900
2024-06-24,889.97998046875,903.5800170898438,882.9400024414062,876.5934448242188,2878200
2024-06-25,891.77001953125,909.4199829101562,891.5,890.8731689453125,2830100
2024-06-26,904,906.3499755859375,897.8400268554688,887.5740966796875,2232100
2024-06-27,903.530029296875,909.5700073242188,899.719970703125,895.2359008789062,1948100
2024-06-28,911.3099975585938,915.5399780273438,905.3800048828125,891.6314697265625,3375400
2024-07-01,911.77001953125,916.8300170898438,904.3099975585938,900.4849853515625,2546100
2024-07-02,902.7100219726562,912,878.5,892.9413452148438,4584600
2024-07-03,911,918.5,884,884.4619750976562,3078400
2024-07-05,898.4299926757812,916.4600219726562,896.9000244140625,900.6819458007812,2880900
2024-07-08,917.8900146484375,928.6099853515625,912,904.0597534179688,2364600
2024-07-09,929.0499877929688,935,920.780029296875,918.3396606445312,2416000
2024-07-10,936.5700073242188,945.6900024414062,933,925.5091552734375,2683300
2024-07-11,934.0900268554688,942.8800048828125,918.6199951171875,919.9547729492188,2855100
2024-07-12,937,950.7899780273438,936.030029296875,933.998291015625,2315100
2024-07-15,956.2000122070312,966.0999755859375,948.0900268554688,936.0269165039062,2358700
2024-07-16,955.75,956.3900146484375,938.3800048828125,927.3013916015625,2111800
2024-07-17,910.010009765625,925,902.6400146484375,891.83837890625,4200600
2024-07-18,907.030029296875,909.8699951171875,836.6599731445312,836.0092163085938,7649600
2024-07-19,867.6599731445312,880.2100219726562,853,844.4490966796875,3782200
2024-07-22,864.7999877929688,874.4199829101562,856.8200073242188,852.8199462890625,2904500
2024-07-23,870,887.719970703125,864.0800170898438,864.9528198242188,2087700
2024-07-24,872.5,878.3400268554688,854.27001953125,846.8224487304688,2726100
2024-07-25,847,851.6199951171875,806.3800048828125,808.7199096679688,5468000
2024-07-26,811.8699951171875,822.010009765625,801.2999877929688,792.4015502929688,4173900
2024-07-29,814.010009765625,824.77001953125,804,795.5233154296875,2473700
2024-07-30,815.1799926757812,821.9000244140625,775.8099975585938,778.21044921875,3848600
2024-07-31,800.1699829101562,811.1400146484375,792.0900268554688,792.0569458007812,2961700
2024-08-01,833.6199951171875,840.8900146484375,820.1799926757812,819.7991333007812,4060700
2024-08-02,816.6699829101562,820.1900024414062,787.02001953125,792.2440185546875,3515900
2024-08-05,758,792.9400024414062,747.5499877929688,763.4873046875,4661800
2024-08-06,789.1400146484375,806.27001953125,785,781.13525390625,3437600
2024-08-07,778.2999877929688,786.5800170898438,763.02001953125,760.414794921875,4407700
2024-08-08,875,877.780029296875,825.239990234375,832.4737548828125,9434900
2024-08-09,860,908.489990234375,860,878.1395874023438,6587600
2024-08-12,904.2100219726562,904.719970703125,883,870.950439453125,4206100
2024-08-13,894.0800170898438,914.6900024414062,890.3300170898438,894.2609252929688,3506800
2024-08-14,910,934.3800048828125,903.7899780273438,917.5320434570312,3562900
2024-08-15,936,937.9600219726562,920,918.715576171875,3080000
2024-08-16,928.3900146484375,936.2999877929688,919.3900146484375,909.3861694335938,2364900
2024-08-19,922.1199951171875,926,916.5,909.0804443359375,2374600
2024-08-20,932.0999755859375,967,930.510009765625,936.8515625,4961500
2024-08-21,955.6199951171875,956.5,939.1699829101562,938.823974609375,2617000
2024-08-22,951.97998046875,972.530029296875,948.1400146484375,940.9935302734375,3183700
2024-08-23,955.4400024414062,960.5,943.1099853515625,939.5833129882812,2063300
2024-08-26,949.2000122070312,955,942.77001953125,937.4039306640625,2166000
2024-08-27,952.5,972.47998046875,949.9500122070312,941.29931640625,2912900
2024-08-28,954.1500244140625,958.3400268554688,943.260009765625,935.8359375,1701800
2024-08-29,955,957.52001953125,936,927.2164916992188,1762800
2024-08-30,945,961,940.510009765625,946.7628173828125,2555100
2024-09-03,957.77001953125,969.6500244140625,951.5800170898438,943.321044921875,2529400
2024-09-04,949.75,954,938.010009765625,933.2421264648438,1891700
2024-09-05,941.1599731445312,943,906.1699829101562,900.1456298828125,3201100
2024-09-06,917.760009765625,927.9000244140625,893,890.2442626953125,3440000
2024-09-09,912.5700073242188,915.4299926757812,895.9199829101562,895.7274169921875,2405900
2024-09-10,914.1099853515625,915.1099853515625,895,888.8043823242188,1930400
2024-09-11,902.1500244140625,921.5399780273438,897.2000122070312,908.1732177734375,2721100
2024-09-12,924.3099975585938,937.6199951171875,918.6300048828125,922.1080322265625,2510800
2024-09-13,937.010009765625,942.3499755859375,922.0999755859375,910.9542846679688,2045400
2024-09-16,931.1300048828125,932.6099853515625,920.4299926757812,910.7864990234375,1760300
2024-09-17,921.5,921.5,902.2999877929688,893.666259765625,2248000
2024-09-18,906.3099975585938,915.5,903.4600219726562,892.472900390625,1777000
2024-09-19,912.8499755859375,916.8099975585938,903.8599853515625,902.4039916992188,2446500
2024-09-20,921.989990234375,939.8599853515625,913.2000122070312,908.7648315429688,9921800
2024-09-23,921,922,909.4500122070312,905.8359375,2292000
2024-09-24,922.1199951171875,925.6799926757812,909.2000122070312,911.664306640625,2767400
2024-09-25,931.7899780273438,939.2999877929688,921.1900024414062,911.7924194335938,1805100
2024-09-26,920.260009765625,921.8499755859375,905.2999877929688,896.7630004882812,2693000
2024-09-27,893.6199951171875,901.2100219726562,875.6099853515625,865.6683349609375,4377300
2024-09-30,864.52001953125,887.4299926757812,858.8099975585938,873.705810546875,3244600
2024-10-01,888.8300170898438,891.27001953125,878.8699951171875,872.2659912109375,2455200
2024-10-02,880,893.3499755859375,878.7000122070312,878.7650756835938,1751600
2024-10-03,889.5399780273438,892,880.8800048828125,873.3212280273438,1974700
2024-10-04,885.9099731445312,888.969970703125,876.8900146484375,874.908935546875,1970500
2024-10-07,890.510009765625,905.280029296875,889.5700073242188,885.9937133789062,2915700
2024-10-08,903,921.969970703125,902.22998046875,901.1021728515625,2200000
2024-10-09,916.2899780273438,921.3499755859375,912,907.0390014648438,1820100
2024-10-10,920,922,905.1500244140625,898.1140747070312,1682100
2024-10-11,916.0399780273438,932.239990234375,911.1799926757812,919.18896484375,2293900
2024-10-14,936,937,926,916.6741333007812,1550400
2024-10-15,924.4400024414062,926.52001953125,907.7999877929688,900.707763671875,2284200
2024-10-16,910.030029296875,917.8099975585938,897.8400268554688,903.764892578125,1645400
2024-10-17,921,930.510009765625,916.0399780273438,904.455322265625,2191200
2024-10-18,917.1799926757812,920.9199829101562,905.6199951171875,905.2933959960938,2286900
2024-10-21,917.97998046875,918.8599853515625,904.5599975585938,893.6170043945312,1592200
2024-10-22,901.6799926757812,911.1199951171875,900.2000122070312,896.5953369140625,1391800
2024-10-23,905.6199951171875,907.9500122070312,891.72998046875,890.7766723632812,2646600
2024-10-24,898.3300170898438,900,888.280029296875,879.0115966796875,1797100
2024-10-25,899.72998046875,900.9600219726562,889.4500122070312,880.37255859375,2228300
2024-10-28,894.8699951171875,898.2100219726562,890.780029296875,883.2225341796875,2084100
2024-10-29,898.2100219726562,907.97998046875,898.2100219726562,891.102294921875,3187500
2024-10-30,798.5,860.5,769,835.1359252929688,18257200
2024-10-31,836.510009765625,853.5,825.239990234375,818.2818603515625,6582800
2024-11-01,828,833,816.72998046875,807.6212158203125,5266300
2024-11-04,805,820.1900024414062,803.6799926757812,795.0078125,3918100
2024-11-05,803.8300170898438,809.2100219726562,797.489990234375,794.928955078125,3733300
2024-11-06,817.3300170898438,820.72998046875,767.6099853515625,765.6587524414062,8257900
2024-11-07,784.6500244140625,802.5499877929688,778.1900024414062,786.4378051757812,4557600
2024-11-08,803.5,847.27001953125,801.260009765625,820.0570068359375,7212900
2024-11-11,831.2999877929688,844,824.6300048828125,820.9446411132812,3342800
2024-11-12,830.2000122070312,833.989990234375,810.719970703125,807.5521850585938,3378600
2024-11-13,820.3200073242188,829.1099853515625,811.2899780273438,800.5994873046875,3059300
2024-11-14,809.1900024414062,809.1900024414062,783.510009765625,775.3726806640625,3998800
2024-11-15,775.1900024414062,777.97998046875,744.2000122070312,737.1143188476562,7334600
2024-11-18,733.1900024414062,734,711.4000244140625,718.3456420898438,9148100
2024-11-19,716.3099975585938,730,712.4199829101562,720.8447265625,5832500
2024-11-20,735.7899780273438,757.3699951171875,735.4600219726562,744.2365112304688,5158900
2024-11-21,746.1199951171875,753,735,740.7889404296875,4143200
2024-11-22,757.0499877929688,761.280029296875,745.0800170898438,738.90234375,4015500
2024-11-25,750,755,740.010009765625,745.80712890625,5690500
2024-11-26,785.2000122070312,807,773.9500122070312,779.709228515625,6622600
2024-11-27,788.1199951171875,794.8300170898438,780.2999877929688,778.5929565429688,2714700
2024-11-29,791.3300170898438,800.3300170898438,789.3300170898438,785.6658325195312,2206900
2024-12-02,798.1099853515625,805.3499755859375,795.219970703125,790.0615844726562,2895600
2024-12-03,802.9299926757812,817.1300048828125,801.6099853515625,803.4269409179688,2782100
2024-12-04,828.0999755859375,846.4600219726562,820.5,819.7359619140625,3871100
2024-12-05,827.780029296875,831.1300048828125,817.4600219726562,815.5672607421875,2423400
2024-12-06,827.6799926757812,841,825.6900024414062,816.6439819335938,3047100
2024-12-09,823.7000122070312,823.7000122070312,801.280029296875,793.795654296875,3176000
2024-12-10,809.27001953125,814,797,789.8443603515625,2695200
2024-12-11,795.25,799.5,786.3699951171875,786.3375854492188,3510900
2024-12-12,796.72998046875,801.8400268554688,778.3900146484375,772.8240966796875,2823800
2024-12-13,777.1300048828125,794.25,772.989990234375,779.5116577148438,3059400
2024-12-16,792,799.780029296875,775.25,769.514892578125,3426200
2024-12-17,777.8599853515625,788,772.4299926757812,769.1395874023438,3924800
2024-12-18,775,779,762.5,755.39892578125,3354200
2024-12-19,765.0999755859375,772.969970703125,752.4000244140625,748.3162231445312,4032600
2024-12-20,811.3499755859375,811.3499755859375,766.6099853515625,758.4118041992188,9942300
2024-12-23,785.1699829101562,799.3599853515625,773.0700073242188,786.5845336914062,3622300
2024-12-24,791.3699951171875,797.75,787.0999755859375,785.98193359375,1165400
2024-12-26,794.1199951171875,803.9099731445312,791.5,784.4705200195312,1274200
2024-12-27,790,793.2999877929688,779.219970703125,773.6341552734375,2096500
2024-12-30,777.9199829101562,779.760009765625,771,764.4177856445312,1719100
2024-12-31,771,773.9099731445312,764.2999877929688,762.60009765625,2327000
2025-01-02,780.5900268554688,787,771.77001953125,768.59619140625,1938900
2025-01-03,778.1699829101562,785.8400268554688,775.530029296875,772.4586181640625,1799100
2025-01-06,783.719970703125,784.77001953125,763.3499755859375,755.7841186523438,3991100
2025-01-07,764.9000244140625,783.9600219726562,761.6199951171875,763.8744506835938,3576100
2025-01-08,773.8300170898438,792.5599975585938,770.6699829101562,777.6348876953125,3478400
2025-01-10,791.9299926757812,800,784.8599853515625,790.1605224609375,3973100
2025-01-13,794.4000244140625,805.3400268554688,783.6099853515625,787.7698974609375,3683800
2025-01-14,784.22998046875,784.22998046875,729,735.8399658203125,10373000
2025-01-15,749,754.5999755859375,735.27001953125,737.647705078125,5736900
2025-01-16,747.5,765.510009765625,746.4000244140625,748.3754272460938,3070300
2025-01-17,747.8300170898438,755.280029296875,725.010009765625,716.8836669921875,5560100
2025-01-21,731.27001953125,743.280029296875,726.530029296875,733.3111572265625,5122800
2025-01-22,745.5800170898438,760.3699951171875,739.0499877929688,744.799560546875,3737800
2025-01-23,747.6599731445312,766.5999755859375,744.25,757.2658081054688,3127200
2025-01-24,761.9500122070312,789.2899780273438,760.489990234375,775.846923828125,4170600
2025-01-27,778.7100219726562,809.25,778.7100219726562,798.329833984375,3915200
2025-01-28,807.239990234375,816.1500244140625,800.1099853515625,795.1884155273438,2808800
2025-01-29,806.989990234375,809.1199951171875,799,794.28955078125,1827600
2025-01-30,808.4099731445312,824.6199951171875,805,813.2064208984375,2643000
2025-01-31,823,827.3499755859375,811.030029296875,801.2042846679688,2561600
2025-02-03,804.27001953125,817.9600219726562,801.75,800.5621948242188,2808800
2025-02-04,811.0499877929688,829.0399780273438,805.9400024414062,816.0117797851562,4299700
2025-02-05,835.1500244140625,846.9000244140625,831.0599975585938,831.9255981445312,4578900
2025-02-06,839.52001953125,887.739990234375,835.6099853515625,859.7723999023438,7138500
2025-02-07,876.530029296875,889.3599853515625,869.6199951171875,867.61572265625,4426100
2025-02-10,877.72998046875,880,859.3699951171875,858.3004760742188,3065600
2025-02-11,867.030029296875,874.1900024414062,860.5,854.4678344726562,1944200
2025-02-12,856.9299926757812,877.780029296875,856.1099853515625,862.3406982421875,2533400
2025-02-13,877.0700073242188,883.5,867.7999877929688,861.2442626953125,2472900
2025-02-14,869.0999755859375,873.5,841.489990234375,835.4275512695312,3222300
2025-02-18,856.4199829101562,862.72998046875,851.3599853515625,848.2221069335938,4289400
2025-02-19,857.1799926757812,881.3300170898438,857.1799926757812,857.9690551757812,3205500
2025-02-20,866.8400268554688,880.3200073242188,864,863.975341796875,2990300
2025-02-21,880.6199951171875,894.4000244140625,873.4299926757812,864.5294799804688,3940400
2025-02-24,879.2899780273438,893.1099853515625,870.02001953125,872.168701171875,3017100
2025-02-25,890.739990234375,912,890.739990234375,892.35498046875,5111300
2025-02-26,898.3699951171875,922.4299926757812,896.5999755859375,905.4266357421875,3032800
2025-02-27,915.719970703125,925.5,904.0599975585938,895.6797485351562,3085400
2025-02-28,901.8400268554688,921.219970703125,892.6099853515625,910.98779296875,4071100
2025-03-03,912.7999877929688,935.6300048828125,910,919.9825439453125,3979800
2025-03-04,922.239990234375,929.1599731445312,902.7899780273438,901.5180053710938,3343500
2025-03-05,904.7999877929688,930.489990234375,901.6400146484375,919.9825439453125,3109500
2025-03-06,920.4199829101562,931.3800048828125,898.280029296875,903.2002563476562,3273100
2025-03-07,905.3900146484375,908,861.3900146484375,860.4724731445312,4818100
2025-03-10,853.9099731445312,863.1900024414062,825.780029296875,821.0695190429688,5962900
2025-03-11,827.2000122070312,832.3499755859375,811.6400146484375,815.42919921875,3796500
2025-03-12,814.9500122070312,834.6500244140625,813.260009765625,813.252197265625,3014800
2025-03-13,818.239990234375,821.1099853515625,795.3800048828125,793.2538452148438,3566300
2025-03-14,803.1099853515625,815.2100219726562,800,804.9599609375,3102300
2025-03-17,816.9500122070312,829,814.5700073242188,816.1218872070312,2546600
2025-03-18,833.4199829101562,836.2899780273438,812.6199951171875,813.8954467773438,2354900
2025-03-19,821.719970703125,842.1300048828125,819.5,828.2435302734375,3790500
2025-03-20,839.030029296875,854.3900146484375,832.4600219726562,833.745361328125,4402700
2025-03-21,837.7999877929688,850.4299926757812,825.3200073242188,828.7976684570312,5963800
2025-03-24,845.3200073242188,866.8699951171875,837.760009765625,855.8414916992188,3102400
2025-03-25,869.5499877929688,874.9199829101562,847.9199829101562,843.4229125976562,2670600
2025-03-26,845.6900024414062,851.4099731445312,826.4000244140625,818.1009521484375,2562100
2025-03-27,822.8200073242188,826.77001953125,815.2899780273438,813.064208984375,2128200
2025-03-28,820,829.780029296875,817.4299926757812,813.8954467773438,2124700
2025-03-31,808.97998046875,828.010009765625,789.4000244140625,817.259765625,3737000
2025-04-01,818.5999755859375,820.6599731445312,797,796.79638671875,2987700
2025-04-02,795.0399780273438,819.8499755859375,795.0399780273438,809.650390625,2683800
2025-04-03,810.510009765625,818.7899780273438,787.0599975585938,780.8255004882812,2675100
2025-04-04,762.1099853515625,768.27001953125,734.7000122070312,730.4783935546875,5299400
2025-04-07,697.9299926757812,748,677.0900268554688,716.1500244140625,6274400
2025-04-08,754.97998046875,763.5,713.280029296875,718.6337890625,4115200
2025-04-09,704.4000244140625,754.8300170898438,689,745.8159790039062,6619000
2025-04-10,738.9000244140625,741.9500122070312,691.77001953125,713.3595581054688,4182700
2025-04-11,722.8900146484375,735.8400268554688,711.97998046875,724.7391357421875,3603400
2025-04-14,750.4500122070312,759.5599975585938,734.52001953125,746.4492797851562,3461200
2025-04-15,755.5700073242188,765.3099975585938,751.489990234375,749.2495727539062,2458100
2025-04-16,755.6400146484375,756.2999877929688,730.3400268554688,727.2030029296875,3302600
2025-04-17,840.7999877929688,858,821.8400268554688,831.1627807617188,10853400
2025-04-21,841.510009765625,843.9099731445312,807,809.4524536132812,3326600
2025-04-22,821.8800048828125,832,814,818.8727416992188,3086500
2025-04-23,836.9600219726562,846.010009765625,818.6400146484375,820.7330322265625,2714600
2025-04-24,836,862.25,829.2100219726562,850.7255859375,2939500
2025-04-25,859.6599731445312,885.5800170898438,851.0700073242188,875.2757568359375,3398900
2025-04-28,870.4400024414062,882.25,864.4099731445312,868.1016845703125,3457600
2025-04-29,877.7000122070312,892.469970703125,874.030029296875,875.9287719726562,2454400
2025-04-30,888.2000122070312,902.5,882.1199951171875,889.534912109375,4374100
2025-05-01,844,850.9299926757812,792.0700073242188,785.782958984375,12601100
2025-05-02,825.1199951171875,831.530029296875,807.5900268554688,814.993896484375,6059400
2025-05-05,817,829.6400146484375,812.030029296875,812.8565063476562,2889600
2025-05-06,816.8900146484375,818.4199829101562,770.3499755859375,767.0018310546875,5982000
2025-05-07,780.5,784.3400268554688,772.260009765625,768.5848999023438,3807800
2025-05-08,765,769.97998046875,739.0800170898438,743.5797729492188,6162000
2025-05-09,752.010009765625,762.010009765625,733,726.8764038085938,4072600
2025-05-12,727.8699951171875,765.3300170898438,722.1799926757812,747.6566162109375,9176100
2025-05-13,755.5499877929688,759.5,740.8499755859375,738.24609375,4523900
2025-05-14,749.239990234375,759.5,714.030029296875,708.0656127929688,7558500
2025-05-15,725.7000122070312,738.6799926757812,712.2100219726562,725.60986328125,5212900
2025-05-16,740,758.8699951171875,738,750.9937133789062,4645100
2025-05-19,753,758.719970703125,747.5599975585938,748.7329711914062,4062700
2025-05-20,756,763.5,743,740.701416015625,3873500
2025-05-21,747.0499877929688,750.52001953125,723.969970703125,718.82763671875,4060000
2025-05-22,717.0999755859375,722.1900024414062,711.5499877929688,709.1600341796875,4249900
2025-05-23,710,719.6400146484375,709,707.6826171875,2635700
2025-05-27,717.030029296875,731.3099975585938,714.3300170898438,719.0953369140625,3792700
2025-05-28,725.219970703125,729.989990234375,714.739990234375,713.3145751953125,2948800
2025-05-29,719.22998046875,727.3300170898438,716.9600219726562,716.4677734375,2785500
2025-05-30,725,745.9000244140625,717.1099853515625,731.440185546875,6106200
2025-06-02,732.5,747.3699951171875,730.7000122070312,740.8104248046875,2946900
2025-06-03,746.25,757,741.4600219726562,744.4395141601562,3056500
2025-06-04,756.3900146484375,772.6199951171875,756,759.3724365234375,3135900
2025-06-05,769.5,770,753.0499877929688,759.213623046875,3636400
2025-06-06,768.47998046875,772.5999755859375,765.2000122070312,763.378173828125,2069900
2025-06-09,771.9500122070312,779.2899780273438,767.5900268554688,767.1759033203125,2262200
2025-06-10,777.0900268554688,808.6300048828125,777,800.3731079101562,4744400
2025-06-11,809.6500244140625,820.719970703125,805.030029296875,801.7810668945312,3125400
2025-06-12,810.3300170898438,818.5599975585938,806.3499755859375,805.1722412109375,2271100
2025-06-13,810.3400268554688,825,808.0999755859375,812.4404296875,2754600
2025-06-16,821.6799926757812,825,805.760009765625,800.7598266601562,2821800
2025-06-17,805.1599731445312,805.1599731445312,788.9400024414062,784.5578002929688,2875600
2025-06-18,789.9500122070312,790.6300048828125,779.4400024414062,778.4002685546875,2442900
2025-06-20,786,786,755.5599975585938,756.28857421875,6210600
2025-06-23,770.530029296875,793.2100219726562,763.8300170898438,764.1317749023438,3951500
2025-06-24,772.8900146484375,784.4400024414062,763.02001953125,771.5089721679688,2788500
2025-06-25,779,798.9500122070312,773.5999755859375,785.60888671875,3023100
2025-06-26,793.9500122070312,798.7999877929688,788.25,788.405029296875,3118200
2025-06-27,795.7999877929688,802.5,774.6400146484375,768.9011840820312,4115100
2025-06-30,778.5399780273438,785,774,772.9467163085938,3041500
2025-07-01,779.530029296875,790,773,769.3473510742188,2734000
2025-07-02,776.5,779.8400268554688,768,772.6987915039062,1978300
2025-07-03,780.4600219726562,783.5499877929688,773,774.0770874023438,1450800
2025-07-07,780.6799926757812,781.1500244140625,762.030029296875,766.3429565429688,2576900
2025-07-08,774.8499755859375,792.6900024414062,768.7999877929688,771.0924682617188,3301800
2025-07-09,783.7999877929688,794,781.989990234375,780.2742919921875,2703100
2025-07-10,789.6699829101562,799.489990234375,786.4299926757812,783.9728393554688,3130400
2025-07-11,786.3499755859375,795.72998046875,777.2000122070312,786.3129272460938,2852500
2025-07-14,790,800.8800048828125,787.3599853515625,792.5894165039062,2401400
2025-07-15,801.6699829101562,805.4199829101562,764.3800048828125,765.2323608398438,4174100
2025-07-16,773.5,796.0399780273438,772.1599731445312,783.1300048828125,3255400
2025-07-17,786.7899780273438,790,760.02001953125,755.0689697265625,4107300
2025-07-18,763.8599853515625,775.9600219726562,760.5,765.1927490234375,3357700
2025-07-21,768.1699829101562,772,760.5,755.7432250976562,3058000
2025-07-22,763.3400268554688,778.2899780273438,762.5,769.8828125,2496600
2025-07-23,780,800.0900268554688,777.0800170898438,792.1432495117188,2683600
2025-07-24,801.3599853515625,810.1400146484375,797.6500244140625,798.6279907226562,2786400
2025-07-25,809,815.1900024414062,802.3699951171875,805.82666015625,2976900
2025-07-28,812.6500244140625,820.219970703125,802.5,801.2853393554688,2587700
2025-07-29,774.5,779.489990234375,755.1799926757812,756.5067749023438,7100700
2025-07-30,774,778.0999755859375,758.4099731445312,753.6609497070312,4338700
2025-07-31,747.2999877929688,766.4500122070312,735.4400024414062,733.8199462890625,5810300
2025-08-01,746.8200073242188,768,745.989990234375,755.8919677734375,4859500
2025-08-04,759.969970703125,774.47998046875,752.5700073242188,762.5056762695312,3353400
2025-08-05,765.5700073242188,769.9400024414062,759.52001953125,759.4814453125,3615200
2025-08-06,756.5599975585938,763,740.1900024414062,740.0667724609375,4752100
2025-08-07,675.6599731445312,678.2899780273438,633.2000122070312,635.44775390625,26101600
2025-08-08,655,656.1799926757812,623.780029296875,620.3663330078125,14125100
2025-08-11,629.4199829101562,654.4400024414062,625.9000244140625,629.8553466796875,11294200
2025-08-12,639.5,646.1799926757812,629.4000244140625,634.0299072265625,6897400
2025-08-13,650.4000244140625,661.75,644.5,654.9120483398438,6310000
2025-08-14,662,685.47998046875,655.0999755859375,678.6498413085938,8395900
2025-08-15,694.2000122070312,706.7899780273438,685.7999877929688,696.8351440429688,8224600
2025-08-18,695.02001953125,707.75,693.5,693.675048828125,4997300
2025-08-19,706.6099853515625,714.27001953125,698.5499877929688,698.802734375,5941000
2025-08-20,701.52001953125,705.7999877929688,685.1500244140625,701.0187377929688,4139400
2025-08-21,705.2000122070312,718.4000244140625,705.2000122070312,705.371337890625,3617300
2025-08-22,715.0399780273438,719.4600219726562,709.4299926757812,707.2196044921875,3222700
2025-08-25,711,713.5,694.22998046875,690.9721069335938,2898100
2025-08-26,716.239990234375,736.1799926757812,713.0999755859375,731.4170532226562,7695600
2025-08-27,736.9600219726562,746.5900268554688,731.5499877929688,729.5687255859375,4326200
2025-08-28,735.7999877929688,738.5900268554688,726.3400268554688,727.37255859375,3117000
2025-08-29,732.3200073242188,737.4199829101562,728.5,727.9887084960938,2551200
2025-09-02,727.989990234375,737.1400146484375,723.6400146484375,730.5823364257812,3222500
2025-09-03,732.02001953125,737.8300170898438,729.02001953125,733.2057495117188,2222500
2025-09-04,736.3200073242188,747,735.3300170898438,738.2538452148438,2423400
2025-09-05,744.7000122070312,744.7000122070312,722.5700073242188,722.65234375,3958200
2025-09-08,729.7100219726562,742.7000122070312,719.219970703125,734.0106811523438,4534600
2025-09-09,734.1799926757812,752.8400268554688,733.8699951171875,745.9056396484375,2986900
2025-09-10,748.0900268554688,755.7999877929688,742.489990234375,749.8905029296875,2477400
2025-09-11,752.47998046875,761.1300048828125,750.3699951171875,751.5402221679688,2197500
2025-09-12,760.1699829101562,761.5999755859375,748,750.65576171875,2198300
2025-09-15,753.0700073242188,756.3400268554688,742.1099853515625,743.5009155273438,2790900
2025-09-16,745.4099731445312,770.3800048828125,744.5399780273438,759.9172973632812,3881300
2025-09-17,761.489990234375,776.9600219726562,756.3400268554688,755.365966796875,3471200
2025-09-18,761.3800048828125,772.5399780273438,759.010009765625,758.1484375,3464000
2025-09-19,765,765,749.2000122070312,747.2769775390625,7349500
2025-09-22,748.5599975585938,762.0399780273438,746.27001953125,750.2184448242188,2527400
2025-09-23,750.5700073242188,753,743.1699829101562,742.2984619140625,2910100
2025-09-24,745.989990234375,746.9400024414062,736.1599731445312,737.2005615234375,2243000
2025-09-25,737.6699829101562,740,712.0499877929688,710.1115112304688,5136400
2025-09-26,724.1199951171875,729,717.0800170898438,719.9990234375,3559700
2025-09-29,725.5499877929688,727.8599853515625,716.0800170898438,721.956787109375,3309200
2025-09-30,726.9600219726562,766.3499755859375,725.3099975585938,758.218017578125,6234300
2025-10-01,763.2999877929688,833.2999877929688,763.2999877929688,820.2467651367188,10124500
2025-10-02,814.3599853515625,834.4600219726562,812.8099975585938,814.711669921875,4291800
2025-10-03,824.9400024414062,848.1300048828125,816.0999755859375,834.606201171875,5088500
2025-10-06,839.9500122070312,856.5700073242188,838.6599731445312,839.7537231445312,3651400
2025-10-07,845,848.5399780273438,836.5800170898438,838.3426513671875,2610800
2025-10-08,850,856,844.989990234375,840.4195556640625,2180900
2025-10-09,851.6900024414062,860.25,845.7000122070312,849.9891967773438,3071700
2025-10-10,858,864.3499755859375,830.1099853515625,828.2662963867188,3431000
2025-10-13,832.6799926757812,835.3200073242188,817.3499755859375,814.2646484375,2167500
2025-10-14,822.0900268554688,822.0900268554688,806,807.2587280273438,1928400
2025-10-15,812.5,830.1900024414062,808.5800170898438,821.3896484375,2355800
2025-10-16,825.0700073242188,834.7000122070312,815.3699951171875,814.24462890625,2272900
2025-10-17,788.9600219726562,804.4400024414062,783.8499755859375,797.7984008789062,3983000
2025-10-20,805.5999755859375,809.4099731445312,799.77001953125,803.8900146484375,2279700
2025-10-21,806.9299926757812,812.989990234375,798.7100219726562,794.5587768554688,2099500
2025-10-22,798.4000244140625,815.9400024414062,793.8200073242188,807.3382568359375,2930600
2025-10-23,806.4000244140625,824.7000122070312,806.02001953125,815.8942260742188,2632900
2025-10-24,815.2100219726562,834.1500244140625,812.5,820.276611328125,2211200
2025-10-27,825,826.4199829101562,811.47998046875,821.2305297851562,2114800
2025-10-28,826,829.4600219726562,814.0499877929688,814.9601440429688,2493500
2025-10-29,827.3099975585938,830.2899780273438,809.6300048828125,808.4313354492188,3591200
2025-10-30,837.5,853,812.25,839.207275390625,6037200
2025-10-31,839.1599731445312,869.9099731445312,834.1900024414062,857.4521484375,5015000
2025-11-03,866.530029296875,901.3400268554688,862.6199951171875,890.9111938476562,5401500
2025-11-04,891.4099731445312,915.219970703125,883.6400146484375,901.1763916015625,5911500
2025-11-05,911,955.4600219726562,907.8599853515625,920.0076293945312,7272900
2025-11-06,928,949.9000244140625,916.260009765625,931.564697265625,6417400
2025-11-07,931.1699829101562,932,900.9000244140625,918.57666015625,4373400
2025-11-10,939.739990234375,981.989990234375,938.4099731445312,960.581787109375,5696600
2025-11-11,966.5499877929688,999.9500122070312,965.2899780273438,982.4239501953125,4166400
2025-11-12,993.1199951171875,1022.4199829101562,990.0999755859375,1011.4012451171875,5185200
2025-11-13,1010.0900268554688,1032.949951171875,1010.0900268554688,1016.4593505859375,4153600
2025-11-14,1009,1033.6199951171875,1007.7899780273438,1020.3505249023438,3862300
2025-11-17,1003.719970703125,1032.1400146484375,998.2999877929688,1016.7877807617188,4720000
2025-11-18,1014.010009765625,1040.719970703125,1014.010009765625,1025.0975341796875,3430500
2025-11-19,1029.6400146484375,1055.5899658203125,1026.25,1044.5535888671875,3571200
2025-11-20,1045.5,1057,1038.25,1038.27392578125,3135700
2025-11-21,1041,1066.6500244140625,1038,1054.60498046875,4266700
2025-11-24,1056.77001953125,1075.719970703125,1049.3800048828125,1065.0147705078125,5497200
2025-11-25,1075.8299560546875,1111.1099853515625,1073.25,1104.6033935546875,4181500
2025-11-26,1102,1111.989990234375,1098.0999755859375,1099.0303955078125,3093700
2025-11-28,1096.719970703125,1099.050048828125,1067.68994140625,1070.2991943359375,2732200
2025-12-01,1074.3800048828125,1084.1500244140625,1055,1052.8037109375,3070200
2025-12-02,1052.5699462890625,1068.1800537109375,1040.3599853515625,1041.09033203125,3280000
2025-12-03,1046.3900146484375,1051.47998046875,1022.3200073242188,1028.5906982421875,3447000
2025-12-04,1032.6300048828125,1032.6300048828125,1007.1799926757812,1009.6124267578125,3854900
2025-12-05,1023.8400268554688,1027.3900146484375,1004,1005.4525146484375,2502100
2025-12-08,1010.739990234375,1014.2000122070312,988.8800048828125,992.793701171875,3088600
2025-12-09,1002.8400268554688,1012,979.1799926757812,977.4974975585938,2569700
2025-12-10,985,1003,977.1199951171875,988.8626708984375,2966300
2025-12-11,1008.1500244140625,1031.56005859375,987,1004.5269775390625,4517000
2025-12-12,1008.760009765625,1028.9000244140625,1003.5,1022.5697631835938,3275200
2025-12-15,1032.550048828125,1065,1032.550048828125,1057.0830078125,4648400
2025-12-16,1063.5,1068.25,1036.22998046875,1049.2210693359375,4024500
2025-12-17,1064.300048828125,1064.300048828125,1036.4100341796875,1036.7811279296875,3726600
2025-12-18,1041.800048828125,1079.260009765625,1039.5400390625,1051.798583984375,3848600
2025-12-19,1059.010009765625,1075.3800048828125,1059.010009765625,1066.28857421875,5829100
2025-12-22,1076.719970703125,1083.47998046875,1063,1071.3043212890625,2625600
2025-12-23,1063.5,1088.47998046875,1063.5,1066.4876708984375,2108600
2025-12-24,1074.6400146484375,1085.72998046875,1072.7099609375,1071.802001953125,932800
2025-12-26,1076.97998046875,1081.3900146484375,1068.300048828125,1072.5682373046875,1014600
2025-12-29,1077.949951171875,1085.5,1074.3800048828125,1073.5435791015625,1653000
2025-12-30,1078.9599609375,1082.3699951171875,1072.0699462890625,1074.5587158203125,1251500
2025-12-31,1079.760009765625,1083.5,1074.4300537109375,1069.5130615234375,1646700
2026-01-02,1076.4000244140625,1080.6600341796875,1052.0799560546875,1075.165771484375,2469100
2026-01-05,1069.22998046875,1085.3800048828125,1033.3800048828125,1036.50244140625,4084800
2026-01-06,1044.1099853515625,1070.8299560546875,1039.9300537109375,1058.92431640625,2690700
2026-01-07,1077,1117.6600341796875,1075.9599609375,1102.7623291015625,4652800
2026-01-08,1113.68994140625,1133.949951171875,1070.1500244140625,1079.972412109375,3156000
2026-01-09,1086.8299560546875,1104.52001953125,1063.030029296875,1058.446533203125,2561900
2026-01-12,1058,1083.3599853515625,1058,1075.8026123046875,2380200
2026-01-13,1083,1090.219970703125,1069.0899658203125,1072.010986328125,2194200
2026-01-14,1081.75,1084,1061.1199951171875,1068.1297607421875,1912600
2026-01-15,1062.56005859375,1067.6500244140625,1012.5700073242188,1028.00341796875,4183400
2026-01-16,1024.4300537109375,1049.93994140625,1018,1033.4075927734375,3829000
2026-01-20,1028.1500244140625,1045.8499755859375,1015.9600219726562,1036.2835693359375,2484900
2026-01-21,1043.8599853515625,1081.3299560546875,1042.02001953125,1073.3345947265625,3685900
2026-01-22,1078.52001953125,1095.47998046875,1071.739990234375,1082.15185546875,2478200
2026-01-23,1083.72998046875,1084.3199462890625,1063.02001953125,1059.1729736328125,2592900
2026-01-26,1062.2099609375,1067.0799560546875,1043.3199462890625,1057.640380859375,2244900
2026-01-27,1064.1099853515625,1073.3900146484375,1034.81005859375,1034.5120849609375,2587900
2026-01-28,1029.1099853515625,1029.68994140625,1004.1400146484375,1018.8776245117188,3300200
2026-01-29,1025.3599853515625,1040,1018,1019.2160034179688,2293000
2026-01-30,1033.300048828125,1048.5699462890625,1020,1032.1634521484375,3303100
2026-02-02,1037.5699462890625,1057.4100341796875,1037.5699462890625,1039.1099853515625,2757100
2026-02-03,1040.75,1048.800048828125,993.5800170898438,998.6354370117188,5483900
2026-02-04,1075.1199951171875,1114,1065,1101.796875,7119400
2026-02-05,1065.5,1075,1005.8300170898438,1015.931884765625,7742400
2026-02-06,1056,1060.02001953125,1033.27001953125,1053.09228515625,4887100
2026-02-09,1077.0899658203125,1106.93994140625,1042.9200439453125,1039.6473388671875,3423800
2026-02-10,1050.6600341796875,1055.6500244140625,1023.8800048828125,1020.0718994140625,3539400
2026-02-11,1026.5,1030.0999755859375,1012.6199951171875,1010.3289184570312,2599900
2026-02-12,1024.8699951171875,1059.8399658203125,1012,1033.278076171875,3592200
2026-02-13,1039.97998046875,1064.3399658203125,1033.68994140625,1036.7271728515625,2698700
2026-02-17,1045.6099853515625,1067,1034.8800048828125,1032.7896728515625,2984600
2026-02-18,1032.3599853515625,1037.5400390625,1011.3099975585938,1017.348388671875,3236900
2026-02-19,1010.8200073242188,1025.22998046875,1007,1020,2145800
2026-02-20,1023.8599853515625,1028.6500244140625,1002.4600219726562,1006.3431396484375,3249400
2026-02-23,1047.02001953125,1064.449951171875,1034,1055.2288818359375,4767600
2026-02-24,1042.949951171875,1058.9000244140625,1024.0799560546875,1038.8704833984375,2803100
2026-02-25,1036.5799560546875,1053.6300048828125,1027,1025.5924072265625,2481900
2026-02-26,1024.0799560546875,1026.9200439453125,1007.3800048828125,1018.8038330078125,2666400
2026-02-27,1019.1699829101562,1053,1017.3599853515625,1048.679443359375,4325900
2026-03-02,1044.6199951171875,1056.199951171875,1013,1014.7664794921875,3094300
2026-03-03,1015,1020.010009765625,995.0700073242188,1004.5587158203125,2846000
2026-03-04,1011.6300048828125,1015.6599731445312,993.6599731445312,1000.4118041992188,1965500
2026-03-05,990,993.5599975585938,965.5999755859375,980.165771484375,3769900
2026-03-06,975,991.219970703125,966.0900268554688,987.2135009765625,2627800
2026-03-09,986.8900146484375,1008.9299926757812,980.5800170898438,1005.2167358398438,2802200
2026-03-10,1006,1012,994,998.1987915039062,1663700
2026-03-11,1000.030029296875,1002.9299926757812,990.2999877929688,996.693603515625,1446900
2026-03-12,993.4500122070312,994.5,973.1599731445312,974.1746215820312,2340100
2026-03-13,980.1300048828125,1003.219970703125,978,981.9800415039062,1984400
2026-03-16,991.97998046875,998.1699829101562,975.510009765625,986.00732421875,2289900
2026-03-17,978.9199829101562,981.1699829101562,925.25,927.4222412109375,5637500
2026-03-18,925,929,905.1099853515625,915.1609497070312,3443800
2026-03-19,914,924.530029296875,910.8599853515625,914.6127319335938,2379000
2026-03-20,910.5499877929688,925.3800048828125,899.2899780273438,903.8467407226562,4818800
2026-03-23,913.489990234375,926.780029296875,907.22998046875,907.6845092773438,2817500
2026-03-24,907,908.6699829101562,895.6099853515625,900.1782836914062,2572700
2026-03-25,912.489990234375,922.1500244140625,909.0900268554688,913.4264526367188,2177700
2026-03-26,912.3800048828125,916.3499755859375,896.2899780273438,894.17724609375,2163200
2026-03-27,896,900.8300170898438,877.1099853515625,875.4762573242188,2740800
2026-03-30,888.47998046875,897.4299926757812,883.1099853515625,883.83984375,3070200
2026-03-31,893.489990234375,924.1400146484375,892.1400146484375,916.8756103515625,3464200
2026-04-01,926.8800048828125,976.6799926757812,925.989990234375,951.5161743164062,6267900
2026-04-02,945,957.6900024414062,930.02001953125,932.6358032226562,2727100
2026-04-06,932.0399780273438,936,919.780029296875,924.142578125,1821100
2026-04-07,924.5,932.6599731445312,898.4500122070312,928.1599731445312,2726900
2026-04-08,941.52001953125,961.1400146484375,933.1300048828125,950.300048828125,2568000
2026-04-09,948.469970703125,963.760009765625,939.2899780273438,952.18408203125,1672100
2026-04-10,963.6900024414062,963.9400024414062,935.5399780273438,936.5135498046875,1958900
2026-04-13,939.969970703125,945.9000244140625,927.1699829101562,926.624755859375,2089600
2026-04-14,925,939.9299926757812,915.0399780273438,919.5969848632812,2360200
2026-04-15,923.5,930,888.030029296875,902.1820068359375,4233400
2026-04-16,911.6699829101562,920,898.1500244140625,901.1452026367188,2836600
2026-04-17,917.7999877929688,929.989990234375,917.7999877929688,924.1127319335938,3266100
2026-04-20,926.9000244140625,929.6400146484375,912.5,917.0051879882812,1926300
2026-04-21,910.2000122070312,913.0499877929688,881.1099853515625,900.1782836914062,4062800
2026-04-22,906.4000244140625,922.5399780273438,902.22998046875,918.5801391601562,2623800
2026-04-23,929.489990234375,930,911.8900146484375,914.76220703125,2149200
2026-04-24,900.010009765625,900.4199829101562,871.72998046875,881.1782836914062,4463700
2026-04-27,878.1300048828125,891.2000122070312,868.0399780273438,865.5376586914062,2700300
2026-04-28,871.9000244140625,878.1500244140625,863.3499755859375,871.2495727539062,2561300
2026-04-29,866.0399780273438,869.02001953125,850.510009765625,848.5313110351562,3904600
2026-04-30,898.780029296875,945.5,896.7999877929688,931.6588745117188,8236700
2026-05-01,948.9500122070312,984.4500122070312,943.7999877929688,960.2984619140625,4352400
2026-05-04,960,974.219970703125,951.760009765625,964.884033203125,3696900
2026-05-05,971.8900146484375,992.7999877929688,964.4099731445312,985.758056640625,2955500
2026-05-06,991.3499755859375,996.489990234375,983.5,983.9437866210938,3921200
2026-05-07,985.3699951171875,989,967.0999755859375,971.8919067382812,3494900
2026-05-08,974.0700073242188,980,947.510009765625,945.4652709960938,3559200
2026-05-11,949,995,943.260009765625,963.9469604492188,3517500
2026-05-12,974.4400024414062,997.52001953125,971.1799926757812,986.7549438476562,3037500
2026-05-13,994.75,1022.8200073242188,992,1012.553466796875,3486400
2026-05-14,1017.489990234375,1018.1699829101562,996.010009765625,1003.531982421875,1751700
2026-05-15,1006.97998046875,1014.3800048828125,997.4099731445312,1003.4819946289062,2820700
2026-05-18,1000.6099853515625,1003,978.8699951171875,986.6761474609375,2016000
2026-05-19,989.510009765625,1021.7999877929688,984.5999755859375,1019.9484252929688,3796000
2026-05-20,1024.989990234375,1037.8800048828125,1003.6900024414062,1017.4120483398438,2998800
2026-05-21,1024.300048828125,1047.300048828125,1022,1040.1595458984375,2705200
2026-05-22,1049.81005859375,1070.3399658203125,1047.0699462890625,1063.47607421875,3470600
2026-05-26,1075,1082,1060.3599853515625,1063.2164306640625,2981000
2026-05-27,1072.260009765625,1093,1069.9000244140625,1081.3704833984375,2583000
2026-05-28,1096.6400146484375,1149.0999755859375,1092.010009765625,1125.1876220703125,4600700
2026-05-29,1127,1132.6600341796875,1089.010009765625,1103.4188232421875,4600800
2026-06-01,1095,1106.1700439453125,1071.5999755859375,1080.6513671875,2693400
2026-06-02,1067.3699951171875,1078.219970703125,1052.1500244140625,1062.6273193359375,2408500
2026-06-03,1059.5,1093.280029296875,1053.510009765625,1077.236328125,2655600
2026-06-04,1108.5999755859375,1140.4599609375,1101.6199951171875,1123.6597900390625,4046700
2026-06-05,1142.969970703125,1166.2900390625,1131.030029296875,1129.801025390625,4126200
2026-06-08,1159,1182.72998046875,1143.5999755859375,1147.505615234375,4504400
2026-06-09,1165,1174.5999755859375,1137.75,1143.0421142578125,3822000
2026-06-10,1152.5,1166.4200439453125,1133.530029296875,1134.743896484375,2700600
2026-06-11,1139.7099609375,1170.1199951171875,1125.6400146484375,1159.2886962890625,2764900
2026-06-12,1165,1169.989990234375,1132.81005859375,1131.3787841796875,2438400
2026-06-15,1134,1137.489990234375,1112.010009765625,1127.7340087890625,3167200
2026-06-16,1138.8199462890625,1146.68994140625,1115.5,1120.893798828125,2260700
2026-06-17,1116.699951171875,1121.489990234375,1104.9000244140625,1110.4088134765625,2383300
2026-06-18,1120.489990234375,1122.3299560546875,1088.6600341796875,1096.9979248046875,4470500
2026-06-22,1112.239990234375,1119.449951171875,1093.1500244140625,1100.5029296875,3015000
2026-06-23,1117,1122.02001953125,1079.219970703125,1105.495849609375,3316300
2026-06-24,1129.4100341796875,1135.1400146484375,1100.97998046875,1115.6612548828125,2908200
2026-06-25,1126.989990234375,1145.4300537109375,1114,1126.0762939453125,2757200
2026-06-26,1128.800048828125,1215.760009765625,1128,1206.3912353515625,7725800
2026-06-29,1222.780029296875,1238,1203.1400146484375,1228.170166015625,3684700
2026-06-30,1228.8800048828125,1230.050048828125,1190.199951171875,1197.7137451171875,3723600
2026-07-01,1217.510009765625,1217.510009765625,1173.9300537109375,1190.03466796875,2720400
2026-07-02,1193.010009765625,1232,1180.300048828125,1212.1729736328125,3296100
2026-07-06,1208,1213.7900390625,1183.3399658203125,1198.3428955078125,2348800
2026-07-07,1232.8800048828125,1249.449951171875,1222.77001953125,1233.7921142578125,2933800
2026-07-08,1221.0999755859375,1241.8900146484375,1204.1600341796875,1214.0902099609375,2608600
2026-07-09,1211.6400146484375,1230,1200.3699951171875,1215.2086181640625,2088100
2026-07-10,1210.31005859375,1212.9599609375,1178.3199462890625,1186.879150390625,2010200
2026-07-13,1180.1099853515625,1196.2900390625,1166.010009765625,1180.1788330078125,2072700
2026-07-14,1166.010009765625,1166.010009765625,1140.739990234375,1150.890869140625,2642900
2026-07-15,1145.5,1160.8199462890625,1134.4000244140625,1154.9749755859375,2552200
2026-07-16,1162.27001953125,1189.0699462890625,1141.199951171875,1167.4970703125,2791100
2026-07-17,1159.449951171875,1187.949951171875,1151.010009765625,1177.4227294921875,2757500
2026-07-20,1179.6500244140625,1187.1199951171875,1144.4300537109375,1145.2589111328125,2644200
2026-07-21,1143,1177.5799560546875,1139,1173.7281494140625,2092000
2026-07-22,1173.9100341796875,1175,1153.5,1161.3458251953125,1555800
2026-07-23,1146.6199951171875,1189.5899658203125,1141.780029296875,1184.173095703125,1909900
2026-07-24,1194.3499755859375,1206.93994140625,1187.5,1194.318603515625,1983300
2026-07-27,1201,1205.050048828125,1183.449951171875,1195.81640625,1592800
2026-07-28,1217.5999755859375,1232,1205.010009765625,1218.913330078125,2375400
2026-07-29,1215.1800537109375,1229.18994140625,1204.800048828125,1208.28857421875,2170900
2026-07-30,1174.030029296875,1186.6500244140625,1153.1400146484375,1153.3172607421875,3027700
2026-07-31,1148.510009765625,1150.6300048828125,1119,1147.196044921875,2884600
2026-08-03,1152,1161.93994140625,1109.1500244140625,1119.75537109375,2934000
2026-08-04,1117.3800048828125,1135.8299560546875,1109.1600341796875,1114.0836181640625,4097200
2026-08-05,1174,1216.93994140625,1138.4300537109375,1168.18603515625,6445700
2026-08-06,1196.550048828125,1230.8800048828125,1173.5,1190.234375,3422400
2026-08-07,1188,1196.800048828125,1161.199951171875,1184.0133056640625,2898500
2026-08-10,1185.010009765625,1231.93994140625,1184.4100341796875,1230.1771240234375,3011900
2026-08-11,1230.6500244140625,1238,1209.530029296875,1213.2813720703125,2113200
2026-08-12,1201.72998046875,1226.5,1191.0799560546875,1218.533935546875,1941600
2026-08-13,1238.300048828125,1240.0999755859375,1206,1207.27001953125,1927300
2026-08-14,1194.010009765625,1199,1171.199951171875,1180.1600341796875,2274500
2026-08-17,1175.199951171875,1198.52001953125,1163.5,1183.1600341796875,1807000
2026-08-18,1200,1228.469970703125,1194.010009765625,1225.72998046875,2509100
2026-08-19,1245.81005859375,1292.6500244140625,1240.5400390625,1280.3399658203125,4541800
2026-08-20,1274.1300048828125,1280.280029296875,1243.22998046875,1244.4000244140625,2621400
2026-08-21,1232,1271.219970703125,1230,1255.4000244140625,2497300
2026-08-24,1262.1400146484375,1262.1400146484375,1230.949951171875,1246.9300537109375,1664600
2026-08-25,1249,1264.72998046875,1229.7900390625,1233.6600341796875,2141100
2026-08-26,1234,1235.780029296875,1180.010009765625,1189.4100341796875,3000500
2026-08-27,1182.25,1190.1099853515625,1171.7099609375,1176.0999755859375,2730600
2026-08-28,1172.6600341796875,1180,1162.9300537109375,1174.6099853515625,2450800
2026-08-31,1168.469970703125,1171.449951171875,1147,1156.72998046875,3055800
2026-09-01,1188,1188.3299560546875,1156.8499755859375,1160,2520100
2026-09-02,1164.1500244140625,1187.8299560546875,1158,1160.0799560546875,2445100
2026-09-03,1170,1171.6600341796875,1137.5,1159.5999755859375,2550500
2026-09-04,1150.6099853515625,1158.43994140625,1138.31005859375,1149.3599853515625,2218900
2026-09-08,1133,1134.530029296875,1113.550048828125,1123.9100341796875,2400500
2026-09-09,1127.6099853515625,1138.7900390625,1119,1124.2099609375,2045000
2026-09-10,1126.0799560546875,1133.7900390625,1120.52001953125,1123,1995600
2026-09-11,1129.4100341796875,1131.43994140625,1113.2900390625,1115.699951171875,1837200
2026-09-14,1142.199951171875,1153.949951171875,1130.5,1138.280029296875,2129600
2026-09-15,1156.6300048828125,1161,1131.5899658203125,1136.1099853515625,1885200
2026-09-16,1137.31005859375,1151.22998046875,1132.6300048828125,1137.8199462890625,1475400
2026-09-17,1150.27001953125,1159.75,1138.260009765625,1152.43994140625,1896400
2026-09-18,1150,1157.5999755859375,1140.27001953125,1152.9300537109375,4542600
2026-09-21,1144.5,1170.9000244140625,1134.4100341796875,1164.8900146484375,2476600
2026-09-22,1146.1500244140625,1180.530029296875,1139.260009765625,1170.1400146484375,2453100
2026-09-23,1174.7099609375,1188.8800048828125,1145.97998046875,1150.989990234375,2154100
2026-09-24,1156.6700439453125,1197.7900390625,1151,1181.8900146484375,2417700
2026-09-25,1185.3199462890625,1190,1160.8399658203125,1183.4599609375,1923200
2026-09-28,1180.300048828125,1194.0899658203125,1172.56005859375,1184.780029296875,1971200
2026-09-29,1186.050048828125,1192.93994140625,1168.469970703125,1184.6300048828125,1658100
