Date,Open,High,Low,Close,Volume
1994-07-01,1.2890629768371582,1.316406011581421,1.2890629768371582,0.5975456237792969,29958400
1994-07-05,1.359375,1.3671879768371582,1.347656011581421,0.6205968856811523,10691200
1994-07-06,1.3671879768371582,1.4140629768371582,1.3671879768371582,0.6418742537498474,7408000
1994-07-07,1.410156011581421,1.433593988418579,1.40625,0.6507396697998047,9747200
1994-07-08,1.4296879768371582,1.4453129768371582,1.417968988418579,0.6542859673500061,4467200
1994-07-11,1.433593988418579,1.484375,1.433593988418579,0.670244574546814,5910400
1994-07-12,1.484375,1.546875,1.484375,0.6932949423789978,16467200
1994-07-13,1.527343988418579,1.542968988418579,1.515625,0.6986144781112671,10678400
1994-07-14,1.5078129768371582,1.527343988418579,1.496093988418579,0.682655930519104,11481600
1994-07-15,1.464843988418579,1.480468988418579,1.464843988418579,0.6666980385780334,7609600
1994-07-18,1.4765629768371582,1.5078129768371582,1.472656011581421,0.6844295263290405,3657600
1994-07-19,1.496093988418579,1.5,1.4765629768371582,0.670244574546814,3107200
1994-07-20,1.4765629768371582,1.4765629768371582,1.457031011581421,0.6666980385780334,3747200
1994-07-21,1.480468988418579,1.4921879768371582,1.480468988418579,0.6737903952598572,2243200
1994-07-22,1.484375,1.496093988418579,1.480468988418579,0.6791099905967712,1459200
1994-07-25,1.5,1.5,1.488281011581421,0.6791099905967712,1536000
1994-07-26,1.515625,1.527343988418579,1.5078129768371582,0.6879754662513733,1043200
1994-07-27,1.5390629768371582,1.5390629768371582,1.5234379768371582,0.6968410015106201,1756800
1994-07-28,1.515625,1.5234379768371582,1.511718988418579,0.6862025260925293,1113600
1994-07-29,1.515625,1.5390629768371582,1.515625,0.6968410015106201,5459200
1994-08-01,1.542968988418579,1.5625,1.542968988418579,0.7057068347930908,2585600
1994-08-02,1.558593988418579,1.558593988418579,1.5390629768371582,0.6986144781112671,1216000
1994-08-03,1.542968988418579,1.550781011581421,1.542968988418579,0.703933596611023,966400
1994-08-04,1.5546879768371582,1.5546879768371582,1.53125,0.6950680613517761,729600
1994-08-05,1.535156011581421,1.535156011581421,1.527343988418579,0.6950680613517761,1132800
1994-08-08,1.5234379768371582,1.5234379768371582,1.515625,0.6915220022201538,3744000
1994-08-09,1.5078129768371582,1.515625,1.5078129768371582,0.6844295263290405,1046400
1994-08-10,1.4921879768371582,1.5,1.488281011581421,0.6791099905967712,5481600
1994-08-11,1.488281011581421,1.511718988418579,1.4765629768371582,0.682655930519104,4217600
1994-08-12,1.484375,1.4921879768371582,1.480468988418579,0.6755635142326355,3827200
1994-08-15,1.4921879768371582,1.511718988418579,1.488281011581421,0.682655930519104,1936000
1994-08-16,1.5,1.5,1.484375,0.6791099905967712,2086400
1994-08-17,1.496093988418579,1.535156011581421,1.4921879768371582,0.6968410015106201,7676800
1994-08-18,1.558593988418579,1.621093988418579,1.558593988418579,0.7340768575668335,2934400
1994-08-19,1.625,1.671875,1.625,0.7464889287948608,3017600
1994-08-22,1.625,1.636718988418579,1.6171879768371582,0.7429428100585938,2537600
1994-08-23,1.621093988418579,1.652343988418579,1.621093988418579,0.7447159886360168,7078400
1994-08-24,1.644531011581421,1.644531011581421,1.621093988418579,0.7429428100585938,6969600
1994-08-25,1.652343988418579,1.6796879768371582,1.6484379768371582,0.7518081665039062,25561600
1994-08-26,1.6640629768371582,1.6640629768371582,1.644531011581421,0.7482622265815735,9750400
1994-08-29,1.65625,1.6640629768371582,1.652343988418579,0.750035285949707,7254400
1994-08-30,1.652343988418579,1.667968988418579,1.644531011581421,0.7571277618408203,5516800
1994-08-31,1.6953129768371582,1.730468988418579,1.6953129768371582,0.7766321301460266,5196800
1994-09-01,1.71875,1.730468988418579,1.714843988418579,0.7801784873008728,3020800
1994-09-02,1.7265629768371582,1.734375,1.71875,0.7854979038238525,2374400
1994-09-06,1.734375,1.734375,1.714843988418579,0.7819513082504272,1449600
1994-09-07,1.7265629768371582,1.730468988418579,1.71875,0.7819513082504272,2502400
1994-09-08,1.730468988418579,1.7421879768371582,1.7265629768371582,0.7908172607421875,2544000
1994-09-09,1.7734379768371582,1.785156011581421,1.75,0.7943635582923889,4652800
1994-09-12,1.761718988418579,1.800781011581421,1.7578129768371582,0.8156409859657288,1987200
1994-09-13,1.8046879768371582,1.8046879768371582,1.75,0.7979099154472351,4115200
1994-09-14,1.7421879768371582,1.765625,1.734375,0.8014557361602783,5920000
1994-09-15,1.765625,1.765625,1.738281011581421,0.7996827960014343,9040000
1994-09-16,1.765625,1.7734379768371582,1.7578129768371582,0.8014557361602783,2368000
1994-09-19,1.7578129768371582,1.769531011581421,1.75,0.7996827960014343,2489600
1994-09-20,1.7265629768371582,1.7265629768371582,1.714843988418579,0.7784053087234497,8118400
1994-09-21,1.722656011581421,1.734375,1.714843988418579,0.7784053087234497,3811200
1994-09-22,1.7109379768371582,1.7265629768371582,1.707031011581421,0.7801784873008728,8080000
1994-09-23,1.734375,1.7734379768371582,1.734375,0.7996827960014343,2902400
1994-09-26,1.761718988418579,1.7734379768371582,1.75,0.8014557361602783,4326400
1994-09-27,1.765625,1.8046879768371582,1.765625,0.8174142837524414,6921600
1994-09-28,1.828125,1.832031011581421,1.8203129768371582,0.8262799978256226,6486400
1994-09-29,1.824218988418579,1.8359379768371582,1.8203129768371582,0.8315991163253784,2304000
1994-09-30,1.824218988418579,1.84375,1.824218988418579,0.8298261761665344,2812800
1994-10-03,1.832031011581421,1.8515629768371582,1.828125,0.8386918902397156,3590400
1994-10-04,1.847656011581421,1.847656011581421,1.828125,0.8298261761665344,7046400
1994-10-05,1.816406011581421,1.8203129768371582,1.7890629768371582,0.8191874027252197,7411200
1994-10-06,1.78125,1.78125,1.761718988418579,0.8014557361602783,7148800
1994-10-07,1.7265629768371582,1.765625,1.7265629768371582,0.7943635582923889,10016000
1994-10-10,1.753906011581421,1.769531011581421,1.753906011581421,0.8032292127609253,4864000
1994-10-11,1.800781011581421,1.8828129768371582,1.800781011581421,0.8493305444717407,15344000
1994-10-12,1.902343988418579,1.917968988418579,1.8984379768371582,0.8652886152267456,13388800
1994-10-13,1.902343988418579,1.964843988418579,1.902343988418579,0.8812466859817505,16435200
1994-10-14,1.984375,2.0625,1.984375,0.9273484349250793,13494400
1994-10-17,2.0625,2.085937976837158,2.058593988418579,0.9379869103431702,10108800
1994-10-18,2.03125,2.058593988418579,2.015625,0.9326678514480591,12217600
1994-10-19,2.148437976837158,2.328125,2.148437976837158,1.0248708724975586,34758400
1994-10-20,2.3125,2.40625,2.296875,1.0798375606536865,21324800
1994-10-21,2.308593988418579,2.4375,2.289062976837158,1.0638798475265503,28041600
1994-10-24,2.328125,2.347656011581421,2.261718988418579,1.0266438722610474,10835200
1994-10-25,2.25,2.332031011581421,2.25,1.0514675378799438,16851200
1994-10-26,2.367187976837158,2.382812976837158,2.347656011581421,1.076291799545288,13993600
1994-10-27,2.410156011581421,2.4375,2.40625,1.0993423461914062,12921600
1994-10-28,2.40625,2.40625,2.386718988418579,1.0833839178085327,16966400
1994-10-31,2.355468988418579,2.359375,2.335937976837158,1.06565260887146,10528000
1994-11-01,2.332031011581421,2.332031011581421,2.300781011581421,1.0479212999343872,8057600
1994-11-02,2.300781011581421,2.335937976837158,2.292968988418579,1.0443753004074097,11990400
1994-11-03,2.335937976837158,2.371093988418579,2.320312976837158,1.0532411336898804,6048000
1994-11-04,2.300781011581421,2.328125,2.289062976837158,1.040828824043274,15628800
1994-11-07,2.261718988418579,2.261718988418579,2.238281011581421,1.0160051584243774,5081600
1994-11-08,2.257812976837158,2.289062976837158,2.257812976837158,1.035509705543518,13350400
1994-11-09,2.335937976837158,2.335937976837158,2.300781011581421,1.0443753004074097,12492800
1994-11-10,2.304687976837158,2.320312976837158,2.296875,1.0461485385894775,7744000
1994-11-11,2.304687976837158,2.316406011581421,2.296875,1.0496946573257446,9270400
1994-11-14,2.316406011581421,2.316406011581421,2.300781011581421,1.0461485385894775,4723200
1994-11-15,2.253906011581421,2.316406011581421,2.253906011581421,1.0390561819076538,15740800
1994-11-16,2.320312976837158,2.351562976837158,2.3125,1.06565260887146,27017600
1994-11-17,2.335937976837158,2.34375,2.316406011581421,1.0514675378799438,14390400
1994-11-18,2.277343988418579,2.277343988418579,2.238281011581421,1.0284168720245361,22854400
1994-11-21,2.261718988418579,2.261718988418579,2.238281011581421,1.0177781581878662,9568000
1994-11-22,2.234375,2.238281011581421,2.148437976837158,0.9752233028411865,19558400
1994-11-23,2.125,2.160156011581421,2.101562976837158,0.9805421829223633,8160000
1994-11-25,2.164062976837158,2.179687976837158,2.160156011581421,0.9876347780227661,2156800
1994-11-28,2.175781011581421,2.179687976837158,2.148437976837158,0.9805421829223633,5465600
1994-11-29,2.160156011581421,2.1875,2.144531011581421,0.9805421829223633,9942400
1994-11-30,2.15625,2.210937976837158,2.15625,0.9911811947822571,20758400
1994-12-01,2.199218988418579,2.234375,2.199218988418579,1.000046730041504,12089600
1994-12-02,2.195312976837158,2.207031011581421,2.1875,0.9982742071151733,13168000
1994-12-05,2.222656011581421,2.253906011581421,2.21875,1.021324634552002,6032000
1994-12-06,2.242187976837158,2.242187976837158,2.21875,1.010685682296753,2480000
1994-12-07,2.230468988418579,2.230468988418579,2.210937976837158,1.0053662061691284,1852800
1994-12-08,2.1875,2.1875,2.140625,0.9858615398406982,9308800
1994-12-09,2.160156011581421,2.179687976837158,2.140625,0.9823158979415894,9750400
1994-12-12,2.125,2.132812976837158,2.113281011581421,0.9663572311401367,5664000
1994-12-13,2.136718988418579,2.136718988418579,2.128906011581421,0.9663572311401367,3907200
1994-12-14,2.15625,2.175781011581421,2.140625,0.9876347780227661,8089600
1994-12-15,2.179687976837158,2.195312976837158,2.179687976837158,0.9947273135185242,11616000
1994-12-16,2.191406011581421,2.226562976837158,2.1875,1.0089125633239746,8118400
1994-12-19,2.222656011581421,2.238281011581421,2.222656011581421,1.014231562614441,3673600
1994-12-20,2.238281011581421,2.238281011581421,2.226562976837158,1.010685682296753,3916800
1994-12-21,2.21875,2.21875,2.199218988418579,1.0053662061691284,4480000
1994-12-22,2.226562976837158,2.242187976837158,2.222656011581421,1.014231562614441,3868800
1994-12-23,2.246093988418579,2.285156011581421,2.242187976837158,1.0319637060165405,5920000
1994-12-27,2.269531011581421,2.277343988418579,2.269531011581421,1.0319637060165405,5840000
1994-12-28,2.289062976837158,2.335937976837158,2.289062976837158,1.0567867755889893,14614400
1994-12-29,2.308593988418579,2.320312976837158,2.308593988418579,1.0532411336898804,8796800
1994-12-30,2.339843988418579,2.367187976837158,2.335937976837158,1.0638798475265503,4908800
1995-01-03,2.339843988418579,2.339843988418579,2.308593988418579,1.0479212999343872,5366400
1995-01-04,2.308593988418579,2.316406011581421,2.300781011581421,1.0514675378799438,7900800
1995-01-05,2.316406011581421,2.324218988418579,2.304687976837158,1.0550140142440796,3273600
1995-01-06,2.316406011581421,2.378906011581421,2.316406011581421,1.070971965789795,12889600
1995-01-09,2.40625,2.421875,2.394531011581421,1.097569227218628,8688000
1995-01-10,2.515625,2.546875,2.507812976837158,1.138351559638977,21756800
1995-01-11,2.511718988418579,2.511718988418579,2.457031011581421,1.1206200122833252,9753600
1995-01-12,2.464843988418579,2.476562976837158,2.457031011581421,1.1241662502288818,4044800
1995-01-13,2.484375,2.507812976837158,2.484375,1.136577844619751,2988800
1995-01-16,2.496093988418579,2.5,2.480468988418579,1.127712368965149,4051200
1995-01-17,2.476562976837158,2.480468988418579,2.46875,1.1259394884109497,5811200
1995-01-18,2.480468988418579,2.53125,2.476562976837158,1.1401244401931763,15948800
1995-01-19,2.523437976837158,2.539062976837158,2.515625,1.147217035293579,11542400
1995-01-20,2.527343988418579,2.550781011581421,2.519531011581421,1.1543093919754028,6348800
1995-01-23,2.488281011581421,2.5,2.476562976837158,1.131258487701416,6697600
1995-01-24,2.484375,2.484375,2.464843988418579,1.1206200122833252,4412800
1995-01-25,2.460937976837158,2.460937976837158,2.445312976837158,1.1135274171829224,3753600
1995-01-26,2.429687976837158,2.4375,2.40625,1.0922499895095825,5545600
1995-01-27,2.414062976837158,2.414062976837158,2.359375,1.070971965789795,11942400
1995-01-30,2.351562976837158,2.363281011581421,2.3125,1.0496946573257446,14252800
1995-01-31,2.28125,2.292968988418579,2.273437976837158,1.0372823476791382,13747200
1995-02-01,2.339843988418579,2.382812976837158,2.324218988418579,1.076291799545288,17526400
1995-02-02,2.371093988418579,2.46875,2.363281011581421,1.1082077026367188,12617600
1995-02-03,2.457031011581421,2.488281011581421,2.457031011581421,1.1259394884109497,11340800
1995-02-06,2.484375,2.507812976837158,2.464843988418579,1.131258487701416,10560000
1995-02-07,2.445312976837158,2.445312976837158,2.429687976837158,1.102888584136963,10476800
1995-02-08,2.390625,2.390625,2.351562976837158,1.067426085472107,14025600
1995-02-09,2.390625,2.429687976837158,2.390625,1.0922499895095825,11648000
1995-02-10,2.394531011581421,2.410156011581421,2.390625,1.0922499895095825,7232000
1995-02-13,2.398437976837158,2.429687976837158,2.398437976837158,1.0993423461914062,6771200
1995-02-14,2.429687976837158,2.492187976837158,2.429687976837158,1.127712368965149,10918400
1995-02-15,2.484375,2.492187976837158,2.464843988418579,1.122393250465393,7379200
1995-02-16,2.453125,2.453125,2.398437976837158,1.1135274171829224,4924800
1995-02-17,2.34375,2.347656011581421,2.265625,1.0426021814346313,55043200
1995-02-21,2.328125,2.34375,2.304687976837158,1.0461485385894775,9820800
1995-02-22,2.3125,2.324218988418579,2.304687976837158,1.0461485385894775,9385600
1995-02-23,2.3125,2.355468988418579,2.3125,1.0638798475265503,9424000
1995-02-24,2.34375,2.34375,2.304687976837158,1.0532411336898804,8294400
1995-02-27,2.3125,2.3125,2.214843988418579,1.0443753004074097,18236800
1995-02-28,2.234375,2.355468988418579,2.210937976837158,1.067426085472107,64108800
1995-03-01,2.351562976837158,2.355468988418579,2.316406011581421,1.0567867755889893,28726400
1995-03-02,2.3125,2.359375,2.3125,1.070971965789795,20595200
1995-03-03,2.359375,2.414062976837158,2.359375,1.0851569175720215,9363200
1995-03-06,2.398437976837158,2.425781011581421,2.375,1.097569227218628,8243200
1995-03-07,2.398437976837158,2.402343988418579,2.375,1.078065037727356,11190400
1995-03-08,2.34375,2.351562976837158,2.332031011581421,1.067426085472107,11001600
1995-03-09,2.34375,2.375,2.34375,1.0745189189910889,11958400
1995-03-10,2.359375,2.417968988418579,2.359375,1.0869303941726685,12659200
1995-03-13,2.390625,2.40625,2.382812976837158,1.0887038707733154,5846400
1995-03-14,2.40625,2.449218988418579,2.402343988418579,1.1064350605010986,8547200
1995-03-15,2.460937976837158,2.484375,2.457031011581421,1.117073655128479,5030400
1995-03-16,2.445312976837158,2.449218988418579,2.433593988418579,1.1046619415283203,4153600
1995-03-17,2.4375,2.4375,2.410156011581421,1.102888584136963,2982400
1995-03-20,2.414062976837158,2.421875,2.398437976837158,1.0922499895095825,160326400
1995-03-21,2.40625,2.40625,2.332031011581421,1.0638798475265503,131225600
1995-03-22,2.3125,2.335937976837158,2.3125,1.0496946573257446,35084800
1995-03-23,2.28125,2.300781011581421,2.265625,1.0390561819076538,23264000
1995-03-24,2.28125,2.316406011581421,2.28125,1.0514675378799438,36332800
1995-03-27,2.320312976837158,2.320312976837158,2.300781011581421,1.0443753004074097,10681600
1995-03-28,2.289062976837158,2.289062976837158,2.265625,1.035509705543518,143619200
1995-03-29,2.257812976837158,2.289062976837158,2.226562976837158,1.014231562614441,27235200
1995-03-30,2.246093988418579,2.257812976837158,2.210937976837158,1.0256234407424927,80041600
1995-03-31,2.230468988418579,2.300781011581421,2.21875,1.0598710775375366,37171200
1995-04-03,2.292968988418579,2.3125,2.285156011581421,1.0652787685394287,27321600
1995-04-04,2.367187976837158,2.382812976837158,2.34375,1.0995261669158936,18102400
1995-04-05,2.386718988418579,2.40625,2.386718988418579,1.1049336194992065,26953600
1995-04-06,2.433593988418579,2.433593988418579,2.382812976837158,1.110341191291809,4016000
1995-04-07,2.402343988418579,2.414062976837158,2.386718988418579,1.110341191291809,1894400
1995-04-10,2.398437976837158,2.410156011581421,2.34375,1.0995261669158936,2240000
1995-04-11,2.371093988418579,2.371093988418579,2.308593988418579,1.0742908716201782,8012800
1995-04-12,2.328125,2.363281011581421,2.324218988418579,1.0833033323287964,6736000
1995-04-13,2.351562976837158,2.394531011581421,2.347656011581421,1.0995261669158936,6697600
1995-04-17,2.390625,2.414062976837158,2.359375,1.0905133485794067,5100800
1995-04-18,2.394531011581421,2.398437976837158,2.363281011581421,1.0977236032485962,3952000
1995-04-19,2.371093988418579,2.382812976837158,2.300781011581421,1.0652787685394287,10432000
1995-04-20,2.316406011581421,2.320312976837158,2.308593988418579,1.0670812129974365,4707200
1995-04-21,2.316406011581421,2.386718988418579,2.3125,1.0923165082931519,5353600
1995-04-24,2.390625,2.429687976837158,2.386718988418579,1.1139464378356934,3904000
1995-04-25,2.492187976837158,2.5625,2.484375,1.1824411153793335,11409600
1995-04-26,2.554687976837158,2.601562976837158,2.539062976837158,1.1788365840911865,5190400
1995-04-27,2.554687976837158,2.554687976837158,2.523437976837158,1.168021321296692,3136000
1995-04-28,2.554687976837158,2.578125,2.546875,1.1824411153793335,5025600
1995-05-01,2.5625,2.71875,2.5625,1.2329115867614746,11134400
1995-05-02,2.671875,2.765625,2.664062976837158,1.2473312616348267,13355200
1995-05-03,2.710937976837158,2.71875,2.695312976837158,1.2509366273880005,4451200
1995-05-04,2.71875,2.742187976837158,2.695312976837158,1.2509366273880005,7339200
1995-05-05,2.703125,2.703125,2.664062976837158,1.2293068170547485,3817600
1995-05-08,2.6875,2.773437976837158,2.6875,1.2761712074279785,7395200
1995-05-09,2.765625,2.765625,2.726562976837158,1.261751651763916,15545600
1995-05-10,2.742187976837158,2.765625,2.71875,1.2689615488052368,10681600
1995-05-11,2.71875,2.726562976837158,2.640625,1.2365168333053589,4027200
1995-05-12,2.664062976837158,2.6875,2.640625,1.2257009744644165,5326400
1995-05-15,2.65625,2.703125,2.617187976837158,1.2401211261749268,7158400
1995-05-16,2.679687976837158,2.726562976837158,2.679687976837158,1.2545413970947266,8710400
1995-05-17,2.75,2.757812976837158,2.734375,1.2653567790985107,5982400
1995-05-18,2.710937976837158,2.734375,2.703125,1.2473312616348267,3979200
1995-05-19,2.6875,2.804687976837158,2.671875,1.2797765731811523,11286400
1995-05-22,2.773437976837158,2.875,2.765625,1.312221646308899,15633600
1995-05-23,2.875,2.898437976837158,2.851562976837158,1.3266412019729614,19174400
1995-05-24,2.882812976837158,2.96875,2.882812976837158,1.3626916408538818,14892800
1995-05-25,2.945312976837158,2.992187976837158,2.921875,1.351876974105835,8401600
1995-05-26,2.960937976837158,2.976562976837158,2.929687976837158,1.3554816246032715,3291200
1995-05-30,2.960937976837158,2.992187976837158,2.90625,1.344666838645935,8704000
1995-05-31,2.859375,2.914062976837158,2.820312976837158,1.3410612344741821,5857600
1995-06-01,2.929687976837158,2.992187976837158,2.914062976837158,1.3699015378952026,9552000
1995-06-02,2.96875,3.007812976837158,2.96875,1.3843214511871338,15531200
1995-06-05,3.015625,3.054687976837158,3.015625,1.4023468494415283,16708800
1995-06-06,3.03125,3.046875,3.023437976837158,1.3987414836883545,6260800
1995-06-07,3.046875,3.070312976837158,3.039062976837158,1.4095571041107178,8081600
1995-06-08,3.0625,3.109375,3.0625,1.4311866760253906,11748800
1995-06-09,3.09375,3.117187976837158,3.085937976837158,1.4311866760253906,11452800
1995-06-12,3.125,3.179687976837158,3.125,1.4564214944839478,10985600
1995-06-13,3.140625,3.140625,3.085937976837158,1.4347915649414062,10331200
1995-06-14,3.054687976837158,3.054687976837158,2.953125,1.3662965297698975,5713600
1995-06-15,3.109375,3.132812976837158,3.03125,1.3987414836883545,16267200
1995-06-16,3.226562976837158,3.421875,3.21875,1.5717813968658447,50672000
1995-06-19,3.460937976837158,3.570312976837158,3.460937976837158,1.6474870443344116,22561600
1995-06-20,3.53125,3.679687976837158,3.476562976837158,1.679931640625,30563200
1995-06-21,3.695312976837158,3.734375,3.671875,1.6979570388793945,13683200
1995-06-22,3.695312976837158,3.78125,3.695312976837158,1.7412163019180298,11712000
1995-06-23,3.734375,3.789062976837158,3.703125,1.737612009048462,9360000
1995-06-26,3.734375,3.742187976837158,3.585937976837158,1.6583019495010376,7075200
1995-06-27,3.59375,3.65625,3.59375,1.669116735458374,5945600
1995-06-28,3.546875,3.601562976837158,3.5,1.6186467409133911,12020800
1995-06-29,3.578125,3.773437976837158,3.578125,1.7267967462539673,14748800
1995-06-30,3.734375,3.828125,3.726562976837158,1.7267967462539673,16224000
1995-07-03,3.765625,3.765625,3.710937976837158,1.7159819602966309,1662400
1995-07-05,3.835937976837158,3.945312976837158,3.804687976837158,1.8205273151397705,21500800
1995-07-06,3.992187976837158,4.015625,3.96875,1.8457622528076172,12737600
1995-07-07,3.9375,4.140625,3.9375,1.881812572479248,14376000
1995-07-10,4.03125,4.039062976837158,3.921875,1.8133171796798706,9502400
1995-07-11,3.921875,4.117187976837158,3.859375,1.892627239227295,16080000
1995-07-12,4.34375,4.34375,4.25,1.979146957397461,15348800
1995-07-13,4.289062976837158,4.421875,4.289062976837158,2.0007777214050293,12046400
1995-07-14,4.171875,4.289062976837158,4.164062976837158,1.9286775588989258,8331200
1995-07-17,4.21875,4.3125,4.21875,1.9863572120666504,6118400
1995-07-18,4.21875,4.234375,4.109375,1.9106526374816895,6616000
1995-07-19,3.984375,4.085937976837158,3.71875,1.8529722690582275,17836800
1995-07-20,4,4.054687976837158,3.945312976837158,1.8313417434692383,10304000
1995-07-21,3.84375,4.03125,3.773437976837158,1.8565771579742432,29211200
1995-07-24,4.125,4.304687976837158,4.109375,1.9755420684814453,8035200
1995-07-25,4.34375,4.34375,4.257812976837158,1.964727520942688,8577600
1995-07-26,4.257812976837158,4.398437976837158,4.257812976837158,2.015197515487671,8038400
1995-07-27,4.335937976837158,4.359375,4.328125,2.0043818950653076,5350400
1995-07-28,4.359375,4.398437976837158,4.296875,1.9899619817733765,3692800
1995-07-31,4.21875,4.234375,4.109375,1.9034419059753418,9089600
1995-08-01,4.1875,4.1875,4.03125,1.8637869358062744,8374400
1995-08-02,4.09375,4.203125,4.09375,1.892627239227295,13571200
1995-08-03,4.101562976837158,4.140625,4.070312976837158,1.8962321281433105,6016000
1995-08-04,4.117187976837158,4.179687976837158,4.117187976837158,1.9214671850204468,4217600
1995-08-07,4.164062976837158,4.1875,4.148437976837158,1.9178621768951416,4721600
1995-08-08,4.15625,4.171875,4.0625,1.907046914100647,7032000
1995-08-09,4.117187976837158,4.125,4.0625,1.8962321281433105,16200000
1995-08-10,4.140625,4.25,4.140625,1.9322822093963623,9252800
1995-08-11,4.210937976837158,4.226562976837158,4.164062976837158,1.9214671850204468,6638400
1995-08-14,4.15625,4.265625,4.15625,1.9358874559402466,3891200
1995-08-15,4.195312976837158,4.195312976837158,4.117187976837158,1.914257287979126,5060800
1995-08-16,4.140625,4.164062976837158,4.109375,1.8962321281433105,3812800
1995-08-17,4.101562976837158,4.28125,4.101562976837158,1.9575167894363403,12452800
1995-08-18,4.296875,4.304687976837158,4.21875,1.9503076076507568,5963200
1995-08-21,4.234375,4.273437976837158,4.179687976837158,1.9322822093963623,10228800
1995-08-22,4.1875,4.210937976837158,4.125,1.9286775588989258,4558400
1995-08-23,4.195312976837158,4.3125,4.195312976837158,1.9827523231506348,11099200
1995-08-24,4.359375,4.382812976837158,4.304687976837158,2.0043818950653076,10492800
1995-08-25,4.351562976837158,4.351562976837158,4.273437976837158,1.9827523231506348,10707200
1995-08-28,4.3125,4.3125,4.226562976837158,1.9539117813110352,4180800
1995-08-29,4.203125,4.242187976837158,4.125,1.9575167894363403,10206400
1995-08-30,4.257812976837158,4.351562976837158,4.257812976837158,2.0007777214050293,10596800
1995-08-31,4.328125,4.34375,4.3125,1.9971729516983032,7689600
1995-09-01,4.320312976837158,4.328125,4.296875,1.9899619817733765,4440000
1995-09-05,4.320312976837158,4.367187976837158,4.289062976837158,2.015197515487671,7454400
1995-09-06,4.46875,4.679687976837158,4.445312976837158,2.1233482360839844,20969600
1995-09-07,4.617187976837158,4.726562976837158,4.617187976837158,2.1630027294158936,19985600
1995-09-08,4.648437976837158,4.648437976837158,4.554687976837158,2.1197421550750732,10577600
1995-09-11,4.609375,4.757812976837158,4.59375,2.181027412414551,10344000
1995-09-12,4.757812976837158,4.789062976837158,4.679687976837158,2.1630027294158936,8411200
1995-09-13,4.679687976837158,4.734375,4.632812976837158,2.1702122688293457,9622400
1995-09-14,4.757812976837158,4.875,4.75,2.202657699584961,14728000
1995-09-15,4.609375,4.65625,4.4375,2.054851770401001,17345600
1995-09-18,4.578125,4.578125,4.476562976837158,2.0872976779937744,14240000
1995-09-19,4.523437976837158,4.554687976837158,4.492187976837158,2.09090256690979,9424000
1995-09-20,4.421875,4.5,4.390625,2.036827564239502,9739200
1995-09-21,4.414062976837158,4.523437976837158,4.382812976837158,2.033221960067749,6830400
1995-09-22,4.25,4.421875,4.25,2.0404324531555176,10283200
1995-09-25,4.453125,4.476562976837158,4.421875,2.0404324531555176,6408000
1995-09-26,4.460937976837158,4.5,4.25,1.9755420684814453,7473600
1995-09-27,4.179687976837158,4.242187976837158,3.890625,1.9034419059753418,25396800
1995-09-28,4.21875,4.320312976837158,4.164062976837158,1.9683324098587036,16294400
1995-09-29,4.375,4.390625,4.34375,2.011592388153076,16171200
1995-10-02,4.335937976837158,4.335937976837158,4.21875,1.964727520942688,9003200
1995-10-03,4.203125,4.210937976837158,4.070312976837158,1.8962321281433105,9262400
1995-10-04,4.0625,4.0625,3.898437976837158,1.79889714717865,9988800
1995-10-05,3.914062976837158,4.164062976837158,3.914062976837158,1.8962321281433105,19528000
1995-10-06,4.132812976837158,4.171875,4.03125,1.907046914100647,14105600
1995-10-09,4.046875,4.046875,3.921875,1.8205273151397705,15683200
1995-10-10,3.59375,3.851562976837158,3.59375,1.737612009048462,43468800
1995-10-11,3.875,4.007812976837158,3.859375,1.838551640510559,10777600
1995-10-12,4.054687976837158,4.296875,4.039062976837158,1.979146957397461,11870400
1995-10-13,4.3125,4.335937976837158,4.195312976837158,1.9358874559402466,16987200
1995-10-16,4.203125,4.210937976837158,4.085937976837158,1.8998372554779053,5768000
1995-10-17,4.140625,4.296875,4.109375,1.9467023611068726,7612800
1995-10-18,4.328125,4.359375,4.265625,1.9863572120666504,11960000
1995-10-19,3.890625,4.125,3.625,1.7448222637176514,201105600
1995-10-20,3.78125,3.8125,3.617187976837158,1.669116735458374,54403200
1995-10-23,3.625,3.625,3.421875,1.643881916999817,43608000
1995-10-24,3.65625,3.679687976837158,3.539062976837158,1.669116735458374,25028800
1995-10-25,3.609375,3.625,3.523437976837158,1.654697060585022,23206400
1995-10-26,3.585937976837158,3.601562976837158,3.421875,1.636671543121338,11892800
1995-10-27,3.59375,3.703125,3.570312976837158,1.6835368871688843,12204800
1995-10-30,3.664062976837158,3.679687976837158,3.523437976837158,1.633067011833191,11076800
1995-10-31,3.53125,3.53125,3.40625,1.6078317165374756,18715200
1995-11-01,3.484375,3.492187976837158,3.328125,1.5753871202468872,12371200
1995-11-02,3.421875,3.515625,3.40625,1.5934118032455444,16796800
1995-11-03,3.53125,3.6875,3.523437976837158,1.679931640625,15552000
1995-11-06,3.65625,3.6875,3.585937976837158,1.6655117273330688,8145600
1995-11-07,3.601562976837158,3.601562976837158,3.453125,1.6006215810775757,12358400
1995-11-08,3.492187976837158,3.523437976837158,3.453125,1.625856876373291,7612800
1995-11-09,3.59375,3.640625,3.5625,1.6727218627929688,14336000
1995-11-10,3.59375,3.695312976837158,3.578125,1.6907472610473633,10664000
1995-11-13,3.625,3.632812976837158,3.5625,1.6474870443344116,2478400
1995-11-14,3.453125,3.492187976837158,3.351562976837158,1.5465466976165771,11582400
1995-11-15,3.492187976837158,3.492187976837158,3.351562976837158,1.5970171689987183,14830400
1995-11-16,3.398437976837158,3.421875,3.382812976837158,1.5717813968658447,8696000
1995-11-17,3.34375,3.367187976837158,3.242187976837158,1.532127022743225,12486400
1995-11-20,3.375,3.445312976837158,3.375,1.564571738243103,8220800
1995-11-21,3.328125,3.335937976837158,3.171875,1.4816563129425049,28081600
1995-11-22,3.257812976837158,3.328125,3.242187976837158,1.5213114023208618,13811200
1995-11-24,3.304687976837158,3.398437976837158,3.289062976837158,1.5681768655776978,2699200
1995-11-27,3.4375,3.4375,3.375,1.5681768655776978,6273600
1995-11-28,3.375,3.554687976837158,3.359375,1.6402772665023804,12492800
1995-11-29,3.578125,3.578125,3.421875,1.5934118032455444,11819200
1995-11-30,3.4375,3.460937976837158,3.382812976837158,1.564571738243103,13480000
1995-12-01,3.375,3.382812976837158,3.25,1.510496973991394,24096000
1995-12-04,3.21875,3.273437976837158,3.21875,1.5068916082382202,18521600
1995-12-05,3.234375,3.273437976837158,3.148437976837158,1.4780513048171997,32027200
1995-12-06,3.1875,3.195312976837158,3.0625,1.4239767789840698,38230400
1995-12-07,3.09375,3.101562976837158,2.953125,1.3807164430618286,47307200
1995-12-08,3.046875,3.265625,3.015625,1.5068916082382202,23905600
1995-12-11,3.21875,3.265625,3.179687976837158,1.488866925239563,8249600
1995-12-12,3.226562976837158,3.234375,3.117187976837158,1.4528166055679321,6982400
1995-12-13,3.09375,3.101562976837158,2.875,1.3338514566421509,59464000
1995-12-14,2.28125,2.296875,2.0625,1.0238209962844849,312910400
1995-12-15,2.234375,2.3125,2.070312976837158,0.9661411046981812,138521600
1995-12-18,2.125,2.125,1.953125,0.9445111751556396,91094400
1995-12-19,2.0625,2.101562976837158,1.953125,0.9553264379501343,118721600
1995-12-20,2.164062976837158,2.265625,2.148437976837158,1.0274261236190796,82936000
1995-12-21,2.304687976837158,2.390625,2.296875,1.0995261669158936,47795200
1995-12-22,2.46875,2.46875,2.304687976837158,1.0887112617492676,22585600
1995-12-26,2.375,2.507812976837158,2.375,1.1572062969207764,13784000
1995-12-27,2.5,2.507812976837158,2.40625,1.1211564540863037,15656000
1995-12-28,2.414062976837158,2.414062976837158,2.367187976837158,1.106736421585083,10561600
1995-12-29,2.398437976837158,2.4375,2.398437976837158,1.1247612237930298,8649600
1996-01-02,2.453125,2.5,2.453125,1.153601050376892,18640000
1996-01-03,2.53125,2.554687976837158,2.40625,1.1247612237930298,29497600
1996-01-04,2.382812976837158,2.390625,2.289062976837158,1.0815013647079468,29582400
1996-01-05,2.289062976837158,2.296875,2.1875,1.020216703414917,36774400
1996-01-08,2.226562976837158,2.234375,2.1875,1.0094010829925537,12891200
1996-01-09,2.1875,2.203125,2.140625,1.0094010829925537,30139200
1996-01-10,2.070312976837158,2.195312976837158,2.070312976837158,0.9949809908866882,52664000
1996-01-11,2.203125,2.265625,2.148437976837158,1.045451283454895,22382400
1996-01-12,2.257812976837158,2.257812976837158,2.179687976837158,1.0094010829925537,15552000
1996-01-15,2.1875,2.210937976837158,2.101562976837158,0.9877710342407227,18334400
1996-01-16,2.171875,2.25,2.117187976837158,1.0382410287857056,23862400
1996-01-17,2.179687976837158,2.296875,2.179687976837158,1.0166109800338745,22633600
1996-01-18,2.265625,2.296875,2.226562976837158,1.0562665462493896,18737600
1996-01-19,2.289062976837158,2.328125,2.25,1.0598710775375366,13739200
1996-01-22,2.28125,2.367187976837158,2.265625,1.0923165082931519,17844800
1996-01-23,2.335937976837158,2.375,2.3125,1.0778963565826416,11681600
1996-01-24,2.34375,2.375,2.335937976837158,1.0959213972091675,11441600
1996-01-25,2.390625,2.398437976837158,2.296875,1.0598710775375366,12216000
1996-01-26,2.257812976837158,2.351562976837158,2.257812976837158,1.085106372833252,8918400
1996-01-29,2.34375,2.359375,2.296875,1.085106372833252,5963200
1996-01-30,2.367187976837158,2.40625,2.367187976837158,1.0959213972091675,10534400
1996-01-31,2.382812976837158,2.382812976837158,2.304687976837158,1.0778963565826416,15016000
1996-02-01,2.351562976837158,2.453125,2.351562976837158,1.1211564540863037,19227200
1996-02-02,2.4375,2.453125,2.382812976837158,1.1139464378356934,11832000
1996-02-05,2.414062976837158,2.453125,2.390625,1.1283659934997559,14446400
1996-02-06,2.445312976837158,2.476562976837158,2.445312976837158,1.1319711208343506,22041600
1996-02-07,2.4375,2.4375,2.3125,1.0887112617492676,20840000
1996-02-08,2.351562976837158,2.390625,2.3125,1.0815013647079468,11195200
1996-02-09,2.34375,2.34375,2.257812976837158,1.0706862211227417,11283200
1996-02-12,2.367187976837158,2.375,2.328125,1.0887112617492676,15291200
1996-02-13,2.320312976837158,2.335937976837158,2.296875,1.0670812129974365,8960000
1996-02-14,2.320312976837158,2.328125,2.265625,1.0526611804962158,17240000
1996-02-15,2.242187976837158,2.28125,2.210937976837158,1.03463613986969,19160000
1996-02-16,2.226562976837158,2.226562976837158,2.179687976837158,1.0238209962844849,16246400
1996-02-20,2.203125,2.242187976837158,2.1875,1.0274261236190796,12395200
1996-02-21,2.273437976837158,2.351562976837158,2.257812976837158,1.0706862211227417,19056000
1996-02-22,2.34375,2.460937976837158,2.34375,1.1247612237930298,19604800
1996-02-23,2.4375,2.445312976837158,2.328125,1.0815013647079468,24796800
1996-02-26,2.328125,2.359375,2.304687976837158,1.0815013647079468,7404800
1996-02-27,2.34375,2.34375,2.273437976837158,1.0778963565826416,14576000
1996-02-28,2.203125,2.226562976837158,2.164062976837158,1.0166109800338745,71465600
1996-02-29,2.15625,2.195312976837158,2.140625,1.0057964324951172,28276800
1996-03-01,2.203125,2.210937976837158,2.171875,1.0057964324951172,19244800
1996-03-04,2.226562976837158,2.226562976837158,2.195312976837158,1.020216703414917,11268800
1996-03-05,2.226562976837158,2.296875,2.226562976837158,1.0526611804962158,18625600
1996-03-06,2.304687976837158,2.320312976837158,2.210937976837158,1.0310310125350952,31246400
1996-03-07,2.242187976837158,2.257812976837158,2.226562976837158,1.041846513748169,25584000
1996-03-08,2.210937976837158,2.273437976837158,2.1875,1.0166109800338745,18560000
1996-03-11,2.203125,2.289062976837158,2.203125,1.0526611804962158,10892800
1996-03-12,2.265625,2.289062976837158,2.242187976837158,1.0490561723709106,10348800
1996-03-13,2.273437976837158,2.289062976837158,2.25,1.045451283454895,10760000
1996-03-14,2.273437976837158,2.28125,2.21875,1.0238209962844849,23523200
1996-03-15,2.226562976837158,2.25,2.203125,1.0238209962844849,9097600
1996-03-18,2.25,2.273437976837158,2.234375,1.0382410287857056,18276800
1996-03-19,2.257812976837158,2.265625,2.234375,1.045451283454895,13944000
1996-03-20,2.257812976837158,2.257812976837158,2.203125,1.0274261236190796,9166400
1996-03-21,2.203125,2.210937976837158,2.179687976837158,1.0130064487457275,9710400
1996-03-22,2.210937976837158,2.210937976837158,2.195312976837158,1.0130064487457275,4075200
1996-03-25,2.195312976837158,2.203125,2.15625,1.0021909475326538,19582400
1996-03-26,2.140625,2.148437976837158,2.125,0.9877710342407227,14249600
1996-03-27,2.132812976837158,2.203125,2.117187976837158,0.9841663241386414,10592000
1996-03-28,2.125,2.148437976837158,2.125,0.991376519203186,7232000
1996-03-29,2.164062976837158,2.164062976837158,2.125,0.9877710342407227,100772800
1996-04-01,2.140625,2.148437976837158,2.085937976837158,0.9805609583854675,119468800
1996-04-02,2.117187976837158,2.117187976837158,2.039062976837158,0.9517209529876709,129131200
1996-04-03,2.0625,2.0625,2,0.9336960911750793,131452800
1996-04-04,2,2.023437976837158,1.9609379768371582,0.9376087188720703,56270400
1996-04-08,1.9609379768371582,2.007812976837158,1.9453129768371582,0.9339315891265869,17312000
1996-04-09,2.03125,2.03125,1.9921879768371582,0.9376087188720703,42344000
1996-04-10,2.078125,2.140625,2.054687976837158,0.9854080677032471,30640000
1996-04-11,2.085937976837158,2.085937976837158,2.03125,0.9670238494873047,7867200
1996-04-12,2.054687976837158,2.070312976837158,2.039062976837158,0.9707008004188538,4107200
1996-04-15,2.0625,2.117187976837158,2.0625,0.9927619099617004,9796800
1996-04-16,2.109375,2.109375,2.070312976837158,0.9817313551902771,7808000
1996-04-17,2.078125,2.09375,2.070312976837158,0.9854080677032471,2131200
1996-04-18,2.117187976837158,2.234375,2.101562976837158,1.0442383289337158,14764800
1996-04-19,2.210937976837158,2.226562976837158,2.179687976837158,1.0295308828353882,9667200
1996-04-22,2.1875,2.210937976837158,2.179687976837158,1.0405617952346802,8552000
1996-04-23,2.210937976837158,2.226562976837158,2.195312976837158,1.0442383289337158,56638400
1996-04-24,2.226562976837158,2.265625,2.195312976837158,1.0552692413330078,19817600
1996-04-25,2.234375,2.242187976837158,2.203125,1.0479155778884888,17473600
1996-04-26,2.21875,2.242187976837158,2.210937976837158,1.0442383289337158,10555200
1996-04-29,2.179687976837158,2.25,2.15625,1.0515921115875244,9680000
1996-04-30,2.226562976837158,2.289062976837158,2.21875,1.0736536979675293,17118400
1996-05-01,2.273437976837158,2.273437976837158,2.242187976837158,1.0626230239868164,15344000
1996-05-02,2.257812976837158,2.265625,2.226562976837158,1.0552692413330078,12694400
1996-05-03,2.273437976837158,2.390625,2.257812976837158,1.1251300573349,27996800
1996-05-06,2.351562976837158,2.367187976837158,2.320312976837158,1.1104224920272827,16388800
1996-05-07,2.328125,2.351562976837158,2.3125,1.0957151651382446,22635200
1996-05-08,2.320312976837158,2.34375,2.273437976837158,1.0957151651382446,15147200
1996-05-09,2.125,2.359375,2.09375,1.0920382738113403,77249600
1996-05-10,2.296875,2.296875,2.210937976837158,1.0515921115875244,38276800
1996-05-13,2.210937976837158,2.242187976837158,2.1875,1.0515921115875244,13803200
1996-05-14,2.242187976837158,2.257812976837158,2.210937976837158,1.0515921115875244,12390400
1996-05-15,2.25,2.296875,2.25,1.0662996768951416,21822400
1996-05-16,2.257812976837158,2.296875,2.25,1.0662996768951416,14526400
1996-05-17,2.273437976837158,2.28125,2.25,1.069976806640625,19510400
1996-05-20,2.4375,2.492187976837158,2.414062976837158,1.1582224369049072,107697600
1996-05-21,2.453125,2.453125,2.40625,1.143514633178711,25342400
1996-05-22,2.414062976837158,2.445312976837158,2.40625,1.143514633178711,9960000
1996-05-23,2.445312976837158,2.46875,2.414062976837158,1.1582224369049072,29633600
1996-05-24,2.445312976837158,2.625,2.445312976837158,1.1986682415008545,53073600
1996-05-28,2.53125,2.5625,2.492187976837158,1.1802834272384644,18819200
1996-05-29,2.5,2.53125,2.453125,1.1839603185653687,16027200
1996-05-30,2.523437976837158,2.679687976837158,2.523437976837158,1.2464677095413208,29873600
1996-05-31,2.703125,2.796875,2.664062976837158,1.279559850692749,33142400
1996-06-03,2.671875,2.679687976837158,2.640625,1.2464677095413208,18131200
1996-06-04,2.609375,2.632812976837158,2.59375,1.2244065999984741,15316800
1996-06-05,2.5625,2.5625,2.46875,1.187637448310852,24121600
1996-06-06,2.515625,2.523437976837158,2.476562976837158,1.1729298830032349,20940800
1996-06-07,2.421875,2.476562976837158,2.414062976837158,1.161899209022522,8467200
1996-06-10,2.492187976837158,2.492187976837158,2.414062976837158,1.1471914052963257,6390400
1996-06-11,2.4375,2.476562976837158,2.429687976837158,1.150868535041809,6961600
1996-06-12,2.5,2.554687976837158,2.46875,1.1839603185653687,18225600
1996-06-13,2.515625,2.523437976837158,2.445312976837158,1.1655763387680054,7544000
1996-06-14,2.46875,2.46875,2.445312976837158,1.161899209022522,6062400
1996-06-17,2.4375,2.453125,2.414062976837158,1.139837622642517,5830400
1996-06-18,2.429687976837158,2.476562976837158,2.429687976837158,1.143514633178711,12126400
1996-06-19,2.4375,2.445312976837158,2.421875,1.150868535041809,9030400
1996-06-20,2.4375,2.453125,2.398437976837158,1.1361608505249023,10563200
1996-06-21,2.414062976837158,2.414062976837158,2.34375,1.1104224920272827,12960000
1996-06-24,2.367187976837158,2.375,2.296875,1.0883609056472778,10921600
1996-06-25,2.320312976837158,2.320312976837158,2.289062976837158,1.0846842527389526,10672000
1996-06-26,2.296875,2.304687976837158,2.226562976837158,1.0589462518692017,15243200
1996-06-27,2.257812976837158,2.289062976837158,2.234375,1.0773310661315918,12281600
1996-06-28,2.3125,2.320312976837158,2.289062976837158,1.0883609056472778,10836800
1996-07-01,2.34375,2.398437976837158,2.328125,1.1288073062896729,10507200
1996-07-02,2.390625,2.4375,2.367187976837158,1.132483959197998,9401600
1996-07-03,2.398437976837158,2.398437976837158,2.375,1.1214535236358643,4369600
1996-07-05,2.328125,2.34375,2.296875,1.081007480621338,5374400
1996-07-08,2.3125,2.414062976837158,2.3125,1.1104224920272827,12120000
1996-07-09,2.390625,2.40625,2.382812976837158,1.1251300573349,8515200
1996-07-10,2.25,2.289062976837158,2.226562976837158,1.0773310661315918,39604800
1996-07-11,2.25,2.25,2.179687976837158,1.0368846654891968,17211200
1996-07-12,2.195312976837158,2.203125,2.148437976837158,1.014823317527771,7395200
1996-07-15,2.148437976837158,2.164062976837158,2.046875,0.9633466601371765,17262400
1996-07-16,2.09375,2.125,2.015625,0.9890853762626648,20084800
1996-07-17,2.15625,2.203125,2.148437976837158,1.0368846654891968,8446400
1996-07-18,2.1875,2.195312976837158,2.15625,1.0295308828353882,10851200
1996-07-19,2.140625,2.1875,2.132812976837158,1.014823317527771,10769600
1996-07-22,2.164062976837158,2.179687976837158,2.125,1.0037928819656372,3857600
1996-07-23,2.171875,2.179687976837158,2.117187976837158,1.0001156330108643,7169600
1996-07-24,2.09375,2.15625,2.078125,0.99643874168396,7478400
1996-07-25,2.132812976837158,2.171875,2.132812976837158,1.0221768617630005,4208000
1996-07-26,2.1875,2.226562976837158,2.179687976837158,1.0479155778884888,4228800
1996-07-29,2.210937976837158,2.226562976837158,2.164062976837158,1.0221768617630005,7460800
1996-07-30,2.179687976837158,2.195312976837158,2.171875,1.0258543491363525,4947200
1996-07-31,2.203125,2.226562976837158,2.195312976837158,1.0368846654891968,6385600
1996-08-01,2.210937976837158,2.25,2.210937976837158,1.0589462518692017,7452800
1996-08-02,2.273437976837158,2.335937976837158,2.273437976837158,1.0993921756744385,8785600
1996-08-05,2.328125,2.335937976837158,2.296875,1.0846842527389526,4236800
1996-08-06,2.28125,2.28125,2.210937976837158,1.0662996768951416,7880000
1996-08-07,2.273437976837158,2.296875,2.257812976837158,1.0736536979675293,6190400
1996-08-08,2.53125,2.609375,2.4375,1.1729298830032349,78142400
1996-08-09,2.476562976837158,2.492187976837158,2.445312976837158,1.161899209022522,11451200
1996-08-12,2.476562976837158,2.515625,2.46875,1.1802834272384644,7371200
1996-08-13,2.5,2.523437976837158,2.453125,1.1582224369049072,5060800
1996-08-14,2.460937976837158,2.484375,2.4375,1.161899209022522,8120000
1996-08-15,2.5,2.53125,2.492187976837158,1.1802834272384644,11299200
1996-08-16,2.5,2.5,2.476562976837158,1.17660653591156,4894400
1996-08-19,2.484375,2.492187976837158,2.46875,1.161899209022522,3120000
1996-08-20,2.5,2.546875,2.492187976837158,1.1949913501739502,7369600
1996-08-21,2.53125,2.53125,2.507812976837158,1.187637448310852,5502400
1996-08-22,2.515625,2.570312976837158,2.507812976837158,1.206022024154663,9513600
1996-08-23,2.5625,2.570312976837158,2.53125,1.206022024154663,4140800
1996-08-26,2.570312976837158,2.585937976837158,2.546875,1.2023451328277588,3699200
1996-08-27,2.59375,2.601562976837158,2.5625,1.213375449180603,5604800
1996-08-28,2.59375,2.679687976837158,2.59375,1.2538217306137085,14131200
1996-08-29,2.65625,2.679687976837158,2.632812976837158,1.2464677095413208,9776000
1996-08-30,2.640625,2.640625,2.617187976837158,1.242790699005127,5332800
1996-09-03,2.570312976837158,2.59375,2.5625,1.2170523405075073,8561600
1996-09-04,2.570312976837158,2.632812976837158,2.5625,1.2317602634429932,12129600
1996-09-05,2.578125,2.585937976837158,2.539062976837158,1.1986682415008545,3211200
1996-09-06,2.554687976837158,2.617187976837158,2.554687976837158,1.2244065999984741,8627200
1996-09-09,2.617187976837158,2.625,2.601562976837158,1.2317602634429932,7251200
1996-09-10,2.59375,2.617187976837158,2.5625,1.213375449180603,11430400
1996-09-11,2.53125,2.601562976837158,2.53125,1.2170523405075073,13640000
1996-09-12,2.59375,2.601562976837158,2.546875,1.1986682415008545,9958400
1996-09-13,2.585937976837158,2.695312976837158,2.578125,1.2611753940582275,14854400
1996-09-16,2.6875,2.757812976837158,2.679687976837158,1.2942672967910767,16542400
1996-09-17,2.75,2.75,2.695312976837158,1.2685292959213257,7918400
1996-09-18,2.6875,2.6875,2.664062976837158,1.2574982643127441,5539200
1996-09-19,2.648437976837158,2.6875,2.648437976837158,1.2574982643127441,4363200
1996-09-20,2.671875,2.710937976837158,2.664062976837158,1.2722057104110718,5488000
1996-09-23,2.6875,2.695312976837158,2.671875,1.2685292959213257,3243200
1996-09-24,2.679687976837158,2.734375,2.671875,1.2758830785751343,6025600
1996-09-25,2.742187976837158,2.773437976837158,2.726562976837158,1.2979445457458496,7115200
1996-09-26,2.789062976837158,2.828125,2.773437976837158,1.3200056552886963,15662400
1996-09-27,2.796875,2.828125,2.765625,1.3236826658248901,10812800
1996-09-30,2.789062976837158,2.804687976837158,2.757812976837158,1.3016209602355957,5945600
1996-10-01,2.773437976837158,2.78125,2.710937976837158,1.2942672967910767,10552000
1996-10-02,2.78125,2.859375,2.757812976837158,1.3383901119232178,19632000
1996-10-03,2.898437976837158,2.984375,2.867187976837158,1.3898664712905884,33160000
1996-10-04,2.945312976837158,2.96875,2.90625,1.3678052425384521,18888000
1996-10-07,2.890625,2.898437976837158,2.84375,1.3383901119232178,11875200
1996-10-08,2.882812976837158,2.90625,2.882812976837158,1.3641287088394165,13156800
1996-10-09,2.882812976837158,2.882812976837158,2.8125,1.3273591995239258,7288000
1996-10-10,2.765625,2.789062976837158,2.71875,1.3052979707717896,16902400
1996-10-11,2.8125,2.835937976837158,2.804687976837158,1.3273591995239258,9774400
1996-10-14,2.8125,2.828125,2.8125,1.3273591995239258,4705600
1996-10-15,2.875,2.875,2.820312976837158,1.3273591995239258,13747200
1996-10-16,2.835937976837158,2.835937976837158,2.789062976837158,1.3200056552886963,6617600
1996-10-17,2.898437976837158,2.914062976837158,2.859375,1.3604514598846436,9500800
1996-10-18,2.953125,2.96875,2.929687976837158,1.3788360357284546,13518400
1996-10-21,2.921875,2.921875,2.898437976837158,1.3678052425384521,7163200
1996-10-22,2.921875,2.929687976837158,2.859375,1.3494209051132202,9294400
1996-10-23,2.875,2.914062976837158,2.84375,1.3604514598846436,7128000
1996-10-24,2.921875,2.945312976837158,2.90625,1.3678052425384521,6294400
1996-10-25,2.914062976837158,2.96875,2.914062976837158,1.397220253944397,9590400
1996-10-28,2.976562976837158,2.976562976837158,2.929687976837158,1.3825125694274902,8924800
1996-10-29,2.921875,2.921875,2.851562976837158,1.3457441329956055,11856000
1996-10-30,2.867187976837158,2.867187976837158,2.820312976837158,1.3347132205963135,5438400
1996-10-31,2.859375,2.90625,2.84375,1.3641287088394165,6960000
1996-11-01,2.898437976837158,2.914062976837158,2.867187976837158,1.3678052425384521,3638400
1996-11-04,2.890625,2.90625,2.875,1.3530972003936768,2248000
1996-11-05,2.914062976837158,2.953125,2.914062976837158,1.3825125694274902,8596800
1996-11-06,2.9375,3.054687976837158,2.9375,1.4229588508605957,10520000
1996-11-07,3.007812976837158,3.070312976837158,3.007812976837158,1.4413434267044067,8361600
1996-11-08,3.0625,3.15625,3.0625,1.4670817852020264,10872000
1996-11-11,3.171875,3.234375,3.164062976837158,1.518558382987976,19345600
1996-11-12,3.210937976837158,3.21875,3.164062976837158,1.5001734495162964,10992000
1996-11-13,3.140625,3.203125,3.125,1.5001734495162964,11974400
1996-11-14,3.421875,3.695312976837158,3.375,1.7060794830322266,100052800
1996-11-15,3.578125,3.585937976837158,3.507812976837158,1.676664113998413,28955200
1996-11-18,3.546875,3.546875,3.492187976837158,1.661956548690796,19212800
1996-11-19,3.484375,3.546875,3.476562976837158,1.665634274482727,13512000
1996-11-20,3.554687976837158,3.625,3.554687976837158,1.6803417205810547,15468800
1996-11-21,3.570312976837158,3.625,3.554687976837158,1.6987253427505493,6475200
1996-11-22,3.609375,3.6875,3.609375,1.7097563743591309,11596800
1996-11-25,3.648437976837158,3.65625,3.617187976837158,1.717110276222229,4656000
1996-11-26,3.585937976837158,3.585937976837158,3.507812976837158,1.6509268283843994,10542400
1996-11-27,3.484375,3.523437976837158,3.421875,1.6509268283843994,12723200
1996-11-29,3.5,3.515625,3.484375,1.6509268283843994,1910400
1996-12-02,3.507812976837158,3.523437976837158,3.484375,1.6509268283843994,6918400
1996-12-03,3.515625,3.617187976837158,3.507812976837158,1.6803417205810547,13240000
1996-12-04,3.546875,3.601562976837158,3.523437976837158,1.6803417205810547,16329600
1996-12-05,3.546875,3.570312976837158,3.515625,1.6546028852462769,11284800
1996-12-06,3.429687976837158,3.460937976837158,3.398437976837158,1.6068038940429688,21526400
1996-12-09,3.460937976837158,3.53125,3.453125,1.661956548690796,8512000
1996-12-10,3.554687976837158,3.625,3.554687976837158,1.691372275352478,12147200
1996-12-11,3.476562976837158,3.554687976837158,3.46875,1.6472493410110474,13272000
1996-12-12,3.539062976837158,3.570312976837158,3.476562976837158,1.6362186670303345,11393600
1996-12-13,3.460937976837158,3.476562976837158,3.429687976837158,1.6178343296051025,7486400
1996-12-16,3.421875,3.429687976837158,3.367187976837158,1.5847423076629639,8748800
1996-12-17,3.328125,3.375,3.328125,1.5884190797805786,17689600
1996-12-18,3.429687976837158,3.648437976837158,3.429687976837158,1.6840182542800903,23072000
1996-12-19,3.546875,3.585937976837158,3.484375,1.6803417205810547,18219200
1996-12-20,3.546875,3.554687976837158,3.492187976837158,1.661956548690796,12448000
1996-12-23,3.523437976837158,3.546875,3.507812976837158,1.6509268283843994,4948800
1996-12-24,3.515625,3.53125,3.507812976837158,1.6546028852462769,2048000
1996-12-26,3.53125,3.59375,3.53125,1.676664113998413,2254400
1996-12-27,3.5625,3.59375,3.5625,1.6876957416534424,2326400
1996-12-30,3.59375,3.617187976837158,3.585937976837158,1.6876957416534424,6713600
1996-12-31,3.578125,3.601562976837158,3.5625,1.6950492858886719,3894400
1997-01-02,3.601562976837158,3.601562976837158,3.515625,1.661956548690796,7873600
1997-01-03,3.570312976837158,3.617187976837158,3.570312976837158,1.6987253427505493,8817600
1997-01-06,3.601562976837158,3.664062976837158,3.59375,1.6950492858886719,15545600
1997-01-07,3.625,3.742187976837158,3.609375,1.7538790702819824,16409600
1997-01-08,3.820312976837158,3.875,3.75,1.7832947969436646,29004800
1997-01-09,3.859375,3.984375,3.859375,1.8531558513641357,49054400
1997-01-10,3.898437976837158,4.023437976837158,3.898437976837158,1.8678631782531738,52696000
1997-01-13,3.96875,3.976562976837158,3.90625,1.8605092763900757,18595200
1997-01-14,3.96875,3.992187976837158,3.953125,1.8678631782531738,11028800
1997-01-15,3.984375,4.09375,3.976562976837158,1.9119861125946045,17630400
1997-01-16,4.070312976837158,4.078125,4.039062976837158,1.9046320915222168,8873600
1997-01-17,4,4.0625,3.976562976837158,1.9119861125946045,13024000
1997-01-20,4.101562976837158,4.203125,4.09375,1.9597861766815186,19651200
1997-01-21,4.125,4.171875,4.109375,1.9524316787719727,12028800
1997-01-22,4.117187976837158,4.195312976837158,4.085937976837158,1.974493384361267,16699200
1997-01-23,4.1875,4.242187976837158,4.09375,1.9340472221374512,17070400
1997-01-24,4.078125,4.09375,4.03125,1.9083086252212524,9926400
1997-01-27,4,4.023437976837158,3.914062976837158,1.8421247005462646,11104000
1997-01-28,3.96875,4.039062976837158,3.953125,1.8641866445541382,10350400
1997-01-29,3.929687976837158,3.960937976837158,3.875,1.8605092763900757,14419200
1997-01-30,3.953125,4.054687976837158,3.945312976837158,1.9083086252212524,11364800
1997-01-31,4.109375,4.226562976837158,4.101562976837158,1.9708161354064941,21075200
1997-02-03,4.148437976837158,4.15625,4.109375,1.9340472221374512,18472000
1997-02-04,4.109375,4.164062976837158,4.078125,1.9597861766815186,6299200
1997-02-05,4.179687976837158,4.1875,4.101562976837158,1.9377245903015137,12726400
1997-02-06,4.09375,4.117187976837158,4.054687976837158,1.926693320274353,16016000
1997-02-07,4.101562976837158,4.117187976837158,4,1.9340472221374512,17835200
1997-02-10,4.101562976837158,4.1875,4.101562976837158,1.9671399593353271,21257600
1997-02-11,4.15625,4.15625,3.992187976837158,1.9230167865753174,22099200
1997-02-12,4.070312976837158,4.210937976837158,4.046875,1.9708161354064941,16424000
1997-02-13,4.164062976837158,4.164062976837158,3.90625,1.8825706243515015,59208000
1997-02-14,3.953125,4.007812976837158,3.851562976837158,1.8163857460021973,23222400
1997-02-18,3.859375,3.875,3.6875,1.7649102210998535,29768000
1997-02-19,3.789062976837158,3.882812976837158,3.75,1.8053557872772217,43683200
1997-02-20,3.851562976837158,3.890625,3.765625,1.7796177864074707,17614400
1997-02-21,3.796875,3.820312976837158,3.773437976837158,1.7832947969436646,13244800
1997-02-24,3.765625,3.859375,3.757812976837158,1.8090322017669678,15059200
1997-02-25,3.859375,3.867187976837158,3.796875,1.8090322017669678,8118400
1997-02-26,3.882812976837158,3.882812976837158,3.742187976837158,1.7832947969436646,8825600
1997-02-27,3.8125,3.828125,3.757812976837158,1.7685872316360474,10598400
1997-02-28,3.75,3.75,3.640625,1.720787525177002,21139200
1997-03-03,3.65625,3.71875,3.648437976837158,1.7428486347198486,8096000
1997-03-04,3.765625,3.820312976837158,3.75,1.7796177864074707,13590400
1997-03-05,3.828125,3.84375,3.765625,1.7869714498519897,11928000
1997-03-06,3.820312976837158,3.835937976837158,3.789062976837158,1.8053557872772217,6894400
1997-03-07,3.867187976837158,3.945312976837158,3.820312976837158,1.812709093093872,14632000
1997-03-10,3.90625,4.054687976837158,3.890625,1.9046320915222168,11262400
1997-03-11,4.039062976837158,4.054687976837158,3.976562976837158,1.9009548425674438,6651200
1997-03-12,4,4,3.914062976837158,1.85683274269104,7859200
1997-03-13,3.890625,3.945312976837158,3.84375,1.8274176120758057,6556800
1997-03-14,3.890625,3.929687976837158,3.890625,1.8458017110824585,6787200
1997-03-17,3.90625,3.90625,3.859375,1.8310950994491577,6027200
1997-03-18,3.875,3.875,3.820312976837158,1.8163857460021973,4243200
1997-03-19,3.8125,3.828125,3.703125,1.7612329721450806,8540800
1997-03-20,3.726562976837158,3.773437976837158,3.671875,1.7649102210998535,8548800
1997-03-21,3.789062976837158,3.796875,3.757812976837158,1.7796177864074707,5382400
1997-03-24,3.765625,3.765625,3.65625,1.7612329721450806,8264000
1997-03-25,3.742187976837158,3.765625,3.703125,1.7538790702819824,5328000
1997-03-26,3.742187976837158,3.835937976837158,3.726562976837158,1.7943252325057983,8468800
1997-03-27,3.765625,3.796875,3.695312976837158,1.766419768333435,3515200
1997-03-31,3.710937976837158,3.710937976837158,3.632812976837158,1.7329508066177368,14875200
1997-04-01,3.65625,3.671875,3.570312976837158,1.7478257417678833,11977600
1997-04-02,3.546875,3.5625,3.445312976837158,1.658575177192688,17326400
1997-04-03,3.546875,3.5625,3.492187976837158,1.6734501123428345,39334400
1997-04-04,3.476562976837158,3.632812976837158,3.476562976837158,1.7143568992614746,22267200
1997-04-07,3.695312976837158,3.742187976837158,3.671875,1.7775760889053345,26297600
1997-04-08,3.757812976837158,3.773437976837158,3.726562976837158,1.7887324094772339,17387200
1997-04-09,3.78125,3.78125,3.679687976837158,1.7552634477615356,12321600
1997-04-10,3.703125,3.734375,3.6875,1.7701377868652344,2587200
1997-04-11,3.65625,3.671875,3.601562976837158,1.7180757522583008,6019200
1997-04-14,3.585937976837158,3.585937976837158,3.523437976837158,1.695763111114502,11526400
1997-04-15,3.578125,3.59375,3.507812976837158,1.6697317361831665,16844800
1997-04-16,3.515625,3.601562976837158,3.507812976837158,1.7143568992614746,12164800
1997-04-17,3.601562976837158,3.601562976837158,3.5625,1.7106376886367798,7451200
1997-04-18,3.640625,3.710937976837158,3.609375,1.7515448331832886,7857600
1997-04-21,3.6875,3.695312976837158,3.640625,1.736669898033142,4688000
1997-04-22,3.664062976837158,3.695312976837158,3.625,1.7552634477615356,4251200
1997-04-23,3.703125,3.703125,3.648437976837158,1.7515448331832886,6064000
1997-04-24,3.679687976837158,3.71875,3.65625,1.766419768333435,13947200
1997-04-25,3.726562976837158,3.742187976837158,3.539062976837158,1.6920444965362549,13361600
1997-04-28,3.625,3.640625,3.585937976837158,1.7180757522583008,10761600
1997-04-29,3.84375,3.929687976837158,3.84375,1.833357810974121,54630400
1997-04-30,3.867187976837158,4.054687976837158,3.867187976837158,1.9226088523864746,42760000
1997-05-01,4.046875,4.09375,3.960937976837158,1.9002960920333862,12664000
1997-05-02,3.953125,4.015625,3.945312976837158,1.904014229774475,17595200
1997-05-05,3.976562976837158,4.078125,3.914062976837158,1.9374829530715942,22603200
1997-05-06,4.03125,4.0625,4,1.904014229774475,12374400
1997-05-07,3.96875,3.984375,3.898437976837158,1.8631078004837036,9568000
1997-05-08,3.882812976837158,3.984375,3.882812976837158,1.8891394138336182,8761600
1997-05-09,4.03125,4.039062976837158,3.929687976837158,1.8891394138336182,5740800
1997-05-12,4,4.054687976837158,4,1.9300460815429688,10886400
1997-05-13,4.054687976837158,4.078125,4.015625,1.9188898801803589,8364800
1997-05-14,4.046875,4.140625,4.046875,1.9709521532058716,13844800
1997-05-15,4.101562976837158,4.140625,4.09375,1.9597960710525513,9460800
1997-05-16,4.117187976837158,4.179687976837158,4.085937976837158,1.9560773372650146,10155200
1997-05-19,4.070312976837158,4.109375,4.015625,1.9374829530715942,8187200
1997-05-20,4.085937976837158,4.171875,4.085937976837158,1.9858278036117554,8894400
1997-05-21,4.234375,4.25,4.210937976837158,2.023015260696411,16777600
1997-05-22,4.242187976837158,4.28125,4.242187976837158,2.0378899574279785,22720000
1997-05-23,4.328125,4.351562976837158,4.320312976837158,2.0639219284057617,20422400
1997-05-27,4.257812976837158,4.320312976837158,4.25,2.04532790184021,9443200
1997-05-28,4.257812976837158,4.28125,4.226562976837158,2.0192971229553223,11862400
1997-05-29,4.210937976837158,4.257812976837158,4.210937976837158,2.01185941696167,3179200
1997-05-30,4.101562976837158,4.140625,4.0625,1.9635149240493774,22283200
1997-06-02,4.171875,4.171875,4.117187976837158,1.978390097618103,9060800
1997-06-03,4.15625,4.234375,4.148437976837158,1.9895474910736084,10433600
1997-06-04,4.171875,4.179687976837158,4.039062976837158,1.9374829530715942,7016000
1997-06-05,4.09375,4.140625,4.09375,1.952358365058899,4240000
1997-06-06,4.109375,4.335937976837158,4.101562976837158,2.04532790184021,11993600
1997-06-09,4.296875,4.328125,4.28125,2.0490474700927734,18992000
1997-06-10,4.3125,4.3125,4.257812976837158,2.0341718196868896,10939200
1997-06-11,4.390625,4.429687976837158,4.335937976837158,2.0676403045654297,27552000
1997-06-12,4.382812976837158,4.453125,4.359375,2.0825157165527344,29843200
1997-06-13,4.375,4.40625,4.320312976837158,2.0787973403930664,9544000
1997-06-16,4.375,4.40625,4.359375,2.0825157165527344,7014400
1997-06-17,4.328125,4.421875,4.296875,2.071359395980835,10494400
1997-06-18,4.367187976837158,4.414062976837158,4.359375,2.0825157165527344,6030400
1997-06-19,4.421875,4.546875,4.398437976837158,2.127141237258911,9033600
1997-06-20,4.484375,4.554687976837158,4.453125,2.134578227996826,8104000
1997-06-23,4.570312976837158,4.585937976837158,4.476562976837158,2.1382977962493896,13416000
1997-06-24,4.546875,4.664062976837158,4.546875,2.20151686668396,17921600
1997-06-25,4.75,4.792969226837158,4.632812976837158,2.2089545726776123,88801600
1997-06-26,4.6875,4.71875,4.601562976837158,2.2126731872558594,17998400
1997-06-27,4.703125,4.734375,4.664062976837158,2.24056339263916,13876800
1997-06-30,4.664062976837158,4.6875,4.609375,2.1940786838531494,8470400
1997-07-01,4.625,4.65625,4.484375,2.1643288135528564,20299200
1997-07-02,4.578125,4.652344226837158,4.570312976837158,2.2145328521728516,8505600
1997-07-03,4.71875,4.804687976837158,4.71875,2.2535791397094727,10646400
1997-07-07,4.898437976837158,4.914062976837158,4.835937976837158,2.3130805492401123,10875200
1997-07-08,4.929687976837158,5,4.90625,2.3800177574157715,13806400
1997-07-09,5.183594226837158,5.183594226837158,5.054687976837158,2.413487672805786,15507200
1997-07-10,5.023437976837158,5.046875,4.914062976837158,2.365143299102783,9768000
1997-07-11,4.984375,5.039062976837158,4.9375,2.353986978530884,5160000
1997-07-14,5.054687976837158,5.0625,4.953125,2.387455701828003,8304000
1997-07-15,5.011719226837158,5.054687976837158,4.945312976837158,2.391174554824829,9067200
1997-07-16,5.203125,5.351562976837158,5.1875,2.538066864013672,12641600
1997-07-17,5.316405773162842,5.316405773162842,5.21875,2.4878628253936768,9163200
1997-07-18,5.15625,5.171875,5.015625,2.391174554824829,15660800
1997-07-21,5.0625,5.0625,4.828125,2.316798448562622,24011200
1997-07-22,4.9375,4.96875,4.8125,2.333533525466919,21248000
1997-07-23,4.964844226837158,4.964844226837158,4.867187976837158,2.335392713546753,14376000
1997-07-24,5.15625,5.179687976837158,5.09375,2.4488158226013184,16153600
1997-07-25,5.164062976837158,5.21875,5.117187976837158,2.465550184249878,7502400
1997-07-28,5.164062976837158,5.164062976837158,5.132812976837158,2.4581127166748047,4800000
1997-07-29,5.15625,5.3125,5.125,2.513894557952881,12747200
1997-07-30,5.328125,5.414062976837158,5.324219226837158,2.5585198402404785,12780800
1997-07-31,5.421875,5.429687976837158,5.3125,2.54736328125,6608000
1997-08-01,5.34375,5.523437976837158,5.25,2.6012861728668213,17089600
1997-08-04,5.351562976837158,5.445312976837158,5.21875,2.5064566135406494,22980800
1997-08-05,5.273437976837158,5.328125,5.257812976837158,2.5343470573425293,14318400
1997-08-06,5.398437976837158,5.460937976837158,5.351562976837158,2.5771138668060303,12776000
1997-08-07,5.46875,5.507812976837158,5.316405773162842,2.5566611289978027,13270400
1997-08-08,5.296875,5.367187976837158,5.125,2.48972225189209,13953600
1997-08-11,5.28125,5.296875,5.1875,2.521331548690796,8057600
1997-08-12,5.3125,5.316405773162842,5.191405773162842,2.4767067432403564,8636800
1997-08-13,5.28125,5.316405773162842,5.207030773162842,2.497159481048584,8691200
1997-08-14,5.257812976837158,5.273437976837158,5.15625,2.472987413406372,4779200
1997-08-15,5.1875,5.1875,5.0625,2.413487672805786,7360000
1997-08-18,5.117187976837158,5.125,4.96875,2.4209249019622803,9454400
1997-08-19,5.164062976837158,5.265625,5.164062976837158,2.4878628253936768,9723200
1997-08-20,5.261719226837158,5.308594226837158,5.226562976837158,2.526909351348877,8355200
1997-08-21,5.28125,5.285155773162842,5.136719226837158,2.4636905193328857,7464000
1997-08-22,5,5.09375,4.917969226837158,2.393033504486084,19713600
1997-08-25,5.035155773162842,5.039062976837158,4.914062976837158,2.3614249229431152,8740800
1997-08-26,4.945312976837158,5,4.851562976837158,2.3279550075531006,10649600
1997-08-27,4.953125,4.972655773162842,4.816405773162842,2.3577051162719727,12563200
1997-08-28,4.921875,4.9375,4.875,2.331674098968506,9118400
1997-08-29,4.851562976837158,4.882812976837158,4.796875,2.3056423664093018,6486400
1997-09-02,4.929687976837158,5.042969226837158,4.929687976837158,2.3967525959014893,14163200
1997-09-03,5.0625,5.210937976837158,5.0625,2.47112774848938,16288000
1997-09-04,5.15625,5.234375,5.117187976837158,2.4767067432403564,11779200
1997-09-05,5.25,5.28125,5.203125,2.5045976638793945,9174400
1997-09-08,5.25,5.289062976837158,5.207030773162842,2.478564500808716,9507200
1997-09-09,5.199219226837158,5.277344226837158,5.199219226837158,2.5045976638793945,8262400
1997-09-10,5.230469226837158,5.230469226837158,5.109375,2.4469566345214844,9251200
1997-09-11,5.125,5.15625,5,2.3800177574157715,8969600
1997-09-12,5.128905773162842,5.148437976837158,5.101562976837158,2.4488158226013184,12372800
1997-09-15,5.210937976837158,5.214844226837158,5.078125,2.4209249019622803,17705600
1997-09-16,5.117187976837158,5.257812976837158,5.109375,2.4934403896331787,11118400
1997-09-17,5.195312976837158,5.210937976837158,5.148437976837158,2.47112774848938,11377600
1997-09-18,5.203125,5.359375,5.203125,2.500877857208252,11700800
1997-09-19,5.3125,5.414062976837158,5.3125,2.5585198402404785,8307200
1997-09-22,5.414062976837158,5.460937976837158,5.375,2.5771138668060303,7486400
1997-09-23,5.457030773162842,5.53125,5.429687976837158,2.631035089492798,11211200
1997-09-24,5.609375,5.671875,5.570312976837158,2.670081853866577,8702400
1997-09-25,5.597655773162842,5.597655773162842,5.523437976837158,2.655207395553589,8931200
1997-09-26,5.679687976837158,5.78125,5.652344226837158,2.7518956661224365,20020800
1997-09-29,5.789062976837158,5.855469226837158,5.75,2.7760684490203857,8692800
1997-09-30,5.867187976837158,5.949219226837158,5.863280773162842,2.790942668914795,19049600
1997-10-01,5.90625,6,5.90625,2.856022357940674,9819200
1997-10-02,6.046875,6.046875,5.898437976837158,2.829991340637207,8588800
1997-10-03,6.0625,6.171875,6.050780773162842,2.922959327697754,16620800
1997-10-06,6.140625,6.171875,6.074219226837158,2.9303977489471436,6761600
1997-10-07,6.167969226837158,6.355469226837158,6.15625,3.0252268314361572,8897600
1997-10-08,6.378905773162842,6.402344226837158,6.15625,2.975022077560425,15792000
1997-10-09,6.109375,6.328125,6.101562976837158,2.9861786365509033,10278400
1997-10-10,6.140625,6.195312976837158,6.132812976837158,2.943413496017456,5993600
1997-10-13,6.203125,6.21875,6.136719226837158,2.9341166019439697,5208000
1997-10-14,6.160155773162842,6.246094226837158,6.039062976837158,2.943413496017456,17328000
1997-10-15,6.078125,6.140625,6.0625,2.9118034839630127,11078400
1997-10-16,6.125,6.152344226837158,6.015625,2.872755765914917,9769600
1997-10-17,5.90625,5.9375,5.78125,2.8244128227233887,21212800
1997-10-20,5.9375,6.070312976837158,5.914062976837158,2.885772943496704,8300800
1997-10-21,6.1875,6.359375,6.171875,3.008491277694702,15348800
1997-10-22,6.289062976837158,6.375,6.125,3.027086019515991,10542400
1997-10-23,6.023437976837158,6.148437976837158,5.972655773162842,2.844864845275879,30633600
1997-10-24,6.058594226837158,6.0625,5.59375,2.683098793029785,44947200
1997-10-27,5.578125,5.585937976837158,4.964844226837158,2.363284111022949,33040000
1997-10-28,4.8125,5.539062976837158,4.6875,2.6254570484161377,63425600
1997-10-29,5.59375,5.703125,5.367187976837158,2.5771138668060303,27259200
1997-10-30,5.242187976837158,5.578125,5.1875,2.5045976638793945,41510400
1997-10-31,5.625,5.625,5.378905773162842,2.6254570484161377,17737600
1997-11-03,5.625,5.679687976837158,5.515625,2.70355224609375,17497600
1997-11-04,5.570312976837158,5.714844226837158,5.527344226837158,2.692394733428955,12224000
1997-11-05,5.71875,5.765625,5.648437976837158,2.7240052223205566,12996800
1997-11-06,5.609375,5.667969226837158,5.59375,2.670081853866577,9744000
1997-11-07,5.398437976837158,5.5625,5.367187976837158,2.6254570484161377,16003200
1997-11-10,5.566405773162842,5.640625,5.417969226837158,2.599426507949829,10496000
1997-11-11,5.46875,5.46875,5.289062976837158,2.517613172531128,15459200
1997-11-12,5.1875,5.199219226837158,4.8125,2.3056423664093018,48358400
1997-11-13,5.019530773162842,5.109375,4.757812976837158,2.4097683429718018,26352000
1997-11-14,5.03125,5.292969226837158,4.976562976837158,2.48972225189209,21752000
1997-11-17,5.34375,5.5,5.28125,2.595707893371582,17817600
1997-11-18,5.445312976837158,5.445312976837158,5.335937976837158,2.543644428253174,15491200
1997-11-19,5.351562976837158,5.453125,5.304687976837158,2.573394775390625,10105600
1997-11-20,5.496094226837158,5.574219226837158,5.441405773162842,2.6384730339050293,9721600
1997-11-21,5.558594226837158,5.609375,5.453125,2.6087229251861572,11603200
1997-11-24,5.359375,5.390625,5.113280773162842,2.439518451690674,20248000
1997-11-25,5.171875,5.25,5.109375,2.4469566345214844,20627200
1997-11-26,5.15625,5.164062976837158,4.96875,2.4004716873168945,14894400
1997-11-28,5.023437976837158,5.199219226837158,5.015625,2.472987413406372,4505600
1997-12-01,5.15625,5.179687976837158,4.96875,2.4525344371795654,27744000
1997-12-02,5.09375,5.09375,4.78125,2.3037831783294678,51710400
1997-12-03,4.695312976837158,4.785155773162842,4.519530773162842,2.2424235343933105,65820800
1997-12-04,4.921875,4.9375,4.835937976837158,2.342830181121826,52142400
1997-12-05,4.851562976837158,5.085937976837158,4.847655773162842,2.3837368488311768,17339200
1997-12-08,5.03125,5.1875,5,2.3967525959014893,17939200
1997-12-09,4.835937976837158,4.953125,4.828125,2.2982048988342285,15046400
1997-12-10,4.683594226837158,4.710937976837158,4.4375,2.1382977962493896,43204800
1997-12-11,4.375,4.386719226837158,4.226562976837158,2.054624557495117,49648000
1997-12-12,4.414062976837158,4.453125,4.171875,2.0527656078338623,25496000
1997-12-15,4.289062976837158,4.328125,4.132812976837158,2.015577793121338,30457600
1997-12-16,4.339844226837158,4.460937976837158,4.273437976837158,2.0490474700927734,23590400
1997-12-17,4.527344226837158,4.625,4.429687976837158,2.128999948501587,17177600
1997-12-18,4.433594226837158,4.445312976837158,4.28125,2.0825157165527344,15425600
1997-12-19,4.21875,4.351562976837158,4.09375,2.0583436489105225,21915200
1997-12-22,4.375,4.4375,4.195312976837158,2.0044219493865967,7792000
1997-12-23,4.34375,4.34375,4.007812976837158,1.9188898801803589,16240000
1997-12-24,4.0625,4.09375,3.953125,1.9263274669647217,4136000
1997-12-26,4.035155773162842,4.125,4,1.9635149240493774,2888000
1997-12-29,4.234375,4.390625,4.226562976837158,2.0787973403930664,13353600
1997-12-30,4.375,4.453125,4.375,2.102969169616699,8492800
1997-12-31,4.4375,4.484375,4.285155773162842,2.0676403045654297,7734400
1998-01-02,4.484375,4.625,4.46875,2.197798252105713,13086400
1998-01-05,4.671875,4.71875,4.546875,2.1643288135528564,22360000
1998-01-06,4.5625,4.671875,4.53125,2.207094430923462,19438400
1998-01-07,4.699219226837158,4.75,4.578125,2.20151686668396,16756800
1998-01-08,4.621094226837158,4.722655773162842,4.570312976837158,2.1885008811950684,12307200
1998-01-09,4.507812976837158,4.53125,4.335937976837158,2.0639219284057617,15470400
1998-01-12,4.179687976837158,4.296875,4.15625,2.0267343521118164,11067200
1998-01-13,4.316405773162842,4.375,4.304687976837158,2.0639219284057617,17084800
1998-01-14,4.453125,4.632812976837158,4.414062976837158,2.20151686668396,20451200
1998-01-15,4.640625,4.71875,4.5625,2.175485610961914,18763200
1998-01-16,4.65625,4.71875,4.601562976837158,2.197798252105713,18092800
1998-01-20,4.671875,4.8125,4.625,2.2870492935180664,17536000
1998-01-21,4.710937976837158,4.761719226837158,4.679687976837158,2.2349863052368164,9331200
1998-01-22,4.648437976837158,4.746094226837158,4.617187976837158,2.207094430923462,9849600
1998-01-23,4.636719226837158,4.664062976837158,4.585937976837158,2.20151686668396,12780800
1998-01-26,4.679687976837158,4.679687976837158,4.511719226837158,2.1699068546295166,10156800
1998-01-27,4.570312976837158,4.765625,4.570312976837158,2.2684545516967773,10044800
1998-01-28,4.828125,5.0625,4.828125,2.4097683429718018,31569600
1998-01-29,4.960937976837158,5.027344226837158,4.90625,2.335392713546753,23616000
1998-01-30,4.921875,4.925780773162842,4.710937976837158,2.2610175609588623,19460800
1998-02-02,4.929687976837158,4.9375,4.839844226837158,2.3465490341186523,13846400
1998-02-03,4.890625,4.960937976837158,4.878905773162842,2.3577051162719727,16758400
1998-02-04,4.96875,5.078125,4.953125,2.4116270542144775,13563200
1998-02-05,5.183594226837158,5.25,5.09375,2.4246432781219482,15886400
1998-02-06,5.09375,5.195312976837158,5.09375,2.467409372329712,14083200
1998-02-09,5.15625,5.164062976837158,5.003905773162842,2.4004716873168945,7937600
1998-02-10,5.089844226837158,5.140625,5.042969226837158,2.4302220344543457,9012800
1998-02-11,5.105469226837158,5.183594226837158,5.082030773162842,2.4618308544158936,7868800
1998-02-12,5.4375,5.8125,5.40625,2.7277238368988037,62734400
1998-02-13,5.726562976837158,5.773437976837158,5.601562976837158,2.70355224609375,19049600
1998-02-17,5.832030773162842,5.976562976837158,5.832030773162842,2.8337085247039795,30056000
1998-02-18,5.9375,6.074219226837158,5.878905773162842,2.887631416320801,12497600
1998-02-19,5.984375,6.066405773162842,5.875,2.8504433631896973,34318400
1998-02-20,5.972655773162842,6.09375,5.886719226837158,2.8783349990844727,13660800
1998-02-23,6.160155773162842,6.3125,6.160155773162842,2.976881742477417,18907200
1998-02-24,6.171875,6.1875,6.054687976837158,2.919241428375244,16579200
1998-02-25,6.140625,6.339844226837158,6.101562976837158,2.9824600219726562,17081600
1998-02-26,6.144530773162842,6.289062976837158,6.140625,2.9843192100524902,12670400
1998-02-27,6.21875,6.5,6.210937976837158,2.99733567237854,25216000
1998-03-02,6.351562976837158,6.429687976837158,6.300780773162842,3.002913475036621,7153600
1998-03-03,6.179687976837158,6.1875,6.070312976837158,2.9006474018096924,12392000
1998-03-04,6.015625,6.101562976837158,6.007812976837158,2.8783349990844727,11348800
1998-03-05,5.839844226837158,5.984375,5.839844226837158,2.8113961219787598,16345600
1998-03-06,5.96875,6.144530773162842,5.945312976837158,2.895068407058716,22542400
1998-03-09,6.125,6.132812976837158,5.90625,2.841146230697632,18296000
1998-03-10,6.101562976837158,6.101562976837158,5.976562976837158,2.893209934234619,14790400
1998-03-11,6.125,6.265625,6.109375,2.956428289413452,20212800
1998-03-12,6.289062976837158,6.375,6.242187976837158,3.0233664512634277,13099200
1998-03-13,6.402344226837158,6.527344226837158,6.378905773162842,3.086585760116577,17688000
1998-03-16,6.5,6.644530773162842,6.5,3.157243490219116,28180800
1998-03-17,6.6875,6.710937976837158,6.460937976837158,3.133070468902588,19708800
1998-03-18,6.484375,6.75,6.484375,3.1981489658355713,23998400
1998-03-19,6.75,6.804687976837158,6.625,3.201868772506714,15830400
1998-03-20,6.761719226837158,6.761719226837158,6.65625,3.2055861949920654,8588800
1998-03-23,6.695312976837158,6.730469226837158,6.636719226837158,3.168398857116699,7689600
1998-03-24,6.59375,6.734375,6.523437976837158,3.2000091075897217,13112000
1998-03-25,6.78125,6.855469226837158,6.703125,3.251399517059326,14321600
1998-03-26,6.75,6.765625,6.691405773162842,3.253281354904175,7590400
1998-03-27,6.8125,6.8125,6.664062976837158,3.2231578826904297,7875200
1998-03-30,6.671875,6.695312976837158,6.617187976837158,3.1968014240264893,3456000
1998-03-31,6.703125,6.8125,6.671875,3.251399517059326,8800000
1998-04-01,6.8125,6.90625,6.765625,3.3285889625549316,14054400
1998-04-02,6.875,6.933594226837158,6.820312976837158,3.3323543071746826,10643200
1998-04-03,7,7.179687976837158,6.96875,3.4528465270996094,16340800
1998-04-06,7.238280773162842,7.289062976837158,7.128905773162842,3.449080467224121,16288000
1998-04-07,7.160155773162842,7.160155773162842,7.046875,3.4189577102661133,12491200
1998-04-08,7.136719226837158,7.285155773162842,7.128905773162842,3.49049973487854,9404800
1998-04-09,7.25,7.304687976837158,7.210937976837158,3.4754390716552734,5739200
1998-04-13,7.21875,7.304687976837158,7.15625,3.5149741172790527,7344000
1998-04-14,7.398437976837158,7.542969226837158,7.363280773162842,3.605343818664551,16302400
1998-04-15,7.710937976837158,7.875,7.671875,3.780433177947998,23886400
1998-04-16,7.796875,7.796875,7.46875,3.6674726009368896,15850400
1998-04-17,7.601562976837158,7.953125,7.53125,3.772902011871338,11790400
1998-04-20,8.03125,8.289063453674316,8,3.983764410018921,12216000
1998-04-21,8.34375,8.398438453674316,8.164063453674316,3.9536402225494385,16697600
1998-04-22,8.15625,8.171875,7.90625,3.8557403087615967,9427200
1998-04-23,7.992187976837158,8.296875,7.921875,3.915987014770508,11859200
1998-04-24,8.40625,8.40625,8.03125,3.9611711502075195,16032800
1998-04-27,7.90625,8.21875,7.734375,3.9611711502075195,13918400
1998-04-28,8.109375,8.203125,7.875,3.8820979595184326,10536000
1998-04-29,8,8.03125,7.875,3.840679407119751,12683200
1998-04-30,8.3125,8.421875,8.273438453674316,4.0289483070373535,11359200
1998-05-01,8.40625,8.5625,8.351563453674316,4.123082637786865,6631200
1998-05-04,8.65625,8.671875,8.59375,4.156970977783203,8648800
1998-05-05,8.625,8.671875,8.484375,4.164502143859863,5758400
1998-05-06,8.695313453674316,8.71875,8.4375,4.066601276397705,6638400
1998-05-07,8.492188453674316,8.492188453674316,8.320313453674316,4.032713413238525,5571200
1998-05-08,8.375,8.4375,8.328125,4.066601276397705,7333600
1998-05-11,8.5,8.710938453674316,8.5,4.138145446777344,6184000
1998-05-12,8.617188453674316,8.75,8.609375,4.2096848487854,6180000
1998-05-13,8.6875,8.6875,8.515625,4.108022689819336,4447200
1998-05-14,8.460938453674316,8.5,8.359375,4.032713413238525,4402400
1998-05-15,8.335938453674316,8.351563453674316,8.078125,3.9009246826171875,8061600
1998-05-18,8.109375,8.15625,7.914062976837158,3.8482093811035156,8586400
1998-05-19,8.234375,8.34375,8.132813453674316,3.938577890396118,5564000
1998-05-20,8.335938453674316,8.40625,8.195313453674316,4.01388692855835,7439200
1998-05-21,8.328125,8.421875,8.21875,4.051541328430176,5037600
1998-05-22,8.375,8.40625,8.25,4.017651557922363,3099200
1998-05-26,8.59375,8.601563453674316,8.390625,4.06283712387085,7867200
1998-05-27,8.28125,8.34375,8.03125,3.9611711502075195,11067200
1998-05-28,8.210938453674316,8.367188453674316,8.140625,3.9762320518493652,4451200
1998-05-29,8.25,8.289063453674316,8.0625,3.912221670150757,6719200
1998-06-01,7.953125,8,7.820312976837158,3.810556411743164,9897600
1998-06-02,7.945312976837158,7.976562976837158,7.703125,3.7992608547210693,10096000
1998-06-03,8.039063453674316,8.15625,8,3.8557403087615967,6202400
1998-06-04,8.125,8.296875,8.0625,3.97999906539917,4861600
1998-06-05,8.320313453674316,8.609375,8.3125,4.134378910064697,6439200
1998-06-08,8.640625,8.71875,8.554688453674316,4.160736560821533,3296800
1998-06-09,8.570313453674316,8.609375,8.46875,4.126847743988037,3662400
1998-06-10,8.375,8.453125,8.226563453674316,4.01388692855835,5372000
1998-06-11,8.351563453674316,8.351563453674316,7.9375,3.825617790222168,10008000
1998-06-12,7.984375,8.078125,7.78125,3.8557403087615967,10176000
1998-06-15,7.71875,7.804687976837158,7.484375,3.6072256565093994,14262400
1998-06-16,7.703125,7.75,7.523437976837158,3.735248565673828,13692800
1998-06-17,8,8.226563453674316,8,3.908456325531006,8812800
1998-06-18,8.039063453674316,8.0625,7.890625,3.818087100982666,5408000
1998-06-19,7.992187976837158,8.09375,7.960937976837158,3.8482093811035156,6549600
1998-06-22,7.890625,8.25,7.875,3.9272842407226562,6967200
1998-06-23,8.28125,8.523438453674316,8.234375,4.104256629943848,9440000
1998-06-24,8.492188453674316,8.625,8.492188453674316,4.1193156242370605,10066400
1998-06-25,8.679688453674316,8.757813453674316,8.4375,4.070367336273193,10322400
1998-06-26,8.484375,8.75,8.46875,4.217216491699219,8621600
1998-06-29,8.96875,9.367188453674316,8.953125,4.492088794708252,22925600
1998-06-30,9.1875,9.3125,9.070313453674316,4.3828935623168945,6430400
1998-07-01,9.28125,9.398438453674316,9.132813453674316,4.51844596862793,8359200
1998-07-02,9.4375,9.5625,9.367188453674316,4.52974271774292,7452000
1998-07-06,9.78125,10,9.757813453674316,4.797084331512451,8505600
1998-07-07,9.875,9.898438453674316,9.71875,4.699184417724609,6426400
1998-07-08,9.851563453674316,9.90625,9.78125,4.755665302276611,12141600
1998-07-09,9.765625,9.796875,9.671875,4.672826290130615,14376000
1998-07-10,9.726563453674316,9.75,9.59375,4.672826290130615,8793600
1998-07-13,9.78125,9.875,9.75,4.740604400634766,5090400
1998-07-14,9.929688453674316,10.234375,9.921875,4.857329368591309,11417600
1998-07-15,10.25,10.398438453674316,10.140625,4.985352993011475,12245600
1998-07-16,10.359375,10.421875,10.273438453674316,5.0117106437683105,7553600
1998-07-17,10.5625,10.734375,10.5,5.098313808441162,7044000
1998-07-20,11.015625,11.109375,10.9375,5.2941131591796875,7547200
1998-07-21,11.1875,11.21875,11,5.309174537658691,11449600
1998-07-22,10.703125,10.773438453674316,10.265625,5.120905876159668,15548000
1998-07-23,10.640625,10.875,10.25,5.0004143714904785,13313600
1998-07-24,11.320313453674316,11.5,11.046875,5.54262638092041,22472000
1998-07-27,11.53125,11.59375,10.9375,5.452258110046387,17658400
1998-07-28,10.9375,11.054688453674316,10.671875,5.188683986663818,16569600
1998-07-29,10.921875,10.953125,10.671875,5.1585588455200195,9188000
1998-07-30,10.921875,11.34375,10.851563453674316,5.422135829925537,9044800
1998-07-31,11.164063453674316,11.171875,10.828125,5.256460666656494,6126400
1998-08-03,10.921875,11.125,10.734375,5.203742980957031,8878400
1998-08-04,10.90625,10.921875,10.34375,5.015476226806641,11183200
1998-08-05,10.4375,10.523438453674316,10.125,5.007944107055664,9197600
1998-08-06,10.171875,10.570313453674316,10.015625,5.083252906799316,9184800
1998-08-07,10.625,10.671875,10.226563453674316,4.9514641761779785,6869600
1998-08-10,10.273438453674316,10.484375,10.148438453674316,4.966526985168457,8893600
1998-08-11,9.75,10.046875,9.59375,4.714245796203613,17217600
1998-08-12,10.25,10.25,9.859375,4.804615497589111,11901600
1998-08-13,9.875,9.875,9.390625,4.563631057739258,19089600
1998-08-14,9.757813453674316,9.84375,9.445313453674316,4.567397594451904,11503200
1998-08-17,9.546875,9.828125,9.445313453674316,4.729307651519775,10002400
1998-08-18,9.953125,10.304688453674316,9.914063453674316,4.947698593139648,11642400
1998-08-19,10.429688453674316,10.429688453674316,10.125,4.9100446701049805,7115200
1998-08-20,10.171875,10.328125,10.0625,4.891219139099121,5709600
1998-08-21,9.78125,9.789063453674316,9.4375,4.691653251647949,15098400
1998-08-24,9.640625,9.75,9.585938453674316,4.657766342163086,7792000
1998-08-25,9.875,9.953125,9.53125,4.68412446975708,8499200
1998-08-26,9.421875,9.65625,9.390625,4.605048656463623,10599200
1998-08-27,9.1875,9.242188453674316,8.648438453674316,4.303821086883545,20772000
1998-08-28,9.1875,9.234375,8.75,4.217216491699219,14923200
1998-08-31,9.03125,9.0625,8.3125,4.025183200836182,15185600
1998-09-01,8.578125,9.359375,8.390625,4.473263740539551,16514400
1998-09-02,9.140625,9.5625,9.078125,4.413015842437744,12985600
1998-09-03,8.914063453674316,9.171875,8.6875,4.232279300689697,15051200
1998-09-04,9.203125,9.25,8.875,4.367831230163574,11306400
1998-09-08,9.8125,10.3125,9.78125,4.955230712890625,21713600
1998-09-09,10.046875,10.1875,9.9375,4.808381080627441,15775200
1998-09-10,9.609375,9.890625,9.53125,4.751898765563965,11489600
1998-09-11,9.875,10.101563453674316,9.875,4.812145709991455,9493600
1998-09-14,10.367188453674316,10.625,10.320313453674316,4.989118576049805,10386400
1998-09-15,10.21875,10.375,10.179688453674316,4.94393253326416,6449600
1998-09-16,10.171875,10.25,9.828125,4.898748874664307,10363200
1998-09-17,9.296875,9.726563453674316,9.296875,4.548569679260254,24938400
1998-09-18,9.453125,9.46875,9.25,4.548569679260254,7828000
1998-09-21,8.78125,9.46875,8.695313453674316,4.52974271774292,12852800
1998-09-22,9.375,9.484375,9.054688453674316,4.48079252243042,16946400
1998-09-23,9.875,10.421875,9.796875,5.023006916046143,21112800
1998-09-24,10,10.226563453674316,9.921875,4.827207088470459,24570400
1998-09-25,9.875,10.28125,9.84375,4.898748874664307,15839200
1998-09-28,10.40625,10.515625,10.164063453674316,4.966526985168457,10266400
1998-09-29,10.328125,10.40625,9.90625,4.872391223907471,15955200
1998-09-30,9.90625,10.046875,9.710938453674316,4.714245796203613,10794400
1998-10-01,9.40625,9.515625,9.070313453674316,4.503384113311768,14011200
1998-10-02,9.4375,9.523438453674316,9.101563453674316,4.58245849609375,11180800
1998-10-05,9.078125,9.132813453674316,8.421875,4.134378910064697,22490400
1998-10-06,9.15625,9.21875,8.515625,4.2096848487854,19324800
1998-10-07,8.5625,8.78125,8.367188453674316,4.145674705505371,11405600
1998-10-08,7.390625,7.84375,7.382812976837158,3.780433177947998,35217600
1998-10-09,7.882812976837158,8.671875,7.695312976837158,4.156970977783203,13861600
1998-10-12,8.835938453674316,9.28125,8.8125,4.352768898010254,12625600
1998-10-13,9.125,9.125,8.796875,4.266168117523193,8104800
1998-10-14,8.640625,9.234375,8.515625,4.386658191680908,12755200
1998-10-15,9.210938453674316,10.046875,9.210938453674316,4.812145709991455,16397600
1998-10-16,9.8125,10.03125,9.78125,4.774491310119629,14512000
1998-10-19,9.859375,10.21875,9.828125,4.857329368591309,10167200
1998-10-20,10.25,10.578125,10.101563453674316,4.872391223907471,19821600
1998-10-21,10.203125,10.4375,10.078125,5.0004143714904785,12445600
1998-10-22,10.601563453674316,10.78125,10.382813453674316,5.1962127685546875,14100800
1998-10-23,11.09375,11.1875,10.632813453674316,5.143497467041016,27374400
1998-10-26,10.859375,10.984375,10.6875,5.218805313110352,13378400
1998-10-27,11,11.226563453674316,10.875,5.260224342346191,14543200
1998-10-28,10.734375,11.0625,10.695313453674316,5.271520614624023,9373600
1998-10-29,11.085938453674316,11.421875,10.984375,5.482381343841553,14084000
1998-10-30,11.578125,11.65625,11.382813453674316,5.606639862060547,11778400
1998-11-02,11.65625,11.796875,11.515625,5.553924083709717,10263200
1998-11-03,11.5,11.546875,11.335938453674316,5.523801803588867,13764800
1998-11-04,11.554688453674316,11.6875,11.507813453674316,5.572750568389893,16044000
1998-11-05,11.304688453674316,11.523438453674316,11.171875,5.531332015991211,14762400
1998-11-06,11.21875,11.4375,11.070313453674316,5.452258110046387,10927200
1998-11-09,11.234375,11.265625,11,5.305408477783203,9178400
1998-11-10,10.921875,11.234375,10.84375,5.316704750061035,12259200
1998-11-11,11.171875,11.226563453674316,10.984375,5.309174537658691,7673600
1998-11-12,11.007813453674316,11.109375,10.976563453674316,5.3129401206970215,5761600
1998-11-13,11.007813453674316,11.28125,10.984375,5.410839557647705,9014400
1998-11-16,11.328125,11.375,11.140625,5.376951217651367,6727200
1998-11-17,11.234375,11.609375,11.0625,5.504973411560059,10586400
1998-11-18,11.5,12.007813453674316,11.5,5.772315502166748,16630400
1998-11-19,12.078125,12.25,11.96875,5.779847145080566,11573600
1998-11-20,12.0625,12.3125,12.046875,5.9116339683532715,11570400
1998-11-23,12.273438453674316,12.796875,12.234375,6.122494220733643,12104800
1998-11-24,12.46875,12.546875,12.1875,5.915399074554443,13815200
1998-11-25,12.117188453674316,12.429688453674316,12,5.979409217834473,11251200
1998-11-27,12.554688453674316,12.6875,12.515625,6.039656639099121,3475200
1998-11-30,12.515625,12.546875,12.109375,5.9041032791137695,8221600
1998-12-01,11.953125,12.6875,11.953125,6.077311038970947,14002400
1998-12-02,12.523438453674316,12.679688453674316,12.21875,6.054717063903809,9833600
1998-12-03,12.734375,13.273438453674316,12.664063453674316,6.186507225036621,22472800
1998-12-04,13.359375,13.640625,13.296875,6.547983646392822,16772000
1998-12-07,13.78125,13.804688453674316,13.617188453674316,6.634584903717041,7876000
1998-12-08,13.609375,13.6875,13.398438453674316,6.50656270980835,7764800
1998-12-09,13.609375,13.734375,13.328125,6.525388717651367,8013600
1998-12-10,13.4375,13.445313453674316,13.179688453674316,6.386072635650635,12985600
1998-12-11,13.25,13.617188453674316,13.21875,6.529153823852539,10438400
1998-12-14,13.328125,13.390625,13.078125,6.423725128173828,7660800
1998-12-15,13.453125,14.039063453674316,13.4375,6.747544765472412,13311200
1998-12-16,14.09375,14.375,13.890625,6.852978229522705,10749600
1998-12-17,14.3125,14.640625,14.265625,6.958407402038574,9014400
1998-12-18,14.5,14.6875,14.453125,7.041245937347412,5712000
1998-12-21,14.796875,14.921875,14.71875,7.093960762023926,6404000
1998-12-22,14.890625,14.953125,14.6875,7.188096046447754,8862400
1998-12-23,15.109375,15.53125,15.085938453674316,7.4253129959106445,9370400
1998-12-24,15.4375,15.554688453674316,15.34375,7.447906017303467,2720800
1998-12-28,15.578125,15.679688453674316,15.398438453674316,7.519448757171631,4553600
1998-12-29,15.609375,15.617188453674316,15.34375,7.410252094268799,4633600
1998-12-30,15.3125,15.3125,15.007813453674316,7.233280658721924,3436800
1998-12-31,14.921875,15.203125,14.921875,7.25587272644043,3523200
1999-01-04,16.125,16.4375,15.890625,7.7227783203125,14148800
1999-01-05,16.78125,16.90625,16.65625,8.103082656860352,11650400
1999-01-06,17.625,17.8125,17.3125,8.569988250732422,17272000
1999-01-07,17.140625,17.5625,16.8125,8.434432983398438,18188000
1999-01-08,17.65625,17.65625,16.6875,8.13320255279541,13424800
1999-01-11,16.703125,17.3046875,16.59375,8.26499080657959,12412800
1999-01-12,16.9375,17.03125,16.640625,8.088019371032715,13712000
1999-01-13,15.78125,17.2890625,15.765625,8.09931468963623,18978400
1999-01-14,16.9375,17.1875,16.53125,7.967528820037842,15128000
1999-01-15,16.8125,17.3984375,16.8046875,8.351594924926758,11645600
1999-01-19,18.1875,18.21875,17.75,8.67541790008545,10733600
1999-01-20,18.5625,19.421875,18.46875,9.03689193725586,20277600
1999-01-21,18.375,18.625,18.03125,8.735662460327148,14212000
1999-01-22,17.328125,18.1953125,17.328125,8.709305763244629,16276000
1999-01-25,17.78125,18.03125,17.59375,8.67541790008545,11214400
1999-01-26,17.859375,18.3203125,17.71875,8.758257865905762,18758400
1999-01-27,18.1875,18.296875,18.0390625,8.750724792480469,17796800
1999-01-28,17.875,19.25,17.84375,9.277874946594238,26415200
1999-01-29,18.3671875,18.6875,17.65625,8.682947158813477,42048000
1999-02-01,17.625,17.6796875,17.046875,8.216043472290039,25375200
1999-02-02,16.84375,17.171875,16.3828125,7.944934844970703,33280000
1999-02-03,16.859375,17.21875,16.828125,8.246164321899414,18103200
1999-02-04,17.5,17.546875,16.5078125,7.99765157699585,15684000
1999-02-05,16.640625,16.65625,16.15625,7.85456657409668,15522400
1999-02-08,16.3046875,16.953125,16.3046875,8.13320255279541,19323200
1999-02-09,16.71875,16.71875,15.6875,7.681358814239502,25787200
1999-02-10,15.71875,16.25,15.578125,7.711480617523193,17772800
1999-02-11,16.203125,17.109375,16.078125,8.242399215698242,16077600
1999-02-12,16.859375,17.0234375,16.6875,8.050365447998047,11262400
1999-02-16,17.046875,17.078125,16.5390625,8.012711524963379,7357600
1999-02-17,16.328125,16.46875,15.90625,7.703951358795166,11744000
1999-02-18,16.359375,16.4140625,16.1328125,7.903517723083496,10209600
1999-02-19,16.4921875,16.4921875,16.21875,7.828207015991211,6908800
1999-02-22,16.5,17.109375,16.453125,8.208513259887695,10671200
1999-02-23,17.28125,17.515625,17.078125,8.317708015441895,10872800
1999-02-24,17.734375,18.03125,17.421875,8.396780014038086,14066400
1999-02-25,17.328125,17.53125,16.9375,8.321473121643066,11889600
1999-02-26,17.40625,17.40625,16.84375,8.170858383178711,9380000
1999-03-01,16.921875,17.09375,16.6328125,8.121909141540527,6746400
1999-03-02,17.015625,17.1875,16.828125,8.13320255279541,9232000
1999-03-03,17.046875,17.25,16.9453125,8.29134750366211,8315200
1999-03-04,17.125,17.40625,17.0078125,8.329004287719727,9684800
1999-03-05,17.59375,18.515625,17.546875,8.792143821716309,20295200
1999-03-08,18.125,18.6015625,18,8.90134048461914,17333600
1999-03-09,18.25,18.875,18.2421875,9.014302253723145,16548000
1999-03-10,18.75,18.8125,18.453125,9.063254356384277,9312000
1999-03-11,18.515625,18.9296875,18.28125,9.021829605102539,18050400
1999-03-12,18.53125,18.546875,18.1640625,8.758257865905762,11310400
1999-03-15,17.8828125,18.203125,17.828125,8.7733154296875,7583200
1999-03-16,18.25,18.453125,18.1328125,8.784614562988281,7632000
1999-03-17,18.171875,18.4375,18.0625,8.863685607910156,8518400
1999-03-18,17.9453125,18.4296875,17.859375,8.896086692810059,14844800
1999-03-19,18.4375,18.75,18.1875,9.10085391998291,14452000
1999-03-22,18.46875,18.7734375,18.359375,9.062933921813965,11728000
1999-03-23,18.265625,18.34375,17.953125,8.736820220947266,11735200
1999-03-24,17.90625,18.109375,17.703125,8.676146507263184,14806400
1999-03-25,18.484375,19.234375,18.375,9.161528587341309,25527200
1999-03-26,18.578125,18.9375,18.546875,9.13119125366211,12984800
1999-03-29,18.78125,19.140625,18.7421875,9.18427848815918,7684800
1999-03-30,19,19.7734375,18.828125,9.487640380859375,17138400
1999-03-31,20.1875,20.2578125,19.421875,9.449718475341797,13737600
1999-04-01,19.6875,20.0546875,19.53125,9.646906852722168,9889600
1999-04-05,20.34375,20.453125,20.21875,9.923723220825195,11104000
1999-04-06,20.3984375,20.6875,20.265625,9.866842269897461,13076000
1999-04-07,20.5,20.546875,20.03125,9.935099601745605,9767200
1999-04-08,20.359375,21.15625,20.21875,10.147448539733887,12391200
1999-04-09,20.96875,21.421875,20.890625,10.25362777709961,15442400
1999-04-12,20.5625,21.21875,20.5625,10.109533309936523,7521600
1999-04-13,21.28125,21.3125,20.828125,10.11711597442627,8042000
1999-04-14,21.109375,21.109375,20.234375,9.821340560913086,6002800
1999-04-15,19.96875,20.0625,19.1875,9.464888572692871,10350400
1999-04-16,19.75,19.75,18.71875,9.207029342651367,8125600
1999-04-19,19.0625,19.3125,17.765625,8.858165740966797,9442800
1999-04-20,17.6875,18.671875,17.515625,8.767154693603516,10078400
1999-04-21,18.5,19.96875,18.28125,9.540727615356445,18116800
1999-04-22,20.40625,21,20.15625,9.851675033569336,18655200
1999-04-23,19.953125,20.109375,19.578125,9.608985900878906,8286800
1999-04-26,19.59375,19.71875,19.296875,9.457304000854492,7451200
1999-04-27,19.8125,20.046875,19.09375,9.525558471679688,9398000
1999-04-28,19.328125,19.328125,18.4375,8.979508399963379,8868000
1999-04-29,18.625,18.90625,18.375,9.146360397338867,7352000
1999-04-30,19.4375,19.4375,18.4375,9.0022611618042,6152800
1999-05-03,18.65625,18.875,18.09375,9.161528587341309,7808400
1999-05-04,18.625,18.734375,18.109375,8.842996597290039,7091200
1999-05-05,18.171875,18.5,17.59375,8.979508399963379,10386800
1999-05-06,18.4375,18.4375,17.890625,8.744402885437012,6839600
1999-05-07,18.4375,19.03125,18.296875,9.116021156311035,5778400
1999-05-10,18.875,19.609375,18.75,9.351126670837402,6344000
1999-05-11,19.515625,19.75,19.171875,9.54831314086914,7071200
1999-05-12,19.40625,19.984375,18.875,9.540727615356445,9112000
1999-05-13,19.6875,19.984375,19.53125,9.525558471679688,5398800
1999-05-14,18.875,19.625,18.8125,9.373880386352539,6711600
1999-05-17,19.03125,19.328125,18.875,9.305622100830078,5491200
1999-05-18,19,19.046875,18.625,9.040182113647461,5665600
1999-05-19,18.625,18.765625,18.09375,9.070515632629395,5082400
1999-05-20,18.703125,18.75,18.375,8.926420211791992,6105200
1999-05-21,18.5,18.609375,17.78125,8.706485748291016,7664400
1999-05-24,17.875,17.875,16.921875,8.463793754577637,14087200
1999-05-25,17.75,18.234375,17.734375,8.653396606445312,10300400
1999-05-26,18.21875,18.28125,17.53125,8.698899269104004,8455200
1999-05-27,17.703125,17.78125,17.40625,8.554802894592285,5526800
1999-05-28,17.71875,17.96875,17.6875,8.645809173583984,3676800
1999-06-01,18.4375,18.59375,18.328125,8.918837547302246,6909200
1999-06-02,18.3125,18.375,17.6875,8.812660217285156,8614000
1999-06-03,18.5625,18.5625,18.203125,8.911250114440918,3913600
1999-06-04,18.359375,19.40625,18.21875,9.358715057373047,9521200
1999-06-07,19.15625,19.75,19.015625,9.502808570861816,9801600
1999-06-08,19.65625,19.90625,19.5,9.510392189025879,11619600
1999-06-09,19.75,19.921875,19.6875,9.56347942352295,4648800
1999-06-10,19.28125,19.578125,19.203125,9.495223999023438,5548800
1999-06-11,20,20.5625,20,9.79858684539795,15215600
1999-06-14,20.15625,20.25,19.828125,9.63173770904541,7132000
1999-06-15,20.25,20.578125,20.109375,9.950270652770996,6695600
1999-06-16,20.59375,21.046875,20.53125,10.19295597076416,10417200
1999-06-17,20.734375,21.15625,20.71875,10.177787780761719,7297600
1999-06-18,21.3125,21.625,21.171875,10.450812339782715,8100000
1999-06-21,21.875,22.71875,21.84375,10.966526985168457,10920400
1999-06-22,22.21875,22.875,22.15625,10.784512519836426,12871200
1999-06-23,21.71875,21.75,21.515625,10.45839786529541,6126000
1999-06-24,21.0625,21.375,20.890625,10.230873107910156,8355200
1999-06-25,21.21875,21.78125,21.203125,10.344636917114258,5796400
1999-06-28,21.1875,21.375,21.078125,10.352221488952637,4760000
1999-06-29,21.5,22.21875,21.484375,10.723838806152344,7561600
1999-06-30,22.15625,23,21.875,11.110629081726074,10144800
1999-07-01,22.671875,23.9375,22.453125,11.467079162597656,16673200
1999-07-02,23.625,24,23.40625,11.47465991973877,13132000
1999-07-06,23.90625,24.40625,23.765625,11.558083534240723,10514400
1999-07-07,23.625,24.125,23.59375,11.702181816101074,9337200
1999-07-08,23.90625,23.984375,23.1875,11.421571731567383,8572400
1999-07-09,23.65625,23.75,23.390625,11.459492683410645,4523600
1999-07-12,23.609375,23.625,23.15625,11.27747631072998,5641600
1999-07-13,22.9375,23.34375,22.78125,11.239557266235352,5907600
1999-07-14,23.375,23.84375,23.09375,11.527748107910156,7486400
1999-07-15,24.078125,24.5,24.078125,11.770437240600586,7338000
1999-07-16,24.5,24.84375,24.1875,11.906949996948242,8832000
1999-07-19,24.5,24.640625,24.125,11.861443519592285,6288800
1999-07-20,24.0625,24.078125,23,11.262306213378906,12056400
1999-07-21,23.203125,23.84375,23.09375,11.4822416305542,10238000
1999-07-22,21.828125,22.875,21.5625,10.481148719787598,31921200
1999-07-23,22,22.375,21.71875,10.746591567993164,18246000
1999-07-26,22.40625,22.40625,21.671875,10.556991577148438,7094400
1999-07-27,22.375,22.390625,21.875,10.769342422485352,11254800
1999-07-28,21.96875,22.0625,21.765625,10.602495193481445,7340000
1999-07-29,21.25,21.609375,21.125,10.314299583435059,10277200
1999-07-30,21.5625,21.734375,21.21875,10.32188606262207,8026400
1999-08-02,21.3125,21.671875,21.125,10.2991304397583,8038800
1999-08-03,21.53125,21.59375,20.703125,10.147448539733887,10845600
1999-08-04,20.609375,20.796875,19.546875,9.555896759033203,22022000
1999-08-05,19.8125,20.5,19.46875,9.882011413574219,13150400
1999-08-06,20.25,20.625,20.15625,9.912345886230469,6707200
1999-08-09,20.875,20.9375,20.234375,9.942680358886719,6260000
1999-08-10,20,20,19.265625,9.616572380065918,12287200
1999-08-11,20.0625,20.46875,19.78125,9.935099601745605,9617200
1999-08-12,20.890625,21.046875,20.6875,10.048859596252441,9752000
1999-08-13,21.34375,21.65625,21.15625,10.40531063079834,10784400
1999-08-16,21.625,21.625,21.296875,10.40531063079834,5712400
1999-08-17,21.796875,21.8125,21.390625,10.579741477966309,6286800
1999-08-18,21.8125,21.84375,21.421875,10.450812339782715,5906000
1999-08-19,20.796875,21.125,20.71875,10.132282257080078,9850400
1999-08-20,21,21.0625,20.765625,10.177787780761719,5361600
1999-08-23,21.140625,21.25,20.9375,10.268798828125,7350800
1999-08-24,20.765625,21.171875,20.578125,10.155035972595215,9799600
1999-08-25,21.40625,21.59375,21.328125,10.435646057128906,11057600
1999-08-26,21.765625,21.875,20.9375,10.185373306274414,13090800
1999-08-27,21.3125,21.4375,20.828125,10.170205116271973,10732400
1999-08-30,21.203125,21.21875,20.3125,9.90476131439209,11293200
1999-08-31,20.734375,20.953125,20.59375,10.147448539733887,11827600
1999-09-01,21.0625,21.09375,20.046875,9.98060417175293,15268800
1999-09-02,20.375,21.09375,20.25,10.177787780761719,10507200
1999-09-03,21.4375,21.96875,21.1875,10.632830619812012,8312000
1999-09-07,21.96875,22.203125,21.484375,10.541821479797363,8425600
1999-09-08,21.5,22.21875,21.453125,10.663165092468262,8401200
1999-09-09,22.015625,22.46875,21.890625,10.860352516174316,8488000
1999-09-10,22.40625,22.6875,22.171875,10.814847946166992,9930000
1999-09-13,22.25,22.59375,22.21875,10.807268142700195,7887600
1999-09-14,22.0625,22.46875,21.96875,10.731424331665039,11586000
1999-09-15,22.265625,22.265625,21.375,10.390140533447266,7205200
1999-09-16,21.484375,21.828125,21.125,10.481148719787598,9670800
1999-09-17,21.78125,21.8125,21.484375,10.51148509979248,4588400
1999-09-20,21.9375,22.46875,21.890625,10.867937088012695,6864000
1999-09-21,22.359375,22.625,22,10.685918807983398,8799600
1999-09-22,22.171875,22.5,21.875,10.845185279846191,9306800
1999-09-23,22.53125,22.546875,21.765625,10.594911575317383,7075200
1999-09-24,21.90625,22.25,21.828125,10.716255187988281,7824400
1999-09-27,22.390625,22.390625,21.953125,10.708670616149902,5612000
1999-09-28,22.296875,22.75,22.125,11.012035369873047,8223600
1999-09-29,22.625,22.984375,22.34375,10.860352516174316,12448800
1999-09-30,22.5,22.5625,22.203125,10.905855178833008,9203600
1999-10-01,22.40625,22.890625,22.3125,10.830015182495117,9466400
1999-10-04,22.875,23.625,22.8125,11.383647918701172,11545600
1999-10-05,23.671875,24.28125,23.53125,11.770437240600586,15965600
1999-10-06,24.0625,24.203125,23.90625,11.664262771606445,7383600
1999-10-07,24.0625,24.234375,23.6875,11.671845436096191,8260000
1999-10-08,24.1875,25,24.125,12.073799133300781,10622800
1999-10-11,24.984375,25.109375,24.71875,12.051048278808594,9284000
1999-10-12,24.625,24.71875,24.375,11.922119140625,7883200
1999-10-13,24.515625,24.640625,24.125,11.800773620605469,9675200
1999-10-14,24.1875,24.203125,23.640625,11.573249816894531,10650000
1999-10-15,23.25,23.46875,23.03125,11.269891738891602,9011200
1999-10-18,23.1875,23.75,22.859375,11.527748107910156,8430000
1999-10-19,24,24.265625,23.765625,11.664262771606445,11821600
1999-10-20,23.875,24.203125,23.640625,11.618755340576172,10392800
1999-10-21,23.71875,26.15625,23.640625,12.619853973388672,37420800
1999-10-22,26,26.59375,25.625,12.756363868713379,15652800
1999-10-25,25.59375,26.125,25.4375,12.566765785217285,8282800
1999-10-26,25.796875,26.03125,25.59375,12.475753784179688,5520400
1999-10-27,25.8125,26.328125,25.609375,12.748780250549316,8182800
1999-10-28,26.625,27.59375,26.59375,13.393423080444336,10982800
1999-10-29,28.25,29.625,27.84375,14.02289867401123,22218400
1999-11-01,28.21875,28.609375,27.9375,13.68161678314209,13855600
1999-11-02,27.921875,28.75,27.875,13.590609550476074,9744400
1999-11-03,28.1875,28.6875,28,13.863636016845703,9532400
1999-11-04,28.734375,29.140625,28.484375,14.030484199523926,9674400
1999-11-05,29.25,29.375,28.953125,14.060818672180176,6719200
1999-11-08,28.796875,29.546875,28.78125,14.1366605758667,7374800
1999-11-09,29.15625,29.34375,28.25,13.772621154785156,8076400
1999-11-10,28.09375,29.640625,28.09375,14.265588760375977,11060000
1999-11-11,29.4375,29.859375,29.3125,14.318678855895996,7468400
1999-11-12,29.375,30.9375,28.765625,14.834393501281738,15166000
1999-11-15,30.25,30.59375,29.703125,14.584118843078613,8596800
1999-11-16,29.96875,31.75,29.828125,15.213595390319824,12392400
1999-11-17,31.6875,32.625,31.625,15.433531761169434,12965200
1999-11-18,33.3125,35,33.3125,16.62422752380371,14874800
1999-11-19,32.515625,33.5625,32.375,16.199522018432617,17652000
1999-11-22,32.5,33.203125,32.5,15.865823745727539,8355200
1999-11-23,34,35.25,33.734375,17.10960578918457,18637200
1999-11-24,34.375,35.0625,33.875,16.897253036499023,12247200
1999-11-26,36.234375,36.78125,36.125,17.80733871459961,7406400
1999-11-29,37.5,37.90625,37.140625,18.26238250732422,15416400
1999-11-30,36.015625,36.359375,33.96875,16.988262176513672,23294800
1999-12-01,34.5,35.75,34.5,17.20061683654785,15594000
1999-12-02,35.875,36.359375,35.203125,17.549482345581055,9976400
1999-12-03,38.375,40.5,38.21875,19.657846450805664,21853200
1999-12-06,41.375,44.78125,41.375,21.409757614135742,33590400
1999-12-07,43.375,44.125,42.515625,21.417341232299805,21587200
1999-12-08,41.625,44.25,41.625,21.20499038696289,21673600
1999-12-09,42.5,43.1875,42.0625,20.78028106689453,21012000
1999-12-10,41.875,42.25,41.21875,20.38591194152832,16366000
1999-12-13,40.46875,42.125,40.46875,20.27214813232422,11823200
1999-12-14,40.75,41.34375,38.96875,19.415157318115234,19060800
1999-12-15,37.75,39.546875,37.5,18.808435440063477,20302000
1999-12-16,39.875,41,39.03125,19.900541305541992,13284400
1999-12-17,41.9375,42.71875,41.25,20.44658851623535,12886800
1999-12-20,43,43.5625,42.515625,20.8333740234375,9922800
1999-12-21,42.5,43.734375,42.375,20.56792640686035,7876000
1999-12-22,43,43.484375,41.234375,20.02187728881836,9608400
1999-12-23,42.53125,43.828125,42.25,21.113983154296875,8151600
1999-12-27,43.5625,43.796875,42.359375,20.73478126525879,7057200
1999-12-28,42.65625,42.75,41.46875,20.294897079467773,5765600
1999-12-29,42.625,46.75,42.359375,22.206085205078125,9348000
1999-12-30,45.5,46,44.6875,21.842050552368164,8493200
1999-12-31,45,49,45,23.18442726135254,7103600
2000-01-03,48.125,48.25,45.5,22.691469192504883,20275200
2000-01-04,44.25,45.140625,43.1875,20.992633819580078,19410000
2000-01-05,42.046875,43.625,40.1875,20.628599166870117,25034000
2000-01-06,42,42.75,38.25,18.565744400024414,19321600
2000-01-07,40.4375,43,40.4375,20.74994659423828,18058800
2000-01-10,44.625,45.0625,43.5625,21.713119506835938,15488400
2000-01-11,43.46875,43.96875,41.96875,20.628599166870117,11361200
2000-01-12,43,43.8125,42.3125,20.704442977905273,10398000
2000-01-13,44.46875,44.75,43.515625,21.59935760498047,9789200
2000-01-14,45.34375,46.21875,45.25,22.327421188354492,10158400
2000-01-18,45,45.3125,44.4375,21.705537796020508,11217600
2000-01-19,43.828125,45.125,43.828125,21.842050552368164,8918400
2000-01-20,45.234375,45.28125,44.09375,21.811710357666016,7726800
2000-01-21,44.96875,46.671875,44.390625,22.448776245117188,13140400
2000-01-24,46.4375,46.734375,44.28125,21.842050552368164,14712000
2000-01-25,45.015625,45.984375,44.75,22.206085205078125,9765200
2000-01-26,45.5,46.359375,45.375,22.206085205078125,9683600
2000-01-27,44.75,45.625,43.5,21.660030364990234,12648000
2000-01-28,46.625,47.25,43.765625,21.85721778869629,17278000
2000-01-31,45.453125,46.625,44.28125,22.448776245117188,13581600
2000-02-01,45.875,47.75,44.375,22.38809585571289,33697600
2000-02-02,46.21875,46.6875,45.5625,22.570117950439453,17514800
2000-02-03,46.5,48.5,46.25,23.540874481201172,19432800
2000-02-04,47.90625,48.875,47.5,23.29818344116211,12446400
2000-02-07,48.421875,48.609375,47.875,23.374025344848633,9087200
2000-02-08,49.25,51.5,49.125,24.997013092041016,17232400
2000-02-09,51.359375,52.1875,50.34375,24.4357852935791,15762800
2000-02-10,50.5,50.84375,49.5625,24.39029312133789,13225600
2000-02-11,49.34375,49.765625,48.375,23.904911041259766,11219200
2000-02-14,48.625,49.25,47.84375,23.586380004882812,11966800
2000-02-15,47.625,48.3125,47.03125,23.176834106445312,14093600
2000-02-16,46.796875,48.25,46.75,22.903812408447266,16730000
2000-02-17,47.859375,48.75,47.21875,23.510541915893555,13523200
2000-02-18,49.03125,49.125,47.375,23.04791259765625,10458400
2000-02-22,49.3125,49.625,47.71875,23.29818344116211,14034800
2000-02-23,50.109375,51.5,49.1875,24.997013092041016,12804800
2000-02-24,50.71875,51.109375,49.90625,24.632980346679688,11016800
2000-02-25,50.4375,51.65625,50.09375,24.860496520996094,10827600
2000-02-28,50.078125,51.25,49.375,24.663320541381836,12043600
2000-02-29,50.3125,50.3125,49.1875,24.0869197845459,13938400
2000-03-01,49.875,50.375,49.625,24.45096206665039,10253200
2000-03-02,50.125,53.96875,50.09375,25.725082397460938,18084000
2000-03-03,54,55.34375,53.8125,26.817180633544922,11078800
2000-03-06,56.125,56.765625,55.875,27.484573364257812,9673600
2000-03-07,55.875,56.09375,54,26.362136840820312,9668000
2000-03-08,53.8125,53.875,51.25,25.649242401123047,12309200
2000-03-09,52.625,53.671875,51.875,26.028440475463867,11041600
2000-03-10,54.4375,55.109375,53.53125,26.089113235473633,10617200
2000-03-13,51.25,54.28125,51.25,26.089113235473633,14619200
2000-03-14,54,54.46875,51.375,25.057682037353516,12011600
2000-03-15,50.5,50.875,48,23.783567428588867,26281600
2000-03-16,49.25,51.25,45.5,24.511632919311523,26679600
2000-03-17,49.25,50.5,48.875,24.25377655029297,12868000
2000-03-20,50,52.09375,49.796875,24.511632919311523,14041200
2000-03-21,49.84375,53.296875,49.25,25.664411544799805,14905600
2000-03-22,52.421875,55.09375,51.65625,26.574493408203125,15502800
2000-03-23,54.59375,55.1875,53.6875,26.74399185180664,13121200
2000-03-24,54.75,56.984375,54.625,27.215864181518555,16860400
2000-03-27,56.34375,58.34375,56.34375,28.00737762451172,13759600
2000-03-28,57.484375,57.75,56.15625,27.50507164001465,12016800
2000-03-29,56.828125,57.25,54.5,26.546123504638672,15245600
2000-03-30,51.5,53.8125,50.5,25.450178146362305,23102800
2000-03-31,52.75,55.59375,52.015625,27.033203125,17523200
2000-04-03,52.625,53.484375,50.75,25.05443000793457,21856000
2000-04-04,51.375,51.875,45.6875,24.932645797729492,48162400
2000-04-05,47.21875,52.46875,46.9375,24.23246955871582,31020000
2000-04-06,52.5,53.125,51.3125,25.876375198364258,17236000
2000-04-07,54.515625,56.75,54,27.413738250732422,19869600
2000-04-10,55.75,56.375,53,26.667892456054688,18623200
2000-04-11,50.375,55.5,49.25,26.667892456054688,19634100
2000-04-12,53,53.75,48.875,24.293354034423828,17563000
2000-04-13,49.625,52.75,47.5,23.68449592590332,17036400
2000-04-14,46.5,47.5,42.5,22.1623592376709,26852600
2000-04-17,44.5,52.5,44,24.71955108642578,20598700
2000-04-18,49,52,48.3125,25.02398109436035,14779000
2000-04-19,52,52.125,48.5,23.745384216308594,10493700
2000-04-20,50.6875,50.8125,48,23.988927841186523,8721200
2000-04-24,46.75,48.125,45.125,23.380069732666016,9937500
2000-04-25,49,50.625,48.375,24.35424041748047,8400600
2000-04-26,51,52.8125,50.5625,25.267520904541016,10310600
2000-04-27,52.4375,57.5,52.375,27.763832092285156,23768800
2000-04-28,57.625,58,56.0625,27.307193756103516,14127600
2000-05-01,57.75,60,56.6875,28.890213012695312,10216300
2000-05-02,59,60,56,27.27674674987793,10491600
2000-05-03,56.25,56.3125,53.5625,27.063650131225586,9330200
2000-05-04,55.25,57.0625,54.5625,27.27674674987793,6041000
2000-05-05,55.5,58,55.4375,27.763832092285156,7239000
2000-05-08,54.875,55.4375,53.75,26.302579879760742,5308200
2000-05-09,54.8125,54.9375,52,26.241687774658203,6591600
2000-05-10,51.25,51.4375,48.5,23.988927841186523,14662800
2000-05-11,52.5,52.625,50.75,25.38929557800293,9003100
2000-05-12,53.875,55.4375,53.4375,26.45479393005371,6947300
2000-05-15,54.3125,56,53,26.850547790527344,5503000
2000-05-16,56.3125,57.125,55.3125,27.52029800415039,8348000
2000-05-17,54.1875,56,53.8125,26.789661407470703,6001000
2000-05-18,55.5,55.625,53,25.815494537353516,4131000
2000-05-19,51.25,51.875,48.25,24.293354034423828,16215400
2000-05-22,48.0625,49,44.875,23.501848220825195,17072000
2000-05-23,47.75,48.75,45,21.9188175201416,11044600
2000-05-24,45.0625,48.5,43.4375,23.380069732666016,15652000
2000-05-25,49.125,50.25,46,22.89297866821289,11655700
2000-05-26,47.75,49.0625,46.6875,23.380069732666016,5842400
2000-05-30,51,52,50.5,25.08485984802246,8093300
2000-05-31,51.5,53.1875,50.8125,25.328411102294922,9143700
2000-06-01,53.5,57.25,53.5,27.489839553833008,17272100
2000-06-02,58,59.25,57.25,28.3726863861084,15663000
2000-06-05,56.875,58,56.25,27.763832092285156,7460400
2000-06-06,56.8125,57.375,55.5,27.094093322753906,5548500
2000-06-07,56.25,58.3125,55.5,28.250917434692383,6322600
2000-06-08,58.5,58.5,56.75,27.885604858398438,6338900
2000-06-09,58.1875,58.5,57.125,28.3726863861084,7132500
2000-06-12,58.5,59.375,58.375,28.859769821166992,6595400
2000-06-13,58.5,59.125,57.3125,28.61623191833496,6305000
2000-06-14,59.25,59.875,58.3125,28.67711639404297,7426700
2000-06-15,58.1875,58.25,56.875,28.129148483276367,5226400
2000-06-16,58.125,59.8125,57.25,28.61623191833496,6016600
2000-06-19,58.8125,62,58.1875,30.13837432861328,9755100
2000-06-20,61.6875,62.5,59.5,29.712173461914062,9657800
2000-06-21,59.6875,61.75,59.3125,29.712173461914062,6386800
2000-06-22,58.8125,59.25,54.125,27.52029800415039,24223600
2000-06-23,56.625,56.6875,51.25,25.9372615814209,20453000
2000-06-26,54.5,55,51.75,25.6937255859375,15562400
2000-06-27,52.1875,53.25,51.0625,25.267520904541016,14458100
2000-06-28,51.625,52.25,48.25,24.536901473999023,23330900
2000-06-29,48.5,49.375,46.25,23.501848220825195,26620400
2000-06-30,50.125,51.25,49.4375,24.5977783203125,14130000
2000-07-03,51.4375,52.375,51,25.38929557800293,7377700
2000-07-05,53,53,49.5,24.11069679260254,10443100
2000-07-06,50.875,52.25,50.4375,25.328411102294922,8445200
2000-07-07,53.625,54.375,52.4375,26.302579879760742,9552700
2000-07-10,54.3125,54.8125,52.75,25.6937255859375,6555700
2000-07-11,52.1875,53.375,50.125,25.57194709777832,10737500
2000-07-12,53.6875,53.9375,50.25,25.57194709777832,9630800
2000-07-13,54.875,55.75,54.1875,26.911434173583984,17225800
2000-07-14,55.875,56,54,26.789661407470703,8118000
2000-07-17,56.375,57.5625,55,27.459409713745117,6685200
2000-07-18,55.875,56.1875,54.6875,26.850547790527344,8816100
2000-07-19,53.8125,54.125,52.625,25.876375198364258,7824100
2000-07-20,53.125,55.125,53.0625,26.546123504638672,9056800
2000-07-21,54.6875,54.6875,53,25.998144149780273,9042800
2000-07-24,54.1875,55,53.5,26.667892456054688,5385100
2000-07-25,53.75,56.25,53.25,26.911434173583984,9080100
2000-07-26,55,55.9375,53.625,27.185422897338867,6937400
2000-07-27,43.5,45.125,40.125,20.00092124938965,116022800
2000-07-28,44.25,45,42.5,21.34039878845215,43318000
2000-07-31,44.8125,45,43.5625,21.43172836303711,17045800
2000-08-01,44.625,44.75,42.625,21.06641960144043,13550000
2000-08-02,41,42.625,40.5,20.457561492919922,21085200
2000-08-03,38.625,41.375,38,19.970481872558594,31744300
2000-08-04,41.5,41.5,39,19.239852905273438,15998100
2000-08-07,39.4375,39.5,37.5625,18.570110321044922,29125700
2000-08-08,39,40,38.25,18.996309280395508,18209200
2000-08-09,40.5625,41.1875,39.5625,19.4833927154541,21687200
2000-08-10,40.5625,41.5625,39.9375,19.970481872558594,12627200
2000-08-11,41,41.5,40.0625,20.214025497436523,7315900
2000-08-14,41.25,41.6875,40.9375,20.00092124938965,9541600
2000-08-15,40.875,41,39.875,19.544282913208008,12665900
2000-08-16,40.0625,40.5,38.75,19.14852523803711,15032200
2000-08-17,39.5,41.9375,39,20.092254638671875,14311500
2000-08-18,41.3125,41.75,40.8125,19.970481872558594,9142900
2000-08-21,41.5625,42.0625,41.25,20.214025497436523,8473600
2000-08-22,42.4375,43.25,42.0625,20.883758544921875,13074000
2000-08-23,42,42.5,41.25,20.548891067504883,9244200
2000-08-24,42.1875,42.625,41.25,20.33579444885254,10705700
2000-08-25,41.9375,42.125,41.0625,20.274906158447266,7012000
2000-08-28,41.4375,41.8125,40.8125,19.970481872558594,7927900
2000-08-29,40.8125,41.1875,40.5,19.75737953186035,7111200
2000-08-30,41.25,42.25,41.25,20.57933235168457,9849500
2000-08-31,43.3125,45,43.25,21.797042846679688,15403000
2000-09-01,46.625,48,46.1875,22.89297866821289,17607200
2000-09-05,47.1875,47.5,44.1875,21.736156463623047,15551500
2000-09-06,43.5625,44.125,43.3125,21.12729835510254,12879500
2000-09-07,43.8125,44.5625,43.6875,21.553504943847656,11921800
2000-09-08,43.3125,43.4375,42,20.457561492919922,10036900
2000-09-11,42.1875,43.375,41.875,20.701095581054688,9735100
2000-09-12,43.0625,43.8125,42.75,20.97509002685547,12290300
2000-09-13,42.3125,43.625,42.125,21.188186645507812,9918900
2000-09-14,44.4375,45.0625,43.5,21.523061752319336,9659100
2000-09-15,44.1875,45.1875,43.25,21.30996322631836,10631800
2000-09-18,44.25,44.6875,42,20.883758544921875,8566400
2000-09-19,43.3125,45.1875,42.9375,21.9188175201416,10359600
2000-09-20,44.0625,44.25,42,21.279523849487305,10788100
2000-09-21,41.5,42.125,39,19.422504425048828,11206100
2000-09-22,40.5,43.75,40.5,20.94464683532715,11367000
2000-09-25,43.4375,43.6875,41.4375,20.33579444885254,7770600
2000-09-26,42,42.4375,40.4375,20.214025497436523,10174900
2000-09-27,42.25,42.5625,40.25,19.848703384399414,12140200
2000-09-28,39.75,41.5,39.1875,19.940034866333008,11576100
2000-09-29,39.5625,40.875,39.5,19.909589767456055,11584300
2000-10-02,40.4375,41.125,39.5,19.422504425048828,9595100
2000-10-03,41.4375,42.0625,40.125,19.7269287109375,8509900
2000-10-04,39.5625,41.4375,39.4375,20.03136444091797,8636100
2000-10-05,40.625,40.9375,39.0625,19.239852905273438,8366500
2000-10-06,39,39.25,36.625,18.357009887695312,13849700
2000-10-09,36.625,37.3125,35.4375,18.022132873535156,11075900
2000-10-10,35,35.5,34.25,17.0479679107666,17308500
2000-10-11,31.25,33.6875,31.25,16.012910842895508,19869700
2000-10-12,33.5,33.875,28.625,14.338558197021484,25210600
2000-10-13,30.125,33.1875,30.125,16.13469123840332,21007300
2000-10-16,33.5625,34,32.5,16.04335594177246,9361400
2000-10-17,32.5,32.75,29.9375,14.947413444519043,13905300
2000-10-18,28.625,31,27.625,14.61254596710205,23823700
2000-10-19,37.6875,39.25,36.125,18.570110321044922,38493800
2000-10-20,37,39.4375,36.625,19.087635040283203,22699100
2000-10-23,38,39.125,37.5625,19.026748657226562,12111100
2000-10-24,39.8125,41.625,39.5,19.4833927154541,14746500
2000-10-25,38.75,39.625,37.8125,18.66143226623535,12170800
2000-10-26,38.0625,39,35.75,18.7832088470459,15442300
2000-10-27,39.4375,41.0625,38.6875,19.1789608001709,11134900
2000-10-30,39.625,40.5625,38.9375,19.3311767578125,8773800
2000-10-31,40.8125,42.75,40.625,20.822877883911133,12714500
2000-11-01,41.5,43.875,41.375,21.279523849487305,10178300
2000-11-02,43.25,43.9375,42.625,21.279523849487305,10204000
2000-11-03,43.875,44.375,43.125,21.401288986206055,7788500
2000-11-06,43.875,43.9375,41.625,20.60977554321289,7151900
2000-11-07,41.3125,42.1875,40.8125,20.396678924560547,7133200
2000-11-08,41.9375,42.125,40.8125,20.00092124938965,5745800
2000-11-09,40,41.9375,39.8125,20.18357276916504,10514100
2000-11-10,39.9375,40.25,37.5,18.630990982055664,10181900
2000-11-13,36.5,38.0625,34.875,18.296123504638672,19350100
2000-11-14,39.125,41,38.625,19.8791446685791,10220600
2000-11-15,41.25,42.25,41,20.122690200805664,11560500
2000-11-16,40.375,41,39.75,19.4833927154541,7926500
2000-11-17,40.875,41.75,40.25,20.122690200805664,7667800
2000-11-20,40.1875,40.625,39.125,19.1789608001709,8217500
2000-11-21,39.3125,41.3125,39,19.848703384399414,7834400
2000-11-22,39.8125,40.375,38.5625,19.3311767578125,6824200
2000-11-24,41.625,42.3125,41.5,20.488004684448242,4528000
2000-11-27,42.4375,44.1875,42.3125,21.279523849487305,12738400
2000-11-28,42.625,43.25,42,20.457561492919922,10713700
2000-11-29,42.3125,43.25,41.5625,20.64021873474121,11745600
2000-11-30,41.8125,42.75,40.5,20.822877883911133,15164900
2000-12-01,43.4375,45.0625,43.0625,21.2186336517334,16957500
2000-12-04,44,44.75,43.75,21.70571517944336,10426700
2000-12-05,46.875,51.875,46.875,25.02398109436035,36215800
2000-12-06,51.125,53.75,50.375,25.02398109436035,25213800
2000-12-07,49.0625,50.9375,49.0625,24.628225326538086,16822400
2000-12-08,51.5,51.75,49.75,24.506454467773438,12476300
2000-12-11,49.9375,51,49.75,24.5977783203125,11230800
2000-12-12,50.3125,50.4375,49.4375,24.32379722595215,8835000
2000-12-13,49.5,49.5,47.75,23.440954208374023,8758200
2000-12-14,48.3125,49.6875,47.8125,23.562728881835938,9420300
2000-12-15,47.3125,47.8125,46.125,22.710330963134766,14163900
2000-12-18,47,47.5,44.625,22.1623592376709,12564300
2000-12-19,45.5625,49,45.375,22.1623592376709,14884400
2000-12-20,43.9375,44.3125,40.25,20.03136444091797,21714800
2000-12-21,41.5,42.875,38.75,19.452945709228516,24576800
2000-12-22,41.8125,44.5625,41.8125,21.279523849487305,10014000
2000-12-26,44.3125,44.3125,42.6875,21.249074935913086,5938200
2000-12-27,43.5,44.9375,43.25,21.43172836303711,6152600
2000-12-28,43.75,44.5,42.75,21.279523849487305,5578900
2000-12-29,44.125,45,43.5,21.188186645507812,6353000
2001-01-02,44.5625,44.875,40.6875,19.909589767456055,13289000
2001-01-03,38.875,45.5,38.75,21.76660919189453,22359800
2001-01-04,44.25,45.625,43.5625,21.523061752319336,12330700
2001-01-05,44.9375,45.25,41.5625,20.60977554321289,15314300
2001-01-08,41.9375,43.375,41.3125,21.00553321838379,6974700
2001-01-09,37.25,39.5,36.125,19.14852523803711,32720800
2001-01-10,37.6875,39.875,37.4375,19.270296096801758,17144700
2001-01-11,39.1875,42.5625,39.125,20.457561492919922,14829900
2001-01-12,41.875,42,41.0625,20.15313148498535,7816900
2001-01-16,39.9375,40.1875,38.75,19.1789608001709,8420400
2001-01-17,40.5,40.75,39.4375,19.574718475341797,8610400
2001-01-18,40.875,42.1875,40.625,19.970481872558594,10493100
2001-01-19,41.5,41.875,39.0625,19.057193756103516,15581400
2001-01-22,38.4375,39.6875,38.125,18.965864181518555,6997300
2001-01-23,38.4375,39.0625,38,18.965864181518555,12084300
2001-01-24,39.625,39.8125,37.4375,18.53966522216797,13701600
2001-01-25,37.375,37.9375,36.875,17.961254119873047,11627400
2001-01-26,36.0625,37.625,36,18.143903732299805,13873600
2001-01-29,36.779998779296875,37.75,36.119998931884766,18.01726722717285,12008500
2001-01-30,34.75,35.75,33.79999923706055,17.184350967407227,39193700
2001-01-31,35.20000076293945,35.54999923706055,34.150001525878906,16.73136329650879,19318100
2001-02-01,34.5099983215332,34.900001525878906,33.869998931884766,16.741100311279297,9891700
2001-02-02,33.79999923706055,34.25,32.5,15.878966331481934,13902600
2001-02-05,32.29999923706055,33.25,32.0099983215332,16.07379913330078,12470100
2001-02-06,33.0099983215332,33.95000076293945,33,16.132247924804688,10478600
2001-02-07,32.25,32.5099983215332,30.540000915527344,15.17269229888916,23795100
2001-02-08,30.979999542236328,31.100000381469727,30,14.622288703918457,11970000
2001-02-09,28.729999542236328,28.799999237060547,27.510000228881836,13.633502960205078,27527100
2001-02-12,28.280000686645508,29.850000381469727,28.200000762939453,14.442063331604004,16522100
2001-02-13,29.479999542236328,29.889999389648438,27.5,13.687082290649414,11246000
2001-02-14,27.399999618530273,28.25,26.489999771118164,13.750405311584473,14230500
2001-02-15,28.700000762939453,29.75,28.420000076293945,13.842949867248535,19409400
2001-02-16,27.200000762939453,27.3799991607666,26.25,12.907747268676758,14978400
2001-02-20,27.149999618530273,27.15999984741211,25.270000457763672,12.420661926269531,13573600
2001-02-21,25.030000686645508,25.649999618530273,24.049999237060547,11.811806678771973,18918900
2001-02-22,23.600000381469727,23.700000762939453,21.899999618530273,11.324722290039062,26155000
2001-02-23,21.600000381469727,22,20.549999237060547,10.394390106201172,41977900
2001-02-26,22.5,22.850000381469727,22,11.08117961883545,22129400
2001-02-27,23.399999618530273,23.399999618530273,21.700000762939453,10.667158126831055,17773500
2001-02-28,22.899999618530273,23.200000762939453,21.149999618530273,10.715864181518555,26829500
2001-03-01,22.100000381469727,23.950000762939453,22,11.465978622436523,24909200
2001-03-02,23.649999618530273,25.299999237060547,23.510000228881836,11.714388847351074,25504800
2001-03-05,25.549999237060547,26.030000686645508,24.200000762939453,12.664205551147461,19924500
2001-03-06,27.030000686645508,27.239999771118164,24.770000457763672,12.420661926269531,15647400
2001-03-07,26.549999237060547,26.549999237060547,25,12.420661926269531,13642600
2001-03-08,25.75,25.979999542236328,24.670000076293945,12.23069953918457,12477700
2001-03-09,24.600000381469727,24.610000610351562,22.100000381469727,11.105531692504883,27054000
2001-03-12,21.6299991607666,22.149999618530273,21,10.447968482971191,22475400
2001-03-13,22.25,23.200000762939453,21.920000076293945,10.740220069885254,18978900
2001-03-14,21,22.690000534057617,20.809999465942383,10.618446350097656,18855900
2001-03-15,25.200000762939453,25.420000076293945,24.670000076293945,12.152763366699219,24531300
2001-03-16,24.34000015258789,25.100000381469727,23.700000762939453,12.035865783691406,11980500
2001-03-19,25.010000228881836,26.979999542236328,24.969999313354492,13.005163192749023,10907300
2001-03-20,26.899999618530273,27.190000534057617,25.3700008392334,12.371953964233398,13947200
2001-03-21,25.299999237060547,25.899999618530273,24.799999237060547,12.20634651184082,13853000
2001-03-22,24.760000228881836,25.290000915527344,23.350000381469727,12.302305221557617,12830100
2001-03-23,26.3799991607666,26.84000015258789,25.3799991607666,13.02075481414795,16299100
2001-03-26,27.520000457763672,27.75,26.600000381469727,13.325855255126953,11273600
2001-03-27,27,27.440000534057617,26.100000381469727,13.453802108764648,16463600
2001-03-28,25.450000762939453,25.760000228881836,24.5,12.056256294250488,10324400
2001-03-29,24,24.700000762939453,23.149999618530273,11.888945579528809,9886800
2001-03-30,24.280000686645508,24.459999084472656,23.1299991607666,11.810209274291992,9340500
2001-04-02,23.149999618530273,24.079999923706055,22.149999618530273,11.283670425415039,11362300
2001-04-03,22.68000030517578,22.739999771118164,21.25,10.45695686340332,12295100
2001-04-04,22.3799991607666,23,21.299999237060547,10.973655700683594,13194900
2001-04-05,24.299999237060547,24.739999771118164,23.65999984741211,12.105466842651367,16333800
2001-04-06,23.75,24.100000381469727,22.299999237060547,11.485429763793945,13638400
2001-04-09,23.899999618530273,24.350000381469727,23.649999618530273,11.893864631652832,8026400
2001-04-10,24.920000076293945,25.780000686645508,24.920000076293945,12.548347473144531,13589900
2001-04-11,26.75,27.34000015258789,26.200000762939453,13.099493980407715,15623500
2001-04-12,26.579999923706055,27.75,25.90999984741211,13.640791893005371,10483800
2001-04-16,26.5,27.1299991607666,26.350000381469727,13.163464546203613,7260500
2001-04-17,24.850000381469727,26.299999237060547,24.649999618530273,12.769791603088379,11587100
2001-04-18,27.889999389648438,31.450000762939453,27.399999618530273,15.254853248596191,39555000
2001-04-19,29,31.799999237060547,28.649999618530273,15.550108909606934,28372300
2001-04-20,30.989999771118164,31.899999618530273,30.799999237060547,15.476298332214355,22694300
2001-04-23,30.5,30.84000015258789,29.34000015258789,14.70371150970459,11785100
2001-04-24,29.920000076293945,30.610000610351562,29.540000915527344,14.738161087036133,9014400
2001-04-25,29.850000381469727,30.309999465942383,29.360000610351562,14.885787010192871,9606300
2001-04-26,30.469999313354492,31.1200008392334,30.200000762939453,15.107231140136719,11756000
2001-04-27,31.75,32.130001068115234,31.010000228881836,15.717426300048828,15349200
2001-04-30,32.650001525878906,34.689998626708984,32.5,16.82462501525879,21922200
2001-05-01,34.189998626708984,35.119998931884766,33.650001525878906,17.20353889465332,15643300
2001-05-02,33.95000076293945,34.47999954223633,33.29999923706055,16.66716194152832,18171300
2001-05-03,32.20000076293945,32.720001220703125,32,15.943782806396484,13133600
2001-05-04,32.06999969482422,34.2400016784668,32,16.553977966308594,13153400
2001-05-07,33.45000076293945,33.75,32.849998474121094,16.1898250579834,8698900
2001-05-08,33.279998779296875,33.279998779296875,32.29999923706055,16.362060546875,9660600
2001-05-09,31.719999313354492,32.20000076293945,31.459999084472656,15.638689041137695,11947600
2001-05-10,33.349998474121094,33.43000030517578,32.09000015258789,15.840447425842285,7997600
2001-05-11,32,32.18000030517578,31.399999618530273,15.505821228027344,7141400
2001-05-14,31.1299991607666,31.200000762939453,30.520000457763672,15.235170364379883,7401600
2001-05-15,31.010000228881836,31.729999542236328,30.709999084472656,15.37787914276123,12332600
2001-05-16,30.5,32.25,30.40999984741211,15.72234058380127,15134800
2001-05-17,32.61000061035156,33.5,32.40999984741211,16.219356536865234,9941400
2001-05-18,33.040000915527344,33.88999938964844,32.970001220703125,16.58350372314453,12753300
2001-05-21,33.58000183105469,35.5,33.2599983215332,17.228147506713867,19705300
2001-05-22,34.900001525878906,34.900001525878906,33.86000061035156,16.927967071533203,12954600
2001-05-23,33.43000030517578,33.54999923706055,32.849998474121094,16.253799438476562,9471200
2001-05-24,32.22999954223633,32.540000915527344,31.600000381469727,15.99791431427002,11761600
2001-05-25,32.16999816894531,32.25,31.549999237060547,15.555030822753906,6366600
2001-05-29,31.25,31.25,30.260000228881836,14.934995651245117,8176900
2001-05-30,29.75,29.889999389648438,28.5,14.029544830322266,12421900
2001-05-31,28.899999618530273,29.5,28.75,14.388773918151855,10000300
2001-06-01,29.729999542236328,29.770000457763672,28.649999618530273,14.13780689239502,10480300
2001-06-04,29.1200008392334,29.5,28.860000610351562,14.408459663391113,6894100
2001-06-05,29.600000381469727,31.420000076293945,29.540000915527344,15.220405578613281,10621800
2001-06-06,30.969999313354492,31.079999923706055,30,14.767683982849121,6056500
2001-06-07,29.799999237060547,31.450000762939453,29.760000228881836,15.313909530639648,8338300
2001-06-08,30.8700008392334,31.1200008392334,29.700000762939453,14.679109573364258,5500800
2001-06-11,29.1299991607666,29.18000030517578,28.5,14.127963066101074,9031300
2001-06-12,23.350000381469727,23.780000686645508,22.399999618530273,11.446063995361328,54499400
2001-06-13,23.979999542236328,24.200000762939453,23.420000076293945,11.608453750610352,18240300
2001-06-14,22.530000686645508,22.670000076293945,21.75,10.875236511230469,24389200
2001-06-15,21.549999237060547,22.739999771118164,21.549999237060547,11.052388191223145,12190700
2001-06-18,22.399999618530273,22.639999389648438,21.920000076293945,10.899840354919434,7756600
2001-06-19,23.100000381469727,23.25,22.1200008392334,10.998254776000977,8687600
2001-06-20,21.579999923706055,22.6200008392334,21.530000686645508,11.131122589111328,9044800
2001-06-21,22.5,23.43000030517578,22,11.219697952270508,5985500
2001-06-22,23.190000534057617,23.700000762939453,23.049999237060547,11.46574592590332,7142300
2001-06-25,23.059999465942383,23.149999618530273,22.260000228881836,11.02286148071289,8805500
2001-06-26,21.899999618530273,22.34000015258789,21.709999084472656,10.801423072814941,10289400
2001-06-27,22.649999618530273,22.690000534057617,21.270000457763672,10.555375099182129,12435800
2001-06-28,21.579999923706055,22,20.600000381469727,10.609506607055664,14008800
2001-06-29,22.299999237060547,22.59000015258789,21.920000076293945,10.919526100158691,9978600
2001-07-02,22.290000915527344,23.15999984741211,22.1200008392334,11.02286148071289,8463900
2001-07-03,22.559999465942383,22.700000762939453,22,10.924444198608398,7202500
2001-07-05,20.610000610351562,21.100000381469727,20.010000228881836,10.014074325561523,17676500
2001-07-06,19.850000381469727,20,18.959999084472656,9.349749565124512,16606500
2001-07-09,18.3799991607666,18.899999618530273,18.149999618530273,9.103704452514648,12561000
2001-07-10,19.139999389648438,19.15999984741211,18.3700008392334,9.093863487243652,11475200
2001-07-11,17.850000381469727,18.5,17.299999237060547,8.857659339904785,22726100
2001-07-12,18.8799991607666,19.360000610351562,18.559999465942383,9.413721084594727,19623900
2001-07-13,18.200000762939453,18.6200008392334,18.020000457763672,9.005285263061523,16139200
2001-07-16,18.200000762939453,18.209999084472656,16.920000076293945,8.449219703674316,23732600
2001-07-17,17.020000457763672,17.5,16.940000534057617,8.59192943572998,12374800
2001-07-18,17.25,17.579999923706055,16.899999618530273,8.365567207336426,13621600
2001-07-19,19.479999542236328,20,19.200000762939453,9.600717544555664,25369000
2001-07-20,18.8700008392334,19.290000915527344,18.700000762939453,9.448168754577637,9570700
2001-07-23,19.600000381469727,19.75,18.969999313354492,9.349749565124512,6221400
2001-07-24,19.200000762939453,19.479999542236328,19,9.448168754577637,8994200
2001-07-25,19.3799991607666,19.68000030517578,18.93000030517578,9.64992618560791,7301300
2001-07-26,19.549999237060547,20.81999969482422,19.420000076293945,10.087888717651367,10907600
2001-07-27,20.93000030517578,21.3700008392334,20.850000381469727,10.432351112365723,11343100
2001-07-30,21.700000762939453,21.790000915527344,21.309999465942383,10.643949508666992,10007600
2001-07-31,21.8700008392334,22.260000228881836,21.670000076293945,10.73253059387207,12338900
2001-08-01,21.75,22.25,21.610000610351562,10.757132530212402,13363300
2001-08-02,22.65999984741211,22.899999618530273,22.1299991607666,11.131122589111328,11962600
2001-08-03,22.389999389648438,22.459999084472656,22.030000686645508,10.929363250732422,5761600
2001-08-06,21.420000076293945,21.899999618530273,21.350000381469727,10.7030029296875,6001400
2001-08-07,21.270000457763672,21.739999771118164,21.100000381469727,10.560294151306152,5258400
2001-08-08,20.700000762939453,20.940000534057617,19.979999542236328,9.89105224609375,12418400
2001-08-09,19.940000534057617,20,19.219999313354492,9.654847145080566,12932800
2001-08-10,19.079999923706055,19.229999542236328,18.489999771118164,9.349749565124512,10966600
2001-08-13,19.479999542236328,19.520000457763672,18.899999618530273,9.531825065612793,7410500
2001-08-14,20,20.020000457763672,19.18000030517578,9.462928771972656,7873200
2001-08-15,19.299999237060547,19.469999313354492,18.600000381469727,9.17751693725586,6476100
2001-08-16,18.209999084472656,18.65999984741211,17.899999618530273,9.08402156829834,14382300
2001-08-17,17.5,17.729999542236328,17.030000686645508,8.40493392944336,16836400
2001-08-20,17.110000610351562,17.34000015258789,16.739999771118164,8.488590240478516,15604900
2001-08-21,17.530000686645508,17.75,17.010000228881836,8.370488166809082,9188100
2001-08-22,17.920000076293945,18,17.3700008392334,8.84781551361084,10850300
2001-08-23,17.920000076293945,18.149999618530273,17.25,8.537799835205078,8675400
2001-08-24,17.850000381469727,18.239999771118164,17.56999969482422,8.897024154663086,9103000
2001-08-27,17.829999923706055,17.829999923706055,17.1299991607666,8.537799835205078,8401200
2001-08-28,17.360000610351562,17.389999389648438,16.559999465942383,8.267149925231934,11574400
2001-08-29,16.950000762939453,16.950000762939453,16.020000457763672,7.937444686889648,12555600
2001-08-30,15.600000381469727,15.850000381469727,14.739999771118164,7.5290093421936035,27337100
2001-08-31,15.520000457763672,15.739999771118164,15.270000457763672,7.74553108215332,9280900
2001-09-04,15.100000381469727,15.59000015258789,14.899999618530273,7.381381511688232,13747300
2001-09-05,14.619999885559082,14.6899995803833,13.4399995803833,6.8154778480529785,25526900
2001-09-06,13.279999732971191,13.710000038146973,12.899999618530273,6.372593402862549,18888100
2001-09-07,12.899999618530273,13.479999542236328,12.699999809265137,6.530062675476074,16284100
2001-09-10,13.079999923706055,13.949999809265137,12.960000038146973,6.766265392303467,19040300
2001-09-17,14.600000381469727,15.899999618530273,14.520000457763672,7.597902297973633,27961500
2001-09-18,15.430000305175781,16.450000762939453,15.149999618530273,7.489640712738037,20051700
2001-09-19,16.579999923706055,16.799999237060547,15.300000190734863,7.903000831604004,24804900
2001-09-20,15.720000267028809,16.43000030517578,15.65999984741211,7.848869323730469,13502800
2001-09-21,14.449999809265137,15.800000190734863,14.149999618530273,7.701241493225098,17269100
2001-09-24,16.420000076293945,17.100000381469727,16.34000015258789,8.40493392944336,13935800
2001-09-25,16.899999618530273,17.489999771118164,16.600000381469727,8.40001106262207,10719400
2001-09-26,16.75,16.760000228881836,16.079999923706055,7.912840843200684,11602400
2001-09-27,15.680000305175781,16.139999389648438,15.260000228881836,7.799661159515381,14056000
2001-09-28,15.970000267028809,16.34000015258789,15.5600004196167,7.701241493225098,12336300
2001-10-01,15.479999542236328,15.539999961853027,15.100000381469727,7.504405498504639,7662600
2001-10-02,15.350000381469727,15.649999618530273,15,7.479798793792725,11702900
2001-10-03,14.850000381469727,16.690000534057617,14.75,7.917762756347656,24380800
2001-10-04,16.450000762939453,17.299999237060547,16.209999084472656,8.23270320892334,18114400
2001-10-05,16.760000228881836,17.18000030517578,16.649999618530273,8.360647201538086,9151100
2001-10-08,16.450000762939453,17.510000228881836,16.43000030517578,8.478747367858887,7898700
2001-10-09,17.530000686645508,17.729999542236328,17,8.365567207336426,8334200
2001-10-10,17.350000381469727,19,17.329999923706055,9.3399076461792,19933900
2001-10-11,19.299999237060547,19.5,18.610000610351562,9.517061233520508,19624600
2001-10-12,18.719999313354492,19.309999465942383,18.5,9.334986686706543,11846600
2001-10-15,18.979999542236328,19,18.40999984741211,9.226726531982422,6982900
2001-10-16,19.059999465942383,19.5,19.010000228881836,9.585956573486328,10825600
2001-10-17,20.350000381469727,20.479999542236328,19.209999084472656,9.595796585083008,19000800
2001-10-18,19.25,19.34000015258789,18.5,9.241490364074707,11236000
2001-10-19,19.549999237060547,20.25,19.510000228881836,9.89105224609375,28560700
2001-10-22,20.1299991607666,21.09000015258789,20.100000381469727,10.21583366394043,13009500
2001-10-23,21.270000457763672,21.649999618530273,20.93000030517578,10.333934783935547,10103300
2001-10-24,21.399999618530273,22.170000076293945,21.299999237060547,10.870314598083496,12034500
2001-10-25,20.700000762939453,21.75,20.399999618530273,10.683319091796875,15438600
2001-10-26,21.139999389648438,21.84000015258789,21.139999389648438,10.619346618652344,8051500
2001-10-29,21.450000762939453,21.549999237060547,19.989999771118164,9.925495147705078,9896300
2001-10-30,20.149999618530273,20.549999237060547,19.899999618530273,9.989468574523926,11787500
2001-10-31,20.979999542236328,21.149999618530273,20.299999237060547,10.092808723449707,8230500
2001-11-01,20.81999969482422,21.450000762939453,20.510000228881836,10.466798782348633,10000700
2001-11-02,21.520000457763672,21.75,21.309999465942383,10.560294151306152,8389900
2001-11-05,21.899999618530273,22.639999389648438,21.8799991607666,11.047471046447754,10500600
2001-11-06,22.450000762939453,23.200000762939453,22.200000762939453,11.347643852233887,14665100
2001-11-07,22,22.649999618530273,21.959999084472656,10.924444198608398,15646800
2001-11-08,22.969999313354492,23.540000915527344,22.170000076293945,11.01794147491455,16878700
2001-11-09,22.25,22.799999237060547,22,10.855549812316895,9795400
2001-11-12,21.8700008392334,22.649999618530273,21.309999465942383,11.013020515441895,13095700
2001-11-13,23,23.600000381469727,22.940000534057617,11.505111694335938,13050200
2001-11-14,24.25,24.690000534057617,23.75,12.056256294250488,17382000
2001-11-15,24.489999771118164,24.729999542236328,24.010000228881836,11.95783805847168,11880200
2001-11-16,25,25.139999389648438,24.530000686645508,12.297384262084961,12094400
2001-11-19,25.1200008392334,25.239999771118164,24.209999084472656,12.115309715270996,9614600
2001-11-20,23.979999542236328,24.059999465942383,23.299999237060547,11.524797439575195,13712500
2001-11-21,23.229999542236328,23.93000030517578,22.940000534057617,11.637980461120605,11033600
2001-11-23,24.25,24.399999618530273,24,11.89879035949707,4185600
2001-11-26,25.049999237060547,25.239999771118164,24.700000762939453,12.42040729522705,12687900
2001-11-27,23.899999618530273,24.5,23.190000534057617,11.672422409057617,29077800
2001-11-28,22.899999618530273,23,22.010000228881836,10.875236511230469,15525400
2001-11-29,22.200000762939453,22.950000762939453,22.110000610351562,11.254144668579102,10826300
2001-11-30,23.100000381469727,23.350000381469727,23,11.323038101196289,8041400
2001-12-03,22.75,23.100000381469727,22.600000381469727,11.160652160644531,6787400
2001-12-04,23.75,24.190000534057617,23.5,11.903708457946777,11519600
2001-12-05,24.8799991607666,25.600000381469727,24.389999389648438,12.563114166259766,17198400
2001-12-06,25.399999618530273,25.549999237060547,24.75,12.262934684753418,10577900
2001-12-07,25.1299991607666,25.399999618530273,24.299999237060547,12.105466842651367,7875300
2001-12-10,24.059999465942383,24.399999618530273,23.649999618530273,11.70687198638916,8277600
2001-12-11,25.440000534057617,26.100000381469727,25.299999237060547,12.548347473144531,16782000
2001-12-12,25.6299991607666,25.719999313354492,24.8799991607666,12.508983612060547,7671500
2001-12-13,24.1200008392334,24.399999618530273,23.559999465942383,11.647820472717285,12523400
2001-12-14,24.079999923706055,25,23.90999984741211,12.12514877319336,9430900
2001-12-17,24.979999542236328,25.5,24.969999313354492,12.469616889953613,7610200
2001-12-18,25.469999313354492,25.729999542236328,24.6200008392334,12.35151481628418,11918100
2001-12-19,24.450000762939453,25.5,24.229999542236328,12.105466842651367,11848100
2001-12-20,24.170000076293945,24.31999969482422,23.299999237060547,11.534645080566406,11655000
2001-12-21,24.25,24.540000915527344,23.860000610351562,11.810209274291992,8457400
2001-12-24,23.6200008392334,24.100000381469727,23.549999237060547,11.657661437988281,2227500
2001-12-26,23.799999237060547,24.75,23.760000228881836,12.075942039489746,4904500
2001-12-27,24.979999542236328,25.239999771118164,24.600000381469727,12.2088041305542,5524800
2001-12-28,25.280000686645508,25.510000228881836,25.010000228881836,12.425325393676758,7544600
2001-12-31,25.100000381469727,25.1299991607666,24.399999618530273,12.071019172668457,7652700
2002-01-02,25.309999465942383,25.75,24.899999618530273,12.582794189453125,8647900
2002-01-03,25.899999618530273,26.959999084472656,25.899999618530273,13.237279891967773,17718300
2002-01-04,26.989999771118164,27.059999465942383,25.899999618530273,12.868206977844238,16975500
2002-01-07,26.25,26.479999542236328,25.100000381469727,12.449930191040039,14713800
2002-01-08,24.299999237060547,25.040000915527344,23.56999969482422,11.746234893798828,25146600
2002-01-09,24.299999237060547,24.479999542236328,20.059999465942383,11.278754234313965,24244100
2002-01-10,23.010000228881836,23.489999771118164,22.829999923706055,11.372249603271484,17137900
2002-01-11,23.75,23.799999237060547,22.770000457763672,11.224621772766113,15828000
2002-01-14,22.40999984741211,22.5,21.299999237060547,10.575057983398438,21668200
2002-01-15,22.100000381469727,22.600000381469727,21.920000076293945,11.091756820678711,18890000
2002-01-16,22.059999465942383,22.209999084472656,21.520000457763672,10.707923889160156,11709400
2002-01-17,22.81999969482422,22.950000762939453,22.309999465942383,11.239384651184082,12629800
2002-01-18,22,22.709999084472656,21.829999923706055,11.07207202911377,9844900
2002-01-22,21.399999618530273,21.510000228881836,20.75,10.407747268676758,20863100
2002-01-23,21.280000686645508,22.479999542236328,21.260000228881836,10.929363250732422,14656800
2002-01-24,23.799999237060547,24.030000686645508,23.299999237060547,11.46574592590332,24168600
2002-01-25,22.649999618530273,23.350000381469727,22.5,11.377172470092773,9982100
2002-01-28,23.1200008392334,23.520000457763672,23.010000228881836,11.539559364318848,8636900
2002-01-29,23.309999465942383,23.510000228881836,22.459999084472656,11.165567398071289,12113300
2002-01-30,22.399999618530273,23.389999389648438,22.079999923706055,11.406696319580078,11096600
2002-01-31,23.31999969482422,23.489999771118164,22.959999084472656,11.539559364318848,7697500
2002-02-01,23.5,23.729999542236328,23.25,11.598612785339355,8395400
2002-02-04,23.450000762939453,23.5,22.6299991607666,11.140966415405273,7315600
2002-02-05,22.290000915527344,22.469999313354492,21.170000076293945,10.57997989654541,19090400
2002-02-06,21.850000381469727,21.889999389648438,21.280000686645508,10.678400993347168,8432200
2002-02-07,22.139999389648438,22.239999771118164,21.549999237060547,10.653794288635254,8949500
2002-02-08,21.950000762939453,22.09000015258789,21.260000228881836,10.845709800720215,7942800
2002-02-11,22.56999969482422,23.09000015258789,22.459999084472656,11.25906753540039,6300300
2002-02-12,22.65999984741211,23.25,22.5,11.244305610656738,5879600
2002-02-13,22.969999313354492,23.25,22.809999465942383,11.337806701660156,5674400
2002-02-14,23.209999084472656,23.350000381469727,22.360000610351562,11.140966415405273,6000200
2002-02-15,22.25,22.360000610351562,21.600000381469727,10.648874282836914,8014600
2002-02-19,21.049999237060547,21.079999923706055,20,10.132177352905273,11683400
2002-02-20,20.350000381469727,20.6299991607666,19.200000762939453,9.964863777160645,19725300
2002-02-21,20.239999771118164,20.5,19.530000686645508,9.679451942443848,11691200
2002-02-22,19.469999313354492,19.719999313354492,19.270000457763672,9.551509857177734,10028000
2002-02-25,20,20.8799991607666,19.979999542236328,10.225674629211426,12124700
2002-02-26,21.18000030517578,21.18000030517578,20.489999771118164,10.137102127075195,9167400
2002-02-27,21.239999771118164,21.329999923706055,20.559999465942383,10.210912704467773,7631200
2002-02-28,21.1200008392334,21.3799991607666,20.700000762939453,10.22075366973877,9881300
2002-03-01,20.850000381469727,21.469999313354492,20.75,10.530769348144531,12268600
2002-03-04,22.030000686645508,23.040000915527344,22,11.318116188049316,15184700
2002-03-05,22.530000686645508,23.079999923706055,22.399999618530273,11.249227523803711,9628700
2002-03-06,22.700000762939453,23.610000610351562,22.68000030517578,11.549400329589844,13376400
2002-03-07,24,24.239999771118164,23.510000228881836,11.711790084838867,12450900
2002-03-08,24.049999237060547,24.239999771118164,23.850000381469727,11.82989501953125,11068400
2002-03-11,23.459999084472656,23.739999771118164,23.25,11.564164161682129,9131700
2002-03-12,22.209999084472656,22.209999084472656,21.690000534057617,10.870314598083496,21224900
2002-03-13,22.170000076293945,22.43000030517578,21.600000381469727,10.771892547607422,11300200
2002-03-14,21.93000030517578,22.079999923706055,21.760000228881836,10.806342124938965,7991600
2002-03-15,22.100000381469727,22.299999237060547,22.010000228881836,10.880157470703125,7133500
2002-03-18,22.739999771118164,22.790000915527344,22.219999313354492,11.02778434753418,8115200
2002-03-19,22.079999923706055,22.100000381469727,21.610000610351562,10.693159103393555,6938300
2002-03-20,21.200000762939453,21.389999389648438,20.770000457763672,10.279806137084961,8159000
2002-03-21,21.3799991607666,21.3799991607666,20.610000610351562,10.466798782348633,11625300
2002-03-22,21.030000686645508,21.420000076293945,20.93000030517578,10.455357551574707,5647100
2002-03-25,21.280000686645508,21.399999618530273,20.75,10.325966835021973,5792800
2002-03-26,20.809999465942383,21.149999618530273,20.5,10.320993423461914,12707800
2002-03-27,20.700000762939453,21.170000076293945,20.700000762939453,10.450376510620117,7897400
2002-03-28,21.219999313354492,21.389999389648438,20.700000762939453,10.320993423461914,6828500
2002-04-01,20.31999969482422,21.049999237060547,20.219999313354492,10.420520782470703,7990700
2002-04-02,20.5,20.600000381469727,19.959999084472656,9.942787170410156,12322400
2002-04-03,20.389999389648438,20.59000015258789,19.959999084472656,10.057246208190918,10391300
2002-04-04,20.149999618530273,20.299999237060547,19.75,9.967668533325195,10054900
2002-04-05,20.190000534057617,20.280000686645508,19.770000457763672,9.907950401306152,9737600
2002-04-08,19.149999618530273,19.6299991607666,18.93000030517578,9.728802680969238,11283500
2002-04-09,19.479999542236328,19.649999618530273,18.799999237060547,9.415291786193848,13258600
2002-04-10,18.950000762939453,19.25,18.799999237060547,9.455102920532227,16464600
2002-04-11,18.649999618530273,18.739999771118164,17.600000381469727,8.927607536315918,52389200
2002-04-12,18.260000228881836,18.989999771118164,18.18000030517578,9.300837516784668,11118100
2002-04-15,19.25,19.3799991607666,19,9.579514503479004,8386700
2002-04-16,20.200000762939453,20.56999969482422,20.09000015258789,10.126914024353027,11111600
2002-04-17,20.950000762939453,20.950000762939453,20.200000762939453,10.266250610351562,11392700
2002-04-18,18.729999542236328,19,18,9.007229804992676,26924100
2002-04-19,17.450000762939453,17.56999969482422,17.229999542236328,8.678790092468262,15863900
2002-04-22,16.510000228881836,16.700000762939453,16.15999984741211,8.11148452758789,18312800
2002-04-23,16.31999969482422,16.719999313354492,16.1299991607666,8.051766395568848,16466300
2002-04-24,16.049999237060547,16.1299991607666,15.569999694824219,7.912429332733154,13558400
2002-04-25,16.329999923706055,16.5,16.059999465942383,8.181153297424316,11177200
2002-04-26,16.649999618530273,16.739999771118164,15.920000076293945,7.967169284820557,10054800
2002-04-29,16.049999237060547,16.190000534057617,15.40999984741211,7.847734451293945,8264600
2002-04-30,15.510000228881836,16.450000762939453,15.510000228881836,8.091578483581543,9829300
2002-05-01,16.260000228881836,16.68000030517578,15.75,8.136366844177246,11934600
2002-05-02,16.3700008392334,16.690000534057617,16.100000381469727,8.041812896728516,7691200
2002-05-03,15.949999809265137,15.970000267028809,15,7.6785407066345215,11333200
2002-05-06,15.25,15.399999618530273,14.520000457763672,7.414792060852051,12413200
2002-05-07,15.319999694824219,15.399999618530273,14.880000114440918,7.489434719085693,8891000
2002-05-08,16.09000015258789,16.639999389648438,15.899999618530273,8.215987205505371,10659300
2002-05-09,16.399999618530273,16.479999542236328,15.729999542236328,7.902475357055664,9172600
2002-05-10,15.779999732971191,15.779999732971191,15,7.549152851104736,8582000
2002-05-13,15.369999885559082,15.970000267028809,15.3100004196167,7.84276008605957,11147400
2002-05-14,16.389999389648438,16.639999389648438,16.139999389648438,8.215987205505371,9498300
2002-05-15,16.31999969482422,16.8799991607666,16.170000076293945,8.1712007522583,10191200
2002-05-16,16.18000030517578,16.299999237060547,15.960000038146973,8.041812896728516,7016300
2002-05-17,16.610000610351562,16.75,16.059999465942383,8.335420608520508,9227300
2002-05-20,16.5,16.510000228881836,16.010000228881836,8.141341209411621,6130800
2002-05-21,16.040000915527344,16.110000610351562,15.1899995803833,7.663609027862549,13039100
2002-05-22,15.119999885559082,15.220000267028809,14.5,7.414792060852051,13094500
2002-05-23,14.5,14.5600004196167,14.109999656677246,7.175925254821777,14270700
2002-05-24,13.979999542236328,14.5,13.899999618530273,7.091326713562012,11629400
2002-05-28,14.40999984741211,14.449999809265137,14.039999961853027,7.111233234405518,7806700
2002-05-29,13.869999885559082,13.979999542236328,13.680000305175781,6.842510223388672,9234000
2002-05-30,13.420000076293945,13.630000114440918,13.109999656677246,6.668334484100342,10465900
2002-05-31,14,14.289999961853027,13.800000190734863,6.907200813293457,14018800
2002-06-03,13.899999618530273,14,13.25,6.66335916519165,6631900
2002-06-04,13.119999885559082,13.539999961853027,13.020000457763672,6.728053569793701,11092100
2002-06-05,13.640000343322754,13.8100004196167,13.170000076293945,6.7877678871154785,9291800
2002-06-06,13.739999771118164,13.779999732971191,12.899999618530273,6.479233264923096,11965100
2002-06-07,12.149999618530273,12.520000457763672,11.9399995803833,6.12093448638916,22178600
2002-06-10,12.4399995803833,12.579999923706055,11.949999809265137,5.971643924713135,13624100
2002-06-11,13.5,13.550000190734863,12.510000228881836,6.245345592498779,28382900
2002-06-12,12.510000228881836,12.850000381469727,12.149999618530273,6.3100385665893555,16511700
2002-06-13,12.59000015258789,12.789999961853027,12,6.071170806884766,13493700
2002-06-14,11.9399995803833,12.59000015258789,11.600000381469727,6.200556755065918,13756400
2002-06-17,13.100000381469727,13.420000076293945,12.960000038146973,6.598666667938232,11233400
2002-06-18,13.029999732971191,13.289999961853027,12.949999809265137,6.514068603515625,9696600
2002-06-19,12.699999809265137,12.869999885559082,12.3100004196167,6.170699119567871,6413600
2002-06-20,12.600000381469727,13,12.40999984741211,6.185626983642578,14866900
2002-06-21,12.880000114440918,13.239999771118164,12.270000457763672,6.240367412567139,12212500
2002-06-24,12.229999542236328,12.680000305175781,11.850000381469727,6.13088846206665,12029700
2002-06-25,12.600000381469727,12.699999809265137,12.25,6.145816802978516,9986500
2002-06-26,12.149999618530273,13.420000076293945,12.119999885559082,6.678287982940674,21191300
2002-06-27,13.779999732971191,13.949999809265137,13.1899995803833,6.892273426055908,15375800
2002-06-28,14.3100004196167,14.770000457763672,14.199999809265137,7.205785751342773,9471100
2002-07-01,14.510000228881836,14.600000381469727,13.75,6.897249698638916,8617200
2002-07-02,13.920000076293945,14.1899995803833,12.970000267028809,6.519046306610107,13000200
2002-07-03,13.220000267028809,14.050000190734863,13.199999809265137,6.951988697052002,9694700
2002-07-05,14.84000015258789,15.149999618530273,14.829999923706055,7.534223556518555,8477000
2002-07-08,15.430000305175781,15.550000190734863,14.449999809265137,7.215737342834473,14802700
2002-07-09,14.670000076293945,14.880000114440918,14.390000343322754,7.190855979919434,8798500
2002-07-10,14.760000228881836,14.789999961853027,13.529999732971191,6.842510223388672,16434000
2002-07-11,13.579999923706055,14.050000190734863,13.199999809265137,6.951988697052002,17907800
2002-07-12,14.069999694824219,14.210000038146973,13.350000381469727,6.782792568206787,13800400
2002-07-15,13.460000038146973,14.100000381469727,13.050000190734863,6.956965923309326,10012800
2002-07-16,13.399999618530273,14.079999923706055,13.359999656677246,6.762887954711914,14631400
2002-07-17,14.399999618530273,14.5600004196167,13.979999542236328,7.026634693145752,17232100
2002-07-18,13.520000457763672,13.9399995803833,13.15999984741211,6.633500576019287,15535900
2002-07-19,12.899999618530273,13.5,12.520000457763672,6.29013204574585,11454800
2002-07-22,12.760000228881836,13.149999618530273,12.140000343322754,6.170699119567871,10199900
2002-07-23,12,12.079999923706055,11.039999961853027,5.697943210601807,18808100
2002-07-24,10.600000381469727,12.109999656677246,10.510000228881836,6.001502990722656,16833700
2002-07-25,11.579999923706055,11.789999961853027,10.880000114440918,5.633251667022705,9554000
2002-07-26,11.039999961853027,11.600000381469727,10.819999694824219,5.563581943511963,10184100
2002-07-29,11.680000305175781,12.529999732971191,11.630000114440918,6.190602779388428,10164000
2002-07-30,12.40999984741211,12.829999923706055,12.180000305175781,6.3199896812438965,7077300
2002-07-31,12.229999542236328,12.550000190734863,12.050000190734863,6.170699119567871,6282300
2002-08-01,12.170000076293945,12.220000267028809,11.369999885559082,5.772590637207031,7882000
2002-08-02,11.75,11.800000190734863,11.180000305175781,5.64818000793457,6702800
2002-08-05,11.140000343322754,11.140000343322754,10.600000381469727,5.354574203491211,7355300
2002-08-06,11,11.5,10.960000038146973,5.613344669342041,8575900
2002-08-07,11.850000381469727,11.979999542236328,10.930000305175781,5.598416328430176,17114300
2002-08-08,11.770000457763672,13.350000381469727,11.65999984741211,6.210508823394775,15469800
2002-08-09,12.319999694824219,13.050000190734863,12.279999732971191,6.419517517089844,10764000
2002-08-12,12.65999984741211,12.899999618530273,12.270000457763672,6.295107841491699,11112100
2002-08-13,12.4399995803833,12.869999885559082,12,5.996526718139648,14648000
2002-08-14,12.239999771118164,12.850000381469727,11.949999809265137,6.359800338745117,14124200
2002-08-15,12.75,13.100000381469727,12.539999961853027,6.419517517089844,10106600
2002-08-16,12.979999542236328,13.949999809265137,12.949999809265137,6.75791072845459,13469100
2002-08-19,13.670000076293945,14.399999618530273,13.65999984741211,7.111233234405518,9065900
2002-08-20,13.960000038146973,14.380000114440918,13.800000190734863,6.966919898986816,8893000
2002-08-21,14.489999771118164,14.760000228881836,14.09000015258789,7.240617752075195,10972800
2002-08-22,14.399999618530273,14.789999961853027,14.319999694824219,7.350097179412842,6713000
2002-08-23,14.350000381469727,14.420000076293945,13.930000305175781,6.986825466156006,4089400
2002-08-26,14.069999694824219,14.25,13.600000381469727,7.041563510894775,4536500
2002-08-27,14.460000038146973,14.5600004196167,13.90999984741211,6.951988697052002,6327800
2002-08-28,13.489999771118164,13.670000076293945,13.180000305175781,6.69321870803833,6653800
2002-08-29,13.119999885559082,13.630000114440918,13.09000015258789,6.678287982940674,5448800
2002-08-30,13.100000381469727,13.460000038146973,12.979999542236328,6.613597393035889,4422400
2002-09-03,12.880000114440918,12.979999542236328,12.4399995803833,6.215487003326416,9127100
2002-09-04,12.520000457763672,13.270000457763672,12.399999618530273,6.519046306610107,10809300
2002-09-05,12.930000305175781,13.5,12.800000190734863,6.638477802276611,12542500
2002-09-06,14.050000190734863,14.1899995803833,13.8100004196167,6.942034721374512,10369400
2002-09-09,13.9399995803833,14.289999961853027,13.649999618530273,7.056491374969482,12039500
2002-09-10,13.699999809265137,13.890000343322754,13.59000015258789,6.902225494384766,11776800
2002-09-11,14.619999885559082,15.029999732971191,14.5,7.270476818084717,12899300
2002-09-12,14.329999923706055,14.369999885559082,13.850000381469727,6.951988697052002,8360900
2002-09-13,13.75,14.140000343322754,13.649999618530273,6.986825466156006,5772900
2002-09-16,13.75,13.819999694824219,13.260000228881836,6.713122844696045,5106900
2002-09-17,13.609999656677246,13.699999809265137,13.25,6.6086225509643555,5590900
2002-09-18,12.970000267028809,13.149999618530273,12.539999961853027,6.439423561096191,7007100
2002-09-19,12.510000228881836,12.779999732971191,12.420000076293945,6.180652141571045,7199700
2002-09-20,12.859999656677246,13.039999961853027,12.600000381469727,6.3896589279174805,7148900
2002-09-23,12.4399995803833,12.65999984741211,12.170000076293945,6.220462799072266,5430500
2002-09-24,12.010000228881836,12.5,11.869999885559082,6.200556755065918,12649000
2002-09-25,12.800000190734863,13.34000015258789,12.609999656677246,6.593690395355225,10677700
2002-09-26,13.859999656677246,14.130000114440918,13.699999809265137,6.872368812561035,16251000
2002-09-27,13.949999809265137,14.319999694824219,13.619999885559082,6.817626953125,8568700
2002-09-30,13.350000381469727,13.460000038146973,12.949999809265137,6.593690395355225,10011500
2002-10-01,13.520000457763672,14.239999771118164,13.239999771118164,7.086352348327637,10157100
2002-10-02,13.989999771118164,14.579999923706055,13.9399995803833,6.991800308227539,9720100
2002-10-03,14.15999984741211,14.279999732971191,13.6899995803833,6.892273426055908,9058600
2002-10-04,13.680000305175781,13.699999809265137,13,6.48421049118042,8223100
2002-10-07,13,13.5,12.8100004196167,6.479233264923096,7920700
2002-10-08,13.1899995803833,13.390000343322754,12.770000457763672,6.66335916519165,12271100
2002-10-09,12.859999656677246,13.260000228881836,12.84000015258789,6.459328651428223,9815200
2002-10-10,13.079999923706055,13.899999618530273,12.970000267028809,6.857439041137695,9129800
2002-10-11,14.300000190734863,14.699999809265137,14.0600004196167,7.185878276824951,11897500
2002-10-14,14.220000267028809,14.619999885559082,14.170000076293945,7.205785751342773,6963800
2002-10-15,15.4399995803833,15.84000015258789,15,7.773089408874512,19727400
2002-10-16,14.800000190734863,15.109999656677246,14.600000381469727,7.464555263519287,13686500
2002-10-17,16.280000686645508,16.729999542236328,15.819999694824219,8.260775566101074,32468100
2002-10-18,15.880000114440918,16.520000457763672,15.739999771118164,8.156269073486328,12486800
2002-10-21,16.06999969482422,16.739999771118164,15.800000190734863,8.320489883422852,11296300
2002-10-22,16.09000015258789,16.520000457763672,16.020000457763672,8.11148452758789,10250200
2002-10-23,16.010000228881836,16.399999618530273,15.699999809265137,8.106507301330566,10196500
2002-10-24,16.420000076293945,16.540000915527344,16.110000610351562,8.036835670471191,10998300
2002-10-25,16.280000686645508,17.020000457763672,16.280000686645508,8.405088424682617,10386700
2002-10-28,17.1299991607666,17.299999237060547,16.860000610351562,8.43494701385498,11585300
2002-10-29,16.649999618530273,16.739999771118164,15.970000267028809,8.136366844177246,9336800
2002-10-30,16.40999984741211,16.959999084472656,16.06999969482422,8.385185241699219,8881000
2002-10-31,16.799999237060547,17.030000686645508,16.6200008392334,8.270727157592773,7574500
2002-11-01,16.270000457763672,16.950000762939453,16.200000762939453,8.410067558288574,7523700
2002-11-04,17.350000381469727,18.200000762939453,17.299999237060547,8.78329086303711,18047100
2002-11-05,17.5,18.170000076293945,17.459999084472656,8.95746898651123,12982200
2002-11-06,17.639999389648438,17.670000076293945,16.989999771118164,8.723575592041016,17578200
2002-11-07,16.950000762939453,17.43000030517578,16.770000457763672,8.559357643127441,9604200
2002-11-08,16.899999618530273,17.1299991607666,16.5,8.37523078918457,6999900
2002-11-11,16.270000457763672,16.270000457763672,15.8100004196167,7.957216262817383,11726300
2002-11-12,16.15999984741211,16.959999084472656,16.149999618530273,8.310537338256836,16332400
2002-11-13,16.700000762939453,17.350000381469727,16.65999984741211,8.49466323852539,10080900
2002-11-14,17.770000457763672,18.010000228881836,17.739999771118164,8.95746898651123,13904000
2002-11-15,17.530000686645508,18.299999237060547,17.5,9.061969757080078,7425600
2002-11-18,18.450000762939453,18.649999618530273,18.100000381469727,9.007229804992676,10762700
2002-11-19,17.860000610351562,17.969999313354492,17.469999313354492,8.75840950012207,9987500
2002-11-20,17.510000228881836,18.399999618530273,17.5,9.141594886779785,9300300
2002-11-21,18.829999923706055,19.149999618530273,18.760000228881836,9.48496150970459,16289500
2002-11-22,18.979999542236328,19.229999542236328,18.799999237060547,9.504868507385254,10329800
2002-11-25,18.959999084472656,19.25,18.84000015258789,9.524771690368652,10602000
2002-11-26,18.579999923706055,18.8700008392334,18.489999771118164,9.231164932250977,15359400
2002-11-27,18.719999313354492,19.739999771118164,18.690000534057617,9.693971633911133,13704600
2002-11-29,19.489999771118164,19.489999771118164,19.18000030517578,9.559608459472656,4824400
2002-12-02,20,20.440000534057617,19.719999313354492,10.027385711669922,23375900
2002-12-03,18.68000030517578,19.5,18.309999465942383,9.564582824707031,34375200
2002-12-04,18.600000381469727,19.290000915527344,18.549999237060547,9.405338287353516,20898100
2002-12-05,18.850000381469727,19,18.260000228881836,9.35059928894043,16271000
2002-12-06,18.790000915527344,19.5,18.200000762939453,9.624299049377441,17799700
2002-12-09,18.68000030517578,18.770000457763672,17.920000076293945,8.967419624328613,15741200
2002-12-10,17.049999237060547,17.549999237060547,16.950000762939453,8.673815727233887,24916800
2002-12-11,16.950000762939453,17.239999771118164,16.75,8.444897651672363,17582700
2002-12-12,17.25,17.40999984741211,17.049999237060547,8.5543794631958,9754400
2002-12-13,17.1200008392334,17.34000015258789,16.950000762939453,8.514568328857422,8280100
2002-12-16,17.1299991607666,17.729999542236328,17.1200008392334,8.80319881439209,8410900
2002-12-17,17.600000381469727,17.68000030517578,17.260000228881836,8.658884048461914,9581800
2002-12-18,16.6200008392334,16.700000762939453,16.350000381469727,8.25579833984375,11345400
2002-12-19,16.520000457763672,16.690000534057617,15.960000038146973,8.051766395568848,11555300
2002-12-20,16.18000030517578,16.579999923706055,16.020000457763672,8.061721801757812,9222800
2002-12-23,16.170000076293945,16.299999237060547,15.960000038146973,8.011955261230469,6429900
2002-12-24,16.049999237060547,16.1299991607666,15.600000381469727,7.847734451293945,3266300
2002-12-26,15.75,16.200000762939453,15.75,7.927357196807861,4208200
2002-12-27,15.739999771118164,15.869999885559082,15.380000114440918,7.738256931304932,5115900
2002-12-30,15.579999923706055,15.800000190734863,15.369999885559082,7.728302955627441,6277300
2002-12-31,15.279999732971191,15.529999732971191,15.069999694824219,7.713371753692627,7455800
2003-01-02,16.010000228881836,16.780000686645508,15.90999984741211,8.335420608520508,11618100
2003-01-03,16.709999084472656,16.93000030517578,16.549999237060547,8.295607566833496,6250600
2003-01-06,16.5,17.25,16.40999984741211,8.574284553527832,10470900
2003-01-07,17.079999923706055,17.1299991607666,16.40999984741211,8.270727157592773,10796900
2003-01-08,15.850000381469727,15.850000381469727,15.579999923706055,7.827829837799072,14401400
2003-01-09,16,16.520000457763672,15.949999809265137,8.086601257324219,12918200
2003-01-10,16.049999237060547,16.649999618530273,16,8.206034660339355,9304200
2003-01-13,16.719999313354492,16.81999969482422,16.200000762939453,8.225937843322754,9896400
2003-01-14,16.670000076293945,16.889999389648438,16.459999084472656,8.24087142944336,9400100
2003-01-15,16.6299991607666,16.649999618530273,16.260000228881836,8.196083068847656,7234900
2003-01-16,15.970000267028809,16,15.460000038146973,7.827829837799072,13082400
2003-01-17,15,15.270000457763672,14.899999618530273,7.534223556518555,13929800
2003-01-21,15.1899995803833,15.3100004196167,14.75,7.4197678565979,7753000
2003-01-22,14.90999984741211,15.449999809265137,14.850000381469727,7.434695720672607,10956000
2003-01-23,15.039999961853027,15.180000305175781,14.039999961853027,7.116209030151367,32718000
2003-01-24,14.510000228881836,14.710000038146973,14.319999694824219,7.210761070251465,12338600
2003-01-27,14.300000190734863,14.449999809265137,13.649999618530273,6.951988697052002,10757500
2003-01-28,13.899999618530273,14.239999771118164,13.6899995803833,7.041563510894775,11135500
2003-01-29,14.420000076293945,14.90999984741211,14.229999542236328,7.325216770172119,11358400
2003-01-30,14.789999961853027,14.890000343322754,14.279999732971191,7.165971279144287,7696500
2003-01-31,13.930000305175781,14.4399995803833,13.850000381469727,7.160998821258545,10984400
2003-02-03,14.1899995803833,14.550000190734863,14.149999618530273,7.165971279144287,7137500
2003-02-04,14.130000114440918,14.329999923706055,13.989999771118164,7.066445350646973,7350900
2003-02-05,14.180000305175781,14.350000381469727,13.989999771118164,7.001754283905029,9259500
2003-02-06,13.920000076293945,13.949999809265137,13.550000190734863,6.862414836883545,9924000
2003-02-07,14.109999656677246,14.15999984741211,13.539999961853027,6.752933979034424,5091500
2003-02-10,13.539999961853027,13.979999542236328,13.449999809265137,6.902225494384766,9400400
2003-02-11,13.970000267028809,14.399999618530273,13.970000267028809,7.0117058753967285,11035600
2003-02-12,13.930000305175781,14.050000190734863,13.729999542236328,6.852463722229004,6717400
2003-02-13,13.579999923706055,13.729999542236328,13.279999732971191,6.75791072845459,9539800
2003-02-14,13.5600004196167,14,13.5,6.942034721374512,10234400
2003-02-18,14.329999923706055,14.479999542236328,14.15999984741211,7.096302032470703,8054800
2003-02-19,14.270000457763672,14.270000457763672,13.84000015258789,6.956965923309326,7718600
2003-02-20,14.0600004196167,14.100000381469727,13.739999771118164,6.862414836883545,7174700
2003-02-21,13.75,14.029999732971191,13.609999656677246,6.8673906326293945,5021800
2003-02-24,13.649999618530273,13.899999618530273,13.630000114440918,6.832554817199707,7123100
2003-02-25,13.239999771118164,13.449999809265137,12.9399995803833,6.6086225509643555,16376600
2003-02-26,12.869999885559082,13.0600004196167,12.720000267028809,6.339896202087402,11873200
2003-02-27,12.680000305175781,13.029999732971191,12.520000457763672,6.434446334838867,8110600
2003-02-28,13.210000038146973,13.40999984741211,13.109999656677246,6.583737850189209,8632400
2003-03-03,13.699999809265137,13.779999732971191,13.239999771118164,6.6285247802734375,7415800
2003-03-04,13.220000267028809,13.239999771118164,13.039999961853027,6.509091377258301,6158900
2003-03-05,13.289999961853027,13.399999618530273,13.149999618530273,6.638477802276611,9152600
2003-03-06,13.149999618530273,13.319999694824219,13.050000190734863,6.524020671844482,5498800
2003-03-07,12.739999771118164,12.949999809265137,12.5600004196167,6.444398880004883,14628300
2003-03-10,12.699999809265137,12.84000015258789,12.550000190734863,6.305061340332031,14383600
2003-03-11,12.329999923706055,12.989999771118164,12.329999923706055,6.419517517089844,23586900
2003-03-12,13.119999885559082,13.470000267028809,12.949999809265137,6.673312187194824,18695500
2003-03-13,13.779999732971191,14.239999771118164,13.630000114440918,7.041563510894775,14806700
2003-03-14,14.350000381469727,14.5,14.140000343322754,7.121187210083008,11209100
2003-03-17,14.229999542236328,15.149999618530273,14.149999618530273,7.449626445770264,13681400
2003-03-18,15.25,15.300000190734863,14.850000381469727,7.439673900604248,10634800
2003-03-19,15.119999885559082,15.279999732971191,14.90999984741211,7.55910587310791,8835500
2003-03-20,15,15.369999885559082,14.899999618530273,7.579010963439941,6770000
2003-03-21,15.470000267028809,15.869999885559082,15.399999618530273,7.867641448974609,11331800
2003-03-24,15.09000015258789,15.15999984741211,14.510000228881836,7.30531120300293,12259300
2003-03-25,14.529999732971191,15.140000343322754,14.5,7.474507808685303,7333200
2003-03-26,15.029999732971191,15.039999961853027,14.699999809265137,7.464555263519287,7745500
2003-03-27,14.5,14.920000076293945,14.430000305175781,7.370006084442139,7611000
2003-03-28,14.800000190734863,14.800000190734863,14.420000076293945,7.3364715576171875,9055700
2003-03-31,13.979999542236328,14.170000076293945,13.779999732971191,7.118002414703369,6127700
2003-04-01,14.170000076293945,14.390000343322754,14.039999961853027,7.239938735961914,7973300
2003-04-02,14.819999694824219,15.239999771118164,14.770000457763672,7.620991230010986,18341800
2003-04-03,14.90999984741211,15.210000038146973,14.84000015258789,7.6006669998168945,8260100
2003-04-04,15.050000190734863,15.0600004196167,14.550000190734863,7.529536724090576,10162600
2003-04-07,15.630000114440918,15.720000267028809,15.109999656677246,7.676877021789551,10955400
2003-04-08,15.210000038146973,15.300000190734863,14.960000038146973,7.620991230010986,8620200
2003-04-09,15.260000228881836,15.420000076293945,14.869999885559082,7.554938316345215,6389900
2003-04-10,14.720000267028809,14.720000267028809,14.359999656677246,7.412683010101318,7786500
2003-04-11,14.609999656677246,14.779999732971191,14.420000076293945,7.41776180267334,5088500
2003-04-14,14.59000015258789,14.880000114440918,14.510000228881836,7.544780254364014,4719400
2003-04-15,14.829999923706055,15.119999885559082,14.800000190734863,7.6006669998168945,5487300
2003-04-16,15.170000076293945,15.289999961853027,14.859999656677246,7.712441444396973,9499200
2003-04-17,15.720000267028809,16.219999313354492,15.670000076293945,8.22050666809082,18513200
2003-04-21,16.299999237060547,16.600000381469727,16.200000762939453,8.342443466186523,8504200
2003-04-22,16.329999923706055,16.969999313354492,16.280000686645508,8.550749778747559,10500500
2003-04-23,17.020000457763672,17.149999618530273,16.729999542236328,8.637120246887207,11567300
2003-04-24,16.81999969482422,16.8799991607666,16.479999542236328,8.43897533416748,7181700
2003-04-25,16.209999084472656,16.219999313354492,15.800000190734863,8.12905502319336,11222400
2003-04-28,16.229999542236328,16.690000534057617,16.149999618530273,8.418652534484863,7552900
2003-04-29,16.719999313354492,16.899999618530273,16.56999969482422,8.530426025390625,8181300
2003-04-30,16.969999313354492,16.979999542236328,16.56999969482422,8.418652534484863,8329200
2003-05-01,16.59000015258789,16.799999237060547,16.309999465942383,8.494861602783203,8305800
2003-05-02,16.34000015258789,16.81999969482422,16.329999923706055,8.474539756774902,7527300
2003-05-05,16.979999542236328,17.170000076293945,16.780000686645508,8.550749778747559,8961100
2003-05-06,16.889999389648438,17.34000015258789,16.84000015258789,8.789538383483887,9275900
2003-05-07,17.270000457763672,17.309999465942383,16.899999618530273,8.672685623168945,8193100
2003-05-08,16.799999237060547,17.06999969482422,16.6299991607666,8.48978042602539,7383100
2003-05-09,16.709999084472656,17.239999771118164,16.6299991607666,8.713330268859863,10448800
2003-05-12,17.170000076293945,17.610000610351562,17.059999465942383,8.93687915802002,9588600
2003-05-13,17.3700008392334,17.75,17.25,8.901314735412598,8874300
2003-05-14,17.59000015258789,17.6299991607666,17.170000076293945,8.825105667114258,5488800
2003-05-15,17.700000762939453,17.719999313354492,17.5,8.962279319763184,4992600
2003-05-16,17.690000534057617,17.860000610351562,17.530000686645508,8.992767333984375,5936100
2003-05-19,17.260000228881836,17.31999969482422,16.780000686645508,8.576151847839355,7811700
2003-05-20,16.799999237060547,16.84000015258789,16.31999969482422,8.459298133850098,7873700
2003-05-21,16.479999542236328,16.56999969482422,16.270000457763672,8.418652534484863,6882100
2003-05-22,16.6299991607666,16.969999313354492,16.559999465942383,8.57107162475586,6360900
2003-05-23,16.809999465942383,16.829999923706055,16.5,8.505021095275879,3995600
2003-05-27,16.3700008392334,17.100000381469727,16.31999969482422,8.652361869812012,8032900
2003-05-28,17.420000076293945,17.790000915527344,17.389999389648438,9.023250579833984,9721600
2003-05-29,17.790000915527344,18.1299991607666,17.700000762939453,9.068975448608398,9588700
2003-05-30,17.93000030517578,18.219999313354492,17.8700008392334,9.165511131286621,7646600
2003-06-02,18.280000686645508,18.75,18.030000686645508,9.18075180053711,10403600
2003-06-03,17.850000381469727,18.15999984741211,17.75,9.216316223144531,7571800
2003-06-04,17.729999542236328,18.079999923706055,17.670000076293945,9.135025024414062,12409100
2003-06-05,17.709999084472656,17.8700008392334,17.56999969482422,9.05373477935791,6914900
2003-06-06,18.170000076293945,18.25,17.729999542236328,9.018168449401855,8323900
2003-06-09,17.65999984741211,17.969999313354492,17.6299991607666,9.124862670898438,9907100
2003-06-10,17.649999618530273,17.790000915527344,17.350000381469727,8.997847557067871,12599800
2003-06-11,17.639999389648438,17.850000381469727,17.5,9.043572425842285,11377300
2003-06-12,17.43000030517578,17.540000915527344,17.110000610351562,8.80478572845459,15951800
2003-06-13,17.309999465942383,17.34000015258789,16.809999465942383,8.596473693847656,8882600
2003-06-16,17.09000015258789,17.579999923706055,17.079999923706055,8.886073112487793,8684700
2003-06-17,17.670000076293945,17.790000915527344,17.549999237060547,8.987686157226562,5481400
2003-06-18,17.469999313354492,17.889999389648438,17.389999389648438,9.068975448608398,9721900
2003-06-19,17.700000762939453,18.209999084472656,17.649999618530273,9.068975448608398,12111000
2003-06-20,17.75,17.850000381469727,17.31999969482422,8.880992889404297,6478800
2003-06-23,17.309999465942383,17.31999969482422,16.90999984741211,8.596473693847656,6640100
2003-06-24,16.809999465942383,17.09000015258789,16.700000762939453,8.56599235534668,6721000
2003-06-25,16.850000381469727,17.09000015258789,16.700000762939453,8.520264625549316,5144400
2003-06-26,16.809999465942383,16.989999771118164,16.780000686645508,8.621877670288086,3841000
2003-06-27,16.920000076293945,16.979999542236328,16.549999237060547,8.459298133850098,5054800
2003-06-30,16.6299991607666,16.700000762939453,16.360000610351562,8.34752368927002,6597000
2003-07-01,16.360000610351562,16.579999923706055,16.229999542236328,8.383087158203125,8700600
2003-07-02,16.559999465942383,16.739999771118164,16.450000762939453,8.484700202941895,10939800
2003-07-03,16.450000762939453,16.65999984741211,16.40999984741211,8.36784553527832,6960700
2003-07-07,16.5,17.059999465942383,16.479999542236328,8.662521362304688,11646800
2003-07-08,16.959999084472656,17.700000762939453,16.940000534057617,8.987686157226562,18711500
2003-07-09,17.690000534057617,18.489999771118164,17.649999618530273,9.231557846069336,18147700
2003-07-10,17.860000610351562,18.18000030517578,17.799999237060547,9.074057579040527,13581500
2003-07-11,17.649999618530273,17.899999618530273,17.639999389648438,9.028331756591797,10941100
2003-07-14,17.84000015258789,18.1200008392334,17.68000030517578,8.997847557067871,10011100
2003-07-15,17.979999542236328,18,17.559999465942383,8.987686157226562,6684300
2003-07-16,17.600000381469727,18.079999923706055,17.530000686645508,9.119783401489258,10568700
2003-07-17,15.260000228881836,15.260000228881836,14.270000457763672,7.3059892654418945,90277600
2003-07-18,14.729999542236328,14.800000190734863,13.890000343322754,7.499053001403809,32460800
2003-07-21,14.529999732971191,14.5600004196167,14.34000015258789,7.295825958251953,17358200
2003-07-22,14.640000343322754,14.8100004196167,14.579999923706055,7.483809947967529,19854200
2003-07-23,15.029999732971191,15.079999923706055,14.739999771118164,7.615907669067383,15338600
2003-07-24,15.199999809265137,15.3100004196167,14.90999984741211,7.6006669998168945,11291300
2003-07-25,15.079999923706055,15.350000381469727,14.960000038146973,7.773406028747559,7285700
2003-07-28,15.399999618530273,15.609999656677246,15.369999885559082,7.849618434906006,9539300
2003-07-29,15.6899995803833,15.75,15.380000114440918,7.859778881072998,6702100
2003-07-30,15.479999542236328,15.510000228881836,15.1899995803833,7.763248443603516,5637400
2003-07-31,15.449999809265137,15.460000038146973,15.100000381469727,7.773406028747559,7649900
2003-08-01,14.850000381469727,14.989999771118164,14.800000190734863,7.53969669342041,9948800
2003-08-04,14.8100004196167,15.09000015258789,14.670000076293945,7.595583915710449,8684400
2003-08-05,14.75,14.850000381469727,14.550000190734863,7.407599925994873,9896200
2003-08-06,14.180000305175781,14.520000457763672,14.079999923706055,7.295825958251953,20723500
2003-08-07,14.1899995803833,14.350000381469727,14.119999885559082,7.239938735961914,8924000
2003-08-08,14.470000267028809,14.489999771118164,14.220000267028809,7.255181312561035,5603600
2003-08-11,14.300000190734863,14.640000343322754,14.289999961853027,7.387278079986572,5525300
2003-08-12,14.529999732971191,14.779999732971191,14.359999656677246,7.493973255157471,8991200
2003-08-13,14.75,15,14.65999984741211,7.519375801086426,13334900
2003-08-14,14.65999984741211,14.84000015258789,14.630000114440918,7.468567371368408,8388300
2003-08-15,14.710000038146973,14.789999961853027,14.630000114440918,7.514294147491455,3835300
2003-08-18,14.720000267028809,14.9399995803833,14.6899995803833,7.570184230804443,13383000
2003-08-19,15.279999732971191,15.8100004196167,15.149999618530273,7.9867963790893555,28714900
2003-08-20,15.380000114440918,15.710000038146973,15.350000381469727,7.885183334350586,12805100
2003-08-21,15.640000343322754,15.789999961853027,15.449999809265137,7.915665626525879,11933800
2003-08-22,15.770000457763672,15.989999771118164,15.460000038146973,7.905505657196045,11395600
2003-08-25,15.460000038146973,15.539999961853027,15.300000190734863,7.844537258148193,6439100
2003-08-26,15.239999771118164,15.850000381469727,15.09000015258789,8.022360801696777,17120800
2003-08-27,15.84000015258789,16.479999542236328,15.84000015258789,8.286554336547852,18411300
2003-08-28,16.260000228881836,16.469999313354492,16.15999984741211,8.32719898223877,13856300
2003-08-29,16.40999984741211,16.549999237060547,16.219999313354492,8.276392936706543,7615900
2003-09-02,16.18000030517578,16.5,16.049999237060547,8.372928619384766,13028200
2003-09-03,16.780000686645508,16.84000015258789,16.6200008392334,8.479619026184082,14756300
2003-09-04,16.780000686645508,16.8799991607666,16.649999618530273,8.53550910949707,11167400
2003-09-05,16.43000030517578,16.799999237060547,16.420000076293945,8.403412818908691,12304900
2003-09-08,16.5,17.100000381469727,16.440000534057617,8.672685623168945,21403200
2003-09-09,16.100000381469727,16.299999237060547,15.970000267028809,8.12905502319336,26809600
2003-09-10,15.520000457763672,15.600000381469727,15.3100004196167,7.81913423538208,25666500
2003-09-11,15.520000457763672,15.640000343322754,15.279999732971191,7.92582893371582,15767400
2003-09-12,15.699999809265137,15.710000038146973,15.430000305175781,7.92582893371582,9281100
2003-09-15,15.600000381469727,15.670000076293945,15.319999694824219,7.814055442810059,12776900
2003-09-16,15.489999771118164,15.859999656677246,15.449999809265137,8.042684555053711,13143300
2003-09-17,15.779999732971191,15.859999656677246,15.460000038146973,7.890263080596924,9157200
2003-09-18,15.6899995803833,15.960000038146973,15.609999656677246,8.088409423828125,10009000
2003-09-19,15.829999923706055,16.170000076293945,15.779999732971191,8.139217376708984,12081600
2003-09-22,15.75,15.75,15.359999656677246,7.864861965179443,14297800
2003-09-23,15.479999542236328,15.65999984741211,15.3100004196167,7.915665626525879,20190400
2003-09-24,15.609999656677246,15.65999984741211,15.130000114440918,7.687036037445068,14700900
2003-09-25,15.25,15.350000381469727,15.069999694824219,7.65655517578125,10077700
2003-09-26,15.149999618530273,15.5,15.130000114440918,7.753084182739258,14045800
2003-09-29,15.779999732971191,15.920000076293945,15.550000190734863,8.0782470703125,19153600
2003-09-30,15.829999923706055,15.859999656677246,15.470000267028809,7.92582893371582,15557600
2003-10-01,15.579999923706055,16.149999618530273,15.550000190734863,8.139217376708984,12119100
2003-10-02,16.020000457763672,16.719999313354492,15.949999809265137,8.413572311401367,29978100
2003-10-03,16.850000381469727,17.040000915527344,16.65999984741211,8.53550910949707,20194300
2003-10-06,16.809999465942383,17.030000686645508,16.719999313354492,8.576151847839355,8688700
2003-10-07,16.690000534057617,16.860000610351562,16.600000381469727,8.560909271240234,8678600
2003-10-08,17.1299991607666,17.1299991607666,16.809999465942383,8.57107162475586,10692500
2003-10-09,17.190000534057617,17.329999923706055,17.049999237060547,8.693008422851562,13215700
2003-10-10,17.25,17.350000381469727,17.1299991607666,8.794618606567383,8797600
2003-10-13,17.389999389648438,17.450000762939453,17.18000030517578,8.769217491149902,10996600
2003-10-14,17.030000686645508,17.1200008392334,16.979999542236328,8.672685623168945,13911900
2003-10-15,17.219999313354492,17.360000610351562,17,8.753976821899414,19969800
2003-10-16,16.5,16.719999313354492,16.440000534057617,8.444055557250977,23249300
2003-10-17,17.049999237060547,17.18000030517578,16.889999389648438,8.637120246887207,16469100
2003-10-20,16.850000381469727,16.969999313354492,16.75,8.601556777954102,7194800
2003-10-21,17.09000015258789,17.260000228881836,17.040000915527344,8.73365306854248,9277000
2003-10-22,17.030000686645508,17.09000015258789,16.90999984741211,8.591394424438477,7030000
2003-10-23,16.84000015258789,16.959999084472656,16.729999542236328,8.606634140014648,5891000
2003-10-24,16.829999923706055,16.969999313354492,16.600000381469727,8.53550910949707,6799800
2003-10-27,16.799999237060547,16.81999969482422,16.670000076293945,8.510104179382324,6056200
2003-10-28,16.93000030517578,17.1200008392334,16.850000381469727,8.698087692260742,9894700
2003-10-29,17.059999465942383,17.260000228881836,17.020000457763672,8.71840763092041,6594400
2003-10-30,17.219999313354492,17.239999771118164,16.899999618530273,8.58631420135498,10954400
2003-10-31,16.920000076293945,17.1200008392334,16.899999618530273,8.632038116455078,11152300
2003-11-03,17.31999969482422,17.350000381469727,17.09000015258789,8.748893737792969,7681400
2003-11-04,17.170000076293945,17.200000762939453,16.979999542236328,8.687928199768066,6963600
2003-11-05,16.8700008392334,17.209999084472656,16.850000381469727,8.743812561035156,11350600
2003-11-06,17.229999542236328,17.68000030517578,17.209999084472656,8.906394004821777,12841900
2003-11-07,17.719999313354492,17.770000457763672,17.549999237060547,8.926716804504395,7792100
2003-11-10,17.420000076293945,17.420000076293945,17.170000076293945,8.723492622375488,6367700
2003-11-11,17.079999923706055,17.239999771118164,16.989999771118164,8.677767753601074,7545900
2003-11-12,17.510000228881836,17.850000381469727,17.489999771118164,9.013089179992676,11183100
2003-11-13,17.75,17.979999542236328,17.729999542236328,9.084217071533203,8251000
2003-11-14,17.799999237060547,18.170000076293945,17.75,9.033411979675293,9803200
2003-11-17,17.540000915527344,17.6200008392334,17.299999237060547,8.875909805297852,6080700
2003-11-18,17.700000762939453,17.81999969482422,17.5,8.901314735412598,9206500
2003-11-19,17.510000228881836,17.649999618530273,17.450000762939453,8.962279319763184,7896000
2003-11-20,17.43000030517578,17.75,17.399999618530273,8.86067008972168,8435900
2003-11-21,17.770000457763672,17.84000015258789,17.649999618530273,9.038490295410156,11649200
2003-11-24,17.899999618530273,18.200000762939453,17.6299991607666,8.987686157226562,29025000
2003-11-25,17.899999618530273,17.969999313354492,17.790000915527344,9.043572425842285,8377600
2003-11-26,18.040000915527344,18.100000381469727,17.860000610351562,9.135025024414062,6593900
2003-11-28,17.979999542236328,18.040000915527344,17.90999984741211,9.135025024414062,2181100
2003-12-01,18.010000228881836,18.100000381469727,17.8700008392334,9.18075180053711,8904100
2003-12-02,18.049999237060547,18.209999084472656,17.989999771118164,9.1502685546875,8885600
2003-12-03,18.239999771118164,18.25,18.010000228881836,9.160428047180176,9589100
2003-12-04,18.5,18.510000228881836,18.200000762939453,9.373815536499023,10527100
2003-12-05,18.100000381469727,18.200000762939453,17.989999771118164,9.18075180053711,11196700
2003-12-08,17.90999984741211,17.979999542236328,17.760000228881836,9.094380378723145,12399100
2003-12-09,17.950000762939453,17.989999771118164,17.440000534057617,8.886073112487793,14741700
2003-12-10,17.59000015258789,17.6299991607666,17.389999389648438,8.957200050354004,12776200
2003-12-11,17.450000762939453,17.829999923706055,17.40999984741211,9.058815002441406,8457500
2003-12-12,17.850000381469727,17.889999389648438,17.540000915527344,8.947041511535645,7425900
2003-12-15,17.940000534057617,17.950000762939453,17.540000915527344,8.916555404663086,8755700
2003-12-16,17.68000030517578,17.690000534057617,17.299999237060547,8.93687915802002,14745200
2003-12-17,17.280000686645508,17.290000915527344,16.950000762939453,8.698087692260742,18799900
2003-12-18,17,17.3799991607666,16.979999542236328,8.794618606567383,17679600
2003-12-19,17.329999923706055,17.350000381469727,17.030000686645508,8.708250045776367,13197500
2003-12-22,17,17.09000015258789,16.940000534057617,8.657442092895508,12243100
2003-12-23,17.15999984741211,17.190000534057617,16.709999084472656,8.560909271240234,16288000
2003-12-24,16.670000076293945,16.829999923706055,16.600000381469727,8.459298133850098,7740600
2003-12-26,16.68000030517578,16.729999542236328,16.520000457763672,8.479619026184082,8052300
2003-12-29,16.860000610351562,17.049999237060547,16.81999969482422,8.652361869812012,13483400
2003-12-30,17.200000762939453,17.25,16.950000762939453,8.647279739379883,8391000
2003-12-31,17.020000457763672,17.079999923706055,16.90999984741211,8.637120246887207,8090200
2004-01-02,17.40999984741211,17.43000030517578,17.1299991607666,8.723492622375488,12816700
2004-01-05,17.329999923706055,17.5,17.299999237060547,8.840348243713379,19615400
2004-01-06,17.450000762939453,17.549999237060547,17.280000686645508,8.886073112487793,11905400
2004-01-07,17.989999771118164,18.040000915527344,17.75,9.12994384765625,19185600
2004-01-08,20.670000076293945,20.670000076293945,19.979999542236328,10.400111198425293,42332700
2004-01-09,20.450000762939453,21.079999923706055,20.350000381469727,10.49664306640625,25899800
2004-01-12,20.8700008392334,21.079999923706055,20.65999984741211,10.694787979125977,11472000
2004-01-13,21.170000076293945,21.219999313354492,20.360000610351562,10.466157913208008,11004900
2004-01-14,20.90999984741211,21.049999237060547,20.809999465942383,10.628738403320312,12571100
2004-01-15,20.84000015258789,20.8799991607666,20.520000457763672,10.532207489013672,8649300
2004-01-16,20.719999313354492,21,20.639999389648438,10.628738403320312,8646700
2004-01-20,21.200000762939453,21.209999084472656,20.969999313354492,10.720192909240723,10714000
2004-01-21,20.700000762939453,21,20.3799991607666,10.65414047241211,13355900
2004-01-22,21.190000534057617,21.479999542236328,21.06999969482422,10.740511894226074,13335900
2004-01-23,21.260000228881836,21.530000686645508,21.030000686645508,10.745594024658203,8483900
2004-01-26,21.200000762939453,21.25,20.940000534057617,10.796401023864746,8114000
2004-01-27,21.290000915527344,21.43000030517578,21.020000457763672,10.710028648376465,7041900
2004-01-28,21.18000030517578,21.270000457763672,20.600000381469727,10.47632122039795,11371800
2004-01-29,20.600000381469727,20.75,20.149999618530273,10.425516128540039,11187900
2004-01-30,20.520000457763672,20.75,20.420000076293945,10.49664306640625,7354000
2004-02-02,20.770000457763672,20.979999542236328,20.700000762939453,10.532207489013672,5819900
2004-02-03,20.969999313354492,21.020000457763672,20.84000015258789,10.66430377960205,4629100
2004-02-04,20.639999389648438,20.729999542236328,20.34000015258789,10.415351867675781,6212200
2004-02-05,20.719999313354492,20.760000228881836,20.389999389648438,10.400111198425293,4825400
2004-02-06,21.1299991607666,21.299999237060547,21.040000915527344,10.806562423706055,10514000
2004-02-09,21.469999313354492,21.68000030517578,21.350000381469727,10.903093338012695,8736000
2004-02-10,21.899999618530273,22.170000076293945,21.84000015258789,11.20793342590332,10734000
2004-02-11,22.43000030517578,22.75,22.229999542236328,11.538175582885742,11316700
2004-02-12,22.719999313354492,22.84000015258789,22.350000381469727,11.390835762023926,8278700
2004-02-13,22.520000457763672,22.59000015258789,22.049999237060547,11.279062271118164,4908800
2004-02-17,22.670000076293945,22.739999771118164,22.489999771118164,11.538175582885742,5525600
2004-02-18,22.989999771118164,22.989999771118164,22.5,11.47721004486084,7302000
2004-02-19,22.770000457763672,22.860000610351562,22.440000534057617,11.421319007873535,8635400
2004-02-20,22.479999542236328,22.510000228881836,22.049999237060547,11.294302940368652,9201400
2004-02-23,22.770000457763672,22.799999237060547,22.200000762939453,11.32987117767334,11482100
2004-02-24,22.100000381469727,22.399999618530273,21.899999618530273,11.268901824951172,10264000
2004-02-25,22.09000015258789,22.219999313354492,21.81999969482422,11.20793342590332,8427400
2004-02-26,21.719999313354492,22.139999389648438,21.709999084472656,11.218097686767578,9304100
2004-02-27,22.200000762939453,22.270000457763672,21.709999084472656,11.060595512390137,12200700
2004-03-01,22.049999237060547,22.290000915527344,21.93000030517578,11.29938793182373,6201400
2004-03-02,22.260000228881836,22.450000762939453,21.969999313354492,11.21301555633545,6974900
2004-03-03,22.149999618530273,22.450000762939453,21.860000610351562,11.314626693725586,9494000
2004-03-04,22.399999618530273,22.799999237060547,22.360000610351562,11.55341911315918,7394400
2004-03-05,22.8799991607666,23.450000762939453,22.799999237060547,11.797290802001953,13243600
2004-03-08,23.420000076293945,23.520000457763672,22.969999313354492,11.710918426513672,12407500
2004-03-09,22.75,22.860000610351562,22.360000610351562,11.456888198852539,9470800
2004-03-10,22.06999969482422,22.110000610351562,21.75,11.060595512390137,10311100
2004-03-11,21.420000076293945,21.649999618530273,21.1200008392334,10.73034954071045,11932000
2004-03-12,21.290000915527344,21.479999542236328,21.040000915527344,10.847208023071289,9845400
2004-03-15,21.25,21.270000457763672,19.700000762939453,10.379786491394043,9402800
2004-03-16,20.90999984741211,21.139999389648438,20.610000610351562,10.603336334228516,8782200
2004-03-17,21.25,21.469999313354492,21.139999389648438,10.877692222595215,9997100
2004-03-18,20.81999969482422,20.93000030517578,20.579999923706055,10.552531242370605,10905400
2004-03-19,20.3700008392334,20.459999084472656,19.860000610351562,10.171479225158691,18387600
2004-03-22,19.850000381469727,19.860000610351562,19.43000030517578,9.922528266906738,10289000
2004-03-23,19.950000762939453,20.020000457763672,19.229999542236328,9.846315383911133,19460700
2004-03-24,19.489999771118164,19.90999984741211,19.31999969482422,9.927607536315918,13208000
2004-03-25,20,20.190000534057617,19.860000610351562,10.227365493774414,12143100
2004-03-26,19.709999084472656,19.860000610351562,19.559999465942383,10.117704391479492,10542300
2004-03-29,20.100000381469727,20.1200008392334,19.899999618530273,10.350476264953613,10465400
2004-03-30,19.899999618530273,20.030000686645508,19.809999465942383,10.360820770263672,7300900
2004-03-31,20.25,20.440000534057617,20.149999618530273,10.490138053894043,10122700
2004-04-01,20.799999237060547,20.799999237060547,20.610000610351562,10.707388877868652,9218400
2004-04-02,21.049999237060547,21.18000030517578,20.90999984741211,10.914297103881836,7787000
2004-04-05,21.010000228881836,21.25,20.81999969482422,10.940157890319824,8435800
2004-04-06,17.799999237060547,17.799999237060547,17.149999618530273,8.902132034301758,94332300
2004-04-07,17.219999313354492,17.25,16.8799991607666,8.752126693725586,48766300
2004-04-08,17.209999084472656,17.239999771118164,16.940000534057617,8.845235824584961,20726400
2004-04-12,17.25,17.270000457763672,16.979999542236328,8.814197540283203,16151600
2004-04-13,16.920000076293945,16.969999313354492,16.549999237060547,8.60728931427002,19976600
2004-04-14,16.290000915527344,16.579999923706055,16.239999771118164,8.57625675201416,18911200
2004-04-15,16.25,16.31999969482422,16.040000915527344,8.302105903625488,22658400
2004-04-16,14.84000015258789,15,14.050000190734863,7.557243824005127,89588100
2004-04-19,15.109999656677246,15.300000190734863,14.90999984741211,7.914155006408691,30013400
2004-04-20,15.359999656677246,15.399999618530273,14.960000038146973,7.7434587478637695,18681700
2004-04-21,14.789999961853027,15.0600004196167,14.75,7.764148712158203,12895100
2004-04-22,14.850000381469727,15.170000076293945,14.770000457763672,7.815878868103027,15637000
2004-04-23,15.1899995803833,15.239999771118164,15.050000190734863,7.86760139465332,9800800
2004-04-26,15.350000381469727,15.359999656677246,15.010000228881836,7.805531978607178,9238900
2004-04-27,14.970000267028809,15.119999885559082,14.899999618530273,7.722771167755127,12550700
2004-04-28,14.670000076293945,14.75,14.510000228881836,7.552070617675781,14223300
2004-04-29,14.25,14.40999984741211,14.140000343322754,7.381376266479492,17630400
2004-04-30,14.229999542236328,14.229999542236328,14,7.246884822845459,12100700
2004-05-03,14.149999618530273,14.180000305175781,13.90999984741211,7.22102165222168,10688200
2004-05-04,14.050000190734863,14.279999732971191,13.930000305175781,7.319300651550293,10873200
2004-05-05,14.470000267028809,14.550000190734863,14.210000038146973,7.443445205688477,15883200
2004-05-06,14.180000305175781,14.279999732971191,14.050000190734863,7.319300651550293,8007000
2004-05-07,14.0600004196167,14.210000038146973,13.880000114440918,7.179638385772705,9640900
2004-05-10,13.789999961853027,13.800000190734863,13.449999809265137,7.086533069610596,12249800
2004-05-11,13.630000114440918,13.739999771118164,13.5,7.086533069610596,13432500
2004-05-12,13.600000381469727,13.630000114440918,13.3100004196167,7.034805774688721,11908300
2004-05-13,13.210000038146973,13.510000228881836,13.130000114440918,6.972734451293945,16490000
2004-05-14,13.170000076293945,13.289999961853027,13.050000190734863,6.822726726531982,15617300
2004-05-17,13.020000457763672,13.229999542236328,12.979999542236328,6.76582670211792,10114200
2004-05-18,13.289999961853027,13.359999656677246,13.220000267028809,6.9003167152404785,9777400
2004-05-19,13.729999542236328,13.729999542236328,13.40999984741211,6.957216739654541,14024600
2004-05-20,13.40999984741211,13.4399995803833,13.119999885559082,6.802035331726074,11790100
2004-05-21,13.069999694824219,13.130000114440918,12.859999656677246,6.776174545288086,16214600
2004-05-24,13.079999923706055,13.15999984741211,13.050000190734863,6.781344413757324,10217400
2004-05-25,13.039999961853027,13.600000381469727,12.949999809265137,6.993427276611328,13532000
2004-05-26,13.329999923706055,13.4399995803833,13.199999809265137,6.936527729034424,11218600
2004-05-27,13.649999618530273,13.800000190734863,13.569999694824219,7.10205078125,10562000
2004-05-28,13.600000381469727,13.789999961853027,13.520000457763672,7.1072235107421875,8422800
2004-06-01,13.600000381469727,13.729999542236328,13.5,7.096879482269287,11422100
2004-06-02,13.680000305175781,13.6899995803833,13.5600004196167,7.050324440002441,8244800
2004-06-03,13.510000228881836,13.579999923706055,13.460000038146973,6.9675612449646,7799800
2004-06-04,13.890000343322754,14.109999656677246,13.8100004196167,7.226195335388184,12233100
2004-06-07,14.199999809265137,14.529999732971191,14.170000076293945,7.510690212249756,14074100
2004-06-08,14.229999542236328,14.40999984741211,14.170000076293945,7.412410736083984,11618200
2004-06-09,14.270000457763672,14.300000190734863,14.029999732971191,7.267575740814209,9262700
2004-06-10,14.130000114440918,14.289999961853027,14.09000015258789,7.365855693817139,7038900
2004-06-14,14.020000457763672,14.130000114440918,14.010000228881836,7.2830939292907715,7542700
2004-06-15,14.09000015258789,14.479999542236328,14.09000015258789,7.427927494049072,12055100
2004-06-16,14.09000015258789,14.170000076293945,14,7.303783893585205,13654500
2004-06-17,14,14.010000228881836,13.800000190734863,7.2106757164001465,9753800
2004-06-18,13.9399995803833,14.180000305175781,13.920000076293945,7.288265705108643,8007900
2004-06-21,14.140000343322754,14.210000038146973,14.010000228881836,7.272748947143555,7141900
2004-06-22,14,14.100000381469727,13.90999984741211,7.288265705108643,13116900
2004-06-23,14.140000343322754,14.300000190734863,14.010000228881836,7.37102746963501,9136200
2004-06-24,14.25,14.350000381469727,14.079999923706055,7.308957576751709,8346100
2004-06-25,14.180000305175781,14.260000228881836,14.0600004196167,7.303783893585205,9591800
2004-06-28,14.319999694824219,14.369999885559082,14.109999656677246,7.314129829406738,6317600
2004-06-29,14.079999923706055,14.170000076293945,14.050000190734863,7.298612594604492,7742800
2004-06-30,14.479999542236328,14.579999923706055,14.3100004196167,7.5210347175598145,13895000
2004-07-01,14.789999961853027,14.850000381469727,14.489999771118164,7.577935695648193,15044700
2004-07-02,14.609999656677246,14.640000343322754,14.510000228881836,7.526208877563477,4282000
2004-07-06,14.300000190734863,14.300000190734863,14.079999923706055,7.319300651550293,7223700
2004-07-07,14.069999694824219,14.399999618530273,14,7.37102746963501,6016000
2004-07-08,14.34000015258789,14.399999618530273,14.100000381469727,7.298612594604492,6873900
2004-07-09,14.449999809265137,14.699999809265137,14.420000076293945,7.588281154632568,11604500
2004-07-12,14.470000267028809,14.520000457763672,14.279999732971191,7.469308853149414,8858900
2004-07-13,14.25,14.34000015258789,14.15999984741211,7.402063846588135,7041100
2004-07-14,14.09000015258789,14.25,14.050000190734863,7.365855693817139,13426800
2004-07-15,12.100000381469727,12.739999771118164,12.010000228881836,6.4399518966674805,58464500
2004-07-16,12.369999885559082,12.420000076293945,12.119999885559082,6.279599666595459,18929700
2004-07-19,12.140000343322754,12.220000267028809,12.010000228881836,6.248562335968018,12079100
2004-07-20,12.079999923706055,12.4399995803833,12.010000228881836,6.357187271118164,11081600
2004-07-21,12.369999885559082,12.40999984741211,11.979999542236328,6.21235466003418,12521300
2004-07-22,11.850000381469727,12.100000381469727,11.789999961853027,6.258909702301025,11798300
2004-07-23,11.789999961853027,11.829999923706055,11.670000076293945,6.0416579246521,12428400
2004-07-26,11.819999694824219,11.880000114440918,11.600000381469727,6.06234884262085,9912700
2004-07-27,11.75,11.779999732971191,11.550000190734863,6.06234884262085,11683900
2004-07-28,11.529999732971191,11.550000190734863,11.260000228881836,5.917513370513916,15727400
2004-07-29,11.34000015258789,11.699999809265137,11.329999923706055,6.0002760887146,10146200
2004-07-30,11.550000190734863,11.619999885559082,11.4399995803833,6.010621547698975,12195300
2004-08-02,11.319999694824219,11.619999885559082,11.300000190734863,5.979583740234375,6903000
2004-08-03,11.550000190734863,11.609999656677246,11.359999656677246,5.896822452545166,5990100
2004-08-04,11.300000190734863,11.670000076293945,11.289999961853027,5.969239711761475,8876800
2004-08-05,11.539999961853027,11.569999694824219,11.3100004196167,5.855442047119141,10853800
2004-08-06,11.40999984741211,11.40999984741211,11.180000305175781,5.814058780670166,13553200
2004-08-09,11.109999656677246,11.229999542236328,11.050000190734863,5.767507553100586,6780000
2004-08-10,11.329999923706055,11.489999771118164,11.270000457763672,5.927859783172607,7487300
2004-08-11,11.130000114440918,11.25,11.079999923706055,5.793371200561523,8623500
2004-08-12,10.949999809265137,11.069999694824219,10.890000343322754,5.705435276031494,13405000
2004-08-13,11.180000305175781,11.25,11.0600004196167,5.772678852081299,8160000
2004-08-16,11.180000305175781,11.569999694824219,11.15999984741211,5.974411964416504,9646900
2004-08-17,11.649999618530273,11.729999542236328,11.5600004196167,5.979583740234375,10210300
2004-08-18,11.510000228881836,11.960000038146973,11.489999771118164,6.150284767150879,12141700
2004-08-19,11.859999656677246,11.90999984741211,11.710000038146973,6.0933837890625,8379800
2004-08-20,11.609999656677246,11.9399995803833,11.579999923706055,6.155455589294434,7204400
2004-08-23,11.800000190734863,11.960000038146973,11.739999771118164,6.077865123748779,7919700
2004-08-24,11.8100004196167,11.8100004196167,11.630000114440918,6.046829700469971,8523900
2004-08-25,11.600000381469727,11.90999984741211,11.579999923706055,6.11407470703125,7705200
2004-08-26,11.819999694824219,11.960000038146973,11.8100004196167,6.160628795623779,10497100
2004-08-27,11.789999961853027,11.880000114440918,11.729999542236328,6.134764671325684,8397000
2004-08-30,11.819999694824219,11.850000381469727,11.680000305175781,6.0416579246521,5182400
2004-08-31,11.710000038146973,11.890000343322754,11.710000038146973,6.139937400817871,7467100
2004-09-01,11.779999732971191,11.920000076293945,11.760000228881836,6.11407470703125,7415800
2004-09-02,11.930000305175781,12.369999885559082,11.920000076293945,6.383052825927734,15210500
2004-09-03,12.430000305175781,12.489999771118164,12.25,6.419260025024414,10842200
2004-09-07,12.640000343322754,12.6899995803833,12.470000267028809,6.512368202209473,14744500
2004-09-08,12.529999732971191,12.850000381469727,12.529999732971191,6.574440956115723,17052700
2004-09-09,13.65999984741211,13.8100004196167,13.470000267028809,7.122741222381592,36120800
2004-09-10,13.760000228881836,13.899999618530273,13.680000305175781,7.158949851989746,15236600
2004-09-13,13.789999961853027,13.9399995803833,13.720000267028809,7.112395763397217,11880400
2004-09-14,13.739999771118164,13.90999984741211,13.729999542236328,7.164122104644775,7600100
2004-09-15,13.699999809265137,13.720000267028809,13.5600004196167,7.019287586212158,8081800
2004-09-16,13.59000015258789,13.960000038146973,13.579999923706055,7.184813976287842,16307700
2004-09-17,14.010000228881836,14.09000015258789,13.869999885559082,7.179638385772705,9078600
2004-09-20,13.880000114440918,14.050000190734863,13.859999656677246,7.231366157531738,8960700
2004-09-21,14.130000114440918,14.149999618530273,14.020000457763672,7.314129829406738,11211700
2004-09-22,13.899999618530273,14.149999618530273,13.869999885559082,7.184813976287842,12624700
2004-09-23,13.729999542236328,13.869999885559082,13.619999885559082,7.158949851989746,10341000
2004-09-24,13.770000457763672,13.859999656677246,13.710000038146973,7.112395763397217,10463800
2004-09-27,13.619999885559082,13.720000267028809,13.569999694824219,7.024462699890137,5840600
2004-09-28,13.59000015258789,13.649999618530273,13.4399995803833,7.045150279998779,7472100
2004-09-29,13.649999618530273,13.75,13.579999923706055,7.050324440002441,7900200
2004-09-30,13.829999923706055,13.9399995803833,13.699999809265137,7.096879482269287,8804900
2004-10-01,13.989999771118164,14.40999984741211,13.890000343322754,7.443445205688477,15898400
2004-10-04,14.390000343322754,14.539999961853027,14.359999656677246,7.47448205947876,15214200
2004-10-05,14.350000381469727,14.59000015258789,14.350000381469727,7.427927494049072,9891000
2004-10-06,14.289999961853027,14.449999809265137,14.239999771118164,7.469308853149414,7818700
2004-10-07,14.350000381469727,14.470000267028809,14.229999542236328,7.422755241394043,7949800
2004-10-08,14.170000076293945,14.270000457763672,14.039999961853027,7.2830939292907715,6935400
2004-10-11,13.9399995803833,14.079999923706055,13.880000114440918,7.252058029174805,6618700
2004-10-12,13.770000457763672,13.84000015258789,13.649999618530273,7.138260364532471,9736800
2004-10-13,13.989999771118164,14.069999694824219,13.850000381469727,7.231366157531738,15966900
2004-10-14,14.359999656677246,14.4399995803833,14.149999618530273,7.3451642990112305,20856300
2004-10-15,14.609999656677246,14.920000076293945,14.529999732971191,7.614142894744873,18717800
2004-10-18,14.739999771118164,14.869999885559082,14.640000343322754,7.67621374130249,8627000
2004-10-19,15.100000381469727,15.229999542236328,14.90999984741211,7.722771167755127,15926700
2004-10-20,15.050000190734863,15.050000190734863,14.880000114440918,7.717596054077148,10596100
2004-10-21,14.989999771118164,15.140000343322754,14.9399995803833,7.805531978607178,10478900
2004-10-22,15.170000076293945,15.199999809265137,14.899999618530273,7.717596054077148,7440400
2004-10-25,14.899999618530273,14.899999618530273,14.710000038146973,7.707253456115723,7025100
2004-10-26,14.800000190734863,14.850000381469727,14.729999542236328,7.67621374130249,7753700
2004-10-27,14.979999542236328,15.350000381469727,14.949999809265137,7.908982753753662,11284400
2004-10-28,15.289999961853027,15.59000015258789,15.239999771118164,7.976230144500732,10193500
2004-10-29,15.470000267028809,15.579999923706055,15.319999694824219,7.976230144500732,11238700
2004-11-01,15.550000190734863,15.619999885559082,15.460000038146973,8.038300514221191,8759800
2004-11-02,15.600000381469727,15.75,15.550000190734863,8.058989524841309,10413600
2004-11-03,15.899999618530273,15.949999809265137,15.65999984741211,8.167616844177246,16058900
2004-11-04,15.800000190734863,16.25,15.609999656677246,8.338314056396484,22308500
2004-11-05,16.200000762939453,16.299999237060547,16.020000457763672,8.400384902954102,10526900
2004-11-08,16.100000381469727,16.229999542236328,15.9399995803833,8.302105903625488,9080000
2004-11-09,16.139999389648438,16.219999313354492,16.030000686645508,8.374524116516113,10584000
2004-11-10,16.31999969482422,16.360000610351562,16.190000534057617,8.41073226928711,7875700
2004-11-11,16.459999084472656,16.729999542236328,16.459999084472656,8.643501281738281,12671300
2004-11-12,16.579999923706055,16.65999984741211,16.469999313354492,8.602119445800781,11165900
2004-11-15,16.489999771118164,16.559999465942383,16.3799991607666,8.509013175964355,7159200
2004-11-16,16.399999618530273,16.420000076293945,16.219999313354492,8.452115058898926,7071300
2004-11-17,16.559999465942383,16.75,16.5,8.61763858795166,9452800
2004-11-18,16.700000762939453,16.899999618530273,16.6200008392334,8.715916633605957,7605900
2004-11-19,16.729999542236328,16.760000228881836,16.309999465942383,8.477974891662598,7784900
2004-11-22,16.260000228881836,16.459999084472656,16.219999313354492,8.509013175964355,7298600
2004-11-23,16.43000030517578,16.469999313354492,16.1299991607666,8.384868621826172,7292500
2004-11-24,16.290000915527344,16.43000030517578,16.18000030517578,8.493494987487793,5938100
2004-11-26,16.40999984741211,16.520000457763672,16.3799991607666,8.51418399810791,2454900
2004-11-29,16.549999237060547,16.610000610351562,16.399999618530273,8.509013175964355,7537900
2004-11-30,16.489999771118164,16.530000686645508,16.149999618530273,8.364178657531738,8204800
2004-12-01,16.280000686645508,16.579999923706055,16.260000228881836,8.560738563537598,7860900
2004-12-02,16.649999618530273,16.760000228881836,16.610000610351562,8.648674011230469,8183400
2004-12-03,16.600000381469727,16.65999984741211,16.299999237060547,8.467631340026855,9733500
2004-12-06,16.3700008392334,16.6200008392334,16.229999542236328,8.43659496307373,10522400
2004-12-07,16.450000762939453,16.540000915527344,16.139999389648438,8.384868621826172,10134100
2004-12-08,16.110000610351562,16.170000076293945,15.949999809265137,8.338314056396484,9106700
2004-12-09,15.729999542236328,15.960000038146973,15.529999732971191,8.234862327575684,12268200
2004-12-10,15.699999809265137,15.779999732971191,15.430000305175781,8.017607688903809,13010100
2004-12-13,15.539999961853027,15.670000076293945,15.380000114440918,8.079680442810059,10030200
2004-12-14,15.460000038146973,15.670000076293945,15.380000114440918,8.074507713317871,8247200
2004-12-15,15.8100004196167,15.869999885559082,15.579999923706055,8.126236915588379,7735900
2004-12-16,15.430000305175781,15.4399995803833,15.029999732971191,7.846914291381836,17433300
2004-12-17,15,15.15999984741211,14.869999885559082,7.8365654945373535,14208400
2004-12-20,15.25,15.399999618530273,15.149999618530273,7.883121013641357,11873600
2004-12-21,15.5,15.600000381469727,15.40999984741211,8.053816795349121,10763700
2004-12-22,15.619999885559082,15.760000228881836,15.609999656677246,8.100372314453125,9073700
2004-12-23,15.899999618530273,15.949999809265137,15.800000190734863,8.193480491638184,6740900
2004-12-27,15.90999984741211,15.9399995803833,15.770000457763672,8.157270431518555,6449600
2004-12-28,15.899999618530273,15.949999809265137,15.770000457763672,8.224514961242676,6384300
2004-12-29,15.789999961853027,15.890000343322754,15.760000228881836,8.157270431518555,4915500
2004-12-30,15.720000267028809,15.8100004196167,15.670000076293945,8.152099609375,6371200
2004-12-31,15.710000038146973,15.789999961853027,15.630000114440918,8.105545997619629,4671000
2005-01-03,15.949999809265137,15.960000038146973,15.569999694824219,8.064165115356445,8831300
2005-01-04,15.75,15.770000457763672,15.3100004196167,8.02795696258545,9550400
2005-01-05,15.319999694824219,15.600000381469727,15.3100004196167,8.02795696258545,12875800
2005-01-06,15.479999542236328,15.680000305175781,15.479999542236328,8.053816795349121,11656100
2005-01-07,15.649999618530273,15.670000076293945,15.140000343322754,7.888291835784912,17384100
2005-01-10,15.470000267028809,15.649999618530273,15.399999618530273,8.012436866760254,16745100
2005-01-11,15.390000343322754,15.420000076293945,15.130000114440918,7.852086067199707,9340300
2005-01-12,15.239999771118164,15.380000114440918,15.140000343322754,7.940018653869629,9838700
2005-01-13,15.229999542236328,15.229999542236328,15.020000457763672,7.779668807983398,9389500
2005-01-14,15.079999923706055,15.25,15.020000457763672,7.883121013641357,13277400
2005-01-18,14.880000114440918,15.100000381469727,14.819999694824219,7.7848405838012695,9306000
2005-01-19,14.920000076293945,14.930000305175781,14.529999732971191,7.515862941741943,19237700
2005-01-20,14.170000076293945,14.300000190734863,14.050000190734863,7.2934393882751465,25914200
2005-01-21,14.010000228881836,14.25,13.9399995803833,7.314129829406738,17375000
2005-01-24,14.050000190734863,14.119999885559082,13.920000076293945,7.200331687927246,15686400
2005-01-25,13.970000267028809,14.0600004196167,13.920000076293945,7.252058029174805,12777900
2005-01-26,14.140000343322754,14.520000457763672,14.140000343322754,7.412410736083984,20127900
2005-01-27,15.300000190734863,15.34000015258789,15.010000228881836,7.872776985168457,32304500
2005-01-28,15.260000228881836,15.3100004196167,15.010000228881836,7.862431049346924,13003400
2005-01-31,15.260000228881836,15.34000015258789,15.180000305175781,7.903812885284424,9964100
2005-02-01,15.34000015258789,15.550000190734863,15.329999923706055,8.002090454101562,8376100
2005-02-02,15.609999656677246,15.6899995803833,15.529999732971191,8.115891456604004,11477100
2005-02-03,15.539999961853027,15.619999885559082,15.4399995803833,8.058989524841309,8193000
2005-02-04,15.4399995803833,15.770000457763672,15.430000305175781,8.141754150390625,10168100
2005-02-07,15.600000381469727,15.609999656677246,15.5,8.048646926879883,10611300
2005-02-08,15.5600004196167,15.779999732971191,15.510000228881836,8.126236915588379,9947600
2005-02-09,15.649999618530273,15.84000015258789,15.609999656677246,8.105545997619629,12619000
2005-02-10,15.710000038146973,15.859999656677246,15.710000038146973,8.177962303161621,9348300
2005-02-11,15.789999961853027,16,15.75,8.260725975036621,9139800
2005-02-14,16.030000686645508,16.09000015258789,15.890000343322754,8.30727767944336,10218800
2005-02-15,16.020000457763672,16.06999969482422,15.890000343322754,8.286589622497559,8208200
2005-02-16,15.899999618530273,15.899999618530273,15.760000228881836,8.193480491638184,6654300
2005-02-17,15.850000381469727,15.890000343322754,15.6899995803833,8.136580467224121,7897300
2005-02-18,15.739999771118164,15.84000015258789,15.680000305175781,8.152099609375,5845500
2005-02-22,15.9399995803833,16.299999237060547,15.90999984741211,8.327969551086426,13744000
2005-02-23,16.020000457763672,16.059999465942383,15.859999656677246,8.265896797180176,9079000
2005-02-24,15.970000267028809,16.25,15.829999923706055,8.405558586120605,12080200
2005-02-25,16.200000762939453,16.420000076293945,16.200000762939453,8.47280216217041,11680600
2005-02-28,16.31999969482422,16.329999923706055,16.110000610351562,8.348660469055176,6434400
2005-03-01,16.25,16.31999969482422,16.059999465942383,8.400384902954102,10051700
2005-03-02,16.040000915527344,16.1200008392334,15.960000038146973,8.317623138427734,5927400
2005-03-03,16.010000228881836,16.059999465942383,15.859999656677246,8.2555513381958,5706800
2005-03-04,16.079999923706055,16.229999542236328,16.040000915527344,8.359004020690918,6684800
2005-03-07,16.020000457763672,16.229999542236328,16.010000228881836,8.348660469055176,6545200
2005-03-08,16.209999084472656,16.5,16.200000762939453,8.426248550415039,11072700
2005-03-09,16.290000915527344,16.40999984741211,16.170000076293945,8.384868621826172,7514300
2005-03-10,16.360000610351562,16.469999313354492,16.25,8.488320350646973,6535100
2005-03-11,16.350000381469727,16.420000076293945,16.25,8.405558586120605,7836800
2005-03-14,16.31999969482422,16.3799991607666,16.229999542236328,8.441766738891602,3553800
2005-03-15,16.43000030517578,16.440000534057617,16.309999465942383,8.446937561035156,6348200
2005-03-16,16.299999237060547,16.399999618530273,16.1200008392334,8.359004020690918,6361000
2005-03-17,16.209999084472656,16.350000381469727,16.170000076293945,8.41590404510498,5541300
2005-03-18,16.229999542236328,16.239999771118164,16.020000457763672,8.327969551086426,5556900
2005-03-21,16.030000686645508,16.040000915527344,15.859999656677246,8.2555513381958,6270000
2005-03-22,15.899999618530273,15.970000267028809,15.630000114440918,8.115891456604004,6872300
2005-03-23,15.449999809265137,15.539999961853027,15.380000114440918,8.017607688903809,8944900
2005-03-24,15.270000457763672,15.5600004196167,15.229999542236328,7.929675579071045,9363100
2005-03-28,15.199999809265137,15.369999885559082,15.199999809265137,7.919329643249512,4941400
2005-03-29,15.220000267028809,15.449999809265137,15.210000038146973,7.883121013641357,4725000
2005-03-30,15.34000015258789,15.619999885559082,15.319999694824219,8.058989524841309,8158300
2005-03-31,15.720000267028809,15.729999542236328,15.399999618530273,7.98140287399292,6546800
2005-04-01,15.649999618530273,15.699999809265137,15.350000381469727,7.976230144500732,8743200
2005-04-04,15.210000038146973,15.319999694824219,15.069999694824219,7.903812885284424,8768800
2005-04-05,15.170000076293945,15.329999923706055,15.170000076293945,7.872776985168457,7988900
2005-04-06,15.279999732971191,15.420000076293945,15.229999542236328,7.96588134765625,7458700
2005-04-07,15.390000343322754,15.75,15.390000343322754,8.079680442810059,8927700
2005-04-08,15.369999885559082,15.390000343322754,15.260000228881836,8.165326118469238,8017400
2005-04-11,15.4399995803833,15.449999809265137,15.350000381469727,8.17596435546875,4964300
2005-04-12,15.199999809265137,15.359999656677246,15.079999923706055,8.154685020446777,6597600
2005-04-13,15.229999542236328,15.350000381469727,15.079999923706055,8.053616523742676,7885600
2005-04-14,15.140000343322754,15.149999618530273,14.930000305175781,7.952548503875732,9075500
2005-04-15,14.779999732971191,14.920000076293945,14.699999809265137,7.840839862823486,14028400
2005-04-18,14.5600004196167,14.8100004196167,14.520000457763672,7.8089213371276855,9750200
2005-04-19,15.069999694824219,15.319999694824219,15.039999961853027,8.117449760437012,12111900
2005-04-20,15.359999656677246,15.5,15.180000305175781,8.160005569458008,9322700
2005-04-21,16.040000915527344,16.459999084472656,16.040000915527344,8.697267532348633,28674100
2005-04-22,16.459999084472656,16.510000228881836,16.229999542236328,8.675992012023926,10144200
2005-04-25,16.31999969482422,16.40999984741211,16.229999542236328,8.723864555358887,5784100
2005-04-26,16.1299991607666,16.270000457763672,16,8.521724700927734,8700900
2005-04-27,15.899999618530273,16.18000030517578,15.819999694824219,8.596199035644531,12725300
2005-04-28,15.84000015258789,16.1299991607666,15.84000015258789,8.468533515930176,9393200
2005-04-29,15.960000038146973,16.010000228881836,15.729999542236328,8.500447273254395,8697000
2005-05-02,16.020000457763672,16.100000381469727,15.979999542236328,8.564282417297363,6386200
2005-05-03,16.110000610351562,16.18000030517578,15.989999771118164,8.548322677612305,6100400
2005-05-04,16.389999389648438,16.719999313354492,16.3700008392334,8.867488861083984,12295600
2005-05-05,16.739999771118164,16.8700008392334,16.709999084472656,8.95260238647461,12900300
2005-05-06,16.93000030517578,16.979999542236328,16.8700008392334,8.995156288146973,8208700
2005-05-09,17.040000915527344,17.229999542236328,17,9.12813949584961,13558000
2005-05-10,16.959999084472656,17.020000457763672,16.84000015258789,8.995156288146973,7162900
2005-05-11,16.90999984741211,16.920000076293945,16.700000762939453,9.000476837158203,4353100
2005-05-12,16.889999389648438,16.989999771118164,16.780000686645508,8.947281837463379,4406500
2005-05-13,16.969999313354492,17.100000381469727,16.93000030517578,9.058989524841309,10675600
2005-05-16,17.040000915527344,17.25,17.030000686645508,9.165376663208008,7534900
2005-05-17,17.1299991607666,17.290000915527344,17.030000686645508,9.18665599822998,6073200
2005-05-18,17.309999465942383,17.700000762939453,17.280000686645508,9.362196922302246,11327500
2005-05-19,17.450000762939453,17.56999969482422,17.399999618530273,9.34091854095459,10914400
2005-05-20,17.420000076293945,17.479999542236328,17.280000686645508,9.298364639282227,6476400
2005-05-23,17.440000534057617,17.56999969482422,17.389999389648438,9.298364639282227,6192800
2005-05-24,17.3700008392334,17.579999923706055,17.34000015258789,9.335597038269043,6897500
2005-05-25,17.40999984741211,17.40999984741211,17.040000915527344,9.106863975524902,9755800
2005-05-26,16.950000762939453,17.190000534057617,16.899999618530273,9.12813949584961,8584700
2005-05-27,17.149999618530273,17.290000915527344,17.110000610351562,9.149419784545898,5627500
2005-05-31,16.979999542236328,17.049999237060547,16.799999237060547,8.968558311462402,9815500
2005-06-01,16.899999618530273,17.18000030517578,16.8799991607666,9.080265998840332,6803700
2005-06-02,17.149999618530273,17.3799991607666,17.149999618530273,9.2185697555542,8134500
2005-06-03,17.239999771118164,17.360000610351562,17.020000457763672,9.085587501525879,8356500
2005-06-06,17.15999984741211,17.170000076293945,16.860000610351562,9.064308166503906,6529500
2005-06-07,17.1200008392334,17.290000915527344,17.059999465942383,9.085587501525879,8139500
2005-06-08,17.209999084472656,17.219999313354492,17.030000686645508,9.069624900817871,6411800
2005-06-09,16.90999984741211,16.969999313354492,16.81999969482422,9.016432762145996,10878900
2005-06-10,17.049999237060547,17.06999969482422,16.790000915527344,8.963239669799805,8780200
2005-06-13,16.850000381469727,16.93000030517578,16.780000686645508,8.979196548461914,4472500
2005-06-14,16.889999389648438,17.09000015258789,16.850000381469727,9.032390594482422,10668100
2005-06-15,17.040000915527344,17.139999389648438,16.8700008392334,9.112183570861816,8539100
2005-06-16,17.100000381469727,17.139999389648438,17.030000686645508,9.101546287536621,7556500
2005-06-17,17.190000534057617,17.34000015258789,17.1299991607666,9.207932472229004,7549900
2005-06-20,17.030000686645508,17.280000686645508,16.989999771118164,9.154735565185547,7991200
2005-06-21,17.170000076293945,17.329999923706055,17.1299991607666,9.191976547241211,5588700
2005-06-22,17.530000686645508,17.649999618530273,17.420000076293945,9.2824068069458,10647600
2005-06-23,17.389999389648438,17.450000762939453,17.149999618530273,9.12813949584961,14230600
2005-06-24,17.010000228881836,17.100000381469727,16.93000030517578,9.03770923614502,7069600
2005-06-27,16.920000076293945,17.09000015258789,16.860000610351562,9.011115074157715,8770400
2005-06-28,16.770000457763672,17.020000457763672,16.760000228881836,9.032390594482422,7171800
2005-06-29,17.079999923706055,17.170000076293945,16.940000534057617,9.03770923614502,5676600
2005-06-30,16.90999984741211,16.940000534057617,16.639999389648438,8.851530075073242,9979800
2005-07-01,16.65999984741211,16.780000686645508,16.56999969482422,8.846210479736328,5614700
2005-07-05,16.549999237060547,16.829999923706055,16.479999542236328,8.93664264678955,9198900
2005-07-06,16.940000534057617,16.959999084472656,16.799999237060547,8.957918167114258,8640800
2005-07-07,16.489999771118164,16.780000686645508,16.479999542236328,8.915366172790527,9016900
2005-07-08,16.81999969482422,17.15999984741211,16.799999237060547,9.11750316619873,6824000
2005-07-11,17.360000610351562,17.540000915527344,17.350000381469727,9.309002876281738,8500200
2005-07-12,17.59000015258789,17.75,17.40999984741211,9.383472442626953,7412100
2005-07-13,17.639999389648438,17.81999969482422,17.6299991607666,9.452625274658203,6543100
2005-07-14,17.969999313354492,18.06999969482422,17.8799991607666,9.543057441711426,13407800
2005-07-15,17.75,18.030000686645508,17.670000076293945,9.553694725036621,7958900
2005-07-18,17.799999237060547,17.93000030517578,17.719999313354492,9.473905563354492,6513100
2005-07-19,17.81999969482422,18.06999969482422,17.770000457763672,9.59093189239502,8272000
2005-07-20,17.600000381469727,17.93000030517578,17.540000915527344,9.50050163269043,13620500
2005-07-21,16.059999465942383,16.06999969482422,15.739999771118164,8.394059181213379,77360100
2005-07-22,15.8100004196167,15.859999656677246,15.550000190734863,8.277033805847168,17139500
2005-07-25,15.40999984741211,15.420000076293945,15.170000076293945,8.074893951416016,20462300
2005-07-26,15.510000228881836,15.680000305175781,15.390000343322754,8.324907302856445,16681200
2005-07-27,15.819999694824219,15.90999984741211,15.739999771118164,8.441934585571289,14327000
2005-07-28,15.989999771118164,16.170000076293945,15.949999809265137,8.543004989624023,12193500
2005-07-29,15.949999809265137,16.020000457763672,15.850000381469727,8.484490394592285,7486000
2005-08-01,15.899999618530273,15.949999809265137,15.800000190734863,8.473851203918457,7279700
2005-08-02,16.079999923706055,16.139999389648438,16.020000457763672,8.548322677612305,8356200
2005-08-03,16.06999969482422,16.25,16.049999237060547,8.617475509643555,6325700
2005-08-04,16.049999237060547,16.170000076293945,15.949999809265137,8.537684440612793,9604000
2005-08-05,16.1299991607666,16.149999618530273,15.899999618530273,8.479170799255371,5224400
2005-08-08,16.270000457763672,16.31999969482422,16.079999923706055,8.553644180297852,9067300
2005-08-09,16.389999389648438,16.420000076293945,16.25,8.675992012023926,9271800
2005-08-10,16.450000762939453,16.600000381469727,16.270000457763672,8.665351867675781,13377200
2005-08-11,16.329999923706055,16.440000534057617,16.270000457763672,8.739823341369629,7096600
2005-08-12,16.329999923706055,16.420000076293945,16.149999618530273,8.617475509643555,8147200
2005-08-15,16.139999389648438,16.200000762939453,16,8.596199035644531,6839800
2005-08-16,16.200000762939453,16.200000762939453,15.869999885559082,8.457893371582031,10004200
2005-08-17,15.720000267028809,15.850000381469727,15.6899995803833,8.399380683898926,8354500
2005-08-18,15.600000381469727,15.720000267028809,15.5600004196167,8.346185684204102,6311900
2005-08-19,15.6899995803833,15.75,15.649999618530273,8.330225944519043,5200000
2005-08-22,15.770000457763672,15.829999923706055,15.619999885559082,8.372783660888672,5538300
2005-08-23,15.789999961853027,15.800000190734863,15.569999694824219,8.340866088867188,5548900
2005-08-24,15.640000343322754,15.729999542236328,15.5,8.27171516418457,12299700
2005-08-25,15.5600004196167,15.630000114440918,15.529999732971191,8.303628921508789,7865100
2005-08-26,15.59000015258789,15.600000381469727,15.430000305175781,8.245115280151367,4852500
2005-08-29,15.470000267028809,15.579999923706055,15.4399995803833,8.277033805847168,2737900
2005-08-30,15.5600004196167,15.579999923706055,15.460000038146973,8.287671089172363,3866100
2005-08-31,15.520000457763672,15.789999961853027,15.470000267028809,8.388740539550781,6302200
2005-09-01,15.869999885559082,15.920000076293945,15.800000190734863,8.436614990234375,6694900
2005-09-02,15.850000381469727,15.970000267028809,15.800000190734863,8.452574729919434,3630600
2005-09-06,16.020000457763672,16.149999618530273,15.979999542236328,8.5908784866333,6173300
2005-09-07,16.049999237060547,16.139999389648438,15.960000038146973,8.574922561645508,7066700
2005-09-08,16.020000457763672,16.049999237060547,15.899999618530273,8.473851203918457,6788600
2005-09-09,16.100000381469727,16.270000457763672,16.100000381469727,8.622795104980469,8558200
2005-09-12,15.989999771118164,16.09000015258789,15.960000038146973,8.548322677612305,6740900
2005-09-13,16.719999313354492,16.8799991607666,16.6299991607666,8.941962242126465,30223000
2005-09-14,16.75,16.8700008392334,16.719999313354492,8.926004409790039,13132100
2005-09-15,16.65999984741211,16.719999313354492,16.579999923706055,8.835573196411133,7875800
2005-09-16,16.610000610351562,16.6200008392334,16.459999084472656,8.835573196411133,7028700
2005-09-19,16.459999084472656,16.520000457763672,16.40999984741211,8.766420364379883,5781900
2005-09-20,16.489999771118164,16.649999618530273,16.399999618530273,8.739823341369629,8310700
2005-09-21,16.440000534057617,16.489999771118164,16.299999237060547,8.697267532348633,8987100
2005-09-22,16.280000686645508,16.389999389648438,16.239999771118164,8.70258617401123,8141100
2005-09-23,16.110000610351562,16.329999923706055,16.100000381469727,8.670669555664062,8963800
2005-09-26,16.360000610351562,16.600000381469727,16.350000381469727,8.830254554748535,9182900
2005-09-27,16.3700008392334,16.420000076293945,16.25,8.675992012023926,12184700
2005-09-28,16.200000762939453,16.350000381469727,16.190000534057617,8.681309700012207,8585100
2005-09-29,16.239999771118164,16.489999771118164,16.190000534057617,8.755782127380371,7169500
2005-09-30,16.56999969482422,16.950000762939453,16.559999465942383,8.995156288146973,19250800
2005-10-03,16.899999618530273,17.100000381469727,16.899999618530273,9.053668975830078,12234300
2005-10-04,17.059999465942383,17.219999313354492,16.90999984741211,9.03770923614502,9192500
2005-10-05,16.969999313354492,17,16.719999313354492,8.894083976745605,7562000
2005-10-06,16.799999237060547,16.93000030517578,16.690000534057617,8.941962242126465,6971700
2005-10-07,16.829999923706055,16.860000610351562,16.670000076293945,8.920682907104492,5041000
2005-10-10,16.780000686645508,16.829999923706055,16.6200008392334,8.947281837463379,5876400
2005-10-11,16.889999389648438,17.040000915527344,16.799999237060547,8.989837646484375,22790300
2005-10-12,16.90999984741211,17.040000915527344,16.780000686645508,8.947281837463379,7734900
2005-10-13,16.579999923706055,16.850000381469727,16.559999465942383,8.941962242126465,5383200
2005-10-14,16.8799991607666,16.989999771118164,16.81999969482422,9.011115074157715,7861800
2005-10-17,17,17.059999465942383,16.889999389648438,9.027073860168457,11907700
2005-10-18,16.799999237060547,16.959999084472656,16.790000915527344,8.973877906799316,7631900
2005-10-19,16.670000076293945,17.170000076293945,16.6299991607666,9.069624900817871,15881200
2005-10-20,16.110000610351562,16.170000076293945,15.8100004196167,8.457893371582031,40911500
2005-10-21,16.149999618530273,16.200000762939453,15.970000267028809,8.558960914611816,15614300
2005-10-24,16.06999969482422,16.200000762939453,16.049999237060547,8.601519584655762,8481600
2005-10-25,16.270000457763672,16.420000076293945,16.219999313354492,8.665351867675781,7992700
2005-10-26,16.229999542236328,16.3700008392334,16.200000762939453,8.622795104980469,4576400
2005-10-27,16.25,16.260000228881836,16.020000457763672,8.527046203613281,6613200
2005-10-28,16.229999542236328,16.290000915527344,16.100000381469727,8.665351867675781,9953100
2005-10-31,16.3700008392334,16.899999618530273,16.34000015258789,8.947281837463379,25190200
2005-11-01,16.850000381469727,17.079999923706055,16.829999923706055,9.0057954788208,24298700
2005-11-02,16.93000030517578,17.280000686645508,16.90999984741211,9.144097328186035,15512200
2005-11-03,17.350000381469727,17.440000534057617,17.260000228881836,9.22921085357666,22691000
2005-11-04,17.309999465942383,17.3700008392334,17.030000686645508,9.12813949584961,11582100
2005-11-07,17,17.139999389648438,16.969999313354492,9.064308166503906,9852900
2005-11-08,17,17.170000076293945,16.950000762939453,9.085587501525879,9911000
2005-11-09,17.020000457763672,17.09000015258789,16.940000534057617,9.064308166503906,7882500
2005-11-10,17,17.149999618530273,16.920000076293945,9.106863975524902,6752900
2005-11-11,17.110000610351562,17.229999542236328,17.09000015258789,9.138781547546387,4910500
2005-11-14,17.25,17.3799991607666,17.25,9.207932472229004,8812300
2005-11-15,17.170000076293945,17.18000030517578,16.989999771118164,9.058989524841309,6642600
2005-11-16,16.989999771118164,17.040000915527344,16.860000610351562,9.000476837158203,6520500
2005-11-17,17.040000915527344,17.299999237060547,17.040000915527344,9.170695304870605,10959000
2005-11-18,17.399999618530273,17.420000076293945,17.209999084472656,9.22389030456543,7716400
2005-11-21,17.440000534057617,17.469999313354492,17.31999969482422,9.271767616271973,5270600
2005-11-22,17.309999465942383,17.360000610351562,17.229999542236328,9.20261287689209,10041900
2005-11-23,17.34000015258789,17.56999969482422,17.31999969482422,9.27708625793457,9449500
2005-11-25,17.530000686645508,17.549999237060547,17.399999618530273,9.309002876281738,3298900
2005-11-28,17.389999389648438,17.420000076293945,17.260000228881836,9.191976547241211,5522000
2005-11-29,17.25,17.389999389648438,17.219999313354492,9.2185697555542,9127200
2005-11-30,17.229999542236328,17.239999771118164,17.059999465942383,9.085587501525879,5838400
2005-12-01,16.979999542236328,17.790000915527344,16.950000762939453,9.36751651763916,15210300
2005-12-02,17.649999618530273,17.68000030517578,17.260000228881836,9.234529495239258,8612000
2005-12-05,17.5,17.649999618530273,17.469999313354492,9.335597038269043,10408000
2005-12-06,17.600000381469727,17.809999465942383,17.56999969482422,9.399434089660645,7654000
2005-12-07,17.780000686645508,17.969999313354492,17.709999084472656,9.45794677734375,14726000
2005-12-08,18.290000915527344,18.309999465942383,18.059999465942383,9.6334867477417,19193200
2005-12-09,18.06999969482422,18.110000610351562,17.899999618530273,9.601569175720215,12072600
2005-12-12,18.31999969482422,18.399999618530273,18.18000030517578,9.692002296447754,10431200
2005-12-13,18.309999465942383,18.479999542236328,18.219999313354492,9.771795272827148,8636500
2005-12-14,18.56999969482422,18.610000610351562,18.420000076293945,9.81966781616211,11133800
2005-12-15,18.459999084472656,18.469999313354492,18.209999084472656,9.718599319458008,7036600
2005-12-16,18.540000915527344,18.649999618530273,18.469999313354492,9.856904983520508,11372200
2005-12-19,18.6299991607666,18.81999969482422,18.469999313354492,9.835625648498535,12116700
2005-12-20,18.5,18.510000228881836,18.25,9.734556198120117,9179100
2005-12-21,18.3700008392334,18.40999984741211,18.229999542236328,9.782428741455078,10338100
2005-12-22,18.43000030517578,18.510000228881836,18.3700008392334,9.835625648498535,9880100
2005-12-23,18.610000610351562,18.729999542236328,18.610000610351562,9.904778480529785,5619200
2005-12-27,18.68000030517578,18.700000762939453,18.479999542236328,9.8728609085083,6538300
2005-12-28,18.600000381469727,18.649999618530273,18.450000762939453,9.846264839172363,4254400
2005-12-29,18.489999771118164,18.540000915527344,18.440000534057617,9.830307006835938,3088500
2005-12-30,18.25,18.3700008392334,18.15999984741211,9.734556198120117,6260000
2006-01-03,18.6200008392334,18.799999237060547,18.479999542236328,9.952653884887695,11945800
2006-01-04,18.940000534057617,19.149999618530273,18.920000076293945,10.165432929992676,13723200
2006-01-05,19.329999923706055,19.6200008392334,19.299999237060547,10.404802322387695,39911800
2006-01-06,19.940000534057617,19.940000534057617,19.719999313354492,10.500554084777832,21035600
2006-01-09,19.59000015258789,19.670000076293945,19.459999084472656,10.372888565063477,20019000
2006-01-10,19.079999923706055,19.309999465942383,19.010000228881836,10.229264259338379,17087000
2006-01-11,19.110000610351562,19.110000610351562,18.84000015258789,10.059041976928711,24423200
2006-01-12,18.799999237060547,18.959999084472656,18.65999984741211,9.989890098571777,12470700
2006-01-13,18.65999984741211,18.90999984741211,18.600000381469727,10.048401832580566,6322100
2006-01-17,18.579999923706055,18.690000534057617,18.549999237060547,9.936697959899902,7712000
2006-01-18,18.309999465942383,18.56999969482422,18.280000686645508,9.766471862792969,8038000
2006-01-19,18.479999542236328,18.920000076293945,18.479999542236328,9.97925090789795,16109200
2006-01-20,18.440000534057617,18.549999237060547,18.06999969482422,9.63880729675293,16418700
2006-01-23,18.309999465942383,18.40999984741211,18.200000762939453,9.734556198120117,8149600
2006-01-24,18.260000228881836,18.440000534057617,18.209999084472656,9.707955360412598,11638800
2006-01-25,18.420000076293945,18.6299991607666,18.3799991607666,9.835625648498535,8293000
2006-01-26,18,18.3700008392334,17.950000762939453,9.681360244750977,35515600
2006-01-27,18.280000686645508,18.31999969482422,17.959999084472656,9.601569175720215,16037200
2006-01-30,18.079999923706055,18.18000030517578,18.040000915527344,9.622849464416504,6122600
2006-01-31,18.309999465942383,18.420000076293945,18.219999313354492,9.777111053466797,10504300
2006-02-01,18.299999237060547,18.540000915527344,18.280000686645508,9.846264839172363,7718100
2006-02-02,18.549999237060547,18.559999465942383,18.25,9.734556198120117,12009600
2006-02-03,17.959999084472656,18.209999084472656,17.90999984741211,9.654765129089355,7304000
2006-02-06,17.969999313354492,18.030000686645508,17.84000015258789,9.532418251037598,6448000
2006-02-07,17.829999923706055,17.8700008392334,17.649999618530273,9.426029205322266,7785100
2006-02-08,17.829999923706055,18.209999084472656,17.760000228881836,9.644124031066895,8015000
2006-02-09,18.100000381469727,18.280000686645508,18.049999237060547,9.63880729675293,6838900
2006-02-10,18.079999923706055,18.100000381469727,17.809999465942383,9.569656372070312,4576600
2006-02-13,17.770000457763672,17.989999771118164,17.760000228881836,9.548378944396973,7799900
2006-02-14,18.1200008392334,18.600000381469727,18.100000381469727,9.851585388183594,14389000
2006-02-15,18.690000534057617,18.93000030517578,18.540000915527344,9.98457145690918,15988200
2006-02-16,18.889999389648438,19,18.770000457763672,10.037763595581055,13753600
2006-02-17,18.8700008392334,18.899999618530273,18.719999313354492,9.98457145690918,5901800
2006-02-21,18.81999969482422,18.8700008392334,18.700000762939453,9.957971572875977,3536500
2006-02-22,18.690000534057617,18.950000762939453,18.670000076293945,10.069680213928223,4427700
2006-02-23,18.959999084472656,19.030000686645508,18.850000381469727,10.053723335266113,4547500
2006-02-24,18.850000381469727,18.940000534057617,18.829999923706055,10.037763595581055,4382400
2006-02-27,18.760000228881836,18.84000015258789,18.68000030517578,9.995208740234375,6656100
2006-02-28,18.68000030517578,18.850000381469727,18.579999923706055,9.883499145507812,7640300
2006-03-01,18.639999389648438,19.040000915527344,18.600000381469727,10.106917381286621,11231900
2006-03-02,18.8799991607666,19.149999618530273,18.809999465942383,10.17074966430664,15544200
2006-03-03,18.979999542236328,19.059999465942383,18.889999389648438,10.112236976623535,6606000
2006-03-06,18.979999542236328,19.139999389648438,18.979999542236328,10.181389808654785,8428500
2006-03-07,18.969999313354492,19.229999542236328,18.93000030517578,10.218624114990234,15889100
2006-03-08,19.290000915527344,19.8799991607666,19.25,10.543107986450195,21539900
2006-03-09,19.84000015258789,19.989999771118164,19.739999771118164,10.532470703125,13890800
2006-03-10,19.84000015258789,20.15999984741211,19.75,10.681415557861328,15545500
2006-03-13,20.18000030517578,20.299999237060547,20.1299991607666,10.793122291564941,11034500
2006-03-14,20.31999969482422,20.520000457763672,20.31999969482422,10.894194602966309,10040600
2006-03-15,20.450000762939453,20.530000686645508,20.329999923706055,10.91015338897705,6241200
2006-03-16,20.5,20.6299991607666,20.43000030517578,10.888874053955078,10904700
2006-03-17,20.530000686645508,20.600000381469727,20.43000030517578,10.92611026763916,6635500
2006-03-20,20.690000534057617,20.760000228881836,20.610000610351562,11.011219024658203,6674500
2006-03-21,20.75,20.770000457763672,20.420000076293945,10.867594718933105,9312500
2006-03-22,20.479999542236328,20.559999465942383,20.43000030517578,10.904829978942871,8296300
2006-03-23,20.469999313354492,20.540000915527344,20.209999084472656,10.803762435913086,8338200
2006-03-24,20.3799991607666,20.540000915527344,20.290000915527344,10.89951229095459,9416200
2006-03-27,20.40999984741211,20.479999542236328,20.309999465942383,10.819723129272461,6457300
2006-03-28,20.31999969482422,20.350000381469727,20.010000228881836,10.681415557861328,7578000
2006-03-29,20,20.34000015258789,19.959999084472656,10.755887031555176,10524200
2006-03-30,21.280000686645508,21.360000610351562,20.25,11.319745063781738,24577800
2006-03-31,20.709999084472656,20.75,20.6200008392334,11.263215065002441,6744300
2006-04-03,20.639999389648438,20.8700008392334,20.610000610351562,11.257776260375977,4605200
2006-04-04,20.760000228881836,20.889999389648438,20.68000030517578,11.295827865600586,7573900
2006-04-05,21.010000228881836,21.059999465942383,20.799999237060547,11.409980773925781,8646800
2006-04-06,20.969999313354492,21.059999465942383,20.780000686645508,11.361059188842773,6888800
2006-04-07,20.860000610351562,20.889999389648438,20.530000686645508,11.192545890808105,5005600
2006-04-10,20.56999969482422,20.59000015258789,20.3799991607666,11.089262962341309,5656300
2006-04-11,21.579999923706055,21.6299991607666,21.1299991607666,11.518701553344727,21470100
2006-04-12,21.190000534057617,21.260000228881836,20.8799991607666,11.409980773925781,9127200
2006-04-13,20.969999313354492,21.100000381469727,20.950000762939453,11.426291465759277,4081500
2006-04-17,21.030000686645508,21.25,21.030000686645508,11.442597389221191,5532700
2006-04-18,21.170000076293945,21.600000381469727,21.139999389648438,11.71439266204834,7634000
2006-04-19,21.3799991607666,21.739999771118164,21.360000610351562,11.817675590515137,8256100
2006-04-20,22.8700008392334,22.979999542236328,22.59000015258789,12.399317741394043,22779600
2006-04-21,23.399999618530273,23.469999313354492,22.809999465942383,12.437370300292969,14044000
2006-04-24,22.670000076293945,22.809999465942383,22.540000915527344,12.393882751464844,11760100
2006-04-25,22.940000534057617,22.989999771118164,22.600000381469727,12.317779541015625,7902400
2006-04-26,22.93000030517578,23.020000457763672,22.8700008392334,12.46998405456543,8414600
2006-04-27,22.729999542236328,23.079999923706055,22.639999389648438,12.508037567138672,7278400
2006-04-28,22.84000015258789,22.93000030517578,22.65999984741211,12.317779541015625,5606500
2006-05-01,22.719999313354492,22.809999465942383,22.639999389648438,12.317779541015625,5348500
2006-05-02,22.760000228881836,22.850000381469727,22.700000762939453,12.38300609588623,9578900
2006-05-03,22.719999313354492,22.829999923706055,22.59000015258789,12.404754638671875,5485100
2006-05-04,22.6200008392334,22.93000030517578,22.610000610351562,12.41019058227539,7341500
2006-05-05,23.020000457763672,23.059999465942383,22.829999923706055,12.459113121032715,8238300
2006-05-08,23.079999923706055,23.190000534057617,22.90999984741211,12.508037567138672,5739700
2006-05-09,23,23.18000030517578,22.969999313354492,12.556958198547363,5835000
2006-05-10,22.899999618530273,22.969999313354492,22.290000915527344,12.171009063720703,13386400
2006-05-11,22.469999313354492,22.479999542236328,21.520000457763672,11.882909774780273,13994400
2006-05-12,21.899999618530273,21.93000030517578,21.399999618530273,11.670904159545898,13484900
2006-05-15,21.639999389648438,21.90999984741211,21.479999542236328,11.779624938964844,9684500
2006-05-16,22.1200008392334,22.18000030517578,21.739999771118164,11.877473831176758,10043300
2006-05-17,21.690000534057617,21.770000457763672,20.950000762939453,11.480649948120117,16594400
2006-05-18,21.309999465942383,21.510000228881836,20.709999084472656,11.279519081115723,12000300
2006-05-19,21.049999237060547,21.25,20.829999923706055,11.535008430480957,7625700
2006-05-22,20.8799991607666,21.040000915527344,20.489999771118164,11.32300853729248,7472200
2006-05-23,21.43000030517578,21.790000915527344,21.270000457763672,11.578495025634766,8037400
2006-05-24,21.40999984741211,21.520000457763672,20.760000228881836,11.551314353942871,8611000
2006-05-25,21.309999465942383,21.6200008392334,21.309999465942383,11.665470123291016,6734400
2006-05-26,21.8799991607666,21.8799991607666,21.639999389648438,11.861162185668945,5297300
2006-05-30,21.829999923706055,21.84000015258789,21.350000381469727,11.621984481811523,8062300
2006-05-31,21.420000076293945,21.65999984741211,21.239999771118164,11.670904159545898,7448700
2006-06-01,21.559999465942383,22.110000610351562,21.540000915527344,11.997060775756836,7198500
2006-06-02,22.459999084472656,22.5,21.700000762939453,11.855729103088379,15564000
2006-06-05,21.75,21.75,21.200000762939453,11.529571533203125,9305000
2006-06-06,20.799999237060547,20.829999923706055,20.40999984741211,11.268649101257324,15257300
2006-06-07,20.68000030517578,20.850000381469727,20.5,11.154494285583496,10887800
2006-06-08,20.260000228881836,20.350000381469727,19.780000686645508,11.034905433654785,18775500
2006-06-09,20.530000686645508,20.549999237060547,19.90999984741211,10.904444694519043,9327200
2006-06-12,20.059999465942383,20.06999969482422,19.489999771118164,10.638083457946777,10374800
2006-06-13,19.3700008392334,19.6299991607666,19.149999618530273,10.502184867858887,13015000
2006-06-14,19.530000686645508,19.65999984741211,19.1200008392334,10.540237426757812,15327000
2006-06-15,19.940000534057617,20.469999313354492,19.940000534057617,11.089262962341309,11059600
2006-06-16,20.079999923706055,20.18000030517578,19.719999313354492,10.855518341064453,8894700
2006-06-19,20.649999618530273,20.68000030517578,19.969999313354492,10.920750617980957,9413000
2006-06-20,20.079999923706055,20.229999542236328,19.850000381469727,10.899005889892578,8121100
2006-06-21,19.969999313354492,20.3700008392334,19.969999313354492,10.964240074157715,9859500
2006-06-22,19.8799991607666,19.90999984741211,19.530000686645508,10.638083457946777,11997300
2006-06-23,19.6299991607666,19.690000534057617,19.459999084472656,10.594595909118652,6603300
2006-06-26,19.84000015258789,19.979999542236328,19.700000762939453,10.828341484069824,6149700
2006-06-27,20,20.049999237060547,19.559999465942383,10.648955345153809,6124700
2006-06-28,19.450000762939453,19.5,18.829999923706055,10.398902893066406,16759600
2006-06-29,19.31999969482422,19.90999984741211,19.139999389648438,10.801162719726562,15675100
2006-06-30,20.309999465942383,20.440000534057617,20.170000076293945,11.013162612915039,10526600
2006-07-03,20.440000534057617,20.510000228881836,20.270000457763672,11.111008644104004,2936800
2006-07-05,20.059999465942383,20.1299991607666,19.940000534057617,10.893570899963379,6654900
2006-07-06,19.950000762939453,20.200000762939453,19.940000534057617,10.915315628051758,5173000
2006-07-07,19.850000381469727,19.860000610351562,19.450000762939453,10.621777534484863,10472100
2006-07-10,19.510000228881836,19.68000030517578,19.290000915527344,10.545672416687012,10430200
2006-07-11,19.329999923706055,19.729999542236328,19.25,10.670700073242188,9312900
2006-07-12,19.469999313354492,19.510000228881836,19.110000610351562,10.426084518432617,7988800
2006-07-13,18.809999465942383,19.100000381469727,18.649999618530273,10.176029205322266,12198500
2006-07-14,18.719999313354492,18.770000457763672,18.450000762939453,10.094491004943848,10505000
2006-07-17,18.229999542236328,18.489999771118164,18.229999542236328,10.018388748168945,9624500
2006-07-18,18.760000228881836,18.8700008392334,18.420000076293945,10.181466102600098,11739300
2006-07-19,18.959999084472656,19.6200008392334,18.93000030517578,10.507620811462402,17286100
2006-07-20,19.510000228881836,19.90999984741211,19.389999389648438,10.757672309875488,26042200
2006-07-21,19.65999984741211,19.65999984741211,19.06999969482422,10.426084518432617,12002200
2006-07-24,19.440000534057617,19.84000015258789,19.440000534057617,10.730493545532227,7803400
2006-07-25,19.809999465942383,19.920000076293945,19.559999465942383,10.76310920715332,6297900
2006-07-26,19.440000534057617,19.639999389648438,19.309999465942383,10.648955345153809,9752200
2006-07-27,19.540000915527344,19.68000030517578,19.3799991607666,10.578285217285156,5378900
2006-07-28,19.530000686645508,19.979999542236328,19.43000030517578,10.817468643188477,6570200
2006-07-31,19.899999618530273,19.940000534057617,19.780000686645508,10.790287971496582,4335000
2006-08-01,19.700000762939453,19.700000762939453,19.350000381469727,10.643522262573242,5746800
2006-08-02,19.459999084472656,19.700000762939453,19.40999984741211,10.632644653320312,6034900
2006-08-03,19.329999923706055,19.700000762939453,19.280000686645508,10.67613410949707,5161700
2006-08-04,19.93000030517578,20,19.559999465942383,10.670700073242188,4713000
2006-08-07,19.479999542236328,19.579999923706055,19.399999618530273,10.632644653320312,3259700
2006-08-08,19.5,19.719999313354492,19.3700008392334,10.578285217285156,5262500
2006-08-09,19.979999542236328,20.200000762939453,19.84000015258789,10.790287971496582,8494500
2006-08-10,19.799999237060547,20,19.690000534057617,10.844648361206055,5897800
2006-08-11,19.6299991607666,19.700000762939453,19.510000228881836,10.670700073242188,4808100
2006-08-14,19.719999313354492,20.059999465942383,19.709999084472656,10.790287971496582,3928800
2006-08-15,20.239999771118164,20.780000686645508,20.239999771118164,11.268649101257324,10600900
2006-08-16,20.989999771118164,21.40999984741211,20.989999771118164,11.600238800048828,9001400
2006-08-17,21.3700008392334,21.600000381469727,21.1200008392334,11.57305908203125,5360800
2006-08-18,21.270000457763672,21.350000381469727,21.06999969482422,11.605676651000977,3157000
2006-08-21,21.309999465942383,21.389999389648438,21.25,11.589367866516113,3107700
2006-08-22,21.260000228881836,21.540000915527344,21.229999542236328,11.638290405273438,3520200
2006-08-23,21.260000228881836,21.309999465942383,20.860000610351562,11.409980773925781,6967500
2006-08-24,20.8700008392334,20.899999618530273,20.65999984741211,11.361059188842773,4765400
2006-08-25,20.639999389648438,20.729999542236328,20.579999923706055,11.219725608825684,4106600
2006-08-28,20.81999969482422,21.100000381469727,20.780000686645508,11.404545783996582,3661600
2006-08-29,21.100000381469727,21.1200008392334,20.690000534057617,11.458907127380371,12390900
2006-08-30,21.229999542236328,21.239999771118164,20.889999389648438,11.371931076049805,11062200
2006-08-31,21.010000228881836,21.020000457763672,20.739999771118164,11.35018539428711,7096900
2006-09-01,20.6299991607666,20.81999969482422,20.43000030517578,11.2251615524292,7992200
2006-09-05,20.209999084472656,20.360000610351562,20.06999969482422,11.045775413513184,8791400
2006-09-06,19.780000686645508,19.780000686645508,19.450000762939453,10.594595909118652,15781400
2006-09-07,19.270000457763672,19.5,19.18000030517578,10.469568252563477,9585100
2006-09-08,19.030000686645508,19.299999237060547,18.979999542236328,10.485878944396973,10504100
2006-09-11,19.149999618530273,19.420000076293945,18.989999771118164,10.485878944396973,9131800
2006-09-12,19.5,19.850000381469727,19.5,10.76854419708252,16455300
2006-09-13,19.719999313354492,19.979999542236328,19.65999984741211,10.844648361206055,11818700
2006-09-14,19.40999984741211,19.600000381469727,19.270000457763672,10.545672416687012,11672000
2006-09-15,19.31999969482422,19.31999969482422,19.049999237060547,10.388033866882324,11604000
2006-09-18,18.719999313354492,19,18.709999084472656,10.279313087463379,15315500
2006-09-19,18.920000076293945,18.940000534057617,18.6200008392334,10.241264343261719,8058800
2006-09-20,18.959999084472656,19.170000076293945,18.940000534057617,10.39346694946289,8844100
2006-09-21,19.420000076293945,19.540000915527344,19.229999542236328,10.529363632202148,11453200
2006-09-22,19.479999542236328,19.520000457763672,19.309999465942383,10.540237426757812,7299300
2006-09-25,19.299999237060547,19.75,19.239999771118164,10.68156909942627,10322000
2006-09-26,19.520000457763672,19.65999984741211,19.440000534057617,10.62721061706543,11255600
2006-09-27,19.639999389648438,19.959999084472656,19.59000015258789,10.725056648254395,11748400
2006-09-28,20.010000228881836,20.09000015258789,19.809999465942383,10.817468643188477,13493100
2006-09-29,19.709999084472656,19.90999984741211,19.649999618530273,10.703311920166016,10313700
2006-10-02,19.540000915527344,19.760000228881836,19.540000915527344,10.659825325012207,6104900
2006-10-03,19.440000534057617,19.799999237060547,19.399999618530273,10.703311920166016,7384300
2006-10-04,19.43000030517578,19.729999542236328,19.399999618530273,10.714184761047363,15077500
2006-10-05,19.59000015258789,19.600000381469727,19.31999969482422,10.62721061706543,14180100
2006-10-06,19.350000381469727,19.540000915527344,19.329999923706055,10.583724975585938,6077400
2006-10-09,19.399999618530273,19.59000015258789,19.34000015258789,10.62721061706543,8937300
2006-10-10,19.68000030517578,19.829999923706055,19.65999984741211,10.773979187011719,8655100
2006-10-11,19.8700008392334,20.280000686645508,19.850000381469727,10.931624412536621,12659900
2006-10-12,20.149999618530273,20.440000534057617,20.079999923706055,11.067523002624512,9850200
2006-10-13,20.209999084472656,20.260000228881836,20.059999465942383,10.980547904968262,7819100
2006-10-16,20.15999984741211,20.31999969482422,20.030000686645508,11.013162612915039,11939900
2006-10-17,20.020000457763672,20.030000686645508,19.709999084472656,10.806597709655762,17127700
2006-10-18,19.989999771118164,20.239999771118164,19.579999923706055,10.801162719726562,26910000
2006-10-19,19.059999465942383,19.43000030517578,19.049999237060547,10.518491744995117,37783600
2006-10-20,19.479999542236328,19.510000228881836,19.350000381469727,10.540237426757812,11210300
2006-10-23,19.420000076293945,19.6299991607666,19.3700008392334,10.632644653320312,10010800
2006-10-24,19.309999465942383,19.43000030517578,19.219999313354492,10.545672416687012,11598600
2006-10-25,19.25,19.440000534057617,19.209999084472656,10.551108360290527,13356500
2006-10-26,19.790000915527344,19.799999237060547,19.559999465942383,10.708751678466797,14833500
2006-10-27,19.940000534057617,19.950000762939453,19.670000076293945,10.708751678466797,10251300
2006-10-30,19.700000762939453,20,19.690000534057617,10.828341484069824,13568800
2006-10-31,19.850000381469727,19.920000076293945,19.790000915527344,10.806597709655762,11677500
2006-11-01,19.809999465942383,19.809999465942383,19.559999465942383,10.638083457946777,8554400
2006-11-02,19.5,19.579999923706055,19.360000610351562,10.62721061706543,5583200
2006-11-03,19.450000762939453,19.5,19.219999313354492,10.513057708740234,7454100
2006-11-06,19.479999542236328,19.6299991607666,19.450000762939453,10.632644653320312,12225100
2006-11-07,19.799999237060547,19.8799991607666,19.6200008392334,10.687005996704102,8603500
2006-11-08,19.520000457763672,19.690000534057617,19.450000762939453,10.68156909942627,13284000
2006-11-09,19.829999923706055,19.829999923706055,19.399999618530273,10.600031852722168,17708300
2006-11-10,19.549999237060547,19.700000762939453,19.43000030517578,10.687005996704102,7542600
2006-11-13,19.670000076293945,19.790000915527344,19.6299991607666,10.735930442810059,8479200
2006-11-14,19.889999389648438,19.959999084472656,19.649999618530273,10.839211463928223,9622000
2006-11-15,20.010000228881836,20.219999313354492,19.989999771118164,10.953369140625,11017100
2006-11-16,20.030000686645508,20.1299991607666,19.899999618530273,10.893570899963379,10748400
2006-11-17,19.780000686645508,19.959999084472656,19.719999313354492,10.83377456665039,6409100
2006-11-20,19.850000381469727,20.06999969482422,19.829999923706055,10.844648361206055,6302300
2006-11-21,20.079999923706055,20.399999618530273,20.079999923706055,11.05665111541748,12574400
2006-11-22,20.940000534057617,21,20.829999923706055,11.344754219055176,16714600
2006-11-24,20.81999969482422,20.950000762939453,20.790000915527344,11.377367973327637,3735400
2006-11-27,20.559999465942383,20.6299991607666,20.200000762939453,11.0403413772583,12943500
2006-11-28,20.020000457763672,20.110000610351562,19.90999984741211,10.920750617980957,13943500
2006-11-29,20.229999542236328,20.31999969482422,20.219999313354492,11.0403413772583,11729100
2006-11-30,20.139999389648438,20.299999237060547,20.059999465942383,10.99141788482666,7008600
2006-12-01,20.010000228881836,20.06999969482422,19.850000381469727,10.850082397460938,13414200
2006-12-04,19.889999389648438,20.059999465942383,19.889999389648438,10.855518341064453,6450600
2006-12-05,20.209999084472656,20.540000915527344,20.170000076293945,11.121875762939453,14442000
2006-12-06,20.299999237060547,20.559999465942383,20.260000228881836,11.149062156677246,9749200
2006-12-07,20.559999465942383,20.649999618530273,20.309999465942383,11.045775413513184,6519300
2006-12-08,20.25,20.489999771118164,20.170000076293945,11.105571746826172,7753900
2006-12-11,20.579999923706055,20.649999618530273,20.469999313354492,11.149062156677246,12223400
2006-12-12,20.479999542236328,20.5,20.280000686645508,11.07839298248291,14848000
2006-12-13,20.450000762939453,20.5,20.31999969482422,11.105571746826172,14011300
2006-12-14,20.309999465942383,20.549999237060547,20.270000457763672,11.17080307006836,6421200
2006-12-15,20.59000015258789,20.610000610351562,20.290000915527344,11.05665111541748,8386500
2006-12-18,20.479999542236328,20.549999237060547,20.260000228881836,11.05665111541748,6146000
2006-12-19,20.270000457763672,20.489999771118164,20.239999771118164,11.105571746826172,5344100
2006-12-20,20.40999984741211,20.469999313354492,20.25,11.067523002624512,10056600
2006-12-21,20.3700008392334,20.469999313354492,20.139999389648438,11.072955131530762,9889300
2006-12-22,20.440000534057617,20.469999313354492,20.079999923706055,10.980547904968262,6121800
2006-12-26,20.200000762939453,20.290000915527344,20.110000610351562,10.99141788482666,3366900
2006-12-27,20.360000610351562,20.559999465942383,20.350000381469727,11.143622398376465,4406700
2006-12-28,20.520000457763672,20.549999237060547,20.360000610351562,11.138188362121582,4363100
2006-12-29,20.3799991607666,20.56999969482422,20.31999969482422,11.045775413513184,4125900
2007-01-03,20.6299991607666,20.8799991607666,20.559999465942383,11.230596542358398,11128800
2007-01-04,20.510000228881836,21,20.5,11.371931076049805,9667100
2007-01-05,19.899999618530273,19.969999313354492,19.690000534057617,10.784850120544434,35807700
2007-01-08,19.790000915527344,19.809999465942383,19.59000015258789,10.67613410949707,12109200
2007-01-09,19.600000381469727,19.610000610351562,19.360000610351562,10.53480052947998,14194600
2007-01-10,19.110000610351562,19.1200008392334,18.8700008392334,10.371724128723145,21479100
2007-01-11,19.260000228881836,19.540000915527344,19.219999313354492,10.540237426757812,18222800
2007-01-12,19.3799991607666,19.559999465942383,19.229999542236328,10.594595909118652,14985400
2007-01-16,19.829999923706055,20,19.799999237060547,10.790287971496582,15807300
2007-01-17,19.899999618530273,20.020000457763672,19.829999923706055,10.790287971496582,10038200
2007-01-18,19.899999618530273,19.979999542236328,19.739999771118164,10.850082397460938,13547700
2007-01-19,19.719999313354492,20.219999313354492,19.719999313354492,10.94249439239502,25655600
2007-01-22,20,20.06999969482422,19.809999465942383,10.784850120544434,12935100
2007-01-23,19.780000686645508,20.06999969482422,19.75,10.844648361206055,18899400
2007-01-24,20.110000610351562,20.43000030517578,20,10.985982894897461,29515300
2007-01-25,21.540000915527344,21.559999465942383,20.850000381469727,11.475213050842285,60580000
2007-01-26,21.31999969482422,21.6299991607666,21.260000228881836,11.730700492858887,23879900
2007-01-29,21.3799991607666,21.559999465942383,21.329999923706055,11.632855415344238,19681500
2007-01-30,21.65999984741211,21.90999984741211,21.6200008392334,11.882909774780273,15952000
2007-01-31,21.860000610351562,22.149999618530273,21.770000457763672,12.013367652893066,12126100
2007-02-01,22.1299991607666,22.239999771118164,22.040000915527344,12.024242401123047,10937400
2007-02-02,21.8700008392334,22.1200008392334,21.850000381469727,11.997060775756836,9769800
2007-02-05,22.149999618530273,22.219999313354492,22.020000457763672,12.018806457519531,6781400
2007-02-06,22.200000762939453,22.239999771118164,21.93000030517578,12.0079345703125,8086200
2007-02-07,22.09000015258789,22.149999618530273,21.950000762939453,11.997060775756836,14866400
2007-02-08,21.899999618530273,22.110000610351562,21.81999969482422,11.997060775756836,8788200
2007-02-09,21.950000762939453,21.989999771118164,21.6200008392334,11.817675590515137,13811500
2007-02-12,21.799999237060547,21.84000015258789,21.68000030517578,11.839420318603516,9268600
2007-02-13,21.940000534057617,22.31999969482422,21.940000534057617,12.089473724365234,12267300
2007-02-14,22.5,23,22.5,12.480856895446777,18714300
2007-02-15,22.90999984741211,23.040000915527344,22.829999923706055,12.46998405456543,9073100
2007-02-16,22.950000762939453,23.209999084472656,22.920000076293945,12.578702926635742,11694600
2007-02-20,23.030000686645508,23.100000381469727,22.860000610351562,12.497162818908691,9730400
2007-02-21,22.799999237060547,22.979999542236328,22.739999771118164,12.437370300292969,9366600
2007-02-22,22.84000015258789,22.860000610351562,22.700000762939453,12.415627479553223,9856700
2007-02-23,22.780000686645508,22.959999084472656,22.75,12.415627479553223,14065200
2007-02-26,22.860000610351562,23.030000686645508,22.75,12.518911361694336,9386100
2007-02-27,22.3700008392334,22.510000228881836,21.5,11.88834285736084,16492900
2007-02-28,21.790000915527344,21.93000030517578,21.559999465942383,11.866600036621094,12758500
2007-03-01,21.229999542236328,21.600000381469727,21.030000686645508,11.703520774841309,17188200
2007-03-02,21.219999313354492,21.360000610351562,21.100000381469727,11.491519927978516,15770500
2007-03-05,20.790000915527344,21.299999237060547,20.770000457763672,11.426291465759277,12958100
2007-03-06,21.450000762939453,21.510000228881836,21.260000228881836,11.660035133361816,12179900
2007-03-07,21.43000030517578,21.690000534057617,21.3799991607666,11.69265079498291,5768100
2007-03-08,21.639999389648438,21.93000030517578,21.6299991607666,11.817675590515137,8150100
2007-03-09,21.809999465942383,21.889999389648438,21.610000610351562,11.774189949035645,9010500
2007-03-12,21.65999984741211,21.75,21.559999465942383,11.757882118225098,7268500
2007-03-13,21.549999237060547,21.709999084472656,21.229999542236328,11.578495025634766,8767600
2007-03-14,21.190000534057617,21.3700008392334,20.940000534057617,11.594806671142578,8940300
2007-03-15,21.360000610351562,21.719999313354492,21.309999465942383,11.774189949035645,8484300
2007-03-16,21.920000076293945,22.020000457763672,21.780000686645508,11.877473831176758,8584800
2007-03-19,22.209999084472656,22.229999542236328,22.040000915527344,12.045984268188477,8126300
2007-03-20,21.899999618530273,22.209999084472656,21.799999237060547,12.035112380981445,9869800
2007-03-21,22.40999984741211,22.899999618530273,22.200000762939453,12.426499366760254,9518400
2007-03-22,23.190000534057617,23.219999313354492,22.899999618530273,12.480856895446777,12316500
2007-03-23,22.989999771118164,23.09000015258789,22.829999923706055,12.48629093170166,10638600
2007-03-26,22.959999084472656,22.959999084472656,22.6200008392334,12.431936264038086,10293600
2007-03-27,22.790000915527344,22.829999923706055,22.56999969482422,12.355830192565918,7429100
2007-03-28,22.549999237060547,22.600000381469727,22.31999969482422,12.187318801879883,9729000
2007-03-29,22.920000076293945,23.010000228881836,22.719999313354492,12.4482421875,8843400
2007-03-30,22.84000015258789,23.020000457763672,22.799999237060547,12.459113121032715,7637200
2007-04-02,22.760000228881836,22.780000686645508,22.540000915527344,12.339526176452637,12068800
2007-04-03,22.84000015258789,23.079999923706055,22.739999771118164,12.480856895446777,10252900
2007-04-04,23.3799991607666,23.389999389648438,23.15999984741211,12.687423706054688,11061200
2007-04-05,23.540000915527344,23.690000534057617,23.459999084472656,12.796143531799316,8728600
2007-04-09,23.700000762939453,23.719999313354492,23.329999923706055,12.796143531799316,7970600
2007-04-10,23.6200008392334,23.829999923706055,23.56999969482422,12.904861450195312,10262800
2007-04-11,23.790000915527344,23.809999465942383,23.329999923706055,12.709165573120117,10704200
2007-04-12,23.3799991607666,23.540000915527344,23.229999542236328,12.76352596282959,15535700
2007-04-13,23.700000762939453,23.8799991607666,23.520000457763672,12.932039260864258,7764700
2007-04-16,23.989999771118164,24.18000030517578,23.969999313354492,13.0625,11302200
2007-04-17,24.049999237060547,24.06999969482422,23.850000381469727,13.002707481384277,8763500
2007-04-18,23.799999237060547,24,23.610000610351562,12.9755277633667,12617900
2007-04-19,24.700000762939453,24.84000015258789,24.600000381469727,13.399527549743652,22460100
2007-04-20,25,25.229999542236328,24.799999237060547,13.616964340209961,17226000
2007-04-23,24.8799991607666,25.010000228881836,24.84000015258789,13.529989242553711,7214200
2007-04-24,25.139999389648438,25.15999984741211,24.899999618530273,13.63870906829834,9547400
2007-04-25,25.25,25.420000076293945,25.15999984741211,13.780038833618164,7564000
2007-04-26,25.559999465942383,25.75,25.459999084472656,13.959425926208496,9435700
2007-04-27,25.549999237060547,25.639999389648438,25.399999618530273,13.915940284729004,7252800
2007-04-30,25.399999618530273,25.59000015258789,25.25,13.72568130493164,9228600
2007-05-01,25.270000457763672,25.3700008392334,25.09000015258789,13.769169807434082,5822500
2007-05-02,25.709999084472656,25.8799991607666,25.68000030517578,13.97573184967041,9075400
2007-05-03,25.530000686645508,25.799999237060547,25.450000762939453,13.9376802444458,9056400
2007-05-04,25.3700008392334,25.479999542236328,25.239999771118164,14.112771034240723,7398100
2007-05-07,25.25,25.31999969482422,25.049999237060547,13.929346084594727,10991700
2007-05-08,24.920000076293945,24.920000076293945,24.739999771118164,13.807058334350586,13775300
2007-05-09,24.799999237060547,25.1299991607666,24.790000915527344,13.968252182006836,9178700
2007-05-10,24.93000030517578,25.030000686645508,24.420000076293945,13.590282440185547,9906900
2007-05-11,24.809999465942383,25.06999969482422,24.739999771118164,13.934904098510742,7728500
2007-05-14,26.219999313354492,26.219999313354492,25.850000381469727,14.429604530334473,18067000
2007-05-15,26.040000915527344,26.420000076293945,26.020000457763672,14.62414836883545,15268000
2007-05-16,26.75,26.809999465942383,26.5,14.81868839263916,7292700
2007-05-17,26.579999923706055,26.709999084472656,26.43000030517578,14.768659591674805,6375400
2007-05-18,26.850000381469727,27.100000381469727,26.790000915527344,15.029908180236816,11234300
2007-05-21,27.139999389648438,27.15999984741211,26.920000076293945,14.990998268127441,12282100
2007-05-22,26.729999542236328,26.729999542236328,26.3799991607666,14.690844535827637,9830400
2007-05-23,26.479999542236328,26.670000076293945,26.3700008392334,14.668612480163574,6262500
2007-05-24,26.549999237060547,26.59000015258789,26.110000610351562,14.596351623535156,9960700
2007-05-25,26.649999618530273,26.739999771118164,26.540000915527344,14.824247360229492,7403400
2007-05-29,26.709999084472656,26.770000457763672,26.40999984741211,14.713075637817383,5412000
2007-05-30,26.75,27.219999313354492,26.709999084472656,15.096609115600586,10773100
2007-05-31,27.5,27.56999969482422,27.219999313354492,15.218894004821777,16681300
2007-06-01,27.540000915527344,28.200000762939453,27.510000228881836,15.669124603271484,13150000
2007-06-04,28.299999237060547,28.559999465942383,28.290000915527344,15.84143352508545,9369300
2007-06-05,28.56999969482422,28.600000381469727,28.030000686645508,15.746942520141602,8229600
2007-06-06,28.450000762939453,28.520000457763672,28.110000610351562,15.685797691345215,5626500
2007-06-07,28.190000534057617,28.389999389648438,27.549999237060547,15.380088806152344,11649500
2007-06-08,27.829999923706055,28.18000030517578,27.760000228881836,15.59130859375,10203400
2007-06-11,28.139999389648438,28.440000534057617,28.06999969482422,15.735825538635254,7208400
2007-06-12,27.739999771118164,27.889999389648438,27.5,15.285594940185547,9142500
2007-06-13,27.760000228881836,28.15999984741211,27.719999313354492,15.613542556762695,7719400
2007-06-14,28.170000076293945,28.649999618530273,28.170000076293945,15.88590145111084,7106700
2007-06-15,28.940000534057617,29.1200008392334,28.799999237060547,16.124910354614258,7534300
2007-06-18,29.079999923706055,29.09000015258789,28.579999923706055,15.924810409545898,4946200
2007-06-19,28.6200008392334,28.65999984741211,28.280000686645508,15.902579307556152,7440000
2007-06-20,29.139999389648438,29.190000534057617,28.190000534057617,15.72470760345459,17143200
2007-06-21,27.75,28.049999237060547,27.56999969482422,15.563511848449707,12464000
2007-06-22,28.059999465942383,28.110000610351562,27.6299991607666,15.430112838745117,7130400
2007-06-25,27.6299991607666,27.920000076293945,27.459999084472656,15.33561897277832,9172000
2007-06-26,27.81999969482422,27.829999923706055,27.440000534057617,15.285594940185547,6217500
2007-06-27,27.420000076293945,27.719999313354492,27.350000381469727,15.374527931213379,5946200
2007-06-28,28.020000457763672,28.190000534057617,27.920000076293945,15.541281700134277,10424600
2007-06-29,28.260000228881836,28.270000457763672,27.940000534057617,15.624658584594727,8225800
2007-07-02,28.200000762939453,28.600000381469727,28.18000030517578,15.869229316711426,6659700
2007-07-03,29.110000610351562,29.229999542236328,29.049999237060547,16.191612243652344,4545400
2007-07-05,28.860000610351562,28.959999084472656,28.5,15.941485404968262,7226600
2007-07-06,28.84000015258789,29.030000686645508,28.760000228881836,16.074886322021484,5008800
2007-07-09,28.860000610351562,29.149999618530273,28.81999969482422,16.13602638244629,4248000
2007-07-10,28.950000762939453,29.139999389648438,28.760000228881836,15.9970703125,5888200
2007-07-11,28.799999237060547,28.93000030517578,28.719999313354492,16.041536331176758,9363500
2007-07-12,29.670000076293945,30,29.510000228881836,16.64739990234375,14152600
2007-07-13,30.280000686645508,30.309999465942383,29.81999969482422,16.625167846679688,8032800
2007-07-16,29.979999542236328,30.1200008392334,29.760000228881836,16.591814041137695,5970900
2007-07-17,29.989999771118164,30.229999542236328,29.899999618530273,16.71410369873047,6534400
2007-07-18,29.84000015258789,29.90999984741211,29.3799991607666,16.525117874145508,10365600
2007-07-19,29.809999465942383,30,29.75,16.53623390197754,6768500
2007-07-20,29.6200008392334,29.65999984741211,29.170000076293945,16.274991989135742,6802700
2007-07-23,29.059999465942383,29.139999389648438,28.920000076293945,16.119356155395508,6753900
2007-07-24,28.889999389648438,29.010000228881836,28.3799991607666,15.869229316711426,8033600
2007-07-25,28.610000610351562,28.65999984741211,28.010000228881836,15.646890640258789,12052600
2007-07-26,27.3700008392334,27.739999771118164,27.059999465942383,15.402320861816406,21109600
2007-07-27,28.209999084472656,28.760000228881836,27.5,15.541281700134277,13732900
2007-07-30,28.700000762939453,28.760000228881836,28.389999389648438,15.88590145111084,11670600
2007-07-31,28.940000534057617,29.170000076293945,28.5,15.919252395629883,9803000
2007-08-01,28.260000228881836,28.700000762939453,27.940000534057617,15.791410446166992,16401000
2007-08-02,30.56999969482422,30.950000762939453,30.329999923706055,17.175451278686523,30007600
2007-08-03,30.440000534057617,30.68000030517578,29.440000534057617,16.480649948120117,20059600
2007-08-06,29.93000030517578,30.229999542236328,29.59000015258789,16.769683837890625,13681700
2007-08-07,29.809999465942383,30.219999313354492,29.360000610351562,16.541793823242188,13637600
2007-08-08,30.479999542236328,31.149999618530273,30.420000076293945,17.119869232177734,15370500
2007-08-09,30.149999618530273,30.530000686645508,29.540000915527344,16.469533920288086,12307500
2007-08-10,29.440000534057617,30.020000457763672,29.139999389648438,16.619611740112305,14154100
2007-08-13,30.450000762939453,30.860000610351562,30.3799991607666,16.941997528076172,10182000
2007-08-14,30.489999771118164,30.559999465942383,29.780000686645508,16.586261749267578,8723700
2007-08-15,29.25,29.68000030517578,28.760000228881836,16.035980224609375,14071600
2007-08-16,28.399999618530273,28.65999984741211,27.350000381469727,15.785848617553711,20077300
2007-08-17,29.559999465942383,29.75,28.8799991607666,16.325016021728516,14756500
2007-08-20,29.8700008392334,29.90999984741211,29.18000030517578,16.463977813720703,10882600
2007-08-21,29.530000686645508,29.989999771118164,29.479999542236328,16.508440017700195,9054900
2007-08-22,30.520000457763672,30.68000030517578,30.360000610351562,16.969791412353516,12950200
2007-08-23,30.450000762939453,30.469999313354492,29.84000015258789,16.753013610839844,8483100
2007-08-24,30.5,30.969999313354492,30.450000762939453,17.214357376098633,6483400
2007-08-27,30.8799991607666,31.030000686645508,30.739999771118164,17.11430549621582,5544600
2007-08-28,30.6299991607666,30.729999542236328,29.940000534057617,16.68075180053711,5685900
2007-08-29,31.469999313354492,32.18000030517578,31.43000030517578,17.886924743652344,14009100
2007-08-30,32.5099983215332,32.849998474121094,32.150001525878906,18.048114776611328,19029200
2007-08-31,33.130001068115234,33.13999938964844,32.779998779296875,18.276012420654297,6766800
2007-09-04,32.86000061035156,33.77000045776367,32.81999969482422,18.67621612548828,7781400
2007-09-05,33.58000183105469,33.599998474121094,32.959999084472656,18.548370361328125,10672300
2007-09-06,33.84000015258789,34.36000061035156,33.70000076293945,19.015281677246094,16431600
2007-09-07,34.029998779296875,34.2400016784668,33.619998931884766,18.865201950073242,8572000
2007-09-10,34.619998931884766,34.709999084472656,33.70000076293945,18.926347732543945,9864600
2007-09-11,34.56999969482422,34.79999923706055,34.43000030517578,19.226499557495117,13974900
2007-09-12,33.84000015258789,33.95000076293945,33.59000015258789,18.715126037597656,13901600
2007-09-13,33.9900016784668,34,33.72999954223633,18.831851959228516,9534900
2007-09-14,33.79999923706055,33.849998474121094,33.5,18.692893981933594,7701600
2007-09-17,34.41999816894531,34.52000045776367,33.91999816894531,18.959697723388672,10834600
2007-09-18,34.599998474121094,36.02000045776367,34.38999938964844,19.976879119873047,15181200
2007-09-19,36.34000015258789,37.04999923706055,36.33000183105469,20.332624435424805,19913200
2007-09-20,36.7400016784668,37.20000076293945,36.54999923706055,20.449344635009766,10299500
2007-09-21,37.060001373291016,37.15999984741211,36.720001220703125,20.593868255615234,8860300
2007-09-24,36.75,36.86000061035156,36.400001525878906,20.321504592895508,8339000
2007-09-25,36.45000076293945,36.970001220703125,36.36000061035156,20.499374389648438,9004600
2007-09-26,37.560001373291016,37.790000915527344,37.27000045776367,20.805086135864258,12055400
2007-09-27,37.95000076293945,38.060001373291016,37.65999984741211,21.088560104370117,7891800
2007-09-28,38.0099983215332,38.040000915527344,37.619998931884766,21.0830020904541,11621900
2007-10-01,36.7400016784668,38.22999954223633,36.7400016784668,21.099681854248047,22854000
2007-10-02,37.20000076293945,37.4900016784668,36.939998626708984,20.72170639038086,12146000
2007-10-03,36.83000183105469,36.9900016784668,36.540000915527344,20.371530532836914,10991500
2007-10-04,35.95000076293945,36.439998626708984,35.650001525878906,20.199216842651367,13042700
2007-10-05,36.7400016784668,36.86000061035156,36.38999938964844,20.304826736450195,15464300
2007-10-08,36.029998779296875,36.2599983215332,35.90999984741211,20.143638610839844,6242500
2007-10-09,35.86000061035156,36.2400016784668,35.63999938964844,20.12139892578125,17325400
2007-10-10,36.529998779296875,36.88999938964844,36.38999938964844,20.410432815551758,12552300
2007-10-11,38.02000045776367,38.4900016784668,37.41999816894531,20.843992233276367,16876900
2007-10-12,37.029998779296875,37.31999969482422,36.939998626708984,20.732826232910156,14365100
2007-10-15,37.0099983215332,37.029998779296875,36.20000076293945,20.254804611206055,9138800
2007-10-16,36.11000061035156,36.369998931884766,35.08000183105469,19.626707077026367,25951700
2007-10-17,35.88999938964844,36.709999084472656,35.599998474121094,20.304826736450195,18206200
2007-10-18,38.04999923706055,38.119998931884766,37.349998474121094,20.921810150146484,36519100
2007-10-19,37.59000015258789,37.599998474121094,36.65999984741211,20.44378662109375,16623500
2007-10-22,36.779998779296875,37.33000183105469,36.66999816894531,20.738380432128906,9602800
2007-10-23,38.08000183105469,38.4900016784668,37.81999969482422,21.383155822753906,14013900
2007-10-24,38.720001220703125,38.86000061035156,37.880001068115234,21.599939346313477,14707400
2007-10-25,38.779998779296875,39.16999816894531,38.650001525878906,21.733333587646484,10693600
2007-10-26,39.900001525878906,39.93000030517578,39.349998474121094,21.99458122253418,13449500
2007-10-29,39.290000915527344,39.91999816894531,39.060001373291016,22.183563232421875,11554900
2007-10-30,39.369998931884766,39.70000076293945,39.220001220703125,21.922321319580078,11178200
2007-10-31,39.119998931884766,39.849998474121094,39.060001373291016,22.077960968017578,9278400
2007-11-01,39.75,39.75,38.880001068115234,21.66107940673828,9660800
2007-11-02,39.209999084472656,39.79999923706055,38.95000076293945,22.072397232055664,10823800
2007-11-05,39.369998931884766,39.709999084472656,39.18000030517578,21.950111389160156,11632100
2007-11-06,40.59000015258789,41.189998626708984,40.5,22.845014572143555,13254300
2007-11-07,41.70000076293945,42.220001220703125,40.81999969482422,22.750524520874023,13672700
2007-11-08,40.75,40.79999923706055,38.61000061035156,22.278060913085938,17205100
2007-11-09,39.040000915527344,39.099998474121094,37.83000183105469,21.088560104370117,19468000
2007-11-12,37.79999923706055,37.970001220703125,36.63999938964844,20.493818283081055,17910300
2007-11-13,37.900001525878906,38.90999984741211,37.72999954223633,21.56658172607422,15046800
2007-11-14,39.4900016784668,39.540000915527344,38.349998474121094,21.388717651367188,12451600
2007-11-15,38.06999969482422,38.61000061035156,37.7599983215332,21.160818099975586,11152900
2007-11-16,38.41999816894531,38.54999923706055,37.54999923706055,21.3220157623291,12682000
2007-11-19,38.86000061035156,38.959999084472656,38.029998779296875,21.25531768798828,7750500
2007-11-20,39.599998474121094,39.599998474121094,37.95000076293945,21.599939346313477,12964200
2007-11-21,38.33000183105469,38.41999816894531,37.06999969482422,20.960712432861328,11274900
2007-11-23,38.380001068115234,38.79999923706055,38.220001220703125,21.48876190185547,3907200
2007-11-26,39.279998779296875,39.45000076293945,38.15999984741211,21.221961975097656,8786700
2007-11-27,37.959999084472656,38.18000030517578,37.41999816894531,21.221961975097656,11808600
2007-11-28,39.02000045776367,40.29999923706055,39.02000045776367,22.26694679260254,12817400
2007-11-29,39.56999969482422,40.2400016784668,39.5099983215332,22.244709014892578,8904700
2007-11-30,40.380001068115234,40.4900016784668,39.15999984741211,21.861181259155273,10680400
2007-12-03,40.0099983215332,40.59000015258789,39.95000076293945,22.366992950439453,11617200
2007-12-04,39.11000061035156,39.150001525878906,38.560001373291016,21.633281707763672,17851300
2007-12-05,39.09000015258789,39.72999954223633,38.70000076293945,21.627727508544922,13952900
2007-12-06,39.08000183105469,39.119998931884766,38.34000015258789,21.677753448486328,14095700
2007-12-07,39.45000076293945,39.65999984741211,39,21.950111389160156,9559500
2007-12-10,39.97999954223633,40.290000915527344,39.79999923706055,22.222475051879883,5781400
2007-12-11,40.27000045776367,40.33000183105469,38.77000045776367,21.68330955505371,8386200
2007-12-12,40.08000183105469,40.189998626708984,39.369998931884766,21.98346519470215,10295200
2007-12-13,38.86000061035156,39.13999938964844,38.119998931884766,21.5721435546875,9606100
2007-12-14,37.75,38.310001373291016,37.630001068115234,20.999624252319336,8693400
2007-12-17,36.900001525878906,36.97999954223633,36.119998931884766,20.13807487487793,12616500
2007-12-18,36.31999969482422,36.650001525878906,35.400001525878906,20.277040481567383,12686600
2007-12-19,36.470001220703125,36.91999816894531,36.22999954223633,20.299266815185547,10181000
2007-12-20,36.970001220703125,37.90999984741211,36.970001220703125,20.927371978759766,15175700
2007-12-21,38.47999954223633,38.970001220703125,38.400001525878906,21.416505813598633,13982100
2007-12-24,38.90999984741211,38.939998626708984,38.38999938964844,21.39983558654785,3307700
2007-12-26,38.400001525878906,38.83000183105469,38,21.577699661254883,5478400
2007-12-27,39.369998931884766,39.38999938964844,38.52000045776367,21.511003494262695,10123400
2007-12-28,39.18000030517578,39.2400016784668,38.66999816894531,21.533233642578125,8625000
2007-12-31,38.599998474121094,38.70000076293945,38.119998931884766,21.33869171142578,5529800
2008-01-02,38.34000015258789,38.380001068115234,37.099998474121094,20.788410186767578,11473900
2008-01-03,38.09000015258789,38.2400016784668,37.400001525878906,21.199731826782227,9791200
2008-01-04,37.189998626708984,37.189998626708984,35.7400016784668,19.999107360839844,15597700
2008-01-07,36.13999938964844,36.22999954223633,34.20000076293945,19.27652931213379,18557000
2008-01-08,35.47999954223633,36.08000183105469,34.209999084472656,19.054187774658203,18097200
2008-01-09,34.189998626708984,34.36000061035156,33.060001373291016,19.009719848632812,22213500
2008-01-10,33.849998474121094,35.09000015258789,33.63999938964844,19.365459442138672,21583900
2008-01-11,34.77000045776367,35.060001373291016,33.540000915527344,18.798503875732422,22391200
2008-01-14,35.63999938964844,35.72999954223633,35.09000015258789,19.64337730407715,14902100
2008-01-15,35.63999938964844,35.66999816894531,34.650001525878906,19.43771743774414,12537800
2008-01-16,34.72999954223633,35.189998626708984,33.68000030517578,18.970815658569336,19795000
2008-01-17,34.11000061035156,34.34000015258789,32.709999084472656,18.376060485839844,20562300
2008-01-18,33.29999923706055,33.59000015258789,32.22999954223633,18.12038230895996,19051100
2008-01-22,30.049999237060547,31.940000534057617,29.5,17.6201229095459,20763400
2008-01-23,30.239999771118164,32.72999954223633,29.6200008392334,18.025888442993164,55694000
2008-01-24,34.59000015258789,36.59000015258789,34.47999954223633,20.277040481567383,49032600
2008-01-25,36.41999816894531,36.599998474121094,34.95000076293945,19.498859405517578,29936200
2008-01-28,34.310001373291016,34.79999923706055,34.060001373291016,19.22093963623047,14981200
2008-01-29,34.279998779296875,34.790000915527344,33.880001068115234,19.26540756225586,14529900
2008-01-30,34.959999084472656,36.220001220703125,34.709999084472656,19.660049438476562,19295300
2008-01-31,35.16999816894531,37.18000030517578,35.060001373291016,20.643892288208008,22998900
2008-02-01,37.11000061035156,37.7400016784668,36.83000183105469,20.910690307617188,15115200
2008-02-04,37.40999984741211,37.4900016784668,36.849998474121094,20.593868255615234,9490900
2008-02-05,35.77000045776367,35.91999816894531,34.619998931884766,19.27652931213379,18760300
2008-02-06,35.060001373291016,35.45000076293945,34.54999923706055,19.29876136779785,14727100
2008-02-07,33.900001525878906,35,33.849998474121094,19.226499557495117,15316700
2008-02-08,34.75,35.540000915527344,34.7400016784668,19.676734924316406,15536200
2008-02-11,35.54999923706055,36.290000915527344,35.18000030517578,20.082490921020508,12230200
2008-02-12,36.869998931884766,37.599998474121094,36.599998474121094,20.47713279724121,16022500
2008-02-13,36.90999984741211,37.369998931884766,36.4900016784668,20.710588455200195,13427600
2008-02-14,37.279998779296875,37.33000183105469,35.97999954223633,20.132516860961914,14818600
2008-02-15,35.939998626708984,36.18000030517578,35.58000183105469,20.071380615234375,8476700
2008-02-19,36.83000183105469,36.849998474121094,35.900001525878906,20.049144744873047,11123800
2008-02-20,35.959999084472656,36.880001068115234,35.70000076293945,20.404878616333008,9578400
2008-02-21,36.84000015258789,37.13999938964844,36.13999938964844,20.126956939697266,10670200
2008-02-22,36.4900016784668,36.84000015258789,35.900001525878906,20.47713279724121,8021300
2008-02-25,36.689998626708984,37.220001220703125,36.5099983215332,20.64944839477539,10072900
2008-02-26,37.0099983215332,38.31999969482422,37.0099983215332,21.1663818359375,14493800
2008-02-27,37.61000061035156,38.63999938964844,37.61000061035156,21.260868072509766,9743900
2008-02-28,38.06999969482422,38.25,37.56999969482422,21.066326141357422,10340700
2008-02-29,36.88999938964844,36.88999938964844,35.900001525878906,20.015790939331055,13528500
2008-03-03,35.650001525878906,35.77000045776367,35.13999938964844,19.84347915649414,14097200
2008-03-04,34.150001525878906,34.470001220703125,33.439998626708984,19.143123626708984,26118300
2008-03-05,34.599998474121094,35.220001220703125,34.31999969482422,19.348785400390625,17393300
2008-03-06,34.349998474121094,34.41999816894531,33.70000076293945,18.78738021850586,13258700
2008-03-07,33.20000076293945,33.709999084472656,32.58000183105469,18.37050437927246,19029100
2008-03-10,33.31999969482422,33.34000015258789,32.599998474121094,18.281572341918945,15057800
2008-03-11,31.670000076293945,32.34000015258789,31.049999237060547,17.93695068359375,40318200
2008-03-12,32.189998626708984,32.54999923706055,32.09000015258789,17.842456817626953,21162600
2008-03-13,31.469999313354492,32.790000915527344,31.280000686645508,18.164844512939453,18159300
2008-03-14,32.709999084472656,32.720001220703125,31.190000534057617,17.52562713623047,21631300
2008-03-17,30.6299991607666,31.440000534057617,30.40999984741211,17.28105926513672,15674900
2008-03-18,32.02000045776367,32.900001525878906,31.93000030517578,18.19819450378418,14773300
2008-03-19,30.84000015258789,31.18000030517578,29.239999771118164,16.302780151367188,43998800
2008-03-20,28.780000686645508,29.5,28.469999313354492,16.286109924316406,31355300
2008-03-24,29.25,30.969999313354492,29.25,16.841943740844727,16950900
2008-03-25,29.940000534057617,31.75,29.790000915527344,17.558982849121094,29180200
2008-03-26,32.08000183105469,32.119998931884766,31.15999984741211,17.46448516845703,13751100
2008-03-27,31.549999237060547,31.56999969482422,30.809999465942383,17.181007385253906,10407300
2008-03-28,31.3700008392334,31.790000915527344,31.06999969482422,17.36443519592285,13014200
2008-03-31,31.770000457763672,32.20000076293945,31.59000015258789,17.692380905151367,12858200
2008-04-01,33.56999969482422,33.720001220703125,33.220001220703125,18.615074157714844,22563400
2008-04-02,34,34.150001525878906,33.5099983215332,18.731800079345703,17141200
2008-04-03,33.58000183105469,33.95000076293945,33.459999084472656,18.770709991455078,16019700
2008-04-04,33.810001373291016,34.2400016784668,33.380001068115234,18.881879806518555,11045800
2008-04-07,34.849998474121094,34.900001525878906,33.75,18.90966796875,10272600
2008-04-08,33.38999938964844,33.97999954223633,33.349998474121094,18.74847412109375,10868200
2008-04-09,33.52000045776367,33.54999923706055,32.66999816894531,18.287128448486328,13797300
2008-04-10,33,33.25,32.61000061035156,18.242660522460938,13637900
2008-04-11,32.630001068115234,32.84000015258789,32.34000015258789,18.03144073486328,10289300
2008-04-14,32.369998931884766,32.47999954223633,32.08000183105469,17.898042678833008,10299700
2008-04-15,32.290000915527344,32.369998931884766,31.8799991607666,17.842456817626953,11864600
2008-04-16,33.189998626708984,33.83000183105469,32.900001525878906,18.726242065429688,15179000
2008-04-17,29.600000381469727,29.719999313354492,28.510000228881836,16.091562271118164,85932900
2008-04-18,29.170000076293945,29.219999313354492,28.549999237060547,16.119356155395508,25228100
2008-04-21,29.079999923706055,29.260000228881836,28.799999237060547,16.041536331176758,17476000
2008-04-22,28.760000228881836,28.899999618530273,28.510000228881836,15.91369342803955,12316300
2008-04-23,28.799999237060547,29.239999771118164,28.700000762939453,16.213844299316406,14880100
2008-04-24,28.6200008392334,28.809999465942383,28.280000686645508,15.89146614074707,20025900
2008-04-25,29.110000610351562,29.110000610351562,28.600000381469727,15.969282150268555,13696900
2008-04-28,29.1299991607666,29.68000030517578,28.950000762939453,16.402835845947266,19209600
2008-04-29,29.440000534057617,30.1299991607666,29.440000534057617,16.60849380493164,18354600
2008-04-30,30.059999465942383,30.780000686645508,29.84000015258789,16.71410369873047,18198500
2008-05-01,30.15999984741211,30.479999542236328,29.90999984741211,16.941997528076172,13373000
2008-05-02,30.110000610351562,30.18000030517578,29.399999618530273,16.55290985107422,25260600
2008-05-05,29.40999984741211,29.8799991607666,29.309999465942383,16.44173812866211,12993000
2008-05-06,29.260000228881836,29.709999084472656,29.170000076293945,16.475088119506836,12636200
2008-05-07,29.850000381469727,30.219999313354492,29.459999084472656,16.386152267456055,13640600
2008-05-08,29.6200008392334,29.81999969482422,29.43000030517578,16.519554138183594,11533700
2008-05-09,28.899999618530273,29.06999969482422,28.540000915527344,16.396034240722656,11502100
2008-05-12,28.760000228881836,28.780000686645508,28.31999969482422,16.355998992919922,16699800
2008-05-13,28.420000076293945,28.43000030517578,28.149999618530273,16.1386775970459,18414300
2008-05-14,28.09000015258789,28.600000381469727,28.059999465942383,16.1787166595459,25760900
2008-05-15,28.299999237060547,28.31999969482422,27.950000762939453,16.1787166595459,17840500
2008-05-16,29.190000534057617,29.25,28.8799991607666,16.681976318359375,21932100
2008-05-19,29.770000457763672,30.170000076293945,29.459999084472656,16.962196350097656,15075000
2008-05-20,29.739999771118164,29.739999771118164,29.25,16.910734176635742,13450100
2008-05-21,29.579999923706055,29.75,28.649999618530273,16.424619674682617,15863100
2008-05-22,28.809999465942383,29.079999923706055,28.729999542236328,16.550443649291992,11106200
2008-05-23,28.770000457763672,28.799999237060547,28.34000015258789,16.270217895507812,13626100
2008-05-27,28.06999969482422,28.290000915527344,27.959999084472656,16.1444034576416,14734900
2008-05-28,28.670000076293945,28.780000686645508,28.059999465942383,16.22446632385254,20596200
2008-05-29,28.010000228881836,28.209999084472656,27.729999542236328,16.024307250976562,15802000
2008-05-30,28.780000686645508,28.829999923706055,28.329999923706055,16.241622924804688,18914400
2008-06-02,28.15999984741211,28.219999313354492,27.670000076293945,15.95567798614502,15760000
2008-06-03,27.799999237060547,27.899999618530273,27.360000610351562,15.744074821472168,14358500
2008-06-04,27.389999389648438,27.6200008392334,27.010000228881836,15.503890991210938,15858600
2008-06-05,26.65999984741211,26.850000381469727,26.360000610351562,15.315162658691406,22793500
2008-06-06,26.719999313354492,26.760000228881836,26.079999923706055,14.943435668945312,16742200
2008-06-09,26.700000762939453,26.770000457763672,26.190000534057617,15.217942237854004,23162100
2008-06-10,25.979999542236328,26.219999313354492,25.700000762939453,14.754712104797363,21880500
2008-06-11,25.84000015258789,25.959999084472656,25.329999923706055,14.611740112304688,14286900
2008-06-12,25.940000534057617,26.239999771118164,25.5,14.737557411193848,16486300
2008-06-13,25.889999389648438,26.260000228881836,25.709999084472656,14.914838790893555,19322900
2008-06-16,25.65999984741211,25.760000228881836,25.40999984741211,14.577427864074707,13431100
2008-06-17,25.639999389648438,26.020000457763672,25.59000015258789,14.708959579467773,16906100
2008-06-18,25.459999084472656,25.610000610351562,25.260000228881836,14.531676292419434,10817400
2008-06-19,24.739999771118164,24.770000457763672,24.360000610351562,13.976943016052246,30491500
2008-06-20,23.899999618530273,24.489999771118164,23.610000610351562,13.891164779663086,25281200
2008-06-23,24.260000228881836,24.510000228881836,24.139999389648438,13.97122859954834,16960900
2008-06-24,24.34000015258789,24.979999542236328,24.15999984741211,14.10275936126709,17121600
2008-06-25,26.030000686645508,26.309999465942383,25.940000534057617,14.926280975341797,25781700
2008-06-26,25.790000915527344,25.809999465942383,24.969999313354492,14.331517219543457,17542300
2008-06-27,24.3799991607666,24.389999389648438,23.799999237060547,13.742469787597656,23673400
2008-06-30,24.209999084472656,24.700000762939453,24.149999618530273,14.011259078979492,13704100
2008-07-01,23.700000762939453,24.25,23.579999923706055,13.845409393310547,21437300
2008-07-02,24.149999618530273,24.260000228881836,23.579999923706055,13.536589622497559,17401000
2008-07-03,24.600000381469727,24.850000381469727,24,14.011259078979492,11965000
2008-07-07,25.190000534057617,25.299999237060547,24.270000457763672,14.051289558410645,15576800
2008-07-08,24.420000076293945,25.18000030517578,24.280000686645508,14.371542930603027,20763000
2008-07-09,25.40999984741211,25.510000228881836,24.850000381469727,14.234291076660156,16067600
2008-07-10,25.15999984741211,25.81999969482422,25.15999984741211,14.714680671691895,20501300
2008-07-11,25.65999984741211,26.329999923706055,25.25,14.874807357788086,20842800
2008-07-14,25.8700008392334,25.90999984741211,24.799999237060547,14.280048370361328,20381800
2008-07-15,24.75,25.309999465942383,24.280000686645508,14.21713924407959,22114100
2008-07-16,24.889999389648438,25.670000076293945,24.6200008392334,14.371542930603027,26981100
2008-07-17,27,27.5,26.809999465942383,15.618267059326172,39174000
2008-07-18,27.389999389648438,27.829999923706055,27.18000030517578,15.732645988464355,21761800
2008-07-21,27.610000610351562,27.65999984741211,27.149999618530273,15.623981475830078,9390700
2008-07-22,26.360000610351562,26.770000457763672,26.260000228881836,15.309444427490234,21505100
2008-07-23,26.520000457763672,26.84000015258789,26.40999984741211,15.269411087036133,11745300
2008-07-24,27.610000610351562,27.969999313354492,27.190000534057617,15.606827735900879,22288900
2008-07-25,28.049999237060547,28.34000015258789,27.81999969482422,16.087209701538086,14884900
2008-07-28,28.1200008392334,28.239999771118164,27.540000915527344,15.789828300476074,10066600
2008-07-29,27.489999771118164,27.899999618530273,27.479999542236328,15.93852424621582,7979300
2008-07-30,27.75,27.93000030517578,27.239999771118164,15.852734565734863,9868200
2008-07-31,27.219999313354492,27.65999984741211,27.170000076293945,15.623981475830078,13284900
2008-08-01,27.270000457763672,27.31999969482422,26.770000457763672,15.50960636138916,8741800
2008-08-04,27.579999923706055,27.850000381469727,27.200000762939453,15.652576446533203,9791700
2008-08-05,27.739999771118164,27.8700008392334,27.579999923706055,15.892770767211914,11114400
2008-08-06,27.899999618530273,27.989999771118164,27.639999389648438,15.978556632995605,8302300
2008-08-07,27.389999389648438,27.389999389648438,26.93000030517578,15.48100757598877,9463200
2008-08-08,26.209999084472656,27.170000076293945,26.209999084472656,15.48100757598877,9426400
2008-08-11,26.889999389648438,27.3700008392334,26.850000381469727,15.469572067260742,9523600
2008-08-12,26.790000915527344,26.81999969482422,26.420000076293945,15.19506549835205,9516300
2008-08-13,25.950000762939453,26.010000228881836,25.309999465942383,14.794744491577148,13826900
2008-08-14,25.31999969482422,26.280000686645508,25.290000915527344,14.840498924255371,13126400
2008-08-15,25.780000686645508,25.8700008392334,25.309999465942383,14.56598949432373,18156000
2008-08-18,25.40999984741211,25.530000686645508,24.989999771118164,14.463050842285156,11268600
2008-08-19,24.940000534057617,25.110000610351562,24.670000076293945,14.348673820495605,12935900
2008-08-20,25.049999237060547,25.260000228881836,24.90999984741211,14.417299270629883,11318100
2008-08-21,25.15999984741211,25.700000762939453,25.139999389648438,14.640331268310547,15195900
2008-08-22,25.540000915527344,26.399999618530273,25.540000915527344,15.04637622833252,16382800
2008-08-25,25.829999923706055,26.010000228881836,25.3799991607666,14.708959579467773,10093800
2008-08-26,26.010000228881836,26.280000686645508,25.8700008392334,14.891963958740234,10188600
2008-08-27,25.8799991607666,26.079999923706055,25.700000762939453,14.840498924255371,8460500
2008-08-28,25.68000030517578,25.889999389648438,25.600000381469727,14.777586936950684,7756600
2008-08-29,24.969999313354492,25.360000610351562,24.950000762939453,14.394423484802246,11779400
2008-09-02,24.649999618530273,25.020000457763672,24.260000228881836,13.98266315460205,16424400
2008-09-03,23.6299991607666,23.65999984741211,23.209999084472656,13.456527709960938,27516900
2008-09-04,22.93000030517578,23.049999237060547,22.239999771118164,12.758824348449707,20223800
2008-09-05,19.25,20.649999618530273,19.25,11.792333602905273,63482200
2008-09-08,20.149999618530273,20.360000610351562,18.84000015258789,11.374853134155273,35681900
2008-09-09,19.43000030517578,20.100000381469727,19.399999618530273,11.277631759643555,47256900
2008-09-10,20.1200008392334,20.290000915527344,19.899999618530273,11.46635627746582,21916700
2008-09-11,19.899999618530273,20.65999984741211,19.700000762939453,11.786611557006836,22970200
2008-09-12,20.600000381469727,20.850000381469727,20.43000030517578,11.809488296508789,12675000
2008-09-15,20.100000381469727,20.510000228881836,19.969999313354492,11.483513832092285,22093900
2008-09-16,19.600000381469727,20.559999465942383,19.549999237060547,11.65507698059082,18213900
2008-09-17,19.56999969482422,19.899999618530273,18.690000534057617,11.123223304748535,20682900
2008-09-18,19.860000610351562,20.25,18.8799991607666,11.477795600891113,20284600
2008-09-19,21.219999313354492,21.520000457763672,20.579999923706055,12.2212495803833,26412700
2008-09-22,20.8799991607666,20.940000534057617,19.889999389648438,11.42060375213623,14279000
2008-09-23,20.1200008392334,20.329999923706055,19.690000534057617,11.34054183959961,12972000
2008-09-24,20.510000228881836,20.540000915527344,19.84000015258789,11.392010688781738,10214600
2008-09-25,20.40999984741211,20.670000076293945,20.059999465942383,11.5750150680542,13894300
2008-09-26,19.559999465942383,20,19.280000686645508,11.25475788116455,15307000
2008-09-29,18.90999984741211,18.979999542236328,17.219999313354492,10.065229415893555,20518900
2008-09-30,18.100000381469727,18.670000076293945,18,10.665712356567383,14769100
2008-10-01,18.420000076293945,18.8700008392334,18.059999465942383,10.57992935180664,13170500
2008-10-02,17.84000015258789,17.889999389648438,17.239999771118164,10.008042335510254,17788500
2008-10-03,17.8700008392334,18.459999084472656,17.75,10.151012420654297,26215700
2008-10-06,16.950000762939453,16.979999542236328,15.739999771118164,9.550528526306152,32323000
2008-10-07,17.459999084472656,17.6200008392334,16.690000534057617,9.54481315612793,27310400
2008-10-08,16.56999969482422,17.520000457763672,16.350000381469727,9.499062538146973,32967500
2008-10-09,17.329999923706055,17.389999389648438,15.869999885559082,9.26458740234375,20652900
2008-10-10,15.149999618530273,16.81999969482422,14.800000190734863,8.99579906463623,33460000
2008-10-13,16.350000381469727,17.520000457763672,16,9.790724754333496,25160400
2008-10-14,18.020000457763672,18.100000381469727,16.950000762939453,9.91654109954834,31192700
2008-10-15,16.600000381469727,16.770000457763672,15,8.641228675842285,37125700
2008-10-16,15.779999732971191,16.780000686645508,14.699999809265137,9.476187705993652,39912200
2008-10-17,16.25,17.440000534057617,16.059999465942383,9.624876022338867,26314000
2008-10-20,17.920000076293945,18.100000381469727,17.420000076293945,10.265393257141113,23074300
2008-10-21,17.100000381469727,17.5,16.889999389648438,9.693501472473145,24480200
2008-10-22,16.219999313354492,16.299999237060547,14.850000381469727,8.761324882507324,15955500
2008-10-23,15.369999885559082,16.260000228881836,15.0600004196167,9.115898132324219,18211100
2008-10-24,14.229999542236328,16.18000030517578,14.1899995803833,8.829952239990234,18793400
2008-10-27,14.609999656677246,15.600000381469727,14.59000015258789,8.429630279541016,19808600
2008-10-28,14.829999923706055,16.059999465942383,14.119999885559082,9.155927658081055,34084200
2008-10-29,15.930000305175781,16.469999313354492,15.550000190734863,8.972925186157227,20903400
2008-10-30,16.770000457763672,16.850000381469727,16,9.493342399597168,20395100
2008-10-31,15.8100004196167,15.850000381469727,15.010000228881836,8.681260108947754,33462300
2008-11-03,15.699999809265137,16.049999237060547,15.630000114440918,9.047270774841309,15576700
2008-11-04,16.700000762939453,17.049999237060547,16.360000610351562,9.573407173156738,16606100
2008-11-05,16.5,16.860000610351562,16.049999237060547,9.21883773803711,16559900
2008-11-06,15.789999961853027,15.989999771118164,14.510000228881836,8.412474632263184,17717900
2008-11-07,14.869999885559082,15.449999809265137,14.739999771118164,8.749887466430664,17606200
2008-11-10,15.899999618530273,15.899999618530273,14.649999618530273,8.492538452148438,17914900
2008-11-11,14.479999542236328,14.539999961853027,13.470000267028809,7.920648574829102,20475300
2008-11-12,13.329999923706055,13.4399995803833,12.550000190734863,7.274418354034424,23936300
2008-11-13,12.930000305175781,14.170000076293945,12.479999542236328,8.092215538024902,26881700
2008-11-14,12.430000305175781,13.149999618530273,12.220000267028809,7.200070381164551,52370500
2008-11-17,12.859999656677246,13.149999618530273,12.539999961853027,7.240102767944336,20773700
2008-11-18,12.989999771118164,13.5,12.779999732971191,7.617549419403076,18616200
2008-11-19,13.699999809265137,14.050000190734863,12.869999885559082,7.423107147216797,33031300
2008-11-20,13.039999961853027,13.470000267028809,12.140000343322754,7.06281852722168,20278300
2008-11-21,13.109999656677246,13.15999984741211,12.079999923706055,7.394513130187988,21753900
2008-11-24,13.079999923706055,14,12.970000267028809,7.846304416656494,18163900
2008-11-25,14.329999923706055,14.369999885559082,13.800000190734863,8.115090370178223,26285500
2008-11-26,14.100000381469727,14.65999984741211,14.039999961853027,8.361005783081055,14685200
2008-11-28,14.069999694824219,14.300000190734863,13.920000076293945,8.103655815124512,7081800
2008-12-01,13.520000457763672,13.579999923706055,13.050000190734863,7.480297088623047,12870600
2008-12-02,13.420000076293945,13.890000343322754,13.25,7.800553798675537,19996500
2008-12-03,13.149999618530273,13.479999542236328,12.899999618530273,7.606113910675049,25234200
2008-12-04,13.729999542236328,14.220000267028809,13.520000457763672,7.909211158752441,18239800
2008-12-05,13.460000038146973,13.520000457763672,12.869999885559082,7.657581329345703,19290100
2008-12-08,13.979999542236328,14.460000038146973,13.899999618530273,8.200873374938965,22109500
2008-12-09,14.670000076293945,14.960000038146973,14.449999809265137,8.372442245483398,19895500
2008-12-10,15.050000190734863,15.460000038146973,14.869999885559082,8.704136848449707,18054500
2008-12-11,15.279999732971191,15.65999984741211,15.010000228881836,8.704136848449707,16665900
2008-12-12,14.970000267028809,15.470000267028809,14.850000381469727,8.789920806884766,11483200
2008-12-15,15.5,15.550000190734863,15.029999732971191,8.755608558654785,13592600
2008-12-16,15.6899995803833,16.350000381469727,15.520000457763672,9.327491760253906,21836000
2008-12-17,16.139999389648438,16.729999542236328,16.020000457763672,9.441873550415039,16457500
2008-12-18,16.579999923706055,16.579999923706055,15.670000076293945,9.064427375793457,16388400
2008-12-19,16.15999984741211,16.200000762939453,15.4399995803833,8.972925186157227,12943400
2008-12-22,15.529999732971191,15.59000015258789,15.119999885559082,8.755608558654785,11391800
2008-12-23,15.430000305175781,15.729999542236328,15.100000381469727,8.681260108947754,12183700
2008-12-24,15.010000228881836,15.180000305175781,14.869999885559082,8.601195335388184,2713900
2008-12-26,15.050000190734863,15.479999542236328,14.979999542236328,8.841391563415527,4385000
2008-12-29,15.279999732971191,15.319999694824219,14.84000015258789,8.572601318359375,7816900
2008-12-30,15.319999694824219,15.800000190734863,15.199999809265137,9.018674850463867,8973600
2008-12-31,15.449999809265137,15.9399995803833,15.449999809265137,8.921454429626465,10274800
2009-01-02,15.569999694824219,16.040000915527344,15.4399995803833,9.138769149780273,8119200
2009-01-05,15.920000076293945,16.170000076293945,15.670000076293945,9.10445785522461,11639000
2009-01-06,16.030000686645508,16.3799991607666,15.859999656677246,9.270305633544922,10237800
2009-01-07,15.819999694824219,16.040000915527344,15.470000267028809,8.955768585205078,19023100
2009-01-08,15.319999694824219,15.40999984741211,14.899999618530273,8.789920806884766,16105300
2009-01-09,15.430000305175781,15.579999923706055,15.079999923706055,8.698416709899902,16399000
2009-01-12,15.25,15.270000457763672,14.630000114440918,8.435349464416504,15653100
2009-01-13,14.420000076293945,14.65999984741211,14.039999961853027,8.183716773986816,18462800
2009-01-14,13.680000305175781,13.850000381469727,13.399999618530273,7.714767932891846,28620400
2009-01-15,13.6899995803833,14.170000076293945,13.25,8.035027503967285,22057400
2009-01-16,14.270000457763672,14.34000015258789,13.829999923706055,8.012153625488281,25373100
2009-01-20,13.670000076293945,13.6899995803833,12.9399995803833,7.400232315063477,21726800
2009-01-21,13.1899995803833,13.770000457763672,12.979999542236328,7.8405842781066895,21189500
2009-01-22,12.010000228881836,12.449999809265137,11.880000114440918,7.034224510192871,55535400
2009-01-23,11.800000190734863,12.40999984741211,11.75,6.977034091949463,25615500
2009-01-26,12.289999961853027,12.380000114440918,11.729999542236328,6.805467128753662,23772400
2009-01-27,12.550000190734863,12.739999771118164,12.390000343322754,7.1829142570495605,18258100
2009-01-28,13.149999618530273,13.239999771118164,12.770000457763672,7.423107147216797,24216500
2009-01-29,12.579999923706055,12.640000343322754,12.130000114440918,6.994190216064453,18059000
2009-01-30,12.399999618530273,12.510000228881836,12.180000305175781,7.017067909240723,12872900
2009-02-02,12.130000114440918,12.319999694824219,11.920000076293945,6.879812240600586,22848200
2009-02-03,12.100000381469727,12.609999656677246,11.960000038146973,7.1657586097717285,29809800
2009-02-04,12.479999542236328,12.960000038146973,12.420000076293945,7.274418354034424,28709900
2009-02-05,12.59000015258789,13.270000457763672,12.489999771118164,7.463140487670898,47014900
2009-02-06,13.029999732971191,13.539999961853027,13.029999732971191,7.6232686042785645,36388800
2009-02-09,13.399999618530273,13.460000038146973,13.15999984741211,7.560360431671143,15683300
2009-02-10,12.850000381469727,12.989999771118164,12.479999542236328,7.171477317810059,27984300
2009-02-11,12.609999656677246,12.670000076293945,12.170000076293945,7.09713077545166,23104400
2009-02-12,12.149999618530273,12.449999809265137,12.029999732971191,7.11428689956665,19944400
2009-02-13,12.34000015258789,12.510000228881836,11.989999771118164,6.896971225738525,25498300
2009-02-17,11.350000381469727,11.399999618530273,11.0600004196167,6.365115642547607,29139100
2009-02-18,11.380000114440918,11.390000343322754,10.90999984741211,6.307925701141357,27243400
2009-02-19,11.039999961853027,11.069999694824219,10.579999923706055,6.084888935089111,22916200
2009-02-20,10.270000457763672,10.510000228881836,10.09000015258789,5.919041633605957,25584600
2009-02-23,10.460000038146973,10.460000038146973,9.979999542236328,5.730319023132324,17689300
2009-02-24,9.920000076293945,10.170000076293945,9.770000457763672,5.804663181304932,28803600
2009-02-25,9.960000038146973,10.09000015258789,9.649999618530273,5.661691665649414,19269000
2009-02-26,9.829999923706055,9.890000343322754,9.470000267028809,5.4443745613098145,22458700
2009-02-27,9.34000015258789,9.649999618530273,9.220000267028809,5.352871894836426,25023900
2009-03-02,9.109999656677246,9.199999809265137,8.6899995803833,4.998301029205322,27522500
2009-03-03,9.319999694824219,9.390000343322754,9.149999618530273,5.27852725982666,31246800
2009-03-04,9.489999771118164,9.619999885559082,9.270000457763672,5.398622989654541,26716100
2009-03-05,9.199999809265137,9.449999809265137,9.010000228881836,5.209901332855225,21121700
2009-03-06,9.010000228881836,9.170000076293945,8.520000457763672,4.998301029205322,16477100
2009-03-09,8.489999771118164,8.989999771118164,8.470000267028809,5.009739875793457,17932500
2009-03-10,9.3100004196167,9.800000190734863,9.25,5.553033351898193,25002500
2009-03-11,10.550000190734863,10.619999885559082,9.960000038146973,5.844696521759033,30765800
2009-03-12,10.680000305175781,11.0600004196167,10.5600004196167,6.3136444091796875,30721000
2009-03-13,10.84000015258789,10.949999809265137,10.609999656677246,6.239299297332764,21542800
2009-03-16,11.399999618530273,11.739999771118164,11.270000457763672,6.490930557250977,28093200
2009-03-17,11.140000343322754,11.489999771118164,11.029999732971191,6.565274715423584,15141300
2009-03-18,11.319999694824219,11.84000015258789,11.270000457763672,6.771154880523682,24024300
2009-03-19,12.140000343322754,12.1899995803833,11.920000076293945,6.879812240600586,18178300
2009-03-20,11.359999656677246,11.550000190734863,11.050000190734863,6.353675365447998,23735400
2009-03-23,11.289999961853027,11.84000015258789,11.229999542236328,6.771154880523682,14684500
2009-03-24,11.789999961853027,12.100000381469727,11.729999542236328,6.77687406539917,16034800
2009-03-25,11.9399995803833,12.359999656677246,11.869999885559082,6.965596675872803,19897500
2009-03-26,11.84000015258789,12.279999732971191,11.800000190734863,6.9198455810546875,17084100
2009-03-27,11.75,11.850000381469727,11.619999885559082,6.742559909820557,9892300
2009-03-30,11.239999771118164,11.289999961853027,11.010000228881836,6.433740615844727,13812900
2009-03-31,11.489999771118164,11.899999618530273,11.479999542236328,6.673933506011963,17983100
2009-04-01,11.479999542236328,12.1899995803833,11.460000038146973,6.925565719604492,18557300
2009-04-02,12.779999732971191,13.619999885559082,12.699999809265137,7.537484645843506,28020900
2009-04-03,13.010000228881836,13.180000305175781,12.649999618530273,7.526046276092529,13514100
2009-04-06,13.050000190734863,13.329999923706055,12.930000305175781,7.600395679473877,17699300
2009-04-07,12.520000457763672,12.710000038146973,12.460000038146973,7.228665351867676,15373700
2009-04-08,12.8100004196167,13.3100004196167,12.770000457763672,7.583236217498779,19197800
2009-04-09,13.5600004196167,13.8100004196167,13.5,7.892055988311768,18295600
2009-04-13,13.4399995803833,14.130000114440918,13.4399995803833,8.023591041564941,13467100
2009-04-14,13.699999809265137,14.079999923706055,13.600000381469727,7.892055988311768,14106900
2009-04-15,13.329999923706055,13.539999961853027,13,7.640425682067871,25615300
2009-04-16,14.920000076293945,14.9399995803833,14.369999885559082,8.50969409942627,43969800
2009-04-17,14.829999923706055,15.130000114440918,14.699999809265137,8.561165809631348,18785100
2009-04-20,14.770000457763672,14.779999732971191,14.34000015258789,8.212309837341309,17928300
2009-04-21,14.3100004196167,14.920000076293945,14.270000457763672,8.521134376525879,16486900
2009-04-22,14.489999771118164,14.960000038146973,14.449999809265137,8.36672306060791,15810100
2009-04-23,15,15.029999732971191,14.520000457763672,8.46394157409668,15770400
2009-04-24,14.199999809265137,14.319999694824219,13.920000076293945,8.313119888305664,26924900
2009-04-27,13.600000381469727,13.819999694824219,13.359999656677246,8.004344940185547,18845500
2009-04-28,13.220000267028809,13.390000343322754,13.09000015258789,7.826208114624023,18759000
2009-04-29,13.479999542236328,14.069999694824219,13.449999809265137,8.247803688049316,15037000
2009-04-30,14.3100004196167,14.510000228881836,13.869999885559082,8.39625072479248,18054000
2009-05-01,13.729999542236328,14.380000114440918,13.729999542236328,8.491256713867188,10528600
2009-05-04,14.75,15.420000076293945,14.720000267028809,9.1563081741333,15841700
2009-05-05,15.34000015258789,15.399999618530273,14.680000305175781,8.746589660644531,21880900
2009-05-06,15.390000343322754,15.390000343322754,14.819999694824219,9.01379680633545,9972500
2009-05-07,15.3100004196167,15.350000381469727,14.300000190734863,8.592204093933105,12522600
2009-05-08,14.779999732971191,14.920000076293945,14.220000267028809,8.758464813232422,14402600
2009-05-11,14.289999961853027,14.4399995803833,14.09000015258789,8.509072303771973,8939900
2009-05-12,14.289999961853027,14.3100004196167,13.710000038146973,8.289366722106934,15180500
2009-05-13,13.880000114440918,13.90999984741211,13.420000076293945,8.028099060058594,23626800
2009-05-14,13.550000190734863,14,13.539999961853027,8.218111991882324,10013400
2009-05-15,14.300000190734863,14.479999542236328,13.960000038146973,8.372499465942383,17031800
2009-05-18,14.300000190734863,14.649999618530273,14.300000190734863,8.687210083007812,16208800
2009-05-19,15.029999732971191,15.369999885559082,14.869999885559082,9.037548065185547,16003700
2009-05-20,15.550000190734863,15.649999618530273,15.100000381469727,9.007859230041504,19548400
2009-05-21,14.819999694824219,14.9399995803833,14.550000190734863,8.871286392211914,17741400
2009-05-22,15.149999618530273,15.149999618530273,14.640000343322754,8.705024719238281,14571000
2009-05-26,14.430000305175781,15.130000114440918,14.40999984741211,8.835658073425293,16716700
2009-05-27,15.180000305175781,15.319999694824219,14.779999732971191,8.906913757324219,16561400
2009-05-28,15.380000114440918,15.479999542236328,14.949999809265137,9.138495445251465,14874800
2009-05-29,15.619999885559082,15.630000114440918,15.119999885559082,9.085052490234375,14743800
2009-06-01,15.949999809265137,16.420000076293945,15.779999732971191,9.601654052734375,16824000
2009-06-02,16.399999618530273,16.579999923706055,16.100000381469727,9.589776992797852,31205900
2009-06-03,15.729999542236328,15.779999732971191,15.140000343322754,9.085052490234375,31545300
2009-06-04,15.489999771118164,15.600000381469727,15.140000343322754,9.108803749084473,14710500
2009-06-05,15.59000015258789,15.619999885559082,15.079999923706055,9.037548065185547,15656300
2009-06-08,15.069999694824219,15.430000305175781,14.970000267028809,9.085052490234375,11637400
2009-06-09,15.869999885559082,16.010000228881836,15.65999984741211,9.411641120910645,20134600
2009-06-10,16.15999984741211,16.18000030517578,15.720000267028809,9.447265625,16372400
2009-06-11,15.829999923706055,16.139999389648438,15.800000190734863,9.47695541381836,12687900
2009-06-12,15.6899995803833,15.6899995803833,15.350000381469727,9.31069278717041,14990500
2009-06-15,15.279999732971191,15.3100004196167,14.760000228881836,8.883162498474121,15521500
2009-06-16,15.170000076293945,15.199999809265137,14.720000267028809,8.782217025756836,14944700
2009-06-17,14.899999618530273,14.949999809265137,14.529999732971191,8.79409408569336,13647300
2009-06-18,14.789999961853027,15.010000228881836,14.619999885559082,8.800030708312988,14026900
2009-06-19,14.739999771118164,14.890000343322754,14.359999656677246,8.710962295532227,21696700
2009-06-22,14.470000267028809,14.489999771118164,14.010000228881836,8.360624313354492,15269000
2009-06-23,14.529999732971191,14.539999961853027,14.15999984741211,8.586265563964844,17847300
2009-06-24,14.760000228881836,14.930000305175781,14.520000457763672,8.681273460388184,17932800
2009-06-25,14.430000305175781,14.720000267028809,14.329999923706055,8.72283935546875,15841500
2009-06-26,14.899999618530273,15,14.779999732971191,8.800030708312988,12535100
2009-06-29,15.050000190734863,15.109999656677246,14.90999984741211,8.912854194641113,13988800
2009-06-30,15.149999618530273,15.149999618530273,14.5,8.657519340515137,23645800
2009-07-01,14.920000076293945,15.029999732971191,14.720000267028809,8.770340919494629,18393300
2009-07-02,14.6899995803833,14.770000457763672,14.460000038146973,8.645646095275879,11924000
2009-07-06,14.289999961853027,14.5,14.25,8.568450927734375,13543500
2009-07-07,14.489999771118164,14.550000190734863,14.170000076293945,8.443755149841309,17785500
2009-07-08,14.229999542236328,14.300000190734863,13.899999618530273,8.41406536102295,17335000
2009-07-09,14.420000076293945,14.5,14.199999809265137,8.479382514953613,14406700
2009-07-10,14.15999984741211,14.300000190734863,13.930000305175781,8.420002937316895,13305800
2009-07-13,14.489999771118164,14.9399995803833,14.329999923706055,8.805968284606934,20974100
2009-07-14,14.779999732971191,14.819999694824219,14.350000381469727,8.73471450805664,25134600
2009-07-15,15.359999656677246,15.770000457763672,15.239999771118164,9.31069278717041,33034500
2009-07-16,13.699999809265137,13.8100004196167,13.260000228881836,7.992471218109131,94473700
2009-07-17,13.039999961853027,13.390000343322754,12.829999923706055,7.9509053230285645,40332200
2009-07-20,13.25,13.399999618530273,12.850000381469727,7.654009819030762,47986000
2009-07-21,12.960000038146973,13,12.710000038146973,7.606504440307617,36663400
2009-07-22,12.609999656677246,13.1899995803833,12.539999961853027,7.719326019287109,40666800
2009-07-23,13.079999923706055,13.460000038146973,13.029999732971191,7.915278434753418,21957700
2009-07-24,13.180000305175781,13.300000190734863,12.989999771118164,7.838085174560547,20116800
2009-07-27,13.15999984741211,13.180000305175781,12.989999771118164,7.7905802726745605,21722800
2009-07-28,13.079999923706055,13.149999618530273,12.9399995803833,7.808393955230713,22239300
2009-07-29,13.0600004196167,13.149999618530273,12.920000076293945,7.719326019287109,21234900
2009-07-30,13.010000228881836,13.25,12.970000267028809,7.725265026092529,25482000
2009-07-31,13.15999984741211,13.489999771118164,13.079999923706055,7.921216011047363,23903000
2009-08-03,13.510000228881836,13.609999656677246,13.4399995803833,8.028099060058594,13688800
2009-08-04,13.470000267028809,13.529999732971191,13.279999732971191,7.921216011047363,14581200
2009-08-05,13.270000457763672,13.350000381469727,12.989999771118164,7.885589122772217,17116900
2009-08-06,13.279999732971191,13.319999694824219,13.119999885559082,7.849959850311279,13123400
2009-08-07,13.279999732971191,13.399999618530273,13.170000076293945,7.849959850311279,12312400
2009-08-10,13.239999771118164,13.270000457763672,13.100000381469727,7.844020843505859,8727100
2009-08-11,13.170000076293945,13.180000305175781,12.970000267028809,7.766829967498779,10402700
2009-08-12,13.130000114440918,13.359999656677246,13.109999656677246,7.832145690917969,18330500
2009-08-13,13.34000015258789,13.350000381469727,12.9399995803833,7.814331531524658,19006200
2009-08-14,13.130000114440918,13.170000076293945,12.899999618530273,7.737138748168945,16446900
2009-08-17,12.600000381469727,12.619999885559082,12.399999618530273,7.392739295959473,16927700
2009-08-18,12.470000267028809,12.550000190734863,12.399999618530273,7.428365707397461,15059700
2009-08-19,12.119999885559082,12.430000305175781,12.100000381469727,7.333359718322754,17421700
2009-08-20,12.279999732971191,12.289999961853027,12.119999885559082,7.273980140686035,19761800
2009-08-21,12.289999961853027,12.600000381469727,12.279999732971191,7.4164910316467285,14221900
2009-08-24,12.729999542236328,12.869999885559082,12.479999542236328,7.410552501678467,19336600
2009-08-25,12.75,12.829999923706055,12.5600004196167,7.493682861328125,25783100
2009-08-26,13.039999961853027,13.239999771118164,12.9399995803833,7.7965192794799805,18626400
2009-08-27,13.5600004196167,13.630000114440918,13.3100004196167,8.093417167663574,22563800
2009-08-28,14.260000228881836,14.270000457763672,13.779999732971191,8.229987144470215,27517500
2009-08-31,13.75,14.039999961853027,13.65999984741211,8.319059371948242,18202200
2009-09-01,13.609999656677246,13.729999542236328,13.229999542236328,7.909339427947998,32302600
2009-09-02,13.260000228881836,13.380000114440918,13.149999618530273,7.897467136383057,18054800
2009-09-03,13.949999809265137,13.979999542236328,13.630000114440918,8.259676933288574,28253700
2009-09-04,14.020000457763672,14.40999984741211,13.970000267028809,8.538762092590332,26718600
2009-09-08,15.100000381469727,15.100000381469727,14.699999809265137,8.79409408569336,23039800
2009-09-09,14.960000038146973,15.079999923706055,14.869999885559082,8.924728393554688,19914400
2009-09-10,15.170000076293945,15.210000038146973,15.010000228881836,9.007859230041504,22541800
2009-09-11,15.130000114440918,15.140000343322754,14.779999732971191,8.871286392211914,28226400
2009-09-14,14.8100004196167,15.109999656677246,14.789999961853027,8.972229957580566,10969500
2009-09-15,15.449999809265137,15.569999694824219,15.359999656677246,9.239439964294434,14339000
2009-09-16,15.75,16,15.609999656677246,9.500706672668457,17178600
2009-09-17,15.720000267028809,15.920000076293945,15.600000381469727,9.328507423400879,15256000
2009-09-18,15.84000015258789,15.84000015258789,15.640000343322754,9.32257080078125,10959000
2009-09-21,15.569999694824219,15.819999694824219,15.479999542236328,9.35226058959961,12241200
2009-09-22,15.770000457763672,15.859999656677246,15.649999618530273,9.304756164550781,10284000
2009-09-23,15.8100004196167,16,15.670000076293945,9.304756164550781,22279100
2009-09-24,15.569999694824219,15.609999656677246,14.960000038146973,8.95441722869873,29911100
2009-09-25,14.930000305175781,15.239999771118164,14.899999618530273,8.936604499816895,19235900
2009-09-28,15.109999656677246,15.449999809265137,15.09000015258789,9.049426078796387,16637900
2009-09-29,14.960000038146973,15.010000228881836,14.65999984741211,8.73471450805664,32128600
2009-09-30,14.760000228881836,14.869999885559082,14.449999809265137,8.681273460388184,42644100
2009-10-01,14.40999984741211,14.4399995803833,14.069999694824219,8.360624313354492,20359600
2009-10-02,13.680000305175781,14.029999732971191,13.640000343322754,8.277494430541992,21983600
2009-10-05,14.010000228881836,14.229999542236328,13.970000267028809,8.40218734741211,15244700
2009-10-06,14.350000381469727,14.59000015258789,14.329999923706055,8.56251335144043,23307800
2009-10-07,14.369999885559082,14.5,14.279999732971191,8.538762092590332,13259200
2009-10-08,14.630000114440918,14.640000343322754,14.369999885559082,8.55063533782959,14117700
2009-10-09,14.720000267028809,14.729999542236328,14.539999961853027,8.72283935546875,16343800
2009-10-12,15.100000381469727,15.109999656677246,14.8100004196167,8.835658073425293,17588400
2009-10-13,14.770000457763672,15.109999656677246,14.720000267028809,8.895038604736328,22844600
2009-10-14,15.390000343322754,15.600000381469727,15.199999809265137,9.138495445251465,37784200
2009-10-15,13.829999923706055,13.949999809265137,13.5600004196167,8.123104095458984,86497800
2009-10-16,13.5,13.529999732971191,13.359999656677246,8.004344940185547,42856300
2009-10-19,13.359999656677246,13.8100004196167,13.300000190734863,7.974656581878662,37749800
2009-10-20,13.460000038146973,13.5,13.119999885559082,7.891528129577637,28258900
2009-10-21,13.279999732971191,13.40999984741211,12.979999542236328,7.719326019287109,37477300
2009-10-22,13.130000114440918,13.369999885559082,13.010000228881836,7.909339427947998,26183700
2009-10-23,13.470000267028809,13.479999542236328,13.0600004196167,7.802455902099609,20894000
2009-10-26,13.34000015258789,13.59000015258789,13,7.737138748168945,25522100
2009-10-27,13.180000305175781,13.25,12.979999542236328,7.731201171875,28312500
2009-10-28,13.0600004196167,13.119999885559082,12.770000457763672,7.6005659103393555,23258300
2009-10-29,13.140000343322754,13.210000038146973,13,7.8202714920043945,17075400
2009-10-30,13.079999923706055,13.109999656677246,12.59000015258789,7.48774528503418,26301800
2009-11-02,12.770000457763672,12.960000038146973,12.5600004196167,7.570876598358154,23012600
2009-11-03,12.630000114440918,12.819999694824219,12.579999923706055,7.606504440307617,17276700
2009-11-04,13.100000381469727,13.15999984741211,12.920000076293945,7.689635753631592,22131500
2009-11-05,13.149999618530273,13.210000038146973,12.970000267028809,7.7965192794799805,16944600
2009-11-06,13.0600004196167,13.239999771118164,13.039999961853027,7.844020843505859,20715000
2009-11-09,13.619999885559082,13.800000190734863,13.489999771118164,8.05778980255127,22388900
2009-11-10,13.460000038146973,13.510000228881836,13.25,7.986532211303711,25544400
2009-11-11,13.8100004196167,13.9399995803833,13.640000343322754,8.140918731689453,18039700
2009-11-12,13.729999542236328,13.779999732971191,13.369999885559082,7.992471218109131,16884600
2009-11-13,13.5600004196167,13.670000076293945,13.460000038146973,8.105291366577148,18530500
2009-11-16,13.720000267028809,13.850000381469727,13.6899995803833,8.176548957824707,14738600
2009-11-17,13.640000343322754,13.729999542236328,13.510000228881836,8.123104095458984,10286500
2009-11-18,13.949999809265137,14.039999961853027,13.850000381469727,8.271553993225098,25119200
2009-11-19,13.670000076293945,13.680000305175781,13.40999984741211,8.08154010772705,12777800
2009-11-20,13.1899995803833,13.34000015258789,13.180000305175781,7.915278434753418,9021500
2009-11-23,13.479999542236328,13.579999923706055,13.399999618530273,7.974656581878662,10289900
2009-11-24,13.399999618530273,13.430000305175781,13.220000267028809,7.921216011047363,15850900
2009-11-25,13.479999542236328,13.579999923706055,13.420000076293945,8.034037590026855,12131700
2009-11-27,12.979999542236328,13.350000381469727,12.960000038146973,7.844020843505859,7768500
2009-11-30,13.210000038146973,13.300000190734863,13.09000015258789,7.873712062835693,15812600
2009-12-01,13.5600004196167,13.600000381469727,13.260000228881836,7.962779998779297,13924200
2009-12-02,13.260000228881836,13.289999961853027,12.770000457763672,7.683697700500488,29405900
2009-12-03,12.930000305175781,13,12.649999618530273,7.570876598358154,18703000
2009-12-04,12.84000015258789,12.979999542236328,12.529999732971191,7.541186809539795,22597800
2009-12-07,12.539999961853027,12.800000190734863,12.529999732971191,7.547124862670898,19143800
2009-12-08,12.760000228881836,12.789999961853027,12.529999732971191,7.446180820465088,18370900
2009-12-09,12.59000015258789,12.640000343322754,12.449999809265137,7.4699320793151855,13280600
2009-12-10,12.670000076293945,12.800000190734863,12.529999732971191,7.458056926727295,12314300
2009-12-11,12.869999885559082,12.920000076293945,12.699999809265137,7.606504440307617,15943600
2009-12-14,12.960000038146973,12.960000038146973,12.8100004196167,7.659945964813232,10535300
2009-12-15,12.720000267028809,12.819999694824219,12.670000076293945,7.559000015258789,10517500
2009-12-16,12.779999732971191,12.869999885559082,12.729999542236328,7.582754135131836,12313100
2009-12-17,12.529999732971191,12.5600004196167,12.399999618530273,7.374925136566162,11197100
2009-12-18,12.539999961853027,12.600000381469727,12.300000190734863,7.392739295959473,14682800
2009-12-21,12.329999923706055,12.489999771118164,12.140000343322754,7.357110500335693,22275100
2009-12-22,12.5,12.649999618530273,12.489999771118164,7.499621391296387,11950700
2009-12-23,12.699999809265137,12.729999542236328,12.609999656677246,7.523372650146484,6121300
2009-12-24,12.539999961853027,12.800000190734863,12.520000457763672,7.58868932723999,4353900
2009-12-28,12.649999618530273,12.699999809265137,12.539999961853027,7.541186809539795,8696600
2009-12-29,12.729999542236328,12.829999923706055,12.640000343322754,7.564939975738525,10734500
2009-12-30,12.710000038146973,12.930000305175781,12.680000305175781,7.671821117401123,14351200
2009-12-31,12.850000381469727,12.970000267028809,12.84000015258789,7.6302571296691895,8322800
2010-01-04,13.260000228881836,13.449999809265137,13.199999809265137,7.927153587341309,19884300
2010-01-05,13.210000038146973,13.300000190734863,13.170000076293945,7.8677754402160645,18772900
2010-01-06,13.270000457763672,13.300000190734863,13.069999694824219,7.808393955230713,21103300
2010-01-07,13.210000038146973,13.369999885559082,13.180000305175781,7.909339427947998,20528700
2010-01-08,13.300000190734863,13.34000015258789,13.109999656677246,7.915278434753418,18874500
2010-01-11,13.430000305175781,13.4399995803833,13.079999923706055,7.832145690917969,21044500
2010-01-12,13.029999732971191,13.15999984741211,12.850000381469727,7.671821117401123,27046300
2010-01-13,13.180000305175781,13.199999809265137,12.979999542236328,7.808393955230713,30477900
2010-01-14,13.180000305175781,13.40999984741211,13.15999984741211,7.939029216766357,18946300
2010-01-15,13.390000343322754,13.40999984741211,13.09000015258789,7.8677754402160645,22523800
2010-01-19,13.130000114440918,13.260000228881836,13.119999885559082,7.861836910247803,16229200
2010-01-20,13.029999732971191,13.069999694824219,12.859999656677246,7.719326019287109,23475200
2010-01-21,13.050000190734863,13.09000015258789,12.819999694824219,7.659945964813232,34610900
2010-01-22,12.9399995803833,13.069999694824219,12.680000305175781,7.553064823150635,26767200
2010-01-25,12.869999885559082,12.90999984741211,12.569999694824219,7.48774528503418,25843500
2010-01-26,12.59000015258789,12.789999961853027,12.520000457763672,7.529310703277588,25803700
2010-01-27,12.729999542236328,13.020000457763672,12.59000015258789,7.671821117401123,25984700
2010-01-28,14.260000228881836,14.3100004196167,13.670000076293945,8.301244735717773,96874800
2010-01-29,14.149999618530273,14.470000267028809,13.630000114440918,8.129043579101562,47525200
2010-02-01,13.979999542236328,14.069999694824219,13.899999618530273,8.330934524536133,22497900
2010-02-02,14.239999771118164,14.420000076293945,14.130000114440918,8.515008926391602,25149000
2010-02-03,14.40999984741211,14.430000305175781,14.180000305175781,8.526884078979492,25748000
2010-02-04,14.079999923706055,14.100000381469727,13.729999542236328,8.158732414245605,26923000
2010-02-05,13.5600004196167,13.619999885559082,13,7.9509053230285645,41139300
2010-02-08,13.420000076293945,13.449999809265137,13.15999984741211,7.826208114624023,19594400
2010-02-09,13.489999771118164,13.609999656677246,13.15999984741211,7.927153587341309,36426500
2010-02-10,13.119999885559082,13.180000305175781,12.90999984741211,7.7905802726745605,22140500
2010-02-11,12.90999984741211,13.170000076293945,12.770000457763672,7.772767543792725,26055000
2010-02-12,12.760000228881836,12.989999771118164,12.729999542236328,7.683697700500488,20604100
2010-02-16,13.039999961853027,13.3100004196167,12.949999809265137,7.8677754402160645,16156100
2010-02-17,13.470000267028809,13.470000267028809,13.210000038146973,7.903400421142578,14301900
2010-02-18,13.390000343322754,13.5,13.329999923706055,7.980595111846924,12586700
2010-02-19,13.260000228881836,13.399999618530273,13.220000267028809,7.939029216766357,11679100
2010-02-22,13.520000457763672,13.5600004196167,13.359999656677246,8.004344940185547,14529900
2010-02-23,13.420000076293945,13.4399995803833,13.15999984741211,7.873712062835693,14052800
2010-02-24,13.270000457763672,13.430000305175781,13.229999542236328,7.909339427947998,13849900
2010-02-25,12.930000305175781,13.229999542236328,12.899999618530273,7.844020843505859,14829900
2010-02-26,13.300000190734863,13.510000228881836,13.180000305175781,7.99840784072876,13528600
2010-03-01,13.300000190734863,13.350000381469727,13.229999542236328,7.885589122772217,13704200
2010-03-02,13.40999984741211,13.550000190734863,13.319999694824219,8.022159576416016,13541700
2010-03-03,13.850000381469727,13.989999771118164,13.770000457763672,8.229987144470215,25520400
2010-03-04,13.84000015258789,13.890000343322754,13.65999984741211,8.18248462677002,14128000
2010-03-05,13.869999885559082,14.15999984741211,13.850000381469727,8.390313148498535,15791900
2010-03-08,14.100000381469727,14.1899995803833,14.069999694824219,8.41406536102295,12087800
2010-03-09,13.930000305175781,14.210000038146973,13.90999984741211,8.384373664855957,17441000
2010-03-10,14.1899995803833,14.609999656677246,14.1899995803833,8.645646095275879,26584200
2010-03-11,14.420000076293945,14.5,14.350000381469727,8.60407829284668,20516900
2010-03-12,14.920000076293945,14.930000305175781,14.739999771118164,8.811905860900879,20901600
2010-03-15,14.850000381469727,14.920000076293945,14.670000076293945,8.79409408569336,14392300
2010-03-16,14.949999809265137,15.199999809265137,14.899999618530273,8.990044593811035,20531500
2010-03-17,15.449999809265137,15.5600004196167,15.369999885559082,9.1563081741333,31675700
2010-03-18,15.329999923706055,15.380000114440918,15.140000343322754,9.073174476623535,17421300
2010-03-19,15.229999542236328,15.260000228881836,15.029999732971191,8.948480606079102,19630300
2010-03-22,14.869999885559082,15.239999771118164,14.869999885559082,8.972229957580566,16098900
2010-03-23,15.130000114440918,15.289999961853027,15.069999694824219,9.061300277709961,14899300
2010-03-24,15.0600004196167,15.199999809265137,15.010000228881836,8.948480606079102,15873800
2010-03-25,15.300000190734863,15.479999542236328,15.149999618530273,9.025672912597656,19456100
2010-03-26,15.520000457763672,15.649999618530273,15.359999656677246,9.180060386657715,21214000
2010-03-29,15.430000305175781,15.479999542236328,15.270000457763672,9.1563081741333,13085500
2010-03-30,15.520000457763672,15.539999961853027,15.3100004196167,9.150370597839355,8714700
2010-03-31,15.359999656677246,15.640000343322754,15.319999694824219,9.227561950683594,15310100
2010-04-01,15.8100004196167,15.890000343322754,15.489999771118164,9.275067329406738,16653200
2010-04-05,15.680000305175781,15.789999961853027,15.539999961853027,9.292881965637207,10148000
2010-04-06,15.460000038146973,15.569999694824219,15.40999984741211,9.239439964294434,10342000
2010-04-07,15.670000076293945,15.699999809265137,15.399999618530273,9.197874069213867,18330000
2010-04-08,15.270000457763672,15.350000381469727,15,8.95441722869873,35138900
2010-04-09,15.039999961853027,15.300000190734863,14.930000305175781,8.912854194641113,33813600
2010-04-12,15.260000228881836,15.260000228881836,15,8.966294288635254,46114300
2010-04-13,15.1899995803833,15.210000038146973,15.010000228881836,8.978168487548828,23624000
2010-04-14,15.399999618530273,15.470000267028809,15.220000267028809,9.185997009277344,23434100
2010-04-15,15.380000114440918,15.4399995803833,15.220000267028809,9.061300277709961,20772400
2010-04-16,15.050000190734863,15.109999656677246,14.760000228881836,8.871286392211914,28555500
2010-04-19,14.9399995803833,15.1899995803833,14.920000076293945,8.995983123779297,19392700
2010-04-20,15.390000343322754,15.420000076293945,15.140000343322754,9.007859230041504,22078400
2010-04-21,15.170000076293945,15.319999694824219,14.65999984741211,8.87722396850586,46076200
2010-04-22,12.720000267028809,13.15999984741211,12.619999885559082,7.713386535644531,154607400
2010-04-23,12.699999809265137,12.760000228881836,12.569999694824219,7.576813697814941,48093000
2010-04-26,12.460000038146973,12.520000457763672,12.34000015258789,7.392739295959473,43034600
2010-04-27,12.289999961853027,12.489999771118164,12.100000381469727,7.202723979949951,45886000
2010-04-28,12.130000114440918,12.15999984741211,11.930000305175781,7.1314697265625,33826300
2010-04-29,12.100000381469727,12.130000114440918,12.029999732971191,7.161159515380859,30499800
2010-04-30,12.149999618530273,12.239999771118164,12.020000457763672,7.220537185668945,32778900
2010-05-03,12.220000267028809,12.279999732971191,12.039999961853027,7.190849304199219,16536500
2010-05-04,11.90999984741211,12.109999656677246,11.75,7.006773471832275,32083700
2010-05-05,11.600000381469727,11.8100004196167,11.569999694824219,6.9295783042907715,21600000
2010-05-06,11.470000267028809,11.539999961853027,10.619999885559082,6.66237211227417,43692700
2010-05-07,10.75,10.960000038146973,10.420000076293945,6.673547267913818,57756400
2010-05-10,11.369999885559082,11.399999618530273,11.100000381469727,6.971527099609375,37008200
2010-05-11,10.960000038146973,11.109999656677246,10.90999984741211,6.810120582580566,28502200
2010-05-12,11.069999694824219,11.140000343322754,10.920000076293945,6.841160774230957,23536800
2010-05-13,10.869999885559082,10.970000267028809,10.630000114440918,6.623882293701172,31903600
2010-05-14,10.479999542236328,10.510000228881836,10.149999618530273,6.381772994995117,35815500
2010-05-17,10.369999885559082,10.449999809265137,10.100000381469727,6.462477207183838,25453300
2010-05-18,10.619999885559082,10.65999984741211,10.09000015258789,6.325899600982666,36867700
2010-05-19,10.069999694824219,10.239999771118164,9.930000305175781,6.338316440582275,36226300
2010-05-20,9.84000015258789,10.15999984741211,9.729999542236328,6.226573944091797,54724300
2010-05-21,9.8100004196167,10.239999771118164,9.800000190734863,6.251405239105225,31355300
2010-05-24,9.920000076293945,10.100000381469727,9.859999656677246,6.22036600112915,40180900
2010-05-25,9.65999984741211,10.229999542236328,9.640000343322754,6.350733757019043,54429500
2010-05-26,10.260000228881836,10.380000114440918,9.899999618530273,6.176910400390625,36997400
2010-05-27,10.210000038146973,10.350000381469727,10.029999732971191,6.412811756134033,33831100
2010-05-28,10.34000015258789,10.34000015258789,10.020000457763672,6.282444953918457,30373700
2010-06-01,10.050000190734863,10.270000457763672,10,6.22036600112915,24920400
2010-06-02,10.029999732971191,10.170000076293945,9.9399995803833,6.30106782913208,27773700
2010-06-03,10.25,10.260000228881836,10.029999732971191,6.344524383544922,16996100
2010-06-04,9.779999732971191,9.890000343322754,9.539999961853027,5.947215557098389,32723900
2010-06-07,9.579999923706055,9.609999656677246,9.319999694824219,5.792016506195068,35207000
2010-06-08,9.390000343322754,9.710000038146973,9.279999732971191,6.027918338775635,42770400
2010-06-09,9.25,9.4399995803833,9.100000381469727,5.686480522155762,55653600
2010-06-10,9.390000343322754,9.510000228881836,9.3100004196167,5.8789286613464355,25573900
2010-06-11,9.369999885559082,9.5600004196167,9.350000381469727,5.922384262084961,20832400
2010-06-14,9.640000343322754,9.649999618530273,9.399999618530273,5.86030387878418,32515500
2010-06-15,9.75,9.90999984741211,9.670000076293945,6.096207141876221,31964700
2010-06-16,8.760000228881836,8.989999771118164,8.75,5.444370746612549,126452500
2010-06-17,8.819999694824219,9.020000457763672,8.75,5.58094596862793,45084900
2010-06-18,8.899999618530273,8.970000267028809,8.880000114440918,5.5250749588012695,18262700
2010-06-21,8.869999885559082,8.890000343322754,8.680000305175781,5.40091609954834,20109800
2010-06-22,8.600000381469727,8.6899995803833,8.5,5.276756286621094,34440600
2010-06-23,8.529999732971191,8.6899995803833,8.470000267028809,5.326420307159424,25411300
2010-06-24,8.5,8.529999732971191,8.3100004196167,5.214676856994629,20085500
2010-06-25,8.3100004196167,8.350000381469727,8.220000267028809,5.121559143066406,30474600
2010-06-28,8.300000190734863,8.4399995803833,8.210000038146973,5.152597904205322,25797000
2010-06-29,8.220000267028809,8.220000267028809,8,4.978776454925537,25556100
2010-06-30,8.170000076293945,8.3100004196167,8.119999885559082,5.059479236602783,33014000
2010-07-01,8.430000305175781,8.430000305175781,8.210000038146973,5.189845085144043,26767100
2010-07-02,8.640000343322754,8.65999984741211,8.319999694824219,5.233302116394043,28066400
2010-07-06,8.600000381469727,8.600000381469727,8.300000190734863,5.202261447906494,20888500
2010-07-07,8.399999618530273,8.84000015258789,8.380000114440918,5.425746917724609,37538300
2010-07-08,8.670000076293945,8.699999809265137,8.460000038146973,5.326420307159424,30772400
2010-07-09,8.449999809265137,8.489999771118164,8.380000114440918,5.264340877532959,19314600
2010-07-12,8.350000381469727,8.449999809265137,8.300000190734863,5.220885276794434,19879000
2010-07-13,8.470000267028809,8.600000381469727,8.4399995803833,5.314006328582764,19466100
2010-07-14,8.510000228881836,8.619999885559082,8.460000038146973,5.338836193084717,39025200
2010-07-15,8.869999885559082,8.890000343322754,8.720000267028809,5.500243186950684,27570500
2010-07-16,8.880000114440918,8.890000343322754,8.710000038146973,5.425746917724609,22882000
2010-07-19,8.880000114440918,8.9399995803833,8.710000038146973,5.475412368774414,15107700
2010-07-20,8.960000038146973,9.039999961853027,8.869999885559082,5.593362331390381,34336600
2010-07-21,9.069999694824219,9.079999923706055,8.75,5.475412368774414,23914800
2010-07-22,9.210000038146973,9.289999961853027,9.109999656677246,5.692689895629883,42193700
2010-07-23,9.220000267028809,9.479999542236328,9.15999984741211,5.847888469696045,27130700
2010-07-26,9.380000114440918,9.449999809265137,9.279999732971191,5.854097366333008,14458300
2010-07-27,9.430000305175781,9.460000038146973,9.270000457763672,5.785808563232422,11356400
2010-07-28,9.270000457763672,9.329999923706055,9.220000267028809,5.748561382293701,14859700
2010-07-29,9.390000343322754,9.4399995803833,9.180000305175781,5.723729610443115,21306500
2010-07-30,9.140000343322754,9.59000015258789,9.119999885559082,5.903759956359863,29206400
2010-08-02,9.609999656677246,9.65999984741211,9.520000457763672,5.978255748748779,24547600
2010-08-03,9.720000267028809,9.729999542236328,9.5600004196167,6.009296417236328,19876100
2010-08-04,9.649999618530273,9.649999618530273,9.510000228881836,5.934802532196045,35395000
2010-08-05,9.510000228881836,9.640000343322754,9.489999771118164,5.984463691711426,16244300
2010-08-06,9.520000457763672,9.600000381469727,9.430000305175781,5.909968852996826,16078200
2010-08-09,9.529999732971191,9.609999656677246,9.5,5.947215557098389,7615000
2010-08-10,9.430000305175781,9.600000381469727,9.369999885559082,5.928591251373291,13672300
2010-08-11,9.119999885559082,9.170000076293945,9.039999961853027,5.630609035491943,19393800
2010-08-12,8.899999618530273,9.079999923706055,8.880000114440918,5.62440299987793,19519900
2010-08-13,8.920000076293945,9.039999961853027,8.859999656677246,5.500243186950684,14831500
2010-08-16,8.869999885559082,8.90999984741211,8.770000457763672,5.500243186950684,20546800
2010-08-17,8.9399995803833,8.970000267028809,8.850000381469727,5.5374908447265625,25296800
2010-08-18,8.970000267028809,8.970000267028809,8.899999618530273,5.562323093414307,21962500
2010-08-19,9.1899995803833,9.1899995803833,9.010000228881836,5.661651611328125,34631700
2010-08-20,9.069999694824219,9.15999984741211,9.039999961853027,5.643026351928711,14717200
2010-08-23,9,9.079999923706055,8.90999984741211,5.531283378601074,12736100
2010-08-24,8.789999961853027,8.829999923706055,8.65999984741211,5.438163757324219,16503700
2010-08-25,8.609999656677246,8.739999771118164,8.569999694824219,5.407124042510986,30797400
2010-08-26,8.739999771118164,8.819999694824219,8.670000076293945,5.413332939147949,10609900
2010-08-27,8.670000076293945,8.6899995803833,8.5,5.3760857582092285,17215200
2010-08-30,8.609999656677246,8.65999984741211,8.5600004196167,5.314006328582764,8147900
2010-08-31,8.489999771118164,8.600000381469727,8.470000267028809,5.314006328582764,12746000
2010-09-01,8.8100004196167,8.979999542236328,8.760000228881836,5.5250749588012695,19560600
2010-09-02,8.979999542236328,9.0600004196167,8.9399995803833,5.6119866371154785,15175500
2010-09-03,9.180000305175781,9.260000228881836,9.109999656677246,5.742353439331055,14355800
2010-09-07,9.479999542236328,9.630000114440918,9.449999809265137,5.8789286613464355,34185700
2010-09-08,9.779999732971191,9.819999694824219,9.670000076293945,6.021710395812988,19894500
2010-09-09,9.90999984741211,9.920000076293945,9.699999809265137,6.058959007263184,17975200
2010-09-10,10.1899995803833,10.199999809265137,9.880000114440918,6.17070198059082,61721800
2010-09-13,10.149999618530273,10.1899995803833,10.0600004196167,6.288653373718262,19740600
2010-09-14,9.960000038146973,10,9.720000267028809,6.17070198059082,25445600
2010-09-15,9.8100004196167,9.949999809265137,9.770000457763672,6.176910400390625,20331200
2010-09-16,9.989999771118164,10.149999618530273,9.960000038146973,6.2762370109558105,16208100
2010-09-17,10.039999961853027,10.0600004196167,9.869999885559082,6.1831183433532715,18040100
2010-09-20,10.100000381469727,10.289999961853027,10.069999694824219,6.375565052032471,15822800
2010-09-21,9.920000076293945,9.949999809265137,9.720000267028809,6.127246856689453,71179600
2010-09-22,9.979999542236328,10.029999732971191,9.859999656677246,6.17070198059082,25770500
2010-09-23,9.819999694824219,9.9399995803833,9.670000076293945,6.052751064300537,27023200
2010-09-24,9.920000076293945,10.100000381469727,9.890000343322754,6.245197772979736,18858500
2010-09-27,9.859999656677246,9.890000343322754,9.729999542236328,6.089997291564941,30470500
2010-09-28,9.789999961853027,9.859999656677246,9.65999984741211,6.12103796005249,28783300
2010-09-29,9.819999694824219,9.84000015258789,9.720000267028809,6.096207141876221,15111600
2010-09-30,10.109999656677246,10.210000038146973,9.890000343322754,6.226573944091797,42516300
2010-10-01,10.3100004196167,10.350000381469727,10.15999984741211,6.40039587020874,21850200
2010-10-04,10.15999984741211,10.1899995803833,9.979999542236328,6.238988876342773,15173300
2010-10-05,10.279999732971191,10.449999809265137,10.229999542236328,6.456268310546875,20642300
2010-10-06,10.550000190734863,10.569999694824219,10.40999984741211,6.499722003936768,16284800
2010-10-07,10.720000267028809,10.739999771118164,10.550000190734863,6.648713111877441,24594300
2010-10-08,10.75,10.850000381469727,10.670000076293945,6.723209857940674,15379900
2010-10-11,10.979999542236328,10.989999771118164,10.850000381469727,6.803913593292236,22919300
2010-10-12,10.8100004196167,10.960000038146973,10.720000267028809,6.766663074493408,15787300
2010-10-13,11.199999809265137,11.329999923706055,11.149999618530273,6.98394250869751,26357400
2010-10-14,11.109999656677246,11.119999885559082,10.880000114440918,6.803913593292236,25599200
2010-10-15,10.979999542236328,10.989999771118164,10.75,6.754249572753906,25262400
2010-10-18,10.9399995803833,11.039999961853027,10.890000343322754,6.791497707366943,20261000
2010-10-19,10.59000015258789,10.710000038146973,10.5,6.5804266929626465,19926600
2010-10-20,10.600000381469727,10.850000381469727,10.59000015258789,6.723209857940674,28030300
2010-10-21,11.359999656677246,11.619999885559082,11.079999923706055,7.002566814422607,86435400
2010-10-22,11.229999542236328,11.229999542236328,11.050000190734863,6.865993022918701,26557100
2010-10-25,11.140000343322754,11.170000076293945,11.039999961853027,6.872199535369873,25005200
2010-10-26,10.930000305175781,10.9399995803833,10.760000228881836,6.766663074493408,33068500
2010-10-27,10.8100004196167,10.930000305175781,10.710000038146973,6.692169189453125,23990400
2010-10-28,10.930000305175781,11.050000190734863,10.880000114440918,6.8473687171936035,19528400
2010-10-29,10.789999961853027,10.880000114440918,10.609999656677246,6.642506122589111,28580600
2010-11-01,10.520000457763672,10.5600004196167,10.34000015258789,6.493515968322754,28192700
2010-11-02,10.569999694824219,10.649999618530273,10.520000457763672,6.568009853363037,18643800
2010-11-03,10.600000381469727,10.609999656677246,10.380000114440918,6.568009853363037,28350000
2010-11-04,10.859999656677246,10.869999885559082,10.65999984741211,6.6673383712768555,29993100
2010-11-05,10.739999771118164,10.779999732971191,10.630000114440918,6.685962677001953,15225700
2010-11-08,10.539999961853027,10.670000076293945,10.5,6.561802864074707,17993100
2010-11-09,10.819999694824219,10.880000114440918,10.609999656677246,6.623882293701172,12523300
2010-11-10,10.770000457763672,10.770000457763672,10.529999732971191,6.673547267913818,18904300
2010-11-11,10.510000228881836,10.59000015258789,10.420000076293945,6.561802864074707,16294000
2010-11-12,10.449999809265137,10.569999694824219,10.210000038146973,6.381772994995117,27348700
2010-11-15,10.369999885559082,10.399999618530273,10.289999961853027,6.40039587020874,8600400
2010-11-16,10.180000305175781,10.199999809265137,9.90999984741211,6.2576117515563965,34698400
2010-11-17,10.069999694824219,10.210000038146973,10.050000190734863,6.307277202606201,23383500
2010-11-18,10.239999771118164,10.329999923706055,10.100000381469727,6.40039587020874,34778200
2010-11-19,10.100000381469727,10.119999885559082,10.010000228881836,6.282444953918457,27156200
2010-11-22,9.90999984741211,10.010000228881836,9.850000381469727,6.201741695404053,20618300
2010-11-23,9.640000343322754,9.699999809265137,9.5600004196167,5.941009044647217,40194700
2010-11-24,9.5600004196167,9.649999618530273,9.520000457763672,5.978255748748779,16048200
2010-11-26,9.520000457763672,9.5600004196167,9.510000228881836,5.928591251373291,5681700
2010-11-29,9.289999961853027,9.34000015258789,9.1899995803833,5.798224925994873,19228500
2010-11-30,9.100000381469727,9.34000015258789,9.079999923706055,5.729937553405762,21136100
2010-12-01,9.5,9.65999984741211,9.489999771118164,5.959631443023682,19126400
2010-12-02,9.5,9.789999961853027,9.489999771118164,6.065167427062988,16394500
2010-12-03,9.949999809265137,10.069999694824219,9.90999984741211,6.207949161529541,18595000
2010-12-06,9.869999885559082,9.949999809265137,9.760000228881836,6.164495468139648,17513400
2010-12-07,10.210000038146973,10.220000267028809,10.029999732971191,6.232782363891602,22339100
2010-12-08,10.069999694824219,10.130000114440918,10.020000457763672,6.263821601867676,19017800
2010-12-09,10,10.020000457763672,9.720000267028809,6.058959007263184,37681900
2010-12-10,9.739999771118164,9.829999923706055,9.729999542236328,6.089997291564941,12879100
2010-12-13,9.920000076293945,10.050000190734863,9.880000114440918,6.1831183433532715,11762500
2010-12-14,9.84000015258789,9.979999542236328,9.800000190734863,6.176910400390625,16033400
2010-12-15,9.930000305175781,9.989999771118164,9.829999923706055,6.12103796005249,14733900
2010-12-16,9.859999656677246,9.920000076293945,9.800000190734863,6.152077674865723,9972300
2010-12-17,9.989999771118164,10,9.8100004196167,6.164495468139648,10786300
2010-12-20,9.930000305175781,9.949999809265137,9.850000381469727,6.14586877822876,6852600
2010-12-21,10.029999732971191,10.25,10.020000457763672,6.325899600982666,20621100
2010-12-22,10.25,10.390000343322754,10.220000267028809,6.369357585906982,16882800
2010-12-23,10.210000038146973,10.279999732971191,10.180000305175781,6.363147735595703,5189300
2010-12-27,10.180000305175781,10.239999771118164,10.149999618530273,6.344524383544922,5156500
2010-12-28,10.229999542236328,10.239999771118164,10.149999618530273,6.319692611694336,5341800
2010-12-29,10.210000038146973,10.289999961853027,10.199999809265137,6.369357585906982,5616600
2010-12-30,10.25,10.270000457763672,10.220000267028809,6.356939792633057,7061100
2010-12-31,10.239999771118164,10.380000114440918,10.239999771118164,6.406605243682861,6760900
2011-01-03,10.579999923706055,10.739999771118164,10.550000190734863,6.617674827575684,14712100
2011-01-04,10.84000015258789,10.859999656677246,10.5600004196167,6.741833686828613,28762700
2011-01-05,10.640000343322754,10.770000457763672,10.619999885559082,6.617674827575684,22561900
2011-01-06,10.710000038146973,10.720000267028809,10.510000228881836,6.574219226837158,14851500
2011-01-07,10.569999694824219,10.619999885559082,10.420000076293945,6.52455472946167,15043800
2011-01-10,10.369999885559082,10.420000076293945,10.289999961853027,6.437644004821777,13992300
2011-01-11,10.430000305175781,10.470000267028809,10.350000381469727,6.487305164337158,9928600
2011-01-12,10.619999885559082,10.789999961853027,10.600000381469727,6.679754257202148,11201800
2011-01-13,11,11.020000457763672,10.819999694824219,6.754249572753906,15873700
2011-01-14,10.84000015258789,11.010000228881836,10.829999923706055,6.822536468505859,12029700
2011-01-18,10.800000190734863,10.859999656677246,10.609999656677246,6.617674827575684,21898600
2011-01-19,10.479999542236328,10.479999542236328,10.199999809265137,6.381772994995117,25929800
2011-01-20,10.380000114440918,10.5600004196167,10.359999656677246,6.505930423736572,20528300
2011-01-21,10.739999771118164,10.880000114440918,10.59000015258789,6.692169189453125,26578100
2011-01-24,10.710000038146973,10.930000305175781,10.699999809265137,6.7728729248046875,21368000
2011-01-25,10.619999885559082,10.630000114440918,10.369999885559082,6.574219226837158,22027000
2011-01-26,10.59000015258789,10.75,10.569999694824219,6.661129474639893,30905400
2011-01-27,10.59000015258789,10.670000076293945,10.399999618530273,6.5555949211120605,48722500
2011-01-28,10.630000114440918,10.899999618530273,10.550000190734863,6.561802864074707,33524200
2011-01-31,10.630000114440918,10.75,10.550000190734863,6.642506122589111,14540900
2011-02-01,10.579999923706055,10.890000343322754,10.569999694824219,6.735625743865967,27057400
2011-02-02,11.140000343322754,11.460000038146973,11.100000381469727,7.046023368835449,46800500
2011-02-03,11.210000038146973,11.210000038146973,11.010000228881836,6.946693420410156,24959600
2011-02-04,11.0600004196167,11.069999694824219,10.90999984741211,6.865993022918701,17626600
2011-02-07,11.239999771118164,11.369999885559082,11.210000038146973,7.008775234222412,21301300
2011-02-08,11.229999542236328,11.319999694824219,11.149999618530273,7.002566814422607,11377300
2011-02-09,11.390000343322754,11.75,11.380000114440918,7.281924724578857,57301000
2011-02-10,11.270000457763672,11.300000190734863,10.770000457763672,6.754249572753906,56983800
2011-02-11,9.609999656677246,9.739999771118164,9.09000015258789,5.810640335083008,194472900
2011-02-14,9.010000228881836,9.020000457763672,8.789999961853027,5.487827777862549,95956500
2011-02-15,8.859999656677246,9.130000114440918,8.84000015258789,5.630609035491943,53511800
2011-02-16,9.15999984741211,9.170000076293945,9.020000457763672,5.649234771728516,39756300
2011-02-17,9.050000190734863,9.100000381469727,8.989999771118164,5.636817455291748,22547800
2011-02-18,9.130000114440918,9.210000038146973,9.079999923706055,5.705104351043701,23752400
2011-02-22,8.880000114440918,8.930000305175781,8.8100004196167,5.506450176239014,43332300
2011-02-23,8.710000038146973,8.75,8.4399995803833,5.326420307159424,48519700
2011-02-24,8.65999984741211,8.75,8.5600004196167,5.35745906829834,31828600
2011-02-25,8.670000076293945,8.6899995803833,8.5600004196167,5.369877338409424,29379900
2011-02-28,8.680000305175781,8.699999809265137,8.59000015258789,5.35745906829834,12878800
2011-03-01,8.729999542236328,8.8100004196167,8.619999885559082,5.351253032684326,20667900
2011-03-02,8.600000381469727,8.729999542236328,8.59000015258789,5.388500690460205,16116800
2011-03-03,8.739999771118164,8.760000228881836,8.550000190734863,5.369877338409424,16837700
2011-03-04,8.539999961853027,8.550000190734863,8.399999618530273,5.2705488204956055,18943200
2011-03-07,8.510000228881836,8.510000228881836,8.300000190734863,5.177430629730225,23163000
2011-03-08,8.380000114440918,8.5600004196167,8.3100004196167,5.282965183258057,21171900
2011-03-09,8.59000015258789,8.670000076293945,8.550000190734863,5.338836193084717,23076700
2011-03-10,8.5,8.539999961853027,8.380000114440918,5.214676856994629,18897200
2011-03-11,8.319999694824219,8.520000457763672,8.3100004196167,5.2705488204956055,12797200
2011-03-14,8.239999771118164,8.300000190734863,8.1899995803833,5.152597904205322,18266400
2011-03-15,7.739999771118164,8.109999656677246,7.730000019073486,5.003608226776123,55357800
2011-03-16,8.039999961853027,8.130000114440918,7.800000190734863,4.898072242736816,40185800
2011-03-17,8.079999923706055,8.130000114440918,8,4.978776454925537,13868200
2011-03-18,8.319999694824219,8.350000381469727,8.239999771118164,5.140182018280029,19233200
2011-03-21,8.460000038146973,8.460000038146973,8.319999694824219,5.214676856994629,14301400
2011-03-22,8.40999984741211,8.420000076293945,8.300000190734863,5.202261447906494,13758900
2011-03-23,8.229999542236328,8.40999984741211,8.1899995803833,5.202261447906494,11033600
2011-03-24,8.430000305175781,8.489999771118164,8.380000114440918,5.245717525482178,16218300
2011-03-25,8.399999618530273,8.4399995803833,8.3100004196167,5.183638095855713,15323200
2011-03-28,8.6899995803833,8.800000190734863,8.65999984741211,5.425746917724609,29648400
2011-03-29,8.649999618530273,8.720000267028809,8.579999923706055,5.388500690460205,15311900
2011-03-30,8.609999656677246,8.670000076293945,8.5600004196167,5.351253032684326,14051400
2011-03-31,8.550000190734863,8.600000381469727,8.510000228881836,5.282965183258057,17721000
2011-04-01,8.4399995803833,8.59000015258789,8.359999656677246,5.307797431945801,23591400
2011-04-04,8.619999885559082,8.739999771118164,8.59000015258789,5.413332939147949,19630600
2011-04-05,8.75,8.84000015258789,8.720000267028809,5.444370746612549,30418500
2011-04-06,8.819999694824219,9.0600004196167,8.8100004196167,5.599570274353027,35952100
2011-04-07,9,9.09000015258789,8.920000076293945,5.568531036376953,21776600
2011-04-08,9.0600004196167,9.079999923706055,8.979999542236328,5.599570274353027,13513300
2011-04-11,9.09000015258789,9.119999885559082,8.989999771118164,5.605779647827148,16018100
2011-04-12,8.949999809265137,8.960000038146973,8.6899995803833,5.419539928436279,29986800
2011-04-13,8.880000114440918,8.880000114440918,8.649999618530273,5.425746917724609,28284400
2011-04-14,8.630000114440918,8.710000038146973,8.600000381469727,5.388500690460205,15701200
2011-04-15,8.569999694824219,8.6899995803833,8.550000190734863,5.3760857582092285,12280700
2011-04-18,8.380000114440918,8.470000267028809,8.289999961853027,5.214676856994629,24853900
2011-04-19,8.350000381469727,8.380000114440918,8.260000228881836,5.165013790130615,17348500
2011-04-20,8.529999732971191,8.670000076293945,8.510000228881836,5.3326287269592285,24045700
2011-04-21,8.8100004196167,8.819999694824219,8.460000038146973,5.35745906829834,42053000
2011-04-25,8.649999618530273,8.770000457763672,8.579999923706055,5.388500690460205,13491200
2011-04-26,8.65999984741211,8.930000305175781,8.640000343322754,5.500243186950684,27247400
2011-04-27,9.029999732971191,9.25,8.970000267028809,5.698896408081055,34229500
2011-04-28,9.300000190734863,9.420000076293945,9.220000267028809,5.748561382293701,27826300
2011-04-29,9.319999694824219,9.319999694824219,9.149999618530273,5.729937553405762,20246400
2011-05-02,9.319999694824219,9.329999923706055,9.199999809265137,5.736145496368408,15994400
2011-05-03,9.3100004196167,9.380000114440918,9.260000228881836,5.779601097106934,19049100
2011-05-04,8.859999656677246,8.869999885559082,8.550000190734863,5.6876726150512695,47975600
2011-05-05,8.510000228881836,8.5600004196167,8.420000076293945,5.601696014404297,39858000
2011-05-06,8.59000015258789,8.630000114440918,8.380000114440918,5.581854820251465,18165900
2011-05-09,8.4399995803833,8.489999771118164,8.350000381469727,5.562014102935791,15588500
2011-05-10,8.510000228881836,8.800000190734863,8.479999542236328,5.780261039733887,38758400
2011-05-11,8.699999809265137,8.760000228881836,8.569999694824219,5.707511901855469,19851000
2011-05-12,8.640000343322754,8.6899995803833,8.539999961853027,5.727355003356934,11329900
2011-05-13,8.619999885559082,8.630000114440918,8.430000305175781,5.64799165725708,14946100
2011-05-16,8.649999618530273,8.729999542236328,8.550000190734863,5.694286346435547,41291400
2011-05-17,8.569999694824219,8.630000114440918,8.5,5.661219120025635,17549300
2011-05-18,8.5600004196167,8.609999656677246,8.510000228881836,5.681058883666992,17393800
2011-05-19,8.520000457763672,8.5600004196167,8.449999809265137,5.654605388641357,12694500
2011-05-20,8.510000228881836,8.510000228881836,8.300000190734863,5.49587869644165,21202000
2011-05-23,8.09000015258789,8.15999984741211,8.020000457763672,5.363607406616211,16253800
2011-05-24,8.199999809265137,8.239999771118164,8.100000381469727,5.376834869384766,14686700
2011-05-25,8.069999694824219,8.210000038146973,8.0600004196167,5.3966755867004395,11525100
2011-05-26,8.149999618530273,8.170000076293945,8.039999961853027,5.350379943847656,20178400
2011-05-27,8.1899995803833,8.220000267028809,8.149999618530273,5.423128604888916,9154600
2011-05-31,7.099999904632568,7.159999847412109,6.789999961853027,4.642727375030518,152606600
2011-06-01,6.510000228881836,7.03000020980835,6.449999809265137,4.4244794845581055,216431800
2011-06-02,6.730000019073486,6.760000228881836,6.539999961853027,4.34511661529541,49128800
2011-06-03,6.539999961853027,6.730000019073486,6.510000228881836,4.404638767242432,54988400
2011-06-06,6.71999979019165,6.800000190734863,6.599999904632568,4.3649582862854,50317500
2011-06-07,6.590000152587891,6.630000114440918,6.510000228881836,4.325277328491211,25718700
2011-06-08,6.369999885559082,6.369999885559082,6.21999979019165,4.120255470275879,51976300
2011-06-09,6.230000019073486,6.349999904632568,6.210000038146973,4.159937381744385,41140600
2011-06-10,6.28000020980835,6.340000152587891,6.170000076293945,4.159937381744385,42531000
2011-06-13,6.230000019073486,6.28000020980835,6.110000133514404,4.040892124176025,37258200
2011-06-14,6.329999923706055,6.409999847412109,6.25,4.140096664428711,55934000
2011-06-15,5.989999771118164,6.079999923706055,5.900000095367432,3.935075283050537,78320300
2011-06-16,5.869999885559082,5.960000038146973,5.809999942779541,3.9284613132476807,49938000
2011-06-17,6.139999866485596,6.150000095367432,5.980000019073486,3.9813711643218994,27003500
2011-06-20,5.929999828338623,5.949999809265137,5.789999961853027,3.868941068649292,23244800
2011-06-21,5.949999809265137,6.099999904632568,5.909999847412109,4.007824897766113,24478100
2011-06-22,6.139999866485596,6.139999866485596,6.019999980926514,3.9945976734161377,24970800
2011-06-23,5.860000133514404,6.03000020980835,5.829999923706055,3.9813711643218994,37340100
2011-06-24,6.03000020980835,6.039999961853027,5.880000114440918,3.888780117034912,19588000
2011-06-27,5.980000019073486,6.179999828338623,5.96999979019165,3.9945976734161377,30659800
2011-06-28,6.050000190734863,6.110000133514404,6.03000020980835,4.040892124176025,16304500
2011-06-29,6.190000057220459,6.420000076293945,6.130000114440918,4.186390399932861,30925800
2011-06-30,6.389999866485596,6.510000228881836,6.360000133514404,4.245913505554199,26832800
2011-07-01,6.389999866485596,6.480000019073486,6.300000190734863,4.245913505554199,23735200
2011-07-05,6.260000228881836,6.340000152587891,6.239999771118164,4.1797776222229,17912200
2011-07-06,6.349999904632568,6.360000133514404,6.25,4.133483409881592,17961000
2011-07-07,6.440000057220459,6.489999771118164,6.380000114440918,4.272367477416992,28575900
2011-07-08,6.300000190734863,6.309999942779541,6.179999828338623,4.113641738891602,17039500
2011-07-11,5.989999771118164,6.03000020980835,5.929999828338623,3.9416885375976562,28272100
2011-07-12,5.889999866485596,5.909999847412109,5.789999961853027,3.8358724117279053,23823600
2011-07-13,5.659999847412109,5.75,5.630000114440918,3.7498950958251953,36764300
2011-07-14,5.710000038146973,5.760000228881836,5.510000228881836,3.6639199256896973,36096400
2011-07-15,5.579999923706055,5.590000152587891,5.510000228881836,3.6639199256896973,21650700
2011-07-18,5.460000038146973,5.5,5.309999942779541,3.584557294845581,28443500
2011-07-19,5.460000038146973,5.579999923706055,5.449999809265137,3.6771464347839355,25603000
2011-07-20,5.739999771118164,5.880000114440918,5.679999828338623,3.8292582035064697,41387000
2011-07-21,5.940000057220459,6.25,5.900000095367432,4.0541205406188965,71095500
2011-07-22,5.980000019073486,6,5.829999923706055,3.875554323196411,32426100
2011-07-25,5.760000228881836,5.78000020980835,5.699999809265137,3.782963275909424,28637000
2011-07-26,5.800000190734863,5.920000076293945,5.78000020980835,3.8953936100006104,27919400
2011-07-27,5.789999961853027,5.849999904632568,5.71999979019165,3.7895772457122803,32158700
2011-07-28,5.710000038146973,5.809999942779541,5.679999828338623,3.7763500213623047,42346300
2011-07-29,5.75,5.809999942779541,5.699999809265137,3.8358724117279053,29798300
2011-08-01,5.789999961853027,5.800000190734863,5.480000019073486,3.6705331802368164,35342700
2011-08-02,5.389999866485596,5.510000228881836,5.340000152587891,3.5316476821899414,66015700
2011-08-03,5.449999809265137,5.46999979019165,5.28000020980835,3.584557294845581,30294000
2011-08-04,5.199999809265137,5.239999771118164,5.019999980926514,3.3200137615203857,40847800
2011-08-05,5.260000228881836,5.340000152587891,4.96999979019165,3.47212553024292,53610600
2011-08-08,4.989999771118164,5.099999904632568,4.849999904632568,3.2274231910705566,41858900
2011-08-09,5.090000152587891,5.210000038146973,4.949999809265137,3.4390578269958496,31287600
2011-08-10,5.099999904632568,5.130000114440918,4.869999885559082,3.2274231910705566,33557300
2011-08-11,4.869999885559082,5.190000057220459,4.820000171661377,3.3729217052459717,32597700
2011-08-12,5.320000171661377,5.400000095367432,5.199999809265137,3.5448741912841797,21131100
2011-08-15,5.960000038146973,6.340000152587891,5.880000114440918,4.159937381744385,115151600
2011-08-16,6.190000057220459,6.340000152587891,6,4.027665615081787,76647600
2011-08-17,5.949999809265137,6.090000152587891,5.889999866485596,3.9218485355377197,31027400
2011-08-18,5.710000038146973,5.920000076293945,5.5,3.7961907386779785,56653200
2011-08-19,5.760000228881836,5.989999771118164,5.739999771118164,3.8358724117279053,48085600
2011-08-22,5.940000057220459,5.949999809265137,5.800000190734863,3.888780117034912,27733100
2011-08-23,5.96999979019165,6.110000133514404,5.900000095367432,4.040892124176025,26204200
2011-08-24,6.03000020980835,6.110000133514404,5.920000076293945,4.007824897766113,19429300
2011-08-25,6.059999942779541,6.099999904632568,5.849999904632568,3.8953936100006104,16672000
2011-08-26,5.800000190734863,5.96999979019165,5.650000095367432,3.9152350425720215,20722200
2011-08-29,6.03000020980835,6.179999828338623,6.010000228881836,4.087188720703125,12023500
2011-08-30,6.150000095367432,6.480000019073486,6.110000133514404,4.259140491485596,45186200
2011-08-31,6.510000228881836,6.590000152587891,6.409999847412109,4.259140491485596,27202300
2011-09-01,6.690000057220459,6.840000152587891,6.550000190734863,4.384798526763916,37850800
2011-09-02,6.380000114440918,6.440000057220459,6.260000228881836,4.193004131317139,28752600
2011-09-06,6.019999980926514,6.199999809265137,6,4.060733318328857,24534000
2011-09-07,6.340000152587891,6.389999866485596,6.25,4.226072788238525,17669300
2011-09-08,6.460000038146973,6.53000020980835,6.309999942779541,4.193004131317139,14500700
2011-09-09,6.179999828338623,6.239999771118164,5.960000038146973,3.95491623878479,21667500
2011-09-12,5.789999961853027,5.909999847412109,5.75,3.8821663856506348,21881900
2011-09-13,5.840000152587891,5.909999847412109,5.769999980926514,3.8821663856506348,21435500
2011-09-14,5.929999828338623,6.099999904632568,5.809999942779541,4.007824897766113,18107700
2011-09-15,6.28000020980835,6.340000152587891,6.090000152587891,4.140096664428711,24111500
2011-09-16,6.199999809265137,6.199999809265137,5.949999809265137,3.9879844188690186,35545100
2011-09-19,5.840000152587891,5.900000095367432,5.75,3.8821663856506348,21130900
2011-09-20,5.949999809265137,5.96999979019165,5.78000020980835,3.8953936100006104,27281500
2011-09-21,5.820000171661377,5.840000152587891,5.559999942779541,3.6837596893310547,26486700
2011-09-22,5.360000133514404,5.389999866485596,5.199999809265137,3.4787392616271973,32125500
2011-09-23,5.139999866485596,5.309999942779541,5.130000114440918,3.4655113220214844,23989500
2011-09-26,5.360000133514404,5.510000228881836,5.210000038146973,3.617624282836914,23225500
2011-09-27,5.679999828338623,5.75,5.599999904632568,3.7234408855438232,19862500
2011-09-28,5.679999828338623,5.71999979019165,5.539999961853027,3.6705331802368164,19582100
2011-09-29,5.789999961853027,5.829999923706055,5.630000114440918,3.8160312175750732,29515300
2011-09-30,5.590000152587891,5.789999961853027,5.579999923706055,3.7432820796966553,22384700
2011-10-03,5.71999979019165,5.739999771118164,5.429999828338623,3.5977838039398193,28621100
2011-10-04,5.21999979019165,5.409999847412109,5.099999904632568,3.5647149085998535,28368700
2011-10-05,5.389999866485596,5.590000152587891,5.329999923706055,3.690372943878174,34104400
2011-10-06,5.559999942779541,5.920000076293945,5.550000190734863,3.9152350425720215,35794600
2011-10-07,5.96999979019165,5.96999979019165,5.829999923706055,3.8623266220092773,13779000
2011-10-10,6.079999923706055,6.199999809265137,6.059999942779541,4.093801498413086,15936800
2011-10-11,6.099999904632568,6.199999809265137,6.070000171661377,4.087188720703125,10391000
2011-10-12,6.380000114440918,6.449999809265137,6.340000152587891,4.206233024597168,20554300
2011-10-13,6.329999923706055,6.340000152587891,6.119999885559082,4.159937381744385,19650400
2011-10-14,6.329999923706055,6.369999885559082,6.21999979019165,4.193004131317139,9727000
2011-10-17,6.210000038146973,6.239999771118164,6,3.9681437015533447,14857600
2011-10-18,6.019999980926514,6.179999828338623,5.949999809265137,4.027665615081787,27274300
2011-10-19,6.119999885559082,6.190000057220459,6,4.047506809234619,29805100
2011-10-20,6.659999847412109,6.71999979019165,6.349999904632568,4.298822402954102,84417200
2011-10-21,6.449999809265137,6.610000133514404,6.440000057220459,4.371571063995361,32556800
2011-10-24,6.610000133514404,6.820000171661377,6.590000152587891,4.470775127410889,38568400
2011-10-25,6.710000038146973,6.869999885559082,6.599999904632568,4.437705993652344,28362300
2011-10-26,6.900000095367432,6.920000076293945,6.53000020980835,4.477388858795166,56557800
2011-10-27,7.21999979019165,7.380000114440918,7.03000020980835,4.834522247314453,60983600
2011-10-28,7.119999885559082,7.199999809265137,7.110000133514404,4.748544216156006,17779700
2011-10-31,7.03000020980835,7.070000171661377,6.730000019073486,4.450934410095215,42547500
2011-11-01,6.25,6.449999809265137,6.190000057220459,4.1731648445129395,37854300
2011-11-02,6.460000038146973,6.559999942779541,6.360000133514404,4.285594463348389,25460100
2011-11-03,6.650000095367432,6.889999866485596,6.5,4.530297756195068,31250300
2011-11-04,6.739999771118164,6.739999771118164,6.53000020980835,4.411252021789551,27599200
2011-11-07,6.739999771118164,6.829999923706055,6.670000076293945,4.503841876983643,23075700
2011-11-08,6.820000171661377,6.909999847412109,6.690000057220459,4.5104570388793945,24500100
2011-11-09,6.53000020980835,6.53000020980835,6.360000133514404,4.21945858001709,23869800
2011-11-10,6.53000020980835,6.559999942779541,6.380000114440918,4.265753746032715,24423400
2011-11-11,6.599999904632568,6.800000190734863,6.550000190734863,4.464160442352295,23014500
2011-11-14,6.619999885559082,6.639999866485596,6.46999979019165,4.325277328491211,15522900
2011-11-15,6.46999979019165,6.599999904632568,6.420000076293945,4.3517303466796875,17192100
2011-11-16,6.590000152587891,6.690000057220459,6.550000190734863,4.338502883911133,22366000
2011-11-17,6.599999904632568,6.690000057220459,6.46999979019165,4.298822402954102,30794300
2011-11-18,6.550000190734863,6.579999923706055,6.449999809265137,4.305435657501221,16351700
2011-11-21,6.309999942779541,6.329999923706055,6,3.9813711643218994,34709400
2011-11-22,5.809999942779541,5.869999885559082,5.53000020980835,3.6771464347839355,44943400
2011-11-23,5.590000152587891,5.630000114440918,5.389999866485596,3.617624282836914,38136600
2011-11-25,5.360000133514404,5.460000038146973,5.269999980926514,3.498579263687134,11031900
2011-11-28,5.690000057220459,5.690000057220459,5.550000190734863,3.710214853286743,29095500
2011-11-29,5.599999904632568,5.630000114440918,5.420000076293945,3.6374645233154297,34221100
2011-11-30,5.690000057220459,5.800000190734863,5.650000095367432,3.8292582035064697,28039000
2011-12-01,5.800000190734863,5.820000171661377,5.570000171661377,3.7498950958251953,23140500
2011-12-02,5.690000057220459,5.699999809265137,5.519999980926514,3.716827630996704,23438900
2011-12-05,5.519999980926514,5.53000020980835,5.320000171661377,3.5514886379241943,25363900
2011-12-06,5.349999904632568,5.440000057220459,5.320000171661377,3.577942371368408,19985300
2011-12-07,5.269999980926514,5.340000152587891,5.199999809265137,3.525034189224243,25669800
2011-12-08,5.090000152587891,5.119999885559082,4.980000019073486,3.306786298751831,44396200
2011-12-09,5,5.190000057220459,4.989999771118164,3.4126040935516357,26146300
2011-12-12,5.019999980926514,5.03000020980835,4.900000095367432,3.28033185005188,21990300
2011-12-13,5.079999923706055,5.179999828338623,4.960000038146973,3.300173044204712,26369700
2011-12-14,5.070000171661377,5.159999847412109,4.960000038146973,3.3200137615203857,24617300
2011-12-15,4.980000019073486,5.010000228881836,4.849999904632568,3.21419620513916,22652900
2011-12-16,4.829999923706055,4.849999904632568,4.619999885559082,3.095151662826538,31942300
2011-12-19,4.710000038146973,4.730000019073486,4.460000038146973,2.9827208518981934,37176800
2011-12-20,4.75,4.829999923706055,4.690000057220459,3.1745150089263916,44274800
2011-12-21,4.809999942779541,4.849999904632568,4.699999809265137,3.207582473754883,26476300
2011-12-22,4.849999904632568,4.96999979019165,4.820000171661377,3.2737174034118652,16658800
2011-12-23,4.920000076293945,4.940000057220459,4.860000133514404,3.253877639770508,10989000
2011-12-27,4.860000133514404,4.880000114440918,4.760000228881836,3.161288261413574,11188300
2011-12-28,4.800000190734863,4.800000190734863,4.670000076293945,3.134833574295044,22659400
2011-12-29,4.760000228881836,4.880000114440918,4.730000019073486,3.154674530029297,28688700
2011-12-30,4.78000020980835,4.909999847412109,4.769999980926514,3.187741994857788,18602700
2012-01-03,5.170000076293945,5.199999809265137,5.110000133514404,3.39937686920166,25547800
2012-01-04,5.03000020980835,5.090000152587891,4.96999979019165,3.3596951961517334,21273900
2012-01-05,5.21999979019165,5.550000190734863,5.210000038146973,3.577942371368408,61179300
2012-01-06,5.349999904632568,5.349999904632568,5.190000057220459,3.4655113220214844,40782300
2012-01-09,5.210000038146973,5.25,5.139999866485596,3.4588983058929443,31513400
2012-01-10,5.340000152587891,5.440000057220459,5.309999942779541,3.5647149085998535,31613800
2012-01-11,5.329999923706055,5.340000152587891,5.230000019073486,3.518420457839966,19813700
2012-01-12,5.329999923706055,5.360000133514404,5.239999771118164,3.5118067264556885,15669700
2012-01-13,5.21999979019165,5.25,5.130000114440918,3.4456710815429688,22962700
2012-01-17,5.409999847412109,5.670000076293945,5.360000133514404,3.7300546169281006,46357300
2012-01-18,5.650000095367432,5.679999828338623,5.579999923706055,3.7498950958251953,30267700
2012-01-19,5.610000133514404,5.78000020980835,5.590000152587891,3.809417724609375,33164500
2012-01-20,5.679999828338623,5.699999809265137,5.599999904632568,3.710214853286743,25520700
2012-01-23,5.630000114440918,5.760000228881836,5.630000114440918,3.7895772457122803,26897400
2012-01-24,5.269999980926514,5.369999885559082,5.25,3.4853522777557373,57750500
2012-01-25,5.199999809265137,5.300000190734863,5.159999847412109,3.4853522777557373,43313700
2012-01-26,5.460000038146973,5.519999980926514,5.360000133514404,3.571328639984131,51429800
2012-01-27,5.230000019073486,5.28000020980835,5.070000171661377,3.3596951961517334,45289500
2012-01-30,4.96999979019165,5.079999923706055,4.929999828338623,3.3398540019989014,43319200
2012-01-31,5.070000171661377,5.079999923706055,4.96999979019165,3.333239793777466,40435900
2012-02-01,5.099999904632568,5.199999809265137,5.079999923706055,3.3729217052459717,32026700
2012-02-02,5.039999961853027,5.070000171661377,5,3.3200137615203857,38912500
2012-02-03,5.059999942779541,5.139999866485596,5.050000190734863,3.3861489295959473,19539300
2012-02-06,5,5.050000190734863,4.980000019073486,3.333239793777466,16131500
2012-02-07,5.150000095367432,5.210000038146973,5.119999885559082,3.3927628993988037,27040600
2012-02-08,5.159999847412109,5.239999771118164,5.150000095367432,3.4456710815429688,14794500
2012-02-09,5.170000076293945,5.190000057220459,5.050000190734863,3.353081703186035,23767800
2012-02-10,5.010000228881836,5.039999961853027,4.949999809265137,3.28033185005188,31170100
2012-02-13,5.050000190734863,5.110000133514404,4.980000019073486,3.3729217052459717,29833700
2012-02-14,5.099999904632568,5.139999866485596,5.059999942779541,3.3927628993988037,21585700
2012-02-15,5.150000095367432,5.190000057220459,5.090000152587891,3.3729217052459717,17613200
2012-02-16,5.130000114440918,5.21999979019165,5.119999885559082,3.4456710815429688,21256400
2012-02-17,5.340000152587891,5.5,5.329999923706055,3.630851984024048,37384600
2012-02-21,5.539999961853027,5.650000095367432,5.510000228881836,3.690372943878174,22962200
2012-02-22,5.599999904632568,5.630000114440918,5.550000190734863,3.6771464347839355,21558200
2012-02-23,5.440000057220459,5.539999961853027,5.409999847412109,3.6639199256896973,26321100
2012-02-24,5.789999961853027,5.869999885559082,5.75,3.8358724117279053,59628300
2012-02-27,5.440000057220459,5.489999771118164,5.400000095367432,3.5977838039398193,33487400
2012-02-28,5.440000057220459,5.460000038146973,5.340000152587891,3.5514886379241943,31612900
2012-02-29,5.349999904632568,5.409999847412109,5.230000019073486,3.498579263687134,36802700
2012-03-01,5.309999942779541,5.360000133514404,5.130000114440918,3.498579263687134,52410600
2012-03-02,5.210000038146973,5.239999771118164,5.150000095367432,3.4588983058929443,22194600
2012-03-05,5.210000038146973,5.210000038146973,5.119999885559082,3.419217109680176,17383200
2012-03-06,4.980000019073486,5.019999980926514,4.949999809265137,3.28033185005188,50595600
2012-03-07,5.039999961853027,5.099999904632568,4.989999771118164,3.3464674949645996,21970800
2012-03-08,5.050000190734863,5.150000095367432,5.019999980926514,3.3596951961517334,15309200
2012-03-09,5.099999904632568,5.119999885559082,5.050000190734863,3.3464674949645996,11241100
2012-03-12,5.019999980926514,5.039999961853027,5,3.306786298751831,12829100
2012-03-13,5.039999961853027,5.050000190734863,4.989999771118164,3.3398540019989014,26650300
2012-03-14,5.019999980926514,5.03000020980835,4.900000095367432,3.2671051025390625,35534100
2012-03-15,5.03000020980835,5.400000095367432,4.980000019073486,3.452284574508667,58885600
2012-03-16,5.260000228881836,5.400000095367432,5.21999979019165,3.525034189224243,59430300
2012-03-19,5.380000114440918,5.489999771118164,5.380000114440918,3.571328639984131,28898800
2012-03-20,5.489999771118164,5.510000228881836,5.400000095367432,3.584557294845581,25939900
2012-03-21,5.420000076293945,5.429999828338623,5.309999942779541,3.525034189224243,19515700
2012-03-22,5.21999979019165,5.289999961853027,5.179999828338623,3.47212553024292,16106000
2012-03-23,5.239999771118164,5.349999904632568,5.190000057220459,3.498579263687134,13075100
2012-03-26,5.369999885559082,5.389999866485596,5.289999961853027,3.5316476821899414,25565800
2012-03-27,5.420000076293945,5.489999771118164,5.360000133514404,3.5514886379241943,23654300
2012-03-28,5.539999961853027,5.570000171661377,5.460000038146973,3.6639199256896973,41733200
2012-03-29,5.440000057220459,5.489999771118164,5.340000152587891,3.584557294845581,32650800
2012-03-30,5.489999771118164,5.53000020980835,5.420000076293945,3.630851984024048,23742800
2012-04-02,5.400000095367432,5.510000228881836,5.380000114440918,3.617624282836914,17611900
2012-04-03,5.510000228881836,5.519999980926514,5.300000190734863,3.5118067264556885,31916300
2012-04-04,5.190000057220459,5.199999809265137,5.059999942779541,3.353081703186035,46989500
2012-04-05,5.090000152587891,5.170000076293945,5.079999923706055,3.379535675048828,25050400
2012-04-09,5.119999885559082,5.159999847412109,5.019999980926514,3.39937686920166,22630400
2012-04-10,5.119999885559082,5.179999828338623,5.010000228881836,3.326627254486084,35305400
2012-04-11,4.360000133514404,4.409999847412109,4.199999809265137,2.804154396057129,186901800
2012-04-12,4.119999885559082,4.239999771118164,4.010000228881836,2.797541379928589,80518400
2012-04-13,4.119999885559082,4.130000114440918,4.010000228881836,2.658655881881714,59425800
2012-04-16,3.940000057220459,4.179999828338623,3.9000000953674316,2.704951286315918,59353000
2012-04-17,4.079999923706055,4.159999847412109,4.039999961853027,2.685110569000244,53757100
2012-04-18,3.990000009536743,4.050000190734863,3.950000047683716,2.6255881786346436,38302600
2012-04-19,3.8299999237060547,3.930000066757202,3.7899999618530273,2.5263843536376953,58298700
2012-04-20,3.7300000190734863,3.7699999809265137,3.690000057220459,2.447021484375,59959400
2012-04-23,3.630000114440918,3.6700000762939453,3.5999999046325684,2.4139537811279297,46226200
2012-04-24,3.5399999618530273,3.690000057220459,3.5399999618530273,2.4007270336151123,45247400
2012-04-25,3.75,3.819999933242798,3.7200000286102295,2.4800899028778076,36475400
2012-04-26,3.700000047683716,3.740000009536743,3.6500000953674316,2.420567750930786,32582400
2012-04-27,3.690000057220459,3.7300000190734863,3.6500000953674316,2.4271810054779053,20840300
2012-04-30,3.6600000858306885,3.6700000762939453,3.5999999046325684,2.4139537811279297,20811400
2012-05-01,3.690000057220459,3.75,3.640000104904175,2.4337949752807617,15161200
2012-05-02,3.569999933242798,3.6700000762939453,3.549999952316284,2.367659091949463,39671400
2012-05-03,3.5899999141693115,3.619999885559082,3.5399999618530273,2.3412044048309326,23982900
2012-05-04,3.2899999618530273,3.299999952316284,3.119999885559082,2.243624448776245,48928200
2012-05-07,3.130000114440918,3.240000009536743,3.130000114440918,2.286360502243042,26689000
2012-05-08,3.2699999809265137,3.309999942779541,3.190000057220459,2.343341588973999,35001900
2012-05-09,3.180000066757202,3.2300000190734863,3.130000114440918,2.243624448776245,38022900
2012-05-10,3.2100000381469727,3.309999942779541,3.190000057220459,2.3077285289764404,44640900
2012-05-11,3.2200000286102295,3.380000114440918,3.180000066757202,2.279237985610962,58124200
2012-05-14,3.049999952316284,3.0799999237060547,3.009999990463257,2.172398567199707,42404300
2012-05-15,2.9600000381469727,2.9800000190734863,2.880000114440918,2.058436870574951,39229600
2012-05-16,2.9000000953674316,2.9200000762939453,2.799999952316284,1.9943335056304932,31591400
2012-05-17,2.819999933242798,2.859999895095825,2.7899999618530273,1.9943335056304932,24851900
2012-05-18,2.819999933242798,2.880000114440918,2.819999933242798,2.0299463272094727,32186000
2012-05-21,2.869999885559082,3.0299999713897705,2.869999885559082,2.1510305404663086,33964600
2012-05-22,2.9100000858306885,2.930000066757202,2.869999885559082,2.051314353942871,39937200
2012-05-23,2.799999952316284,2.809999942779541,2.680000066757202,1.944474458694458,54749300
2012-05-24,2.740000009536743,2.75,2.700000047683716,1.9515975713729858,28075700
2012-05-25,2.7200000286102295,2.8399999141693115,2.7100000381469727,2.0085785388946533,26219500
2012-05-29,2.9000000953674316,2.950000047683716,2.880000114440918,2.101172924041748,32235200
2012-05-30,2.799999952316284,2.809999942779541,2.7300000190734863,1.9515975713729858,33849300
2012-05-31,2.690000057220459,2.7100000381469727,2.630000114440918,1.9017393589019775,27557300
2012-06-01,2.6500000953674316,2.680000066757202,2.609999895095825,1.880371332168579,19564100
2012-06-04,2.6700000762939453,2.690000057220459,2.609999895095825,1.8590030670166016,17364900
2012-06-05,2.6500000953674316,2.759999990463257,2.640000104904175,1.9658429622650146,34496900
2012-06-06,2.809999942779541,2.880000114440918,2.799999952316284,2.051314353942871,32174900
2012-06-07,2.880000114440918,2.9000000953674316,2.819999933242798,2.015700578689575,24032300
2012-06-08,2.9600000381469727,3.0299999713897705,2.859999895095825,2.1510305404663086,76742100
2012-06-11,2.950000047683716,2.9600000381469727,2.759999990463257,1.9729654788970947,43843400
2012-06-12,2.8299999237060547,2.880000114440918,2.799999952316284,2.044191360473633,18380500
2012-06-13,2.7899999618530273,2.8399999141693115,2.7799999713897705,1.9872101545333862,18353600
2012-06-14,2.440000057220459,2.509999990463257,2.299999952316284,1.6738154888153076,107309500
2012-06-15,2.369999885559082,2.490000009536743,2.359999895095825,1.7664093971252441,47419100
2012-06-18,2.4800000190734863,2.549999952316284,2.4600000381469727,1.7877769470214844,26266400
2012-06-19,2.5199999809265137,2.5799999237060547,2.5,1.8091450929641724,27646600
2012-06-20,2.509999990463257,2.5299999713897705,2.4600000381469727,1.7806546688079834,37757700
2012-06-21,2.490000009536743,2.490000009536743,2.359999895095825,1.695183515548706,24765400
2012-06-22,2.4100000858306885,2.430000066757202,2.369999885559082,1.695183515548706,18710600
2012-06-25,2.240000009536743,2.25,2.140000104904175,1.559853434562683,46734300
2012-06-26,2.109999895095825,2.200000047683716,2.0899999141693115,1.5384854078292847,41402800
2012-06-27,2.2100000381469727,2.2300000190734863,2.140000104904175,1.559853434562683,26419900
2012-06-28,2.140000104904175,2.1600000858306885,2.0799999237060547,1.5028722286224365,34083900
2012-06-29,2.190000057220459,2.200000047683716,2.0399999618530273,1.474381923675537,68689800
2012-07-02,2.109999895095825,2.140000104904175,2.0799999237060547,1.5242406129837036,17660400
2012-07-03,2.109999895095825,2.140000104904175,2.0999999046325684,1.5171178579330444,10320700
2012-07-05,2.0399999618530273,2.049999952316284,2,1.4387688636779785,36552700
2012-07-06,1.9600000381469727,1.9700000286102295,1.9199999570846558,1.3675427436828613,36046100
2012-07-09,1.8700000047683716,1.899999976158142,1.8300000429153442,1.3105616569519043,34546700
2012-07-10,1.8200000524520874,1.8300000429153442,1.7699999809265137,1.2820712327957153,39153500
2012-07-11,1.840000033378601,1.940000057220459,1.8300000429153442,1.3532973527908325,48743900
2012-07-12,1.9299999475479126,1.940000057220459,1.8700000047683716,1.3390522003173828,29599400
2012-07-13,1.8600000143051147,1.909999966621399,1.8200000524520874,1.3105616569519043,20665000
2012-07-16,1.840000033378601,1.8799999952316284,1.7999999523162842,1.2820712327957153,38347900
2012-07-17,1.7999999523162842,1.7999999523162842,1.690000057220459,1.2037227153778076,66647800
2012-07-18,1.659999966621399,1.7300000190734863,1.6299999952316284,1.232213020324707,51607100
2012-07-19,1.9500000476837158,1.9600000381469727,1.7699999809265137,1.317684292793274,101267800
2012-07-20,1.7300000190734863,1.7599999904632568,1.6699999570846558,1.2179677486419678,49446300
2012-07-23,1.6699999570846558,1.8300000429153442,1.6699999570846558,1.3034392595291138,32430700
2012-07-24,1.7799999713897705,1.8200000524520874,1.75,1.253580927848816,29231900
2012-07-25,1.8200000524520874,1.8600000143051147,1.7999999523162842,1.3105616569519043,23672000
2012-07-26,1.9500000476837158,2.0199999809265137,1.909999966621399,1.4387688636779785,45943500
2012-07-27,2.069999933242798,2.1600000858306885,2.069999933242798,1.5028722286224365,56225300
2012-07-30,2.1600000858306885,2.200000047683716,2.0999999046325684,1.545608639717102,36486800
2012-07-31,2.2899999618530273,2.4100000858306885,2.240000009536743,1.7165510654449463,88326400
2012-08-01,2.430000066757202,2.7200000286102295,2.319999933242798,1.695183515548706,164822900
2012-08-02,2.3499999046325684,2.369999885559082,2.1700000762939453,1.6168345212936401,64136300
2012-08-03,2.319999933242798,2.4100000858306885,2.2899999618530273,1.6880605220794678,35844600
2012-08-06,2.4700000286102295,2.5399999618530273,2.4200000762939453,1.7877769470214844,31034900
2012-08-07,2.680000066757202,2.690000057220459,2.5799999237060547,1.8874937295913696,53883900
2012-08-08,2.549999952316284,2.690000057220459,2.509999990463257,1.9017393589019775,39243500
2012-08-09,2.7699999809265137,2.930000066757202,2.7300000190734863,2.0869271755218506,56183100
2012-08-10,2.799999952316284,2.8499999046325684,2.700000047683716,1.9658429622650146,49622900
2012-08-13,2.7699999809265137,2.799999952316284,2.5799999237060547,1.8590030670166016,42513700
2012-08-14,2.5,2.509999990463257,2.4100000858306885,1.7735319137573242,51174600
2012-08-15,2.5199999809265137,2.640000104904175,2.509999990463257,1.880371332168579,42692700
2012-08-16,2.6600000858306885,2.7300000190734863,2.5799999237060547,1.880371332168579,32315400
2012-08-17,2.759999990463257,2.7899999618530273,2.7100000381469727,1.9515975713729858,28725100
2012-08-20,2.740000009536743,2.809999942779541,2.700000047683716,1.9587199687957764,19560000
2012-08-21,2.7799999713897705,2.8499999046325684,2.7300000190734863,1.9658429622650146,23772900
2012-08-22,2.880000114440918,2.890000104904175,2.809999942779541,2.051314353942871,35493400
2012-08-23,2.950000047683716,3.2100000381469727,2.9200000762939453,2.279237985610962,102944400
2012-08-24,3.0799999237060547,3.2100000381469727,3.059999942779541,2.193765878677368,56949900
2012-08-27,3.309999942779541,3.390000104904175,3.25,2.3148510456085205,83242200
2012-08-28,3.200000047683716,3.2100000381469727,3,2.158153533935547,68326200
2012-08-29,2.930000066757202,2.9600000381469727,2.7799999713897705,2.065559148788452,91130800
2012-08-30,2.930000066757202,2.940000057220459,2.7300000190734863,1.9587199687957764,69091800
2012-08-31,2.819999933242798,2.859999895095825,2.75,2.0085785388946533,43245600
2012-09-04,2.9000000953674316,2.950000047683716,2.819999933242798,2.015700578689575,68465600
2012-09-05,2.890000104904175,2.9000000953674316,2.359999895095825,1.695183515548706,211194300
2012-09-06,2.390000104904175,2.509999990463257,2.2699999809265137,1.7521640062332153,121457200
2012-09-07,2.5199999809265137,2.6500000953674316,2.4800000190734863,1.880371332168579,90506000
2012-09-10,2.6500000953674316,2.680000066757202,2.5899999141693115,1.873248815536499,36463400
2012-09-11,2.7899999618530273,2.809999942779541,2.740000009536743,1.9872101545333862,42621300
2012-09-12,2.940000057220459,2.9800000190734863,2.7100000381469727,1.9587199687957764,140961600
2012-09-13,2.799999952316284,2.9700000286102295,2.7799999713897705,2.0940499305725098,61149300
2012-09-14,3.009999990463257,3.140000104904175,2.9000000953674316,2.122540235519409,100446300
2012-09-17,3.049999952316284,3.0899999141693115,2.9100000858306885,2.115417718887329,48404700
2012-09-18,2.869999885559082,2.950000047683716,2.8299999237060547,2.065559148788452,47398300
2012-09-19,2.869999885559082,2.9000000953674316,2.8299999237060547,2.058436870574951,27038500
2012-09-20,2.8299999237060547,2.869999885559082,2.809999942779541,2.0299463272094727,28255300
2012-09-21,2.7899999618530273,2.819999933242798,2.6700000762939453,1.9729654788970947,53553200
2012-09-24,2.700000047683716,2.7699999809265137,2.6700000762939453,1.9515975713729858,23505800
2012-09-25,2.7699999809265137,2.7799999713897705,2.680000066757202,1.9231069087982178,30358000
2012-09-26,2.640000104904175,2.6500000953674316,2.5299999713897705,1.8447580337524414,50607100
2012-09-27,2.6500000953674316,2.690000057220459,2.5999999046325684,1.9017393589019775,29255000
2012-09-28,2.640000104904175,2.6700000762939453,2.549999952316284,1.8376355171203613,60624700
2012-10-01,2.5899999141693115,2.7899999618530273,2.5899999141693115,1.9658429622650146,70242400
2012-10-02,2.7799999713897705,2.809999942779541,2.5899999141693115,1.8661259412765503,53093700
2012-10-03,2.630000114440918,2.6700000762939453,2.5799999237060547,1.8946166038513184,30106100
2012-10-04,2.6600000858306885,2.690000057220459,2.5999999046325684,1.880371332168579,26096200
2012-10-05,2.700000047683716,2.7100000381469727,2.6500000953674316,1.9088616371154785,15780400
2012-10-08,2.6500000953674316,2.680000066757202,2.6500000953674316,1.9088616371154785,10680600
2012-10-09,2.7300000190734863,2.759999990463257,2.6700000762939453,1.9088616371154785,21231000
2012-10-10,2.630000114440918,2.6500000953674316,2.5199999809265137,1.8518812656402588,33201800
2012-10-11,2.569999933242798,2.5999999046325684,2.5199999809265137,1.816267967224121,29076600
2012-10-12,2.549999952316284,2.5899999141693115,2.5299999713897705,1.823390245437622,25442000
2012-10-15,2.5999999046325684,2.690000057220459,2.5799999237060547,1.9088616371154785,22022700
2012-10-16,2.75,2.8499999046325684,2.740000009536743,2.0085785388946533,48245600
2012-10-17,2.869999885559082,2.940000057220459,2.809999942779541,2.0940499305725098,49744900
2012-10-18,2.819999933242798,2.950000047683716,2.740000009536743,1.9943335056304932,125718200
2012-10-19,2.8399999141693115,2.8499999046325684,2.700000047683716,1.9515975713729858,42623200
2012-10-22,2.8399999141693115,2.869999885559082,2.759999990463257,2.001455545425415,47336300
2012-10-23,2.619999885559082,2.7200000286102295,2.609999895095825,1.9088616371154785,60021600
2012-10-24,2.6500000953674316,2.6700000762939453,2.559999942779541,1.823390245437622,27844400
2012-10-25,2.630000114440918,2.6600000858306885,2.609999895095825,1.873248815536499,22867000
2012-10-26,2.5999999046325684,2.609999895095825,2.559999942779541,1.823390245437622,26625600
2012-10-31,2.700000047683716,2.7200000286102295,2.6500000953674316,1.9017393589019775,24822200
2012-11-01,2.759999990463257,2.859999895095825,2.740000009536743,2.0299463272094727,35760200
2012-11-02,2.809999942779541,2.8499999046325684,2.759999990463257,1.9943335056304932,29246300
2012-11-05,2.7699999809265137,2.8299999237060547,2.740000009536743,1.9729654788970947,21756200
2012-11-06,2.7699999809265137,2.819999933242798,2.75,1.9729654788970947,21711600
2012-11-07,2.690000057220459,2.7100000381469727,2.5999999046325684,1.880371332168579,41941000
2012-11-08,2.640000104904175,2.680000066757202,2.5999999046325684,1.8661259412765503,23227300
2012-11-09,2.619999885559082,2.6700000762939453,2.609999895095825,1.8874937295913696,22222700
2012-11-12,2.7200000286102295,2.740000009536743,2.6700000762939453,1.9302301406860352,15221600
2012-11-13,2.640000104904175,2.700000047683716,2.630000114440918,1.9159846305847168,20052100
2012-11-14,2.7799999713897705,2.7899999618530273,2.630000114440918,1.9017393589019775,34390700
2012-11-15,2.7100000381469727,2.7799999713897705,2.690000057220459,1.937352180480957,34720700
2012-11-16,2.75,2.799999952316284,2.6600000858306885,1.9729654788970947,33315000
2012-11-19,2.880000114440918,2.950000047683716,2.859999895095825,2.0940499305725098,45610300
2012-11-20,2.9700000286102295,3.0299999713897705,2.9200000762939453,2.101172924041748,49847400
2012-11-21,3.069999933242798,3.4000000953674316,3.049999952316284,2.357586622238159,147661800
2012-11-23,3.440000057220459,3.5899999141693115,3.380000114440918,2.535651683807373,95862700
2012-11-26,3.5399999618530273,3.549999952316284,3.3499999046325684,2.3931996822357178,75027400
2012-11-27,3.3499999046325684,3.359999895095825,3.1500000953674316,2.2578699588775635,72293700
2012-11-28,3.200000047683716,3.319999933242798,3.1700000762939453,2.3290963172912598,56154900
2012-11-29,3.390000104904175,3.4200000762939453,3.259999990463257,2.3647093772888184,67252300
2012-11-30,3.2899999618530273,3.3399999141693115,3.25,2.3219733238220215,34648600
2012-12-03,3.2899999618530273,3.309999942779541,3.240000009536743,2.3219733238220215,23716900
2012-12-04,3.309999942779541,3.4600000381469727,3.2799999713897705,2.450181007385254,47247000
2012-12-05,3.559999942779541,3.9000000953674316,3.549999952316284,2.7635765075683594,144779500
2012-12-06,3.869999885559082,3.9000000953674316,3.6600000858306885,2.6709821224212646,85861600
2012-12-07,3.8499999046325684,3.9000000953674316,3.740000009536743,2.742208242416382,68348400
2012-12-10,3.7100000381469727,3.7300000190734863,3.5899999141693115,2.628246545791626,65132500
2012-12-11,3.7200000286102295,3.869999885559082,3.7200000286102295,2.699472665786743,46368800
2012-12-12,3.8299999237060547,3.8499999046325684,3.799999952316284,2.7279629707336426,31642500
2012-12-13,3.759999990463257,3.8399999141693115,3.690000057220459,2.6781044006347656,55650400
2012-12-14,3.8399999141693115,3.880000114440918,3.7899999618530273,2.7208402156829834,55682800
2012-12-17,3.8399999141693115,4.039999961853027,3.8299999237060547,2.813434600830078,79283700
2012-12-18,4.170000076293945,4.269999980926514,4.099999904632568,2.991499662399292,97643300
2012-12-19,4.300000190734863,4.349999904632568,4.139999866485596,2.998622417449951,79778000
2012-12-20,4.190000057220459,4.269999980926514,4.150000095367432,2.9772539138793945,48289300
2012-12-21,4.03000020980835,4.090000152587891,3.9700000286102295,2.841923952102661,65942700
2012-12-24,4.050000190734863,4.059999942779541,3.930000066757202,2.8490471839904785,21078400
2012-12-26,4.039999961853027,4.059999942779541,3.930000066757202,2.884660482406616,30315500
2012-12-27,4.059999942779541,4.070000171661377,3.930000066757202,2.8490471839904785,39851800
2012-12-28,3.869999885559082,3.9200000762939453,3.799999952316284,2.7137179374694824,39740200
2012-12-31,3.809999942779541,3.990000009536743,3.7899999618530273,2.813434600830078,33022900
2013-01-02,4.179999828338623,4.199999809265137,4.059999942779541,2.927396059036255,54166100
2013-01-03,4.130000114440918,4.21999979019165,4.079999923706055,2.9630095958709717,50209000
2013-01-04,4.199999809265137,4.21999979019165,4.130000114440918,2.9772539138793945,34043600
2013-01-07,4.210000038146973,4.289999961853027,4.179999828338623,3.005744457244873,37033500
2013-01-08,4.059999942779541,4.110000133514404,3.9800000190734863,2.884660482406616,56754700
2013-01-09,3.9100000858306885,3.9800000190734863,3.6700000762939453,2.6709821224212646,92931100
2013-01-10,4.449999809265137,4.5,4.25,3.169565200805664,279831700
2013-01-11,4.420000076293945,4.75,4.409999847412109,3.3476309776306152,124064700
2013-01-14,4.650000095367432,4.739999771118164,4.510000228881836,3.2906508445739746,79814600
2013-01-15,4.539999961853027,4.699999809265137,4.53000020980835,3.3048946857452393,51595600
2013-01-16,4.570000171661377,4.650000095367432,4.539999961853027,3.2550368309020996,39915600
2013-01-17,4.610000133514404,4.610000133514404,4.5,3.226546287536621,52572400
2013-01-18,4.429999828338623,4.489999771118164,4.349999904632568,3.155320167541504,56266000
2013-01-22,4.489999771118164,4.619999885559082,4.480000019073486,3.2906508445739746,52680500
2013-01-23,4.710000038146973,4.900000095367432,4.619999885559082,3.3048946857452393,77342100
2013-01-24,4.179999828338623,4.440000057220459,4.159999847412109,3.034235715866089,156197400
2013-01-25,4.210000038146973,4.260000228881836,4.099999904632568,2.991499662399292,82278900
2013-01-28,4.179999828338623,4.349999904632568,4.159999847412109,3.0271127223968506,53682100
2013-01-29,4.260000228881836,4.300000190734863,4.179999828338623,2.998622417449951,37524000
2013-01-30,4.190000057220459,4.230000019073486,4.059999942779541,2.913151264190674,43433100
2013-01-31,3.940000057220459,4.019999980926514,3.8499999046325684,2.7920665740966797,85477100
2013-02-01,4.019999980926514,4.119999885559082,3.9700000286102295,2.8490471839904785,40926400
2013-02-04,3.9200000762939453,4.010000228881836,3.809999942779541,2.7137179374694824,61015600
2013-02-05,3.859999895095825,3.9600000381469727,3.8499999046325684,2.813434600830078,43223700
2013-02-06,3.9100000858306885,4.150000095367432,3.890000104904175,2.934519052505493,72723300
2013-02-07,4.139999866485596,4.150000095367432,4.019999980926514,2.8917837142944336,38376600
2013-02-08,4.110000133514404,4.150000095367432,4.059999942779541,2.8989057540893555,25105800
2013-02-11,4.150000095367432,4.170000076293945,4.099999904632568,2.9558866024017334,26138600
2013-02-12,4.150000095367432,4.170000076293945,4.099999904632568,2.927396059036255,18373900
2013-02-13,4.090000152587891,4.110000133514404,3.950000047683716,2.8348026275634766,35762500
2013-02-14,3.880000114440918,3.990000009536743,3.8499999046325684,2.8348026275634766,30052200
2013-02-15,4.019999980926514,4.070000171661377,3.9600000381469727,2.841923952102661,24690300
2013-02-19,3.9600000381469727,3.990000009536743,3.9100000858306885,2.7991883754730225,26789000
2013-02-20,3.9000000953674316,3.9200000762939453,3.809999942779541,2.7208402156829834,53132900
2013-02-21,3.7699999809265137,3.799999952316284,3.680000066757202,2.6709821224212646,39837500
2013-02-22,3.809999942779541,3.8399999141693115,3.740000009536743,2.692350149154663,43821000
2013-02-25,3.9000000953674316,3.9100000858306885,3.609999895095825,2.5855109691619873,49052600
2013-02-26,3.6500000953674316,3.680000066757202,3.5399999618530273,2.5427746772766113,49172500
2013-02-27,3.619999885559082,3.7899999618530273,3.619999885559082,2.685227632522583,55260100
2013-02-28,3.6500000953674316,3.7200000286102295,3.609999895095825,2.5997555255889893,55473400
2013-03-01,3.569999933242798,3.609999895095825,3.5399999618530273,2.5570197105407715,31846300
2013-03-04,3.4800000190734863,3.549999952316284,3.4600000381469727,2.471548318862915,62764700
2013-03-05,3.5899999141693115,3.609999895095825,3.509999990463257,2.514284372329712,31837400
2013-03-06,3.6700000762939453,3.700000047683716,3.569999933242798,2.578387498855591,33565700
2013-03-07,3.700000047683716,3.759999990463257,3.640000104904175,2.628246545791626,43781600
2013-03-08,3.740000009536743,3.75,3.630000114440918,2.6211233139038086,33438100
2013-03-11,3.609999895095825,3.6500000953674316,3.559999942779541,2.578387498855591,28441100
2013-03-12,3.6500000953674316,3.690000057220459,3.549999952316284,2.5498971939086914,48966900
2013-03-13,3.549999952316284,3.549999952316284,3.450000047683716,2.457303285598755,47328500
2013-03-14,3.509999990463257,3.5299999713897705,3.4600000381469727,2.471548318862915,35810100
2013-03-15,3.440000057220459,3.5899999141693115,3.4100000858306885,2.4430582523345947,109213400
2013-03-18,3.2899999618530273,3.4200000762939453,3.2799999713897705,2.3860771656036377,56873500
2013-03-19,3.380000114440918,3.450000047683716,3.3499999046325684,2.4216902256011963,50135400
2013-03-20,3.4200000762939453,3.4700000286102295,3.390000104904175,2.457303285598755,38049400
2013-03-21,3.380000114440918,3.4800000190734863,3.380000114440918,2.457303285598755,41930900
2013-03-22,3.4000000953674316,3.450000047683716,3.309999942779541,2.3718318939208984,44608800
2013-03-25,3.2899999618530273,3.2899999618530273,3.190000057220459,2.3219733238220215,44264000
2013-03-26,3.2799999713897705,3.3299999237060547,3.2699999809265137,2.350464105606079,20849700
2013-03-27,3.2699999809265137,3.3399999141693115,3.2699999809265137,2.3789546489715576,33441600
2013-03-28,3.2899999618530273,3.3299999237060547,3.259999990463257,2.33621883392334,35469400
2013-04-01,3.299999952316284,3.319999933242798,3.25,2.3219733238220215,17051000
2013-04-02,3.2300000190734863,3.2799999713897705,3.2100000381469727,2.3219733238220215,29894500
2013-04-03,3.2899999618530273,3.380000114440918,3.2699999809265137,2.400322198867798,43190900
2013-04-04,3.390000104904175,3.4000000953674316,3.319999933242798,2.4074454307556152,36519800
2013-04-05,3.380000114440918,3.390000104904175,3.319999933242798,2.3789546489715576,21996400
2013-04-08,3.309999942779541,3.3399999141693115,3.2799999713897705,2.343341588973999,20091800
2013-04-09,3.309999942779541,3.390000104904175,3.299999952316284,2.400322198867798,17064100
2013-04-10,3.4100000858306885,3.569999933242798,3.4000000953674316,2.507161855697632,62872600
2013-04-11,3.5199999809265137,3.5299999713897705,3.4600000381469727,2.4786715507507324,24780100
2013-04-12,3.490000009536743,3.509999990463257,3.430000066757202,2.485793352127075,18154500
2013-04-15,3.430000066757202,3.450000047683716,3.3299999237060547,2.3718318939208984,32233700
2013-04-16,3.4600000381469727,3.4800000190734863,3.4000000953674316,2.450181007385254,16832400
2013-04-17,3.4700000286102295,3.630000114440918,3.430000066757202,2.5498971939086914,54824000
2013-04-18,3.2200000286102295,3.259999990463257,3.109999895095825,2.2578699588775635,130024600
2013-04-19,3.0899999141693115,3.109999895095825,3.0199999809265137,2.186643600463867,57174800
2013-04-22,3.0999999046325684,3.2100000381469727,3.0799999237060547,2.243624448776245,44087600
2013-04-23,3.140000104904175,3.2100000381469727,3.130000114440918,2.2507479190826416,21490600
2013-04-24,3.1600000858306885,3.2200000286102295,3.1500000953674316,2.279237985610962,27872500
2013-04-25,3.2200000286102295,3.3499999046325684,3.2100000381469727,2.350464105606079,35548300
2013-04-26,3.2899999618530273,3.3299999237060547,3.25,2.3148510456085205,21607700
2013-04-29,3.299999952316284,3.3499999046325684,3.299999952316284,2.3647093772888184,28091200
2013-04-30,3.3399999141693115,3.4000000953674316,3.319999933242798,2.4074454307556152,22174600
2013-05-01,3.380000114440918,3.390000104904175,3.3399999141693115,2.3789546489715576,12808200
2013-05-02,3.2899999618530273,3.309999942779541,3.25,2.3219733238220215,21301100
2013-05-03,3.319999933242798,3.3499999046325684,3.2899999618530273,2.350464105606079,21986800
2013-05-06,3.4000000953674316,3.440000057220459,3.369999885559082,2.4216902256011963,26755000
2013-05-07,3.549999952316284,3.5899999141693115,3.450000047683716,2.492917060852051,40445900
2013-05-08,3.5399999618530273,3.5999999046325684,3.509999990463257,2.507161855697632,25576400
2013-05-09,3.5799999237060547,3.609999895095825,3.5299999713897705,2.528529167175293,25528900
2013-05-10,3.6500000953674316,3.6600000858306885,3.619999885559082,2.6068785190582275,24115200
2013-05-13,3.7899999618530273,3.9200000762939453,3.7699999809265137,2.7350854873657227,56888900
2013-05-14,3.6600000858306885,3.680000066757202,3.5799999237060547,2.5926332473754883,71897200
2013-05-15,3.690000057220459,3.7699999809265137,3.640000104904175,2.6709821224212646,49193100
2013-05-16,3.7699999809265137,3.7899999618530273,3.690000057220459,2.628246545791626,36987100
2013-05-17,3.7300000190734863,3.75,3.700000047683716,2.6567368507385254,25192400
2013-05-20,3.7799999713897705,3.799999952316284,3.740000009536743,2.6781044006347656,22870000
2013-05-21,3.7699999809265137,3.7899999618530273,3.7100000381469727,2.6638591289520264,22928700
2013-05-22,3.75,3.7899999618530273,3.609999895095825,2.5926332473754883,34516500
2013-05-23,3.569999933242798,3.619999885559082,3.509999990463257,2.5641424655914307,28709200
2013-05-24,3.559999942779541,3.680000066757202,3.549999952316284,2.5997555255889893,23958300
2013-05-28,3.6600000858306885,3.680000066757202,3.569999933242798,2.5570197105407715,22948700
2013-05-29,3.569999933242798,3.630000114440918,3.559999942779541,2.5712649822235107,17183200
2013-05-30,3.619999885559082,3.619999885559082,3.4700000286102295,2.471548318862915,33553100
2013-05-31,3.4200000762939453,3.509999990463257,3.390000104904175,2.450181007385254,24696900
2013-06-03,3.440000057220459,3.4800000190734863,3.4200000762939453,2.4786715507507324,18438500
2013-06-04,3.509999990463257,3.549999952316284,3.509999990463257,2.521406888961792,19145200
2013-06-05,3.4800000190734863,3.509999990463257,3.4200000762939453,2.464426040649414,27511000
2013-06-06,3.450000047683716,3.549999952316284,3.440000057220459,2.514284372329712,23224400
2013-06-07,3.509999990463257,3.549999952316284,3.490000009536743,2.521406888961792,18297000
2013-06-10,3.5899999141693115,3.5999999046325684,3.549999952316284,2.5498971939086914,9716600
2013-06-11,3.509999990463257,3.5299999713897705,3.4600000381469727,2.471548318862915,11799500
2013-06-12,3.4700000286102295,3.509999990463257,3.4200000762939453,2.485793352127075,16060500
2013-06-13,3.509999990463257,3.5399999618530273,3.4600000381469727,2.514284372329712,13280400
2013-06-14,3.680000066757202,3.700000047683716,3.609999895095825,2.578387498855591,28451600
2013-06-17,3.7200000286102295,3.759999990463257,3.680000066757202,2.628246545791626,19947800
2013-06-18,3.690000057220459,4.119999885559082,3.6700000762939453,2.749330997467041,126890100
2013-06-19,3.819999933242798,3.890000104904175,3.7899999618530273,2.742208242416382,41372500
2013-06-20,3.880000114440918,3.9800000190734863,3.7799999713897705,2.7279629707336426,60031900
2013-06-21,3.8499999046325684,3.940000057220459,3.819999933242798,2.7991883754730225,34476800
2013-06-24,3.819999933242798,3.8499999046325684,3.7799999713897705,2.706594705581665,38509500
2013-06-25,3.8399999141693115,3.859999895095825,3.7799999713897705,2.7350854873657227,22308300
2013-06-26,3.8499999046325684,3.9100000858306885,3.819999933242798,2.7849435806274414,22209200
2013-06-27,3.9100000858306885,3.9200000762939453,3.7799999713897705,2.7137179374694824,23058200
2013-06-28,3.7699999809265137,3.7799999713897705,3.700000047683716,2.6638591289520264,18915500
2013-07-01,3.950000047683716,3.9600000381469727,3.809999942779541,2.749330997467041,34092900
2013-07-02,3.890000104904175,3.9000000953674316,3.819999933242798,2.7279629707336426,14540700
2013-07-03,3.869999885559082,3.9800000190734863,3.8499999046325684,2.7991883754730225,18311100
2013-07-05,4.03000020980835,4.090000152587891,3.9800000190734863,2.9060282707214355,31306100
2013-07-08,4.090000152587891,4.150000095367432,4.079999923706055,2.9416418075561523,29976600
2013-07-09,4.230000019073486,4.289999961853027,4.210000038146973,3.005744457244873,36162800
2013-07-10,4.079999923706055,4.159999847412109,4.050000190734863,2.948763847351074,29326800
2013-07-11,4.230000019073486,4.239999771118164,4.070000171661377,2.998622417449951,38411600
2013-07-12,4.139999866485596,4.170000076293945,4.110000133514404,2.9558866024017334,21512700
2013-07-15,4.110000133514404,4.159999847412109,4.079999923706055,2.934519052505493,16737800
2013-07-16,4.050000190734863,4.090000152587891,3.9700000286102295,2.8490471839904785,26251300
2013-07-17,4.070000171661377,4.079999923706055,4,2.877537727355957,30180700
2013-07-18,3.890000104904175,4.070000171661377,3.880000114440918,2.870415687561035,62367900
2013-07-19,3.990000009536743,4.059999942779541,3.9800000190734863,2.863292694091797,30134300
2013-07-22,3.990000009536743,4.019999980926514,3.940000057220459,2.813434600830078,19623100
2013-07-23,4,4.03000020980835,3.9800000190734863,2.8348026275634766,13015800
2013-07-24,4.019999980926514,4.039999961853027,3.9700000286102295,2.856170415878296,20279700
2013-07-25,3.990000009536743,4.070000171661377,3.990000009536743,2.884660482406616,15408400
2013-07-26,4.019999980926514,4.03000020980835,3.990000009536743,2.856170415878296,10684300
2013-07-29,3.990000009536743,4.010000228881836,3.9600000381469727,2.827679395675659,8948000
2013-07-30,4.010000228881836,4.019999980926514,3.9600000381469727,2.8348026275634766,9330900
2013-07-31,3.9600000381469727,3.990000009536743,3.9200000762939453,2.80631160736084,14606300
2013-08-01,3.9800000190734863,4,3.9600000381469727,2.827679395675659,8332900
2013-08-02,3.9700000286102295,4,3.9700000286102295,2.8348026275634766,9176900
2013-08-05,4,4.159999847412109,3.990000009536743,2.948763847351074,25472700
2013-08-06,4.130000114440918,4.190000057220459,4.050000190734863,2.8917837142944336,17487800
2013-08-07,4.119999885559082,4.130000114440918,4.059999942779541,2.913151264190674,11079500
2013-08-08,4.150000095367432,4.159999847412109,4.119999885559082,2.948763847351074,12592300
2013-08-09,4.170000076293945,4.210000038146973,4.150000095367432,2.9701318740844727,18987800
2013-08-12,4.159999847412109,4.21999979019165,4.139999866485596,2.9772539138793945,13260800
2013-08-13,4.170000076293945,4.190000057220459,4.119999885559082,2.9630095958709717,15923500
2013-08-14,4.159999847412109,4.190000057220459,4.139999866485596,2.9772539138793945,10244500
2013-08-15,4.119999885559082,4.139999866485596,4.070000171661377,2.927396059036255,13101400
2013-08-16,4.150000095367432,4.159999847412109,4.090000152587891,2.948763847351074,10474800
2013-08-19,4.119999885559082,4.159999847412109,4.099999904632568,2.9416418075561523,10313900
2013-08-20,4.039999961853027,4.090000152587891,4.03000020980835,2.8917837142944336,16439500
2013-08-21,3.9800000190734863,4.059999942779541,3.9600000381469727,2.870415687561035,28571700
2013-08-22,4.059999942779541,4.130000114440918,4.050000190734863,2.934519052505493,17800700
2013-08-23,4.099999904632568,4.190000057220459,4.090000152587891,2.9630095958709717,22885800
2013-08-26,4.130000114440918,4.179999828338623,4.119999885559082,2.9701318740844727,12480200
2013-08-27,4.019999980926514,4.059999942779541,3.9700000286102295,2.841923952102661,20289700
2013-08-28,3.9100000858306885,3.990000009536743,3.890000104904175,2.827679395675659,19353100
2013-08-29,3.940000057220459,4.03000020980835,3.940000057220459,2.8490471839904785,12660600
2013-08-30,3.9100000858306885,3.930000066757202,3.869999885559082,2.7778210639953613,20593700
2013-09-03,5.449999809265137,5.579999923706055,4.96999979019165,3.646780490875244,565716200
2013-09-04,5.190000057220459,5.360000133514404,5.170000076293945,3.7963545322418213,156090700
2013-09-05,5.46999979019165,5.550000190734863,5.440000057220459,3.91031813621521,98676200
2013-09-06,5.46999979019165,5.489999771118164,5.340000152587891,3.8248462677001953,56056500
2013-09-09,5.480000019073486,5.53000020980835,5.460000038146973,3.9316859245300293,42023200
2013-09-10,5.570000171661377,5.679999828338623,5.550000190734863,4.03140115737915,41367800
2013-09-11,5.789999961853027,5.949999809265137,5.789999961853027,4.23795747756958,77965900
2013-09-12,6.070000171661377,6.46999979019165,6.039999961853027,4.529985427856445,125591900
2013-09-13,6.440000057220459,6.46999979019165,6.210000038146973,4.565598487854004,96979700
2013-09-16,6.289999961853027,6.389999866485596,6.21999979019165,4.444514274597168,57755700
2013-09-17,6.260000228881836,6.369999885559082,6.21999979019165,4.465882301330566,30711200
2013-09-18,6.510000228881836,6.739999771118164,6.449999809265137,4.779277801513672,60606000
2013-09-19,6.730000019073486,6.78000020980835,6.550000190734863,4.765030860900879,53295900
2013-09-20,6.610000133514404,6.739999771118164,6.519999980926514,4.686683177947998,37047700
2013-09-23,6.559999942779541,6.71999979019165,6.449999809265137,4.750786781311035,48904100
2013-09-24,6.610000133514404,6.650000095367432,6.539999961853027,4.686683177947998,29567500
2013-09-25,6.610000133514404,6.699999809265137,6.590000152587891,4.722296714782715,24009300
2013-09-26,6.599999904632568,6.659999847412109,6.570000171661377,4.729418754577637,16098000
2013-09-27,6.630000114440918,6.699999809265137,6.599999904632568,4.743663787841797,18783900
2013-09-30,6.539999961853027,6.599999904632568,6.5,4.6368255615234375,24644000
2013-10-01,6.659999847412109,6.75,6.579999923706055,4.715173244476318,34945800
2013-10-02,6.690000057220459,6.690000057220459,6.579999923706055,4.722296714782715,43085500
2013-10-03,6.710000038146973,6.71999979019165,6.570000171661377,4.779277801513672,27681400
2013-10-04,6.679999828338623,6.75,6.650000095367432,4.793522834777832,21369800
2013-10-07,6.610000133514404,6.699999809265137,6.579999923706055,4.729418754577637,31363000
2013-10-08,6.690000057220459,6.710000038146973,6.53000020980835,4.700928211212158,28947700
2013-10-09,6.5,6.519999980926514,6.21999979019165,4.6225786209106445,60526200
2013-10-10,6.53000020980835,6.619999885559082,6.519999980926514,4.686683177947998,30029900
2013-10-11,6.610000133514404,6.659999847412109,6.559999942779541,4.736541748046875,15382200
2013-10-14,6.599999904632568,6.670000076293945,6.579999923706055,4.715173244476318,21166900
2013-10-15,6.760000228881836,6.960000038146973,6.75,4.928852081298828,43676500
2013-10-16,7,7.070000171661377,6.920000076293945,5.007200717926025,29391300
2013-10-17,7.139999866485596,7.170000076293945,7.050000190734863,5.071303367614746,31248600
2013-10-18,7.190000057220459,7.199999809265137,7.110000133514404,5.092672348022461,22419100
2013-10-21,7.179999828338623,7.230000019073486,7.130000114440918,5.092672348022461,16021500
2013-10-22,7.199999809265137,7.409999847412109,7.159999847412109,5.235124588012695,62574500
2013-10-23,7.309999942779541,7.369999885559082,7.260000228881836,5.192389488220215,31192800
2013-10-24,7.150000095367432,7.25,7.079999923706055,5.092672348022461,24743300
2013-10-25,7.059999942779541,7.119999885559082,6.949999809265137,4.9644646644592285,24661800
2013-10-28,6.869999885559082,6.889999866485596,6.71999979019165,4.807767391204834,34652000
2013-10-29,7.28000020980835,7.489999771118164,7.25,5.306349277496338,85300800
2013-10-30,7.710000038146973,7.769999980926514,7.559999942779541,5.427435874938965,48364900
2013-10-31,7.559999942779541,7.690000057220459,7.519999980926514,5.434557914733887,30324200
2013-11-01,7.619999885559082,7.699999809265137,7.570000171661377,5.427435874938965,21613400
2013-11-04,7.760000228881836,7.820000171661377,7.699999809265137,5.5200300216674805,22038500
2013-11-05,7.71999979019165,7.78000020980835,7.659999847412109,5.484416484832764,21076000
2013-11-06,7.889999866485596,7.989999771118164,7.869999885559082,5.626869201660156,25382100
2013-11-07,7.860000133514404,7.860000133514404,7.519999980926514,5.370455265045166,39464500
2013-11-08,7.429999828338623,7.71999979019165,7.420000076293945,5.448802471160889,25284800
2013-11-11,7.71999979019165,7.769999980926514,7.690000057220459,5.512906551361084,13355200
2013-11-12,7.599999904632568,7.71999979019165,7.599999904632568,5.491539478302002,19830100
2013-11-13,7.710000038146973,7.940000057220459,7.690000057220459,5.655358791351318,24921300
2013-11-14,7.96999979019165,7.980000019073486,7.860000133514404,5.619746208190918,19735800
2013-11-15,7.980000019073486,8.010000228881836,7.889999866485596,5.698094367980957,25754800
2013-11-18,8.09000015258789,8.130000114440918,8.010000228881836,5.74083137512207,30402700
2013-11-19,7.980000019073486,8.029999732971191,7.75,5.555642127990723,23423900
2013-11-20,8,8.020000457763672,7.760000228881836,5.655358791351318,26201000
2013-11-21,7.989999771118164,7.989999771118164,7.900000095367432,5.662481307983398,25423900
2013-11-22,8.010000228881836,8.180000305175781,7.960000038146973,5.762199401855469,35762400
2013-11-25,8.039999961853027,8.109999656677246,8,5.769320964813232,26917200
2013-11-26,8.079999923706055,8.100000381469727,7.920000076293945,5.648236274719238,24526500
2013-11-27,8.029999732971191,8.079999923706055,7.960000038146973,5.705217361450195,14118300
2013-11-29,8.100000381469727,8.130000114440918,8.039999961853027,5.74083137512207,9326900
2013-12-02,8,8.029999732971191,7.940000057220459,5.676726818084717,13524000
2013-12-03,7.739999771118164,7.820000171661377,7.690000057220459,5.5627641677856445,22806900
2013-12-04,7.710000038146973,7.920000076293945,7.690000057220459,5.626869201660156,19142600
2013-12-05,7.900000095367432,7.920000076293945,7.730000019073486,5.505784034729004,16693400
2013-12-06,7.829999923706055,7.96999979019165,7.829999923706055,5.61262321472168,25700300
2013-12-09,8.079999923706055,8.119999885559082,7.960000038146973,5.698094367980957,30854000
2013-12-10,7.880000114440918,7.949999809265137,7.840000152587891,5.641113758087158,17285700
2013-12-11,7.949999809265137,7.96999979019165,7.710000038146973,5.505784034729004,30757800
2013-12-12,7.78000020980835,7.849999904632568,7.630000114440918,5.491539478302002,19123200
2013-12-13,7.630000114440918,7.650000095367432,7.519999980926514,5.370455265045166,22386700
2013-12-16,7.519999980926514,7.579999923706055,7.420000076293945,5.313473701477051,20727300
2013-12-17,7.369999885559082,7.449999809265137,7.309999942779541,5.242246627807617,31954200
2013-12-18,7.599999904632568,7.710000038146973,7.480000019073486,5.491539478302002,41726700
2013-12-19,7.590000152587891,7.75,7.579999923706055,5.505784034729004,19219300
2013-12-20,7.739999771118164,7.880000114440918,7.730000019073486,5.5627641677856445,26094600
2013-12-23,7.789999961853027,7.860000133514404,7.760000228881836,5.548520565032959,12296300
2013-12-24,7.78000020980835,7.829999923706055,7.730000019073486,5.577010154724121,5634900
2013-12-26,7.829999923706055,7.929999828338623,7.820000171661377,5.619746208190918,10384900
2013-12-27,7.980000019073486,8.079999923706055,7.96999979019165,5.74083137512207,14868500
2013-12-30,7.989999771118164,8.039999961853027,7.949999809265137,5.690972328186035,12390200
2013-12-31,8.020000457763672,8.180000305175781,8.010000228881836,5.776442527770996,13173700
2014-01-02,8.029999732971191,8.039999961853027,7.929999828338623,5.655358791351318,22077500
2014-01-03,8.029999732971191,8.0600004196167,7.949999809265137,5.7194623947143555,17222200
2014-01-06,8.039999961853027,8.0600004196167,7.980000019073486,5.712340831756592,13436400
2014-01-07,7.96999979019165,8.069999694824219,7.929999828338623,5.726585388183594,25999500
2014-01-08,7.989999771118164,8.109999656677246,7.96999979019165,5.776442527770996,17523600
2014-01-09,8.140000343322754,8.180000305175781,8.010000228881836,5.733708381652832,23252300
2014-01-10,8.170000076293945,8.199999809265137,8.100000381469727,5.826302528381348,16797600
2014-01-13,8.09000015258789,8.149999618530273,7.940000057220459,5.683847904205322,20394100
2014-01-14,7.929999828338623,7.96999979019165,7.840000152587891,5.655358791351318,20121800
2014-01-15,7.980000019073486,8.020000457763672,7.949999809265137,5.690972328186035,8436000
2014-01-16,7.960000038146973,8.010000228881836,7.869999885559082,5.655358791351318,13322500
2014-01-17,7.869999885559082,7.929999828338623,7.769999980926514,5.548520565032959,18977800
2014-01-21,7.860000133514404,7.869999885559082,7.730000019073486,5.555642127990723,10834000
2014-01-22,7.860000133514404,7.880000114440918,7.630000114440918,5.484416484832764,24565800
2014-01-23,7.239999771118164,7.25,6.880000114440918,5.007200717926025,85686800
2014-01-24,7.059999942779541,7.090000152587891,6.840000152587891,4.8861165046691895,31668900
2014-01-27,6.96999979019165,7.050000190734863,6.809999942779541,4.93597412109375,26703100
2014-01-28,6.980000019073486,7.019999980926514,6.940000057220459,4.985834121704102,17117800
2014-01-29,7.03000020980835,7.150000095367432,6.980000019073486,5.014323711395264,27659300
2014-01-30,7.039999961853027,7.090000152587891,6.96999979019165,5.007200717926025,24121200
2014-01-31,6.909999847412109,7,6.869999885559082,4.928852081298828,13533800
2014-02-03,6.849999904632568,6.849999904632568,6.639999866485596,4.743663787841797,17189600
2014-02-04,6.75,6.809999942779541,6.71999979019165,4.829135417938232,10667100
2014-02-05,6.789999961853027,6.820000171661377,6.659999847412109,4.765030860900879,28118200
2014-02-06,6.889999866485596,7.050000190734863,6.869999885559082,4.992956161499023,18917400
2014-02-07,7.039999961853027,7.710000038146973,7.019999980926514,5.455925941467285,46728700
2014-02-10,7.420000076293945,7.489999771118164,7.309999942779541,5.256493091583252,27303300
2014-02-11,7.309999942779541,7.420000076293945,7.300000190734863,5.263614177703857,17091400
2014-02-12,7.130000114440918,7.21999979019165,7.119999885559082,5.092672348022461,17767400
2014-02-13,7.130000114440918,7.309999942779541,7.110000133514404,5.128284931182861,21624400
2014-02-14,7.179999828338623,7.300000190734863,7.110000133514404,5.085549354553223,18434100
2014-02-18,7.230000019073486,7.400000095367432,7.21999979019165,5.220879554748535,27568800
2014-02-19,7.369999885559082,7.389999866485596,7.239999771118164,5.178143501281738,11852600
2014-02-20,7.25,7.329999923706055,7.210000038146973,5.206634998321533,16182700
2014-02-21,7.429999828338623,7.489999771118164,7.369999885559082,5.313473701477051,14231800
2014-02-24,7.489999771118164,7.650000095367432,7.46999979019165,5.427435874938965,16049900
2014-02-25,7.599999904632568,7.730000019073486,7.579999923706055,5.441680431365967,19819100
2014-02-26,7.71999979019165,7.730000019073486,7.550000190734863,5.434557914733887,9645500
2014-02-27,7.610000133514404,7.730000019073486,7.570000171661377,5.477293491363525,10291500
2014-02-28,7.710000038146973,7.809999942779541,7.579999923706055,5.398945331573486,21575000
2014-03-03,7.5,7.590000152587891,7.449999809265137,5.406066417694092,16192200
2014-03-04,7.650000095367432,7.75,7.650000095367432,5.484416484832764,18824600
2014-03-05,7.760000228881836,7.849999904632568,7.760000228881836,5.548520565032959,15423800
2014-03-06,7.809999942779541,7.889999866485596,7.800000190734863,5.569887161254883,6807900
2014-03-07,7.96999979019165,8.0600004196167,7.860000133514404,5.662481307983398,30969800
2014-03-10,7.929999828338623,7.980000019073486,7.869999885559082,5.641113758087158,24594700
2014-03-11,7.829999923706055,7.920000076293945,7.789999961853027,5.5627641677856445,16698000
2014-03-12,7.730000019073486,7.75,7.630000114440918,5.5200300216674805,13347400
2014-03-13,7.78000020980835,7.809999942779541,7.480000019073486,5.384700298309326,17411400
2014-03-14,7.489999771118164,7.619999885559082,7.46999979019165,5.370455265045166,17101000
2014-03-17,7.610000133514404,7.690000057220459,7.590000152587891,5.41318941116333,9186800
2014-03-18,7.639999866485596,7.730000019073486,7.599999904632568,5.463048934936523,13460400
2014-03-19,7.650000095367432,7.650000095367432,7.46999979019165,5.370455265045166,11111800
2014-03-20,7.400000095367432,7.579999923706055,7.369999885559082,5.299227714538574,29095100
2014-03-21,7.400000095367432,7.420000076293945,7.139999866485596,5.106916904449463,32107500
2014-03-24,7.210000038146973,7.340000152587891,7.079999923706055,5.1425299644470215,36671900
2014-03-25,7.289999961853027,7.320000171661377,7.190000057220459,5.206634998321533,17867700
2014-03-26,7.409999847412109,7.460000038146973,7.289999961853027,5.206634998321533,17432400
2014-03-27,7.28000020980835,7.309999942779541,7.210000038146973,5.178143501281738,14810200
2014-03-28,7.340000152587891,7.389999866485596,7.28000020980835,5.22800350189209,14101500
2014-03-31,7.400000095367432,7.440000057220459,7.320000171661377,5.22800350189209,18197100
2014-04-01,7.489999771118164,7.639999866485596,7.449999809265137,5.37757682800293,35257900
2014-04-02,7.630000114440918,7.659999847412109,7.559999942779541,5.434557914733887,22512800
2014-04-03,7.710000038146973,7.739999771118164,7.550000190734863,5.427435874938965,14123300
2014-04-04,7.639999866485596,7.650000095367432,7.28000020980835,5.235124588012695,37128800
2014-04-07,7.340000152587891,7.389999866485596,7.139999866485596,5.1425299644470215,24756700
2014-04-08,7.590000152587891,7.78000020980835,7.519999980926514,5.398945331573486,67411500
2014-04-09,7.690000057220459,7.840000152587891,7.619999885559082,5.5627641677856445,31367600
2014-04-10,7.809999942779541,7.840000152587891,7.570000171661377,5.441680431365967,16290200
2014-04-11,7.489999771118164,7.590000152587891,7.369999885559082,5.277859687805176,16714000
2014-04-14,7.309999942779541,7.360000133514404,7.25,5.22800350189209,17307600
2014-04-15,7.28000020980835,7.340000152587891,7.059999942779541,5.092672348022461,25696900
2014-04-16,7.199999809265137,7.329999923706055,7.190000057220459,5.1995110511779785,21293600
2014-04-17,7.389999866485596,7.409999847412109,7.329999923706055,5.22800350189209,15840300
2014-04-21,7.349999904632568,7.449999809265137,7.300000190734863,5.292105197906494,15390900
2014-04-22,7.550000190734863,7.550000190734863,7.449999809265137,5.3205952644348145,16501200
2014-04-23,7.389999866485596,7.389999866485596,7.269999980926514,5.1995110511779785,9125400
2014-04-24,7.289999961853027,7.329999923706055,7.199999809265137,5.1995110511779785,17567400
2014-04-25,7.420000076293945,7.440000057220459,7.199999809265137,5.178143501281738,12353800
2014-04-28,7.210000038146973,7.21999979019165,7,5.007200717926025,40281100
2014-04-29,7.360000133514404,7.480000019073486,7.170000076293945,5.292105197906494,63479700
2014-04-30,7.409999847412109,7.539999961853027,7.389999866485596,5.341964244842529,25498800
2014-05-01,7.449999809265137,7.539999961853027,7.429999828338623,5.306349277496338,11846300
2014-05-02,7.360000133514404,7.449999809265137,7.340000152587891,5.235124588012695,15419800
2014-05-05,7.289999961853027,7.349999904632568,7.239999771118164,5.178143501281738,9346600
2014-05-06,7.300000190734863,7.309999942779541,7.210000038146973,5.171021938323975,8130100
2014-05-07,7.28000020980835,7.309999942779541,7.210000038146973,5.192389488220215,12053200
2014-05-08,7.340000152587891,7.400000095367432,7.269999980926514,5.1995110511779785,19359700
2014-05-09,7.300000190734863,7.300000190734863,7.170000076293945,5.156774997711182,16001700
2014-05-12,7.300000190734863,7.460000038146973,7.289999961853027,5.299227714538574,11478400
2014-05-13,7.449999809265137,7.480000019073486,7.329999923706055,5.2493696212768555,16412400
2014-05-14,7.380000114440918,7.409999847412109,7.269999980926514,5.185266494750977,20506100
2014-05-15,7.289999961853027,7.289999961853027,7.170000076293945,5.171021938323975,9864000
2014-05-16,7.210000038146973,7.260000228881836,7.159999847412109,5.156774997711182,9062600
2014-05-19,7.179999828338623,7.28000020980835,7.179999828338623,5.14965295791626,10813900
2014-05-20,7.340000152587891,7.340000152587891,7.21999979019165,5.1638994216918945,10645700
2014-05-21,7.46999979019165,7.630000114440918,7.440000057220459,5.427435874938965,31428100
2014-05-22,7.730000019073486,7.800000190734863,7.690000057220459,5.555642127990723,21850800
2014-05-23,7.789999961853027,7.860000133514404,7.78000020980835,5.584133148193359,12725600
2014-05-27,7.800000190734863,7.880000114440918,7.789999961853027,5.598376750946045,12141600
2014-05-28,7.849999904632568,7.860000133514404,7.800000190734863,5.5912556648254395,9206600
2014-05-29,7.809999942779541,7.920000076293945,7.809999942779541,5.641113758087158,9377200
2014-05-30,7.960000038146973,8.149999618530273,7.920000076293945,5.790689468383789,23892300
2014-06-02,7.989999771118164,8.100000381469727,7.989999771118164,5.769320964813232,18223700
2014-06-03,7.96999979019165,8.020000457763672,7.929999828338623,5.683847904205322,14501800
2014-06-04,7.809999942779541,7.929999828338623,7.78000020980835,5.569887161254883,19073000
2014-06-05,7.929999828338623,8.0600004196167,7.900000095367432,5.726585388183594,13546700
2014-06-06,7.980000019073486,8,7.869999885559082,5.61262321472168,16336900
2014-06-09,7.860000133514404,7.920000076293945,7.800000190734863,5.626869201660156,10524500
2014-06-10,7.940000057220459,8.079999923706055,7.929999828338623,5.74083137512207,18714100
2014-06-11,7.989999771118164,8.109999656677246,7.96999979019165,5.733708381652832,14061500
2014-06-12,8.0600004196167,8.149999618530273,7.989999771118164,5.726585388183594,20673200
2014-06-13,8.020000457763672,8.0600004196167,7.980000019073486,5.726585388183594,10269800
2014-06-16,7.96999979019165,8.010000228881836,7.949999809265137,5.683847904205322,10390900
2014-06-17,7.949999809265137,8.079999923706055,7.929999828338623,5.726585388183594,14962900
2014-06-18,8.130000114440918,8.350000381469727,8.100000381469727,5.933141231536865,32093900
2014-06-19,7.869999885559082,7.920000076293945,7.769999980926514,5.926311016082764,21876900
2014-06-20,7.789999961853027,7.820000171661377,7.71999979019165,5.880783557891846,9381700
2014-06-23,7.900000095367432,7.900000095367432,7.840000152587891,5.987016677856445,10361500
2014-06-24,7.769999980926514,7.800000190734863,7.579999923706055,5.759372711181641,18741200
2014-06-25,7.639999866485596,7.739999771118164,7.630000114440918,5.842843055725098,13865400
2014-06-26,7.690000057220459,7.699999809265137,7.599999904632568,5.82766580581665,7922800
2014-06-27,7.610000133514404,7.659999847412109,7.559999942779541,5.77454948425293,11745100
2014-06-30,7.599999904632568,7.630000114440918,7.559999942779541,5.736609935760498,7340100
2014-07-01,7.639999866485596,7.679999828338623,7.599999904632568,5.77454948425293,5742200
2014-07-02,7.650000095367432,7.670000076293945,7.599999904632568,5.77454948425293,7665200
2014-07-03,7.730000019073486,7.78000020980835,7.659999847412109,5.86560583114624,6397300
2014-07-07,7.599999904632568,7.650000095367432,7.579999923706055,5.782137870788574,7916400
2014-07-08,7.429999828338623,7.460000038146973,7.300000190734863,5.615199565887451,22043900
2014-07-09,7.429999828338623,7.539999961853027,7.409999847412109,5.721432685852051,11232900
2014-07-10,7.429999828338623,7.599999904632568,7.409999847412109,5.721432685852051,12751300
2014-07-11,7.480000019073486,7.53000020980835,7.420000076293945,5.668315410614014,8127600
2014-07-14,7.519999980926514,7.550000190734863,7.480000019073486,5.691080570220947,6108300
2014-07-15,7.46999979019165,7.480000019073486,7.369999885559082,5.645552635192871,9355400
2014-07-16,7.5,7.53000020980835,7.460000038146973,5.698667526245117,7397300
2014-07-17,7.510000228881836,7.519999980926514,7.360000133514404,5.600022792816162,9598500
2014-07-18,7.610000133514404,7.630000114440918,7.53000020980835,5.7897257804870605,25264900
2014-07-21,7.639999866485596,7.679999828338623,7.590000152587891,5.7897257804870605,16708200
2014-07-22,7.650000095367432,7.760000228881836,7.619999885559082,5.858018398284912,19906400
2014-07-23,7.659999847412109,7.710000038146973,7.630000114440918,5.82766580581665,14903500
2014-07-24,8.279999732971191,8.350000381469727,8.130000114440918,6.313305377960205,63892600
2014-07-25,8.210000038146973,8.260000228881836,8.15999984741211,6.252601146697998,15948100
2014-07-28,8.210000038146973,8.229999542236328,8.100000381469727,6.214659690856934,15782400
2014-07-29,8.1899995803833,8.229999542236328,8.130000114440918,6.2070722579956055,20177900
2014-07-30,8.140000343322754,8.229999542236328,8.109999656677246,6.176719665527344,9526400
2014-07-31,7.989999771118164,8.010000228881836,7.849999904632568,6.017368793487549,25109000
2014-08-01,7.920000076293945,7.940000057220459,7.75,5.9187235832214355,19051000
2014-08-04,7.880000114440918,7.929999828338623,7.800000190734863,5.956664085388184,29640500
2014-08-05,7.989999771118164,8.020000457763672,7.78000020980835,5.941486835479736,37857800
2014-08-06,7.75,7.800000190734863,7.710000038146973,5.873195648193359,13811600
2014-08-07,7.800000190734863,7.809999942779541,7.630000114440918,5.835254192352295,19841300
2014-08-08,7.659999847412109,7.679999828338623,7.599999904632568,5.80490255355835,10790100
2014-08-11,7.75,7.769999980926514,7.690000057220459,5.858018398284912,18212500
2014-08-12,7.730000019073486,7.75,7.650000095367432,5.858018398284912,8173100
2014-08-13,7.71999979019165,7.739999771118164,7.690000057220459,5.873195648193359,4847500
2014-08-14,7.78000020980835,7.809999942779541,7.760000228881836,5.9187235832214355,20372500
2014-08-15,7.800000190734863,7.840000152587891,7.710000038146973,5.880783557891846,12936800
2014-08-18,7.800000190734863,7.820000171661377,7.78000020980835,5.933899402618408,12791800
2014-08-19,7.869999885559082,8.020000457763672,7.849999904632568,6.085662841796875,54482400
2014-08-20,8.100000381469727,8.25,8.09000015258789,6.169131755828857,43178100
2014-08-21,8.260000228881836,8.319999694824219,8.210000038146973,6.260188579559326,27013200
2014-08-22,8.1899995803833,8.220000267028809,8.140000343322754,6.2070722579956055,13364900
2014-08-25,8.220000267028809,8.270000457763672,8.199999809265137,6.267777442932129,25538900
2014-08-26,8.199999809265137,8.260000228881836,8.1899995803833,6.237422943115234,15103300
2014-08-27,8.109999656677246,8.180000305175781,8.100000381469727,6.176719665527344,6594500
2014-08-28,7.989999771118164,8.15999984741211,7.96999979019165,6.169131755828857,13815200
2014-08-29,8.359999656677246,8.399999618530273,8.229999542236328,6.351245403289795,17134300
2014-09-02,8.300000190734863,8.369999885559082,8.279999732971191,6.328481197357178,11996600
2014-09-03,8.479999542236328,8.489999771118164,8.359999656677246,6.366422176361084,18270600
2014-09-04,8.399999618530273,8.470000267028809,8.289999961853027,6.305716514587402,17794600
2014-09-05,8.350000381469727,8.369999885559082,8.270000457763672,6.313305377960205,12355400
2014-09-08,8.4399995803833,8.520000457763672,8.40999984741211,6.442302703857422,25747600
2014-09-09,8.380000114440918,8.380000114440918,8.239999771118164,6.275364398956299,17633200
2014-09-10,8.329999923706055,8.369999885559082,8.270000457763672,6.34365701675415,11574900
2014-09-11,8.380000114440918,8.430000305175781,8.350000381469727,6.396774768829346,8397000
2014-09-12,8.449999809265137,8.460000038146973,8.350000381469727,6.351245403289795,10751900
2014-09-15,8.529999732971191,8.630000114440918,8.520000457763672,6.495420932769775,41539500
2014-09-16,8.489999771118164,8.59000015258789,8.430000305175781,6.503007888793945,12172800
2014-09-17,8.569999694824219,8.609999656677246,8.5,6.4802446365356445,21019800
2014-09-18,8.59000015258789,8.680000305175781,8.550000190734863,6.548535346984863,17273800
2014-09-19,8.710000038146973,8.729999542236328,8.569999694824219,6.556124687194824,33471700
2014-09-22,8.65999984741211,8.680000305175781,8.550000190734863,6.533360958099365,21366000
2014-09-23,8.510000228881836,8.579999923706055,8.460000038146973,6.457479953765869,12277500
2014-09-24,8.539999961853027,8.670000076293945,8.510000228881836,6.57130241394043,10520800
2014-09-25,8.630000114440918,8.65999984741211,8.510000228881836,6.495420932769775,13306600
2014-09-26,8.569999694824219,8.609999656677246,8.510000228881836,6.533360958099365,10697300
2014-09-29,8.5,8.569999694824219,8.470000267028809,6.4878315925598145,8171400
2014-09-30,8.489999771118164,8.520000457763672,8.420000076293945,6.419538497924805,8485100
2014-10-01,8.329999923706055,8.329999923706055,8.170000076293945,6.222248077392578,15726600
2014-10-02,8.319999694824219,8.369999885559082,8.100000381469727,6.290541172027588,18793200
2014-10-03,8.180000305175781,8.319999694824219,8.149999618530273,6.290541172027588,8948700
2014-10-06,8.5600004196167,8.579999923706055,8.449999809265137,6.457479953765869,19087000
2014-10-07,8.329999923706055,8.359999656677246,8.15999984741211,6.199483871459961,15568400
2014-10-08,8.109999656677246,8.289999961853027,8.050000190734863,6.275364398956299,16739500
2014-10-09,8.270000457763672,8.3100004196167,8.039999961853027,6.108426570892334,16608900
2014-10-10,8.09000015258789,8.100000381469727,7.889999866485596,5.99460506439209,17268600
2014-10-13,8.09000015258789,8.100000381469727,7.900000095367432,5.99460506439209,15489800
2014-10-14,8.010000228881836,8.0600004196167,7.869999885559082,6.040133953094482,25358000
2014-10-15,7.71999979019165,7.889999866485596,7.610000133514404,5.895959854125977,30148400
2014-10-16,7.599999904632568,7.880000114440918,7.579999923706055,5.9187235832214355,20798400
2014-10-17,7.909999847412109,8,7.889999866485596,6.02495813369751,10423400
2014-10-20,7.829999923706055,7.909999847412109,7.809999942779541,5.987016677856445,9410100
2014-10-21,7.980000019073486,8.1899995803833,7.96999979019165,6.199483871459961,12318800
2014-10-22,8.210000038146973,8.229999542236328,7.900000095367432,6.017368793487549,42934400
2014-10-23,8.350000381469727,8.5,8.279999732971191,6.374009609222412,75787400
2014-10-24,8.4399995803833,8.4399995803833,8.260000228881836,6.328481197357178,14947100
2014-10-27,8.289999961853027,8.390000343322754,8.199999809265137,6.351245403289795,17195400
2014-10-28,8.390000343322754,8.449999809265137,8.359999656677246,6.396774768829346,32892700
2014-10-29,8.34000015258789,8.350000381469727,8.199999809265137,6.237422943115234,23607700
2014-10-30,8.260000228881836,8.289999961853027,8.229999542236328,6.245011806488037,22943700
2014-10-31,8.319999694824219,8.329999923706055,8.25,6.275364398956299,32661800
2014-11-03,8.380000114440918,8.4399995803833,8.350000381469727,6.34365701675415,20727700
2014-11-04,8.220000267028809,8.229999542236328,8.079999923706055,6.161543846130371,14700700
2014-11-05,8.229999542236328,8.239999771118164,8.15999984741211,6.199483871459961,8821200
2014-11-06,8.180000305175781,8.239999771118164,8.130000114440918,6.169131755828857,8361400
2014-11-07,8,8.069999694824219,7.920000076293945,6.0780744552612305,13495100
2014-11-10,8.050000190734863,8.130000114440918,8.010000228881836,6.161543846130371,7287100
2014-11-11,8.119999885559082,8.170000076293945,8.100000381469727,6.199483871459961,5477500
2014-11-12,8.0600004196167,8.109999656677246,8.020000457763672,6.108426570892334,8711900
2014-11-13,8.180000305175781,8.270000457763672,8.140000343322754,6.267777442932129,15178800
2014-11-14,7.949999809265137,7.980000019073486,7.760000228881836,5.964252471923828,38723200
2014-11-17,7.679999828338623,7.710000038146973,7.630000114440918,5.820077419281006,23331900
2014-11-18,7.889999866485596,8.010000228881836,7.880000114440918,6.017368793487549,27581300
2014-11-19,7.869999885559082,7.880000114440918,7.730000019073486,5.873195648193359,10847000
2014-11-20,7.860000133514404,7.909999847412109,7.769999980926514,5.9035468101501465,7364300
2014-11-21,7.989999771118164,8.079999923706055,7.949999809265137,6.0477213859558105,19199500
2014-11-24,8.079999923706055,8.180000305175781,8.069999694824219,6.161543846130371,18855500
2014-11-25,8.109999656677246,8.180000305175781,8.109999656677246,6.161543846130371,15559400
2014-11-26,8.220000267028809,8.229999542236328,8.1899995803833,6.214659690856934,7638900
2014-11-28,8.239999771118164,8.3100004196167,8.210000038146973,6.252601146697998,6818900
2014-12-01,8.34000015258789,8.34000015258789,8.260000228881836,6.282951354980469,10933900
2014-12-02,8.34000015258789,8.350000381469727,8.229999542236328,6.290541172027588,17353400
2014-12-03,8.170000076293945,8.239999771118164,8.119999885559082,6.237422943115234,24702200
2014-12-04,8.149999618530273,8.199999809265137,8.079999923706055,6.176719665527344,8797200
2014-12-05,8.170000076293945,8.319999694824219,8.170000076293945,6.290541172027588,16942300
2014-12-08,8.319999694824219,8.369999885559082,8.199999809265137,6.245011806488037,23391400
2014-12-09,8.09000015258789,8.149999618530273,8.039999961853027,6.169131755828857,9793100
2014-12-10,8.199999809265137,8.239999771118164,8.020000457763672,6.116014003753662,13409000
2014-12-11,8.109999656677246,8.130000114440918,8,6.085662841796875,15089700
2014-12-12,8.0600004196167,8.069999694824219,7.860000133514404,5.97183895111084,14086500
2014-12-15,7.909999847412109,7.929999828338623,7.690000057220459,5.873195648193359,14770400
2014-12-16,7.639999866485596,7.880000114440918,7.610000133514404,5.86560583114624,20673900
2014-12-17,7.699999809265137,7.920000076293945,7.699999809265137,5.964252471923828,17209700
2014-12-18,7.949999809265137,8.069999694824219,7.880000114440918,6.100838661193848,13472900
2014-12-19,7.849999904632568,7.980000019073486,7.849999904632568,6.002192974090576,14030600
2014-12-22,7.909999847412109,7.980000019073486,7.900000095367432,6.040133953094482,7607600
2014-12-23,8.010000228881836,8.109999656677246,8,6.131190776824951,9369900
2014-12-24,8.050000190734863,8.140000343322754,8.050000190734863,6.138779640197754,2962100
2014-12-26,8.100000381469727,8.199999809265137,8.09000015258789,6.199483871459961,3080700
2014-12-29,8.069999694824219,8.09000015258789,8.020000457763672,6.100838661193848,4197300
2014-12-30,8,8.029999732971191,7.949999809265137,6.032545566558838,9102400
2014-12-31,7.940000057220459,8,7.849999904632568,5.964252471923828,4354700
2015-01-02,7.96999979019165,8.029999732971191,7.929999828338623,6.0780744552612305,7918100
2015-01-05,7.739999771118164,7.75,7.590000152587891,5.812490463256836,13274100
2015-01-06,7.590000152587891,7.639999866485596,7.460000038146973,5.721432685852051,12899300
2015-01-07,7.539999961853027,7.599999904632568,7.5,5.736609935760498,11571800
2015-01-08,7.539999961853027,7.659999847412109,7.53000020980835,5.76696252822876,11394800
2015-01-09,7.570000171661377,7.579999923706055,7.489999771118164,5.729020595550537,8303000
2015-01-12,7.570000171661377,7.570000171661377,7.46999979019165,5.706256866455078,5049800
2015-01-13,7.570000171661377,7.619999885559082,7.400000095367432,5.660727500915527,9635800
2015-01-14,7.650000095367432,7.710000038146973,7.550000190734863,5.842843055725098,22680800
2015-01-15,7.46999979019165,7.510000228881836,7.409999847412109,5.637962818145752,13794100
2015-01-16,7.449999809265137,7.570000171661377,7.409999847412109,5.736609935760498,8478500
2015-01-20,7.679999828338623,7.699999809265137,7.570000171661377,5.820077419281006,11814600
2015-01-21,7.650000095367432,7.739999771118164,7.610000133514404,5.850430965423584,7095400
2015-01-22,7.809999942779541,7.920000076293945,7.78000020980835,5.97183895111084,13248200
2015-01-23,7.989999771118164,8.050000190734863,7.889999866485596,5.99460506439209,10392100
2015-01-26,7.949999809265137,8.020000457763672,7.909999847412109,6.0704851150512695,20090600
2015-01-27,8.020000457763672,8.050000190734863,7.940000057220459,6.0780744552612305,12502600
2015-01-28,8.119999885559082,8.130000114440918,7.880000114440918,5.987016677856445,28758900
2015-01-29,7.869999885559082,7.880000114440918,7.639999866485596,5.880783557891846,25483200
2015-01-30,7.71999979019165,7.75,7.599999904632568,5.76696252822876,15509400
2015-02-02,7.579999923706055,7.619999885559082,7.489999771118164,5.76696252822876,14713800
2015-02-03,7.78000020980835,7.880000114440918,7.730000019073486,5.97183895111084,10988200
2015-02-04,7.739999771118164,7.789999961853027,7.690000057220459,5.835254192352295,8460000
2015-02-05,7.760000228881836,7.849999904632568,7.75,5.933899402618408,7253700
2015-02-06,7.820000171661377,7.820000171661377,7.630000114440918,5.80490255355835,9419000
2015-02-09,7.510000228881836,7.570000171661377,7.5,5.721432685852051,10208500
2015-02-10,7.75,7.78000020980835,7.710000038146973,5.895959854125977,11278800
2015-02-11,7.78000020980835,7.869999885559082,7.75,5.949076175689697,12543000
2015-02-12,7.940000057220459,8,7.909999847412109,6.0477213859558105,8423400
2015-02-13,8.010000228881836,8.0600004196167,7.980000019073486,6.085662841796875,9556500
2015-02-17,7.980000019073486,8.09000015258789,7.949999809265137,6.100838661193848,10239500
2015-02-18,8.039999961853027,8.069999694824219,7.980000019073486,6.093249320983887,9887600
2015-02-19,8.050000190734863,8.09000015258789,8.020000457763672,6.093249320983887,10335000
2015-02-20,7.960000038146973,8.079999923706055,7.929999828338623,6.123602390289307,11976500
2015-02-23,7.960000038146973,8,7.929999828338623,6.0477213859558105,10335300
2015-02-24,7.949999809265137,8.010000228881836,7.920000076293945,6.0780744552612305,4808300
2015-02-25,8.010000228881836,8.0600004196167,8.010000228881836,6.085662841796875,5702200
2015-02-26,8.020000457763672,8.050000190734863,7.96999979019165,6.0780744552612305,8367300
2015-02-27,7.960000038146973,8.050000190734863,7.909999847412109,6.0780744552612305,6413900
2015-03-02,8.010000228881836,8.09000015258789,8.010000228881836,6.131190776824951,5811000
2015-03-03,8.09000015258789,8.140000343322754,8,6.116014003753662,12508100
2015-03-04,8,8.079999923706055,7.949999809265137,6.108426570892334,11348000
2015-03-05,8.050000190734863,8.069999694824219,8.010000228881836,6.116014003753662,19748900
2015-03-06,7.949999809265137,7.96999979019165,7.809999942779541,5.941486835479736,18332800
2015-03-09,7.849999904632568,7.889999866485596,7.800000190734863,5.964252471923828,26485600
2015-03-10,7.739999771118164,7.760000228881836,7.619999885559082,5.7897257804870605,25530700
2015-03-11,7.650000095367432,7.78000020980835,7.630000114440918,5.86560583114624,21384200
2015-03-12,7.690000057220459,7.739999771118164,7.639999866485596,5.858018398284912,36966900
2015-03-13,7.670000076293945,7.699999809265137,7.619999885559082,5.842843055725098,35419300
2015-03-16,7.679999828338623,7.809999942779541,7.670000076293945,5.9035468101501465,33374800
2015-03-17,7.699999809265137,7.75,7.650000095367432,5.820077419281006,44033200
2015-03-18,7.659999847412109,7.929999828338623,7.659999847412109,5.987016677856445,35287800
2015-03-19,7.760000228881836,7.829999923706055,7.75,5.9035468101501465,52579500
2015-03-20,7.840000152587891,7.949999809265137,7.809999942779541,5.964252471923828,53649100
2015-03-23,7.889999866485596,7.929999828338623,7.840000152587891,5.979428291320801,9077400
2015-03-24,7.960000038146973,8.010000228881836,7.909999847412109,6.032545566558838,16058000
2015-03-25,8.020000457763672,8.029999732971191,7.860000133514404,5.964252471923828,12626200
2015-03-26,7.670000076293945,7.679999828338623,7.599999904632568,5.797313690185547,15758100
2015-03-27,7.699999809265137,7.730000019073486,7.670000076293945,5.842843055725098,9046200
2015-03-30,7.690000057220459,7.75,7.650000095367432,5.86560583114624,17730000
2015-03-31,7.630000114440918,7.710000038146973,7.579999923706055,5.751784324645996,28576300
2015-04-01,7.570000171661377,7.610000133514404,7.5,5.729020595550537,11958100
2015-04-02,7.650000095367432,7.699999809265137,7.630000114440918,5.80490255355835,8233000
2015-04-06,7.670000076293945,7.860000133514404,7.650000095367432,5.9187235832214355,14339000
2015-04-07,7.710000038146973,7.769999980926514,7.699999809265137,5.873195648193359,12223800
2015-04-08,7.739999771118164,7.769999980926514,7.699999809265137,5.873195648193359,15093700
2015-04-09,7.679999828338623,7.760000228881836,7.619999885559082,5.86560583114624,49841500
2015-04-10,7.71999979019165,8.100000381469727,7.690000057220459,6.116014003753662,37090000
2015-04-13,8.180000305175781,8.369999885559082,8.039999961853027,6.298128604888916,74468600
2015-04-14,8.0600004196167,8.069999694824219,7.869999885559082,6.040133953094482,80269800
2015-04-15,7.960000038146973,8.010000228881836,7.619999885559082,5.949076175689697,120783300
2015-04-16,7.840000152587891,7.849999904632568,7.71999979019165,5.895959854125977,53359800
2015-04-17,7.71999979019165,7.75,7.590000152587891,5.782137870788574,89883400
2015-04-20,7.579999923706055,7.659999847412109,7.570000171661377,5.77454948425293,36237900
2015-04-21,7.840000152587891,7.889999866485596,7.789999961853027,5.949076175689697,43060500
2015-04-22,7.980000019073486,8.020000457763672,7.920000076293945,6.0704851150512695,31755100
2015-04-23,7.829999923706055,7.920000076293945,7.800000190734863,5.956664085388184,19785400
2015-04-24,7.840000152587891,7.849999904632568,7.690000057220459,5.888370990753174,19508300
2015-04-27,7.71999979019165,7.730000019073486,7.619999885559082,5.80490255355835,25312100
2015-04-28,7.650000095367432,7.679999828338623,7.599999904632568,5.820077419281006,26102400
2015-04-29,7.539999961853027,7.590000152587891,7.460000038146973,5.683492660522461,38665300
2015-04-30,7.489999771118164,7.489999771118164,6.53000020980835,4.992973804473877,82617900
2015-05-01,6.659999847412109,6.659999847412109,6.460000038146973,4.932269096374512,36115300
2015-05-04,6.619999885559082,6.619999885559082,6.519999980926514,4.962622165679932,34622400
2015-05-05,6.420000076293945,6.440000057220459,6.300000190734863,4.961844444274902,32912200
2015-05-06,6.579999923706055,6.590000152587891,6.380000114440918,5.039616584777832,52050800
2015-05-07,6.659999847412109,6.809999942779541,6.599999904632568,5.226268291473389,53082300
2015-05-08,6.889999866485596,6.989999771118164,6.860000133514404,5.389588356018066,45295900
2015-05-11,6.980000019073486,7.039999961853027,6.860000133514404,5.358480930328369,14493000
2015-05-12,6.880000114440918,6.889999866485596,6.820000171661377,5.304040908813477,11255800
2015-05-13,6.96999979019165,6.980000019073486,6.840000152587891,5.342926502227783,15929500
2015-05-14,6.920000076293945,7,6.860000133514404,5.428475379943848,14197500
2015-05-15,6.869999885559082,6.929999828338623,6.840000152587891,5.3662590980529785,11277400
2015-05-18,6.829999923706055,7.03000020980835,6.800000190734863,5.4129204750061035,24263900
2015-05-19,6.980000019073486,7.019999980926514,6.949999809265137,5.428475379943848,12223000
2015-05-20,7.050000190734863,7.179999828338623,7.019999980926514,5.545133113861084,21113600
2015-05-21,7.25,7.429999828338623,7.239999771118164,5.708454132080078,24714700
2015-05-22,7.25,7.269999980926514,7.21999979019165,5.615127086639404,10207300
2015-05-26,7.190000057220459,7.210000038146973,7.099999904632568,5.584019184112549,15818700
2015-05-27,7.269999980926514,7.380000114440918,7.239999771118164,5.716230869293213,12093600
2015-05-28,7.300000190734863,7.389999866485596,7.289999961853027,5.739563465118408,9784600
2015-05-29,7.389999866485596,7.409999847412109,7.239999771118164,5.669568061828613,10813600
2015-06-01,7.329999923706055,7.340000152587891,7.21999979019165,5.646236896514893,8845000
2015-06-02,7.380000114440918,7.380000114440918,7.300000190734863,5.700676918029785,14429700
2015-06-03,7.389999866485596,7.409999847412109,7.320000171661377,5.724008560180664,10603200
2015-06-04,7.380000114440918,7.480000019073486,7.329999923706055,5.708454132080078,15822100
2015-06-05,7.159999847412109,7.199999809265137,7.099999904632568,5.537355899810791,11084300
2015-06-08,7.110000133514404,7.150000095367432,7.070000171661377,5.56068754196167,8856300
2015-06-09,7.119999885559082,7.199999809265137,7.099999904632568,5.56068754196167,8081200
2015-06-10,7.21999979019165,7.269999980926514,7.179999828338623,5.630681991577148,7871100
2015-06-11,7.230000019073486,7.260000228881836,7.170000076293945,5.615127086639404,8409200
2015-06-12,7.110000133514404,7.199999809265137,7.099999904632568,5.545133113861084,7031700
2015-06-15,6.96999979019165,7.03000020980835,6.940000057220459,5.451806545257568,13343500
2015-06-16,7.139999866485596,7.199999809265137,7.090000152587891,5.552910327911377,9220900
2015-06-17,7.079999923706055,7.159999847412109,7.059999942779541,5.537355899810791,8226300
2015-06-18,7.090000152587891,7.389999866485596,7.079999923706055,5.654013633728027,22507900
2015-06-19,7.28000020980835,7.309999942779541,7.159999847412109,5.591796398162842,6107000
2015-06-22,7.340000152587891,7.380000114440918,7.28000020980835,5.677345275878906,9284900
2015-06-23,7.340000152587891,7.349999904632568,7.289999961853027,5.700676918029785,9503300
2015-06-24,7.25,7.300000190734863,7.21999979019165,5.622905254364014,6416900
2015-06-25,7.190000057220459,7.239999771118164,7.130000114440918,5.630681991577148,14437200
2015-06-26,7.239999771118164,7.260000228881836,7.179999828338623,5.622905254364014,16374500
2015-06-29,6.929999828338623,6.980000019073486,6.880000114440918,5.374035835266113,15557100
2015-06-30,6.909999847412109,6.920000076293945,6.739999771118164,5.327373504638672,20651700
2015-07-01,6.96999979019165,6.980000019073486,6.809999942779541,5.319593906402588,12222600
2015-07-02,6.840000152587891,6.840000152587891,6.71999979019165,5.23404598236084,9363400
2015-07-06,6.510000228881836,6.659999847412109,6.449999809265137,5.039616584777832,16717700
2015-07-07,6.409999847412109,6.550000190734863,6.260000228881836,5.078502178192139,29292100
2015-07-08,6.380000114440918,6.429999828338623,6.309999942779541,4.915181636810303,16885700
2015-07-09,6.53000020980835,6.550000190734863,6.449999809265137,5.016283988952637,17691000
2015-07-10,6.809999942779541,6.809999942779541,6.639999866485596,5.210714340209961,19590900
2015-07-13,6.710000038146973,6.769999980926514,6.690000057220459,5.218491077423096,14859400
2015-07-14,6.670000076293945,6.739999771118164,6.650000095367432,5.23404598236084,19793400
2015-07-15,6.710000038146973,6.730000019073486,6.619999885559082,5.1718292236328125,10421600
2015-07-16,6.739999771118164,6.769999980926514,6.639999866485596,5.195159912109375,12208400
2015-07-17,6.840000152587891,6.849999904632568,6.760000228881836,5.280708312988281,13523500
2015-07-20,6.829999923706055,6.840000152587891,6.78000020980835,5.272931098937988,9736300
2015-07-21,6.75,6.789999961853027,6.71999979019165,5.249599456787109,9144200
2015-07-22,6.710000038146973,6.730000019073486,6.659999847412109,5.20293664932251,8298400
2015-07-23,6.71999979019165,6.760000228881836,6.699999809265137,5.226268291473389,11293900
2015-07-24,6.869999885559082,6.869999885559082,6.710000038146973,5.241821765899658,9621800
2015-07-27,6.710000038146973,6.739999771118164,6.650000095367432,5.179605484008789,6793900
2015-07-28,6.619999885559082,6.639999866485596,6.550000190734863,5.148497581481934,12040500
2015-07-29,6.570000171661377,6.639999866485596,6.53000020980835,5.1251654624938965,11361700
2015-07-30,6.820000171661377,7.050000190734863,6.809999942779541,5.467360973358154,24935000
2015-07-31,7.019999980926514,7.099999904632568,7,5.482915878295898,12749200
2015-08-03,7,7.03000020980835,6.909999847412109,5.389588356018066,9507800
2015-08-04,6.929999828338623,6.960000038146973,6.840000152587891,5.342926502227783,8041900
2015-08-05,6.889999866485596,6.929999828338623,6.849999904632568,5.327373504638672,6832200
2015-08-06,6.889999866485596,6.900000095367432,6.800000190734863,5.296263217926025,9326700
2015-08-07,6.769999980926514,6.78000020980835,6.710000038146973,5.272931098937988,7238300
2015-08-10,6.769999980926514,6.889999866485596,6.769999980926514,5.342926502227783,4840600
2015-08-11,6.71999979019165,6.730000019073486,6.579999923706055,5.164051532745361,10741300
2015-08-12,6.570000171661377,6.670000076293945,6.510000228881836,5.164051532745361,12271500
2015-08-13,6.659999847412109,6.71999979019165,6.639999866485596,5.164051532745361,7850900
2015-08-14,6.619999885559082,6.639999866485596,6.570000171661377,5.140720367431641,5269600
2015-08-17,6.539999961853027,6.630000114440918,6.510000228881836,5.140720367431641,5755100
2015-08-18,6.639999866485596,6.650000095367432,6.579999923706055,5.1329426765441895,5545400
2015-08-19,6.5,6.519999980926514,6.400000095367432,5.024061679840088,10512300
2015-08-20,6.400000095367432,6.420000076293945,6.230000019073486,4.845186710357666,8707000
2015-08-21,6.28000020980835,6.329999923706055,6.110000133514404,4.775191783905029,14495500
2015-08-24,5.840000152587891,5.880000114440918,5.710000038146973,4.5652079582214355,28244600
2015-08-25,6.25,6.300000190734863,6.039999961853027,4.705197334289551,22792000
2015-08-26,6.369999885559082,6.369999885559082,6.090000152587891,4.860740661621094,24241100
2015-08-27,6.320000171661377,6.349999904632568,6.239999771118164,4.915181636810303,12284100
2015-08-28,6.260000228881836,6.369999885559082,6.25,4.915181636810303,7936500
2015-08-31,6.269999980926514,6.28000020980835,6.179999828338623,4.852963924407959,10224300
2015-09-01,6.110000133514404,6.179999828338623,6.059999942779541,4.751860618591309,12230900
2015-09-02,6.21999979019165,6.239999771118164,6.130000114440918,4.837409019470215,10791700
2015-09-03,6.28000020980835,6.360000133514404,6.25,4.8840718269348145,8746300
2015-09-04,6.21999979019165,6.230000019073486,6.139999866485596,4.790746212005615,6751800
2015-09-08,6.340000152587891,6.380000114440918,6.289999961853027,4.954067230224609,7257800
2015-09-09,6.539999961853027,6.579999923706055,6.420000076293945,5.000728607177734,16544000
2015-09-10,6.519999980926514,6.579999923706055,6.5,5.09405517578125,9497900
2015-09-11,6.53000020980835,6.550000190734863,6.449999809265137,5.062947750091553,10213400
2015-09-14,6.630000114440918,6.639999866485596,6.590000152587891,5.148497581481934,10565500
2015-09-15,6.610000133514404,6.639999866485596,6.570000171661377,5.1329426765441895,6573500
2015-09-16,6.699999809265137,6.760000228881836,6.670000076293945,5.226268291473389,8640100
2015-09-17,6.699999809265137,6.829999923706055,6.679999828338623,5.241821765899658,13101200
2015-09-18,6.739999771118164,6.739999771118164,6.579999923706055,5.1329426765441895,12816900
2015-09-21,6.650000095367432,6.679999828338623,6.599999904632568,5.148497581481934,7472000
2015-09-22,6.510000228881836,6.550000190734863,6.460000038146973,5.070724010467529,7393800
2015-09-23,6.659999847412109,6.699999809265137,6.599999904632568,5.1718292236328125,9777300
2015-09-24,6.610000133514404,6.659999847412109,6.539999961853027,5.179605484008789,8849500
2015-09-25,6.610000133514404,6.650000095367432,6.53000020980835,5.109611511230469,20040200
2015-09-28,6.539999961853027,6.539999961853027,6.449999809265137,5.024061679840088,9704800
2015-09-29,6.489999771118164,6.639999866485596,6.480000019073486,5.117387771606445,9825600
2015-09-30,6.800000190734863,6.829999923706055,6.739999771118164,5.272931098937988,15397500
2015-10-01,6.730000019073486,6.739999771118164,6.599999904632568,5.195159912109375,9587900
2015-10-02,6.730000019073486,6.920000076293945,6.710000038146973,5.374035835266113,15404200
2015-10-05,6.900000095367432,6.980000019073486,6.889999866485596,5.389588356018066,8805000
2015-10-06,6.960000038146973,7.019999980926514,6.920000076293945,5.428475379943848,17520000
2015-10-07,6.989999771118164,7.039999961853027,6.920000076293945,5.475138187408447,11190400
2015-10-08,6.960000038146973,7.059999942779541,6.909999847412109,5.475138187408447,9771500
2015-10-09,6.96999979019165,7.010000228881836,6.900000095367432,5.428475379943848,12424800
2015-10-12,6.920000076293945,6.960000038146973,6.889999866485596,5.374035835266113,4488200
2015-10-13,6.929999828338623,6.940000057220459,6.800000190734863,5.288486003875732,11157000
2015-10-14,6.909999847412109,6.920000076293945,6.849999904632568,5.374035835266113,13135300
2015-10-15,6.929999828338623,7.090000152587891,6.920000076293945,5.498470783233643,12314800
2015-10-16,6.980000019073486,7.019999980926514,6.929999828338623,5.459582805633545,5592200
2015-10-19,6.989999771118164,7.019999980926514,6.960000038146973,5.451806545257568,6097200
2015-10-20,6.909999847412109,6.960000038146973,6.900000095367432,5.4129204750061035,7506100
2015-10-21,6.989999771118164,7.010000228881836,6.920000076293945,5.397367000579834,6375800
2015-10-22,6.980000019073486,7.03000020980835,6.960000038146973,5.444029331207275,7563500
2015-10-23,6.800000190734863,6.880000114440918,6.769999980926514,5.296263217926025,9766100
2015-10-26,6.710000038146973,6.75,6.659999847412109,5.226268291473389,7397800
2015-10-27,6.659999847412109,6.679999828338623,6.53000020980835,5.117387771606445,8278600
2015-10-28,6.559999942779541,6.71999979019165,6.539999961853027,5.164051532745361,8806800
2015-10-29,6.639999866485596,7.349999904632568,6.639999866485596,5.692899703979492,58373000
2015-10-30,7.429999828338623,7.46999979019165,7.409999847412109,5.7706708908081055,18362700
2015-11-02,7.449999809265137,7.46999979019165,7.409999847412109,5.786226749420166,7286400
2015-11-03,7.46999979019165,7.599999904632568,7.440000057220459,5.895106315612793,18664900
2015-11-04,7.619999885559082,7.630000114440918,7.550000190734863,5.8717756271362305,20200100
2015-11-05,7.570000171661377,7.590000152587891,7.480000019073486,5.8406662940979,7609600
2015-11-06,7.46999979019165,7.519999980926514,7.389999866485596,5.8406662940979,7611900
2015-11-09,7.449999809265137,7.46999979019165,7.400000095367432,5.778448104858398,7454200
2015-11-10,7.210000038146973,7.25,7.179999828338623,5.615127086639404,7509900
2015-11-11,7.329999923706055,7.389999866485596,7.300000190734863,5.685123443603516,4944900
2015-11-12,7.329999923706055,7.369999885559082,7.269999980926514,5.66179084777832,11217300
2015-11-13,7.170000076293945,7.170000076293945,7.090000152587891,5.552910327911377,8651100
2015-11-16,7.159999847412109,7.300000190734863,7.139999866485596,5.66179084777832,7790300
2015-11-17,7.21999979019165,7.289999961853027,7.199999809265137,5.6384596824646,10813300
2015-11-18,7.25,7.329999923706055,7.21999979019165,5.685123443603516,9857500
2015-11-19,7.260000228881836,7.329999923706055,7.25,5.654013633728027,5179300
2015-11-20,7.360000133514404,7.400000095367432,7.349999904632568,5.747339248657227,5860700
2015-11-23,7.320000171661377,7.400000095367432,7.300000190734863,5.692899703979492,7680700
2015-11-24,7.239999771118164,7.300000190734863,7.210000038146973,5.646236896514893,5811200
2015-11-25,7.239999771118164,7.300000190734863,7.21999979019165,5.6384596824646,3997600
2015-11-27,7.190000057220459,7.199999809265137,7.170000076293945,5.591796398162842,1425600
2015-11-30,7.199999809265137,7.230000019073486,7.170000076293945,5.607350826263428,5117500
2015-12-01,7.389999866485596,7.409999847412109,7.340000152587891,5.762893199920654,10120100
2015-12-02,7.400000095367432,7.480000019073486,7.400000095367432,5.786226749420166,10742900
2015-12-03,7.449999809265137,7.46999979019165,7.329999923706055,5.716230869293213,11130400
2015-12-04,7.289999961853027,7.429999828338623,7.28000020980835,5.762893199920654,10173100
2015-12-07,7.380000114440918,7.409999847412109,7.340000152587891,5.739563465118408,7528300
2015-12-08,7.239999771118164,7.289999961853027,7.170000076293945,5.66179084777832,10214300
2015-12-09,7.139999866485596,7.159999847412109,6.989999771118164,5.498470783233643,12686800
2015-12-10,7.010000228881836,7.079999923706055,6.980000019073486,5.459582805633545,8936600
2015-12-11,6.920000076293945,6.949999809265137,6.880000114440918,5.3662590980529785,8896100
2015-12-14,6.920000076293945,6.96999979019165,6.840000152587891,5.4051432609558105,12379600
2015-12-15,6.920000076293945,7.010000228881836,6.909999847412109,5.4129204750061035,8103000
2015-12-16,7.090000152587891,7.130000114440918,7.019999980926514,5.529579162597656,13030200
2015-12-17,7.039999961853027,7.059999942779541,6.940000057220459,5.4051432609558105,9419800
2015-12-18,6.869999885559082,6.889999866485596,6.789999961853027,5.319593906402588,13718600
2015-12-21,7.119999885559082,7.150000095367432,7.050000190734863,5.514024257659912,15142800
2015-12-22,7.179999828338623,7.239999771118164,7.119999885559082,5.615127086639404,10772600
2015-12-23,7.139999866485596,7.179999828338623,7.119999885559082,5.552910327911377,6413000
2015-12-24,7.150000095367432,7.159999847412109,7.099999904632568,5.545133113861084,2462400
2015-12-28,7.139999866485596,7.150000095367432,7.059999942779541,5.506246089935303,5552200
2015-12-29,7.179999828338623,7.230000019073486,7.159999847412109,5.607350826263428,8123300
2015-12-30,7.230000019073486,7.230000019073486,7.119999885559082,5.537355899810791,7337700
2015-12-31,7.110000133514404,7.110000133514404,6.989999771118164,5.459582805633545,8572500
2016-01-04,7.130000114440918,7.190000057220459,7.019999980926514,5.584019184112549,13237000
2016-01-05,7.130000114440918,7.210000038146973,7.070000171661377,5.56068754196167,12266600
2016-01-06,6.980000019073486,7.130000114440918,6.980000019073486,5.506246089935303,13954400
2016-01-07,7.019999980926514,7.199999809265137,7.019999980926514,5.552910327911377,20079700
2016-01-08,7.389999866485596,7.429999828338623,7.309999942779541,5.700676918029785,33961400
2016-01-11,7.5,7.550000190734863,7.369999885559082,5.7706708908081055,32497400
2016-01-12,7.449999809265137,7.5,7.389999866485596,5.8017802238464355,16690600
2016-01-13,7.46999979019165,7.5,7.260000228881836,5.66179084777832,15172900
2016-01-14,7.269999980926514,7.420000076293945,7.21999979019165,5.739563465118408,18241300
2016-01-15,7.179999828338623,7.260000228881836,7.079999923706055,5.568465232849121,17789300
2016-01-19,7.179999828338623,7.230000019073486,7.110000133514404,5.591796398162842,15240400
2016-01-20,7.110000133514404,7.150000095367432,6.929999828338623,5.514024257659912,21060600
2016-01-21,6.980000019073486,7.150000095367432,6.889999866485596,5.514024257659912,23463300
2016-01-22,7.199999809265137,7.309999942779541,7.179999828338623,5.646236896514893,14340200
2016-01-25,7.150000095367432,7.21999979019165,7.119999885559082,5.568465232849121,12732000
2016-01-26,7.190000057220459,7.300000190734863,7.190000057220459,5.66179084777832,9155300
2016-01-27,7.139999866485596,7.300000190734863,7.110000133514404,5.584019184112549,16205600
2016-01-28,7.150000095367432,7.159999847412109,7.019999980926514,5.521801471710205,17393400
2016-01-29,7.050000190734863,7.21999979019165,7.039999961853027,5.599573612213135,19596900
2016-02-01,6.380000114440918,6.380000114440918,6.300000190734863,4.930735111236572,55605600
2016-02-02,6.329999923706055,6.340000152587891,6.210000038146973,4.868517875671387,35920200
2016-02-03,6.360000133514404,6.400000095367432,6.28000020980835,4.969621181488037,27099400
2016-02-04,6.25,6.360000133514404,6.239999771118164,4.852963924407959,14136600
2016-02-05,6.159999847412109,6.190000057220459,5.929999828338623,4.635201454162598,25551800
2016-02-08,5.869999885559082,5.880000114440918,5.78000020980835,4.541876316070557,14680200
2016-02-09,5.829999923706055,5.940000057220459,5.809999942779541,4.572985649108887,14991700
2016-02-10,5.920000076293945,5.960000038146973,5.809999942779541,4.526321887969971,15662200
2016-02-11,5.820000171661377,6.010000228881836,5.78000020980835,4.572985649108887,23490300
2016-02-12,5.860000133514404,5.869999885559082,5.78000020980835,4.557431697845459,20890200
2016-02-16,5.889999866485596,5.940000057220459,5.860000133514404,4.611870288848877,6997700
2016-02-17,6.050000190734863,6.130000114440918,6.010000228881836,4.751860618591309,12827700
2016-02-18,6.159999847412109,6.190000057220459,6.130000114440918,4.775191783905029,9840800
2016-02-19,6.050000190734863,6.050000190734863,5.920000076293945,4.666311264038086,25908400
2016-02-22,6.050000190734863,6.199999809265137,6.039999961853027,4.814078330993652,18309500
2016-02-23,6.159999847412109,6.170000076293945,6.059999942779541,4.72852897644043,10990600
2016-02-24,5.96999979019165,6.130000114440918,5.940000057220459,4.744082927703857,9928000
2016-02-25,6.099999904632568,6.21999979019165,6.090000152587891,4.821855068206787,8115700
2016-02-26,6.139999866485596,6.150000095367432,6.050000190734863,4.7363057136535645,8092500
2016-02-29,6.039999961853027,6.090000152587891,5.980000019073486,4.689642906188965,24579400
2016-03-01,6.099999904632568,6.159999847412109,6.070000171661377,4.775191783905029,10348500
2016-03-02,6.090000152587891,6.159999847412109,6.079999923706055,4.7829694747924805,8130000
2016-03-03,6.059999942779541,6.079999923706055,6.010000228881836,4.72852897644043,10137000
2016-03-04,6.139999866485596,6.190000057220459,6.110000133514404,4.7829694747924805,9634300
2016-03-07,6.079999923706055,6.150000095367432,6.070000171661377,4.7829694747924805,6128000
2016-03-08,5.960000038146973,5.980000019073486,5.889999866485596,4.596316814422607,12327600
2016-03-09,5.889999866485596,5.949999809265137,5.860000133514404,4.6040940284729,8857400
2016-03-10,5.96999979019165,6.03000020980835,5.880000114440918,4.619647026062012,16461200
2016-03-11,6.039999961853027,6.039999961853027,5.949999809265137,4.674088001251221,9498600
2016-03-14,6.019999980926514,6.079999923706055,6.010000228881836,4.705197334289551,7960100
2016-03-15,6.03000020980835,6.039999961853027,5.980000019073486,4.674088001251221,9710700
2016-03-16,5.920000076293945,6.110000133514404,5.909999847412109,4.751860618591309,16342500
2016-03-17,6.070000171661377,6.110000133514404,6.039999961853027,4.720752239227295,7333200
2016-03-18,6.070000171661377,6.159999847412109,6.039999961853027,4.72852897644043,12252400
2016-03-21,6.090000152587891,6.119999885559082,6.03000020980835,4.689642906188965,5889800
2016-03-22,5.960000038146973,6.070000171661377,5.960000038146973,4.712973594665527,7818100
2016-03-23,5.989999771118164,6,5.860000133514404,4.5652079582214355,11187400
2016-03-24,5.78000020980835,5.800000190734863,5.739999771118164,4.495213985443115,10634300
2016-03-28,5.809999942779541,5.849999904632568,5.78000020980835,4.518545150756836,4556200
2016-03-29,5.809999942779541,5.920000076293945,5.78000020980835,4.580761909484863,11751300
2016-03-30,6.010000228881836,6.070000171661377,5.96999979019165,4.689642906188965,10291400
2016-03-31,5.980000019073486,6,5.889999866485596,4.596316814422607,14016400
2016-04-01,5.760000228881836,5.840000152587891,5.739999771118164,4.510766983032227,14514500
2016-04-04,5.809999942779541,5.900000095367432,5.75,4.5341010093688965,22731900
2016-04-05,5.809999942779541,5.840000152587891,5.730000019073486,4.464104175567627,12000600
2016-04-06,5.820000171661377,5.849999904632568,5.78000020980835,4.549654006958008,6829300
2016-04-07,5.789999961853027,5.809999942779541,5.710000038146973,4.464104175567627,12325400
2016-04-08,5.980000019073486,6.039999961853027,5.949999809265137,4.674088001251221,18834700
2016-04-11,5.940000057220459,5.949999809265137,5.900000095367432,4.596316814422607,11604800
2016-04-12,5.809999942779541,5.880000114440918,5.769999980926514,4.557431697845459,7463700
2016-04-13,5.949999809265137,6.090000152587891,5.949999809265137,4.720752239227295,10630000
2016-04-14,6.159999847412109,6.199999809265137,6.130000114440918,4.798523426055908,8728600
2016-04-15,6.099999904632568,6.130000114440918,6.079999923706055,4.75963830947876,5248200
2016-04-18,6.099999904632568,6.159999847412109,6.090000152587891,4.7674150466918945,6030900
2016-04-19,6.28000020980835,6.309999942779541,6.239999771118164,4.860740661621094,8469300
2016-04-20,6.099999904632568,6.190000057220459,6.099999904632568,4.7829694747924805,8457400
2016-04-21,6.070000171661377,6.099999904632568,6.019999980926514,4.705197334289551,16700700
2016-04-22,6,6.090000152587891,5.989999771118164,4.72852897644043,13116700
2016-04-25,5.940000057220459,5.960000038146973,5.869999885559082,4.6040940284729,21803500
2016-04-26,5.960000038146973,5.980000019073486,5.880000114440918,4.596316814422607,10588500
2016-04-27,5.900000095367432,5.980000019073486,5.889999866485596,4.642978191375732,10752000
2016-04-28,5.949999809265137,5.980000019073486,5.900000095367432,4.6040940284729,17824100
2016-04-29,5.96999979019165,5.96999979019165,5.829999923706055,4.5652079582214355,14445500
2016-05-02,5.929999828338623,5.960000038146973,5.880000114440918,4.611870288848877,8223400
2016-05-03,5.920000076293945,5.920000076293945,5.800000190734863,4.526321887969971,17362500
2016-05-04,5.800000190734863,5.820000171661377,5.710000038146973,4.479658603668213,15909700
2016-05-05,5.690000057220459,5.730000019073486,5.659999847412109,4.425217151641846,7982400
2016-05-06,5.670000076293945,5.679999828338623,5.610000133514404,4.409663200378418,17038300
2016-05-09,5.670000076293945,5.730000019073486,5.670000076293945,4.425217151641846,17666900
2016-05-10,5.289999961853027,5.449999809265137,5.260000228881836,4.129684925079346,53014200
2016-05-11,5.300000190734863,5.309999942779541,5.25,4.106353759765625,20502700
2016-05-12,5.25,5.260000228881836,5.110000133514404,4.028581619262695,24363100
2016-05-13,5.239999771118164,5.28000020980835,5.139999866485596,4.028581619262695,17094900
2016-05-16,5.159999847412109,5.21999979019165,5.079999923706055,4.051913738250732,31185000
2016-05-17,5.159999847412109,5.190000057220459,5.099999904632568,3.9741413593292236,31036200
2016-05-18,5.199999809265137,5.289999961853027,5.170000076293945,4.051913738250732,17250500
2016-05-19,5.159999847412109,5.190000057220459,5.130000114440918,4.0208048820495605,8308200
2016-05-20,5.170000076293945,5.239999771118164,5.159999847412109,4.051913738250732,11921000
2016-05-23,5.21999979019165,5.260000228881836,5.199999809265137,4.059689998626709,19387300
2016-05-24,5.260000228881836,5.369999885559082,5.260000228881836,4.1685709953308105,14429700
2016-05-25,5.510000228881836,5.599999904632568,5.5,4.339669227600098,18417900
2016-05-26,5.619999885559082,5.630000114440918,5.550000190734863,4.355224132537842,12901400
2016-05-27,5.559999942779541,5.630000114440918,5.550000190734863,4.355224132537842,8354600
2016-05-31,5.670000076293945,5.71999979019165,5.659999847412109,4.432995319366455,11816800
2016-06-01,5.670000076293945,5.690000057220459,5.630000114440918,4.409663200378418,7262500
2016-06-02,5.610000133514404,5.679999828338623,5.599999904632568,4.4018874168396,7325700
2016-06-03,5.71999979019165,5.730000019073486,5.639999866485596,4.425217151641846,10393000
2016-06-06,5.679999828338623,5.699999809265137,5.639999866485596,4.4018874168396,13708500
2016-06-07,5.71999979019165,5.730000019073486,5.679999828338623,4.432995319366455,10865000
2016-06-08,5.739999771118164,5.760000228881836,5.710000038146973,4.464104175567627,12810000
2016-06-09,5.690000057220459,5.71999979019165,5.639999866485596,4.417440891265869,8661100
2016-06-10,5.630000114440918,5.670000076293945,5.579999923706055,4.363000869750977,12515100
2016-06-13,5.610000133514404,5.760000228881836,5.590000152587891,4.4018874168396,16929500
2016-06-14,5.599999904632568,5.619999885559082,5.5,4.331893444061279,12550700
2016-06-15,5.579999923706055,5.679999828338623,5.570000171661377,4.370778560638428,10618700
2016-06-16,5.360000133514404,5.489999771118164,5.320000171661377,4.509598731994629,12541300
2016-06-17,5.489999771118164,5.53000020980835,5.400000095367432,4.534241199493408,12585700
2016-06-20,5.590000152587891,5.599999904632568,5.550000190734863,4.567097187042236,5594400
2016-06-21,5.570000171661377,5.610000133514404,5.539999961853027,4.59174108505249,9035400
2016-06-22,5.610000133514404,5.630000114440918,5.559999942779541,4.583526134490967,10191300
2016-06-23,5.730000019073486,5.75,5.670000076293945,4.682096004486084,8795200
2016-06-24,5.050000190734863,5.28000020980835,5.039999961853027,4.279600620269775,35261100
2016-06-27,5.210000038146973,5.210000038146973,5.010000228881836,4.172816276550293,16257500
2016-06-28,5.340000152587891,5.409999847412109,5.309999942779541,4.40281343460083,13597200
2016-06-29,5.519999980926514,5.550000190734863,5.489999771118164,4.550670146942139,12157600
2016-06-30,5.619999885559082,5.699999809265137,5.579999923706055,4.673882007598877,10695800
2016-07-01,5.639999866485596,5.690000057220459,5.619999885559082,4.649240016937256,10884600
2016-07-05,5.380000114440918,5.400000095367432,5.329999923706055,4.4110283851623535,18461800
2016-07-06,5.28000020980835,5.340000152587891,5.21999979019165,4.386385440826416,13223000
2016-07-07,5.269999980926514,5.349999904632568,5.260000228881836,4.378171920776367,19301200
2016-07-08,5.440000057220459,5.5,5.429999828338623,4.476740837097168,7854500
2016-07-11,5.550000190734863,5.590000152587891,5.539999961853027,4.567097187042236,7016300
2016-07-12,5.619999885559082,5.639999866485596,5.590000152587891,4.59174108505249,7320700
2016-07-13,5.849999904632568,5.929999828338623,5.820000171661377,4.838165760040283,16431000
2016-07-14,5.96999979019165,5.989999771118164,5.900000095367432,4.871023178100586,11087100
2016-07-15,5.909999847412109,5.929999828338623,5.880000114440918,4.862809181213379,8439000
2016-07-18,5.849999904632568,5.900000095367432,5.820000171661377,4.805310249328613,10919200
2016-07-19,5.789999961853027,5.809999942779541,5.699999809265137,4.690310478210449,9112100
2016-07-20,5.809999942779541,5.840000152587891,5.78000020980835,4.780667781829834,6243700
2016-07-21,5.840000152587891,5.869999885559082,5.789999961853027,4.780667781829834,6180800
2016-07-22,5.840000152587891,5.869999885559082,5.800000190734863,4.813525676727295,10122900
2016-07-25,5.800000190734863,5.829999923706055,5.71999979019165,4.7724528312683105,10360400
2016-07-26,5.769999980926514,5.809999942779541,5.739999771118164,4.739595413208008,8279900
2016-07-27,5.829999923706055,5.889999866485596,5.800000190734863,4.813525676727295,12122000
2016-07-28,5.71999979019165,5.760000228881836,5.690000057220459,4.723167419433594,16288000
2016-07-29,5.760000228881836,5.78000020980835,5.71999979019165,4.739595413208008,9546200
2016-08-01,5.690000057220459,5.710000038146973,5.639999866485596,4.649240016937256,9484800
2016-08-02,5.659999847412109,5.670000076293945,5.590000152587891,4.6081695556640625,11614200
2016-08-03,5.570000171661377,5.78000020980835,5.559999942779541,4.673882007598877,26928400
2016-08-04,5.489999771118164,5.53000020980835,5.380000114440918,4.517812252044678,59015900
2016-08-05,5.460000038146973,5.519999980926514,5.449999809265137,4.493169784545898,16456300
2016-08-08,5.480000019073486,5.519999980926514,5.460000038146973,4.526026725769043,9541100
2016-08-09,5.570000171661377,5.659999847412109,5.570000171661377,4.641025066375732,11539800
2016-08-10,5.699999809265137,5.710000038146973,5.650000095367432,4.673882007598877,10615900
2016-08-11,5.670000076293945,5.739999771118164,5.670000076293945,4.682096004486084,4892000
2016-08-12,5.769999980926514,5.78000020980835,5.71999979019165,4.714953422546387,5644100
2016-08-15,5.769999980926514,5.800000190734863,5.739999771118164,4.764237880706787,14298700
2016-08-16,5.760000228881836,5.789999961853027,5.75,4.7478108406066895,11825200
2016-08-17,5.699999809265137,5.730000019073486,5.659999847412109,4.673882007598877,13174600
2016-08-18,5.690000057220459,5.760000228881836,5.690000057220459,4.723167419433594,9549800
2016-08-19,5.690000057220459,5.730000019073486,5.650000095367432,4.657453536987305,10907000
2016-08-22,5.650000095367432,5.659999847412109,5.599999904632568,4.641025066375732,11523900
2016-08-23,5.670000076293945,5.739999771118164,5.659999847412109,4.690310478210449,13776700
2016-08-24,5.75,5.789999961853027,5.739999771118164,4.723167419433594,7299100
2016-08-25,5.710000038146973,5.730000019073486,5.679999828338623,4.682096004486084,4586600
2016-08-26,5.690000057220459,5.760000228881836,5.659999847412109,4.673882007598877,8050100
2016-08-29,5.670000076293945,5.710000038146973,5.659999847412109,4.673882007598877,3092300
2016-08-30,5.71999979019165,5.760000228881836,5.710000038146973,4.714953422546387,6603900
2016-08-31,5.710000038146973,5.739999771118164,5.630000114440918,4.657453536987305,7524700
2016-09-01,5.699999809265137,5.71999979019165,5.630000114440918,4.649240016937256,6699000
2016-09-02,5.710000038146973,5.769999980926514,5.690000057220459,4.731381416320801,5520500
2016-09-06,5.739999771118164,5.769999980926514,5.730000019073486,4.714953422546387,4781100
2016-09-07,5.789999961853027,5.889999866485596,5.789999961853027,4.821738243103027,8347800
2016-09-08,5.829999923706055,5.840000152587891,5.78000020980835,4.788882255554199,8230100
2016-09-09,5.760000228881836,5.769999980926514,5.699999809265137,4.682096004486084,13606200
2016-09-12,5.539999961853027,5.690000057220459,5.53000020980835,4.665668487548828,18320700
2016-09-13,5.630000114440918,5.639999866485596,5.550000190734863,4.599955081939697,18870400
2016-09-14,5.550000190734863,5.590000152587891,5.489999771118164,4.517812252044678,22157700
2016-09-15,5.460000038146973,5.559999942779541,5.449999809265137,4.567097187042236,15569400
2016-09-16,5.429999828338623,5.480000019073486,5.400000095367432,4.493169784545898,14984900
2016-09-19,5.46999979019165,5.550000190734863,5.46999979019165,4.526026725769043,5608400
2016-09-20,5.519999980926514,5.519999980926514,5.46999979019165,4.517812252044678,5179800
2016-09-21,5.53000020980835,5.579999923706055,5.5,4.583526134490967,8012300
2016-09-22,5.739999771118164,5.75,5.710000038146973,4.714953422546387,14045100
2016-09-23,5.650000095367432,5.699999809265137,5.639999866485596,4.649240016937256,7359600
2016-09-26,5.610000133514404,5.650000095367432,5.610000133514404,4.616383075714111,5833900
2016-09-27,5.579999923706055,5.71999979019165,5.579999923706055,4.690310478210449,6159100
2016-09-28,5.730000019073486,5.75,5.679999828338623,4.714953422546387,5130000
2016-09-29,5.75,5.789999961853027,5.699999809265137,4.6985249519348145,5827600
2016-09-30,5.760000228881836,5.829999923706055,5.75,4.756024360656738,8956900
2016-10-03,5.769999980926514,5.789999961853027,5.75,4.723167419433594,5647900
2016-10-04,5.78000020980835,5.829999923706055,5.739999771118164,4.7478108406066895,5806100
2016-10-05,5.769999980926514,5.769999980926514,5.690000057220459,4.690310478210449,13053200
2016-10-06,5.590000152587891,5.590000152587891,5.519999980926514,4.550670146942139,18095400
2016-10-07,5.409999847412109,5.5,5.409999847412109,4.509598731994629,13812900
2016-10-10,5.5,5.559999942779541,5.489999771118164,4.542454719543457,9067700
2016-10-11,5.480000019073486,5.480000019073486,5.369999885559082,4.427457332611084,13911100
2016-10-12,5.150000095367432,5.179999828338623,5.090000152587891,4.181029796600342,32049600
2016-10-13,4.960000038146973,4.960000038146973,4.880000114440918,4.057816982269287,23210800
2016-10-14,4.989999771118164,5.039999961853027,4.949999809265137,4.066031455993652,8422100
2016-10-17,4.960000038146973,4.989999771118164,4.940000057220459,4.082458972930908,6319500
2016-10-18,5.010000228881836,5.039999961853027,4.980000019073486,4.12352991104126,8455000
2016-10-19,4.989999771118164,4.989999771118164,4.949999809265137,4.090673923492432,5479900
2016-10-20,4.96999979019165,5.019999980926514,4.96999979019165,4.107101917266846,6489200
2016-10-21,4.940000057220459,4.949999809265137,4.900000095367432,4.041388988494873,10177100
2016-10-24,4.960000038146973,4.989999771118164,4.949999809265137,4.082458972930908,5761600
2016-10-25,4.929999828338623,4.980000019073486,4.920000076293945,4.082458972930908,9113200
2016-10-26,5.070000171661377,5.199999809265137,5.070000171661377,4.238529205322266,16725600
2016-10-27,4.789999961853027,4.789999961853027,4.710000038146973,3.8853185176849365,36409600
2016-10-28,4.570000171661377,4.619999885559082,4.539999961853027,3.7456769943237305,27200200
2016-10-31,4.519999980926514,4.53000020980835,4.46999979019165,3.6799638271331787,14435700
2016-11-01,4.449999809265137,4.46999979019165,4.400000095367432,3.647106170654297,21474000
2016-11-02,4.429999828338623,4.480000019073486,4.409999847412109,3.647106170654297,11712400
2016-11-03,4.429999828338623,4.449999809265137,4.380000114440918,3.6060354709625244,16909000
2016-11-04,4.320000171661377,4.340000152587891,4.300000190734863,3.5403223037719727,12419900
2016-11-07,4.480000019073486,4.489999771118164,4.389999866485596,3.647106170654297,19614600
2016-11-08,4.420000076293945,4.449999809265137,4.369999885559082,3.647106170654297,10485100
2016-11-09,4.360000133514404,4.460000038146973,4.349999904632568,3.655320882797241,11165500
2016-11-10,4.480000019073486,4.53000020980835,4.449999809265137,3.6881778240203857,11349600
2016-11-11,4.429999828338623,4.449999809265137,4.360000133514404,3.630678653717041,11802600
2016-11-14,4.320000171661377,4.329999923706055,4.28000020980835,3.5403223037719727,12622900
2016-11-15,4.070000171661377,4.150000095367432,4.039999961853027,3.4006805419921875,33821900
2016-11-16,4.099999904632568,4.159999847412109,4.099999904632568,3.384251832962036,13836600
2016-11-17,4.190000057220459,4.21999979019165,4.139999866485596,3.4088945388793945,10611600
2016-11-18,4.199999809265137,4.210000038146973,4.150000095367432,3.4171090126037598,6631700
2016-11-21,4.159999847412109,4.179999828338623,4.139999866485596,3.425323247909546,6049500
2016-11-22,4.170000076293945,4.199999809265137,4.159999847412109,3.44175124168396,7696800
2016-11-23,4.150000095367432,4.199999809265137,4.130000114440918,3.44175124168396,6472600
2016-11-25,4.340000152587891,4.360000133514404,4.309999942779541,3.5567514896392822,8090000
2016-11-28,4.28000020980835,4.289999961853027,4.239999771118164,3.499251365661621,8120800
2016-11-29,4.269999980926514,4.309999942779541,4.260000228881836,3.523893356323242,6298800
2016-11-30,4.320000171661377,4.329999923706055,4.289999961853027,3.5321083068847656,10212900
2016-12-01,4.300000190734863,4.309999942779541,4.25,3.4910364151000977,7047400
2016-12-02,4.230000019073486,4.260000228881836,4.199999809265137,3.4746081829071045,6893700
2016-12-05,4.329999923706055,4.510000228881836,4.320000171661377,3.7046055793762207,18421000
2016-12-06,4.539999961853027,4.599999904632568,4.510000228881836,3.753892183303833,18245300
2016-12-07,4.619999885559082,4.730000019073486,4.610000133514404,3.8606770038604736,17711600
2016-12-08,4.630000114440918,4.650000095367432,4.559999942779541,3.762105703353882,22302200
2016-12-09,4.599999904632568,4.650000095367432,4.579999923706055,3.7949628829956055,12020400
2016-12-12,4.610000133514404,4.670000076293945,4.599999904632568,3.8031766414642334,15823100
2016-12-13,4.699999809265137,4.789999961853027,4.699999809265137,3.8935329914093018,12149100
2016-12-14,4.739999771118164,4.800000190734863,4.699999809265137,3.8606770038604736,15086100
2016-12-15,4.710000038146973,4.769999980926514,4.679999828338623,3.8771040439605713,13169400
2016-12-16,4.860000133514404,4.929999828338623,4.840000152587891,4.008532524108887,13242300
2016-12-19,4.929999828338623,4.940000057220459,4.869999885559082,4.0167460441589355,13690200
2016-12-20,4.880000114440918,4.920000076293945,4.860000133514404,4.024959087371826,16273300
2016-12-21,4.960000038146973,4.989999771118164,4.670000076293945,3.9099619388580322,29817600
2016-12-22,4.75,4.760000228881836,4.710000038146973,3.8771040439605713,9596300
2016-12-23,4.840000152587891,4.889999866485596,4.829999923706055,4.008532524108887,9611800
2016-12-27,4.920000076293945,4.929999828338623,4.900000095367432,4.03317403793335,6461800
2016-12-28,4.860000133514404,4.860000133514404,4.78000020980835,3.9428184032440186,7878300
2016-12-29,4.840000152587891,4.869999885559082,4.800000190734863,3.967461109161377,8880300
2016-12-30,4.869999885559082,4.880000114440918,4.78000020980835,3.9510326385498047,12208500
2017-01-03,4.760000228881836,4.789999961853027,4.75,3.918174982070923,7883000
2017-01-04,4.800000190734863,4.849999904632568,4.789999961853027,3.9756760597229004,10247100
2017-01-05,4.849999904632568,4.920000076293945,4.829999923706055,4.024959087371826,9878400
2017-01-06,4.929999828338623,4.989999771118164,4.900000095367432,4.041388988494873,18078800
2017-01-09,4.860000133514404,4.880000114440918,4.78000020980835,3.967461109161377,14555100
2017-01-10,4.849999904632568,4.860000133514404,4.809999942779541,3.9756760597229004,7725100
2017-01-11,4.78000020980835,4.78000020980835,4.739999771118164,3.9263899326324463,8978200
2017-01-12,4.699999809265137,4.710000038146973,4.659999847412109,3.8606770038604736,15366500
2017-01-13,4.769999980926514,4.800000190734863,4.710000038146973,3.901747941970825,17246200
2017-01-17,4.75,4.769999980926514,4.699999809265137,3.8935329914093018,9241400
2017-01-18,4.690000057220459,4.739999771118164,4.679999828338623,3.85246205329895,6642200
2017-01-19,4.699999809265137,4.739999771118164,4.699999809265137,3.8935329914093018,7660700
2017-01-20,4.75,4.769999980926514,4.710000038146973,3.9099619388580322,6356100
2017-01-23,4.679999828338623,4.679999828338623,4.619999885559082,3.8442468643188477,8763000
2017-01-24,4.619999885559082,4.690000057220459,4.599999904632568,3.836034059524536,21812500
2017-01-25,4.590000152587891,4.630000114440918,4.579999923706055,3.7949628829956055,18014400
2017-01-26,4.75,4.769999980926514,4.679999828338623,3.8771040439605713,14585100
2017-01-27,4.630000114440918,4.670000076293945,4.610000133514404,3.8113908767700195,11951600
2017-01-30,4.639999866485596,4.639999866485596,4.510000228881836,3.7292494773864746,17068400
2017-01-31,4.550000190734863,4.559999942779541,4.5,3.712820529937744,9486300
2017-02-01,4.539999961853027,4.590000152587891,4.519999980926514,3.753892183303833,10438800
2017-02-02,4.820000171661377,4.889999866485596,4.769999980926514,3.9592463970184326,44650800
2017-02-03,4.829999923706055,4.849999904632568,4.789999961853027,3.967461109161377,11863100
2017-02-06,4.760000228881836,4.78000020980835,4.730000019073486,3.901747941970825,13365300
2017-02-07,4.880000114440918,4.889999866485596,4.840000152587891,3.9921035766601562,11131500
2017-02-08,4.889999866485596,4.920000076293945,4.860000133514404,4.008532524108887,8520700
2017-02-09,4.880000114440918,4.940000057220459,4.880000114440918,4.0167460441589355,12750800
2017-02-10,4.889999866485596,4.909999847412109,4.860000133514404,4.008532524108887,6968600
2017-02-13,4.940000057220459,5,4.929999828338623,4.074245452880859,15403800
2017-02-14,4.96999979019165,4.989999771118164,4.949999809265137,4.082458972930908,7871400
2017-02-15,4.960000038146973,5.010000228881836,4.949999809265137,4.107101917266846,12330400
2017-02-16,5.050000190734863,5.090000152587891,5.039999961853027,4.164602279663086,14644500
2017-02-17,5.010000228881836,5.050000190734863,4.989999771118164,4.1481733322143555,7214600
2017-02-21,5.03000020980835,5.090000152587891,5.03000020980835,4.181029796600342,15021200
2017-02-22,5.03000020980835,5.110000133514404,5.010000228881836,4.189245223999023,16665000
2017-02-23,5.150000095367432,5.210000038146973,5.110000133514404,4.230315685272217,21960700
2017-02-24,5.099999904632568,5.179999828338623,5.090000152587891,4.222101211547852,11574400
2017-02-27,5.159999847412109,5.210000038146973,5.139999866485596,4.25495719909668,11384900
2017-02-28,5.130000114440918,5.179999828338623,5.119999885559082,4.222101211547852,9258700
2017-03-01,5.170000076293945,5.289999961853027,5.170000076293945,4.320671081542969,20319300
2017-03-02,5.210000038146973,5.25,5.199999809265137,4.287813186645508,19057200
2017-03-03,5.260000228881836,5.289999961853027,5.230000019073486,4.337099552154541,11993000
2017-03-06,5.289999961853027,5.300000190734863,5.260000228881836,4.337099552154541,7381800
2017-03-07,5.230000019073486,5.25,5.210000038146973,4.2960286140441895,8366700
2017-03-08,5.190000057220459,5.21999979019165,5.159999847412109,4.25495719909668,8487400
2017-03-09,5.260000228881836,5.289999961853027,5.25,4.337099552154541,6879600
2017-03-10,5.329999923706055,5.380000114440918,5.320000171661377,4.4110283851623535,9750400
2017-03-13,5.349999904632568,5.369999885559082,5.340000152587891,4.40281343460083,6772700
2017-03-14,5.340000152587891,5.340000152587891,5.300000190734863,4.386385440826416,4769900
2017-03-15,5.320000171661377,5.389999866485596,5.300000190734863,4.4110283851623535,8469500
2017-03-16,5.409999847412109,5.480000019073486,5.409999847412109,4.476740837097168,10505800
2017-03-17,5.489999771118164,5.5,5.449999809265137,4.484955310821533,9137300
2017-03-20,5.53000020980835,5.570000171661377,5.5,4.550670146942139,18719800
2017-03-21,5.539999961853027,5.559999942779541,5.400000095367432,4.435670375823975,18328900
2017-03-22,5.349999904632568,5.389999866485596,5.300000190734863,4.427457332611084,14704000
2017-03-23,5.349999904632568,5.409999847412109,5.329999923706055,4.419242858886719,7050700
2017-03-24,5.369999885559082,5.409999847412109,5.349999904632568,4.4110283851623535,7708600
2017-03-27,5.420000076293945,5.5,5.409999847412109,4.484955310821533,11703200
2017-03-28,5.420000076293945,5.449999809265137,5.369999885559082,4.435670375823975,14205700
2017-03-29,5.349999904632568,5.380000114440918,5.329999923706055,4.40281343460083,10611200
2017-03-30,5.329999923706055,5.380000114440918,5.320000171661377,4.378171920776367,8437900
2017-03-31,5.360000133514404,5.429999828338623,5.349999904632568,4.452099800109863,8723600
2017-04-03,5.380000114440918,5.380000114440918,5.28000020980835,4.378171920776367,8906400
2017-04-04,5.300000190734863,5.360000133514404,5.289999961853027,4.40281343460083,8675300
2017-04-05,5.28000020980835,5.289999961853027,5.179999828338623,4.25495719909668,14430800
2017-04-06,5.230000019073486,5.289999961853027,5.21999979019165,4.2960286140441895,10637600
2017-04-07,5.260000228881836,5.309999942779541,5.25,4.337099552154541,5663200
2017-04-10,5.320000171661377,5.349999904632568,5.300000190734863,4.361741542816162,6250400
2017-04-11,5.269999980926514,5.300000190734863,5.210000038146973,4.328884601593018,8194700
2017-04-12,5.289999961853027,5.309999942779541,5.25,4.337099552154541,10323800
2017-04-13,5.260000228881836,5.289999961853027,5.21999979019165,4.287813186645508,7600400
2017-04-17,5.230000019073486,5.289999961853027,5.230000019073486,4.320671081542969,3136300
2017-04-18,5.239999771118164,5.260000228881836,5.190000057220459,4.2960286140441895,6489700
2017-04-19,5.21999979019165,5.239999771118164,5.170000076293945,4.246743202209473,11528600
2017-04-20,5.289999961853027,5.329999923706055,5.25,4.328884601593018,20536800
2017-04-21,5.239999771118164,5.239999771118164,5.170000076293945,4.287813186645508,14189600
2017-04-24,5.420000076293945,5.420000076293945,5.349999904632568,4.419242858886719,27273200
2017-04-25,5.440000057220459,5.460000038146973,5.400000095367432,4.460313320159912,23616500
2017-04-26,5.400000095367432,5.440000057220459,5.360000133514404,4.4110283851623535,23249400
2017-04-27,5.699999809265137,5.78000020980835,5.590000152587891,4.6985249519348145,62358500
2017-04-28,5.760000228881836,5.78000020980835,5.670000076293945,4.70673942565918,30801500
2017-05-01,5.739999771118164,5.769999980926514,5.71999979019165,4.739595413208008,11869600
2017-05-02,5.840000152587891,5.869999885559082,5.820000171661377,4.79709529876709,26115600
2017-05-03,5.860000133514404,6,5.840000152587891,4.829952716827393,13686900
2017-05-04,5.96999979019165,6.03000020980835,5.96999979019165,4.953165054321289,19677700
2017-05-05,6.110000133514404,6.190000057220459,6.090000152587891,5.07637882232666,30516400
2017-05-08,6.079999923706055,6.150000095367432,6.070000171661377,5.035307884216309,19731500
2017-05-09,6.139999866485596,6.190000057220459,6.130000114440918,5.07637882232666,17102600
2017-05-10,6.090000152587891,6.150000095367432,6.070000171661377,5.043520927429199,22213800
2017-05-11,6.139999866485596,6.159999847412109,6.050000190734863,5.027093887329102,16353600
2017-05-12,6.170000076293945,6.190000057220459,6.150000095367432,5.068164348602295,8923400
2017-05-15,6.230000019073486,6.260000228881836,6.210000038146973,5.1010212898254395,11908900
2017-05-16,6.28000020980835,6.309999942779541,6.25,5.158519744873047,11789800
2017-05-17,6.21999979019165,6.230000019073486,6.099999904632568,5.018879413604736,17810500
2017-05-18,6.090000152587891,6.170000076293945,6.059999942779541,5.018879413604736,22597900
2017-05-19,6.179999828338623,6.230000019073486,6.170000076293945,5.07637882232666,15210000
2017-05-22,6.210000038146973,6.239999771118164,6.159999847412109,5.1010212898254395,21738800
2017-05-23,6.639999866485596,6.650000095367432,6.480000019073486,5.372089862823486,40443300
2017-05-24,6.429999828338623,6.460000038146973,6.349999904632568,5.39912748336792,30848500
2017-05-25,6.369999885559082,6.429999828338623,6.360000133514404,5.407576560974121,17939000
2017-05-26,6.389999866485596,6.420000076293945,6.369999885559082,5.390678405761719,11264100
2017-05-30,6.380000114440918,6.380000114440918,6.289999961853027,5.356881141662598,16104300
2017-05-31,6.400000095367432,6.420000076293945,6.28000020980835,5.339982509613037,19869900
2017-06-01,6.440000057220459,6.539999961853027,6.420000076293945,5.483621597290039,20838300
2017-06-02,6.579999923706055,6.599999904632568,6.53000020980835,5.534316062927246,14477100
2017-06-05,6.460000038146973,6.539999961853027,6.449999809265137,5.525867938995361,13736500
2017-06-06,6.429999828338623,6.519999980926514,6.420000076293945,5.458272457122803,15317800
2017-06-07,6.579999923706055,6.590000152587891,6.489999771118164,5.525867938995361,17058000
2017-06-08,6.53000020980835,6.539999961853027,6.46999979019165,5.508967399597168,13078000
2017-06-09,6.5,6.519999980926514,6.28000020980835,5.407576560974121,21430800
2017-06-12,6.349999904632568,6.389999866485596,6.269999980926514,5.365329742431641,20020500
2017-06-13,6.440000057220459,6.460000038146973,6.380000114440918,5.424476146697998,12232000
2017-06-14,6.480000019073486,6.480000019073486,6.329999923706055,5.390678405761719,17573800
2017-06-15,6.28000020980835,6.360000133514404,6.269999980926514,5.348432540893555,14324600
2017-06-16,6.340000152587891,6.409999847412109,6.320000171661377,5.407576560974121,11104800
2017-06-19,6.420000076293945,6.46999979019165,6.420000076293945,5.458272457122803,11765400
2017-06-20,6.460000038146973,6.46999979019165,6.369999885559082,5.382229328155518,14037800
2017-06-21,6.340000152587891,6.389999866485596,6.329999923706055,5.39912748336792,13080700
2017-06-22,6.389999866485596,6.420000076293945,6.360000133514404,5.390678405761719,11325700
2017-06-23,6.340000152587891,6.409999847412109,6.329999923706055,5.39912748336792,10136400
2017-06-26,6.429999828338623,6.460000038146973,6.340000152587891,5.356881141662598,14180700
2017-06-27,6.289999961853027,6.320000171661377,6.260000228881836,5.3061842918396,11388500
2017-06-28,6.320000171661377,6.360000133514404,6.28000020980835,5.373780250549316,16737800
2017-06-29,6.28000020980835,6.289999961853027,6.099999904632568,5.213242530822754,21632100
2017-06-30,6.170000076293945,6.179999828338623,6.090000152587891,5.2047929763793945,13375500
2017-07-03,6.179999828338623,6.210000038146973,6.150000095367432,5.196344375610352,6618100
2017-07-05,6.230000019073486,6.239999771118164,6.179999828338623,5.255488872528076,14404700
2017-07-06,6.119999885559082,6.179999828338623,6.110000133514404,5.187894344329834,14174100
2017-07-07,6.170000076293945,6.260000228881836,6.159999847412109,5.280837059020996,11906700
2017-07-10,6.190000057220459,6.28000020980835,6.190000057220459,5.289287090301514,10418900
2017-07-11,6.199999809265137,6.25,6.159999847412109,5.272387504577637,11783500
2017-07-12,6.28000020980835,6.380000114440918,6.269999980926514,5.356881141662598,11561500
2017-07-13,6.300000190734863,6.329999923706055,6.269999980926514,5.348432540893555,10371200
2017-07-14,6.269999980926514,6.329999923706055,6.260000228881836,5.348432540893555,7725700
2017-07-17,6.300000190734863,6.340000152587891,6.289999961853027,5.3315324783325195,7178600
2017-07-18,6.139999866485596,6.179999828338623,6.119999885559082,5.187894344329834,12397400
2017-07-19,6.21999979019165,6.260000228881836,6.190000057220459,5.255488872528076,8283600
2017-07-20,6.25,6.28000020980835,6.210000038146973,5.289287090301514,9905500
2017-07-21,6.210000038146973,6.230000019073486,6.150000095367432,5.238590240478516,9102500
2017-07-24,6.21999979019165,6.239999771118164,6.179999828338623,5.263937950134277,7808400
2017-07-25,6.150000095367432,6.190000057220459,6.130000114440918,5.2047929763793945,12320100
2017-07-26,6.179999828338623,6.210000038146973,6.150000095367432,5.213242530822754,12337400
2017-07-27,6.440000057220459,6.480000019073486,6.28000020980835,5.382229328155518,27359800
2017-07-28,6.309999942779541,6.409999847412109,6.28000020980835,5.407576560974121,17284800
2017-07-31,6.380000114440918,6.409999847412109,6.320000171661377,5.39912748336792,21628400
2017-08-01,6.5,6.550000190734863,6.460000038146973,5.525867938995361,19082300
2017-08-02,6.579999923706055,6.590000152587891,6.510000228881836,5.508967399597168,9977300
2017-08-03,6.550000190734863,6.570000171661377,6.53000020980835,5.525867938995361,7391200
2017-08-04,6.579999923706055,6.590000152587891,6.519999980926514,5.508967399597168,7333600
2017-08-07,6.510000228881836,6.53000020980835,6.480000019073486,5.492070198059082,8399500
2017-08-08,6.5,6.519999980926514,6.420000076293945,5.441374778747559,9149100
2017-08-09,6.349999904632568,6.380000114440918,6.329999923706055,5.373780250549316,7386000
2017-08-10,6.340000152587891,6.369999885559082,6.25,5.280837059020996,11469100
2017-08-11,6.239999771118164,6.28000020980835,6.199999809265137,5.289287090301514,9597700
2017-08-14,6.309999942779541,6.340000152587891,6.300000190734863,5.348432540893555,6440000
2017-08-15,6.349999904632568,6.349999904632568,6.300000190734863,5.348432540893555,5117100
2017-08-16,6.349999904632568,6.380000114440918,6.329999923706055,5.373780250549316,5496300
2017-08-17,6.320000171661377,6.340000152587891,6.230000019073486,5.280837059020996,10628100
2017-08-18,6.170000076293945,6.210000038146973,6.130000114440918,5.2301411628723145,10104300
2017-08-21,6.170000076293945,6.190000057220459,6.130000114440918,5.196344375610352,7115200
2017-08-22,6.199999809265137,6.239999771118164,6.190000057220459,5.263937950134277,5144000
2017-08-23,6.21999979019165,6.25,6.190000057220459,5.280837059020996,9144900
2017-08-24,6.190000057220459,6.21999979019165,6.150000095367432,5.2047929763793945,13842200
2017-08-25,6.210000038146973,6.25,6.190000057220459,5.247039318084717,9583700
2017-08-28,6.210000038146973,6.239999771118164,6.199999809265137,5.247039318084717,6847700
2017-08-29,6.139999866485596,6.210000038146973,6.119999885559082,5.238590240478516,7419500
2017-08-30,6.190000057220459,6.190000057220459,6.139999866485596,5.221691608428955,7772600
2017-08-31,6.170000076293945,6.199999809265137,6.139999866485596,5.221691608428955,7805600
2017-09-01,6.260000228881836,6.289999961853027,6.210000038146973,5.255488872528076,6045400
2017-09-05,6.179999828338623,6.190000057220459,6.070000171661377,5.154097080230713,15635200
2017-09-06,6.150000095367432,6.170000076293945,6.110000133514404,5.2047929763793945,9978200
2017-09-07,6.25,6.260000228881836,6.170000076293945,5.2301411628723145,12460100
2017-09-08,6.059999942779541,6.070000171661377,5.980000019073486,5.061153411865234,17434300
2017-09-11,6.099999904632568,6.130000114440918,6.050000190734863,5.1371989250183105,11624800
2017-09-12,6.110000133514404,6.119999885559082,6.059999942779541,5.145648002624512,14846400
2017-09-13,6.03000020980835,6.039999961853027,6,5.086501598358154,7386800
2017-09-14,5.989999771118164,6.010000228881836,5.96999979019165,5.078052997589111,7923300
2017-09-15,6.190000057220459,6.21999979019165,6.150000095367432,5.2047929763793945,18842600
2017-09-18,6.21999979019165,6.260000228881836,6.179999828338623,5.247039318084717,14686700
2017-09-19,6.25,6.260000228881836,6.199999809265137,5.255488872528076,13112600
2017-09-20,6.239999771118164,6.239999771118164,6.099999904632568,5.221691608428955,13618400
2017-09-21,6.099999904632568,6.119999885559082,6.039999961853027,5.111850261688232,16489000
2017-09-22,5.980000019073486,6.050000190734863,5.96999979019165,5.06960391998291,14153800
2017-09-25,5.989999771118164,6.010000228881836,5.929999828338623,5.010458469390869,10402400
2017-09-26,5.920000076293945,5.96999979019165,5.900000095367432,5.002009391784668,12210800
2017-09-27,5.900000095367432,5.909999847412109,5.829999923706055,4.9682111740112305,12606100
2017-09-28,5.909999847412109,5.920000076293945,5.869999885559082,4.985110282897949,7992200
2017-09-29,5.909999847412109,6,5.889999866485596,5.052704334259033,9594700
2017-10-02,5.949999809265137,6.010000228881836,5.929999828338623,5.052704334259033,10977600
2017-10-03,6,6,5.960000038146973,5.044254779815674,6754500
2017-10-04,5.929999828338623,5.940000057220459,5.900000095367432,5.002009391784668,7369800
2017-10-05,5.909999847412109,5.949999809265137,5.900000095367432,5.010458469390869,6409800
2017-10-06,5.889999866485596,5.920000076293945,5.869999885559082,4.993559837341309,7150500
2017-10-09,5.929999828338623,5.949999809265137,5.909999847412109,5.002009391784668,5546400
2017-10-10,5.960000038146973,5.96999979019165,5.869999885559082,5.002009391784668,13350400
2017-10-11,5.889999866485596,5.889999866485596,5.849999904632568,4.9682111740112305,7702800
2017-10-12,5.820000171661377,5.860000133514404,5.789999961853027,4.925965785980225,8777500
2017-10-13,5.920000076293945,5.940000057220459,5.900000095367432,5.010458469390869,10651100
2017-10-16,5.909999847412109,5.929999828338623,5.849999904632568,4.959761619567871,7181500
2017-10-17,5.849999904632568,5.860000133514404,5.820000171661377,4.925965785980225,6370900
2017-10-18,5.880000114440918,5.889999866485596,5.840000152587891,4.9513139724731445,4605100
2017-10-19,5.800000190734863,5.869999885559082,5.789999961853027,4.917516231536865,6489800
2017-10-20,6.019999980926514,6.110000133514404,6,5.1371989250183105,18361400
2017-10-23,6.059999942779541,6.079999923706055,6.019999980926514,5.094951152801514,7990800
2017-10-24,6.010000228881836,6.019999980926514,5.96999979019165,5.061153411865234,5799100
2017-10-25,6,6.050000190734863,5.949999809265137,5.111850261688232,14481600
2017-10-26,4.920000076293945,5,4.75,4.021885871887207,75364400
2017-10-27,4.989999771118164,5,4.820000171661377,4.14862585067749,43810500
2017-10-30,4.829999923706055,4.869999885559082,4.800000190734863,4.072580814361572,20413100
2017-10-31,4.889999866485596,4.900000095367432,4.849999904632568,4.131726264953613,15207900
2017-11-01,4.920000076293945,5,4.909999847412109,4.173973560333252,15602700
2017-11-02,4.989999771118164,5.03000020980835,4.96999979019165,4.250016689300537,12914200
2017-11-03,4.980000019073486,4.980000019073486,4.909999847412109,4.199321269989014,10047800
2017-11-06,5.03000020980835,5.139999866485596,5.03000020980835,4.300713539123535,21454900
2017-11-07,4.949999809265137,5.079999923706055,4.949999809265137,4.266916751861572,27925500
2017-11-08,5.010000228881836,5.050000190734863,5,4.266916751861572,16215100
2017-11-09,4.929999828338623,4.96999979019165,4.920000076293945,4.190872669219971,18512500
2017-11-10,4.909999847412109,4.949999809265137,4.880000114440918,4.14862585067749,19810100
2017-11-13,4.849999904632568,4.889999866485596,4.840000152587891,4.10637903213501,10543300
2017-11-14,4.829999923706055,4.840000152587891,4.789999961853027,4.081031322479248,8623100
2017-11-15,4.849999904632568,4.889999866485596,4.820000171661377,4.089480876922607,15281100
2017-11-16,4.900000095367432,4.949999809265137,4.880000114440918,4.15707540512085,14750100
2017-11-17,4.949999809265137,4.96999979019165,4.909999847412109,4.173973560333252,8117700
2017-11-20,5.010000228881836,5.050000190734863,4.989999771118164,4.233119010925293,17627800
2017-11-21,5.010000228881836,5.070000171661377,5.010000228881836,4.266916751861572,15375500
2017-11-22,5.039999961853027,5.059999942779541,5.019999980926514,4.266916751861572,7396500
2017-11-24,5.099999904632568,5.110000133514404,5.059999942779541,4.29226541519165,3944700
2017-11-27,5.010000228881836,5.050000190734863,5,4.233119010925293,9255100
2017-11-28,5.010000228881836,5.070000171661377,5,4.266916751861572,12832300
2017-11-29,5.03000020980835,5.039999961853027,4.960000038146973,4.241568088531494,21255400
2017-11-30,4.980000019073486,5.050000190734863,4.96999979019165,4.233119010925293,16616800
2017-12-01,4.949999809265137,4.96999979019165,4.900000095367432,4.182422637939453,11759700
2017-12-04,4.789999961853027,4.800000190734863,4.730000019073486,4.00498628616333,18383300
2017-12-05,4.760000228881836,4.78000020980835,4.699999809265137,3.971189260482788,14754100
2017-12-06,4.699999809265137,4.760000228881836,4.679999828338623,3.9880878925323486,10901500
2017-12-07,4.690000057220459,4.71999979019165,4.619999885559082,3.9120442867279053,15909600
2017-12-08,4.630000114440918,4.650000095367432,4.610000133514404,3.9204936027526855,9519600
2017-12-11,4.599999904632568,4.619999885559082,4.570000171661377,3.8697972297668457,19692000
2017-12-12,4.559999942779541,4.570000171661377,4.510000228881836,3.8444502353668213,17256700
2017-12-13,4.630000114440918,4.71999979019165,4.619999885559082,3.9542903900146484,18893700
2017-12-14,4.650000095367432,4.670000076293945,4.610000133514404,3.8951451778411865,7906300
2017-12-15,4.639999866485596,4.650000095367432,4.579999923706055,3.8951451778411865,19009600
2017-12-18,4.679999828338623,4.710000038146973,4.670000076293945,3.962740182876587,8309000
2017-12-19,4.71999979019165,4.730000019073486,4.659999847412109,3.9458415508270264,6291900
2017-12-20,4.639999866485596,4.639999866485596,4.599999904632568,3.903594732284546,11700600
2017-12-21,4.699999809265137,4.829999923706055,4.690000057220459,4.047234058380127,23144100
2017-12-22,4.820000171661377,4.829999923706055,4.75,4.038784027099609,7492000
2017-12-26,4.769999980926514,4.800000190734863,4.739999771118164,4.038784027099609,7646400
2017-12-27,4.71999979019165,4.760000228881836,4.699999809265137,3.9965367317199707,11006700
2017-12-28,4.699999809265137,4.730000019073486,4.690000057220459,3.9796383380889893,9542000
2017-12-29,4.690000057220459,4.699999809265137,4.659999847412109,3.937391757965088,10836600
2018-01-02,4.71999979019165,4.78000020980835,4.679999828338623,4.021885871887207,11234500
2018-01-03,4.789999961853027,4.829999923706055,4.78000020980835,4.081031322479248,9007200
2018-01-04,4.880000114440918,4.909999847412109,4.860000133514404,4.131726264953613,9894300
2018-01-05,4.869999885559082,4.920000076293945,4.840000152587891,4.15707540512085,14412000
2018-01-08,4.869999885559082,4.889999866485596,4.860000133514404,4.12327766418457,10336900
2018-01-09,4.889999866485596,4.909999847412109,4.869999885559082,4.1401753425598145,8068000
2018-01-10,4.829999923706055,4.860000133514404,4.789999961853027,4.097929954528809,16296900
2018-01-11,4.820000171661377,4.829999923706055,4.800000190734863,4.072580814361572,9882300
2018-01-12,4.849999904632568,4.880000114440918,4.820000171661377,4.114828586578369,7052700
2018-01-16,4.96999979019165,4.980000019073486,4.920000076293945,4.190872669219971,12399900
2018-01-17,4.96999979019165,5,4.940000057220459,4.182422637939453,10801700
2018-01-18,4.869999885559082,4.909999847412109,4.820000171661377,4.089480876922607,16379300
2018-01-19,4.900000095367432,4.909999847412109,4.829999923706055,4.089480876922607,12564600
2018-01-22,4.889999866485596,4.920000076293945,4.849999904632568,4.1401753425598145,16071200
2018-01-23,4.900000095367432,4.929999828338623,4.900000095367432,4.15707540512085,6856700
2018-01-24,4.900000095367432,4.929999828338623,4.880000114440918,4.14862585067749,12963800
2018-01-25,4.889999866485596,4.889999866485596,4.760000228881836,4.055683135986328,23514100
2018-01-26,4.820000171661377,4.840000152587891,4.769999980926514,4.064131736755371,21352800
2018-01-29,4.900000095367432,4.96999979019165,4.889999866485596,4.190872669219971,35356400
2018-01-30,4.940000057220459,4.960000038146973,4.909999847412109,4.190872669219971,11555100
2018-01-31,4.840000152587891,4.849999904632568,4.75,4.064131736755371,26258900
2018-02-01,5.349999904632568,5.610000133514404,5.300000190734863,4.562643527984619,68413500
2018-02-02,5.510000228881836,5.53000020980835,5.380000114440918,4.562643527984619,33167200
2018-02-05,5.510000228881836,5.570000171661377,5.289999961853027,4.495049476623535,38115100
2018-02-06,5.389999866485596,5.550000190734863,5.380000114440918,4.655585765838623,54179800
2018-02-07,5.550000190734863,5.610000133514404,5.489999771118164,4.655585765838623,25095100
2018-02-08,5.5,5.510000228881836,5.349999904632568,4.528846263885498,26385900
2018-02-09,5.440000057220459,5.480000019073486,5.230000019073486,4.562643527984619,27551400
2018-02-12,5.489999771118164,5.539999961853027,5.460000038146973,4.655585765838623,18404700
2018-02-13,5.489999771118164,5.53000020980835,5.480000019073486,4.655585765838623,13048200
2018-02-14,5.480000019073486,5.679999828338623,5.46999979019165,4.773877143859863,23128300
2018-02-15,5.739999771118164,5.760000228881836,5.670000076293945,4.8414716720581055,18949100
2018-02-16,5.769999980926514,5.800000190734863,5.71999979019165,4.866819381713867,19577300
2018-02-20,5.739999771118164,5.78000020980835,5.699999809265137,4.8414716720581055,14894300
2018-02-21,5.75,5.809999942779541,5.690000057220459,4.807673931121826,17741400
2018-02-22,5.710000038146973,5.760000228881836,5.690000057220459,4.8245720863342285,13452000
2018-02-23,5.710000038146973,5.829999923706055,5.699999809265137,4.90061616897583,16355600
2018-02-26,5.900000095367432,5.940000057220459,5.869999885559082,5.010458469390869,11660000
2018-02-27,5.909999847412109,5.949999809265137,5.860000133514404,4.959761619567871,17203900
2018-02-28,5.880000114440918,5.900000095367432,5.789999961853027,4.90061616897583,11084300
2018-03-01,5.769999980926514,5.849999904632568,5.710000038146973,4.866819381713867,16240900
2018-03-02,5.739999771118164,5.789999961853027,5.679999828338623,4.875268459320068,11248900
2018-03-05,5.78000020980835,5.889999866485596,5.769999980926514,4.942863464355469,9389900
2018-03-06,5.860000133514404,5.880000114440918,5.809999942779541,4.917516231536865,10944700
2018-03-07,5.849999904632568,5.920000076293945,5.820000171661377,4.9682111740112305,13858100
2018-03-08,5.920000076293945,5.960000038146973,5.829999923706055,4.959761619567871,10851300
2018-03-09,5.880000114440918,5.940000057220459,5.869999885559082,4.97666072845459,7642500
2018-03-12,5.900000095367432,5.940000057220459,5.900000095367432,5.010458469390869,7853300
2018-03-13,5.929999828338623,5.940000057220459,5.840000152587891,4.9513139724731445,11581700
2018-03-14,5.869999885559082,5.880000114440918,5.78000020980835,4.917516231536865,17243400
2018-03-15,5.800000190734863,5.820000171661377,5.739999771118164,4.866819381713867,13826800
2018-03-16,5.760000228881836,5.789999961853027,5.710000038146973,4.8414716720581055,10492100
2018-03-19,5.739999771118164,5.760000228881836,5.690000057220459,4.83302116394043,13239100
2018-03-20,5.730000019073486,5.789999961853027,5.710000038146973,4.85836935043335,10605100
2018-03-21,5.699999809265137,5.730000019073486,5.659999847412109,4.8245720863342285,21324200
2018-03-22,5.550000190734863,5.590000152587891,5.5,4.6471357345581055,14228600
2018-03-23,5.579999923706055,5.590000152587891,5.440000057220459,4.613338947296143,17117700
2018-03-26,5.539999961853027,5.550000190734863,5.440000057220459,4.680934429168701,14440600
2018-03-27,5.53000020980835,5.550000190734863,5.409999847412109,4.596440315246582,16561800
2018-03-28,5.429999828338623,5.480000019073486,5.400000095367432,4.587990760803223,19071600
2018-03-29,5.46999979019165,5.510000228881836,5.449999809265137,4.6217875480651855,11064500
2018-04-02,5.449999809265137,5.46999979019165,5.340000152587891,4.554193496704102,9028500
2018-04-03,5.409999847412109,5.440000057220459,5.380000114440918,4.579542636871338,11824100
2018-04-04,5.329999923706055,5.440000057220459,5.320000171661377,4.587990760803223,11377000
2018-04-05,5.480000019073486,5.5,5.409999847412109,4.5710930824279785,11591700
2018-04-06,5.449999809265137,5.5,5.360000133514404,4.554193496704102,13610100
2018-04-09,5.449999809265137,5.489999771118164,5.409999847412109,4.5710930824279785,8937100
2018-04-10,5.53000020980835,5.550000190734863,5.480000019073486,4.664035797119141,18431100
2018-04-11,5.53000020980835,5.639999866485596,5.53000020980835,4.706283092498779,14004500
2018-04-12,5.579999923706055,5.599999904632568,5.550000190734863,4.6978325843811035,11087100
2018-04-13,5.53000020980835,5.559999942779541,5.489999771118164,4.664035797119141,8670000
2018-04-16,5.579999923706055,5.659999847412109,5.539999961853027,4.740078926086426,12230900
2018-04-17,5.769999980926514,5.880000114440918,5.730000019073486,4.9513139724731445,24856900
2018-04-18,5.869999885559082,5.889999866485596,5.829999923706055,4.942863464355469,7309800
2018-04-19,5.840000152587891,5.869999885559082,5.820000171661377,4.925965785980225,10763400
2018-04-20,6.050000190734863,6.110000133514404,5.929999828338623,5.035804748535156,24388300
2018-04-23,5.929999828338623,5.940000057220459,5.860000133514404,4.97666072845459,11421000
2018-04-24,5.920000076293945,5.960000038146973,5.869999885559082,5.010458469390869,13294400
2018-04-25,6.010000228881836,6.019999980926514,5.900000095367432,5.002009391784668,26474800
2018-04-26,5.860000133514404,5.980000019073486,5.829999923706055,4.959761619567871,44361200
2018-04-27,5.929999828338623,6.010000228881836,5.929999828338623,5.035804748535156,18985700
2018-04-30,5.980000019073486,6.03000020980835,5.96999979019165,5.078052997589111,19859100
2018-05-01,6,6.010000228881836,5.880000114440918,5.010458469390869,12682600
2018-05-02,5.880000114440918,5.889999866485596,5.760000228881836,4.883718013763428,20610800
2018-05-03,5.869999885559082,5.900000095367432,5.789999961853027,4.97666072845459,13567100
2018-05-04,5.980000019073486,6.119999885559082,5.96999979019165,5.154097080230713,21312600
2018-05-07,6.199999809265137,6.239999771118164,6.170000076293945,5.2301411628723145,11855000
2018-05-08,6.199999809265137,6.289999961853027,6.179999828338623,5.297735214233398,15803800
2018-05-09,6.269999980926514,6.349999904632568,6.230000019073486,5.365329742431641,12256400
2018-05-10,6.329999923706055,6.409999847412109,6.309999942779541,5.365329742431641,12546900
2018-05-11,6.360000133514404,6.409999847412109,6.349999904632568,5.390678405761719,11567900
2018-05-14,6.260000228881836,6.369999885559082,6.21999979019165,5.32308292388916,26716900
2018-05-15,6.199999809265137,6.269999980926514,6.179999828338623,5.289287090301514,10522100
2018-05-16,6.230000019073486,6.269999980926514,6.179999828338623,5.272387504577637,8480900
2018-05-17,6.199999809265137,6.239999771118164,6.170000076293945,5.2301411628723145,8511900
2018-05-18,6.230000019073486,6.25,6.179999828338623,5.238590240478516,9290100
2018-05-21,6.21999979019165,6.25,6.190000057220459,5.272387504577637,6046100
2018-05-22,6.179999828338623,6.25,6.170000076293945,5.238590240478516,8294300
2018-05-23,6.039999961853027,6.099999904632568,6.03000020980835,5.145648002624512,11520700
2018-05-24,6.099999904632568,6.130000114440918,6.050000190734863,5.145648002624512,8673000
2018-05-25,6,6.139999866485596,5.989999771118164,5.187894344329834,19288900
2018-05-29,5.869999885559082,5.980000019073486,5.860000133514404,5.0273566246032715,32514200
2018-05-30,5.949999809265137,6,5.900000095367432,5.044254779815674,18310700
2018-05-31,5.800000190734863,5.840000152587891,5.739999771118164,5.093519687652588,20110700
2018-06-01,5.849999904632568,5.860000133514404,5.809999942779541,5.14630126953125,12903700
2018-06-04,5.929999828338623,5.960000038146973,5.909999847412109,5.216678619384766,11761700
2018-06-05,5.929999828338623,5.949999809265137,5.889999866485596,5.1902875900268555,12669700
2018-06-06,5.849999904632568,5.909999847412109,5.840000152587891,5.181490898132324,12227500
2018-06-07,5.860000133514404,5.889999866485596,5.809999942779541,5.137505531311035,10623000
2018-06-08,5.860000133514404,5.880000114440918,5.809999942779541,5.137505531311035,7495400
2018-06-11,5.840000152587891,5.929999828338623,5.829999923706055,5.1902875900268555,8054700
2018-06-12,5.900000095367432,5.96999979019165,5.889999866485596,5.216678619384766,10266700
2018-06-13,6.010000228881836,6.119999885559082,6,5.348635673522949,17028900
2018-06-14,6.119999885559082,6.139999866485596,6.099999904632568,5.375026702880859,10406900
2018-06-15,6.110000133514404,6.119999885559082,6.070000171661377,5.383823394775391,11341100
2018-06-18,5.980000019073486,6.079999923706055,5.960000038146973,5.331040859222412,15350000
2018-06-19,5.940000057220459,5.980000019073486,5.900000095367432,5.243069648742676,23450500
2018-06-20,5.960000038146973,6.010000228881836,5.929999828338623,5.251866817474365,20032800
2018-06-21,5.940000057220459,5.940000057220459,5.869999885559082,5.199085235595703,16294000
2018-06-22,5.960000038146973,5.980000019073486,5.869999885559082,5.2342729568481445,14031900
2018-06-25,5.880000114440918,5.880000114440918,5.760000228881836,5.1287078857421875,18172300
2018-06-26,5.829999923706055,5.849999904632568,5.800000190734863,5.1287078857421875,16130000
2018-06-27,5.840000152587891,5.880000114440918,5.730000019073486,5.040736198425293,18466900
2018-06-28,5.639999866485596,5.739999771118164,5.619999885559082,5.023142337799072,16003700
2018-06-29,5.760000228881836,5.809999942779541,5.75,5.058330535888672,9961300
2018-07-02,5.619999885559082,5.670000076293945,5.610000133514404,4.970359802246094,12536700
2018-07-03,5.670000076293945,5.710000038146973,5.639999866485596,4.996751308441162,8570600
2018-07-05,5.690000057220459,5.739999771118164,5.670000076293945,5.040736198425293,11288300
2018-07-06,5.760000228881836,5.789999961853027,5.739999771118164,5.067128658294678,16110500
2018-07-09,5.849999904632568,5.869999885559082,5.800000190734863,5.14630126953125,14221300
2018-07-10,5.929999828338623,5.96999979019165,5.909999847412109,5.2342729568481445,9709500
2018-07-11,5.880000114440918,5.909999847412109,5.829999923706055,5.137505531311035,12723500
2018-07-12,5.829999923706055,5.920000076293945,5.829999923706055,5.1902875900268555,14318200
2018-07-13,5.860000133514404,5.880000114440918,5.800000190734863,5.111114025115967,14247000
2018-07-16,5.869999885559082,5.900000095367432,5.840000152587891,5.172693729400635,10086500
2018-07-17,5.800000190734863,5.840000152587891,5.789999961853027,5.111114025115967,7242200
2018-07-18,6.070000171661377,6.090000152587891,6,5.313446998596191,28867100
2018-07-19,5.980000019073486,5.989999771118164,5.929999828338623,5.243069648742676,16460000
2018-07-20,5.980000019073486,6.010000228881836,5.960000038146973,5.251866817474365,12249700
2018-07-23,5.960000038146973,5.96999979019165,5.920000076293945,5.225475311279297,12864400
2018-07-24,5.949999809265137,5.96999979019165,5.849999904632568,5.1902875900268555,17437000
2018-07-25,5.949999809265137,5.989999771118164,5.900000095367432,5.260664939880371,20731600
2018-07-26,5.639999866485596,5.659999847412109,5.53000020980835,4.882389068603516,62187600
2018-07-27,5.53000020980835,5.53000020980835,5.389999866485596,4.750432968139648,31219900
2018-07-30,5.550000190734863,5.590000152587891,5.46999979019165,4.83840274810791,27356800
2018-07-31,5.489999771118164,5.5,5.400000095367432,4.750432968139648,17331100
2018-08-01,5.460000038146973,5.46999979019165,5.400000095367432,4.7768235206604,14750600
2018-08-02,5.349999904632568,5.380000114440918,5.320000171661377,4.724040508270264,15197400
2018-08-03,5.349999904632568,5.380000114440918,5.340000152587891,4.715243816375732,7753100
2018-08-06,5.349999904632568,5.380000114440918,5.320000171661377,4.680055618286133,12103200
2018-08-07,5.400000095367432,5.429999828338623,5.360000133514404,4.741634368896484,14359600
2018-08-08,5.420000076293945,5.429999828338623,5.380000114440918,4.741634368896484,8013100
2018-08-09,5.380000114440918,5.400000095367432,5.349999904632568,4.715243816375732,7033700
2018-08-10,5.239999771118164,5.260000228881836,5.199999809265137,4.592083930969238,10930100
2018-08-13,5.210000038146973,5.21999979019165,5.179999828338623,4.565694332122803,4262300
2018-08-14,5.199999809265137,5.21999979019165,5.159999847412109,4.574490547180176,7491100
2018-08-15,5.139999866485596,5.150000095367432,5.070000171661377,4.477721691131592,12773100
2018-08-16,5.159999847412109,5.199999809265137,5.130000114440918,4.530505180358887,9123200
2018-08-17,5.199999809265137,5.239999771118164,5.179999828338623,4.600881576538086,12162600
2018-08-20,5.269999980926514,5.289999961853027,5.239999771118164,4.618475437164307,11653300
2018-08-21,5.329999923706055,5.360000133514404,5.320000171661377,4.715243816375732,9848900
2018-08-22,5.429999828338623,5.449999809265137,5.380000114440918,4.759230136871338,9434000
2018-08-23,5.480000019073486,5.489999771118164,5.420000076293945,4.7768235206604,8697900
2018-08-24,5.519999980926514,5.579999923706055,5.510000228881836,4.908779621124268,10080300
2018-08-27,5.639999866485596,5.739999771118164,5.639999866485596,5.023142337799072,9115000
2018-08-28,5.769999980926514,5.78000020980835,5.710000038146973,5.040736198425293,10009000
2018-08-29,5.679999828338623,5.71999979019165,5.659999847412109,5.023142337799072,6502700
2018-08-30,5.619999885559082,5.650000095367432,5.599999904632568,4.943968772888184,6645800
2018-08-31,5.579999923706055,5.599999904632568,5.53000020980835,4.882389068603516,5493700
2018-09-04,5.480000019073486,5.519999980926514,5.46999979019165,4.847201347351074,7070700
2018-09-05,5.440000057220459,5.449999809265137,5.360000133514404,4.750432968139648,11584000
2018-09-06,5.440000057220459,5.460000038146973,5.369999885559082,4.741634368896484,6491700
2018-09-07,5.340000152587891,5.380000114440918,5.320000171661377,4.680055618286133,14144900
2018-09-10,5.429999828338623,5.440000057220459,5.369999885559082,4.741634368896484,6895500
2018-09-11,5.349999904632568,5.369999885559082,5.320000171661377,4.715243816375732,4148300
2018-09-12,5.300000190734863,5.340000152587891,5.269999980926514,4.671258449554443,7815600
2018-09-13,5.539999961853027,5.570000171661377,5.440000057220459,4.812012195587158,10956400
2018-09-14,5.5,5.539999961853027,5.449999809265137,4.83840274810791,8821500
2018-09-17,5.5,5.539999961853027,5.46999979019165,4.83840274810791,8851100
2018-09-18,5.579999923706055,5.650000095367432,5.579999923706055,4.943968772888184,10827500
2018-09-19,5.389999866485596,5.489999771118164,5.389999866485596,4.803215026855469,15308800
2018-09-20,5.5,5.53000020980835,5.460000038146973,4.855997562408447,13580100
2018-09-21,5.559999942779541,5.610000133514404,5.53000020980835,4.917577266693115,15735200
2018-09-24,5.550000190734863,5.579999923706055,5.510000228881836,4.882389068603516,5937100
2018-09-25,5.539999961853027,5.619999885559082,5.539999961853027,4.926373481750488,13038900
2018-09-26,5.550000190734863,5.599999904632568,5.53000020980835,4.8647942543029785,7410200
2018-09-27,5.579999923706055,5.699999809265137,5.579999923706055,5.005548477172852,18776700
2018-09-28,5.559999942779541,5.610000133514404,5.550000190734863,4.908779621124268,15810600
2018-10-01,5.599999904632568,5.650000095367432,5.590000152587891,4.935171127319336,17033400
2018-10-02,5.5,5.53000020980835,5.460000038146973,4.820809364318848,19791300
2018-10-03,5.539999961853027,5.539999961853027,5.460000038146973,4.812012195587158,15512500
2018-10-04,5.5,5.550000190734863,5.460000038146973,4.820809364318848,10249000
2018-10-05,5.409999847412109,5.429999828338623,5.329999923706055,4.7328386306762695,7560300
2018-10-08,5.329999923706055,5.369999885559082,5.260000228881836,4.680055618286133,11679000
2018-10-09,5.309999942779541,5.340000152587891,5.260000228881836,4.662461757659912,12101700
2018-10-10,5.25,5.25,5.150000095367432,4.53930139541626,21285100
2018-10-11,5.210000038146973,5.25,5.119999885559082,4.530505180358887,19255400
2018-10-12,5.25,5.260000228881836,5.170000076293945,4.618475437164307,13415800
2018-10-15,5.28000020980835,5.309999942779541,5.239999771118164,4.653663158416748,9823500
2018-10-16,5.420000076293945,5.46999979019165,5.409999847412109,4.7944183349609375,15975700
2018-10-17,5.460000038146973,5.579999923706055,5.420000076293945,4.855997562408447,17744900
2018-10-18,5.570000171661377,5.650000095367432,5.539999961853027,4.882389068603516,24359600
2018-10-19,5.610000133514404,5.659999847412109,5.579999923706055,4.943968772888184,17885400
2018-10-22,5.619999885559082,5.659999847412109,5.570000171661377,4.952765464782715,17495800
2018-10-23,5.539999961853027,5.590000152587891,5.440000057220459,4.882389068603516,24747300
2018-10-24,5.440000057220459,5.449999809265137,5.239999771118164,4.627273082733154,29459800
2018-10-25,5.309999942779541,5.420000076293945,5.269999980926514,4.680055618286133,23972300
2018-10-26,5.53000020980835,5.659999847412109,5.480000019073486,4.908779621124268,46115300
2018-10-29,5.619999885559082,5.639999866485596,5.5,4.882389068603516,19946600
2018-10-30,5.510000228881836,5.639999866485596,5.489999771118164,4.952765464782715,18164500
2018-10-31,5.659999847412109,5.71999979019165,5.619999885559082,4.943968772888184,22823000
2018-11-01,5.730000019073486,5.789999961853027,5.699999809265137,5.08472204208374,26007600
2018-11-02,5.840000152587891,5.869999885559082,5.769999980926514,5.102315902709961,20944100
2018-11-05,5.849999904632568,5.880000114440918,5.809999942779541,5.155099391937256,12499700
2018-11-06,5.849999904632568,5.880000114440918,5.820000171661377,5.155099391937256,10467000
2018-11-07,5.989999771118164,5.989999771118164,5.929999828338623,5.260664939880371,17500000
2018-11-08,5.940000057220459,5.96999979019165,5.889999866485596,5.216678619384766,12835000
2018-11-09,5.900000095367432,5.909999847412109,5.820000171661377,5.163896560668945,11833200
2018-11-12,5.809999942779541,5.829999923706055,5.739999771118164,5.058330535888672,11955800
2018-11-13,5.789999961853027,5.889999866485596,5.769999980926514,5.14630126953125,16321800
2018-11-14,5.869999885559082,5.880000114440918,5.78000020980835,5.093519687652588,13067200
2018-11-15,5.679999828338623,5.769999980926514,5.650000095367432,5.067128658294678,19930000
2018-11-16,5.829999923706055,5.849999904632568,5.78000020980835,5.111114025115967,17427500
2018-11-19,5.809999942779541,5.829999923706055,5.71999979019165,5.0319390296936035,13216000
2018-11-20,5.53000020980835,5.610000133514404,5.480000019073486,4.847201347351074,23450200
2018-11-21,5.590000152587891,5.599999904632568,5.510000228881836,4.8647942543029785,13066100
2018-11-23,5.46999979019165,5.510000228881836,5.460000038146973,4.829607009887695,10311800
2018-11-26,5.539999961853027,5.559999942779541,5.489999771118164,4.83840274810791,8863000
2018-11-27,5.510000228881836,5.519999980926514,5.440000057220459,4.812012195587158,10277400
2018-11-28,5.46999979019165,5.5,5.389999866485596,4.820809364318848,20396900
2018-11-29,5.5,5.550000190734863,5.480000019073486,4.855997562408447,17630000
2018-11-30,5.480000019073486,5.519999980926514,5.460000038146973,4.812012195587158,12123300
2018-12-03,5.630000114440918,5.639999866485596,5.570000171661377,4.926373481750488,14257900
2018-12-04,5.550000190734863,5.570000171661377,5.389999866485596,4.750432968139648,19372300
2018-12-06,5.389999866485596,5.639999866485596,5.369999885559082,4.943968772888184,32126200
2018-12-07,5.610000133514404,5.659999847412109,5.519999980926514,4.8647942543029785,23097400
2018-12-10,5.599999904632568,5.710000038146973,5.599999904632568,4.996751308441162,34543200
2018-12-11,5.820000171661377,5.869999885559082,5.789999961853027,5.137505531311035,46730800
2018-12-12,5.949999809265137,6.059999942779541,5.929999828338623,5.313446998596191,48348500
2018-12-13,5.980000019073486,6.050000190734863,5.96999979019165,5.304649353027344,31790800
2018-12-14,5.909999847412109,6.010000228881836,5.889999866485596,5.225475311279297,17796500
2018-12-17,5.940000057220459,5.949999809265137,5.849999904632568,5.163896560668945,26578100
2018-12-18,5.880000114440918,5.900000095367432,5.760000228881836,5.08472204208374,19722400
2018-12-19,5.829999923706055,5.900000095367432,5.739999771118164,5.075924396514893,19185100
2018-12-20,5.820000171661377,5.849999904632568,5.659999847412109,5.067128658294678,28858500
2018-12-21,5.710000038146973,5.75,5.480000019073486,4.829607009887695,29856800
2018-12-24,5.489999771118164,5.53000020980835,5.460000038146973,4.829607009887695,18967000
2018-12-26,5.510000228881836,5.559999942779541,5.420000076293945,4.891186237335205,36014100
2018-12-27,5.519999980926514,5.639999866485596,5.46999979019165,4.952765464782715,22782300
2018-12-28,5.690000057220459,5.829999923706055,5.670000076293945,5.111114025115967,33354500
2018-12-31,5.829999923706055,5.849999904632568,5.769999980926514,5.119910717010498,14979800
2019-01-02,5.699999809265137,5.769999980926514,5.690000057220459,5.049533367156982,24338600
2019-01-03,5.639999866485596,5.650000095367432,5.559999942779541,4.899982929229736,17354500
2019-01-04,5.730000019073486,5.960000038146973,5.730000019073486,5.216678619384766,34666300
2019-01-07,5.949999809265137,6.090000152587891,5.929999828338623,5.295853137969971,25502600
2019-01-08,6.070000171661377,6.159999847412109,6.03000020980835,5.410215377807617,33497100
2019-01-09,6.159999847412109,6.239999771118164,6.139999866485596,5.462996959686279,25471600
2019-01-10,6.110000133514404,6.179999828338623,6.090000152587891,5.401417255401611,21832900
2019-01-11,6.059999942779541,6.099999904632568,6.03000020980835,5.348635673522949,14824200
2019-01-14,6.03000020980835,6.070000171661377,6,5.295853137969971,15287800
2019-01-15,6,6.079999923706055,6,5.322244167327881,14197300
2019-01-16,5.960000038146973,6,5.900000095367432,5.2342729568481445,24161700
2019-01-17,5.960000038146973,6,5.940000057220459,5.260664939880371,19734200
2019-01-18,6.110000133514404,6.130000114440918,6.039999961853027,5.375026702880859,22432600
2019-01-22,6,6.039999961853027,5.949999809265137,5.251866817474365,17110800
2019-01-23,6.059999942779541,6.119999885559082,6.010000228881836,5.322244167327881,14700400
2019-01-24,6.150000095367432,6.199999809265137,6.090000152587891,5.41901159286499,29669900
2019-01-25,6.380000114440918,6.639999866485596,6.369999885559082,5.806084632873535,58825000
2019-01-28,6.480000019073486,6.510000228881836,6.420000076293945,5.709315299987793,36912200
2019-01-29,6.510000228881836,6.599999904632568,6.480000019073486,5.76209831237793,34649100
2019-01-30,6.5,6.650000095367432,6.449999809265137,5.779693126678467,34552800
2019-01-31,6.360000133514404,6.400000095367432,6.210000038146973,5.586157321929932,71227900
2019-02-01,6.260000228881836,6.260000228881836,6.090000152587891,5.39262056350708,45701700
2019-02-04,6.119999885559082,6.119999885559082,5.980000019073486,5.331040859222412,33474700
2019-02-05,6.050000190734863,6.090000152587891,6.019999980926514,5.313446998596191,27216200
2019-02-06,6.079999923706055,6.110000133514404,6.039999961853027,5.322244167327881,23624000
2019-02-07,6.019999980926514,6.03000020980835,5.949999809265137,5.243069648742676,39599500
2019-02-08,5.960000038146973,6.190000057220459,5.960000038146973,5.41901159286499,37475100
2019-02-11,6.190000057220459,6.230000019073486,6.130000114440918,5.462996959686279,23293400
2019-02-12,6.210000038146973,6.260000228881836,6.150000095367432,5.489388465881348,29400700
2019-02-13,6.269999980926514,6.349999904632568,6.260000228881836,5.559765815734863,18786100
2019-02-14,6.309999942779541,6.340000152587891,6.269999980926514,5.542171955108643,18292800
2019-02-15,6.300000190734863,6.329999923706055,6.260000228881836,5.559765815734863,20775700
2019-02-19,6.130000114440918,6.190000057220459,6.119999885559082,5.427809238433838,22651500
2019-02-20,6.050000190734863,6.119999885559082,6.03000020980835,5.36622953414917,22922800
2019-02-21,6.099999904632568,6.170000076293945,6.090000152587891,5.410215377807617,25796000
2019-02-22,6.150000095367432,6.25,6.139999866485596,5.489388465881348,26931600
2019-02-25,6.28000020980835,6.28000020980835,6.110000133514404,5.410215377807617,32257700
2019-02-26,6.150000095367432,6.199999809265137,6.110000133514404,5.383823394775391,27324400
2019-02-27,6.150000095367432,6.150000095367432,6.070000171661377,5.383823394775391,22102900
2019-02-28,6.099999904632568,6.130000114440918,6.070000171661377,5.357433319091797,26216800
2019-03-01,6.119999885559082,6.170000076293945,6.079999923706055,5.375026702880859,24788200
2019-03-04,6.130000114440918,6.139999866485596,6.03000020980835,5.348635673522949,26505800
2019-03-05,6.090000152587891,6.190000057220459,6.090000152587891,5.41901159286499,18795000
2019-03-06,6.119999885559082,6.130000114440918,6.059999942779541,5.36622953414917,21097500
2019-03-07,6.070000171661377,6.079999923706055,6.019999980926514,5.304649353027344,17579400
2019-03-08,5.960000038146973,6.090000152587891,5.949999809265137,5.339838027954102,28689400
2019-03-11,6.050000190734863,6.170000076293945,6.039999961853027,5.401417255401611,26335800
2019-03-12,6.179999828338623,6.25,6.150000095367432,5.45419979095459,20990500
2019-03-13,6.150000095367432,6.179999828338623,6.130000114440918,5.401417255401611,16889800
2019-03-14,6.170000076293945,6.25,6.150000095367432,5.471795082092285,18598000
2019-03-15,6.340000152587891,6.420000076293945,6.309999942779541,5.6213459968566895,22230200
2019-03-18,6.369999885559082,6.380000114440918,6.309999942779541,5.568563461303711,20221100
2019-03-19,6.380000114440918,6.409999847412109,6.320000171661377,5.586157321929932,23996100
2019-03-20,6.289999961853027,6.329999923706055,6.210000038146973,5.533374309539795,23309800
2019-03-21,6.260000228881836,6.340000152587891,6.239999771118164,5.506983757019043,31097600
2019-03-22,5.940000057220459,6.019999980926514,5.760000228881836,5.172693729400635,95614700
2019-03-25,5.929999828338623,5.949999809265137,5.829999923706055,5.163896560668945,34181200
2019-03-26,5.860000133514404,5.869999885559082,5.800000190734863,5.119910717010498,23046800
2019-03-27,5.809999942779541,5.860000133514404,5.78000020980835,5.119910717010498,24587100
2019-03-28,5.71999979019165,5.739999771118164,5.659999847412109,5.005548477172852,40834100
2019-03-29,5.739999771118164,5.760000228881836,5.690000057220459,5.0319390296936035,23922300
2019-04-01,5.78000020980835,5.800000190734863,5.75,5.075924396514893,18024900
2019-04-02,5.829999923706055,5.849999904632568,5.769999980926514,5.111114025115967,16224300
2019-04-03,5.920000076293945,5.960000038146973,5.889999866485596,5.1902875900268555,21194900
2019-04-04,5.949999809265137,5.960000038146973,5.880000114440918,5.1902875900268555,17011000
2019-04-05,5.929999828338623,5.940000057220459,5.909999847412109,5.207881450653076,9515600
2019-04-08,5.940000057220459,5.960000038146973,5.900000095367432,5.243069648742676,10652700
2019-04-09,5.889999866485596,5.920000076293945,5.849999904632568,5.155099391937256,14416600
2019-04-10,5.860000133514404,5.889999866485596,5.840000152587891,5.14630126953125,13640900
2019-04-11,5.860000133514404,5.900000095367432,5.840000152587891,5.163896560668945,12022900
2019-04-12,5.900000095367432,5.960000038146973,5.880000114440918,5.225475311279297,16105100
2019-04-15,5.730000019073486,5.730000019073486,5.630000114440918,4.961562156677246,39245500
2019-04-16,5.679999828338623,5.71999979019165,5.659999847412109,4.996751308441162,21111600
2019-04-17,5.760000228881836,5.869999885559082,5.75,5.119910717010498,26628100
2019-04-18,5.800000190734863,5.840000152587891,5.769999980926514,5.111114025115967,13496600
2019-04-22,5.840000152587891,5.840000152587891,5.78000020980835,5.111114025115967,11826100
2019-04-23,5.769999980926514,5.809999942779541,5.75,5.102315902709961,15914700
2019-04-24,5.809999942779541,5.840000152587891,5.760000228881836,5.093519687652588,23394900
2019-04-25,5.340000152587891,5.349999904632568,5.199999809265137,4.662461757659912,72436300
2019-04-26,5.340000152587891,5.449999809265137,5.329999923706055,4.715243816375732,27525200
2019-04-29,5.360000133514404,5.369999885559082,5.300000190734863,4.680055618286133,24526200
2019-04-30,5.239999771118164,5.329999923706055,5.230000019073486,4.644867420196533,29843800
2019-05-01,5.309999942779541,5.340000152587891,5.21999979019165,4.592083930969238,24970500
2019-05-02,5.210000038146973,5.21999979019165,5.150000095367432,4.565694332122803,29368500
2019-05-03,5.139999866485596,5.210000038146973,5.130000114440918,4.556896686553955,28702900
2019-05-06,5.059999942779541,5.159999847412109,5.050000190734863,4.521708011627197,28199200
2019-05-07,5.070000171661377,5.099999904632568,4.980000019073486,4.433736324310303,39943400
2019-05-08,4.989999771118164,5.039999961853027,4.980000019073486,4.380954742431641,22076200
2019-05-09,4.920000076293945,4.96999979019165,4.900000095367432,4.354562759399414,29449800
2019-05-10,4.909999847412109,4.960000038146973,4.860000133514404,4.336968421936035,22776500
2019-05-13,4.829999923706055,4.860000133514404,4.800000190734863,4.240201473236084,23964600
2019-05-14,4.829999923706055,4.849999904632568,4.760000228881836,4.196215629577637,32932800
2019-05-15,4.71999979019165,4.800000190734863,4.710000038146973,4.196215629577637,21222100
2019-05-16,4.900000095367432,5,4.889999866485596,4.363359451293945,75182300
2019-05-17,4.949999809265137,5.019999980926514,4.929999828338623,4.345765113830566,34831200
2019-05-20,5.070000171661377,5.119999885559082,5,4.468925952911377,42968100
2019-05-21,5.170000076293945,5.170000076293945,5.090000152587891,4.4865193367004395,24851200
2019-05-22,5.110000133514404,5.159999847412109,5.099999904632568,4.563014984130859,20785600
2019-05-23,4.980000019073486,5,4.949999809265137,4.420697212219238,17333300
2019-05-24,5.119999885559082,5.150000095367432,5.039999961853027,4.554120063781738,22388800
2019-05-28,5.079999923706055,5.110000133514404,5,4.456277370452881,19535700
2019-05-29,4.940000057220459,5.050000190734863,4.929999828338623,4.482961177825928,23746100
2019-05-30,5.039999961853027,5.150000095367432,5.03000020980835,4.527436256408691,24526200
2019-05-31,5.019999980926514,5.079999923706055,5,4.491856098175049,16180100
2019-06-03,5,5.039999961853027,4.960000038146973,4.438487529754639,24869000
2019-06-04,5.070000171661377,5.090000152587891,5.03000020980835,4.474066734313965,22725500
2019-06-05,5.070000171661377,5.070000171661377,4.989999771118164,4.491856098175049,15803200
2019-06-06,5.03000020980835,5.050000190734863,5,4.465171813964844,15510600
2019-06-07,5.050000190734863,5.099999904632568,5.039999961853027,4.518540859222412,16326000
2019-06-10,5.050000190734863,5.070000171661377,4.960000038146973,4.429592609405518,25758100
2019-06-11,5.110000133514404,5.190000057220459,5.090000152587891,4.589698314666748,26815900
2019-06-12,5.119999885559082,5.130000114440918,5.079999923706055,4.536329746246338,12966900
2019-06-13,5.099999904632568,5.099999904632568,5.039999961853027,4.518540859222412,13706800
2019-06-14,4.980000019073486,5,4.949999809265137,4.4029083251953125,17647500
2019-06-17,4.989999771118164,5.019999980926514,4.960000038146973,4.420697212219238,12548800
2019-06-18,5.039999961853027,5.059999942779541,4.989999771118164,4.456277370452881,15336500
2019-06-19,5.059999942779541,5.070000171661377,5.010000228881836,4.482961177825928,12689700
2019-06-20,5.130000114440918,5.190000057220459,5.110000133514404,4.5985941886901855,17136700
2019-06-21,5.130000114440918,5.179999828338623,5.119999885559082,4.589698314666748,12868200
2019-06-24,5.090000152587891,5.099999904632568,5.039999961853027,4.482961177825928,19801400
2019-06-25,5.010000228881836,5.079999923706055,4.989999771118164,4.438487529754639,23153800
2019-06-26,5.050000190734863,5.070000171661377,5.010000228881836,4.465171813964844,14289100
2019-06-27,5.010000228881836,5.019999980926514,4.929999828338623,4.420697212219238,30968300
2019-06-28,5.010000228881836,5.03000020980835,4.989999771118164,4.456277370452881,14905700
2019-07-01,5.039999961853027,5.039999961853027,5,4.474066734313965,15230800
2019-07-02,5.050000190734863,5.070000171661377,5.03000020980835,4.50075101852417,13201400
2019-07-03,5.099999904632568,5.119999885559082,5.090000152587891,4.554120063781738,7821400
2019-07-05,5.090000152587891,5.090000152587891,5.019999980926514,4.50075101852417,8113800
2019-07-08,5.019999980926514,5.059999942779541,5.010000228881836,4.482961177825928,9045700
2019-07-09,5.010000228881836,5.050000190734863,4.980000019073486,4.474066734313965,16437900
2019-07-10,5.059999942779541,5.079999923706055,5.039999961853027,4.50075101852417,11442100
2019-07-11,5.079999923706055,5.099999904632568,5.050000190734863,4.50075101852417,22504100
2019-07-12,5.090000152587891,5.099999904632568,5.059999942779541,4.536329746246338,20398400
2019-07-15,5.110000133514404,5.119999885559082,5.070000171661377,4.536329746246338,18689300
2019-07-16,5.150000095367432,5.210000038146973,5.110000133514404,4.554120063781738,19077000
2019-07-17,5.110000133514404,5.199999809265137,5.099999904632568,4.589698314666748,41825300
2019-07-18,5.159999847412109,5.179999828338623,5.099999904632568,4.571909427642822,26896100
2019-07-19,5.159999847412109,5.199999809265137,5.130000114440918,4.571909427642822,28212400
2019-07-22,5.170000076293945,5.179999828338623,5.110000133514404,4.554120063781738,27722600
2019-07-23,5.170000076293945,5.179999828338623,5.130000114440918,4.5985941886901855,14465400
2019-07-24,5.199999809265137,5.21999979019165,5.130000114440918,4.60748815536499,18065500
2019-07-25,5.550000190734863,5.769999980926514,5.510000228881836,5.070016384124756,92429500
2019-07-26,5.690000057220459,5.739999771118164,5.630000114440918,5.08780574798584,38025600
2019-07-29,5.659999847412109,5.690000057220459,5.610000133514404,5.075230598449707,19818500
2019-07-30,5.550000190734863,5.570000171661377,5.449999809265137,4.913541316986084,40569100
2019-07-31,5.46999979019165,5.5,5.369999885559082,4.859644412994385,17820400
2019-08-01,5.429999828338623,5.5,5.349999904632568,4.823714256286621,22983200
2019-08-02,5.400000095367432,5.420000076293945,5.329999923706055,4.8506622314453125,17603800
2019-08-05,5.329999923706055,5.349999904632568,5.25,4.751852512359619,18350900
2019-08-06,5.360000133514404,5.380000114440918,5.320000171661377,4.80574893951416,19943200
2019-08-07,5.260000228881836,5.329999923706055,5.230000019073486,4.7788004875183105,26352300
2019-08-08,5.380000114440918,5.420000076293945,5.380000114440918,4.8506622314453125,13819000
2019-08-09,5.400000095367432,5.449999809265137,5.360000133514404,4.859644412994385,22235300
2019-08-12,5.380000114440918,5.380000114440918,5.289999961853027,4.76981782913208,12434600
2019-08-13,5.260000228881836,5.389999866485596,5.25,4.787783145904541,20177900
2019-08-14,5.21999979019165,5.21999979019165,5.110000133514404,4.599146366119385,25831900
2019-08-15,5.070000171661377,5.099999904632568,5.03000020980835,4.545249938964844,18896300
2019-08-16,5.130000114440918,5.170000076293945,5.099999904632568,4.644059181213379,11737100
2019-08-19,5.25,5.25,5.210000038146973,4.69795560836792,8695600
2019-08-20,5.170000076293945,5.190000057220459,5.139999866485596,4.626093864440918,10448200
2019-08-21,5.199999809265137,5.210000038146973,5.159999847412109,4.644059181213379,7978500
2019-08-22,5.150000095367432,5.179999828338623,5.050000190734863,4.554232120513916,25989700
2019-08-23,5.050000190734863,5.099999904632568,5,4.50033712387085,24543800
2019-08-26,5.019999980926514,5.03000020980835,4.980000019073486,4.491353511810303,10257400
2019-08-27,5.010000228881836,5.019999980926514,4.909999847412109,4.437458038330078,19466000
2019-08-28,4.869999885559082,4.929999828338623,4.860000133514404,4.392543315887451,17065200
2019-08-29,4.900000095367432,4.949999809265137,4.900000095367432,4.419492244720459,11566500
2019-08-30,4.96999979019165,4.980000019073486,4.940000057220459,4.455423355102539,9925300
2019-09-03,4.889999866485596,4.920000076293945,4.840000152587891,4.37457799911499,19577600
2019-09-04,4.909999847412109,4.929999828338623,4.900000095367432,4.4105095863342285,9914900
2019-09-05,4.980000019073486,5,4.949999809265137,4.464405059814453,14572300
2019-09-06,5.010000228881836,5.050000190734863,4.980000019073486,4.50033712387085,11933600
2019-09-09,5.03000020980835,5.03000020980835,4.989999771118164,4.50931978225708,11863700
2019-09-10,5.03000020980835,5.119999885559082,5,4.581180572509766,18800600
2019-09-11,5.070000171661377,5.119999885559082,5.050000190734863,4.581180572509766,15379500
2019-09-12,5.139999866485596,5.25,5.130000114440918,4.70693826675415,18786400
2019-09-13,5.230000019073486,5.230000019073486,5.159999847412109,4.653042793273926,8965000
2019-09-16,5.099999904632568,5.139999866485596,5.079999923706055,4.599146366119385,13017600
2019-09-17,5.059999942779541,5.170000076293945,5.050000190734863,4.626093864440918,18041100
2019-09-18,5.130000114440918,5.170000076293945,5.119999885559082,4.6171112060546875,11701100
2019-09-19,5.21999979019165,5.25,5.150000095367432,4.626093864440918,14181100
2019-09-20,5.25,5.329999923706055,5.25,4.751852512359619,23969500
2019-09-23,5.159999847412109,5.179999828338623,5.139999866485596,4.653042793273926,17469800
2019-09-24,5.150000095367432,5.159999847412109,5.090000152587891,4.581180572509766,25975000
2019-09-25,5.050000190734863,5.079999923706055,5.010000228881836,4.554232120513916,15817000
2019-09-26,5.050000190734863,5.050000190734863,4.96999979019165,4.482370376586914,15995500
2019-09-27,5.050000190734863,5.090000152587891,4.989999771118164,4.527283668518066,20225400
2019-09-30,5.059999942779541,5.110000133514404,5.03000020980835,4.545249938964844,16059600
2019-10-01,5.059999942779541,5.059999942779541,4.869999885559082,4.4105095863342285,54146600
2019-10-02,4.869999885559082,4.869999885559082,4.800000190734863,4.329665660858154,31285500
2019-10-03,4.809999942779541,4.869999885559082,4.75,4.347630500793457,23269900
2019-10-04,4.869999885559082,4.889999866485596,4.840000152587891,4.392543315887451,13606800
2019-10-07,4.900000095367432,4.960000038146973,4.889999866485596,4.4105095863342285,13957200
2019-10-08,4.949999809265137,4.960000038146973,4.880000114440918,4.40152645111084,14806700
2019-10-09,4.940000057220459,4.940000057220459,4.889999866485596,4.4105095863342285,19134400
2019-10-10,4.960000038146973,4.980000019073486,4.900000095367432,4.437458038330078,26240000
2019-10-11,5.110000133514404,5.119999885559082,5,4.50931978225708,30404800
2019-10-14,5.010000228881836,5.03000020980835,4.949999809265137,4.44644021987915,26564100
2019-10-15,4.989999771118164,5.050000190734863,4.980000019073486,4.50033712387085,17325600
2019-10-16,5.079999923706055,5.099999904632568,5.039999961853027,4.572198390960693,17209400
2019-10-17,5.28000020980835,5.28000020980835,5.150000095367432,4.69795560836792,36374800
2019-10-18,5.230000019073486,5.239999771118164,5.170000076293945,4.67100715637207,34741600
2019-10-21,5.25,5.269999980926514,5.179999828338623,4.67100715637207,18421900
2019-10-22,5.230000019073486,5.239999771118164,5.179999828338623,4.653042793273926,18207300
2019-10-23,5.230000019073486,5.239999771118164,5.099999904632568,4.590162754058838,34964500
2019-10-24,4.019999980926514,4.090000152587891,3.8299999237060547,3.503255844116211,251150000
2019-10-25,3.8299999237060547,3.8499999046325684,3.75,3.395463466644287,83786700
2019-10-28,3.680000066757202,3.700000047683716,3.5799999237060547,3.224792003631592,82241700
2019-10-29,3.5299999713897705,3.619999885559082,3.5,3.1888608932495117,59696400
2019-10-30,3.569999933242798,3.6500000953674316,3.559999942779541,3.2786881923675537,53804500
2019-10-31,3.6700000762939453,3.680000066757202,3.630000114440918,3.2786881923675537,34401300
2019-11-01,3.640000104904175,3.700000047683716,3.630000114440918,3.2876710891723633,29752400
2019-11-04,3.619999885559082,3.6500000953674316,3.5999999046325684,3.2427570819854736,24436200
2019-11-05,3.5399999618530273,3.569999933242798,3.509999990463257,3.1798782348632812,38602300
2019-11-06,3.5899999141693115,3.640000104904175,3.5399999618530273,3.224792003631592,41319900
2019-11-07,3.5799999237060547,3.609999895095825,3.5399999618530273,3.2068262100219727,25687000
2019-11-08,3.559999942779541,3.5799999237060547,3.5199999809265137,3.2068262100219727,20833100
2019-11-11,3.5,3.569999933242798,3.5,3.1708950996398926,39835800
2019-11-12,3.509999990463257,3.5299999713897705,3.490000009536743,3.1529297828674316,25814900
2019-11-13,3.4800000190734863,3.5,3.450000047683716,3.116999387741089,23864400
2019-11-14,3.380000114440918,3.4000000953674316,3.3299999237060547,3.027172088623047,37154300
2019-11-15,3.390000104904175,3.4700000286102295,3.380000114440918,3.0990335941314697,28503600
2019-11-18,3.440000057220459,3.490000009536743,3.440000057220459,3.0990335941314697,29076000
2019-11-19,3.4700000286102295,3.4700000286102295,3.4100000858306885,3.081069231033325,30007300
2019-11-20,3.380000114440918,3.4000000953674316,3.3499999046325684,3.009206533432007,18567600
2019-11-21,3.390000104904175,3.4000000953674316,3.359999895095825,3.0361549854278564,20464700
2019-11-22,3.4000000953674316,3.4600000381469727,3.4000000953674316,3.081069231033325,16676800
2019-11-25,3.490000009536743,3.509999990463257,3.440000057220459,3.116999387741089,20527900
2019-11-26,3.4600000381469727,3.4600000381469727,3.4100000858306885,3.081069231033325,20520800
2019-11-27,3.430000066757202,3.4800000190734863,3.4100000858306885,3.1080167293548584,16378100
2019-11-29,3.4800000190734863,3.509999990463257,3.4700000286102295,3.1439476013183594,7059900
2019-12-02,3.5299999713897705,3.5399999618530273,3.430000066757202,3.1080167293548584,23665200
2019-12-03,3.5,3.509999990463257,3.440000057220459,3.116999387741089,24837600
2019-12-04,3.490000009536743,3.5299999713897705,3.430000066757202,3.0990335941314697,33256000
2019-12-05,3.450000047683716,3.509999990463257,3.440000057220459,3.1259820461273193,17146000
2019-12-06,3.4800000190734863,3.509999990463257,3.450000047683716,3.1259820461273193,15831700
2019-12-09,3.430000066757202,3.450000047683716,3.4100000858306885,3.072085380554199,15634900
2019-12-10,3.430000066757202,3.450000047683716,3.4100000858306885,3.072085380554199,17615100
2019-12-11,3.450000047683716,3.4700000286102295,3.440000057220459,3.116999387741089,11935300
2019-12-12,3.5,3.5799999237060547,3.5,3.2068262100219727,23165000
2019-12-13,3.5799999237060547,3.619999885559082,3.5199999809265137,3.1619131565093994,20458200
2019-12-16,3.5799999237060547,3.5999999046325684,3.559999942779541,3.224792003631592,13082000
2019-12-17,3.630000114440918,3.630000114440918,3.5999999046325684,3.233774185180664,17659100
2019-12-18,3.609999895095825,3.619999885559082,3.5799999237060547,3.233774185180664,16100900
2019-12-19,3.609999895095825,3.630000114440918,3.569999933242798,3.224792003631592,16346200
2019-12-20,3.5999999046325684,3.609999895095825,3.569999933242798,3.2427570819854736,21917300
2019-12-23,3.609999895095825,3.640000104904175,3.5899999141693115,3.2697057723999023,16354800
2019-12-24,3.619999885559082,3.640000104904175,3.609999895095825,3.2607226371765137,6768300
2019-12-26,3.630000114440918,3.640000104904175,3.619999885559082,3.251739740371704,9053900
2019-12-27,3.609999895095825,3.630000114440918,3.609999895095825,3.2607226371765137,9342100
2019-12-30,3.6500000953674316,3.7200000286102295,3.630000114440918,3.3146188259124756,27043500
2019-12-31,3.700000047683716,3.7300000190734863,3.690000057220459,3.3325846195220947,14346300
2020-01-02,3.8399999141693115,3.890000104904175,3.819999933242798,3.4763076305389404,33109500
2020-01-03,3.8299999237060547,3.869999885559082,3.809999942779541,3.4224114418029785,25010100
2020-01-06,3.8299999237060547,3.990000009536743,3.819999933242798,3.539186716079712,59904600
2020-01-07,3.9600000381469727,4.010000228881836,3.940000057220459,3.5481693744659424,36689900
2020-01-08,4.019999980926514,4.050000190734863,4.010000228881836,3.611048460006714,32084900
2020-01-09,4.070000171661377,4.079999923706055,4,3.6020658016204834,25058700
2020-01-10,4.039999961853027,4.070000171661377,4.019999980926514,3.611048460006714,21242100
2020-01-13,4.099999904632568,4.110000133514404,4.050000190734863,3.6469788551330566,29863200
2020-01-14,4.019999980926514,4.039999961853027,3.990000009536743,3.6020658016204834,23327700
2020-01-15,4.010000228881836,4.099999904632568,4,3.6469788551330566,21152700
2020-01-16,4.130000114440918,4.239999771118164,4.130000114440918,3.7727365493774414,30481300
2020-01-17,4.210000038146973,4.21999979019165,4.119999885559082,3.7188405990600586,28399600
2020-01-21,4.159999847412109,4.170000076293945,4.090000152587891,3.7098586559295654,21274900
2020-01-22,4.099999904632568,4.139999866485596,4.090000152587891,3.6739275455474854,19525800
2020-01-23,4.059999942779541,4.079999923706055,4.019999980926514,3.6469788551330566,27092100
2020-01-24,4.090000152587891,4.090000152587891,4,3.6379966735839844,29042800
2020-01-27,3.940000057220459,3.9800000190734863,3.9000000953674316,3.539186716079712,31964400
2020-01-28,3.990000009536743,4.070000171661377,3.9800000190734863,3.611048460006714,23543500
2020-01-29,4,4.019999980926514,3.9000000953674316,3.5122385025024414,27725800
2020-01-30,3.880000114440918,3.9600000381469727,3.869999885559082,3.557152271270752,23305200
2020-01-31,3.9200000762939453,3.9200000762939453,3.859999895095825,3.48529052734375,25612100
2020-02-03,3.930000066757202,3.940000057220459,3.859999895095825,3.48529052734375,31627300
2020-02-04,3.9200000762939453,3.9800000190734863,3.890000104904175,3.557152271270752,29709900
2020-02-05,4.010000228881836,4.03000020980835,3.940000057220459,3.6200313568115234,27448400
2020-02-06,4.010000228881836,4.21999979019165,3.950000047683716,3.7727365493774414,90257800
2020-02-07,4.28000020980835,4.420000076293945,4.260000228881836,3.925442695617676,102719700
2020-02-10,4.289999961853027,4.309999942779541,4.170000076293945,3.8266332149505615,63116700
2020-02-11,4.429999828338623,4.53000020980835,4.380000114440918,3.961374282836914,82755600
2020-02-12,4.429999828338623,4.489999771118164,4.389999866485596,3.961374282836914,34736900
2020-02-13,4.340000152587891,4.400000095367432,4.320000171661377,3.8984951972961426,30693500
2020-02-14,4.309999942779541,4.329999923706055,4.28000020980835,3.889512538909912,23030800
2020-02-18,4.239999771118164,4.25,4.210000038146973,3.817650318145752,22425300
2020-02-19,4.230000019073486,4.25,4.199999809265137,3.7727365493774414,26638600
2020-02-20,4.179999828338623,4.190000057220459,4.099999904632568,3.7368056774139404,25590400
2020-02-21,4.139999866485596,4.179999828338623,4.110000133514404,3.7368056774139404,21086100
2020-02-24,4.010000228881836,4.070000171661377,4,3.611048460006714,35855100
2020-02-25,4.039999961853027,4.039999961853027,3.9000000953674316,3.5122385025024414,35960600
2020-02-26,3.990000009536743,4.429999828338623,3.950000047683716,3.72782301902771,93267200
2020-02-27,4.010000228881836,4.119999885559082,3.940000057220459,3.557152271270752,62126700
2020-02-28,3.8499999046325684,3.890000104904175,3.7799999713897705,3.4763076305389404,58527100
2020-03-02,3.9100000858306885,3.9600000381469727,3.8499999046325684,3.5302035808563232,41572100
2020-03-03,3.9200000762939453,3.9600000381469727,3.7300000190734863,3.4044463634490967,45558100
2020-03-04,3.8399999141693115,3.859999895095825,3.7699999809265137,3.46732497215271,23839600
2020-03-05,3.759999990463257,3.7899999618530273,3.6600000858306885,3.2876710891723633,35255400
2020-03-06,3.619999885559082,3.6600000858306885,3.509999990463257,3.2068262100219727,39638300
2020-03-09,3.3399999141693115,3.450000047683716,3.299999952316284,2.973275899887085,54609300
2020-03-10,3.390000104904175,3.4000000953674316,3.2100000381469727,2.9822587966918945,42384200
2020-03-11,3.240000009536743,3.259999990463257,3.069999933242798,2.8115880489349365,41293600
2020-03-12,2.8399999141693115,2.930000066757202,2.609999895095825,2.3444859981536865,51754600
2020-03-13,2.819999933242798,2.8299999237060547,2.5399999618530273,2.461261510848999,31675100
2020-03-16,2.380000114440918,2.5399999618530273,2.380000114440918,2.1738152503967285,27259500
2020-03-17,2.559999942779541,2.619999885559082,2.4600000381469727,2.272624969482422,29468800
2020-03-18,2.509999990463257,2.619999885559082,2.3399999141693115,2.18279767036438,42501300
2020-03-19,2.4200000762939453,2.619999885559082,2.380000114440918,2.2995731830596924,40297700
2020-03-20,2.680000066757202,2.799999952316284,2.5999999046325684,2.3894002437591553,49575200
2020-03-23,2.7300000190734863,2.799999952316284,2.619999885559082,2.3804173469543457,46726700
2020-03-24,2.9100000858306885,2.990000009536743,2.859999895095825,2.640916347503662,47526100
2020-03-25,2.990000009536743,3.1500000953674316,2.9000000953674316,2.757690906524658,48724400
2020-03-26,3.049999952316284,3.190000057220459,3.049999952316284,2.8295528888702393,35219800
2020-03-27,3.0199999809265137,3.0799999237060547,2.940000057220459,2.7037949562072754,31098800
2020-03-30,2.9800000190734863,3.059999942779541,2.950000047683716,2.739725112915039,20464500
2020-03-31,3.0899999141693115,3.200000047683716,3.069999933242798,2.7846391201019287,29414900
2020-04-01,3.0399999618530273,3.069999933242798,2.9700000286102295,2.6678640842437744,22136800
2020-04-02,2.990000009536743,3.0799999237060547,2.950000047683716,2.730742931365967,23224700
2020-04-03,2.990000009536743,3.0199999809265137,2.940000057220459,2.6678640842437744,17041700
2020-04-06,3.130000114440918,3.190000057220459,3.0999999046325684,2.838535785675049,23284600
2020-04-07,3.25,3.2799999713897705,3.1500000953674316,2.838535785675049,27185900
2020-04-08,3.2100000381469727,3.2799999713897705,3.180000066757202,2.9103972911834717,18400700
2020-04-09,3.2699999809265137,3.3399999141693115,3.240000009536743,2.937345027923584,20935300
2020-04-13,3.259999990463257,3.2699999809265137,3.200000047683716,2.9193801879882812,11758400
2020-04-14,3.3499999046325684,3.430000066757202,3.3499999046325684,3.027172088623047,27571000
2020-04-15,3.25,3.259999990463257,3.1700000762939453,2.901414394378662,23708900
2020-04-16,3.2200000286102295,3.680000066757202,3.140000104904175,3.1080167293548584,83467900
2020-04-17,3.5199999809265137,3.559999942779541,3.440000057220459,3.1259820461273193,34633100
2020-04-20,3.450000047683716,3.5199999809265137,3.4200000762939453,3.0900516510009766,16577500
2020-04-21,3.440000057220459,3.450000047683716,3.3399999141693115,3.0181894302368164,22449500
2020-04-22,3.4000000953674316,3.430000066757202,3.3499999046325684,3.0361549854278564,18067200
2020-04-23,3.369999885559082,3.450000047683716,3.359999895095825,3.045137643814087,23344700
2020-04-24,3.4000000953674316,3.4100000858306885,3.309999942779541,3.045137643814087,16364200
2020-04-27,3.4100000858306885,3.4600000381469727,3.4000000953674316,3.1080167293548584,12403700
2020-04-28,3.4800000190734863,3.490000009536743,3.390000104904175,3.063103199005127,26159500
2020-04-29,3.490000009536743,3.549999952316284,3.4200000762939453,3.1529297828674316,22155600
2020-04-30,3.690000057220459,3.700000047683716,3.559999942779541,3.215808868408203,55906500
2020-05-01,3.5299999713897705,3.630000114440918,3.4600000381469727,3.233774185180664,32805500
2020-05-04,3.559999942779541,3.5899999141693115,3.5,3.1888608932495117,23352900
2020-05-05,3.490000009536743,3.5399999618530273,3.4600000381469727,3.1080167293548584,20014700
2020-05-06,3.559999942779541,3.569999933242798,3.4600000381469727,3.1080167293548584,19892300
2020-05-07,3.549999952316284,3.5799999237060547,3.5199999809265137,3.1888608932495117,14401100
2020-05-08,3.559999942779541,3.5899999141693115,3.5399999618530273,3.215808868408203,17414200
2020-05-11,3.5799999237060547,3.5899999141693115,3.549999952316284,3.2068262100219727,14346000
2020-05-12,3.5999999046325684,3.630000114440918,3.559999942779541,3.2068262100219727,16924300
2020-05-13,3.569999933242798,3.5799999237060547,3.4000000953674316,3.0900516510009766,27715800
2020-05-14,3.3399999141693115,3.4200000762939453,3.2799999713897705,3.072085380554199,24552500
2020-05-15,3.4600000381469727,3.490000009536743,3.4100000858306885,3.0990335941314697,15698800
2020-05-18,3.5799999237060547,3.690000057220459,3.569999933242798,3.2786881923675537,25647700
2020-05-19,3.6600000858306885,3.740000009536743,3.6500000953674316,3.3146188259124756,21212800
2020-05-20,3.740000009536743,3.8299999237060547,3.7300000190734863,3.431394338607788,22489500
2020-05-21,3.880000114440918,3.890000104904175,3.759999990463257,3.3864805698394775,20947700
2020-05-22,3.799999952316284,3.859999895095825,3.7799999713897705,3.4583423137664795,18401500
2020-05-26,3.9000000953674316,3.9200000762939453,3.8499999046325684,3.4583423137664795,17394000
2020-05-27,3.9100000858306885,3.930000066757202,3.8299999237060547,3.5122385025024414,25093200
2020-05-28,3.940000057220459,3.9800000190734863,3.9100000858306885,3.5212209224700928,22178900
2020-05-29,3.9600000381469727,3.9800000190734863,3.9000000953674316,3.5481693744659424,21054000
2020-06-01,4.139999866485596,4.21999979019165,4.119999885559082,3.7727365493774414,39432800
2020-06-02,4.269999980926514,4.340000152587891,4.260000228881836,3.871546745300293,36621500
2020-06-03,4.320000171661377,4.400000095367432,4.309999942779541,3.925442695617676,32103100
2020-06-04,4.329999923706055,4.380000114440918,4.28000020980835,3.8445987701416016,38453700
2020-06-05,4.440000057220459,4.5,4.409999847412109,4.006288051605225,33115900
2020-06-08,4.519999980926514,4.539999961853027,4.46999979019165,4.060183525085449,38203500
2020-06-09,4.510000228881836,4.510000228881836,4.389999866485596,3.9703567028045654,35176900
2020-06-10,4.449999809265137,4.510000228881836,4.409999847412109,3.997304916381836,34982300
2020-06-11,4.309999942779541,4.320000171661377,4.070000171661377,3.691892623901367,49802300
2020-06-12,4.28000020980835,4.309999942779541,4.110000133514404,3.7727365493774414,38508100
2020-06-15,4.150000095367432,4.289999961853027,4.099999904632568,3.8445987701416016,39958300
2020-06-16,4.400000095367432,4.429999828338623,4.300000190734863,3.8984951972961426,36960900
2020-06-17,4.420000076293945,4.440000057220459,4.380000114440918,3.961374282836914,31784500
2020-06-18,4.389999866485596,4.409999847412109,4.349999904632568,3.925442695617676,26224100
2020-06-19,4.420000076293945,4.420000076293945,4.300000190734863,3.889512538909912,21062200
2020-06-22,4.309999942779541,4.369999885559082,4.289999961853027,3.889512538909912,20886700
2020-06-23,4.389999866485596,4.409999847412109,4.329999923706055,3.889512538909912,20228600
2020-06-24,4.309999942779541,4.320000171661377,4.170000076293945,3.7727365493774414,36423100
2020-06-25,4.179999828338623,4.449999809265137,4.150000095367432,3.997304916381836,43493900
2020-06-26,4.420000076293945,4.440000057220459,4.329999923706055,3.8984951972961426,40939600
2020-06-29,4.360000133514404,4.409999847412109,4.309999942779541,3.907478094100952,30304200
2020-06-30,4.300000190734863,4.409999847412109,4.300000190734863,3.952392339706421,21533700
2020-07-01,4.360000133514404,4.409999847412109,4.340000152587891,3.907478094100952,24728800
2020-07-02,4.429999828338623,4.5,4.429999828338623,3.988321542739868,26431200
2020-07-06,4.630000114440918,4.75,4.590000152587891,4.132045269012451,56523000
2020-07-07,4.570000171661377,4.579999923706055,4.300000190734863,3.871546745300293,59104900
2020-07-08,4.159999847412109,4.210000038146973,4.110000133514404,3.72782301902771,56456500
2020-07-09,4.139999866485596,4.210000038146973,4.059999942779541,3.74578857421875,37914500
2020-07-10,4.110000133514404,4.159999847412109,4.090000152587891,3.7008750438690186,25485100
2020-07-13,4.239999771118164,4.309999942779541,4.179999828338623,3.7547709941864014,37504700
2020-07-14,4.239999771118164,4.329999923706055,4.239999771118164,3.8805298805236816,38867000
2020-07-15,4.389999866485596,4.400000095367432,4.28000020980835,3.889512538909912,29809700
2020-07-16,4.269999980926514,4.289999961853027,4.230000019073486,3.8086671829223633,21948700
2020-07-17,4.360000133514404,4.46999979019165,4.340000152587891,3.943408727645874,50071100
2020-07-20,4.400000095367432,4.480000019073486,4.400000095367432,3.997304916381836,30552900
2020-07-21,4.510000228881836,4.519999980926514,4.429999828338623,3.979340076446533,26432000
2020-07-22,4.46999979019165,4.550000190734863,4.449999809265137,4.04221773147583,23368000
2020-07-23,4.480000019073486,4.489999771118164,4.300000190734863,3.925442695617676,35977300
2020-07-24,4.340000152587891,4.360000133514404,4.289999961853027,3.8625648021698,22774400
2020-07-27,4.329999923706055,4.369999885559082,4.320000171661377,3.8984951972961426,21065900
2020-07-28,4.309999942779541,4.329999923706055,4.260000228881836,3.8445987701416016,19863400
2020-07-29,4.309999942779541,4.360000133514404,4.300000190734863,3.8984951972961426,15453400
2020-07-30,4.21999979019165,4.53000020980835,4.159999847412109,3.997304916381836,58415900
2020-07-31,4.860000133514404,4.949999809265137,4.639999866485596,4.293734073638916,117875600
2020-08-03,4.960000038146973,5.130000114440918,4.940000057220459,4.545249938964844,62489200
2020-08-04,5.039999961853027,5.139999866485596,5.010000228881836,4.581180572509766,42735100
2020-08-05,5.070000171661377,5.099999904632568,4.989999771118164,4.491353511810303,36259200
2020-08-06,4.96999979019165,5.010000228881836,4.949999809265137,4.491353511810303,30262600
2020-08-07,4.949999809265137,4.989999771118164,4.929999828338623,4.473388671875,21405300
2020-08-10,4.960000038146973,4.96999979019165,4.880000114440918,4.4105095863342285,21177600
2020-08-11,4.949999809265137,5.050000190734863,4.920000076293945,4.455423355102539,40259300
2020-08-12,5.059999942779541,5.079999923706055,5.010000228881836,4.5362677574157715,21654000
2020-08-13,5.03000020980835,5.079999923706055,5,4.545249938964844,21989500
2020-08-14,5.010000228881836,5.019999980926514,4.96999979019165,4.491353511810303,18991900
2020-08-17,5.039999961853027,5.090000152587891,5.010000228881836,4.554232120513916,24050200
2020-08-18,5.130000114440918,5.139999866485596,5.03000020980835,4.572198390960693,18338100
2020-08-19,5.099999904632568,5.110000133514404,5.010000228881836,4.527283668518066,20351200
2020-08-20,4.989999771118164,5.059999942779541,4.989999771118164,4.5362677574157715,15366400
2020-08-21,4.940000057220459,5,4.940000057220459,4.464405059814453,15015100
2020-08-24,5.059999942779541,5.059999942779541,5,4.5183024406433105,12604400
2020-08-25,5.059999942779541,5.079999923706055,5,4.527283668518066,13587400
2020-08-26,5.050000190734863,5.070000171661377,5.019999980926514,4.5362677574157715,19752400
2020-08-27,5.019999980926514,5.050000190734863,4.960000038146973,4.50033712387085,25348600
2020-08-28,4.989999771118164,5.019999980926514,4.929999828338623,4.464405059814453,20820200
2020-08-31,4.940000057220459,4.940000057220459,4.860000133514404,4.40152645111084,22437800
2020-09-01,4.849999904632568,4.849999904632568,4.679999828338623,4.248821258544922,49143200
2020-09-02,4.75,4.820000171661377,4.699999809265137,4.293734073638916,31895600
2020-09-03,4.710000038146973,4.710000038146973,4.46999979019165,4.06916618347168,63168200
2020-09-04,4.519999980926514,4.539999961853027,4.360000133514404,4.024252414703369,45584000
2020-09-08,4.199999809265137,4.25,4.099999904632568,3.682910203933716,67144100
2020-09-09,4.190000057220459,4.21999979019165,4.130000114440918,3.7188405990600586,47162700
2020-09-10,4.190000057220459,4.199999809265137,4.079999923706055,3.682910203933716,35018300
2020-09-11,4.130000114440918,4.150000095367432,4.059999942779541,3.682910203933716,27316100
2020-09-14,4.139999866485596,4.150000095367432,4.070000171661377,3.6739275455474854,21318000
2020-09-15,4.199999809265137,4.199999809265137,4.130000114440918,3.7368056774139404,24076200
2020-09-16,4.179999828338623,4.179999828338623,4.110000133514404,3.7098586559295654,30873400
2020-09-17,4.079999923706055,4.150000095367432,4.070000171661377,3.7188405990600586,28414600
2020-09-18,4.099999904632568,4.139999866485596,4.039999961853027,3.6739275455474854,20339400
2020-09-21,3.950000047683716,3.9700000286102295,3.880000114440918,3.557152271270752,29189500
2020-09-22,3.9600000381469727,3.990000009536743,3.9000000953674316,3.575117349624634,15175300
2020-09-23,3.9700000286102295,3.9800000190734863,3.869999885559082,3.48529052734375,19322600
2020-09-24,3.8499999046325684,3.880000114440918,3.809999942779541,3.44935941696167,19266900
2020-09-25,3.7799999713897705,3.7899999618530273,3.7200000286102295,3.395463466644287,32637600
2020-09-28,3.8499999046325684,3.940000057220459,3.8299999237060547,3.503255844116211,28025500
2020-09-29,3.9600000381469727,4.039999961853027,3.930000066757202,3.5481693744659424,25047400
2020-09-30,3.950000047683716,3.9800000190734863,3.9000000953674316,3.5122385025024414,24780800
2020-10-01,3.9100000858306885,3.9200000762939453,3.8399999141693115,3.4763076305389404,17028000
2020-10-02,3.799999952316284,3.859999895095825,3.799999952316284,3.431394338607788,19307700
2020-10-05,3.950000047683716,3.9600000381469727,3.880000114440918,3.5302035808563232,15811400
2020-10-06,3.9800000190734863,4,3.869999885559082,3.5122385025024414,23824300
2020-10-07,3.9000000953674316,3.9200000762939453,3.859999895095825,3.503255844116211,15216500
2020-10-08,3.9000000953674316,3.9800000190734863,3.890000104904175,3.5481693744659424,19386200
2020-10-09,4.070000171661377,4.130000114440918,4.019999980926514,3.6200313568115234,35552900
2020-10-12,4.050000190734863,4.059999942779541,4.010000228881836,3.6200313568115234,18341200
2020-10-13,4.070000171661377,4.079999923706055,4.010000228881836,3.629013776779175,19771400
2020-10-14,4.050000190734863,4.099999904632568,4.03000020980835,3.664944648742676,20957600
2020-10-15,3.990000009536743,4.039999961853027,3.9800000190734863,3.629013776779175,15456600
2020-10-16,4.039999961853027,4.070000171661377,4.019999980926514,3.6200313568115234,13355000
2020-10-19,4.130000114440918,4.230000019073486,4.119999885559082,3.7547709941864014,36642500
2020-10-20,4.28000020980835,4.28000020980835,4.170000076293945,3.7727365493774414,39536900
2020-10-21,4.269999980926514,4.340000152587891,4.21999979019165,3.8445987701416016,43146600
2020-10-22,4.300000190734863,4.300000190734863,4.190000057220459,3.83561635017395,33773200
2020-10-23,4.25,4.309999942779541,4.21999979019165,3.8625648021698,15898800
2020-10-26,4.300000190734863,4.309999942779541,4.179999828338623,3.799684524536133,34590500
2020-10-27,4.210000038146973,4.28000020980835,4.210000038146973,3.8086671829223633,24062200
2020-10-28,4.050000190734863,4.090000152587891,4,3.6379966735839844,47238600
2020-10-29,3.440000057220459,3.450000047683716,3.2100000381469727,3.009206533432007,149133000
2020-10-30,3.380000114440918,3.390000104904175,3.319999933242798,3.027172088623047,65867800
2020-11-02,3.380000114440918,3.380000114440918,3.2300000190734863,2.937345027923584,41682300
2020-11-03,3.309999942779541,3.4700000286102295,3.299999952316284,3.045137643814087,52419300
2020-11-04,3.4100000858306885,3.4700000286102295,3.359999895095825,3.0541205406188965,38149500
2020-11-05,3.509999990463257,3.609999895095825,3.5,3.1798782348632812,43167600
2020-11-06,3.509999990463257,3.549999952316284,3.4600000381469727,3.1619131565093994,29258000
2020-11-09,3.7799999713897705,3.7899999618530273,3.619999885559082,3.2786881923675537,49820900
2020-11-10,3.740000009536743,3.759999990463257,3.6700000762939453,3.2966535091400146,37387900
2020-11-11,3.680000066757202,3.7799999713897705,3.6600000858306885,3.3685150146484375,40456000
2020-11-12,3.75,3.819999933242798,3.7200000286102295,3.3685150146484375,46774600
2020-11-13,3.740000009536743,3.859999895095825,3.740000009536743,3.4224114418029785,46253800
2020-11-16,3.869999885559082,3.930000066757202,3.8399999141693115,3.503255844116211,37591800
2020-11-17,3.869999885559082,3.950000047683716,3.8499999046325684,3.5302035808563232,27364100
2020-11-18,3.940000057220459,3.9800000190734863,3.930000066757202,3.539186716079712,28103600
2020-11-19,3.859999895095825,3.9100000858306885,3.8399999141693115,3.4942731857299805,30776700
2020-11-20,3.9000000953674316,3.9700000286102295,3.890000104904175,3.5481693744659424,29367100
2020-11-23,3.930000066757202,3.9800000190734863,3.9200000762939453,3.566134452819824,32393600
2020-11-24,4.03000020980835,4.119999885559082,4.010000228881836,3.655961751937866,25386800
2020-11-25,4.090000152587891,4.139999866485596,4.079999923706055,3.7098586559295654,16995800
2020-11-27,4.119999885559082,4.139999866485596,4.110000133514404,3.7098586559295654,8288300
2020-11-30,4.079999923706055,4.110000133514404,4.019999980926514,3.6200313568115234,20845200
2020-12-01,4.059999942779541,4.090000152587891,4.050000190734863,3.6469788551330566,20161200
2020-12-02,3.990000009536743,4.059999942779541,3.9700000286102295,3.6469788551330566,23692300
2020-12-03,4.03000020980835,4.059999942779541,4.010000228881836,3.611048460006714,18883600
2020-12-04,4.019999980926514,4.03000020980835,3.990000009536743,3.6200313568115234,19651500
2020-12-07,4.039999961853027,4.099999904632568,4.03000020980835,3.6469788551330566,21546500
2020-12-08,4.099999904632568,4.230000019073486,4.099999904632568,3.7907018661499023,35820000
2020-12-09,4.239999771118164,4.28000020980835,4.179999828338623,3.76375412940979,31808800
2020-12-10,4.130000114440918,4.21999979019165,4.119999885559082,3.7727365493774414,27951000
2020-12-11,4.070000171661377,4.099999904632568,4,3.6469788551330566,34215600
2020-12-14,4.050000190734863,4.070000171661377,3.9800000190734863,3.5930826663970947,21093200
2020-12-15,4.059999942779541,4.119999885559082,4.03000020980835,3.682910203933716,18725600
2020-12-16,4.010000228881836,4.03000020980835,3.9800000190734863,3.5841002464294434,19877700
2020-12-17,4.090000152587891,4.090000152587891,4.019999980926514,3.6469788551330566,26082200
2020-12-18,4.039999961853027,4.059999942779541,3.9800000190734863,3.5930826663970947,20259700
2020-12-21,3.869999885559082,3.9200000762939453,3.8299999237060547,3.503255844116211,26116600
2020-12-22,3.869999885559082,3.9000000953674316,3.8399999141693115,3.48529052734375,25157100
2020-12-23,3.8499999046325684,3.9200000762939453,3.8499999046325684,3.48529052734375,27033500
2020-12-24,3.9000000953674316,3.9200000762939453,3.890000104904175,3.4942731857299805,7298800
2020-12-28,3.9000000953674316,3.940000057220459,3.890000104904175,3.503255844116211,18694700
2020-12-29,3.950000047683716,3.9800000190734863,3.930000066757202,3.5302035808563232,19875400
2020-12-30,3.940000057220459,3.9600000381469727,3.880000114440918,3.4942731857299805,17464600
2020-12-31,3.880000114440918,3.930000066757202,3.869999885559082,3.5122385025024414,17088900
2021-01-04,3.990000009536743,3.990000009536743,3.8499999046325684,3.4942731857299805,30281400
2021-01-05,3.990000009536743,4.059999942779541,3.950000047683716,3.629013776779175,38446200
2021-01-06,4.010000228881836,4.090000152587891,4.010000228881836,3.629013776779175,37467400
2021-01-07,4.010000228881836,4.03000020980835,3.9700000286102295,3.5841002464294434,25318000
2021-01-08,3.940000057220459,3.9600000381469727,3.9000000953674316,3.5302035808563232,23978700
2021-01-11,3.8399999141693115,3.940000057220459,3.8299999237060547,3.4763076305389404,37045200
2021-01-12,3.940000057220459,4.019999980926514,3.930000066757202,3.6020658016204834,26065000
2021-01-13,3.9100000858306885,3.9800000190734863,3.9100000858306885,3.575117349624634,33763400
2021-01-14,4.119999885559082,4.25,4.070000171661377,3.6739275455474854,93198600
2021-01-15,4.090000152587891,4.139999866485596,4.039999961853027,3.664944648742676,36639300
2021-01-19,4.070000171661377,4.190000057220459,4.03000020980835,3.7098586559295654,40539400
2021-01-20,4.150000095367432,4.230000019073486,4.150000095367432,3.7727365493774414,43924100
2021-01-21,4.179999828338623,4.230000019073486,4.159999847412109,3.7907018661499023,22026300
2021-01-22,4.190000057220459,4.21999979019165,4.139999866485596,3.7727365493774414,29126700
2021-01-25,4.539999961853027,4.920000076293945,4.53000020980835,4.3566131591796875,296379300
2021-01-26,5.079999923706055,5.269999980926514,4.610000133514404,4.248821258544922,379387300
2021-01-27,4.989999771118164,9.789999961853027,4.869999885559082,5.883673667907715,1123003300
2021-01-28,5.179999828338623,5.53000020980835,4.590000152587891,4.212889194488525,675220900
2021-01-29,5.130000114440918,5.21999979019165,4.53000020980835,4.0961151123046875,362323300
2021-02-01,4.96999979019165,4.989999771118164,4.659999847412109,4.392543315887451,194969200
2021-02-02,4.739999771118164,4.760000228881836,4.400000095367432,4.06916618347168,165679700
2021-02-03,4.630000114440918,4.760000228881836,4.519999980926514,4.221872806549072,95964300
2021-02-04,4.489999771118164,4.559999942779541,4.300000190734863,3.925442695617676,151036400
2021-02-05,4.329999923706055,4.329999923706055,4.199999809265137,3.7907018661499023,107577200
2021-02-08,4.28000020980835,4.349999904632568,4.210000038146973,3.8266332149505615,79270400
2021-02-09,4.260000228881836,4.269999980926514,4.170000076293945,3.76375412940979,83593900
2021-02-10,4.210000038146973,4.21999979019165,4.099999904632568,3.74578857421875,79240200
2021-02-11,4.159999847412109,4.170000076293945,4.070000171661377,3.682910203933716,63166100
2021-02-12,4.110000133514404,4.21999979019165,4.070000171661377,3.74578857421875,50557400
2021-02-16,4.170000076293945,4.199999809265137,4.099999904632568,3.7098586559295654,42745500
2021-02-17,4.099999904632568,4.119999885559082,4.050000190734863,3.691892623901367,50251800
2021-02-18,4.070000171661377,4.139999866485596,4.050000190734863,3.7008750438690186,43669200
2021-02-19,4.130000114440918,4.139999866485596,4.059999942779541,3.655961751937866,28413700
2021-02-22,4.019999980926514,4.039999961853027,3.9600000381469727,3.557152271270752,56342100
2021-02-23,3.930000066757202,3.9700000286102295,3.8299999237060547,3.5481693744659424,68365800
2021-02-24,3.940000057220459,4.119999885559082,3.9100000858306885,3.629013776779175,77998700
2021-02-25,4.25,4.340000152587891,4.010000228881836,3.6379966735839844,121260400
2021-02-26,4.010000228881836,4.039999961853027,3.9100000858306885,3.5212209224700928,69186700
2021-03-01,3.990000009536743,4.099999904632568,3.9800000190734863,3.629013776779175,40902400
2021-03-02,4.03000020980835,4.070000171661377,4,3.629013776779175,29041800
2021-03-03,4,4.019999980926514,3.950000047683716,3.575117349624634,41330300
2021-03-04,3.9600000381469727,4,3.75,3.431394338607788,77661700
2021-03-05,3.869999885559082,3.9000000953674316,3.7699999809265137,3.48529052734375,60969100
2021-03-08,3.859999895095825,3.9700000286102295,3.8299999237060547,3.4763076305389404,44731700
2021-03-09,3.9600000381469727,4.010000228881836,3.950000047683716,3.557152271270752,28745800
2021-03-10,4.039999961853027,4.050000190734863,3.9200000762939453,3.557152271270752,48054800
2021-03-11,4.079999923706055,4.139999866485596,4.050000190734863,3.682910203933716,47804000
2021-03-12,4.090000152587891,4.21999979019165,4.079999923706055,3.7907018661499023,42936700
2021-03-15,4.289999961853027,4.389999866485596,4.260000228881836,3.8625648021698,59527500
2021-03-16,4.320000171661377,4.349999904632568,4.190000057220459,3.8086671829223633,37064700
2021-03-17,4.190000057220459,4.300000190734863,4.159999847412109,3.8445987701416016,24682500
2021-03-18,4.039999961853027,4.130000114440918,3.9100000858306885,3.5122385025024414,83759200
2021-03-19,3.940000057220459,4.090000152587891,3.930000066757202,3.611048460006714,47529100
2021-03-22,4.070000171661377,4.110000133514404,4.039999961853027,3.6469788551330566,31188900
2021-03-23,4.059999942779541,4.079999923706055,3.9800000190734863,3.575117349624634,33771300
2021-03-24,3.9800000190734863,4,3.9200000762939453,3.5212209224700928,35003500
2021-03-25,3.9200000762939453,4,3.9000000953674316,3.566134452819824,37997300
2021-03-26,4.019999980926514,4.090000152587891,3.9700000286102295,3.6469788551330566,34522200
2021-03-29,4.039999961853027,4.079999923706055,4,3.611048460006714,26233600
2021-03-30,3.990000009536743,4,3.9100000858306885,3.5841002464294434,29751400
2021-03-31,3.9700000286102295,4,3.9600000381469727,3.557152271270752,18639300
2021-04-01,4,4.039999961853027,3.9700000286102295,3.5930826663970947,24315900
2021-04-05,4.010000228881836,4.050000190734863,4,3.6379966735839844,21294300
2021-04-06,4.019999980926514,4.039999961853027,3.990000009536743,3.5930826663970947,24788100
2021-04-07,4.03000020980835,4.050000190734863,4,3.6379966735839844,30073100
2021-04-08,4.079999923706055,4.099999904632568,4.019999980926514,3.6469788551330566,20646800
2021-04-09,4.079999923706055,4.150000095367432,4.070000171661377,3.7098586559295654,45389600
2021-04-12,4.110000133514404,4.130000114440918,4.070000171661377,3.655961751937866,20166000
2021-04-13,4.079999923706055,4.150000095367432,4.059999942779541,3.7098586559295654,23394700
2021-04-14,4.130000114440918,4.170000076293945,4.110000133514404,3.7098586559295654,28670000
2021-04-15,4.119999885559082,4.170000076293945,4.099999904632568,3.7098586559295654,26112500
2021-04-16,4.150000095367432,4.190000057220459,4.130000114440918,3.7547709941864014,22913700
2021-04-19,4.170000076293945,4.21999979019165,4.150000095367432,3.74578857421875,32936800
2021-04-20,4.130000114440918,4.150000095367432,4.110000133514404,3.72782301902771,31939900
2021-04-21,4.139999866485596,4.21999979019165,4.130000114440918,3.781719207763672,24943500
2021-04-22,4.199999809265137,4.230000019073486,4.159999847412109,3.7368056774139404,30173600
2021-04-23,4.159999847412109,4.199999809265137,4.119999885559082,3.7727365493774414,24054100
2021-04-26,4.210000038146973,4.230000019073486,4.170000076293945,3.7727365493774414,33928800
2021-04-27,4.199999809265137,4.230000019073486,4.170000076293945,3.7907018661499023,29219000
2021-04-28,4.260000228881836,4.300000190734863,4.190000057220459,3.7727365493774414,30467300
2021-04-29,4.860000133514404,4.929999828338623,4.550000190734863,4.194924354553223,165782300
2021-04-30,4.760000228881836,4.829999923706055,4.630000114440918,4.203907012939453,67006400
2021-05-03,4.760000228881836,4.940000057220459,4.71999979019165,4.4105095863342285,73060400
2021-05-04,4.800000190734863,4.829999923706055,4.610000133514404,4.221872806549072,54431800
2021-05-05,4.789999961853027,4.849999904632568,4.760000228881836,4.311699390411377,39932100
2021-05-06,4.800000190734863,4.880000114440918,4.789999961853027,4.37457799911499,37305600
2021-05-07,5.019999980926514,5.179999828338623,4.980000019073486,4.581180572509766,75594600
2021-05-10,5.139999866485596,5.150000095367432,4.960000038146973,4.473388671875,56138800
2021-05-11,4.849999904632568,4.940000057220459,4.820000171661377,4.428473949432373,48344900
2021-05-12,4.849999904632568,4.880000114440918,4.690000057220459,4.2308549880981445,44321400
2021-05-13,4.760000228881836,4.789999961853027,4.659999847412109,4.266786098480225,34768600
2021-05-14,4.840000152587891,4.900000095367432,4.789999961853027,4.40152645111084,24306400
2021-05-17,4.880000114440918,4.929999828338623,4.860000133514404,4.4105095863342285,21961100
2021-05-18,4.989999771118164,5.070000171661377,4.949999809265137,4.473388671875,43302500
2021-05-19,4.900000095367432,4.96999979019165,4.889999866485596,4.437458038330078,27387100
2021-05-20,4.949999809265137,5.150000095367432,4.940000057220459,4.626093864440918,49555700
2021-05-21,5.150000095367432,5.159999847412109,5.039999961853027,4.5362677574157715,38946200
2021-05-24,5.039999961853027,5.090000152587891,5,4.50931978225708,20700400
2021-05-25,5.039999961853027,5.050000190734863,4.949999809265137,4.491353511810303,26384100
2021-05-26,4.929999828338623,5.03000020980835,4.920000076293945,4.44644021987915,46709100
2021-05-27,4.960000038146973,5.099999904632568,4.960000038146973,4.554232120513916,52034900
2021-05-28,5.199999809265137,5.289999961853027,5.139999866485596,4.635077476501465,68837800
2021-06-01,5.210000038146973,5.25,5.150000095367432,4.6620259284973145,29907300
2021-06-02,5.25,5.550000190734863,5.239999771118164,4.895575523376465,122532600
2021-06-03,5.599999904632568,5.690000057220459,5.409999847412109,4.922523021697998,100445400
2021-06-04,5.5,5.570000171661377,5.449999809265137,4.922523021697998,31582700
2021-06-07,5.480000019073486,5.630000114440918,5.449999809265137,5.039299011230469,46400100
2021-06-08,5.570000171661377,5.690000057220459,5.539999961853027,5.012350559234619,48799900
2021-06-09,5.550000190734863,5.610000133514404,5.46999979019165,4.931506156921387,45972000
2021-06-10,5.440000057220459,5.489999771118164,5.389999866485596,4.886592388153076,26553200
2021-06-11,5.480000019073486,5.5,5.389999866485596,4.877609729766846,20367500
2021-06-14,5.46999979019165,5.480000019073486,5.420000076293945,4.895575523376465,18049500
2021-06-15,5.429999828338623,5.440000057220459,5.28000020980835,4.751852512359619,28954100
2021-06-16,5.25,5.269999980926514,5.159999847412109,4.688971996307373,27315300
2021-06-17,5.150000095367432,5.25,5.119999885559082,4.635077476501465,21979300
2021-06-18,5.119999885559082,5.159999847412109,5.070000171661377,4.581180572509766,32587600
2021-06-21,5.119999885559082,5.139999866485596,5.090000152587891,4.581180572509766,17269200
2021-06-22,5.139999866485596,5.139999866485596,5.079999923706055,4.590162754058838,20408100
2021-06-23,5.110000133514404,5.139999866485596,5.050000190734863,4.5362677574157715,19223900
2021-06-24,5.170000076293945,5.179999828338623,5.110000133514404,4.6171112060546875,22525900
2021-06-25,5.300000190734863,5.650000095367432,5.300000190734863,4.895575523376465,80335300
2021-06-28,5.449999809265137,5.5,5.389999866485596,4.8506622314453125,32338100
2021-06-29,5.400000095367432,5.420000076293945,5.320000171661377,4.814730644226074,24817500
2021-06-30,5.340000152587891,5.349999904632568,5.289999961853027,4.7788004875183105,22820600
2021-07-01,5.389999866485596,5.409999847412109,5.329999923706055,4.823714256286621,20298900
2021-07-02,5.369999885559082,5.400000095367432,5.320000171661377,4.841678619384766,16496300
2021-07-06,5.480000019073486,5.480000019073486,5.329999923706055,4.868626594543457,22637400
2021-07-07,5.460000038146973,5.480000019073486,5.360000133514404,4.841678619384766,23180500
2021-07-08,5.320000171661377,5.420000076293945,5.28000020980835,4.859644412994385,27998400
2021-07-09,5.460000038146973,5.510000228881836,5.449999809265137,4.913541316986084,17011000
2021-07-12,5.460000038146973,5.46999979019165,5.360000133514404,4.823714256286621,17539900
2021-07-13,5.800000190734863,6,5.78000020980835,5.281832695007324,112928500
2021-07-14,5.96999979019165,6,5.840000152587891,5.245900630950928,53167000
2021-07-15,5.760000228881836,5.809999942779541,5.659999847412109,5.165057182312012,35647500
2021-07-16,5.760000228881836,5.789999961853027,5.670000076293945,5.102177619934082,24607200
2021-07-19,5.639999866485596,5.650000095367432,5.53000020980835,5.030315399169922,36996800
2021-07-20,5.650000095367432,5.829999923706055,5.639999866485596,5.2189531326293945,33724300
2021-07-21,5.860000133514404,5.960000038146973,5.769999980926514,5.209970951080322,31808000
2021-07-22,5.809999942779541,5.820000171661377,5.739999771118164,5.165057182312012,19818600
2021-07-23,5.78000020980835,5.809999942779541,5.730000019073486,5.165057182312012,16085400
2021-07-26,5.809999942779541,5.889999866485596,5.800000190734863,5.245900630950928,21145800
2021-07-27,5.840000152587891,5.849999904632568,5.710000038146973,5.165057182312012,28728700
2021-07-28,5.760000228881836,5.849999904632568,5.71999979019165,5.2189531326293945,25051900
2021-07-29,6.139999866485596,6.230000019073486,6.019999980926514,5.4345383644104,71235000
2021-07-30,6.070000171661377,6.139999866485596,6.010000228881836,5.461485862731934,33579100
2021-08-02,6.119999885559082,6.179999828338623,6.03000020980835,5.506398677825928,35358500
2021-08-03,6.21999979019165,6.289999961853027,6.179999828338623,5.650123119354248,31755700
2021-08-04,6.28000020980835,6.289999961853027,6.21999979019165,5.596226692199707,21965600
2021-08-05,6.25,6.260000228881836,6.170000076293945,5.560296535491943,15594700
2021-08-06,6.159999847412109,6.190000057220459,6.059999942779541,5.479450225830078,19933500
2021-08-09,6.079999923706055,6.139999866485596,6.070000171661377,5.479450225830078,15932800
2021-08-10,6.099999904632568,6.110000133514404,6.010000228881836,5.407589912414551,18532200
2021-08-11,6.010000228881836,6.03000020980835,5.96999979019165,5.407589912414551,19023600
2021-08-12,6.010000228881836,6.03000020980835,5.929999828338623,5.407589912414551,21993400
2021-08-13,6.059999942779541,6.150000095367432,6.039999961853027,5.497416973114014,13796100
2021-08-16,6.039999961853027,6.070000171661377,6.019999980926514,5.452502727508545,11390900
2021-08-17,6.03000020980835,6.059999942779541,5.900000095367432,5.335728168487549,22073200
2021-08-18,5.980000019073486,6.019999980926514,5.949999809265137,5.344710350036621,14948400
2021-08-19,5.820000171661377,5.909999847412109,5.78000020980835,5.290814399719238,24224800
2021-08-20,5.880000114440918,5.940000057220459,5.869999885559082,5.2997965812683105,12266100
2021-08-23,5.940000057220459,6.050000190734863,5.940000057220459,5.407589912414551,17737900
2021-08-24,6.019999980926514,6.090000152587891,5.989999771118164,5.4345383644104,17137700
2021-08-25,6.050000190734863,6.079999923706055,6.019999980926514,5.416571617126465,11193500
2021-08-26,6.059999942779541,6.099999904632568,5.989999771118164,5.380640983581543,15143000
2021-08-27,5.96999979019165,6.059999942779541,5.96999979019165,5.416571617126465,14302400
2021-08-30,6.039999961853027,6.090000152587891,6.019999980926514,5.4255547523498535,12747500
2021-08-31,6.019999980926514,6.03000020980835,5.949999809265137,5.353694438934326,16860500
2021-09-01,5.989999771118164,6.019999980926514,5.949999809265137,5.344710350036621,11898800
2021-09-02,6.03000020980835,6.070000171661377,6.010000228881836,5.443520545959473,13774800
2021-09-03,6.039999961853027,6.050000190734863,6.019999980926514,5.4255547523498535,9894300
2021-09-07,5.989999771118164,6.039999961853027,5.980000019073486,5.371658802032471,15367400
2021-09-08,5.980000019073486,6,5.889999866485596,5.290814399719238,15242900
2021-09-09,5.880000114440918,5.980000019073486,5.880000114440918,5.308780670166016,17186400
2021-09-10,5.929999828338623,5.96999979019165,5.820000171661377,5.2369184494018555,23802700
2021-09-13,5.840000152587891,5.849999904632568,5.730000019073486,5.174039840698242,25984600
2021-09-14,5.809999942779541,5.820000171661377,5.739999771118164,5.174039840698242,16905600
2021-09-15,5.690000057220459,5.690000057220459,5.579999923706055,5.039299011230469,25212400
2021-09-16,5.599999904632568,5.650000095367432,5.579999923706055,5.048281669616699,20818300
2021-09-17,5.559999942779541,5.570000171661377,5.46999979019165,4.940488338470459,21710000
2021-09-20,5.309999942779541,5.440000057220459,5.269999980926514,4.80574893951416,37440900
2021-09-21,5.46999979019165,5.480000019073486,5.360000133514404,4.841678619384766,26761700
2021-09-22,5.489999771118164,5.619999885559082,5.480000019073486,4.994386196136475,27086700
2021-09-23,5.570000171661377,5.619999885559082,5.550000190734863,5.012350559234619,16793300
2021-09-24,5.519999980926514,5.619999885559082,5.5,5.012350559234619,12200000
2021-09-27,5.599999904632568,5.659999847412109,5.590000152587891,5.05726432800293,12450900
2021-09-28,5.570000171661377,5.630000114440918,5.429999828338623,4.877609729766846,26288200
2021-09-29,5.460000038146973,5.5,5.380000114440918,4.877609729766846,17239600
2021-09-30,5.489999771118164,5.5,5.429999828338623,4.895575523376465,14617300
2021-10-01,5.5,5.510000228881836,5.389999866485596,4.904558181762695,35200500
2021-10-04,5.53000020980835,5.570000171661377,5.460000038146973,4.913541316986084,20779000
2021-10-05,5.579999923706055,5.679999828338623,5.570000171661377,5.084211826324463,17459800
2021-10-06,5.630000114440918,5.670000076293945,5.539999961853027,5.075230598449707,24246800
2021-10-07,5.71999979019165,5.800000190734863,5.710000038146973,5.1830220222473145,16933400
2021-10-08,5.849999904632568,5.880000114440918,5.78000020980835,5.209970951080322,16116500
2021-10-11,5.78000020980835,5.849999904632568,5.760000228881836,5.209970951080322,12405100
2021-10-12,5.829999923706055,5.849999904632568,5.78000020980835,5.209970951080322,17008300
2021-10-13,5.849999904632568,5.889999866485596,5.820000171661377,5.245900630950928,10745600
2021-10-14,5.929999828338623,5.96999979019165,5.909999847412109,5.344710350036621,13816600
2021-10-15,5.96999979019165,5.980000019073486,5.889999866485596,5.2997965812683105,12341800
2021-10-18,5.929999828338623,5.960000038146973,5.900000095367432,5.308780670166016,18052100
2021-10-19,5.909999847412109,5.929999828338623,5.840000152587891,5.254884243011475,18232400
2021-10-20,5.840000152587891,5.929999828338623,5.829999923706055,5.31776237487793,18194700
2021-10-21,5.920000076293945,5.96999979019165,5.900000095367432,5.344710350036621,15080400
2021-10-22,5.96999979019165,5.980000019073486,5.869999885559082,5.281832695007324,18971000
2021-10-25,5.699999809265137,5.760000228881836,5.639999866485596,5.084211826324463,29516000
2021-10-26,5.710000038146973,5.75,5.659999847412109,5.120142936706543,21496800
2021-10-27,5.789999961853027,5.820000171661377,5.739999771118164,5.174039840698242,15961200
2021-10-28,5.980000019073486,5.980000019073486,5.769999980926514,5.227935314178467,35044400
2021-10-29,5.71999979019165,5.769999980926514,5.650000095367432,5.102177619934082,21221300
2021-11-01,5.599999904632568,5.690000057220459,5.559999942779541,5.111160755157471,22731400
2021-11-02,5.630000114440918,5.650000095367432,5.550000190734863,4.994386196136475,17793500
2021-11-03,5.639999866485596,5.769999980926514,5.610000133514404,5.1830220222473145,19821100
2021-11-04,5.760000228881836,5.78000020980835,5.659999847412109,5.129125595092773,17463100
2021-11-05,5.730000019073486,5.800000190734863,5.699999809265137,5.1830220222473145,17859500
2021-11-08,5.869999885559082,5.900000095367432,5.800000190734863,5.263866901397705,19162300
2021-11-09,5.840000152587891,5.860000133514404,5.769999980926514,5.200987339019775,20290700
2021-11-10,5.739999771118164,5.820000171661377,5.650000095367432,5.120142936706543,19309100
2021-11-11,5.690000057220459,5.75,5.679999828338623,5.129125595092773,13777600
2021-11-12,5.699999809265137,5.739999771118164,5.679999828338623,5.102177619934082,11165000
2021-11-15,5.610000133514404,5.630000114440918,5.570000171661377,5.021333694458008,15312100
2021-11-16,5.599999904632568,5.630000114440918,5.579999923706055,5.021333694458008,15059200
2021-11-17,5.590000152587891,5.739999771118164,5.579999923706055,5.102177619934082,16380600
2021-11-18,5.679999828338623,5.840000152587891,5.619999885559082,5.2369184494018555,30949000
2021-11-19,5.809999942779541,5.889999866485596,5.800000190734863,5.2189531326293945,21261100
2021-11-22,5.800000190734863,5.849999904632568,5.679999828338623,5.102177619934082,17477300
2021-11-23,5.71999979019165,5.760000228881836,5.630000114440918,5.138108253479004,25194100
2021-11-24,5.659999847412109,5.78000020980835,5.650000095367432,5.174039840698242,13151100
2021-11-26,5.610000133514404,5.650000095367432,5.480000019073486,4.985402584075928,21427900
2021-11-29,5.610000133514404,5.659999847412109,5.579999923706055,5.048281669616699,12154900
2021-11-30,5.619999885559082,5.630000114440918,5.480000019073486,5.030315399169922,34600400
2021-12-01,5.659999847412109,5.769999980926514,5.559999942779541,4.994386196136475,25094700
2021-12-02,5.590000152587891,5.789999961853027,5.579999923706055,5.156073570251465,37630500
2021-12-03,5.739999771118164,5.760000228881836,5.590000152587891,5.084211826324463,27178700
2021-12-06,5.650000095367432,5.71999979019165,5.519999980926514,5.111160755157471,22973500
2021-12-07,5.710000038146973,5.980000019073486,5.690000057220459,5.2997965812683105,34604200
2021-12-08,5.889999866485596,5.929999828338623,5.820000171661377,5.263866901397705,18388700
2021-12-09,5.929999828338623,6.059999942779541,5.909999847412109,5.380640983581543,31584000
2021-12-10,6.019999980926514,6.050000190734863,5.960000038146973,5.407589912414551,18091100
2021-12-13,5.989999771118164,6.039999961853027,5.960000038146973,5.371658802032471,21072800
2021-12-14,5.949999809265137,5.989999771118164,5.889999866485596,5.353694438934326,19633000
2021-12-15,5.960000038146973,6.150000095367432,5.920000076293945,5.506398677825928,26636000
2021-12-16,6.099999904632568,6.139999866485596,6.03000020980835,5.443520545959473,32010000
2021-12-17,5.989999771118164,6.070000171661377,5.960000038146973,5.398606300354004,25637100
2021-12-20,5.980000019073486,5.989999771118164,5.840000152587891,5.308780670166016,18759900
2021-12-21,5.909999847412109,5.980000019073486,5.889999866485596,5.36267614364624,15204500
2021-12-22,5.989999771118164,6.150000095367432,5.980000019073486,5.515381813049316,20772700
2021-12-23,6.199999809265137,6.25,6.179999828338623,5.560296535491943,13625900
2021-12-27,6.28000020980835,6.349999904632568,6.239999771118164,5.695035934448242,15681700
2021-12-28,6.369999885559082,6.400000095367432,6.28000020980835,5.6591057777404785,12315300
2021-12-29,6.28000020980835,6.309999942779541,6.260000228881836,5.650123119354248,9834900
2021-12-30,6.289999961853027,6.320000171661377,6.260000228881836,5.623176097869873,12171400
2021-12-31,6.25,6.269999980926514,6.159999847412109,5.587244033813477,10957100
2022-01-03,6.320000171661377,6.329999923706055,6.230000019073486,5.650123119354248,22991400
2022-01-04,6.300000190734863,6.309999942779541,6.21999979019165,5.614192962646484,21344900
2022-01-05,6.260000228881836,6.340000152587891,6.130000114440918,5.515381813049316,27541300
2022-01-06,6.090000152587891,6.159999847412109,6.019999980926514,5.497416973114014,27604400
2022-01-07,6.150000095367432,6.190000057220459,6.079999923706055,5.479450225830078,25342500
2022-01-10,6.079999923706055,6.179999828338623,6.039999961853027,5.542329788208008,21384500
2022-01-11,6.139999866485596,6.260000228881836,6.099999904632568,5.605209827423096,27926600
2022-01-12,6.190000057220459,6.21999979019165,6.070000171661377,5.470468997955322,28582000
2022-01-13,6.010000228881836,6.039999961853027,5.880000114440918,5.290814399719238,29341500
2022-01-14,5.869999885559082,5.929999828338623,5.809999942779541,5.326745510101318,27200500
2022-01-18,5.880000114440918,5.880000114440918,5.739999771118164,5.165057182312012,25236800
2022-01-19,5.800000190734863,5.840000152587891,5.71999979019165,5.156073570251465,23791200
2022-01-20,5.75,5.800000190734863,5.630000114440918,5.05726432800293,25855700
2022-01-21,5.610000133514404,5.690000057220459,5.510000228881836,4.949471473693848,64116800
2022-01-24,5.400000095367432,5.510000228881836,5.260000228881836,4.931506156921387,44962300
2022-01-25,5.519999980926514,5.630000114440918,5.46999979019165,5.003368854522705,37207600
2022-01-26,5.699999809265137,5.710000038146973,5.510000228881836,5.012350559234619,30882900
2022-01-27,5.639999866485596,5.690000057220459,5.550000190734863,5.021333694458008,44196400
2022-01-28,5.630000114440918,5.71999979019165,5.510000228881836,5.138108253479004,33370700
2022-01-31,5.800000190734863,5.929999828338623,5.789999961853027,5.2997965812683105,25122600
2022-02-01,5.920000076293945,5.949999809265137,5.860000133514404,5.335728168487549,25378700
2022-02-02,5.949999809265137,6,5.929999828338623,5.36267614364624,31203900
2022-02-03,5.840000152587891,5.909999847412109,5.71999979019165,5.138108253479004,32235300
2022-02-04,5.730000019073486,5.78000020980835,5.659999847412109,5.129125595092773,24880000
2022-02-07,5.650000095367432,5.769999980926514,5.650000095367432,5.147090435028076,23069500
2022-02-08,5.670000076293945,5.71999979019165,5.659999847412109,5.111160755157471,15663800
2022-02-09,5.730000019073486,5.769999980926514,5.710000038146973,5.1830220222473145,13622400
2022-02-10,5.670000076293945,5.769999980926514,5.630000114440918,5.075230598449707,21150500
2022-02-11,5.670000076293945,5.739999771118164,5.519999980926514,4.976419925689697,28640500
2022-02-14,5.480000019073486,5.5,5.360000133514404,4.877609729766846,27289200
2022-02-15,5.510000228881836,5.619999885559082,5.510000228881836,5.030315399169922,29911500
2022-02-16,5.739999771118164,5.849999904632568,5.739999771118164,5.245900630950928,27841300
2022-02-17,5.739999771118164,5.78000020980835,5.619999885559082,5.075230598449707,21700700
2022-02-18,5.690000057220459,5.710000038146973,5.610000133514404,5.084211826324463,26626000
2022-02-22,5.510000228881836,5.599999904632568,5.440000057220459,4.949471473693848,33156700
2022-02-23,5.559999942779541,5.579999923706055,5.369999885559082,4.832696437835693,40536600
2022-02-24,5.130000114440918,5.400000095367432,5.119999885559082,4.841678619384766,46599900
2022-02-25,5.440000057220459,5.489999771118164,5.409999847412109,4.886592388153076,38478900
2022-02-28,5.340000152587891,5.420000076293945,5.269999980926514,4.80574893951416,36567100
2022-03-01,5.289999961853027,5.309999942779541,5.139999866485596,4.653042793273926,37545500
2022-03-02,5.230000019073486,5.369999885559082,5.179999828338623,4.787783145904541,28706000
2022-03-03,5.150000095367432,5.170000076293945,4.940000057220459,4.455423355102539,51214000
2022-03-04,4.75,4.849999904632568,4.739999771118164,4.311699390411377,34027800
2022-03-07,4.760000228881836,4.78000020980835,4.510000228881836,4.06916618347168,47979400
2022-03-08,4.71999979019165,4.820000171661377,4.610000133514404,4.2308549880981445,50710900
2022-03-09,4.900000095367432,4.960000038146973,4.840000152587891,4.4105095863342285,36989000
2022-03-10,4.860000133514404,4.920000076293945,4.800000190734863,4.3566131591796875,25449600
2022-03-11,4.960000038146973,4.980000019073486,4.809999942779541,4.320681571960449,24625700
2022-03-14,5.050000190734863,5.099999904632568,4.980000019073486,4.50931978225708,36673600
2022-03-15,5.070000171661377,5.099999904632568,5.019999980926514,4.581180572509766,26503800
2022-03-16,5.239999771118164,5.260000228881836,5.099999904632568,4.724905490875244,32842100
2022-03-17,5.269999980926514,5.329999923706055,5.239999771118164,4.7788004875183105,22962000
2022-03-18,5.21999979019165,5.340000152587891,5.21999979019165,4.787783145904541,20828300
2022-03-21,5.329999923706055,5.360000133514404,5.260000228881836,4.760834693908691,20785300
2022-03-22,5.360000133514404,5.389999866485596,5.320000171661377,4.823714256286621,25156700
2022-03-23,5.309999942779541,5.340000152587891,5.25,4.742868900299072,17479200
2022-03-24,5.300000190734863,5.360000133514404,5.28000020980835,4.796765327453613,17752300
2022-03-25,5.329999923706055,5.380000114440918,5.309999942779541,4.823714256286621,18601200
2022-03-28,5.369999885559082,5.400000095367432,5.320000171661377,4.841678619384766,17026300
2022-03-29,5.559999942779541,5.579999923706055,5.46999979019165,4.967437267303467,23298200
2022-03-30,5.550000190734863,5.599999904632568,5.53000020980835,4.967437267303467,25986500
2022-03-31,5.519999980926514,5.539999961853027,5.460000038146973,4.904558181762695,18254600
2022-04-01,5.53000020980835,5.550000190734863,5.480000019073486,4.985402584075928,17550400
2022-04-04,5.570000171661377,5.590000152587891,5.550000190734863,5.021333694458008,14702400
2022-04-05,5.559999942779541,5.570000171661377,5.5,4.958454608917236,26184200
2022-04-06,5.460000038146973,5.46999979019165,5.360000133514404,4.859644412994385,24163800
2022-04-07,5.429999828338623,5.449999809265137,5.349999904632568,4.886592388153076,22521000
2022-04-08,5.409999847412109,5.449999809265137,5.360000133514404,4.823714256286621,16916400
2022-04-11,5.329999923706055,5.360000133514404,5.28000020980835,4.751852512359619,19077300
2022-04-12,5.269999980926514,5.309999942779541,5.150000095367432,4.653042793273926,22544600
2022-04-13,5.21999979019165,5.25,5.179999828338623,4.715920925140381,22584400
2022-04-14,5.239999771118164,5.269999980926514,5.099999904632568,4.590162754058838,21080800
2022-04-18,5.070000171661377,5.130000114440918,5.03000020980835,4.581180572509766,15062300
2022-04-19,5.150000095367432,5.230000019073486,5.139999866485596,4.67100715637207,24988700
2022-04-20,5.329999923706055,5.349999904632568,5.289999961853027,4.787783145904541,28273200
2022-04-21,5.400000095367432,5.409999847412109,5.269999980926514,4.733886241912842,30061800
2022-04-22,5.28000020980835,5.28000020980835,5.119999885559082,4.6171112060546875,34457000
2022-04-25,5.119999885559082,5.21999979019165,5.079999923706055,4.679990768432617,40947400
2022-04-26,5.210000038146973,5.21999979019165,5.079999923706055,4.572198390960693,31870800
2022-04-27,5.070000171661377,5.110000133514404,5,4.527283668518066,45674900
2022-04-28,5.03000020980835,5.039999961853027,4.75,4.40152645111084,60763600
2022-04-29,5.059999942779541,5.119999885559082,5.03000020980835,4.527283668518066,42409400
2022-05-02,4.96999979019165,5.139999866485596,4.960000038146973,4.627409934997559,56168800
2022-05-03,5.139999866485596,5.28000020980835,5.130000114440918,4.717612266540527,46478000
2022-05-04,5.190000057220459,5.340000152587891,5.159999847412109,4.8078155517578125,28011200
2022-05-05,5.179999828338623,5.21999979019165,5.070000171661377,4.609369277954102,45501500
2022-05-06,5.039999961853027,5.050000190734863,4.929999828338623,4.474064826965332,42865200
2022-05-09,4.849999904632568,4.889999866485596,4.760000228881836,4.311698913574219,38416100
2022-05-10,4.840000152587891,4.860000133514404,4.730000019073486,4.338759899139404,39593100
2022-05-11,4.800000190734863,4.889999866485596,4.690000057220459,4.230515956878662,47786100
2022-05-12,4.630000114440918,4.71999979019165,4.579999923706055,4.2124762535095215,48509900
2022-05-13,4.789999961853027,4.909999847412109,4.789999961853027,4.401902675628662,25335500
2022-05-16,4.880000114440918,4.920000076293945,4.840000152587891,4.401902675628662,31238000
2022-05-17,4.960000038146973,5.050000190734863,4.949999809265137,4.546226501464844,26692600
2022-05-18,5,5.019999980926514,4.829999923706055,4.383861064910889,35275200
2022-05-19,4.769999980926514,4.869999885559082,4.730000019073486,4.32974100112915,41833300
2022-05-20,4.880000114440918,4.900000095367432,4.71999979019165,4.3568010330200195,36037700
2022-05-23,4.880000114440918,4.960000038146973,4.840000152587891,4.447003364562988,30988400
2022-05-24,4.900000095367432,4.929999828338623,4.860000133514404,4.419943332672119,33970800
2022-05-25,4.880000114440918,4.960000038146973,4.860000133514404,4.447003364562988,33097900
2022-05-26,4.940000057220459,5.110000133514404,4.940000057220459,4.591329097747803,36661500
2022-05-27,5.099999904632568,5.150000095367432,5.070000171661377,4.636429786682129,19403100
2022-05-31,5.039999961853027,5.070000171661377,4.989999771118164,4.519166469573975,33552200
2022-06-01,5.010000228881836,5.039999961853027,4.920000076293945,4.483083248138428,38040600
2022-06-02,4.989999771118164,5.090000152587891,4.960000038146973,4.591329097747803,28923800
2022-06-03,5.03000020980835,5.059999942779541,5,4.546226501464844,29687900
2022-06-06,5.059999942779541,5.090000152587891,4.989999771118164,4.510145664215088,32119400
2022-06-07,4.989999771118164,5.070000171661377,4.960000038146973,4.5732879638671875,28128000
2022-06-08,5.010000228881836,5.050000190734863,4.989999771118164,4.519166469573975,24280400
2022-06-09,4.949999809265137,4.980000019073486,4.849999904632568,4.374841690063477,35493900
2022-06-10,4.739999771118164,4.760000228881836,4.679999828338623,4.239536762237549,45863300
2022-06-13,4.630000114440918,4.670000076293945,4.559999942779541,4.1222734451293945,46380400
2022-06-14,4.760000228881836,4.78000020980835,4.630000114440918,4.2124762535095215,41501400
2022-06-15,4.710000038146973,4.820000171661377,4.659999847412109,4.293658256530762,41937200
2022-06-16,4.619999885559082,4.650000095367432,4.559999942779541,4.131293773651123,51041800
2022-06-17,4.650000095367432,4.670000076293945,4.550000190734863,4.14031457901001,53596800
2022-06-21,4.730000019073486,4.78000020980835,4.699999809265137,4.248558044433594,28100300
2022-06-22,4.679999828338623,4.739999771118164,4.670000076293945,4.22149658203125,38534800
2022-06-23,4.639999866485596,4.679999828338623,4.579999923706055,4.2124762535095215,41369400
2022-06-24,4.690000057220459,4.829999923706055,4.679999828338623,4.338759899139404,22890000
2022-06-27,4.840000152587891,4.869999885559082,4.78000020980835,4.347780704498291,30702300
2022-06-28,4.840000152587891,4.869999885559082,4.739999771118164,4.28463888168335,31195000
2022-06-29,4.760000228881836,4.769999980926514,4.679999828338623,4.248558044433594,30976400
2022-06-30,4.599999904632568,4.650000095367432,4.550000190734863,4.158354759216309,29242000
2022-07-01,4.610000133514404,4.659999847412109,4.539999961853027,4.203455448150635,31178700
2022-07-05,4.46999979019165,4.550000190734863,4.409999847412109,4.1042327880859375,39648300
2022-07-06,4.510000228881836,4.579999923706055,4.480000019073486,4.113253116607666,27760300
2022-07-07,4.579999923706055,4.639999866485596,4.570000171661377,4.176394939422607,15795400
2022-07-08,4.610000133514404,4.690000057220459,4.590000152587891,4.1944355964660645,15861400
2022-07-11,4.590000152587891,4.659999847412109,4.579999923706055,4.158354759216309,19140000
2022-07-12,4.599999904632568,4.650000095367432,4.559999942779541,4.1222734451293945,21726900
2022-07-13,4.519999980926514,4.610000133514404,4.510000228881836,4.149333953857422,24229500
2022-07-14,4.440000057220459,4.46999979019165,4.369999885559082,4.023050308227539,29844500
2022-07-15,4.53000020980835,4.610000133514404,4.5,4.158354759216309,19344900
2022-07-18,4.630000114440918,4.659999847412109,4.559999942779541,4.1222734451293945,23160100
2022-07-19,4.570000171661377,4.690000057220459,4.559999942779541,4.22149658203125,20809600
2022-07-20,4.679999828338623,4.71999979019165,4.639999866485596,4.239536762237549,22249300
2022-07-21,4.96999979019165,5.139999866485596,4.960000038146973,4.618389129638672,37441000
2022-07-22,5.090000152587891,5.159999847412109,5.079999923706055,4.600348472595215,25884900
2022-07-25,5.119999885559082,5.170000076293945,5.079999923706055,4.62751579284668,23800700
2022-07-26,5.079999923706055,5.090000152587891,5.03000020980835,4.564125061035156,17309100
2022-07-27,5.119999885559082,5.210000038146973,5.099999904632568,4.681851387023926,23703400
2022-07-28,5.150000095367432,5.199999809265137,5.130000114440918,4.709018230438232,18611600
2022-07-29,5.190000057220459,5.199999809265137,5.150000095367432,4.690907001495361,16225000
2022-08-01,5.21999979019165,5.269999980926514,5.190000057220459,4.7361860275268555,27484300
2022-08-02,5.170000076293945,5.210000038146973,5.150000095367432,4.663739204406738,29076500
2022-08-03,5.170000076293945,5.21999979019165,5.150000095367432,4.727128982543945,24190200
2022-08-04,5.210000038146973,5.260000228881836,5.199999809265137,4.7361860275268555,22341600
2022-08-05,5.150000095367432,5.260000228881836,5.139999866485596,4.76335334777832,30402400
2022-08-08,5.21999979019165,5.28000020980835,5.179999828338623,4.709018230438232,26467600
2022-08-09,5.179999828338623,5.190000057220459,5.070000171661377,4.600348949432373,25100300
2022-08-10,5.199999809265137,5.21999979019165,5.159999847412109,4.718074798583984,17977300
2022-08-11,5.210000038146973,5.25,5.190000057220459,4.718074798583984,21254200
2022-08-12,5.170000076293945,5.210000038146973,5.159999847412109,4.718074798583984,16518900
2022-08-15,5.099999904632568,5.130000114440918,5.059999942779541,4.62751579284668,22269500
2022-08-16,5.099999904632568,5.179999828338623,5.090000152587891,4.681851387023926,21870800
2022-08-17,5.119999885559082,5.130000114440918,5.019999980926514,4.582237243652344,25897200
2022-08-18,5.070000171661377,5.130000114440918,5.039999961853027,4.645627975463867,15329500
2022-08-19,5.050000190734863,5.079999923706055,5,4.564125061035156,27616300
2022-08-22,4.949999809265137,4.960000038146973,4.909999847412109,4.4826226234436035,27471700
2022-08-23,4.909999847412109,5.010000228881836,4.909999847412109,4.473567962646484,35087100
2022-08-24,4.909999847412109,4.989999771118164,4.900000095367432,4.4826226234436035,25349200
2022-08-25,4.980000019073486,5.070000171661377,4.96999979019165,4.591292858123779,26456700
2022-08-26,5.019999980926514,5.059999942779541,4.869999885559082,4.4101762771606445,44135600
2022-08-29,4.820000171661377,4.860000133514404,4.800000190734863,4.355841636657715,32945500
2022-08-30,4.860000133514404,4.880000114440918,4.789999961853027,4.364898681640625,25572400
2022-08-31,5.039999961853027,5.090000152587891,5.03000020980835,4.57318115234375,39526900
2022-09-01,5,5.019999980926514,4.909999847412109,4.509791374206543,29130100
2022-09-02,5.050000190734863,5.079999923706055,4.920000076293945,4.464511394500732,34458000
2022-09-06,4.96999979019165,4.980000019073486,4.880000114440918,4.455455303192139,30641000
2022-09-07,4.940000057220459,5.010000228881836,4.909999847412109,4.527903079986572,21416600
2022-09-08,4.920000076293945,5.010000228881836,4.900000095367432,4.527903079986572,23650700
2022-09-09,5.050000190734863,5.099999904632568,5.039999961853027,4.591292858123779,17638500
2022-09-12,5.139999866485596,5.190000057220459,5.110000133514404,4.645627975463867,21401800
2022-09-13,5.070000171661377,5.090000152587891,4.960000038146973,4.4916791915893555,23910300
2022-09-14,4.940000057220459,4.980000019073486,4.889999866485596,4.473567962646484,24689800
2022-09-15,4.909999847412109,4.940000057220459,4.860000133514404,4.4101762771606445,22873500
2022-09-16,4.730000019073486,4.769999980926514,4.590000152587891,4.192837238311768,58161100
2022-09-19,4.550000190734863,4.690000057220459,4.550000190734863,4.238116264343262,25387800
2022-09-20,4.579999923706055,4.630000114440918,4.559999942779541,4.156615257263184,13963600
2022-09-21,4.550000190734863,4.630000114440918,4.5,4.075112342834473,19343200
2022-09-22,4.489999771118164,4.5,4.420000076293945,4.020777225494385,23289000
2022-09-23,4.289999961853027,4.320000171661377,4.21999979019165,3.8577730655670166,32212500
2022-09-26,4.239999771118164,4.300000190734863,4.199999809265137,3.839661121368408,23056400
2022-09-27,4.289999961853027,4.320000171661377,4.190000057220459,3.821549415588379,24358700
2022-09-28,4.260000228881836,4.369999885559082,4.239999771118164,3.9483306407928467,22930100
2022-09-29,4.28000020980835,4.289999961853027,4.210000038146973,3.875884771347046,19736200
2022-09-30,4.260000228881836,4.340000152587891,4.260000228881836,3.8668291568756104,16814300
2022-10-03,4.360000133514404,4.449999809265137,4.329999923706055,3.9754977226257324,22992300
2022-10-04,4.539999961853027,4.619999885559082,4.53000020980835,4.174726486206055,21365700
2022-10-05,4.539999961853027,4.610000133514404,4.510000228881836,4.129446506500244,17768000
2022-10-06,4.510000228881836,4.550000190734863,4.480000019073486,4.084167957305908,18371200
2022-10-07,4.440000057220459,4.449999809265137,4.389999866485596,4.002666473388672,19125100
2022-10-10,4.409999847412109,4.420000076293945,4.320000171661377,3.9392755031585693,15831700
2022-10-11,4.360000133514404,4.400000095367432,4.289999961853027,3.9030513763427734,21482800
2022-10-12,4.369999885559082,4.409999847412109,4.349999904632568,3.9392755031585693,19241100
2022-10-13,4.360000133514404,4.539999961853027,4.320000171661377,4.093223571777344,38366500
2022-10-14,4.550000190734863,4.570000171661377,4.429999828338623,4.0298333168029785,29990100
2022-10-17,4.610000133514404,4.659999847412109,4.559999942779541,4.147558689117432,39444600
2022-10-18,4.71999979019165,4.730000019073486,4.619999885559082,4.210948944091797,46038800
2022-10-19,4.610000133514404,4.639999866485596,4.53000020980835,4.129446506500244,34254500
2022-10-20,4.230000019073486,4.329999923706055,4.079999923706055,3.767214775085449,62443200
2022-10-21,4.139999866485596,4.25,4.130000114440918,3.8487162590026855,36983900
2022-10-24,4.28000020980835,4.340000152587891,4.239999771118164,3.903308868408203,38255600
2022-10-25,4.340000152587891,4.460000038146973,4.320000171661377,4.0124921798706055,31484900
2022-10-26,4.409999847412109,4.489999771118164,4.409999847412109,4.030689239501953,30466100
2022-10-27,4.460000038146973,4.480000019073486,4.360000133514404,3.966999053955078,25420500
2022-10-28,4.400000095367432,4.449999809265137,4.360000133514404,4.039787292480469,20281800
2022-10-31,4.380000114440918,4.440000057220459,4.369999885559082,4.003393650054932,20751600
2022-11-01,4.440000057220459,4.46999979019165,4.389999866485596,4.021590709686279,26239700
2022-11-02,4.400000095367432,4.480000019073486,4.329999923706055,3.9488019943237305,22668100
2022-11-03,4.28000020980835,4.289999961853027,4.21999979019165,3.83961820602417,25378600
2022-11-04,4.340000152587891,4.400000095367432,4.300000190734863,3.976097583770752,27027400
2022-11-07,4.380000114440918,4.429999828338623,4.360000133514404,4.0124921798706055,16964900
2022-11-08,4.489999771118164,4.519999980926514,4.420000076293945,4.057984828948975,30153200
2022-11-09,4.440000057220459,4.480000019073486,4.380000114440918,3.985196590423584,20954100
2022-11-10,4.559999942779541,4.650000095367432,4.519999980926514,4.2217607498168945,27145400
2022-11-11,4.659999847412109,4.78000020980835,4.639999866485596,4.321845054626465,24509000
2022-11-14,4.739999771118164,4.789999961853027,4.71999979019165,4.312747001647949,19614000
2022-11-15,4.809999942779541,4.869999885559082,4.75,4.367339134216309,36392600
2022-11-16,4.789999961853027,4.800000190734863,4.699999809265137,4.2854509353637695,21253000
2022-11-17,4.639999866485596,4.739999771118164,4.639999866485596,4.303647518157959,29736200
2022-11-18,4.800000190734863,4.840000152587891,4.78000020980835,4.358240127563477,19713400
2022-11-21,4.710000038146973,4.760000228881836,4.699999809265137,4.2854509353637695,18587100
2022-11-22,4.730000019073486,4.78000020980835,4.730000019073486,4.349141597747803,12850000
2022-11-23,4.789999961853027,4.840000152587891,4.78000020980835,4.358240127563477,14094600
2022-11-25,4.809999942779541,4.849999904632568,4.800000190734863,4.385535717010498,8939500
2022-11-28,4.789999961853027,4.800000190734863,4.690000057220459,4.276352405548096,15059300
2022-11-29,4.699999809265137,4.739999771118164,4.679999828338623,4.312747001647949,18886600
2022-11-30,4.760000228881836,4.929999828338623,4.730000019073486,4.485620021820068,28737400
2022-12-01,5,5.019999980926514,4.96999979019165,4.549310684204102,21165600
2022-12-02,5,5.079999923706055,5,4.594804763793945,17839200
2022-12-05,4.989999771118164,5.019999980926514,4.929999828338623,4.4947190284729,17868800
2022-12-06,4.929999828338623,4.929999828338623,4.840000152587891,4.431028842926025,12124100
2022-12-07,4.829999923706055,4.869999885559082,4.789999961853027,4.385535717010498,12609100
2022-12-08,4.789999961853027,4.909999847412109,4.78000020980835,4.458324909210205,16289200
2022-12-09,4.929999828338623,4.960000038146973,4.880000114440918,4.449226379394531,12798300
2022-12-12,4.880000114440918,4.949999809265137,4.840000152587891,4.485620021820068,16219900
2022-12-13,5.099999904632568,5.110000133514404,4.960000038146973,4.540212154388428,29738000
2022-12-14,4.960000038146973,5.039999961853027,4.949999809265137,4.540212154388428,18442200
2022-12-15,4.929999828338623,4.940000057220459,4.789999961853027,4.358240127563477,20198600
2022-12-16,4.650000095367432,4.679999828338623,4.590000152587891,4.2126617431640625,24790700
2022-12-19,4.650000095367432,4.670000076293945,4.579999923706055,4.185366630554199,15722400
2022-12-20,4.579999923706055,4.619999885559082,4.579999923706055,4.167168617248535,12170400
2022-12-21,4.599999904632568,4.639999866485596,4.579999923706055,4.2217607498168945,11778600
2022-12-22,4.599999904632568,4.630000114440918,4.550000190734863,4.194464683532715,13842700
2022-12-23,4.599999904632568,4.639999866485596,4.590000152587891,4.2217607498168945,14380800
2022-12-27,4.619999885559082,4.659999847412109,4.599999904632568,4.203563213348389,10887300
2022-12-28,4.599999904632568,4.630000114440918,4.559999942779541,4.148972034454346,13125000
2022-12-29,4.610000133514404,4.690000057220459,4.599999904632568,4.258154392242432,9429600
2022-12-30,4.630000114440918,4.650000095367432,4.599999904632568,4.2217607498168945,11284100
2023-01-03,4.679999828338623,4.739999771118164,4.659999847412109,4.267253875732422,16376000
2023-01-04,4.789999961853027,4.800000190734863,4.71999979019165,4.303647518157959,16084400
2023-01-05,4.71999979019165,4.739999771118164,4.679999828338623,4.267253875732422,15254700
2023-01-06,4.710000038146973,4.829999923706055,4.659999847412109,4.394634246826172,15914000
2023-01-09,4.880000114440918,4.940000057220459,4.840000152587891,4.403733253479004,15697100
2023-01-10,4.860000133514404,4.889999866485596,4.829999923706055,4.431028842926025,16100000
2023-01-11,4.929999828338623,4.949999809265137,4.900000095367432,4.4947190284729,13610300
2023-01-12,4.960000038146973,5.019999980926514,4.920000076293945,4.567507743835449,21659200
2023-01-13,5,5.039999961853027,4.989999771118164,4.576606750488281,11615200
2023-01-17,4.900000095367432,4.909999847412109,4.800000190734863,4.385535717010498,20603300
2023-01-18,4.880000114440918,4.889999866485596,4.769999980926514,4.349141597747803,21832800
2023-01-19,4.739999771118164,4.75,4.679999828338623,4.258154392242432,24123700
2023-01-20,4.590000152587891,4.619999885559082,4.510000228881836,4.194464683532715,34214500
2023-01-23,4.619999885559082,4.670000076293945,4.610000133514404,4.2126617431640625,34445300
2023-01-24,4.570000171661377,4.610000133514404,4.519999980926514,4.139873504638672,37969500
2023-01-25,4.590000152587891,4.650000095367432,4.550000190734863,4.2126617431640625,29042000
2023-01-26,4.78000020980835,4.860000133514404,4.730000019073486,4.376437187194824,27243000
2023-01-27,4.769999980926514,4.789999961853027,4.730000019073486,4.303647518157959,18603400
2023-01-30,4.75,4.800000190734863,4.739999771118164,4.332900047302246,17922700
2023-01-31,4.679999828338623,4.760000228881836,4.670000076293945,4.351182460784912,16825000
2023-02-01,4.739999771118164,4.889999866485596,4.71999979019165,4.442594051361084,21421800
2023-02-02,4.889999866485596,4.940000057220459,4.860000133514404,4.497440814971924,24020600
2023-02-03,4.829999923706055,4.860000133514404,4.769999980926514,4.378604412078857,25556300
2023-02-06,4.71999979019165,4.71999979019165,4.650000095367432,4.268911838531494,14072000
2023-02-07,4.630000114440918,4.730000019073486,4.630000114440918,4.296335220336914,14989100
2023-02-08,4.710000038146973,4.71999979019165,4.659999847412109,4.278052806854248,12058000
2023-02-09,4.71999979019165,4.71999979019165,4.650000095367432,4.268911838531494,17858700
2023-02-10,4.630000114440918,4.679999828338623,4.619999885559082,4.25977087020874,13374400
2023-02-13,4.630000114440918,4.690000057220459,4.630000114440918,4.278052806854248,9235400
2023-02-14,4.670000076293945,4.730000019073486,4.650000095367432,4.268911838531494,14331600
2023-02-15,4.670000076293945,4.739999771118164,4.659999847412109,4.32375955581665,13299900
2023-02-16,4.710000038146973,4.769999980926514,4.710000038146973,4.32375955581665,12438500
2023-02-17,4.71999979019165,4.78000020980835,4.710000038146973,4.360323429107666,14197500
2023-02-21,4.730000019073486,4.75,4.659999847412109,4.268911838531494,11667600
2023-02-22,4.679999828338623,4.690000057220459,4.619999885559082,4.250629901885986,12835600
2023-02-23,4.690000057220459,4.710000038146973,4.619999885559082,4.250629901885986,15513300
2023-02-24,4.599999904632568,4.619999885559082,4.550000190734863,4.186642169952393,14452900
2023-02-27,4.679999828338623,4.710000038146973,4.639999866485596,4.268911838531494,18983400
2023-02-28,4.630000114440918,4.670000076293945,4.590000152587891,4.2049241065979,17313000
2023-03-01,4.659999847412109,4.670000076293945,4.599999904632568,4.2049241065979,12521500
2023-03-02,4.599999904632568,4.699999809265137,4.590000152587891,4.278052806854248,18506300
2023-03-03,4.809999942779541,4.849999904632568,4.78000020980835,4.406029224395752,18684000
2023-03-06,4.829999923706055,4.849999904632568,4.789999961853027,4.378604412078857,12610600
2023-03-07,4.840000152587891,4.849999904632568,4.71999979019165,4.332900047302246,15330000
2023-03-08,4.710000038146973,4.760000228881836,4.699999809265137,4.351182460784912,12224900
2023-03-09,4.760000228881836,4.829999923706055,4.739999771118164,4.332900047302246,14506800
2023-03-10,4.769999980926514,4.78000020980835,4.670000076293945,4.287193298339844,17299600
2023-03-13,4.619999885559082,4.710000038146973,4.599999904632568,4.25977087020874,26853200
2023-03-14,4.699999809265137,4.71999979019165,4.639999866485596,4.278052806854248,16037300
2023-03-15,4.429999828338623,4.510000228881836,4.420000076293945,4.104371547698975,27691900
2023-03-16,4.440000057220459,4.579999923706055,4.429999828338623,4.1775007247924805,19692500
2023-03-17,4.510000228881836,4.53000020980835,4.460000038146973,4.1317949295043945,16919500
2023-03-20,4.590000152587891,4.610000133514404,4.539999961853027,4.1775007247924805,14783000
2023-03-21,4.659999847412109,4.679999828338623,4.639999866485596,4.250629901885986,14708800
2023-03-22,4.650000095367432,4.71999979019165,4.579999923706055,4.195782661437988,16598600
2023-03-23,4.659999847412109,4.699999809265137,4.559999942779541,4.2049241065979,18048900
2023-03-24,4.630000114440918,4.650000095367432,4.559999942779541,4.23234748840332,20998600
2023-03-27,4.71999979019165,4.739999771118164,4.659999847412109,4.268911838531494,10818200
2023-03-28,4.650000095367432,4.679999828338623,4.630000114440918,4.278052806854248,10049100
2023-03-29,4.75,4.760000228881836,4.71999979019165,4.332900047302246,10588000
2023-03-30,4.809999942779541,4.860000133514404,4.800000190734863,4.424311637878418,17342300
2023-03-31,4.860000133514404,4.909999847412109,4.849999904632568,4.488299369812012,9965500
2023-04-03,4.889999866485596,4.909999847412109,4.849999904632568,4.460876941680908,12284100
2023-04-04,4.900000095367432,4.929999828338623,4.860000133514404,4.488299369812012,18041300
2023-04-05,4.909999847412109,4.929999828338623,4.869999885559082,4.479158401489258,11415100
2023-04-06,4.880000114440918,4.900000095367432,4.860000133514404,4.45173454284668,10051600
2023-04-10,4.840000152587891,4.849999904632568,4.789999961853027,4.406029224395752,12969200
2023-04-11,4.920000076293945,4.920000076293945,4.880000114440918,4.470016956329346,11568700
2023-04-12,4.920000076293945,4.940000057220459,4.869999885559082,4.45173454284668,15689800
2023-04-13,4.900000095367432,4.940000057220459,4.900000095367432,4.515722751617432,18075800
2023-04-14,4.949999809265137,4.96999979019165,4.880000114440918,4.479158401489258,16169300
2023-04-17,4.860000133514404,4.869999885559082,4.809999942779541,4.433452606201172,16201200
2023-04-18,4.820000171661377,4.829999923706055,4.590000152587891,4.25977087020874,29728400
2023-04-19,4.670000076293945,4.670000076293945,4.550000190734863,4.223206996917725,32830000
2023-04-20,4.28000020980835,4.300000190734863,4.130000114440918,3.83927845954895,58372900
2023-04-21,4.179999828338623,4.230000019073486,4.159999847412109,3.857560634613037,29377600
2023-04-24,4.21999979019165,4.25,4.179999828338623,3.869537830352783,23337700
2023-04-25,4.130000114440918,4.139999866485596,4.090000152587891,3.7774059772491455,23686800
2023-04-26,4.190000057220459,4.210000038146973,4.139999866485596,3.8234715461730957,22915100
2023-04-27,4.139999866485596,4.179999828338623,4.110000133514404,3.85111141204834,16370000
2023-04-28,4.150000095367432,4.210000038146973,4.150000095367432,3.8603246212005615,14428900
2023-05-01,4.190000057220459,4.21999979019165,4.150000095367432,3.8326847553253174,14836700
2023-05-02,4.130000114440918,4.150000095367432,4.070000171661377,3.7774059772491455,17904000
2023-05-03,4.070000171661377,4.110000133514404,4.050000190734863,3.740553379058838,13094900
2023-05-04,4.019999980926514,4.039999961853027,4.010000228881836,3.703700542449951,16030600
2023-05-05,4.050000190734863,4.130000114440918,4.039999961853027,3.7866194248199463,13398000
2023-05-08,4.130000114440918,4.139999866485596,4.099999904632568,3.7958319187164307,10998000
2023-05-09,4.079999923706055,4.090000152587891,4.059999942779541,3.7497663497924805,12912500
2023-05-10,4.099999904632568,4.110000133514404,4.050000190734863,3.758979320526123,18982300
2023-05-11,4.050000190734863,4.050000190734863,3.990000009536743,3.6852738857269287,14824800
2023-05-12,4.03000020980835,4.059999942779541,4.010000228881836,3.712913751602173,14260500
2023-05-15,4.039999961853027,4.099999904632568,4.03000020980835,3.740553379058838,14641900
2023-05-16,4.010000228881836,4.03000020980835,3.950000047683716,3.6392080783843994,15213100
2023-05-17,3.9800000190734863,4.03000020980835,3.9800000190734863,3.703700542449951,13023500
2023-05-18,4.010000228881836,4.03000020980835,3.990000009536743,3.694488048553467,9980100
2023-05-19,4.050000190734863,4.099999904632568,4.039999961853027,3.731340169906616,17347700
2023-05-22,4.059999942779541,4.079999923706055,4.039999961853027,3.758979320526123,12505100
2023-05-23,4.099999904632568,4.110000133514404,4.03000020980835,3.712913751602173,14052400
2023-05-24,4.010000228881836,4.010000228881836,3.930000066757202,3.629995584487915,18610700
2023-05-25,3.9600000381469727,3.990000009536743,3.940000057220459,3.6484215259552,12303000
2023-05-26,4,4.050000190734863,4,3.703700542449951,15735400
2023-05-30,4.070000171661377,4.090000152587891,4.010000228881836,3.703700542449951,11886800
2023-05-31,4.010000228881836,4.039999961853027,3.9800000190734863,3.694488048553467,19755200
2023-06-01,4.019999980926514,4.079999923706055,4.010000228881836,3.731340169906616,15482200
2023-06-02,4.03000020980835,4.070000171661377,4.03000020980835,3.740553379058838,12171400
2023-06-05,4.079999923706055,4.090000152587891,4.039999961853027,3.7221267223358154,6271500
2023-06-06,3.990000009536743,4.019999980926514,3.9800000190734863,3.676060914993286,15587400
2023-06-07,4.019999980926514,4.059999942779541,4.010000228881836,3.703700542449951,13770000
2023-06-08,4,4.019999980926514,3.9800000190734863,3.676060914993286,9509200
2023-06-09,4.010000228881836,4.039999961853027,4,3.6852738857269287,15668700
2023-06-12,4,4.079999923706055,3.990000009536743,3.758979320526123,12932800
2023-06-13,4.110000133514404,4.130000114440918,4.079999923706055,3.758979320526123,14008200
2023-06-14,4.159999847412109,4.190000057220459,4.119999885559082,3.8234715461730957,18595900
2023-06-15,4.179999828338623,4.239999771118164,4.170000076293945,3.906390428543091,13934000
2023-06-16,4.289999961853027,4.289999961853027,4.239999771118164,3.9432435035705566,20155500
2023-06-20,4.21999979019165,4.230000019073486,4.179999828338623,3.869537830352783,9380800
2023-06-21,4.170000076293945,4.170000076293945,4.099999904632568,3.7958319187164307,10545600
2023-06-22,4.090000152587891,4.099999904632568,4.059999942779541,3.7497663497924805,14464400
2023-06-23,4.010000228881836,4.03000020980835,3.9700000286102295,3.6668477058410645,14453600
2023-06-26,4.03000020980835,4.059999942779541,4.019999980926514,3.703700542449951,13297300
2023-06-27,4.059999942779541,4.130000114440918,4.039999961853027,3.7958319187164307,17301000
2023-06-28,4.150000095367432,4.170000076293945,4.130000114440918,3.8142588138580322,17131200
2023-06-29,4.159999847412109,4.170000076293945,4.110000133514404,3.8234715461730957,24049700
2023-06-30,4.159999847412109,4.179999828338623,4.139999866485596,3.8326847553253174,13955300
2023-07-03,4.239999771118164,4.269999980926514,4.230000019073486,3.906390428543091,9451200
2023-07-05,4.199999809265137,4.199999809265137,4.159999847412109,3.85111141204834,14391500
2023-07-06,4.139999866485596,4.150000095367432,4.110000133514404,3.8142588138580322,9869300
2023-07-07,4.139999866485596,4.170000076293945,4.130000114440918,3.8234715461730957,9671100
2023-07-10,4.159999847412109,4.179999828338623,4.150000095367432,3.8418986797332764,11585500
2023-07-11,4.199999809265137,4.21999979019165,4.179999828338623,3.869537830352783,13098500
2023-07-12,4.28000020980835,4.300000190734863,4.239999771118164,3.9432435035705566,21727000
2023-07-13,4.349999904632568,4.360000133514404,4.320000171661377,4.007735729217529,25966600
2023-07-14,3.9700000286102295,3.9800000190734863,3.9100000858306885,3.6668477058410645,42501100
2023-07-17,3.8499999046325684,3.9000000953674316,3.8299999237060547,3.547076463699341,30913300
2023-07-18,3.890000104904175,3.930000066757202,3.859999895095825,3.5747158527374268,34635200
2023-07-19,3.9000000953674316,3.950000047683716,3.890000104904175,3.629995584487915,23929100
2023-07-20,3.930000066757202,3.950000047683716,3.880000114440918,3.620781660079956,20544000
2023-07-21,3.9600000381469727,3.9700000286102295,3.9200000762939453,3.629995584487915,18365200
2023-07-24,3.930000066757202,3.9600000381469727,3.9200000762939453,3.6801793575286865,11858800
2023-07-25,3.950000047683716,3.9800000190734863,3.940000057220459,3.6894724369049072,14589200
2023-07-26,3.9100000858306885,3.9700000286102295,3.9000000953674316,3.6801793575286865,21175600
2023-07-27,3.950000047683716,3.950000047683716,3.9000000953674316,3.6244189739227295,24210700
2023-07-28,3.940000057220459,3.9600000381469727,3.9100000858306885,3.652298927307129,12080900
2023-07-31,3.9200000762939453,3.950000047683716,3.9100000858306885,3.661592960357666,15518800
2023-08-01,3.9100000858306885,3.950000047683716,3.9000000953674316,3.6708858013153076,17256800
2023-08-02,3.890000104904175,3.940000057220459,3.880000114440918,3.661592960357666,35605100
2023-08-03,3.890000104904175,3.9000000953674316,3.859999895095825,3.6151256561279297,14017800
2023-08-04,3.869999885559082,3.950000047683716,3.869999885559082,3.6337125301361084,14965500
2023-08-07,3.940000057220459,3.940000057220459,3.880000114440918,3.6244189739227295,10667400
2023-08-08,3.869999885559082,3.9000000953674316,3.8499999046325684,3.6244189739227295,15289900
2023-08-09,3.9200000762939453,3.930000066757202,3.9000000953674316,3.6244189739227295,16194500
2023-08-10,3.9600000381469727,3.990000009536743,3.940000057220459,3.6708858013153076,16177200
2023-08-11,3.880000114440918,3.890000104904175,3.869999885559082,3.6151256561279297,14926000
2023-08-14,3.869999885559082,3.890000104904175,3.8499999046325684,3.59653902053833,9790500
2023-08-15,3.8299999237060547,3.8499999046325684,3.799999952316284,3.5314853191375732,10077400
2023-08-16,3.799999952316284,3.809999942779541,3.75,3.4943113327026367,12950100
2023-08-17,3.819999933242798,3.8399999141693115,3.7699999809265137,3.5036048889160156,13632700
2023-08-18,3.7699999809265137,3.819999933242798,3.759999990463257,3.540778398513794,10588200
2023-08-21,3.819999933242798,3.8399999141693115,3.7899999618530273,3.540778398513794,10376400
2023-08-22,3.859999895095825,3.869999885559082,3.7899999618530273,3.5314853191375732,18756900
2023-08-23,3.799999952316284,3.8299999237060547,3.7899999618530273,3.5593650341033936,8708200
2023-08-24,3.799999952316284,3.8299999237060547,3.759999990463257,3.5036048889160156,10844000
2023-08-25,3.7799999713897705,3.809999942779541,3.759999990463257,3.5314853191375732,11061900
2023-08-28,3.809999942779541,3.8499999046325684,3.809999942779541,3.5779521465301514,5956100
2023-08-29,3.940000057220459,3.9600000381469727,3.9200000762939453,3.6708858013153076,15483300
2023-08-30,3.9800000190734863,3.990000009536743,3.9600000381469727,3.698765993118286,10925400
2023-08-31,3.990000009536743,4,3.9700000286102295,3.708059310913086,10876800
2023-09-01,4.010000228881836,4.019999980926514,3.990000009536743,3.708059310913086,12114700
2023-09-05,4.010000228881836,4.019999980926514,3.990000009536743,3.7173526287078857,11539600
2023-09-06,4.039999961853027,4.059999942779541,4,3.763819932937622,16016500
2023-09-07,4.019999980926514,4.090000152587891,4.019999980926514,3.7824063301086426,24166400
2023-09-08,4.019999980926514,4.070000171661377,4.019999980926514,3.7545266151428223,22963800
2023-09-11,4.050000190734863,4.079999923706055,4.03000020980835,3.7824063301086426,17288000
2023-09-12,4.039999961853027,4.059999942779541,4.019999980926514,3.763819932937622,14259300
2023-09-13,4,4.019999980926514,3.9800000190734863,3.726646661758423,24397000
2023-09-14,3.9800000190734863,4.03000020980835,3.9700000286102295,3.7359395027160645,22829700
2023-09-15,3.950000047683716,3.9700000286102295,3.9200000762939453,3.652298927307129,21273800
2023-09-18,3.940000057220459,3.9700000286102295,3.930000066757202,3.6708858013153076,15598400
2023-09-19,4,4.010000228881836,3.9700000286102295,3.7173526287078857,15787400
2023-09-20,4.03000020980835,4.03000020980835,3.9600000381469727,3.6801793575286865,11832700
2023-09-21,3.9000000953674316,3.9100000858306885,3.869999885559082,3.59653902053833,9831900
2023-09-22,3.9100000858306885,3.9200000762939453,3.880000114440918,3.6151256561279297,10657800
2023-09-25,3.819999933242798,3.8399999141693115,3.799999952316284,3.5593650341033936,11623600
2023-09-26,3.7899999618530273,3.799999952316284,3.7300000190734863,3.466431140899658,16619800
2023-09-27,3.7300000190734863,3.740000009536743,3.6700000762939453,3.438551425933838,15534800
2023-09-28,3.690000057220459,3.740000009536743,3.680000066757202,3.4571380615234375,14859500
2023-09-29,3.809999942779541,3.809999942779541,3.740000009536743,3.475724935531616,19342200
2023-10-02,3.7200000286102295,3.740000009536743,3.6700000762939453,3.4571380615234375,19387900
2023-10-03,3.7100000381469727,3.7300000190734863,3.6600000858306885,3.4106712341308594,21046900
2023-10-04,3.680000066757202,3.690000057220459,3.5999999046325684,3.3642044067382812,22764600
2023-10-05,3.619999885559082,3.630000114440918,3.5199999809265137,3.2898571491241455,29542000
2023-10-06,3.509999990463257,3.5899999141693115,3.5,3.308443784713745,25430900
2023-10-09,3.509999990463257,3.559999942779541,3.5,3.308443784713745,19774500
2023-10-10,3.6600000858306885,3.6700000762939453,3.5899999141693115,3.3456175327301025,18382200
2023-10-11,3.6600000858306885,3.6600000858306885,3.549999952316284,3.317737579345703,23756000
2023-10-12,3.619999885559082,3.630000114440918,3.5399999618530273,3.317737579345703,28672400
2023-10-13,3.5799999237060547,3.5799999237060547,3.509999990463257,3.261976718902588,16514000
2023-10-16,3.559999942779541,3.609999895095825,3.549999952316284,3.3456175327301025,16565100
2023-10-17,3.490000009536743,3.5299999713897705,3.4700000286102295,3.2433900833129883,26867900
2023-10-18,3.4800000190734863,3.490000009536743,3.380000114440918,3.150456666946411,33093900
2023-10-19,3.1500000953674316,3.2300000190734863,3.049999952316284,2.98317551612854,47890300
2023-10-20,3.1600000858306885,3.2200000286102295,3.1500000953674316,2.9552955627441406,22675300
2023-10-23,3.190000057220459,3.2100000381469727,3.140000104904175,2.9665613174438477,26501800
2023-10-24,3.1700000762939453,3.2200000286102295,3.1600000858306885,3.022887706756592,22273900
2023-10-25,3.2100000381469727,3.2300000190734863,3.190000057220459,3.0134999752044678,21876500
2023-10-26,3.200000047683716,3.25,3.190000057220459,3.041663885116577,28650200
2023-10-27,3.2699999809265137,3.2899999618530273,3.25,3.051051378250122,20108800
2023-10-30,3.2899999618530273,3.299999952316284,3.25,3.0886027812957764,16133900
2023-10-31,3.309999942779541,3.3399999141693115,3.2899999618530273,3.1073784828186035,17517400
2023-11-01,3.2799999713897705,3.2899999618530273,3.2200000286102295,3.041663885116577,17871400
2023-11-02,3.3299999237060547,3.380000114440918,3.309999942779541,3.144929885864258,14555600
2023-11-03,3.430000066757202,3.4700000286102295,3.4200000762939453,3.2481961250305176,15970800
2023-11-06,3.450000047683716,3.4600000381469727,3.4200000762939453,3.2200331687927246,12794100
2023-11-07,3.440000057220459,3.450000047683716,3.4000000953674316,3.2200331687927246,14823000
2023-11-08,3.4600000381469727,3.509999990463257,3.440000057220459,3.266972303390503,16828700
2023-11-09,3.5,3.5,3.440000057220459,3.2388083934783936,10899600
2023-11-10,3.4600000381469727,3.490000009536743,3.4200000762939453,3.2763595581054688,12542000
2023-11-13,3.4800000190734863,3.5,3.450000047683716,3.266972303390503,9154900
2023-11-14,3.559999942779541,3.5899999141693115,3.549999952316284,3.3514628410339355,10491100
2023-11-15,3.569999933242798,3.609999895095825,3.569999933242798,3.3702383041381836,7879100
2023-11-16,3.5299999713897705,3.549999952316284,3.509999990463257,3.3232991695404053,9844000
2023-11-17,3.559999942779541,3.569999933242798,3.5399999618530273,3.3420746326446533,5647900
2023-11-20,3.559999942779541,3.5899999141693115,3.549999952316284,3.3702383041381836,5936900
2023-11-21,3.5399999618530273,3.549999952316284,3.5299999713897705,3.313910961151123,7197100
2023-11-22,3.5399999618530273,3.549999952316284,3.5199999809265137,3.313910961151123,8125600
2023-11-24,3.5399999618530273,3.559999942779541,3.5199999809265137,3.3326871395111084,3624400
2023-11-27,3.5399999618530273,3.549999952316284,3.5199999809265137,3.3232991695404053,5973400
2023-11-28,3.5199999809265137,3.5399999618530273,3.5,3.304523468017578,7168300
2023-11-29,3.559999942779541,3.5899999141693115,3.549999952316284,3.3420746326446533,11839600
2023-11-30,3.5199999809265137,3.5299999713897705,3.4800000190734863,3.266972303390503,12890200
2023-12-01,3.440000057220459,3.5,3.4200000762939453,3.2763595581054688,14806700
2023-12-04,3.2200000286102295,3.259999990463257,3.1600000858306885,2.9665613174438477,63662300
2023-12-05,2.9600000381469727,3.0399999618530273,2.940000057220459,2.8163554668426514,44622900
2023-12-06,3.049999952316284,3.0899999141693115,3.009999990463257,2.8257429599761963,30193200
2023-12-07,3.049999952316284,3.119999885559082,3.0199999809265137,2.910233736038208,24122200
2023-12-08,3.190000057220459,3.2200000286102295,3.1600000858306885,2.9853365421295166,14536500
2023-12-11,3.140000104904175,3.1700000762939453,3.109999895095825,2.929009437561035,22015800
2023-12-12,3.2100000381469727,3.2300000190734863,3.1700000762939453,3.022887706756592,17594400
2023-12-13,3.200000047683716,3.259999990463257,3.1700000762939453,3.051051378250122,13695300
2023-12-14,3.3299999237060547,3.4000000953674316,3.319999933242798,3.163705348968506,12866300
2023-12-15,3.2699999809265137,3.2799999713897705,3.2300000190734863,3.060439109802246,16638200
2023-12-18,3.25,3.25,3.200000047683716,3.032275438308716,13940000
2023-12-19,3.309999942779541,3.3299999237060547,3.2899999618530273,3.1073784828186035,17834600
2023-12-20,3.309999942779541,3.319999933242798,3.25,3.051051378250122,13270000
2023-12-21,3.240000009536743,3.2899999618530273,3.240000009536743,3.0792150497436523,12723900
2023-12-22,3.3499999046325684,3.390000104904175,3.3399999141693115,3.154317855834961,17974300
2023-12-26,3.319999933242798,3.369999885559082,3.299999952316284,3.144929885864258,8897800
2023-12-27,3.380000114440918,3.4100000858306885,3.380000114440918,3.173093795776367,10834100
2023-12-28,3.369999885559082,3.380000114440918,3.359999895095825,3.163705348968506,9610800
2023-12-29,3.369999885559082,3.4600000381469727,3.3399999141693115,3.2106449604034424,21769100
2024-01-02,3.390000104904175,3.440000057220459,3.380000114440918,3.2012572288513184,11708100
2024-01-03,3.390000104904175,3.4000000953674316,3.3499999046325684,3.182481527328491,18458100
2024-01-04,3.430000066757202,3.4600000381469727,3.4200000762939453,3.2388083934783936,10934100
2024-01-05,3.440000057220459,3.5,3.430000066757202,3.2294206619262695,11702700
2024-01-08,3.4800000190734863,3.549999952316284,3.4600000381469727,3.3232991695404053,15453700
2024-01-09,3.5,3.509999990463257,3.4700000286102295,3.266972303390503,11399300
2024-01-10,3.4700000286102295,3.5,3.4600000381469727,3.2763595581054688,9214700
2024-01-11,3.5,3.509999990463257,3.4700000286102295,3.285747766494751,13916900
2024-01-12,3.509999990463257,3.549999952316284,3.509999990463257,3.304523468017578,12715800
2024-01-16,3.490000009536743,3.509999990463257,3.4700000286102295,3.295135259628296,9854300
2024-01-17,3.4700000286102295,3.4700000286102295,3.4200000762939453,3.2388083934783936,11261500
2024-01-18,3.450000047683716,3.490000009536743,3.450000047683716,3.2575843334198,16291300
2024-01-19,3.380000114440918,3.430000066757202,3.359999895095825,3.2200331687927246,19668100
2024-01-22,3.369999885559082,3.4100000858306885,3.309999942779541,3.144929885864258,27719100
2024-01-23,3.390000104904175,3.4600000381469727,3.3499999046325684,3.154317855834961,25855800
2024-01-24,3.430000066757202,3.450000047683716,3.3399999141693115,3.2012572288513184,24358700
2024-01-25,3.700000047683716,3.8399999141693115,3.690000057220459,3.5673835277557373,34506200
2024-01-26,3.799999952316284,3.8499999046325684,3.7899999618530273,3.5861592292785645,19234200
2024-01-29,3.7899999618530273,3.859999895095825,3.7699999809265137,3.644855499267578,12913600
2024-01-30,3.75,3.759999990463257,3.6600000858306885,3.4839134216308594,20444600
2024-01-31,3.640000104904175,3.640000104904175,3.5799999237060547,3.4081761837005615,22701500
2024-02-01,3.619999885559082,3.630000114440918,3.5899999141693115,3.398709297180176,17518800
2024-02-02,3.559999942779541,3.5799999237060547,3.5399999618530273,3.3608405590057373,11068400
2024-02-05,3.569999933242798,3.5999999046325684,3.549999952316284,3.370307445526123,12019900
2024-02-06,3.5299999713897705,3.5899999141693115,3.5299999713897705,3.370307445526123,9735000
2024-02-07,3.559999942779541,3.5899999141693115,3.5299999713897705,3.3608405590057373,8820600
2024-02-08,3.619999885559082,3.680000066757202,3.5999999046325684,3.4839134216308594,15087600
2024-02-09,3.609999895095825,3.609999895095825,3.569999933242798,3.398709297180176,14196300
2024-02-12,3.5799999237060547,3.6500000953674316,3.5799999237060547,3.4271109104156494,14279500
2024-02-13,3.549999952316284,3.559999942779541,3.4800000190734863,3.304037570953369,11522000
2024-02-14,3.490000009536743,3.5199999809265137,3.4600000381469727,3.3324391841888428,15873800
2024-02-15,3.509999990463257,3.549999952316284,3.5,3.3229715824127197,19084200
2024-02-16,3.509999990463257,3.549999952316284,3.5,3.3608405590057373,10981100
2024-02-20,3.509999990463257,3.5199999809265137,3.4700000286102295,3.304037570953369,9580300
2024-02-21,3.5,3.5399999618530273,3.4800000190734863,3.3419060707092285,16184400
2024-02-22,3.5299999713897705,3.5799999237060547,3.5299999713897705,3.389242172241211,13199100
2024-02-23,3.559999942779541,3.569999933242798,3.5299999713897705,3.3513734340667725,6502200
2024-02-26,3.5199999809265137,3.5399999618530273,3.509999990463257,3.3419060707092285,11954800
2024-02-27,3.5199999809265137,3.5799999237060547,3.509999990463257,3.379775047302246,13922800
2024-02-28,3.559999942779541,3.5799999237060547,3.549999952316284,3.370307445526123,9237800
2024-02-29,3.549999952316284,3.569999933242798,3.5199999809265137,3.3419060707092285,14380400
2024-03-01,3.5199999809265137,3.559999942779541,3.509999990463257,3.370307445526123,9023900
2024-03-04,3.5899999141693115,3.619999885559082,3.569999933242798,3.4176435470581055,11121700
2024-03-05,3.5999999046325684,3.609999895095825,3.5199999809265137,3.3324391841888428,8923600
2024-03-06,3.559999942779541,3.680000066757202,3.559999942779541,3.4744465351104736,17672500
2024-03-07,3.690000057220459,3.7200000286102295,3.6600000858306885,3.5028481483459473,15950100
2024-03-08,3.640000104904175,3.6500000953674316,3.609999895095825,3.4271109104156494,15512900
2024-03-11,3.609999895095825,3.640000104904175,3.5999999046325684,3.4365782737731934,16120400
2024-03-12,3.640000104904175,3.6600000858306885,3.609999895095825,3.464979410171509,12719500
2024-03-13,3.619999885559082,3.680000066757202,3.609999895095825,3.4744465351104736,23540400
2024-03-14,3.690000057220459,3.700000047683716,3.640000104904175,3.464979410171509,14188800
2024-03-15,3.700000047683716,3.700000047683716,3.6600000858306885,3.493380546569824,15936900
2024-03-18,3.5899999141693115,3.5999999046325684,3.4700000286102295,3.2945709228515625,23497900
2024-03-19,3.490000009536743,3.5299999713897705,3.4800000190734863,3.3324391841888428,14455700
2024-03-20,3.509999990463257,3.5899999141693115,3.490000009536743,3.398709297180176,15974000
2024-03-21,3.5799999237060547,3.5999999046325684,3.569999933242798,3.389242172241211,13891400
2024-03-22,3.569999933242798,3.5899999141693115,3.559999942779541,3.389242172241211,21461100
2024-03-25,3.559999942779541,3.569999933242798,3.5199999809265137,3.3324391841888428,9013600
2024-03-26,3.549999952316284,3.5799999237060547,3.5299999713897705,3.3513734340667725,13318200
2024-03-27,3.559999942779541,3.630000114440918,3.549999952316284,3.4081761837005615,15118700
2024-03-28,3.559999942779541,3.5999999046325684,3.5399999618530273,3.3513734340667725,14526800
2024-04-01,3.549999952316284,3.569999933242798,3.490000009536743,3.313504934310913,7634300
2024-04-02,3.5299999713897705,3.5299999713897705,3.490000009536743,3.313504934310913,12316200
2024-04-03,3.509999990463257,3.5999999046325684,3.5,3.389242172241211,20457800
2024-04-04,3.609999895095825,3.619999885559082,3.5199999809265137,3.3419060707092285,7926600
2024-04-05,3.509999990463257,3.5199999809265137,3.4600000381469727,3.304037570953369,14833300
2024-04-08,3.5,3.509999990463257,3.4700000286102295,3.2945709228515625,18404900
2024-04-09,3.4800000190734863,3.5299999713897705,3.4800000190734863,3.313504934310913,10091000
2024-04-10,3.4800000190734863,3.4800000190734863,3.4000000953674316,3.237767457962036,18180500
2024-04-11,3.4600000381469727,3.4800000190734863,3.4100000858306885,3.237767457962036,10629300
2024-04-12,3.390000104904175,3.4000000953674316,3.3299999237060547,3.1525633335113525,10113600
2024-04-15,3.390000104904175,3.4100000858306885,3.2899999618530273,3.1241614818573,21447400
2024-04-16,3.369999885559082,3.390000104904175,3.319999933242798,3.1525633335113525,35270100
2024-04-17,3.359999895095825,3.359999895095825,3.299999952316284,3.1525633335113525,21438800
2024-04-18,3.369999885559082,3.450000047683716,3.359999895095825,3.2661690711975098,21249100
2024-04-19,3.490000009536743,3.549999952316284,3.4800000190734863,3.3324391841888428,17395300
2024-04-22,3.6600000858306885,3.7300000190734863,3.630000114440918,3.536583185195923,21685400
2024-04-23,3.5799999237060547,3.690000057220459,3.559999942779541,3.526998996734619,17830800
2024-04-24,3.6600000858306885,3.680000066757202,3.630000114440918,3.498246431350708,13129900
2024-04-25,3.5999999046325684,3.6600000858306885,3.5899999141693115,3.4886622428894043,19352700
2024-04-26,3.680000066757202,3.700000047683716,3.6500000953674316,3.498246431350708,11129700
2024-04-29,3.6700000762939453,3.700000047683716,3.6600000858306885,3.526998996734619,14067800
2024-04-30,3.6500000953674316,3.680000066757202,3.630000114440918,3.498246431350708,9779200
2024-05-01,3.6500000953674316,3.7100000381469727,3.630000114440918,3.498246431350708,14451200
2024-05-02,3.700000047683716,3.7100000381469727,3.630000114440918,3.5174150466918945,12286600
2024-05-03,3.7100000381469727,3.7300000190734863,3.680000066757202,3.536583185195923,13590900
2024-05-06,3.7300000190734863,3.740000009536743,3.7100000381469727,3.565336227416992,7105900
2024-05-07,3.740000009536743,3.759999990463257,3.700000047683716,3.5845046043395996,8536400
2024-05-08,3.7200000286102295,3.75,3.7100000381469727,3.574920177459717,7304600
2024-05-09,3.7200000286102295,3.7300000190734863,3.690000057220459,3.565336227416992,7181400
2024-05-10,3.759999990463257,3.7699999809265137,3.7200000286102295,3.565336227416992,8457600
2024-05-13,3.7300000190734863,3.8399999141693115,3.7200000286102295,3.632425546646118,26004600
2024-05-14,4.010000228881836,4.019999980926514,3.890000104904175,3.7666051387786865,30928900
2024-05-15,3.880000114440918,3.890000104904175,3.819999933242798,3.709099769592285,22161300
2024-05-16,3.859999895095825,3.9200000762939453,3.8499999046325684,3.7186837196350098,15250300
2024-05-17,3.9000000953674316,3.930000066757202,3.880000114440918,3.747436761856079,7002000
2024-05-20,3.869999885559082,3.869999885559082,3.809999942779541,3.6515939235687256,12029500
2024-05-21,3.809999942779541,3.8499999046325684,3.7899999618530273,3.680346727371216,11072100
2024-05-22,3.890000104904175,3.9600000381469727,3.880000114440918,3.785773515701294,13216500
2024-05-23,3.9100000858306885,3.9200000762939453,3.8499999046325684,3.6899313926696777,11978500
2024-05-24,3.8299999237060547,3.859999895095825,3.819999933242798,3.6899313926696777,5758000
2024-05-28,3.859999895095825,3.880000114440918,3.8399999141693115,3.709099769592285,10919200
2024-05-29,3.759999990463257,3.7899999618530273,3.7300000190734863,3.603672981262207,17329900
2024-05-30,3.8299999237060547,3.859999895095825,3.819999933242798,3.6899313926696777,12716900
2024-05-31,3.8499999046325684,3.9100000858306885,3.8399999141693115,3.7378523349761963,9146800
2024-06-03,3.9600000381469727,3.9600000381469727,3.9000000953674316,3.785773515701294,11084400
2024-06-04,3.9100000858306885,3.940000057220459,3.9000000953674316,3.7761895656585693,7530000
2024-06-05,3.950000047683716,3.9800000190734863,3.930000066757202,3.814526319503784,10623000
2024-06-06,3.9100000858306885,3.950000047683716,3.9100000858306885,3.785773515701294,10245900
2024-06-07,3.9200000762939453,3.950000047683716,3.9000000953674316,3.747436761856079,11087600
2024-06-10,3.859999895095825,3.880000114440918,3.8399999141693115,3.680346727371216,11273200
2024-06-11,3.809999942779541,3.819999933242798,3.7799999713897705,3.64201021194458,7395600
2024-06-12,3.8299999237060547,3.859999895095825,3.809999942779541,3.6515939235687256,11067100
2024-06-13,3.7899999618530273,3.799999952316284,3.690000057220459,3.5557520389556885,13180400
2024-06-14,3.609999895095825,3.640000104904175,3.569999933242798,3.469493865966797,11197900
2024-06-17,3.630000114440918,3.690000057220459,3.619999885559082,3.536583185195923,8909500
2024-06-18,3.6700000762939453,3.7200000286102295,3.6700000762939453,3.526998996734619,10340400
2024-06-20,3.640000104904175,3.740000009536743,3.640000104904175,3.507830858230591,12722600
2024-06-21,3.6500000953674316,3.7100000381469727,3.6500000953674316,3.526998996734619,5891500
2024-06-24,3.7899999618530273,3.799999952316284,3.7100000381469727,3.574920177459717,14016300
2024-06-25,3.7200000286102295,3.75,3.700000047683716,3.574920177459717,10823500
2024-06-26,3.690000057220459,3.700000047683716,3.6500000953674316,3.5174150466918945,15484200
2024-06-27,3.7300000190734863,3.75,3.7200000286102295,3.574920177459717,9390600
2024-06-28,3.740000009536743,3.809999942779541,3.7300000190734863,3.6228415966033936,20248600
2024-07-01,3.890000104904175,3.950000047683716,3.869999885559082,3.7282683849334717,18371500
2024-07-02,3.880000114440918,3.890000104904175,3.8399999141693115,3.7282683849334717,9675400
2024-07-03,3.9100000858306885,3.9200000762939453,3.8499999046325684,3.6899313926696777,7865000
2024-07-05,3.9100000858306885,3.9200000762939453,3.8499999046325684,3.7378523349761963,11031400
2024-07-08,3.9200000762939453,3.950000047683716,3.890000104904175,3.7282683849334717,12296200
2024-07-09,3.8499999046325684,3.880000114440918,3.8399999141693115,3.6995153427124023,14441200
2024-07-10,3.9200000762939453,3.9600000381469727,3.890000104904175,3.7953579425811768,15670900
2024-07-11,3.940000057220459,3.9600000381469727,3.890000104904175,3.7761895656585693,15890300
2024-07-12,3.9600000381469727,4.019999980926514,3.9600000381469727,3.824110507965088,12466200
2024-07-15,3.9800000190734863,3.9800000190734863,3.9100000858306885,3.7570207118988037,15155100
2024-07-16,3.8399999141693115,3.890000104904175,3.8299999237060547,3.7186837196350098,16791100
2024-07-17,3.880000114440918,3.940000057220459,3.8499999046325684,3.7378523349761963,18551200
2024-07-18,3.7300000190734863,3.7300000190734863,3.5999999046325684,3.469493865966797,37723700
2024-07-19,3.630000114440918,3.6700000762939453,3.609999895095825,3.498246431350708,11352900
2024-07-22,3.7799999713897705,3.7899999618530273,3.740000009536743,3.5845046043395996,15281400
2024-07-23,3.700000047683716,3.7300000190734863,3.690000057220459,3.586437940597534,8792600
2024-07-24,3.6700000762939453,3.700000047683716,3.6600000858306885,3.5477702617645264,9928200
2024-07-25,3.75,3.859999895095825,3.7300000190734863,3.7024409770965576,14351500
2024-07-26,3.8299999237060547,3.8499999046325684,3.7899999618530273,3.7121081352233887,9576300
2024-07-29,3.819999933242798,3.8499999046325684,3.7899999618530273,3.7121081352233887,12530400
2024-07-30,3.9000000953674316,3.930000066757202,3.9000000953674316,3.7894437313079834,14010400
2024-07-31,3.890000104904175,3.940000057220459,3.890000104904175,3.7894437313079834,10419900
2024-08-01,4,4.019999980926514,3.930000066757202,3.8184444904327393,21217300
2024-08-02,3.890000104904175,3.9100000858306885,3.8299999237060547,3.7217752933502197,19100000
2024-08-05,3.740000009536743,3.7699999809265137,3.7200000286102295,3.605771780014038,15049900
2024-08-06,3.7200000286102295,3.740000009536743,3.700000047683716,3.586437940597534,12431300
2024-08-07,3.7899999618530273,3.8299999237060547,3.7200000286102295,3.605771780014038,13804200
2024-08-08,3.759999990463257,3.819999933242798,3.759999990463257,3.663773536682129,10070500
2024-08-09,3.7899999618530273,3.819999933242798,3.7699999809265137,3.6831071376800537,7555000
2024-08-12,3.809999942779541,3.8399999141693115,3.799999952316284,3.7024409770965576,8356100
2024-08-13,3.8299999237060547,3.950000047683716,3.8299999237060547,3.8087780475616455,13572000
2024-08-14,3.9200000762939453,3.9800000190734863,3.9200000762939453,3.847445487976074,9676200
2024-08-15,4.03000020980835,4.099999904632568,4.019999980926514,3.934448003768921,13702200
2024-08-16,4.059999942779541,4.070000171661377,4.03000020980835,3.905447006225586,11484300
2024-08-19,4.099999904632568,4.170000076293945,4.099999904632568,4.021450519561768,16540600
2024-08-20,4.150000095367432,4.179999828338623,4.130000114440918,4.011783599853516,11145900
2024-08-21,4.130000114440918,4.159999847412109,4.110000133514404,4.021450519561768,8107300
2024-08-22,4.139999866485596,4.159999847412109,4.110000133514404,3.973115921020508,6112600
2024-08-23,4.150000095367432,4.199999809265137,4.150000095367432,4.0311174392700195,8747400
2024-08-26,4.170000076293945,4.190000057220459,4.159999847412109,4.0407843589782715,5986900
2024-08-27,4.210000038146973,4.21999979019165,4.179999828338623,4.079452037811279,9442100
2024-08-28,4.199999809265137,4.21999979019165,4.170000076293945,4.050451755523682,7710800
2024-08-29,4.510000228881836,4.519999980926514,4.360000133514404,4.330793380737305,50253000
2024-08-30,4.389999866485596,4.46999979019165,4.389999866485596,4.311459064483643,28292000
2024-09-03,4.409999847412109,4.429999828338623,4.360000133514404,4.234124183654785,30014900
2024-09-04,4.360000133514404,4.420000076293945,4.349999904632568,4.234124183654785,18957700
2024-09-05,4.400000095367432,4.400000095367432,4.329999923706055,4.185788154602051,15344600
2024-09-06,4.309999942779541,4.329999923706055,4.21999979019165,4.098786354064941,20795100
2024-09-09,4.260000228881836,4.28000020980835,4.25,4.118120193481445,13028900
2024-09-10,4.21999979019165,4.239999771118164,4.170000076293945,4.050451755523682,23479300
2024-09-11,4.190000057220459,4.199999809265137,4.119999885559082,4.050451755523682,29109300
2024-09-12,4.170000076293945,4.25,4.139999866485596,4.060118198394775,31428500
2024-09-13,4.199999809265137,4.239999771118164,4.190000057220459,4.060118198394775,11548900
2024-09-16,4.239999771118164,4.28000020980835,4.190000057220459,4.069785118103027,27475400
2024-09-17,4.239999771118164,4.25,4.170000076293945,4.050451755523682,21045200
2024-09-18,4.190000057220459,4.269999980926514,4.179999828338623,4.050451755523682,31297300
2024-09-19,4.25,4.269999980926514,4.210000038146973,4.108452796936035,30074600
2024-09-20,4.230000019073486,4.289999961853027,4.21999979019165,4.137454032897949,25461200
2024-09-23,4.289999961853027,4.329999923706055,4.28000020980835,4.166454792022705,18013000
2024-09-24,4.329999923706055,4.409999847412109,4.329999923706055,4.253457069396973,22849300
2024-09-25,4.409999847412109,4.429999828338623,4.340000152587891,4.214789390563965,25786700
2024-09-26,4.400000095367432,4.440000057220459,4.349999904632568,4.214789390563965,26128800
2024-09-27,4.380000114440918,4.420000076293945,4.360000133514404,4.224456310272217,20772500
2024-09-30,4.409999847412109,4.420000076293945,4.349999904632568,4.224456310272217,13361900
2024-10-01,4.400000095367432,4.409999847412109,4.340000152587891,4.205122470855713,19138000
2024-10-02,4.329999923706055,4.409999847412109,4.329999923706055,4.243790149688721,17047700
2024-10-03,4.369999885559082,4.380000114440918,4.329999923706055,4.205122470855713,12411900
2024-10-04,4.369999885559082,4.389999866485596,4.340000152587891,4.205122470855713,10080900
2024-10-07,4.389999866485596,4.389999866485596,4.329999923706055,4.185788154602051,11872700
2024-10-08,4.360000133514404,4.400000095367432,4.349999904632568,4.253457069396973,14104900
2024-10-09,4.409999847412109,4.46999979019165,4.409999847412109,4.321125507354736,13201500
2024-10-10,4.460000038146973,4.460000038146973,4.389999866485596,4.263123989105225,7057800
2024-10-11,4.389999866485596,4.400000095367432,4.340000152587891,4.214789390563965,7260000
2024-10-14,4.369999885559082,4.400000095367432,4.360000133514404,4.253457069396973,13045900
2024-10-15,4.429999828338623,4.449999809265137,4.380000114440918,4.263123989105225,24261600
2024-10-16,4.46999979019165,4.489999771118164,4.389999866485596,4.311459064483643,39451700
2024-10-17,4.21999979019165,4.360000133514404,4.139999866485596,4.195456027984619,41757800
2024-10-18,4.489999771118164,4.78000020980835,4.489999771118164,4.591800212860107,51422800
2024-10-21,4.75,4.820000171661377,4.75,4.630467891693115,27704500
2024-10-22,4.730000019073486,4.769999980926514,4.679999828338623,4.584718227386475,27889800
2024-10-23,4.679999828338623,4.71999979019165,4.659999847412109,4.555515766143799,19999400
2024-10-24,4.75,4.800000190734863,4.739999771118164,4.6723246574401855,21665400
2024-10-25,4.800000190734863,4.820000171661377,4.760000228881836,4.643122673034668,22097500
2024-10-28,4.829999923706055,4.949999809265137,4.829999923706055,4.818334102630615,34528100
2024-10-29,4.929999828338623,4.940000057220459,4.849999904632568,4.720994472503662,21278400
2024-10-30,4.820000171661377,4.840000152587891,4.769999980926514,4.652856826782227,17105700
2024-10-31,4.730000019073486,4.75,4.679999828338623,4.584718227386475,19945200
2024-11-01,4.75,4.769999980926514,4.730000019073486,4.60418701171875,11303700
2024-11-04,4.739999771118164,4.760000228881836,4.650000095367432,4.545782566070557,13223100
2024-11-05,4.670000076293945,4.730000019073486,4.670000076293945,4.584718227386475,11970800
2024-11-06,4.599999904632568,4.619999885559082,4.579999923706055,4.458176136016846,15999100
2024-11-07,4.590000152587891,4.650000095367432,4.559999942779541,4.477643966674805,17398500
2024-11-08,4.539999961853027,4.559999942779541,4.510000228881836,4.428974628448486,18213400
2024-11-11,4.570000171661377,4.599999904632568,4.539999961853027,4.438708305358887,13805800
2024-11-12,4.519999980926514,4.53000020980835,4.449999809265137,4.380304336547852,17059900
2024-11-13,4.46999979019165,4.46999979019165,4.420000076293945,4.341368198394775,17013400
2024-11-14,4.46999979019165,4.53000020980835,4.460000038146973,4.370570182800293,13241400
2024-11-15,4.480000019073486,4.519999980926514,4.449999809265137,4.341368198394775,18293400
2024-11-18,4.429999828338623,4.46999979019165,4.429999828338623,4.341368198394775,4723100
2024-11-19,4.409999847412109,4.449999809265137,3.9100000858306885,4.039613723754883,72850200
2024-11-20,4.269999980926514,4.300000190734863,4.21999979019165,4.136953830718994,31017900
2024-11-21,4.110000133514404,4.190000057220459,4.070000171661377,4.020146369934082,27974000
2024-11-22,4.170000076293945,4.199999809265137,4.150000095367432,4.0688157081604,11900800
2024-11-25,4.230000019073486,4.239999771118164,4.170000076293945,4.098018169403076,20586600
2024-11-26,4.21999979019165,4.230000019073486,4.139999866485596,4.0688157081604,14044900
2024-11-27,4.190000057220459,4.21999979019165,4.159999847412109,4.078549861907959,12907600
2024-11-29,4.190000057220459,4.21999979019165,4.190000057220459,4.088284015655518,4568300
2024-12-02,4.199999809265137,4.21999979019165,4.170000076293945,4.088284015655518,9477800
2024-12-03,4.199999809265137,4.239999771118164,4.179999828338623,4.117485523223877,10022000
2024-12-04,4.210000038146973,4.239999771118164,4.159999847412109,4.05908203125,16418000
2024-12-05,4.25,4.340000152587891,4.239999771118164,4.195357799530029,20604800
2024-12-06,4.320000171661377,4.349999904632568,4.239999771118164,4.127220153808594,10751000
2024-12-09,4.400000095367432,4.46999979019165,4.380000114440918,4.28296422958374,19756000
2024-12-10,4.400000095367432,4.440000057220459,4.360000133514404,4.28296422958374,14129400
2024-12-11,4.369999885559082,4.440000057220459,4.360000133514404,4.292697906494141,12428700
2024-12-12,4.409999847412109,4.519999980926514,4.409999847412109,4.312166213989258,18152200
2024-12-13,4.440000057220459,4.480000019073486,4.409999847412109,4.360836505889893,12383200
2024-12-16,4.46999979019165,4.5,4.449999809265137,4.351101875305176,11540300
2024-12-17,4.449999809265137,4.5,4.440000057220459,4.360836505889893,14172900
2024-12-18,4.510000228881836,4.550000190734863,4.380000114440918,4.273230075836182,12731600
2024-12-19,4.400000095367432,4.46999979019165,4.400000095367432,4.312166213989258,18121200
2024-12-20,4.360000133514404,4.460000038146973,4.349999904632568,4.312166213989258,12436000
2024-12-23,4.429999828338623,4.460000038146973,4.409999847412109,4.331634044647217,10854000
2024-12-24,4.420000076293945,4.489999771118164,4.420000076293945,4.370570182800293,2620000
2024-12-26,4.480000019073486,4.539999961853027,4.460000038146973,4.351101875305176,6885000
2024-12-27,4.460000038146973,4.489999771118164,4.449999809265137,4.360836505889893,9381300
2024-12-30,4.46999979019165,4.480000019073486,4.409999847412109,4.302432060241699,8188800
2024-12-31,4.429999828338623,4.440000057220459,4.389999866485596,4.312166213989258,5306300
2025-01-02,4.460000038146973,4.480000019073486,4.420000076293945,4.341368198394775,12515800
2025-01-03,4.429999828338623,4.5,4.420000076293945,4.360836505889893,10803600
2025-01-06,4.5,4.579999923706055,4.489999771118164,4.438708305358887,14600600
2025-01-07,4.670000076293945,4.690000057220459,4.619999885559082,4.5068464279174805,15385500
2025-01-08,4.610000133514404,4.670000076293945,4.590000152587891,4.536048412322998,9214700
2025-01-10,4.539999961853027,4.559999942779541,4.5,4.3997721672058105,13624500
2025-01-13,4.429999828338623,4.489999771118164,4.420000076293945,4.351101875305176,13484000
2025-01-14,4.5,4.539999961853027,4.480000019073486,4.39003849029541,10196900
2025-01-15,4.630000114440918,4.650000095367432,4.599999904632568,4.487378120422363,25953900
2025-01-16,4.46999979019165,4.46999979019165,4.409999847412109,4.321899890899658,30567400
2025-01-17,4.489999771118164,4.550000190734863,4.480000019073486,4.39003849029541,17200700
2025-01-21,4.610000133514404,4.639999866485596,4.570000171661377,4.487378120422363,18114600
2025-01-22,4.630000114440918,4.659999847412109,4.599999904632568,4.487378120422363,13115500
2025-01-23,4.639999866485596,4.699999809265137,4.639999866485596,4.565250396728516,12342200
2025-01-24,4.539999961853027,4.559999942779541,4.480000019073486,4.39003849029541,27089700
2025-01-27,4.550000190734863,4.559999942779541,4.449999809265137,4.380304336547852,20443700
2025-01-28,4.489999771118164,4.510000228881836,4.420000076293945,4.341368198394775,16866700
2025-01-29,4.46999979019165,4.5,4.409999847412109,4.321899890899658,19272800
2025-01-30,4.829999923706055,4.849999904632568,4.670000076293945,4.574984550476074,55209000
2025-01-31,4.630000114440918,4.710000038146973,4.599999904632568,4.477643966674805,28612000
2025-02-03,4.550000190734863,4.699999809265137,4.539999961853027,4.49711275100708,20338300
2025-02-04,4.619999885559082,4.71999979019165,4.619999885559082,4.625488758087158,20212000
2025-02-05,4.710000038146973,4.800000190734863,4.710000038146973,4.703887462615967,22158000
2025-02-06,4.840000152587891,4.849999904632568,4.760000228881836,4.694087505340576,13925800
2025-02-07,4.800000190734863,4.829999923706055,4.78000020980835,4.713686943054199,14592600
2025-02-10,4.849999904632568,4.869999885559082,4.829999923706055,4.733286380767822,12247200
2025-02-11,4.820000171661377,4.900000095367432,4.800000190734863,4.801884651184082,17587900
2025-02-12,4.880000114440918,5.010000228881836,4.880000114440918,4.909682273864746,25035000
2025-02-13,4.949999809265137,5,4.949999809265137,4.890082836151123,21506100
2025-02-14,5.03000020980835,5.059999942779541,4.96999979019165,4.890082836151123,24233600
2025-02-18,5.019999980926514,5.019999980926514,4.96999979019165,4.890082836151123,16837200
2025-02-19,4.940000057220459,4.949999809265137,4.900000095367432,4.850883483886719,18498300
2025-02-20,4.96999979019165,5.010000228881836,4.960000038146973,4.890082836151123,18406700
2025-02-21,5,5.03000020980835,4.929999828338623,4.841084003448486,20721900
2025-02-24,4.989999771118164,5,4.900000095367432,4.801884651184082,13566400
2025-02-25,4.940000057220459,5.010000228881836,4.920000076293945,4.890082836151123,15397200
2025-02-26,4.949999809265137,4.980000019073486,4.889999866485596,4.801884651184082,18179800
2025-02-27,4.909999847412109,4.909999847412109,4.809999942779541,4.733286380767822,19011900
2025-02-28,4.820000171661377,4.840000152587891,4.730000019073486,4.703887462615967,40079900
2025-03-03,5.090000152587891,5.150000095367432,4.96999979019165,4.909682273864746,58126800
2025-03-04,5.03000020980835,5.039999961853027,4.869999885559082,4.782285690307617,46152600
2025-03-05,5,5.179999828338623,4.980000019073486,5.066478729248047,32209700
2025-03-06,5.179999828338623,5.230000019073486,5.130000114440918,5.056678771972656,31519600
2025-03-07,5.170000076293945,5.260000228881836,5.159999847412109,5.125277042388916,35615200
2025-03-10,5.21999979019165,5.28000020980835,5.079999923706055,5.037079334259033,25137300
2025-03-11,5.199999809265137,5.25,5.099999904632568,5.046878814697266,28341900
2025-03-12,5.170000076293945,5.230000019073486,5.139999866485596,5.095877647399902,25903400
2025-03-13,5.170000076293945,5.25,5.150000095367432,5.095877647399902,22466600
2025-03-14,5.289999961853027,5.349999904632568,5.289999961853027,5.223275184631348,21499300
2025-03-17,5.349999904632568,5.400000095367432,5.340000152587891,5.282073497772217,15886800
2025-03-18,5.369999885559082,5.480000019073486,5.369999885559082,5.3114728927612305,24555800
2025-03-19,5.409999847412109,5.420000076293945,5.320000171661377,5.252674579620361,14042800
2025-03-20,5.289999961853027,5.360000133514404,5.289999961853027,5.223275184631348,11463600
2025-03-21,5.320000171661377,5.349999904632568,5.28000020980835,5.203675270080566,12022400
2025-03-24,5.320000171661377,5.369999885559082,5.309999942779541,5.223275184631348,13389800
2025-03-25,5.369999885559082,5.389999866485596,5.320000171661377,5.223275184631348,9780200
2025-03-26,5.340000152587891,5.360000133514404,5.260000228881836,5.15467643737793,11515600
2025-03-27,5.25,5.269999980926514,5.170000076293945,5.095877647399902,22325800
2025-03-28,5.300000190734863,5.320000171661377,5.199999809265137,5.105677604675293,22355400
2025-03-31,5.179999828338623,5.289999961853027,5.179999828338623,5.164475917816162,26802400
2025-04-01,5.400000095367432,5.409999847412109,5.300000190734863,5.23307466506958,18968900
2025-04-02,5.28000020980835,5.380000114440918,5.28000020980835,5.2428741455078125,14208800
2025-04-03,5.119999885559082,5.199999809265137,4.980000019073486,4.880282878875732,26862700
2025-04-04,4.900000095367432,4.929999828338623,4.75,4.684288024902344,26029400
2025-04-07,4.639999866485596,4.960000038146973,4.590000152587891,4.586289882659912,31359600
2025-04-08,4.75,4.909999847412109,4.590000152587891,4.556890964508057,32364200
2025-04-09,4.579999923706055,4.960000038146973,4.539999961853027,4.831284046173096,29412600
2025-04-10,4.889999866485596,4.900000095367432,4.71999979019165,4.72348690032959,21599600
2025-04-11,4.820000171661377,4.989999771118164,4.820000171661377,4.860683917999268,19300700
2025-04-14,4.960000038146973,5.039999961853027,4.949999809265137,4.880282878875732,15996800
2025-04-15,5.050000190734863,5.159999847412109,5.050000190734863,5.037079334259033,24542400
2025-04-16,5.110000133514404,5.170000076293945,5.059999942779541,4.978280544281006,13898900
2025-04-17,5.139999866485596,5.179999828338623,5.110000133514404,5.007680416107178,16342200
2025-04-21,5.079999923706055,5.139999866485596,5.019999980926514,4.968481063842773,14968500
2025-04-22,5.239999771118164,5.300000190734863,5.21999979019165,5.174276351928711,21369300
2025-04-23,5.289999961853027,5.349999904632568,5.269999980926514,5.203675270080566,26687300
2025-04-24,4.949999809265137,4.960000038146973,4.71999979019165,4.762685775756836,71796700
2025-04-25,4.949999809265137,4.989999771118164,4.940000057220459,4.890082836151123,20965700
2025-04-28,4.920000076293945,4.960000038146973,4.900000095367432,4.811684608459473,16937000
2025-04-29,4.920000076293945,5,4.920000076293945,4.870482921600342,16213900
2025-04-30,4.929999828338623,4.989999771118164,4.900000095367432,4.890082836151123,13928300
2025-05-01,4.989999771118164,5.050000190734863,4.989999771118164,4.890082836151123,12679400
2025-05-02,5.019999980926514,5.070000171661377,5,4.958681106567383,16021800
2025-05-05,5,5.059999942779541,5,4.95472526550293,19450700
2025-05-06,5.010000228881836,5.059999942779541,5.010000228881836,4.9745049476623535,17045900
2025-05-07,4.989999771118164,5.070000171661377,4.989999771118164,5.004173755645752,17820900
2025-05-08,5.039999961853027,5.059999942779541,4.989999771118164,4.9745049476623535,19405200
2025-05-09,5.079999923706055,5.110000133514404,5.050000190734863,5.03384256362915,16115500
2025-05-12,5.159999847412109,5.199999809265137,5.130000114440918,5.1426286697387695,20136100
2025-05-13,5.170000076293945,5.21999979019165,5.170000076293945,5.122849464416504,12144000
2025-05-14,5.190000057220459,5.210000038146973,5.090000152587891,5.03384256362915,18986700
2025-05-15,5.119999885559082,5.199999809265137,5.110000133514404,5.132739543914795,15721300
2025-05-16,5.170000076293945,5.199999809265137,5.139999866485596,5.132739543914795,11119400
2025-05-19,5.179999828338623,5.25,5.179999828338623,5.182187557220459,11782800
2025-05-20,5.260000228881836,5.320000171661377,5.25,5.251415252685547,13727400
2025-05-21,5.320000171661377,5.380000114440918,5.269999980926514,5.2810845375061035,29625900
2025-05-22,5.340000152587891,5.400000095367432,5.329999923706055,5.300863742828369,13117000
2025-05-23,5.28000020980835,5.360000133514404,5.269999980926514,5.2810845375061035,12311700
2025-05-27,5.449999809265137,5.449999809265137,5.380000114440918,5.350311756134033,17753800
2025-05-28,5.420000076293945,5.429999828338623,5.360000133514404,5.330532550811768,10924800
2025-05-29,5.380000114440918,5.409999847412109,5.320000171661377,5.290974140167236,13198400
2025-05-30,5.21999979019165,5.239999771118164,5.179999828338623,5.162408351898193,18861200
2025-06-02,5.230000019073486,5.320000171661377,5.21999979019165,5.251415252685547,13350300
2025-06-03,5.269999980926514,5.360000133514404,5.260000228881836,5.2810845375061035,16226500
2025-06-04,5.380000114440918,5.449999809265137,5.380000114440918,5.350311756134033,12053900
2025-06-05,5.440000057220459,5.46999979019165,5.369999885559082,5.330532550811768,14500600
2025-06-06,5.420000076293945,5.440000057220459,5.400000095367432,5.350311756134033,9334600
2025-06-09,5.400000095367432,5.440000057220459,5.369999885559082,5.370091438293457,8572000
2025-06-10,5.409999847412109,5.420000076293945,5.340000152587891,5.290974140167236,7443600
2025-06-11,5.349999904632568,5.349999904632568,5.269999980926514,5.221746444702148,11214200
2025-06-12,5.289999961853027,5.349999904632568,5.28000020980835,5.261305332183838,14290800
2025-06-13,5.21999979019165,5.239999771118164,5.170000076293945,5.132739543914795,15360700
2025-06-16,5.260000228881836,5.380000114440918,5.260000228881836,5.241526126861572,15756000
2025-06-17,5.260000228881836,5.269999980926514,5.139999866485596,5.0931806564331055,20993000
2025-06-18,5.150000095367432,5.190000057220459,5.119999885559082,5.112959861755371,12936100
2025-06-20,5.179999828338623,5.199999809265137,5.099999904632568,5.07340145111084,12966600
2025-06-23,5.039999961853027,5.190000057220459,5.039999961853027,5.112959861755371,19214500
2025-06-24,5.21999979019165,5.28000020980835,5.179999828338623,5.1426286697387695,17141500
2025-06-25,5.199999809265137,5.210000038146973,5.150000095367432,5.112959861755371,15345600
2025-06-26,5.050000190734863,5.179999828338623,5.039999961853027,5.103070259094238,24893700
2025-06-27,5.159999847412109,5.179999828338623,5.119999885559082,5.112959861755371,17806900
2025-06-30,5.150000095367432,5.199999809265137,5.130000114440918,5.122849464416504,20788700
2025-07-01,5.159999847412109,5.239999771118164,5.159999847412109,5.172297954559326,17800300
2025-07-02,5.210000038146973,5.21999979019165,5.179999828338623,5.1426286697387695,8361800
2025-07-03,5.110000133514404,5.190000057220459,5.110000133514404,5.132739543914795,9475100
2025-07-07,5.159999847412109,5.210000038146973,5.110000133514404,5.07340145111084,24297400
2025-07-08,5.159999847412109,5.210000038146973,5.119999885559082,5.0931806564331055,17965500
2025-07-09,5.179999828338623,5.190000057220459,5.039999961853027,5.043732166290283,17410400
2025-07-10,5.090000152587891,5.119999885559082,5.050000190734863,5.004173755645752,13008500
2025-07-11,4.989999771118164,5,4.949999809265137,4.925056457519531,25149000
2025-07-14,4.96999979019165,5,4.869999885559082,4.826159477233887,20078600
2025-07-15,4.900000095367432,4.900000095367432,4.730000019073486,4.697593688964844,33502200
2025-07-16,4.760000228881836,4.78000020980835,4.690000057220459,4.697593688964844,22322800
2025-07-17,4.78000020980835,4.809999942779541,4.75,4.7272629737854,19096300
2025-07-18,4.800000190734863,4.809999942779541,4.730000019073486,4.697593688964844,21013600
2025-07-21,4.75,4.800000190734863,4.739999771118164,4.697593688964844,14541100
2025-07-22,4.75,4.820000171661377,4.300000190734863,4.410793304443359,85926600
2025-07-23,4.380000114440918,4.539999961853027,4.380000114440918,4.4701313972473145,41256000
2025-07-24,4.409999847412109,4.480000019073486,4.320000171661377,4.292117595672607,28654500
2025-07-25,4.309999942779541,4.349999904632568,4.28000020980835,4.282227516174316,23396100
2025-07-28,4.300000190734863,4.320000171661377,4.260000228881836,4.213000297546387,15941500
2025-07-29,4.190000057220459,4.199999809265137,4.139999866485596,4.179999828338623,33716400
2025-07-30,4.150000095367432,4.170000076293945,4.090000152587891,4.110000133514404,16816100
2025-07-31,4.070000171661377,4.119999885559082,4.059999942779541,4.079999923706055,17135300
2025-08-01,4.050000190734863,4.050000190734863,4,4.050000190734863,23529100
2025-08-04,4.079999923706055,4.119999885559082,4.070000171661377,4.090000152587891,19000800
2025-08-05,4.079999923706055,4.110000133514404,4.059999942779541,4.090000152587891,15783200
2025-08-06,4.079999923706055,4.119999885559082,4.070000171661377,4.119999885559082,15149200
2025-08-07,4.159999847412109,4.170000076293945,4.079999923706055,4.110000133514404,17414200
2025-08-08,4.110000133514404,4.139999866485596,4.079999923706055,4.099999904632568,15554000
2025-08-11,4.099999904632568,4.119999885559082,4.079999923706055,4.099999904632568,11063200
2025-08-12,4.110000133514404,4.170000076293945,4.110000133514404,4.139999866485596,12397600
2025-08-13,4.159999847412109,4.230000019073486,4.150000095367432,4.190000057220459,17927200
2025-08-14,4.170000076293945,4.179999828338623,4.119999885559082,4.130000114440918,13570600
2025-08-15,4.199999809265137,4.25,4.199999809265137,4.199999809265137,12638800
2025-08-18,4.159999847412109,4.269999980926514,4.159999847412109,4.25,27320100
2025-08-19,4.260000228881836,4.289999961853027,4.210000038146973,4.210000038146973,21057400
2025-08-20,4.21999979019165,4.260000228881836,4.21999979019165,4.239999771118164,12740500
2025-08-21,4.21999979019165,4.25,4.199999809265137,4.239999771118164,14912300
2025-08-22,4.260000228881836,4.360000133514404,4.25,4.309999942779541,14609900
2025-08-25,4.340000152587891,4.360000133514404,4.320000171661377,4.340000152587891,9732300
2025-08-26,4.300000190734863,4.329999923706055,4.28000020980835,4.289999961853027,19077100
2025-08-27,4.300000190734863,4.340000152587891,4.28000020980835,4.320000171661377,22272500
2025-08-28,4.300000190734863,4.320000171661377,4.28000020980835,4.289999961853027,15541200
2025-08-29,4.269999980926514,4.309999942779541,4.260000228881836,4.300000190734863,14765300
2025-09-02,4.28000020980835,4.300000190734863,4.230000019073486,4.230000019073486,16231500
2025-09-03,4.389999866485596,4.449999809265137,4.349999904632568,4.380000114440918,27241800
2025-09-04,4.489999771118164,4.610000133514404,4.480000019073486,4.599999904632568,47252100
2025-09-05,4.539999961853027,4.590000152587891,4.519999980926514,4.550000190734863,37414200
2025-09-08,4.550000190734863,4.619999885559082,4.550000190734863,4.590000152587891,30494200
2025-09-09,4.579999923706055,4.610000133514404,4.570000171661377,4.590000152587891,22202200
2025-09-10,4.590000152587891,4.610000133514404,4.53000020980835,4.570000171661377,27348400
2025-09-11,4.570000171661377,4.619999885559082,4.559999942779541,4.619999885559082,29463900
2025-09-12,4.539999961853027,4.550000190734863,4.480000019073486,4.510000228881836,20458800
2025-09-15,4.510000228881836,4.559999942779541,4.510000228881836,4.550000190734863,26415900
2025-09-16,4.559999942779541,4.619999885559082,4.53000020980835,4.610000133514404,30626900
2025-09-17,4.650000095367432,4.760000228881836,4.619999885559082,4.699999809265137,35742600
2025-09-18,4.690000057220459,4.78000020980835,4.690000057220459,4.760000228881836,31035000
2025-09-19,4.769999980926514,4.789999961853027,4.71999979019165,4.739999771118164,36366300
2025-09-22,4.739999771118164,4.829999923706055,4.71999979019165,4.769999980926514,36366500
2025-09-23,4.800000190734863,4.880000114440918,4.789999961853027,4.849999904632568,40469500
2025-09-24,4.769999980926514,4.769999980926514,4.690000057220459,4.739999771118164,25382100
2025-09-25,4.679999828338623,4.730000019073486,4.650000095367432,4.679999828338623,39757500
2025-09-26,4.659999847412109,4.670000076293945,4.630000114440918,4.659999847412109,30640200
2025-09-29,4.679999828338623,4.730000019073486,4.659999847412109,4.699999809265137,35748600
2025-09-30,4.710000038146973,4.820000171661377,4.710000038146973,4.809999942779541,58556200
2025-10-01,4.800000190734863,4.849999904632568,4.78000020980835,4.820000171661377,34564600
2025-10-02,4.869999885559082,4.900000095367432,4.840000152587891,4.880000114440918,25862400
2025-10-03,4.869999885559082,4.920000076293945,4.860000133514404,4.900000095367432,35659100
2025-10-06,4.929999828338623,5.050000190734863,4.920000076293945,4.949999809265137,31326200
2025-10-07,4.989999771118164,5.090000152587891,4.96999979019165,5.070000171661377,39651200
2025-10-08,5.099999904632568,5.210000038146973,5.090000152587891,5.170000076293945,50789500
2025-10-09,5.21999979019165,5.25,5.110000133514404,5.179999828338623,33379000
2025-10-10,5.300000190734863,5.349999904632568,5.260000228881836,5.320000171661377,51707400
2025-10-13,5.269999980926514,5.309999942779541,5.190000057220459,5.25,42372500
2025-10-14,5.349999904632568,5.5,5.320000171661377,5.46999979019165,50865600
2025-10-15,5.5,5.659999847412109,5.489999771118164,5.650000095367432,65461400
2025-10-16,5.71999979019165,5.789999961853027,5.639999866485596,5.679999828338623,38505000
2025-10-17,5.679999828338623,5.78000020980835,5.679999828338623,5.739999771118164,31787900
2025-10-20,5.699999809265137,5.739999771118164,5.670000076293945,5.710000038146973,36090400
2025-10-21,5.650000095367432,5.659999847412109,5.579999923706055,5.579999923706055,37625800
2025-10-22,5.559999942779541,5.630000114440918,5.449999809265137,5.550000190734863,66700500
2025-10-23,5.889999866485596,6.230000019073486,5.840000152587891,6.170000076293945,114770300
2025-10-24,6.150000095367432,6.340000152587891,6.139999866485596,6.300000190734863,71565400
2025-10-27,6.340000152587891,6.440000057220459,6.329999923706055,6.360000133514404,41247600
2025-10-28,6.420000076293945,8.1899995803833,6.400000095367432,7.769999980926514,377988500
2025-10-29,7.639999866485596,7.639999866485596,7.289999961853027,7.329999923706055,184917800
2025-10-30,7.179999828338623,7.320000171661377,7.059999942779541,7.130000114440918,89562200
2025-10-31,6.980000019073486,6.980000019073486,6.78000020980835,6.909999847412109,94524000
2025-11-03,7.150000095367432,7.210000038146973,7.059999942779541,7.150000095367432,60252300
2025-11-04,6.909999847412109,7,6.789999961853027,6.809999942779541,45837100
2025-11-05,6.840000152587891,6.889999866485596,6.829999923706055,6.849999904632568,32183100
2025-11-06,6.960000038146973,6.989999771118164,6.820000171661377,6.909999847412109,34913200
2025-11-07,6.889999866485596,6.920000076293945,6.78000020980835,6.840000152587891,41161200
2025-11-10,6.880000114440918,7.179999828338623,6.769999980926514,6.96999979019165,48750500
2025-11-11,6.900000095367432,6.960000038146973,6.840000152587891,6.900000095367432,34859900
2025-11-12,6.880000114440918,7.050000190734863,6.809999942779541,7.019999980926514,50336400
2025-11-13,7.050000190734863,7.230000019073486,6.760000228881836,6.78000020980835,55927900
2025-11-14,6.670000076293945,6.820000171661377,6.570000171661377,6.730000019073486,30804500
2025-11-17,6.71999979019165,6.769999980926514,6.659999847412109,6.659999847412109,33430100
2025-11-18,6.519999980926514,6.679999828338623,6.510000228881836,6.639999866485596,47362300
2025-11-19,6.239999771118164,6.239999771118164,5.980000019073486,6.03000020980835,82288500
2025-11-20,6.179999828338623,6.210000038146973,5.860000133514404,5.869999885559082,55834400
2025-11-21,5.960000038146973,6.039999961853027,5.889999866485596,5.940000057220459,45461900
2025-11-24,5.920000076293945,6.090000152587891,5.909999847412109,6.090000152587891,31183100
2025-11-25,6.079999923706055,6.130000114440918,6.03000020980835,6.059999942779541,29549100
2025-11-26,6.039999961853027,6.130000114440918,6.039999961853027,6.079999923706055,23820300
2025-11-28,6.070000171661377,6.110000133514404,6.03000020980835,6.079999923706055,12104500
2025-12-01,6.159999847412109,6.179999828338623,6.110000133514404,6.119999885559082,16859000
2025-12-02,6.150000095367432,6.230000019073486,6.150000095367432,6.190000057220459,19946600
2025-12-03,6.179999828338623,6.28000020980835,6.150000095367432,6.260000228881836,23289200
2025-12-04,6.230000019073486,6.239999771118164,6.150000095367432,6.159999847412109,13079400
2025-12-05,6.130000114440918,6.170000076293945,6.050000190734863,6.070000171661377,17830400
2025-12-08,6.099999904632568,6.179999828338623,6.099999904632568,6.150000095367432,22783000
2025-12-09,6.170000076293945,6.260000228881836,6.170000076293945,6.179999828338623,17312100
2025-12-10,6.179999828338623,6.260000228881836,6.130000114440918,6.21999979019165,13769900
2025-12-11,6.429999828338623,6.53000020980835,6.349999904632568,6.360000133514404,25513500
2025-12-12,6.309999942779541,6.340000152587891,6.179999828338623,6.269999980926514,24819000
2025-12-15,6.260000228881836,6.289999961853027,6.179999828338623,6.199999809265137,18299400
2025-12-16,6.199999809265137,6.289999961853027,6.170000076293945,6.289999961853027,24121500
2025-12-17,6.239999771118164,6.269999980926514,6.199999809265137,6.21999979019165,17103000
2025-12-18,6.400000095367432,6.440000057220459,6.329999923706055,6.380000114440918,19965600
2025-12-19,6.389999866485596,6.539999961853027,6.369999885559082,6.5,27945700
2025-12-22,6.5,6.570000171661377,6.460000038146973,6.539999961853027,25844500
2025-12-23,6.519999980926514,6.559999942779541,6.5,6.53000020980835,13205100
2025-12-24,6.539999961853027,6.610000133514404,6.510000228881836,6.590000152587891,7573700
2025-12-26,6.610000133514404,6.71999979019165,6.599999904632568,6.619999885559082,11728800
2025-12-29,6.539999961853027,6.599999904632568,6.53000020980835,6.579999923706055,11980800
2025-12-30,6.590000152587891,6.619999885559082,6.5,6.510000228881836,16917900
2025-12-31,6.5,6.510000228881836,6.460000038146973,6.46999979019165,10509500
2026-01-02,6.590000152587891,6.659999847412109,6.46999979019165,6.510000228881836,26556700
2026-01-05,6.570000171661377,6.579999923706055,6.46999979019165,6.5,32654000
2026-01-06,6.489999771118164,6.510000228881836,6.369999885559082,6.46999979019165,23058700
2026-01-07,6.769999980926514,6.940000057220459,6.679999828338623,6.789999961853027,52745400
2026-01-08,6.599999904632568,6.610000133514404,6.429999828338623,6.489999771118164,40584600
2026-01-09,6.510000228881836,6.550000190734863,6.460000038146973,6.480000019073486,30426300
2026-01-12,6.449999809265137,6.590000152587891,6.440000057220459,6.579999923706055,24617700
2026-01-13,6.559999942779541,6.570000171661377,6.46999979019165,6.519999980926514,24621900
2026-01-14,6.550000190734863,6.610000133514404,6.340000152587891,6.360000133514404,34580700
2026-01-15,6.659999847412109,6.769999980926514,6.599999904632568,6.610000133514404,50093600
2026-01-16,6.650000095367432,6.670000076293945,6.53000020980835,6.550000190734863,27843000
2026-01-20,6.409999847412109,6.559999942779541,6.369999885559082,6.409999847412109,38151900
2026-01-21,6.380000114440918,6.46999979019165,6.320000171661377,6.440000057220459,25016200
2026-01-22,6.550000190734863,6.619999885559082,6.489999771118164,6.5,30657300
2026-01-23,6.71999979019165,6.820000171661377,6.650000095367432,6.769999980926514,33434000
2026-01-26,6.800000190734863,6.940000057220459,6.800000190734863,6.909999847412109,34604700
2026-01-27,6.989999771118164,7.090000152587891,6.920000076293945,6.940000057220459,44784600
2026-01-28,6.670000076293945,6.849999904632568,6.599999904632568,6.820000171661377,64275500
2026-01-29,6.340000152587891,6.449999809265137,6.059999942779541,6.289999961853027,82216400
2026-01-30,6.369999885559082,6.53000020980835,6.349999904632568,6.429999828338623,40681700
2026-02-02,6.489999771118164,6.690000057220459,6.480000019073486,6.659999847412109,28776200
2026-02-03,6.610000133514404,6.71999979019165,6.590000152587891,6.690000057220459,34317800
2026-02-04,6.829999923706055,7.010000228881836,6.71999979019165,6.800000190734863,46800100
2026-02-05,6.75,6.920000076293945,6.739999771118164,6.860000133514404,24095600
2026-02-06,6.960000038146973,7.110000133514404,6.960000038146973,7.070000171661377,29303700
2026-02-09,7.019999980926514,7.190000057220459,6.980000019073486,7.179999828338623,27973100
2026-02-10,7.159999847412109,7.179999828338623,7.079999923706055,7.079999923706055,24522400
2026-02-11,7.269999980926514,7.349999904632568,7.139999866485596,7.340000152587891,32206000
2026-02-12,7.170000076293945,7.210000038146973,6.929999828338623,6.96999979019165,35874700
2026-02-13,6.949999809265137,7.090000152587891,6.880000114440918,7.03000020980835,22525000
2026-02-17,7.03000020980835,7.340000152587891,7.019999980926514,7.300000190734863,65856700
2026-02-18,7.360000133514404,7.5,7.309999942779541,7.429999828338623,61876300
2026-02-19,7.460000038146973,7.610000133514404,7.429999828338623,7.599999904632568,50212100
2026-02-20,7.650000095367432,7.800000190734863,7.550000190734863,7.769999980926514,70938400
2026-02-23,7.599999904632568,7.71999979019165,7.539999961853027,7.570000171661377,32001000
2026-02-24,7.449999809265137,7.559999942779541,7.400000095367432,7.489999771118164,30379000
2026-02-25,7.550000190734863,7.630000114440918,7.539999961853027,7.570000171661377,20380800
2026-02-26,7.440000057220459,7.5,7.28000020980835,7.5,44024000
2026-02-27,7.5,7.769999980926514,7.460000038146973,7.71999979019165,39828500
2026-03-02,7.590000152587891,8.369999885559082,7.570000171661377,8.260000228881836,125013200
2026-03-03,7.909999847412109,8.1899995803833,7.659999847412109,8.069999694824219,85546500
2026-03-04,8.210000038146973,8.34000015258789,8.050000190734863,8.149999618530273,69147600
2026-03-05,7.940000057220459,7.980000019073486,7.670000076293945,7.849999904632568,45999800
2026-03-06,7.710000038146973,7.860000133514404,7.679999828338623,7.739999771118164,43507300
2026-03-09,7.639999866485596,7.909999847412109,7.559999942779541,7.889999866485596,46247300
2026-03-10,7.980000019073486,8.1899995803833,7.769999980926514,7.800000190734863,60837800
2026-03-11,7.75,8.010000228881836,7.730000019073486,7.900000095367432,34696500
2026-03-12,8.130000114440918,8.3100004196167,8.020000457763672,8.140000343322754,88769700
2026-03-13,8.399999618530273,8.65999984741211,8.180000305175781,8.239999771118164,82307400
2026-03-16,8.380000114440918,8.819999694824219,8.300000190734863,8.649999618530273,71010000
2026-03-17,8.460000038146973,8.699999809265137,8.369999885559082,8.550000190734863,49725000
2026-03-18,8.550000190734863,8.640000343322754,8.34000015258789,8.359999656677246,52448200
2026-03-19,8.039999961853027,8.390000343322754,8,8.300000190734863,64257400
2026-03-20,8.369999885559082,8.420000076293945,7.909999847412109,7.980000019073486,55117000
2026-03-23,8.029999732971191,8.1899995803833,7.949999809265137,8.0600004196167,45090900
2026-03-24,8.0600004196167,8.279999732971191,8.039999961853027,8.25,52853800
2026-03-25,8.420000076293945,8.539999961853027,8.329999923706055,8.40999984741211,55987700
2026-03-26,8.4399995803833,8.529999732971191,8.25,8.279999732971191,54616000
2026-03-27,8.0600004196167,8.140000343322754,7.860000133514404,7.980000019073486,50816800
2026-03-30,8.170000076293945,8.239999771118164,7.869999885559082,7.960000038146973,45739300
2026-03-31,7.940000057220459,8.050000190734863,7.789999961853027,8.039999961853027,52758100
2026-04-01,8.130000114440918,8.430000305175781,8.079999923706055,8.270000457763672,59809900
2026-04-02,8.079999923706055,8.84000015258789,8.069999694824219,8.819999694824219,92257600
2026-04-06,9.149999618530273,9.289999961853027,8.84000015258789,8.890000343322754,83637500
2026-04-07,8.579999923706055,8.920000076293945,8.520000457763672,8.850000381469727,78345300
2026-04-08,9.180000305175781,9.520000457763672,9.100000381469727,9.4399995803833,107640100
2026-04-09,9.40999984741211,9.680000305175781,9.390000343322754,9.550000190734863,92391800
2026-04-10,9.729999542236328,9.869999885559082,9.359999656677246,9.460000038146973,81032700
2026-04-13,9.779999732971191,10.479999542236328,9.6899995803833,10.369999885559082,153190900
2026-04-14,10.34000015258789,10.5600004196167,10.140000343322754,10.350000381469727,99606300
2026-04-15,10.369999885559082,10.369999885559082,9.9399995803833,9.989999771118164,74676500
2026-04-16,10.079999923706055,10.289999961853027,9.9399995803833,10.289999961853027,50131100
2026-04-17,10.479999542236328,10.489999771118164,10.1899995803833,10.3100004196167,48836300
2026-04-20,10.4399995803833,10.6899995803833,10.4399995803833,10.600000381469727,88700500
2026-04-21,10.600000381469727,10.670000076293945,10.359999656677246,10.399999618530273,61591000
2026-04-22,10.289999961853027,10.329999923706055,9.789999961853027,9.859999656677246,110701800
2026-04-23,10.779999732971191,10.859999656677246,10.100000381469727,10.329999923706055,176863900
2026-04-24,10.649999618530273,10.899999618530273,10.3100004196167,10.460000038146973,126574500
2026-04-27,10.729999542236328,11.300000190734863,10.6899995803833,10.760000228881836,141159900
2026-04-28,10.619999885559082,11.3100004196167,10.460000038146973,11.300000190734863,135363200
2026-04-29,11.630000114440918,12.600000381469727,11.579999923706055,12.460000038146973,159946000
2026-04-30,12.300000190734863,12.920000076293945,12.109999656677246,12.90999984741211,136493600
2026-05-01,13.050000190734863,13.890000343322754,12.869999885559082,13.300000190734863,148599600
2026-05-04,13.380000114440918,13.529999732971191,13.020000457763672,13.140000343322754,122095600
2026-05-05,13.630000114440918,13.979999542236328,13.229999542236328,13.420000076293945,95319000
2026-05-06,13.350000381469727,13.539999961853027,13.010000228881836,13.1899995803833,121621400
2026-05-07,12.8100004196167,12.84000015258789,12.130000114440918,12.350000381469727,128229200
2026-05-08,12.350000381469727,13.050000190734863,12.350000381469727,12.819999694824219,97077400
2026-05-11,12.970000267028809,14.050000190734863,12.760000228881836,13.920000076293945,143926900
2026-05-12,13.5,13.619999885559082,12.829999923706055,13.170000076293945,104242900
2026-05-13,13.8100004196167,14.829999923706055,13.470000267028809,14.710000038146973,151685500
2026-05-14,15.149999618530273,15.1899995803833,14.300000190734863,14.460000038146973,137481600
2026-05-15,13.739999771118164,14.0600004196167,13.619999885559082,13.949999809265137,109259600
2026-05-18,14.369999885559082,14.479999542236328,13.5,13.739999771118164,91726800
2026-05-19,13.420000076293945,13.989999771118164,13.09000015258789,13.670000076293945,82613300
2026-05-20,13.920000076293945,14.050000190734863,13.300000190734863,13.619999885559082,79252100
2026-05-21,13.65999984741211,14.220000267028809,13.619999885559082,14.180000305175781,63920600
2026-05-22,14.699999809265137,15.779999732971191,14.579999923706055,15.470000267028809,127724400
2026-05-26,15.989999771118164,16.6299991607666,15.65999984741211,16.459999084472656,191317800
2026-05-27,16,16.049999237060547,15.539999961853027,15.680000305175781,123792300
2026-05-28,15.819999694824219,15.829999923706055,15.079999923706055,15.279999732971191,117360600
2026-05-29,15.180000305175781,15.260000228881836,14.529999732971191,14.84000015258789,113012700
2026-06-01,15.069999694824219,16.520000457763672,14.930000305175781,16.25,172998700
2026-06-02,16.559999465942383,17.110000610351562,16.450000762939453,16.850000381469727,136069500
2026-06-03,16.989999771118164,17.450000762939453,16.40999984741211,16.729999542236328,148764200
2026-06-04,15.789999961853027,16.68000030517578,15.529999732971191,16.6200008392334,128968300
2026-06-05,15.65999984741211,15.670000076293945,14,14.380000114440918,185183800
2026-06-08,14.859999656677246,15.0600004196167,14.449999809265137,14.59000015258789,102809500
2026-06-09,14.579999923706055,14.619999885559082,13.180000305175781,13.850000381469727,186505400
2026-06-10,13.710000038146973,14.029999732971191,13.319999694824219,13.399999618530273,97426700
2026-06-11,13.569999694824219,14.170000076293945,13.399999618530273,14.09000015258789,94785000
2026-06-12,14.34000015258789,15.069999694824219,14.239999771118164,14.800000190734863,117902600
2026-06-15,14.859999656677246,14.920000076293945,14.270000457763672,14.819999694824219,131110900
2026-06-16,14.760000228881836,14.789999961853027,13.75,13.979999542236328,123976200
2026-06-17,14.34000015258789,14.369999885559082,13.699999809265137,13.829999923706055,103550600
2026-06-18,14,14.039999961853027,13.289999961853027,13.489999771118164,126787700
2026-06-22,13.84000015258789,14.5600004196167,13.800000190734863,14.430000305175781,117605900
2026-06-23,13.460000038146973,13.890000343322754,13.220000267028809,13.699999809265137,84538000
2026-06-24,13.720000267028809,14.15999984741211,13.59000015258789,13.8100004196167,91575300
2026-06-25,14.130000114440918,14.15999984741211,13.359999656677246,13.979999542236328,76444200
2026-06-26,13.4399995803833,13.4399995803833,12.779999732971191,13.010000228881836,142843700
2026-06-29,12.850000381469727,13.029999732971191,12.15999984741211,13.029999732971191,97835000
2026-06-30,13.239999771118164,13.489999771118164,13.130000114440918,13.279999732971191,53067500
2026-07-01,12.84000015258789,13.100000381469727,12.720000267028809,12.90999984741211,55823800
2026-07-02,12.65999984741211,12.90999984741211,11.899999618530273,12.069999694824219,77939100
2026-07-06,12.460000038146973,12.760000228881836,12.350000381469727,12.510000228881836,50473500
2026-07-07,12,12.350000381469727,11.75,11.850000381469727,69554100
2026-07-08,11.670000076293945,11.979999542236328,11.579999923706055,11.949999809265137,58184800
2026-07-09,12.430000305175781,13.130000114440918,12.390000343322754,12.899999618530273,97810600
2026-07-10,12.479999542236328,12.619999885559082,12.260000228881836,12.4399995803833,50198800
2026-07-13,12.210000038146973,12.229999542236328,11.600000381469727,11.6899995803833,103877800
2026-07-14,11.930000305175781,11.9399995803833,11.489999771118164,11.699999809265137,87527100
2026-07-15,12.050000190734863,12.050000190734863,10.84000015258789,11.25,115056200
2026-07-16,10.800000190734863,10.890000343322754,10.25,10.380000114440918,144325400
2026-07-17,10.039999961853027,10.34000015258789,9.829999923706055,10.119999885559082,116156300
2026-07-20,10.220000267028809,10.329999923706055,10.069999694824219,10.079999923706055,81281900
2026-07-21,10.479999542236328,10.770000457763672,10.449999809265137,10.630000114440918,101227600
2026-07-22,10.239999771118164,10.479999542236328,10.199999809265137,10.279999732971191,93751200
2026-07-23,10.109999656677246,10.359999656677246,9.680000305175781,9.729999542236328,183175400
2026-07-24,9.579999923706055,9.6899995803833,9.010000228881836,9.100000381469727,119145400
2026-07-27,9.350000381469727,9.369999885559082,8.880000114440918,9.279999732971191,97130500
2026-07-28,9.050000190734863,9.069999694824219,8.600000381469727,8.930000305175781,108249100
2026-07-29,8.90999984741211,8.90999984741211,8.369999885559082,8.40999984741211,94740900
2026-07-30,9.15999984741211,9.34000015258789,8.920000076293945,9.09000015258789,106977600
2026-07-31,9.420000076293945,9.539999961853027,9.050000190734863,9.140000343322754,91720600
2026-08-03,8.880000114440918,9.430000305175781,8.770000457763672,9.359999656677246,61112500
2026-08-04,9.970000267028809,10.170000076293945,9.760000228881836,9.920000076293945,99289300
2026-08-05,9.819999694824219,9.970000267028809,9.5600004196167,9.579999923706055,68253700
2026-08-06,9.390000343322754,9.619999885559082,9.300000190734863,9.430000305175781,47149200
2026-08-07,9.59000015258789,9.670000076293945,9.270000457763672,9.359999656677246,50168600
2026-08-10,9.489999771118164,9.520000457763672,9.119999885559082,9.130000114440918,42593200
2026-08-11,9.369999885559082,9.520000457763672,9.3100004196167,9.4399995803833,65915900
2026-08-12,10.399999618530273,10.5,10.199999809265137,10.319999694824219,115698800
2026-08-13,10.40999984741211,10.90999984741211,10.350000381469727,10.5600004196167,112102100
2026-08-14,10.529999732971191,10.84000015258789,10.460000038146973,10.760000228881836,68497100
2026-08-17,10.8100004196167,11.130000114440918,10.720000267028809,10.779999732971191,89164500
2026-08-18,10.300000190734863,10.529999732971191,10.210000038146973,10.390000343322754,111844400
2026-08-19,10.710000038146973,10.739999771118164,10.09000015258789,10.130000114440918,89535100
2026-08-20,10.010000228881836,10.289999961853027,9.869999885559082,10.149999618530273,73182800
2026-08-21,10.25,10.369999885559082,10.069999694824219,10.210000038146973,58939400
2026-08-24,9.979999542236328,10.020000457763672,9.770000457763672,9.960000038146973,48352000
2026-08-25,10.3100004196167,10.380000114440918,10.210000038146973,10.350000381469727,34801200
2026-08-26,10.229999542236328,10.40999984741211,10.09000015258789,10.40999984741211,37284200
2026-08-27,10.630000114440918,10.65999984741211,10.359999656677246,10.59000015258789,70499200
2026-08-28,10.529999732971191,10.569999694824219,10.15999984741211,10.210000038146973,59866300
2026-08-31,10.220000267028809,10.279999732971191,10.020000457763672,10.140000343322754,45549200
2026-09-01,10.0600004196167,10.069999694824219,9.75,9.930000305175781,61577900
2026-09-02,9.979999542236328,9.979999542236328,9.729999542236328,9.84000015258789,49178900
2026-09-03,9.760000228881836,9.789999961853027,9.539999961853027,9.770000457763672,82023600
2026-09-04,10,10.109999656677246,9.930000305175781,10.029999732971191,45824000
