Date,Open,High,Low,Close,Volume
1991-04-02,22,23.25,20.75,20.92751121520996,2294100
1991-04-03,21.25,21.25,17,18.079389572143555,1716100
1991-04-04,18.25,19.5,17.75,17.831727981567383,810600
1991-04-05,18.5,18.5,17.75,17.584064483642578,238200
1991-04-08,18,18,17.5,17.460233688354492,200100
1991-04-09,18,18,16,15.850422859191895,319000
1991-04-10,16,16.25,15.5,15.726591110229492,582100
1991-04-11,16,16.5,14.75,14.61211109161377,319400
1991-04-12,14.75,16.5,14.75,16.098087310791016,329700
1991-04-15,16.5,16.75,16,15.974255561828613,171400
1991-04-16,16.375,16.375,16,15.974255561828613,130500
1991-04-17,16.375,16.375,15.25,15.107434272766113,187600
1991-04-18,15.5,15.5,14.5,15.107434272766113,320300
1991-04-19,15.25,15.25,14.625,14.735940933227539,68900
1991-04-22,14.875,14.875,14.125,13.992952346801758,79000
1991-04-23,14.125,14.75,14.125,14.116783142089844,335000
1991-04-24,14.625,14.75,14.375,14.61211109161377,90500
1991-04-25,14.375,14.75,14.375,14.364447593688965,115400
1991-04-26,14.5,14.5,14,14.240615844726562,122600
1991-04-29,14.375,14.375,12.375,12.38314437866211,183700
1991-04-30,13,13,12,12.506974220275879,330000
1991-05-01,12.75,13.875,12.5,13.373795509338379,237800
1991-05-02,14,14.125,13.25,13.373795509338379,153900
1991-05-03,13.25,13.625,13,13.249963760375977,65300
1991-05-06,13.375,13.625,12.75,13.497626304626465,163700
1991-05-07,13.875,14.125,13.375,13.249963760375977,146100
1991-05-08,14,14.125,13.25,13.12613296508789,162600
1991-05-09,13.625,13.625,13.25,13.497626304626465,25700
1991-05-10,13.25,13.625,12.75,12.630805969238281,125200
1991-05-13,13,13,11.375,11.392492294311523,137900
1991-05-14,11.75,12.125,11.5,11.763986587524414,173200
1991-05-15,12.125,12.125,10.25,10.649503707885742,186200
1991-05-16,10.75,11.5,10.375,11.144828796386719,230000
1991-05-17,11.625,12.125,11.125,11.640153884887695,75000
1991-05-20,11.75,11.875,11,11.268660545349121,83000
1991-05-21,11.375,12.25,11.25,12.135481834411621,139700
1991-05-22,11.875,12.375,11.625,12.011650085449219,184200
1991-05-23,12.5,12.75,11.875,11.763986587524414,135900
1991-05-24,11.875,12.25,11.875,12.135481834411621,14600
1991-05-28,12.25,12.25,11.875,11.887816429138184,16900
1991-05-29,12,12.75,12,12.506974220275879,245700
1991-05-30,12.875,13.25,12.125,12.135481834411621,253200
1991-05-31,12.5,12.5,12.125,12.135481834411621,85200
1991-06-03,12.5,12.5,11.5,11.640153884887695,102400
1991-06-04,12,12.125,11.625,12.011650085449219,59800
1991-06-05,12.125,12.125,11.875,11.763986587524414,48900
1991-06-06,11.875,12.125,11.875,11.763986587524414,13200
1991-06-07,12.125,12.125,11.5,11.516322135925293,32500
1991-06-10,11.5,11.875,11.125,11.516322135925293,69400
1991-06-11,11.625,11.625,11.125,11.516322135925293,26800
1991-06-12,11.5,11.5,10.75,10.89716625213623,113400
1991-06-13,11,11,10.25,10.278009414672852,59600
1991-06-14,10.75,11,10.375,10.89716625213623,152800
1991-06-17,10.875,11.25,10.875,10.773335456848145,20400
1991-06-18,10.875,11.5,10.875,11.144828796386719,130100
1991-06-19,11.5,11.5,11.25,11.392492294311523,27700
1991-06-20,11.5,12,11,11.887816429138184,58900
1991-06-21,12,12.25,11.75,11.887816429138184,48200
1991-06-24,11.75,12,11,11.392492294311523,78300
1991-06-25,11,11.5,11,11.02099895477295,48000
1991-06-26,11,11.25,11,10.89716625213623,91800
1991-06-27,11.25,11.25,11,11.144828796386719,16200
1991-06-28,11,11.25,10.75,11.02099895477295,59700
1991-07-01,10.75,11.125,10.75,11.02099895477295,15900
1991-07-02,11.125,11.125,10.375,10.525671005249023,43900
1991-07-03,10.75,10.75,10.375,10.401840209960938,38200
1991-07-05,10.375,10.75,10.25,10.15417766571045,43900
1991-07-08,10,10.5,9.875,10.15417766571045,44400
1991-07-09,10,10.875,10,10.649503707885742,45100
1991-07-10,10.5,11,10.5,10.401840209960938,11500
1991-07-11,10.5,11,10.5,10.773335456848145,15400
1991-07-12,10.875,10.875,10.5,10.401840209960938,40600
1991-07-15,10.5,11.25,10.5,11.144828796386719,36800
1991-07-16,11.5,11.5,10.5,10.649503707885742,39000
1991-07-17,10.5,10.875,10.5,10.649503707885742,47500
1991-07-18,10.75,11,10.625,10.89716625213623,38400
1991-07-19,10.625,11,10.625,10.89716625213623,14300
1991-07-22,11,11,10.5,10.401840209960938,68700
1991-07-23,10.5,10.875,10.25,10.401840209960938,9700
1991-07-24,10.75,10.75,10.25,10.15417766571045,14400
1991-07-25,10.25,10.75,9.75,9.782683372497559,50400
1991-07-26,10.125,10.25,9.75,10.15417766571045,16200
1991-07-29,10.25,10.25,9.875,10.15417766571045,4400
1991-07-30,10.25,10.625,10,10.525671005249023,108100
1991-07-31,10.875,12,10.75,11.392492294311523,83200
1991-08-01,11.625,11.75,11.25,11.144828796386719,28400
1991-08-02,11.5,11.5,11.25,11.144828796386719,17600
1991-08-05,11.375,11.5,11.25,11.392492294311523,3700
1991-08-06,11.25,11.5,10.5,10.649503707885742,91300
1991-08-07,10.625,10.875,10.625,10.773335456848145,10400
1991-08-08,10.875,11.25,10.625,10.649503707885742,25800
1991-08-09,10.875,10.875,10.125,10.525671005249023,34300
1991-08-12,10.625,10.625,10.25,10.525671005249023,10900
1991-08-13,10.25,10.625,10.25,10.525671005249023,15900
1991-08-14,10.375,10.75,10.25,10.15417766571045,49000
1991-08-15,10.25,10.75,10.25,10.649503707885742,180400
1991-08-16,10.75,11,10.5,10.773335456848145,32900
1991-08-19,10.25,10.25,9.75,10.03034782409668,58600
1991-08-20,10.5,10.5,10.125,10.278009414672852,37900
1991-08-21,10.375,11,10.25,10.525671005249023,103900
1991-08-22,10.875,10.875,10.25,10.401840209960938,38700
1991-08-23,10.25,10.75,10.25,10.401840209960938,40100
1991-08-26,10.75,10.75,10.5,10.401840209960938,24300
1991-08-27,10.375,10.75,10.25,10.278009414672852,32700
1991-08-28,10.625,10.625,10.25,10.401840209960938,89700
1991-08-29,10.625,12.25,10.5,11.887816429138184,516600
1991-08-30,12.25,12.25,11.375,11.392492294311523,124000
1991-09-03,12.125,13,12.125,12.259312629699707,270400
1991-09-04,12.625,13,12.375,12.754637718200684,99500
1991-09-05,13.125,13.5,12.875,13.249963760375977,196100
1991-09-06,13.375,13.75,12.875,12.754637718200684,249300
1991-09-09,12.75,13.125,12.5,12.630805969238281,55300
1991-09-10,12.875,13.125,12.375,12.38314437866211,66100
1991-09-11,12.5,12.5,12,12.135481834411621,39900
1991-09-12,12.25,13.125,12.125,13.002301216125488,177000
1991-09-13,12.875,13.375,12.875,13.12613296508789,66500
1991-09-16,13.375,13.375,13,12.87846851348877,54200
1991-09-17,13.25,13.25,12.75,12.87846851348877,31900
1991-09-18,13.125,13.125,12.375,12.506974220275879,123300
1991-09-19,13.25,16.25,12.625,15.850422859191895,879400
1991-09-20,17.5,17.5,15.75,15.974255561828613,533100
1991-09-23,16,16,14.5,14.859771728515625,274000
1991-09-24,15.25,15.25,14,14.364447593688965,210700
1991-09-25,14.75,14.75,14.25,14.364447593688965,40300
1991-09-26,14,14.625,13.75,14.116783142089844,136700
1991-09-27,14.5,14.75,14,14.61211109161377,91400
1991-09-30,14.75,14.75,14,14.61211109161377,79400
1991-10-01,14.25,14.75,14.25,14.116783142089844,134600
1991-10-02,14.75,15.75,14.25,14.859771728515625,107300
1991-10-03,15.5,15.5,14.75,15.107434272766113,101800
1991-10-04,15.5,16.25,15.25,15.602762222290039,183500
1991-10-07,15.75,15.75,15,14.859771728515625,61300
1991-10-08,15,15.5,15,15.355098724365234,22300
1991-10-09,16,16.25,15.5,15.974255561828613,235500
1991-10-10,15.75,16.25,15.5,15.850422859191895,343400
1991-10-11,15.5,16,15.5,15.602762222290039,176300
1991-10-14,16,16.25,15.5,15.850422859191895,58900
1991-10-15,16,17.5,16,17.336400985717773,377800
1991-10-16,17.25,18.75,16.75,18.079389572143555,349800
1991-10-17,18,18,17,16.84107780456543,129100
1991-10-18,17,17.75,17,17.0887393951416,141400
1991-10-21,17.25,17.75,17.25,17.584064483642578,68100
1991-10-22,17.25,19.25,17.25,18.57471466064453,260900
1991-10-23,18.5,20.5,18.25,18.327051162719727,633000
1991-10-24,18.5,19.5,16.25,17.336400985717773,524600
1991-10-25,19,19,17.75,17.95555877685547,235500
1991-10-28,18,18.5,18,17.831727981567383,24600
1991-10-29,18.5,18.5,17.75,17.584064483642578,15500
1991-10-30,17.75,19.75,17.75,19.317705154418945,240200
1991-10-31,19.25,19.75,19,19.070039749145508,99300
1991-11-01,19.75,19.75,18.5,18.822378158569336,120500
1991-11-04,18.75,18.75,17.75,17.584064483642578,66400
1991-11-05,17.75,18.25,17.75,17.707895278930664,71900
1991-11-06,17.75,18.5,17.75,17.831727981567383,59300
1991-11-07,18.5,19.75,18.25,19.070039749145508,176400
1991-11-08,19.5,20,18.25,19.813030242919922,646600
1991-11-11,20.25,20.5,18.5,20.3083553314209,925300
1991-11-12,20.5,21,19,19.813030242919922,579000
1991-11-13,19.75,20,19.75,19.565366744995117,217700
1991-11-14,19.75,20,18,18.327051162719727,668400
1991-11-15,18,18.25,14.5,14.61211109161377,599100
1991-11-18,15,15.75,13.75,15.602762222290039,396800
1991-11-19,15.75,16,14.5,14.983603477478027,217800
1991-11-20,16,16.25,14.75,15.107434272766113,199400
1991-11-21,14.875,15,14,14.364447593688965,143300
1991-11-22,14.25,15,14.25,14.240615844726562,139500
1991-11-25,14.75,14.75,14.25,14.61211109161377,89400
1991-11-26,14.75,14.75,14,14.116783142089844,125800
1991-11-27,14.25,14.75,14.25,14.61211109161377,25700
1991-11-29,15,15.875,14.5,15.602762222290039,41500
1991-12-02,15.5,16,15,15.602762222290039,45900
1991-12-03,15.75,15.75,15,15.602762222290039,20100
1991-12-04,15.75,16.25,15.25,15.602762222290039,84700
1991-12-05,15.75,16.25,15.75,15.602762222290039,57800
1991-12-06,16.25,16.25,15.5,16.098087310791016,8000
1991-12-09,16.25,16.25,15.5,15.850422859191895,5300
1991-12-10,15.5,15.5,14.875,14.859771728515625,27300
1991-12-11,14.75,15.25,14.5,14.48827838897705,19700
1991-12-12,14.5,15.25,14.5,14.61211109161377,31600
1991-12-13,15,15.75,15,15.602762222290039,130400
1991-12-16,15.75,16,15.25,15.355098724365234,119200
1991-12-17,15.5,17.25,15.5,16.84107780456543,250600
1991-12-18,17.25,17.5,16.75,16.84107780456543,53000
1991-12-19,16.5,17.25,16.5,16.59341049194336,74700
1991-12-20,17,17,16.5,16.345748901367188,89600
1991-12-23,16.25,16.75,16,16.59341049194336,66300
1991-12-24,16.75,17.5,16.5,17.336400985717773,53100
1991-12-26,16.75,18,16.75,17.831727981567383,33900
1991-12-27,17.5,18,17.5,17.336400985717773,18700
1991-12-30,17.5,17.5,17,17.0887393951416,65500
1991-12-31,17,18.25,17,17.95555877685547,150300
1992-01-02,18.25,18.75,17.75,18.57471466064453,98300
1992-01-03,18.75,19.25,18.25,18.079389572143555,165300
1992-01-06,18.25,18.75,18,18.327051162719727,99300
1992-01-07,17.75,18.75,17.75,18.203222274780273,112100
1992-01-08,18,18.75,17.75,17.831727981567383,107400
1992-01-09,19,20,18.5,19.317705154418945,445500
1992-01-10,19,19.75,19,19.565366744995117,94100
1992-01-13,19.5,19.5,18.75,19.070039749145508,349800
1992-01-14,19.5,20.5,18.75,19.689199447631836,315500
1992-01-15,19.75,20.25,19.5,19.317705154418945,279700
1992-01-16,19.75,19.75,17.75,18.327051162719727,132900
1992-01-17,18.75,19,17.75,18.327051162719727,51700
1992-01-20,18,18.75,18,18.079389572143555,33500
1992-01-21,18,18,17,16.84107780456543,141000
1992-01-22,17,18.5,17,18.079389572143555,89100
1992-01-23,19.5,20.25,19.5,20.06069564819336,343300
1992-01-24,20.25,20.75,19.75,20.06069564819336,126300
1992-01-27,20.75,20.75,20,19.813030242919922,452900
1992-01-28,20,20.5,19.5,19.813030242919922,126800
1992-01-29,19.75,20.25,19.75,19.813030242919922,178200
1992-01-30,20.25,20.25,20,19.813030242919922,106000
1992-01-31,20,21,20,20.3083553314209,153100
1992-02-03,21,21.5,20.5,21.051342010498047,302900
1992-02-04,21,22,21,21.051342010498047,311700
1992-02-05,21.25,22.5,21.25,22.0419979095459,103800
1992-02-06,22.5,23.25,22.5,22.289657592773438,278300
1992-02-07,23,23,21.75,22.0419979095459,321800
1992-02-10,22,23,21.5,21.918163299560547,298800
1992-02-11,22.5,22.5,21.25,21.051342010498047,373800
1992-02-12,21.75,21.75,20.75,20.803680419921875,59400
1992-02-13,21,21,19.25,19.565366744995117,190500
1992-02-14,19.25,19.25,18,18.079389572143555,109200
1992-02-18,18.25,18.75,16.5,16.84107780456543,90900
1992-02-19,16.5,17.5,15.25,17.336400985717773,209800
1992-02-20,18.25,19,17.75,18.822378158569336,111100
1992-02-21,18.5,19,17.75,18.327051162719727,29000
1992-02-24,17.75,18.5,17.75,17.584064483642578,54300
1992-02-25,17.75,18.5,17,17.336400985717773,39800
1992-02-26,17.75,19,17.25,18.327051162719727,58700
1992-02-27,18.75,18.75,18.25,18.079389572143555,35200
1992-02-28,18.75,18.75,17.75,17.831727981567383,31400
1992-03-02,18,18.25,17.75,17.584064483642578,11700
1992-03-03,17.75,18.5,17.75,18.079389572143555,13000
1992-03-04,17.75,17.75,15.75,16.345748901367188,115600
1992-03-05,16.75,16.75,15.75,15.850422859191895,53600
1992-03-06,16.25,16.25,15.75,16.098087310791016,36800
1992-03-09,16.25,16.625,16,16.098087310791016,31800
1992-03-10,17,17.75,16.5,17.584064483642578,28900
1992-03-11,17.75,17.75,16.5,16.59341049194336,28400
1992-03-12,17.25,17.25,16,16.098087310791016,110600
1992-03-13,16.25,16.25,15.75,15.850422859191895,20000
1992-03-16,15.75,16,14.75,14.859771728515625,73600
1992-03-17,15,16.25,15,15.850422859191895,26400
1992-03-18,16.25,16.5,15.75,15.602762222290039,31100
1992-03-19,16.25,16.25,15.75,16.098087310791016,7900
1992-03-20,16.25,16.5,15.75,16.345748901367188,24000
1992-03-23,16.5,16.5,16,16.345748901367188,6200
1992-03-24,16.5,16.5,16,16.345748901367188,3000
1992-03-25,16.25,16.5,15.5,15.850422859191895,84900
1992-03-26,16.25,16.25,15.25,15.602762222290039,29800
1992-03-27,15.25,15.5,14.75,14.859771728515625,66300
1992-03-30,15.25,15.25,14.5,14.364447593688965,62400
1992-03-31,14.5,15.25,14.5,15.107434272766113,65400
1992-04-01,15.75,16.5,15.5,15.850422859191895,105800
1992-04-02,16,16.25,15.25,15.107434272766113,49900
1992-04-03,15.25,15.25,14.5,14.859771728515625,31200
1992-04-06,14.5,15.75,14.5,15.107434272766113,78800
1992-04-07,15.25,15.75,14.75,15.107434272766113,66400
1992-04-08,14.5,15,14.25,14.116783142089844,105100
1992-04-09,14.5,14.75,14.25,14.61211109161377,75000
1992-04-10,14.5,15.25,14.5,14.364447593688965,10200
1992-04-13,15,15,14.5,14.364447593688965,9400
1992-04-14,14.75,15.25,14.75,14.61211109161377,50600
1992-04-15,15,15,12,12.87846851348877,209100
1992-04-16,13,13,11.25,11.516322135925293,173400
1992-04-20,11.625,12.5,10.75,12.38314437866211,145100
1992-04-21,13,13,12.25,12.506974220275879,121300
1992-04-22,12.75,12.75,12,12.630805969238281,40800
1992-04-23,12.75,12.75,12,12.135481834411621,44400
1992-04-24,12.25,12.25,11.25,11.268660545349121,61400
1992-04-27,11.25,12.5,11.25,12.38314437866211,53300
1992-04-28,12.5,13.125,12.25,12.38314437866211,66700
1992-04-29,13,14,13,13.621458053588867,74200
1992-04-30,14,14.25,13.5,13.373795509338379,94000
1992-05-01,13.25,13.75,12.5,12.87846851348877,27500
1992-05-04,13,13.75,12.5,13.497626304626465,45800
1992-05-05,13.75,14.25,13.25,14.116783142089844,28800
1992-05-06,14.25,14.25,13.75,13.621458053588867,21300
1992-05-07,14.25,14.25,13.75,13.869119644165039,25500
1992-05-08,13.75,13.75,11.75,12.135481834411621,68400
1992-05-11,12.25,12.5,12,11.887816429138184,39400
1992-05-12,12,12.5,12,11.887816429138184,23100
1992-05-13,11.75,12.25,11.5,11.887816429138184,30600
1992-05-14,12,12,11.5,11.392492294311523,9200
1992-05-15,11.75,11.75,10.75,11.02099895477295,48700
1992-05-18,11.5,11.5,11,11.268660545349121,58300
1992-05-19,11.75,12,11.5,11.640153884887695,32500
1992-05-20,11.5,11.75,11.25,11.144828796386719,16700
1992-05-21,11.75,11.75,10.75,11.144828796386719,35000
1992-05-22,10.75,12,10.75,11.887816429138184,25100
1992-05-26,12,12.5,11.75,11.887816429138184,27100
1992-05-27,12.5,13.25,12.5,12.87846851348877,44200
1992-05-28,13,13.5,12.75,13.373795509338379,25200
1992-05-29,13.5,14,13.25,13.621458053588867,45300
1992-06-01,13.5,14.25,13.5,13.621458053588867,20400
1992-06-02,13.75,14.5,13.5,13.373795509338379,29900
1992-06-03,13.25,13.5,12.75,13.12613296508789,26500
1992-06-04,13.25,13.25,12,12.506974220275879,56100
1992-06-05,12.375,12.75,12.25,12.630805969238281,52500
1992-06-08,12.75,12.75,12.25,12.135481834411621,203100
1992-06-09,12.25,12.5,11.75,12.011650085449219,55700
1992-06-10,12,12.75,12,11.887816429138184,231600
1992-06-11,12,12.25,11.75,11.640153884887695,3100
1992-06-12,11.75,12.25,11.75,12.135481834411621,7700
1992-06-15,12.25,12.25,11.75,11.887816429138184,9900
1992-06-16,12.25,12.625,11.5,11.392492294311523,23700
1992-06-17,11.5,11.5,10.5,10.773335456848145,88100
1992-06-18,10.75,10.75,10,10.401840209960938,58100
1992-06-19,10.5,10.75,10,10.649503707885742,48000
1992-06-22,10,10.75,9.875,9.906515121459961,14400
1992-06-23,10,11,10,10.649503707885742,38800
1992-06-24,11,11,10.5,10.649503707885742,6500
1992-06-25,10.5,11,10.5,10.649503707885742,24100
1992-06-26,11,11,11,10.89716625213623,11100
1992-06-29,11,11.5,11,11.02099895477295,74000
1992-06-30,11,11.5,11,11.144828796386719,133900
1992-07-01,11.25,11.5,10.75,10.89716625213623,21700
1992-07-02,11,11.5,10.75,10.773335456848145,30100
1992-07-06,10.75,11.25,10.5,10.401840209960938,15200
1992-07-07,11,11,10.375,10.401840209960938,17100
1992-07-08,11,11,10.25,10.15417766571045,4800
1992-07-09,10.25,11.25,10.25,11.144828796386719,41900
1992-07-10,11.25,11.5,11,10.89716625213623,98300
1992-07-13,11.5,11.75,11,11.268660545349121,45600
1992-07-14,11.75,11.75,11.25,11.640153884887695,5100
1992-07-15,11.25,11.5,10.875,10.89716625213623,34200
1992-07-16,10.75,11.25,10.75,11.144828796386719,4600
1992-07-17,11.25,11.75,10.75,11.392492294311523,75500
1992-07-20,11.5,12,11,11.887816429138184,29800
1992-07-21,12,12,11.25,11.640153884887695,20700
1992-07-22,11.75,11.75,11.25,11.144828796386719,23900
1992-07-23,11.25,11.75,11.25,11.640153884887695,31800
1992-07-24,11.5,11.5,10.75,10.773335456848145,58400
1992-07-27,10.75,11.25,10.75,11.144828796386719,14900
1992-07-28,12,12.5,11.5,12.259312629699707,165600
1992-07-29,12.5,12.5,12,12.38314437866211,24600
1992-07-30,12.5,12.5,11.75,12.38314437866211,28900
1992-07-31,12.5,12.5,11.75,12.38314437866211,10500
1992-08-03,12.5,12.5,11.75,11.640153884887695,7500
1992-08-04,11.75,12.5,11.75,12.38314437866211,8400
1992-08-05,12.5,12.5,11.5,11.392492294311523,29000
1992-08-06,11.5,12.25,11.25,12.135481834411621,164200
1992-08-07,12.25,12.75,11.75,12.259312629699707,96700
1992-08-10,12.25,12.5,12.25,12.135481834411621,35300
1992-08-11,12.25,12.25,11.75,11.640153884887695,17700
1992-08-12,12.25,12.25,11.5,11.640153884887695,4700
1992-08-13,12.25,12.25,11.5,11.887816429138184,14800
1992-08-14,12.25,12.25,11.5,11.640153884887695,31500
1992-08-17,11.5,12,11.5,11.887816429138184,8200
1992-08-18,12,12,11.5,11.392492294311523,17600
1992-08-19,12,12,11,11.144828796386719,33200
1992-08-20,11.5,11.5,10.75,10.89716625213623,8800
1992-08-21,11,11.5,10.75,10.773335456848145,12800
1992-08-24,11.25,11.25,10.25,10.401840209960938,26500
1992-08-25,10.5,10.5,8.5,8.668200492858887,200900
1992-08-26,9,9,7.75,8.29670524597168,733700
1992-08-27,8.25,8.75,8.25,8.668200492858887,216500
1992-08-28,8.75,8.75,8.25,8.172874450683594,36600
1992-08-31,8.25,8.75,8.25,8.172874450683594,85800
1992-09-01,8.75,8.75,8.25,8.668200492858887,12000
1992-09-02,8.25,9,8.25,8.915863990783691,76300
1992-09-03,9,9.25,8.5,8.668200492858887,64900
1992-09-04,9,9.25,8.75,9.163525581359863,19500
1992-09-08,8.75,9.25,8.75,8.915863990783691,57300
1992-09-09,9,9,8.75,8.668200492858887,44100
1992-09-10,8.75,9,8.5,8.5443696975708,43100
1992-09-11,8.5,9,8.5,8.915863990783691,12300
1992-09-14,9,9,8.5,8.420538902282715,73300
1992-09-15,9,9.25,8.5,8.668200492858887,25400
1992-09-16,9.25,9.25,8.75,8.915863990783691,5000
1992-09-17,9.25,9.75,9,9.411189079284668,34700
1992-09-18,9.5,9.75,9.25,9.411189079284668,18100
1992-09-21,9.75,9.75,9.25,9.658852577209473,5400
1992-09-22,9.75,9.75,9.25,9.163525581359863,19800
1992-09-23,9.75,9.75,9,9.411189079284668,32800
1992-09-24,9,9.5,9,9.039694786071777,34400
1992-09-25,9,9.5,8.5,8.420538902282715,57300
1992-09-28,9,9,8.5,8.5443696975708,7000
1992-09-29,8.75,8.75,8.5,8.420538902282715,41500
1992-09-30,8.75,9,8.5,8.420538902282715,135600
1992-10-01,9,9,8.5,8.792032241821289,22400
1992-10-02,8.5,9,8.5,8.668200492858887,12500
1992-10-05,8.75,9,8.25,8.915863990783691,66600
1992-10-06,9.25,9.25,8.75,8.668200492858887,33200
1992-10-07,8.75,9,8.5,8.420538902282715,21200
1992-10-08,8.5,8.75,8,8.049043655395508,90300
1992-10-09,8.5,8.5,8,8.29670524597168,25200
1992-10-12,8.5,8.75,8,8.29670524597168,6900
1992-10-13,8.5,8.5,8,8.049043655395508,11700
1992-10-14,8.25,8.75,8,8.420538902282715,14300
1992-10-15,8,8.5,7.75,7.925211429595947,316800
1992-10-16,8,8.5,8,8.049043655395508,7300
1992-10-19,8.5,8.5,8,7.925211429595947,42500
1992-10-20,8.5,8.5,8,8.172874450683594,17800
1992-10-21,8.5,8.75,8,8.668200492858887,17300
1992-10-22,8.25,8.75,8.25,8.420538902282715,30700
1992-10-23,8.75,8.75,8.25,8.172874450683594,22900
1992-10-26,8.75,8.75,8.25,8.5443696975708,30400
1992-10-27,9,9.25,8.75,8.792032241821289,78300
1992-10-28,8.75,9.25,8.75,8.792032241821289,6800
1992-10-29,9.25,9.25,8.75,8.668200492858887,2600
1992-10-30,9.25,9.25,8.75,8.668200492858887,12500
1992-11-02,9.25,9.25,8.5,8.668200492858887,15400
1992-11-03,9,9,8.5,8.420538902282715,25700
1992-11-04,8.5,8.875,8.25,8.420538902282715,28700
1992-11-05,8.25,8.75,8.25,8.420538902282715,9300
1992-11-06,8.75,9.5,8.25,8.668200492858887,40900
1992-11-09,9.5,10.5,9.25,9.906515121459961,147800
1992-11-10,10.5,11.25,10,10.15417766571045,124200
1992-11-11,10.75,11,10.5,10.89716625213623,27400
1992-11-12,11,11,10.5,10.649503707885742,18800
1992-11-13,11,11.25,10.5,11.144828796386719,97800
1992-11-16,11.25,12.75,10.75,12.630805969238281,202100
1992-11-17,13.25,13.5,12.75,13.002301216125488,253800
1992-11-18,12.75,13.25,12.75,13.002301216125488,133600
1992-11-19,12.75,13.25,12.75,12.87846851348877,18100
1992-11-20,13.25,14,13,13.373795509338379,102300
1992-11-23,13.5,14,13.5,13.869119644165039,26000
1992-11-24,14,14.25,13.5,14.116783142089844,64700
1992-11-25,14.25,14.25,13.75,13.621458053588867,41800
1992-11-27,13.5,14.25,13.5,13.373795509338379,20100
1992-11-30,14,14,13.5,13.869119644165039,20900
1992-12-01,14,14.25,13.5,13.621458053588867,117200
1992-12-02,14,14,13.5,13.869119644165039,16200
1992-12-03,14,14,13.5,13.373795509338379,26100
1992-12-04,14,14.25,13.5,14.116783142089844,33700
1992-12-07,14.25,14.25,13.5,13.497626304626465,62800
1992-12-08,13.75,14.25,13.75,14.116783142089844,83000
1992-12-09,14.25,14.25,13,13.249963760375977,114500
1992-12-10,13,13.5,13,13.373795509338379,62300
1992-12-11,12.75,13.25,12,11.887816429138184,26300
1992-12-14,12,12.75,12,12.135481834411621,35500
1992-12-15,12,12.75,11.75,11.640153884887695,12100
1992-12-16,11.75,12.25,11.75,12.135481834411621,58500
1992-12-17,12.25,12.25,11.75,12.135481834411621,8300
1992-12-18,11.75,12.25,11.75,12.135481834411621,15000
1992-12-21,11.75,12.25,11.75,11.640153884887695,8200
1992-12-22,12.25,12.25,11.75,11.640153884887695,12200
1992-12-23,11.75,12,10.75,10.649503707885742,30900
1992-12-24,10.75,11.25,10.5,10.89716625213623,39600
1992-12-28,10.5,11,10.5,10.401840209960938,44000
1992-12-29,10.5,11.5,10.5,10.89716625213623,70500
1992-12-30,11,11.5,11,11.392492294311523,59500
1992-12-31,11.5,12.25,11,11.887816429138184,77800
1993-01-04,12,12.5,12,11.887816429138184,31400
1993-01-05,12.25,14.75,12.25,14.61211109161377,677900
1993-01-06,15.5,16.5,14.75,15.850422859191895,872100
1993-01-07,16.25,16.25,14.75,15.355098724365234,372500
1993-01-08,15.5,15.75,15,14.859771728515625,238400
1993-01-11,15.25,15.25,14.75,14.859771728515625,37200
1993-01-12,15,15,13.75,13.621458053588867,116700
1993-01-13,14.25,15.25,14.25,14.61211109161377,190800
1993-01-14,15.75,16.25,15.25,15.602762222290039,303200
1993-01-15,16.25,16.25,15.25,15.602762222290039,99400
1993-01-18,15.25,15.75,15.25,15.107434272766113,31300
1993-01-19,15.25,15.5,14,14.61211109161377,173200
1993-01-20,14.75,14.75,13.75,13.621458053588867,32800
1993-01-21,14,14,13.5,13.373795509338379,36400
1993-01-22,14,14,13.75,13.621458053588867,42000
1993-01-25,14,14,13.75,13.745288848876953,21700
1993-01-26,14.25,14.25,13.5,13.621458053588867,83200
1993-01-27,13.5,13.75,13.25,13.12613296508789,88200
1993-01-28,13.75,13.75,12.5,13.12613296508789,91100
1993-01-29,13.25,15.25,12.75,14.859771728515625,79700
1993-02-01,15.25,16.5,15,16.345748901367188,164900
1993-02-02,16,16.5,15.25,15.602762222290039,27800
1993-02-03,16,16,15.25,15.355098724365234,21700
1993-02-04,15,15.75,15,14.859771728515625,78400
1993-02-05,15,15,13.5,14.116783142089844,93200
1993-02-08,15.25,15.75,14.75,15.107434272766113,92000
1993-02-09,15.75,15.75,15,14.859771728515625,45600
1993-02-10,15,15.5,14.75,15.107434272766113,17700
1993-02-11,15.25,15.5,14.75,15.355098724365234,29800
1993-02-12,15,15.5,13.75,13.869119644165039,117500
1993-02-16,14,14,12.5,12.87846851348877,127600
1993-02-17,13.25,13.75,12.5,12.87846851348877,90700
1993-02-18,13.75,13.75,13,12.87846851348877,57400
1993-02-19,13.5,13.5,12.75,13.12613296508789,28300
1993-02-22,12.25,12.625,10.5,10.89716625213623,258400
1993-02-23,11.25,12.25,11,11.887816429138184,103500
1993-02-24,12,14,11.5,13.373795509338379,112400
1993-02-25,12.75,13.25,12.25,12.506974220275879,135900
1993-02-26,12.75,12.75,12,12.630805969238281,39900
1993-03-01,12.75,12.75,12.25,12.135481834411621,37200
1993-03-02,12.5,15.5,12.25,15.107434272766113,385100
1993-03-03,15,15.5,14.5,14.859771728515625,91500
1993-03-04,15,15,13.75,13.621458053588867,134500
1993-03-05,14,14,13.5,13.621458053588867,29400
1993-03-08,14,14,13.75,13.621458053588867,7300
1993-03-09,14,14,12.75,13.12613296508789,64300
1993-03-10,12.75,13.5,12.75,13.373795509338379,28700
1993-03-11,13.5,13.5,12.75,13.373795509338379,22500
1993-03-12,13.5,13.5,12.75,12.87846851348877,25100
1993-03-15,13.25,13.75,12.75,13.621458053588867,23300
1993-03-16,13.25,13.75,13.25,13.249963760375977,26900
1993-03-17,13.5,13.5,12.75,12.630805969238281,20600
1993-03-18,13,13.25,12.75,12.87846851348877,20600
1993-03-19,12.875,13.5,12.75,13.373795509338379,16800
1993-03-22,13.25,13.25,12.75,12.630805969238281,9400
1993-03-23,13.25,13.25,12,11.887816429138184,45300
1993-03-24,12,12.25,10.75,11.392492294311523,185800
1993-03-25,11.75,12.5,11.5,11.887816429138184,32400
1993-03-26,12.5,12.75,12,11.887816429138184,18400
1993-03-29,12,13.5,12,12.87846851348877,40700
1993-03-30,13.5,14.25,12.75,13.869119644165039,91200
1993-03-31,14.75,15.25,14.5,15.107434272766113,228100
1993-04-01,15,15.25,14,14.364447593688965,110400
1993-04-02,14.25,14.25,13.5,13.621458053588867,36500
1993-04-05,14,14,13.25,13.12613296508789,42300
1993-04-06,13.25,13.75,13,13.621458053588867,36700
1993-04-07,13.375,13.75,13.25,13.12613296508789,44100
1993-04-08,13.25,13.75,13,12.87846851348877,42300
1993-04-12,13.25,13.25,12.75,12.630805969238281,12000
1993-04-13,12.75,13.25,12.75,13.12613296508789,38400
1993-04-14,12.75,13.25,12.75,12.630805969238281,11200
1993-04-15,13.5,13.5,12.75,12.630805969238281,3400
1993-04-16,12.75,13.5,12.75,13.373795509338379,3300
1993-04-19,13.5,14.5,13.25,14.240615844726562,59200
1993-04-20,15,15.25,14.5,14.364447593688965,112200
1993-04-21,14.5,15,14.25,14.61211109161377,52500
1993-04-22,14.75,15,14.5,14.859771728515625,61100
1993-04-23,15,15,14.5,14.735940933227539,18300
1993-04-26,15,15.25,14.5,14.859771728515625,48900
1993-04-27,15.25,16,15.25,15.107434272766113,175900
1993-04-28,15.5,15.75,15,15.355098724365234,30100
1993-04-29,15.75,16.5,15.25,16.098087310791016,278900
1993-04-30,15.75,16.25,14.75,14.859771728515625,179400
1993-05-03,14.75,15,13.75,14.116783142089844,101100
1993-05-04,14.25,14.25,13,13.12613296508789,245900
1993-05-05,13.5,14.75,13.5,14.61211109161377,123400
1993-05-06,14.5,15,14.25,14.859771728515625,111400
1993-05-07,15.5,16.25,15.25,15.850422859191895,158400
1993-05-10,17,17.5,15.75,15.974255561828613,296800
1993-05-11,15.5,16.25,15.5,15.850422859191895,70400
1993-05-12,16.25,16.25,15,15.107434272766113,66900
1993-05-13,15.5,15.5,14.75,15.107434272766113,48300
1993-05-14,15.25,15.25,14.5,14.364447593688965,11400
1993-05-17,15.25,15.5,14.875,15.355098724365234,57300
1993-05-18,15.25,16,15,15.107434272766113,92800
1993-05-19,15.5,15.5,14.75,14.61211109161377,15200
1993-05-20,14.75,15.25,14.75,14.61211109161377,11700
1993-05-21,15.25,15.5,14.75,15.107434272766113,50000
1993-05-24,15.5,15.75,15,15.355098724365234,45000
1993-05-25,15.75,15.75,15.25,15.602762222290039,27500
1993-05-26,15.75,15.75,15.25,15.47892951965332,15300
1993-05-27,15.75,16,15.5,15.602762222290039,26000
1993-05-28,15.5,16,15.25,15.231266021728516,22300
1993-06-01,15.25,15.75,15.25,15.47892951965332,25700
1993-06-02,15.75,16.25,15.5,15.850422859191895,214400
1993-06-03,16.25,16.25,15.75,16.098087310791016,31300
1993-06-04,16.25,16.25,15.25,15.355098724365234,50800
1993-06-07,15.25,15.75,15.25,15.602762222290039,89100
1993-06-08,15.25,15.75,15.25,15.107434272766113,52000
1993-06-09,15.25,15.75,15.25,15.107434272766113,12000
1993-06-10,15.25,15.75,15.25,15.107434272766113,75300
1993-06-11,15.75,15.75,15.25,15.107434272766113,43300
1993-06-14,15.75,15.75,15.25,15.602762222290039,55600
1993-06-15,15.75,16.25,15.5,15.850422859191895,190000
1993-06-16,16,16.25,15.75,15.974255561828613,143900
1993-06-17,16.25,16.25,16,16.098087310791016,62100
1993-06-18,16,16.25,16,15.974255561828613,69500
1993-06-21,16,16.25,16,15.850422859191895,14600
1993-06-22,16,16.25,15.75,15.726591110229492,54300
1993-06-23,15.75,16.25,15.75,16.098087310791016,39700
1993-06-24,16.25,16.25,15.75,15.850422859191895,47300
1993-06-25,16.25,16.25,15.75,16.098087310791016,41300
1993-06-28,15.75,16.5,15.75,15.850422859191895,97500
1993-06-29,16.5,16.5,16,16.345748901367188,62300
1993-06-30,16.5,17,16,16.345748901367188,110200
1993-07-01,16.5,17.25,16.5,16.84107780456543,76800
1993-07-02,17,17.25,16.75,16.59341049194336,41100
1993-07-06,17.25,17.25,16.75,17.0887393951416,73200
1993-07-07,16.75,17.25,16.75,16.84107780456543,59600
1993-07-08,17.25,17.5,17,16.84107780456543,25600
1993-07-09,17.25,18.5,17.25,17.831727981567383,166300
1993-07-12,18.5,18.5,17.75,18.327051162719727,71400
1993-07-13,18.5,18.5,17.75,17.584064483642578,27500
1993-07-14,18.25,18.25,17.5,17.95555877685547,55300
1993-07-15,18.25,19.5,17.75,18.822378158569336,117800
1993-07-16,19.25,20.5,19.25,19.565366744995117,127000
1993-07-19,20.25,21.5,19.75,21.299007415771484,200800
1993-07-20,21.5,21.5,19.25,19.070039749145508,166000
1993-07-21,19.25,20.25,19.25,19.565366744995117,82600
1993-07-22,19.625,20.5,19.5,19.813030242919922,134600
1993-07-23,20,20,19.5,19.317705154418945,29900
1993-07-26,20,20,19.5,19.317705154418945,13800
1993-07-27,19.5,20,17.25,17.584064483642578,163000
1993-07-28,17.75,18.5,17.75,17.831727981567383,78500
1993-07-29,18.5,18.5,18,17.831727981567383,26700
1993-07-30,18,18.75,18,18.079389572143555,24900
1993-08-02,18.25,18.75,18.25,18.450881958007812,29800
1993-08-03,18.25,18.5,18,18.327051162719727,17200
1993-08-04,18,18.5,18,18.327051162719727,13200
1993-08-05,18.5,19,18.25,18.327051162719727,56600
1993-08-06,19.25,19.75,18.75,19.565366744995117,59100
1993-08-09,19.5,19.75,18.25,18.450881958007812,179900
1993-08-10,18,18.25,16,15.974255561828613,414000
1993-08-11,16,16.5,14.5,15.602762222290039,335000
1993-08-12,15.5,16,15,15.231266021728516,178500
1993-08-13,15.5,15.75,15.25,15.355098724365234,27100
1993-08-16,15.75,16,15.5,15.850422859191895,73500
1993-08-17,16,16.5,15.5,16.345748901367188,125200
1993-08-18,16.125,17.25,16,16.59341049194336,211700
1993-08-19,16.75,16.75,16.25,16.345748901367188,50400
1993-08-20,16.75,16.75,16.25,16.46957778930664,61800
1993-08-23,16.5,16.5,15.25,15.602762222290039,47800
1993-08-24,16,16,15,14.859771728515625,65900
1993-08-25,15,15.5,14.75,14.859771728515625,69900
1993-08-26,14.75,15.375,14.75,15.231266021728516,1318200
1993-08-27,15.375,15.75,15.125,15.355098724365234,122800
1993-08-30,15.5,16.625,15.5,16.22191619873047,383500
1993-08-31,16.5,16.5,15.75,15.850422859191895,129700
1993-09-01,16.125,16.75,15.875,16.46957778930664,327100
1993-09-02,16.625,17.625,16.375,17.336400985717773,349700
1993-09-03,17.25,18.25,17.25,17.95555877685547,252700
1993-09-07,16.75,16.75,16.75,16.59341049194336,320000
1993-09-08,16.5,16.625,15.375,15.974255561828613,275200
1993-09-09,16.375,16.625,16,16.345748901367188,115900
1993-09-10,16.5,16.75,16.125,16.345748901367188,82300
1993-09-13,16.25,16.375,15.125,15.231266021728516,186100
1993-09-14,15.375,15.5,15.125,15.107434272766113,54900
1993-09-15,15.375,15.5,15.125,15.231266021728516,123900
1993-09-16,15.375,15.375,14.875,14.983603477478027,72600
1993-09-17,14.875,15,14.625,14.48827838897705,106300
1993-09-20,15,15.125,13.625,13.621458053588867,289000
1993-09-21,13.75,14.375,13.75,13.869119644165039,215400
1993-09-22,14,14.75,13.875,14.364447593688965,154500
1993-09-23,14.375,14.75,14.375,14.61211109161377,49500
1993-09-24,14.625,15.125,14.375,14.735940933227539,198200
1993-09-27,15.125,15.625,14.875,15.107434272766113,133100
1993-09-28,15.625,15.75,15.25,15.355098724365234,56100
1993-09-29,15.75,15.875,15.375,15.726591110229492,102400
1993-09-30,15.875,15.875,15.125,15.355098724365234,77700
1993-10-01,15.375,15.5,15.125,14.983603477478027,64500
1993-10-04,15.375,15.375,14.75,14.859771728515625,78200
1993-10-05,14.75,15.125,14.375,14.735940933227539,106000
1993-10-06,15,15.5,14.875,15.355098724365234,71000
1993-10-07,15.125,16.25,15.125,15.974255561828613,107100
1993-10-08,16.125,17,16.125,16.717241287231445,589800
1993-10-11,16.875,17.125,16.625,16.717241287231445,245100
1993-10-12,17,17.5,16.625,17.0887393951416,99000
1993-10-13,17.5,17.5,17.125,17.336400985717773,112500
1993-10-14,17.25,17.5,16.875,16.96490478515625,111100
1993-10-15,17.375,17.75,17.25,17.460233688354492,157100
1993-10-18,17.375,17.625,17.125,16.96490478515625,69500
1993-10-19,17.125,17.375,15.75,15.726591110229492,116600
1993-10-20,16,16,15.625,15.602762222290039,61600
1993-10-21,15.875,17.25,15.625,16.96490478515625,153800
1993-10-22,17.125,17.875,16.75,17.0887393951416,151700
1993-10-25,17.25,17.5,17.125,17.212570190429688,59300
1993-10-26,17.375,17.5,17.125,17.0887393951416,131400
1993-10-27,17.5,17.5,17.125,17.336400985717773,64200
1993-10-28,17.5,17.75,17.25,17.336400985717773,76700
1993-10-29,17.875,18.375,17.5,18.079389572143555,243200
1993-11-01,18,18.25,17.875,18.079389572143555,64800
1993-11-02,18.25,18.5,17.875,17.831727981567383,171800
1993-11-03,18.125,18.25,17.75,17.584064483642578,348100
1993-11-04,17.75,18,17,16.84107780456543,249400
1993-11-05,16.875,16.875,16.5,16.345748901367188,142000
1993-11-08,16.875,17.375,16.75,16.96490478515625,272200
1993-11-09,17.75,18.125,17.25,17.336400985717773,130600
1993-11-10,17.5,17.625,17,17.0887393951416,57300
1993-11-11,17.25,17.25,16.75,16.96490478515625,42000
1993-11-12,17.125,17.125,16.25,16.46957778930664,100300
1993-11-15,16.5,16.625,16.375,16.345748901367188,117700
1993-11-16,16.625,16.625,16.125,16.098087310791016,35100
1993-11-17,16.125,16.375,15.125,15.107434272766113,207000
1993-11-18,15.25,15.5,15.125,15.107434272766113,52700
1993-11-19,15.5,15.5,14.75,14.983603477478027,154100
1993-11-22,15.25,15.25,14.25,14.48827838897705,287800
1993-11-23,14.5,15,14.5,14.735940933227539,28000
1993-11-24,15,15,14.625,14.48827838897705,39800
1993-11-26,14.75,15,14.625,14.48827838897705,2700
1993-11-29,14.625,14.875,14.5,14.61211109161377,79300
1993-11-30,14.75,15,14.5,14.61211109161377,112400
1993-12-01,14.75,15.5,14.75,15.355098724365234,177400
1993-12-02,15.25,15.5,15.25,15.355098724365234,8800
1993-12-03,15.5,15.5,15,15.231266021728516,32700
1993-12-06,15.375,15.375,14.875,14.983603477478027,37800
1993-12-07,15.125,15.125,14.875,14.983603477478027,14900
1993-12-08,15.125,15.125,14.75,14.859771728515625,19500
1993-12-09,15,15,14.625,14.48827838897705,5300
1993-12-10,14.625,15,14.5,14.61211109161377,45300
1993-12-13,14.5,15.125,14.25,14.48827838897705,123800
1993-12-14,14.25,14.625,14.25,14.48827838897705,26500
1993-12-15,14.375,14.75,14.375,14.61211109161377,68000
1993-12-16,14.375,14.75,14.375,14.61211109161377,48600
1993-12-17,14.75,15.625,14.5,15.47892951965332,123200
1993-12-20,15.75,16.625,15.5,16.345748901367188,159600
1993-12-21,16.625,16.625,16.25,16.46957778930664,20300
1993-12-22,16.625,16.625,15.875,15.850422859191895,108700
1993-12-23,15.75,16.125,15.5,15.355098724365234,52900
1993-12-27,15.625,16,15.625,15.602762222290039,78100
1993-12-28,15.75,16,15.625,15.602762222290039,59700
1993-12-29,15.625,15.875,15.5,15.355098724365234,17100
1993-12-30,15.5,15.75,15.5,15.602762222290039,18400
1993-12-31,15.375,15.75,15.375,15.355098724365234,45600
1994-01-03,15.5,15.75,15.25,15.107434272766113,31400
1994-01-04,15.5,15.5,15,14.859771728515625,48000
1994-01-05,15.25,15.625,14.875,15.47892951965332,101700
1994-01-06,15.625,16.125,15.5,15.974255561828613,90400
1994-01-07,16,16.625,16,16.22191619873047,106900
1994-01-10,16.25,16.625,16.125,16.098087310791016,75500
1994-01-11,16.125,16.5,16.125,16.22191619873047,39200
1994-01-12,16.5,16.625,16.375,16.345748901367188,49300
1994-01-13,16.5,17.125,16.375,16.96490478515625,394200
1994-01-14,17.125,17.375,16.875,17.0887393951416,154900
1994-01-17,17.25,17.25,16.875,16.84107780456543,63300
1994-01-18,16.875,17.125,16.875,16.717241287231445,141300
1994-01-19,16.875,17.125,15.5,15.726591110229492,446600
1994-01-20,15.875,15.875,15.5,15.47892951965332,163800
1994-01-21,15.75,16,15.625,15.850422859191895,205500
1994-01-24,15.75,16,15,14.859771728515625,224300
1994-01-25,15.25,15.375,15,15.231266021728516,162700
1994-01-26,15.375,15.375,15.125,15.231266021728516,23300
1994-01-27,15.625,16,15.375,15.726591110229492,211700
1994-01-28,16,16,15.75,15.602762222290039,52900
1994-01-31,16,16.125,15.75,15.726591110229492,55900
1994-02-01,16,16,15.125,15.107434272766113,91100
1994-02-02,15.25,15.375,15,15.231266021728516,44400
1994-02-03,15.375,15.5,15.125,14.983603477478027,49800
1994-02-04,15.5,15.5,14.5,14.61211109161377,88500
1994-02-07,14.5,14.75,14.25,14.364447593688965,144200
1994-02-08,14.75,14.75,14.25,14.240615844726562,54400
1994-02-09,14.5,14.5,14.375,14.364447593688965,56200
1994-02-10,14.75,14.75,14.125,14.364447593688965,68900
1994-02-11,14.5,14.5,13.5,13.621458053588867,118300
1994-02-14,13.875,13.875,13.5,13.497626304626465,125500
1994-02-15,13.875,13.875,13.5,13.745288848876953,60000
1994-02-16,13.875,14,13.5,13.869119644165039,31700
1994-02-17,14,14,13.625,13.621458053588867,43500
1994-02-18,14,14.125,13.75,13.992952346801758,40300
1994-02-22,14.125,14.375,13.875,14.240615844726562,33200
1994-02-23,14.375,14.5,14,14.364447593688965,26900
1994-02-24,14.125,14.25,13.75,13.869119644165039,47500
1994-02-25,14.125,14.125,13.75,13.869119644165039,20100
1994-02-28,14,14,13.75,13.869119644165039,20200
1994-03-01,14,14,13.625,13.621458053588867,47300
1994-03-02,13.375,13.5,12.625,12.754637718200684,171600
1994-03-03,12.875,13.125,12.75,12.754637718200684,61200
1994-03-04,13,13.25,12.875,13.12613296508789,19000
1994-03-07,13,14.125,13,13.621458053588867,112500
1994-03-08,13.625,13.875,13.5,13.621458053588867,21500
1994-03-09,13.5,14,13.5,13.745288848876953,56600
1994-03-10,13.75,14,13.75,13.869119644165039,19600
1994-03-11,13.75,14,13.625,13.497626304626465,12700
1994-03-14,13.625,14,13.125,13.002301216125488,74900
1994-03-15,12.125,12.125,8.5,8.668200492858887,1913500
1994-03-16,9,9,7.75,7.677549362182617,1253700
1994-03-17,7.875,8.5,7.75,8.049043655395508,455700
1994-03-18,8.125,8.25,7.75,8.049043655395508,323600
1994-03-21,8.125,8.125,6.75,6.9345598220825195,494000
1994-03-22,6.875,7.25,6.5,6.6868977546691895,366600
1994-03-23,6.75,7.125,6.625,7.058391571044922,418900
1994-03-24,7.125,7.125,6.875,6.9345598220825195,251000
1994-03-25,6.875,7,6.875,6.9345598220825195,131400
1994-03-28,7,7.125,6.875,7.058391571044922,118900
1994-03-29,7.125,7.125,6.875,6.810729026794434,29200
1994-03-30,6.875,7.125,6.5,6.6868977546691895,132100
1994-03-31,6.5,6.875,6.5,6.810729026794434,68500
1994-04-04,6.75,6.75,6.125,6.315402984619141,287000
1994-04-05,6.375,6.625,6.25,6.439234256744385,71500
1994-04-06,6.5,6.5,6.125,6.439234256744385,61400
1994-04-07,6.5,8.125,6.125,7.8013811111450195,317200
1994-04-08,7.875,7.875,7,6.996476173400879,122700
1994-04-11,7.125,7.25,7,7.058391571044922,39700
1994-04-12,7.25,7.375,7,7.306055545806885,72100
1994-04-13,7.375,7.5,7.125,7.4298858642578125,75900
1994-04-14,7.5,8.25,7.25,7.8013811111450195,268800
1994-04-15,8,8,7.625,7.553717136383057,39700
1994-04-18,7.625,8,7.25,7.4298858642578125,59200
1994-04-19,7.25,7.625,7,6.9345598220825195,80700
1994-04-20,7,7.25,7,7.058391571044922,25800
1994-04-21,7.25,7.25,7,7.182223796844482,38600
1994-04-22,7.25,7.375,7,7.058391571044922,61000
1994-04-25,7,7.375,7,7.058391571044922,28100
1994-04-26,7.25,7.25,7,7.058391571044922,13600
1994-04-28,7.375,7.625,7.125,7.4298858642578125,57600
1994-04-29,7.75,8.125,7.5,7.8013811111450195,107900
1994-05-02,7.875,8.625,7.875,8.23478889465332,91100
1994-05-03,8.375,8.5,8,7.925211429595947,62300
1994-05-04,8,8.125,7.625,7.925211429595947,29200
1994-05-05,8,8,7.5,7.4298858642578125,30900
1994-05-06,7.75,7.75,7.5,7.677549362182617,19000
1994-05-09,7.5,7.625,6.75,6.9345598220825195,143000
1994-05-10,6.625,7,6.625,6.6868977546691895,42300
1994-05-11,6.75,7,6.375,6.563066482543945,101000
1994-05-12,6.625,6.625,6,6.563066482543945,158200
1994-05-13,6.5,6.625,6.25,6.439234256744385,84000
1994-05-16,6.5,6.5,6.125,6.0677409172058105,113000
1994-05-17,6.125,6.5,6,6.191572189331055,154800
1994-05-18,6.25,6.375,5.875,6.0677409172058105,125100
1994-05-19,6,6.125,5.875,5.943908214569092,102000
1994-05-20,6.125,6.625,5.875,6.563066482543945,130600
1994-05-23,6.625,6.75,6.375,6.439234256744385,61500
1994-05-24,6.625,6.625,6.375,6.563066482543945,29700
1994-05-25,6.375,6.625,6.375,6.439234256744385,26500
1994-05-26,6.625,6.75,6.375,6.439234256744385,80800
1994-05-27,6.375,6.75,6.375,6.315402984619141,19900
1994-05-31,6.75,6.75,6.375,6.315402984619141,25700
1994-06-01,6.375,6.875,6.375,6.6868977546691895,58600
1994-06-02,6.875,7.125,6.625,6.996476173400879,110800
1994-06-03,7.125,7.625,6.875,7.4298858642578125,194900
1994-06-06,7.5,7.875,7.5,7.615633010864258,76200
1994-06-07,7.5,7.75,7.375,7.553717136383057,80400
1994-06-08,8.25,8.5,7.5,7.4298858642578125,215100
1994-06-09,7.5,7.75,6.875,6.996476173400879,72500
1994-06-10,7.25,7.25,6.75,6.9345598220825195,108400
1994-06-13,7,7,6.25,6.439234256744385,111500
1994-06-14,6.625,6.625,6.5,6.501150608062744,44200
1994-06-15,6.5,6.75,6.25,6.2534871101379395,82500
1994-06-16,6.25,6.5,5.875,6.315402984619141,83100
1994-06-17,6,6.375,5.875,5.943908214569092,36200
1994-06-20,6,6.125,5.25,5.448583126068115,336200
1994-06-21,5.625,5.625,5.25,5.572414398193359,78900
1994-06-22,5.5,5.5,5,5.200920104980469,87800
1994-06-23,5,5.25,3.625,4.334100246429443,706200
1994-06-24,4.5,4.875,4.25,4.334100246429443,379700
1994-06-27,4.625,4.75,4.25,4.581762790679932,225500
1994-06-28,4.5,4.75,4.375,4.3960161209106445,78400
1994-06-29,4.375,4.5,4.375,4.457931995391846,61100
1994-06-30,4.625,4.625,4.375,4.457931995391846,120100
1994-07-01,4.5,4.5,3.75,3.9626057147979736,324200
1994-07-05,4,4.25,4,3.9626057147979736,65900
1994-07-06,4.25,4.25,4,4.14835262298584,65600
1994-07-07,4.25,4.25,4,4.086437225341797,57900
1994-07-08,4.25,4.25,4,3.9626057147979736,46500
1994-07-11,4,4.25,3.875,4.086437225341797,70300
1994-07-12,3.875,4.125,3.875,3.9626057147979736,31100
1994-07-13,3.875,4.125,3.875,3.8387746810913086,18300
1994-07-14,3.875,4.125,3.875,3.9006905555725098,89800
1994-07-15,3.875,4.125,3.875,3.8387746810913086,104400
1994-07-18,3.875,4.125,3.875,4.086437225341797,195500
1994-07-19,4,4.25,4,3.9626057147979736,20300
1994-07-20,4.375,4.625,4.25,4.457931995391846,85300
1994-07-21,4.25,4.5,4.25,4.2721848487854,19700
1994-07-22,4.25,4.5,4.125,4.210269451141357,50900
1994-07-25,4.5,4.5,4.125,4.086437225341797,20700
1994-07-26,4,4.375,4,4.334100246429443,29900
1994-07-27,4.375,4.375,3.9375,4.210269451141357,57600
1994-07-28,3.875,4.25,3.875,3.8387746810913086,19300
1994-07-29,3.875,4.125,3.875,3.8387746810913086,17700
1994-08-01,3.875,4.125,3.5625,3.591111898422241,55100
1994-08-02,3.75,3.75,3.5,3.529195785522461,111800
1994-08-03,3.5,3.875,3.5,3.8387746810913086,41900
1994-08-04,3.875,4,3.625,3.7768585681915283,19100
1994-08-05,4,4,3.625,3.591111898422241,10000
1994-08-08,3.625,4,3.625,3.9626057147979736,10700
1994-08-09,3.75,4,3.75,3.7149429321289062,5800
1994-08-10,4,4.125,3.75,4.086437225341797,55900
1994-08-11,3.875,4.125,3.875,4.086437225341797,37700
1994-08-12,4.125,4.25,3.875,4.210269451141357,46100
1994-08-15,3.875,4.25,3.875,3.9626057147979736,40400
1994-08-16,4.25,4.25,3.875,4.210269451141357,39400
1994-08-17,4,4.25,4,4.210269451141357,26600
1994-08-18,4.25,4.25,4,3.9626057147979736,12900
1994-08-19,4.25,4.25,4,4.024521827697754,23200
1994-08-22,3.875,4.25,3.75,3.9626057147979736,32000
1994-08-23,4,4,3.75,3.9626057147979736,11300
1994-08-24,4,4.125,3.75,3.8387746810913086,17500
1994-08-25,3.875,4,3.75,3.9626057147979736,31200
1994-08-26,3.75,4.125,3.75,4.086437225341797,158200
1994-08-29,4.125,4.125,3.9375,3.9626057147979736,42100
1994-08-30,4.125,4.125,3.875,3.9626057147979736,72600
1994-08-31,3.875,4.125,3.875,4.086437225341797,13300
1994-09-01,4.125,4.125,3.875,3.9626057147979736,13600
1994-09-02,3.875,4.125,3.75,3.9626057147979736,31600
1994-09-06,4,4.125,3.75,3.9626057147979736,23000
1994-09-07,3.875,4.125,3.875,3.8387746810913086,8900
1994-09-08,3.875,4.5,3.875,4.334100246429443,86300
1994-09-09,4.375,4.5,4.125,4.334100246429443,54600
1994-09-12,4.5,4.5,4,4.210269451141357,69600
1994-09-13,4,4.25,4,4.210269451141357,34600
1994-09-14,4,4.25,4,3.9626057147979736,28500
1994-09-15,4,4.25,4,4.086437225341797,380800
1994-09-16,4.125,4.75,4.125,4.457931995391846,158300
1994-09-19,4.625,4.625,4.375,4.457931995391846,77800
1994-09-20,4.375,4.5,4.125,4.086437225341797,48800
1994-09-21,4.5,4.625,4.375,4.581762790679932,139100
1994-09-22,4.625,5,4.375,4.581762790679932,167900
1994-09-23,5,5.5,5,5.123525619506836,319500
1994-09-26,5,5.375,5,4.9532575607299805,41900
1994-09-27,5,5.25,4.875,5.077088832855225,69200
1994-09-28,5.25,5.25,5,5.139004707336426,69300
1994-09-29,5.25,5.25,4.875,5.077088832855225,31600
1994-09-30,5.125,5.125,4.625,4.829426288604736,50100
1994-10-03,4.625,5,4.625,4.9532575607299805,18000
1994-10-04,4.625,4.875,4.625,4.581762790679932,25000
1994-10-05,4.625,4.75,4.5,4.705594539642334,13900
1994-10-06,4.75,4.75,4.5,4.705594539642334,3100
1994-10-07,4.5,4.75,4.5,4.705594539642334,7200
1994-10-10,4.5,4.75,4.5,4.643678665161133,14300
1994-10-11,4.5,4.875,4.5,4.705594539642334,24800
1994-10-12,4.625,5,4.625,4.705594539642334,36300
1994-10-13,5,5,4.6875,4.705594539642334,35300
1994-10-14,4.75,5,4.25,4.210269451141357,63500
1994-10-17,4.25,4.375,4.125,4.334100246429443,24900
1994-10-18,4.375,4.375,4.125,4.334100246429443,32000
1994-10-19,4.375,4.375,4.125,4.210269451141357,8500
1994-10-20,4.125,4.375,4.125,4.086437225341797,13300
1994-10-21,4.375,4.375,4.125,4.210269451141357,14800
1994-10-24,4.125,4.375,3.875,3.9626057147979736,75600
1994-10-25,3.875,4.125,3.875,3.9006905555725098,28300
1994-10-26,3.875,4,3.75,3.7149429321289062,37100
1994-10-27,3.75,4.125,3.75,3.7149429321289062,39300
1994-10-28,4.125,4.25,3.875,4.024521827697754,64700
1994-10-31,3.875,4.25,3.875,4.024521827697754,48300
1994-11-01,4.25,4.25,3.875,4.210269451141357,24500
1994-11-02,3.875,4.25,3.75,4.086437225341797,49700
1994-11-03,4.125,4.125,3.75,4.086437225341797,23000
1994-11-04,3.75,4.125,3.75,3.9626057147979736,37500
1994-11-07,4,4.125,3.75,4.086437225341797,71900
1994-11-08,3.75,4,3.75,3.9626057147979736,26300
1994-11-09,3.75,4,3.75,3.7149429321289062,21200
1994-11-10,3.75,4,3.5625,3.591111898422241,55000
1994-11-11,3.625,4,3.5,3.7149429321289062,98300
1994-11-14,3.75,4,3.75,3.9626057147979736,16100
1994-11-15,4,4.125,3.75,3.7149429321289062,55300
1994-11-16,3.75,4.125,3.75,3.8387746810913086,20800
1994-11-17,4.125,4.125,3.75,3.9626057147979736,10500
1994-11-18,4,4.625,4,4.334100246429443,851100
1994-11-21,4.625,4.625,4.375,4.334100246429443,646900
1994-11-22,4.375,4.625,4.375,4.334100246429443,97500
1994-11-23,4.375,4.5,4.125,4.457931995391846,27800
1994-11-25,4.5,4.5,4.125,4.457931995391846,33800
1994-11-28,4.25,4.5,3.875,4.086437225341797,127600
1994-11-29,3.875,4.25,3.875,4.086437225341797,81400
1994-11-30,3.875,4.25,3.875,4.210269451141357,58300
1994-12-01,4,4.25,3.875,4.086437225341797,103300
1994-12-02,4.125,4.125,3.875,3.8387746810913086,47300
1994-12-05,4.125,4.125,3.8125,3.9006905555725098,100700
1994-12-06,3.875,4.125,3.875,4.086437225341797,53500
1994-12-07,4.125,4.125,3.875,3.9626057147979736,66200
1994-12-08,3.875,4.125,3.75,3.7149429321289062,64100
1994-12-09,3.75,4,3.75,3.9626057147979736,50200
1994-12-12,4,4,3.375,3.591111898422241,156500
1994-12-13,3.5,3.625,3.375,3.3434488773345947,138000
1994-12-14,3.625,3.625,3.375,3.3434488773345947,159800
1994-12-15,3.5,3.5,3.375,3.3434488773345947,105400
1994-12-16,3.375,3.5,3.375,3.4672799110412598,72500
1994-12-19,3.375,3.75,3.375,3.529195785522461,89300
1994-12-20,3.5,3.75,3.375,3.3434488773345947,69600
1994-12-21,3.375,3.625,3.25,3.3434488773345947,179200
1994-12-22,3.25,3.5,3.125,3.4672799110412598,287500
1994-12-23,3.25,3.5,3.25,3.405364513397217,201800
1994-12-27,3.5,3.5,3.25,3.3434488773345947,176100
1994-12-28,3.375,3.5,3.125,3.0957860946655273,164100
1994-12-29,3.125,3.375,3,3.1577014923095703,330200
1994-12-30,3.125,3.5,3,2.971954107284546,275000
1995-01-03,3.375,3.375,3.125,3.2815332412719727,63900
1995-01-04,3.375,3.5,3.25,3.4672799110412598,28700
1995-01-05,3.5,3.5,3.25,3.4672799110412598,27300
1995-01-06,3.5,3.75,3.5,3.4672799110412598,59200
1995-01-09,4,4.875,4,4.643678665161133,1035300
1995-01-10,5.375,6.5,5.25,6.315402984619141,2658400
1995-01-11,7.125,7.125,6.5,6.810729026794434,1969500
1995-01-12,6.875,6.875,6.25,6.191572189331055,745400
1995-01-13,6.25,6.5,5.75,6.0677409172058105,535000
1995-01-16,6.125,6.625,6,6.439234256744385,411500
1995-01-17,6.625,6.75,6.375,6.6868977546691895,396800
1995-01-18,6.75,7,6.5,6.810729026794434,327500
1995-01-19,7,7,6.75,6.9345598220825195,206900
1995-01-20,7,7,6.75,6.9345598220825195,262600
1995-01-23,7,7,6.75,6.9345598220825195,113800
1995-01-24,7,7.25,6.75,6.9345598220825195,172200
1995-01-25,7.125,7.125,6.875,6.810729026794434,89500
1995-01-26,7,7,6.625,6.563066482543945,128200
1995-01-27,6.875,6.875,6,6.0677409172058105,226200
1995-01-30,6.25,6.5,6,6.439234256744385,76800
1995-01-31,6.25,6.75,6.25,6.563066482543945,54300
1995-02-01,6.75,7.125,6.625,6.6868977546691895,123300
1995-02-02,6.75,6.875,6.625,6.563066482543945,70300
1995-02-03,6.875,7.125,6.625,6.810729026794434,74400
1995-02-06,7,7.0625,6.75,6.9345598220825195,88200
1995-02-07,7,7,6.625,6.810729026794434,71600
1995-02-08,6.75,7.125,6.75,6.9345598220825195,121800
1995-02-09,7.125,7.125,6.75,6.9345598220825195,111300
1995-02-10,6.875,7.125,6.875,6.9345598220825195,130900
1995-02-13,7.125,7.125,6.875,6.9345598220825195,47800
1995-02-14,7.125,7.125,6.875,6.996476173400879,41800
1995-02-15,7.125,7.125,6.75,6.9345598220825195,55400
1995-02-16,7,7,6.75,6.9345598220825195,39700
1995-02-17,7,7,6.5,6.6868977546691895,48300
1995-02-21,6.5,6.75,6.5,6.6868977546691895,12900
1995-02-22,6.75,6.75,6.5,6.439234256744385,43500
1995-02-23,6.5,6.75,6.5,6.501150608062744,31200
1995-02-24,6.5,6.75,6,6.1296563148498535,74300
1995-02-27,6.25,6.25,6,6.0677409172058105,92200
1995-02-28,6,6.25,6,6.191572189331055,32900
1995-03-01,6.25,6.25,5.875,5.820076942443848,96500
1995-03-02,6.125,6.125,5.75,5.696246147155762,140100
1995-03-03,5.875,5.875,5.625,5.820076942443848,76900
1995-03-06,5.625,6,5.625,5.943908214569092,74900
1995-03-07,6,6.125,5.75,5.943908214569092,81200
1995-03-08,6,6,5.625,5.943908214569092,41600
1995-03-09,6,6,5.625,5.572414398193359,50500
1995-03-10,5.875,6,5.625,5.943908214569092,44600
1995-03-13,6,6,5.625,5.943908214569092,33800
1995-03-14,5.75,6,5.75,5.696246147155762,58200
1995-03-15,6,6,5.625,5.572414398193359,53700
1995-03-16,6,6,5.625,5.696246147155762,71200
1995-03-17,5.75,6,5.75,5.820076942443848,52000
1995-03-20,5.75,6,5.75,5.820076942443848,69700
1995-03-21,6,6.125,5.75,6.0677409172058105,62000
1995-03-22,5.875,6.25,5.875,6.191572189331055,35700
1995-03-23,6.25,6.375,6,6.0677409172058105,63300
1995-03-24,6,6.375,6,6.191572189331055,82700
1995-03-27,6.125,6.25,6,6.191572189331055,51900
1995-03-28,6.25,6.375,6,5.943908214569092,35400
1995-03-29,6,6.375,6,6.315402984619141,48000
1995-03-30,6.375,6.375,6,6.315402984619141,32600
1995-03-31,6.375,6.375,6,6.191572189331055,54400
1995-04-03,6.25,6.625,6,6.315402984619141,97500
1995-04-04,6.375,6.75,6.375,6.6868977546691895,59000
1995-04-05,6.75,7,6.5,6.9345598220825195,96600
1995-04-06,7,7,6.75,6.810729026794434,66500
1995-04-07,6.75,7,6.75,6.6868977546691895,33600
1995-04-10,6.75,7,6.75,6.9345598220825195,38400
1995-04-11,6.75,7,6.75,6.9345598220825195,39400
1995-04-12,7,7,6.75,6.6868977546691895,15400
1995-04-13,6.875,7.125,6.75,6.6868977546691895,59900
1995-04-17,6.75,7,6.625,6.9345598220825195,27300
1995-04-18,6.625,7,6.25,6.2534871101379395,85500
1995-04-19,6.375,6.375,5.875,5.943908214569092,55700
1995-04-20,5.875,6.375,5.875,6.191572189331055,89900
1995-04-21,6.375,6.375,6.125,6.0677409172058105,16200
1995-04-24,6.125,6.375,6.125,6.315402984619141,24200
1995-04-25,6.375,6.375,6.125,6.315402984619141,14700
1995-04-26,6.125,6.375,6.125,6.0677409172058105,10300
1995-04-27,6.125,6.375,6.125,6.315402984619141,51900
1995-04-28,6.25,6.5,6.25,6.315402984619141,30100
1995-05-01,6.25,6.375,6.25,6.315402984619141,122800
1995-05-02,6.25,6.375,6.25,6.191572189331055,35200
1995-05-03,6.25,6.5,6.25,6.191572189331055,38000
1995-05-04,6.25,6.5,6.25,6.439234256744385,59100
1995-05-05,6.5,6.5,6.25,6.191572189331055,30400
1995-05-08,6.25,6.5,6.25,6.315402984619141,21400
1995-05-09,6.25,6.625,6.25,6.191572189331055,33600
1995-05-10,6.25,6.625,6.25,6.315402984619141,99200
1995-05-11,6.375,6.5,6.25,6.315402984619141,60500
1995-05-12,6.375,6.5,6.25,6.439234256744385,31500
1995-05-15,6.25,6.5,6.25,6.191572189331055,137400
1995-05-16,6.25,6.5,6.25,6.191572189331055,19400
1995-05-17,6.25,6.5,6.25,6.191572189331055,30700
1995-05-18,6.25,6.375,6.125,6.0677409172058105,33400
1995-05-19,6.125,6.375,6.125,6.0677409172058105,19600
1995-05-22,6.375,6.375,6,5.943908214569092,27100
1995-05-23,6,6.125,5.875,5.943908214569092,62900
1995-05-24,5.875,6.125,5.875,5.820076942443848,24300
1995-05-25,5.875,6.125,5.875,5.820076942443848,26400
1995-05-26,6.125,6.125,5.875,5.820076942443848,9900
1995-05-30,6.25,6.25,5.875,5.943908214569092,33900
1995-05-31,5.875,6.125,5.875,6.0677409172058105,25900
1995-06-01,5.875,6.125,5.875,6.0677409172058105,39200
1995-06-02,5.75,6,5.5,5.448583126068115,79800
1995-06-05,5.75,5.75,5.5,5.448583126068115,32900
1995-06-06,5.5,5.875,5.5,5.696246147155762,31700
1995-06-07,5.875,6.875,5.5,6.810729026794434,224300
1995-06-08,6.875,7.75,6.625,7.4298858642578125,593800
1995-06-09,7.75,8.25,7.625,8.110958099365234,632100
1995-06-12,8.25,8.625,8.125,8.420538902282715,441600
1995-06-13,8.5,8.75,7.25,7.925211429595947,576700
1995-06-14,8.125,8.75,7.875,8.172874450683594,283800
1995-06-15,8.125,8.625,8.125,8.5443696975708,102900
1995-06-16,8.5,8.875,8.375,8.792032241821289,132300
1995-06-19,8.75,9.25,8.75,9.163525581359863,397100
1995-06-20,9.125,9.625,9.125,9.287357330322266,355700
1995-06-21,9.625,9.625,8.875,9.163525581359863,193100
1995-06-22,9,9.375,9,9.163525581359863,55600
1995-06-23,9,9.375,9,8.915863990783691,89100
1995-06-26,9.875,10.125,8.75,8.792032241821289,367600
1995-06-27,9.125,9.25,8.125,8.172874450683594,292300
1995-06-28,8.125,9,7.875,8.915863990783691,229600
1995-06-29,8.875,9.25,8.75,9.039694786071777,160300
1995-06-30,9.125,9.5,8.875,8.915863990783691,148600
1995-07-03,9,9.125,8.875,9.039694786071777,12200
1995-07-05,9.125,9.25,8.875,9.039694786071777,33800
1995-07-06,9.125,9.125,8.875,8.915863990783691,29900
1995-07-07,9,9,8.75,8.915863990783691,69500
1995-07-10,8.875,8.875,8.75,8.792032241821289,120400
1995-07-11,8.75,9.125,8.75,9.039694786071777,128300
1995-07-12,9,9.5,8.875,9.287357330322266,192100
1995-07-13,9.5,9.5,9.25,9.411189079284668,47700
1995-07-14,9.5,9.5,9.25,9.411189079284668,46500
1995-07-17,9.5,9.75,9.25,9.535019874572754,223800
1995-07-18,9.75,9.75,9.5,9.426669120788574,146200
1995-07-19,9.5,9.75,9.125,9.163525581359863,479100
1995-07-20,9,9.375,9,8.915863990783691,59900
1995-07-21,9,9.375,9,8.915863990783691,63200
1995-07-24,9.25,9.25,9,9.039694786071777,95000
1995-07-25,9.125,9.25,9,9.039694786071777,60900
1995-07-26,9,11.25,8.875,11.144828796386719,1183500
1995-07-27,11.5,12.25,11.5,11.763986587524414,1066300
1995-07-28,11.625,12,11.625,11.516322135925293,328000
1995-07-31,11.625,13.125,11.625,12.940384864807129,492100
1995-08-01,13.625,13.75,12,12.630805969238281,524400
1995-08-02,12.5,12.75,12,12.135481834411621,239400
1995-08-03,12.125,12.25,11.75,11.887816429138184,94600
1995-08-04,12,12.25,11.765625,12.135481834411621,69600
1995-08-07,12.25,12.25,11.875,11.763986587524414,76200
1995-08-08,11.875,12,11.375,11.516322135925293,193100
1995-08-09,11.5,12.375,11.5,12.011650085449219,347100
1995-08-10,12.375,13.25,12.125,12.940384864807129,481500
1995-08-11,13.125,13.375,12.625,12.940384864807129,209400
1995-08-14,13,13.125,12.875,12.87846851348877,66000
1995-08-15,13.125,13.125,12.375,12.259312629699707,111800
1995-08-16,12.75,13.125,12.5,13.002301216125488,190500
1995-08-17,13.125,13.125,12.75,12.87846851348877,229800
1995-08-18,13,13.125,12.625,12.506974220275879,79400
1995-08-21,12.875,12.875,12.5,12.630805969238281,40100
1995-08-22,12.75,13.125,12.5,12.754637718200684,113800
1995-08-23,13,14.25,12.875,13.931035995483398,529700
1995-08-24,14.125,14.125,13.75,13.931035995483398,183800
1995-08-25,14.125,15,14.0625,14.735940933227539,410300
1995-08-28,14.875,14.875,14.375,14.240615844726562,196100
1995-08-29,14.75,14.875,14.125,14.48827838897705,241100
1995-08-30,14.5,14.75,14.375,14.364447593688965,82100
1995-08-31,14.25,15.5,14.25,15.231266021728516,237500
1995-09-01,15.125,15.625,15.125,15.355098724365234,114500
1995-09-05,15.625,16.375,15.5,16.22191619873047,338600
1995-09-06,16.5,16.5,16.125,16.345748901367188,233300
1995-09-07,16.5,16.5,15.625,15.726591110229492,201900
1995-09-08,16,16,15.75,15.602762222290039,57500
1995-09-11,15.75,16.125,15.75,15.850422859191895,62200
1995-09-12,16.125,16.125,15.75,15.850422859191895,60800
1995-09-13,16.125,16.125,15.375,15.355098724365234,78000
1995-09-14,15.375,15.5,14.125,13.992952346801758,300900
1995-09-15,14,14.125,11,12.38314437866211,1348500
1995-09-18,12,14.125,11.25,13.621458053588867,704600
1995-09-19,14.125,16,13.5,15.540844917297363,900800
1995-09-20,15.875,15.875,14.25,14.983603477478027,460000
1995-09-21,15,15.5,14.5,15.355098724365234,344900
1995-09-22,15.125,15.375,14.75,14.859771728515625,147400
1995-09-25,15,15.25,14.75,14.735940933227539,131300
1995-09-26,15,15,14.625,14.735940933227539,76100
1995-09-27,14.625,15.25,14.5,14.859771728515625,226300
1995-09-28,14.75,16,14.75,15.602762222290039,418800
1995-09-29,15.875,15.875,15.375,15.47892951965332,110700
1995-10-02,15.625,15.75,15.25,15.47892951965332,108100
1995-10-03,15.625,16,15,14.859771728515625,199200
1995-10-04,14.875,15,14.625,14.61211109161377,30700
1995-10-05,14.625,14.875,14.375,14.48827838897705,134200
1995-10-06,14.625,14.75,14.5,14.364447593688965,55800
1995-10-09,14.375,14.625,13.75,13.807204246520996,43900
1995-10-10,13.625,13.625,13.125,13.12613296508789,81000
1995-10-11,13.5,13.625,13.25,13.249963760375977,156800
1995-10-12,13.25,14,13.25,13.497626304626465,166200
1995-10-13,14,14.25,13.875,13.869119644165039,119100
1995-10-16,14,14,13.75,13.621458053588867,31400
1995-10-17,13.75,14,13.5,13.373795509338379,34700
1995-10-18,13.5,13.75,13.25,13.12613296508789,39400
1995-10-19,13.375,13.375,13.125,13.12613296508789,19800
1995-10-20,13.125,13.375,13,13.002301216125488,105900
1995-10-23,13,14.625,12.875,14.240615844726562,329100
1995-10-24,14.375,14.5,13.5,13.373795509338379,156500
1995-10-25,13.625,13.75,13.125,13.12613296508789,65200
1995-10-26,13.25,13.5,12.875,13.12613296508789,36000
1995-10-27,12.875,13.125,12.25,12.321228981018066,127300
1995-10-30,12.5,13,12.5,12.87846851348877,106300
1995-10-31,12.75,13.125,12.625,12.754637718200684,55900
1995-11-01,12.625,12.75,12,11.949734687805176,134600
1995-11-02,12,12.5,12,12.135481834411621,73200
1995-11-03,12.25,12.625,12.25,12.321228981018066,55800
1995-11-06,12.25,12.375,11.875,11.887816429138184,58300
1995-11-07,12.25,12.25,11.875,11.825901985168457,89800
1995-11-08,11.875,12.125,11.375,11.268660545349121,92800
1995-11-09,10.625,10.75,10.125,10.15417766571045,2229000
1995-11-10,10.375,10.375,10.25,10.216092109680176,294500
1995-11-13,10.25,11.125,10.25,10.401840209960938,543000
1995-11-14,10.75,10.75,10.125,10.278009414672852,158500
1995-11-15,10.375,10.625,10.25,10.15417766571045,191000
1995-11-16,10.5,10.5,10,9.906515121459961,109800
1995-11-17,10,10.25,10,10.15417766571045,167100
1995-11-20,10,10.25,9.75,9.906515121459961,159900
1995-11-21,9.875,10,9.75,9.906515121459961,92200
1995-11-22,10,10,8.5,8.792032241821289,718000
1995-11-24,8.875,9.5,8.875,9.411189079284668,118500
1995-11-27,9.75,10.25,9.625,9.906515121459961,339300
1995-11-28,10,10.875,9.75,10.525671005249023,309400
1995-11-29,10.875,11.375,10.75,10.649503707885742,338900
1995-11-30,10.875,12,10.75,11.02099895477295,467900
1995-12-01,11.125,11.625,11.125,11.392492294311523,132100
1995-12-04,11.625,12.25,11.375,12.011650085449219,222900
1995-12-05,12.25,13.125,12.125,12.630805969238281,365200
1995-12-06,12.875,13.25,12.75,12.87846851348877,193600
1995-12-07,13.125,14,13.125,13.683374404907227,443900
1995-12-08,14,14.125,13.625,13.745288848876953,163800
1995-12-11,13.875,14.125,13.75,13.745288848876953,124300
1995-12-12,13.875,14.125,13.75,13.745288848876953,128100
1995-12-13,14,14,13.625,13.497626304626465,89500
1995-12-14,13.625,13.75,12.25,12.754637718200684,286900
1995-12-15,12.875,13.125,12.75,12.754637718200684,134400
1995-12-18,13,13,12.75,12.754637718200684,279700
1995-12-19,12.875,13,12.625,12.754637718200684,56100
1995-12-20,12.875,12.875,12,12.011650085449219,68300
1995-12-21,12.125,12.75,11,12.259312629699707,388700
1995-12-22,12.5,12.875,12.375,12.38314437866211,179300
1995-12-26,12.75,13.25,12.5,12.87846851348877,140300
1995-12-27,13.125,13.75,12.875,13.497626304626465,294400
1995-12-28,13.375,13.625,12.5,12.754637718200684,158100
1995-12-29,12.625,13.125,12.625,12.630805969238281,173000
1996-01-02,12.75,13.25,12.625,13.12613296508789,133000
1996-01-03,13.25,13.25,12.125,12.38314437866211,149500
1996-01-04,12.5,12.5,11.75,11.887816429138184,87000
1996-01-05,11.75,12.875,11.75,12.754637718200684,183700
1996-01-08,12.875,12.875,12.5,12.754637718200684,18900
1996-01-09,12.875,12.875,12.375,12.506974220275879,92300
1996-01-10,12.375,13.125,12.375,12.38314437866211,191300
1996-01-11,12.75,12.875,12.5,12.506974220275879,85200
1996-01-12,12.875,12.875,12.25,12.506974220275879,167000
1996-01-15,12.625,12.625,11.875,11.763986587524414,44200
1996-01-16,12.625,13,12.25,12.506974220275879,226800
1996-01-17,12.625,13,12.5,12.87846851348877,177000
1996-01-18,13,13.75,12.875,13.497626304626465,536600
1996-01-19,13.75,13.875,13.25,13.373795509338379,450600
1996-01-22,13.5,14.75,13.5,14.364447593688965,475600
1996-01-23,14.75,16,14.125,15.664677619934082,727200
1996-01-24,15.75,16.75,15.75,15.974255561828613,814800
1996-01-25,16.125,16.5,15.25,15.231266021728516,354700
1996-01-26,15,15.125,14.375,14.364447593688965,167300
1996-01-29,14.5,15.625,14.375,15.355098724365234,204000
1996-01-30,15.625,15.625,15.25,15.107434272766113,81600
1996-01-31,15.5,15.5,15.125,15.107434272766113,88400
1996-02-01,15.125,15.375,14.5,14.379924774169922,110100
1996-02-02,14.625,15,14.5,14.61211109161377,58100
1996-02-05,15,15.125,14.5,14.61211109161377,155600
1996-02-06,14.875,15.5,14.875,15.107434272766113,196800
1996-02-07,15.25,16,15.25,15.47892951965332,234700
1996-02-08,15.75,15.75,14.75,14.61211109161377,201400
1996-02-09,14.875,15,14.625,14.48827838897705,100600
1996-02-12,14.75,15,14.375,14.48827838897705,108000
1996-02-13,14.5,14.625,14.5,14.48827838897705,53300
1996-02-14,14.5,14.625,14.375,14.240615844726562,61000
1996-02-15,14.5,14.5,14,13.992952346801758,105500
1996-02-16,14.125,14.25,14,13.992952346801758,61300
1996-02-20,14,14,12.875,13.002301216125488,223000
1996-02-21,13,13.375,12.75,13.12613296508789,208800
1996-02-22,13.5,13.625,13.25,13.249963760375977,112400
1996-02-23,13.625,13.625,12.5,12.38314437866211,331900
1996-02-26,12.625,12.875,11.25,11.887816429138184,519800
1996-02-27,12,12.375,11.9375,12.259312629699707,211200
1996-02-28,12.25,12.5,11.875,11.887816429138184,225700
1996-02-29,11.875,12.125,11.625,11.887816429138184,93900
1996-03-01,11.75,12.125,11.75,12.011650085449219,99500
1996-03-04,11.875,14.25,11.875,13.373795509338379,1029200
1996-03-05,13.625,14.375,13.5,13.745288848876953,313600
1996-03-06,14.125,14.125,13.625,13.745288848876953,261100
1996-03-07,13.75,14,13.75,13.745288848876953,88700
1996-03-08,13.75,13.75,12,12.38314437866211,262800
1996-03-11,12.625,13.6875,12.5,13.311881065368652,283300
1996-03-12,13.625,13.625,13.125,13.249963760375977,210800
1996-03-13,13.375,13.625,13.25,13.249963760375977,156400
1996-03-14,13.25,13.625,13.25,13.373795509338379,115800
1996-03-15,13.625,14,13.5,13.745288848876953,186500
1996-03-18,13.875,14,13.625,13.497626304626465,167200
1996-03-19,13.65625,13.875,13.375,13.497626304626465,137200
1996-03-20,13.5,13.5,12.5,12.38314437866211,78600
1996-03-21,12.75,13.25,12.5,13.002301216125488,127800
1996-03-22,13,13.5,12.875,12.87846851348877,83200
1996-03-25,13.125,13.125,12.5,12.87846851348877,81400
1996-03-26,13.125,13.75,13,12.940384864807129,145000
1996-03-27,13,13.25,12.375,12.321228981018066,104900
1996-03-28,12.625,12.625,12.375,12.506974220275879,41400
1996-03-29,12.625,12.75,12.25,12.630805969238281,73200
1996-04-01,12.75,12.875,12.5,12.630805969238281,94200
1996-04-02,12.75,13,12.625,12.692721366882324,97300
1996-04-03,12.625,13,12.5,12.38314437866211,58500
1996-04-04,12.5,12.75,12.375,12.259312629699707,29300
1996-04-08,12.125,12.375,11.75,12.011650085449219,92100
1996-04-09,12.25,13.125,12.25,12.38314437866211,189700
1996-04-10,12.75,12.75,12.125,12.011650085449219,68200
1996-04-11,12.375,12.625,12.125,12.259312629699707,70300
1996-04-12,12.375,12.75,12.375,12.630805969238281,59000
1996-04-15,12.875,13.125,12.625,12.630805969238281,60900
1996-04-16,13.25,14,13,13.497626304626465,491000
1996-04-17,13.875,14.375,13.625,13.869119644165039,421600
1996-04-18,14.125,14.25,13.875,13.869119644165039,222000
1996-04-19,14.125,14.125,13.75,13.621458053588867,76700
1996-04-22,13.75,14,13.625,13.745288848876953,58000
1996-04-23,13.625,13.625,13.375,13.373795509338379,97300
1996-04-24,13.625,14.375,13.375,13.992952346801758,194300
1996-04-25,14.125,14.5,14,14.364447593688965,247700
1996-04-26,14.25,15,14.25,14.61211109161377,233500
1996-04-29,15,15.25,14.625,14.735940933227539,181600
1996-04-30,14.75,15,14.125,13.992952346801758,94400
1996-05-01,14,14.5,13.875,14.364447593688965,93600
1996-05-02,14.125,15.125,13.875,13.992952346801758,240600
1996-05-03,14,14.25,13.875,13.869119644165039,76100
1996-05-06,14.125,14.25,13.75,13.621458053588867,55200
1996-05-07,13.75,14,13.375,13.249963760375977,42000
1996-05-08,13.5,13.5,12.6875,13.373795509338379,101000
1996-05-09,13.5,13.5,13,13.373795509338379,71200
1996-05-10,13.5,14.625,13.25,14.364447593688965,218000
1996-05-13,14.5,15.125,14.25,14.61211109161377,182000
1996-05-14,14.625,14.875,13.625,13.621458053588867,169000
1996-05-15,13.625,14.125,13.5,13.869119644165039,140500
1996-05-16,14.125,14.75,13.75,14.240615844726562,181900
1996-05-17,14.75,16.125,14.125,15.850422859191895,769200
1996-05-20,16,16.25,15,15.293182373046875,273800
1996-05-21,15.625,15.625,14.25,14.364447593688965,219900
1996-05-22,14.25,15.625,14.25,15.47892951965332,260000
1996-05-23,15.875,16.5,15.5,16.22191619873047,620100
1996-05-24,16.5,18.875,16.125,18.698545455932617,828100
1996-05-28,19,19.375,18,18.017475128173828,1089700
1996-05-29,18.5,19.875,18,19.565366744995117,984400
1996-05-30,19.75,19.875,18,17.95555877685547,1004000
1996-05-31,18.25,18.375,17.25,17.212570190429688,366900
1996-06-03,17.5,18.375,17,17.95555877685547,255000
1996-06-04,18.25,18.75,17.875,17.95555877685547,219200
1996-06-05,18.25,18.875,18,18.450881958007812,282900
1996-06-06,18.75,18.75,17.375,17.336400985717773,288100
1996-06-07,16.875,19.125,16.625,17.831727981567383,776200
1996-06-10,18.25,19.125,18.125,18.822378158569336,361300
1996-06-11,18.75,19.125,17.875,17.707895278930664,149400
1996-06-12,18,18.125,17.625,17.460233688354492,70600
1996-06-13,17.5,17.75,17,17.150653839111328,118300
1996-06-14,17.5,17.625,16.75,16.59341049194336,142500
1996-06-17,16.75,17.125,16.375,16.59341049194336,126200
1996-06-18,16.375,16.5,15.875,16.22191619873047,193200
1996-06-19,16,16.375,15.875,15.726591110229492,126500
1996-06-20,15.875,16.125,14.875,15.47892951965332,274500
1996-06-21,15.875,15.875,15,14.859771728515625,118300
1996-06-24,15.25,15.875,15.125,15.355098724365234,294000
1996-06-25,15.375,15.75,15.25,15.355098724365234,355200
1996-06-26,15.625,15.875,15.125,14.983603477478027,197500
1996-06-27,15.375,15.625,15.125,15.47892951965332,117300
1996-06-28,16.75,18.125,16.375,17.212570190429688,683300
1996-07-01,17.375,17.5,16.875,17.0887393951416,96400
1996-07-02,17.125,17.375,16.75,16.59341049194336,56700
1996-07-03,17,17,16.25,16.345748901367188,66500
1996-07-05,16.25,16.5,16.125,15.974255561828613,38000
1996-07-08,16.125,17,16,16.098087310791016,178100
1996-07-09,16.5,17,16.25,16.59341049194336,148400
1996-07-10,17,17.25,16.375,16.22191619873047,162900
1996-07-11,16.375,16.375,14.375,14.596630096435547,422000
1996-07-12,14.75,15,14.5,14.735940933227539,315500
1996-07-15,14.875,16,13.25,13.12613296508789,632600
1996-07-16,13.625,15,13.25,14.61211109161377,389700
1996-07-17,14.875,16.25,14.5,15.355098724365234,279300
1996-07-18,15.75,16.5,15.25,15.231266021728516,366700
1996-07-19,15.5,16.125,14.75,15.231266021728516,294000
1996-07-22,15.375,15.875,14.75,15.726591110229492,315200
1996-07-23,15.75,16,14.75,14.735940933227539,197500
1996-07-24,14.75,15,14.375,14.240615844726562,82600
1996-07-25,14.875,15.875,14.625,15.231266021728516,152400
1996-07-26,15.375,15.875,15.25,15.47892951965332,99500
1996-07-29,15.625,15.75,14.875,15.47892951965332,110800
1996-07-30,15.625,15.75,15.125,14.983603477478027,75600
1996-07-31,15.125,15.75,15.125,15.602762222290039,63300
1996-08-01,15.875,16,15.375,15.602762222290039,42900
1996-08-02,15.875,17.75,15.875,17.460233688354492,485900
1996-08-05,17.5,17.75,16.75,16.59341049194336,93800
1996-08-06,16.75,17.875,16.75,16.84107780456543,296900
1996-08-07,17.5,17.625,16.875,16.96490478515625,145500
1996-08-08,17.125,17.375,16.875,17.0887393951416,122700
1996-08-09,17.125,17.75,17.125,17.584064483642578,64200
1996-08-12,17.75,17.75,16.75,16.96490478515625,160600
1996-08-13,17,17.5,16.625,16.59341049194336,178700
1996-08-14,17,17.25,16.75,16.84107780456543,118200
1996-08-15,16.75,17,16.625,16.717241287231445,84300
1996-08-16,16.875,17,16.75,16.59341049194336,90700
1996-08-19,16.75,17,16.5,16.46957778930664,129000
1996-08-20,16.75,16.75,16.4375,16.345748901367188,123100
1996-08-21,16.625,16.625,16.25,16.22191619873047,23700
1996-08-22,16.5,16.625,16.125,16.345748901367188,63000
1996-08-23,16.625,17.75,16.625,16.96490478515625,212000
1996-08-26,17.25,17.375,16.875,17.0887393951416,57700
1996-08-27,17,17.625,17,17.0887393951416,49600
1996-08-28,17.25,17.625,17.25,17.0887393951416,131000
1996-08-29,17.375,17.625,16.875,16.96490478515625,108100
1996-08-30,16.875,17,16.625,16.59341049194336,148000
1996-09-03,16.375,16.5,16.125,15.974255561828613,137500
1996-09-04,16.125,16.625,16.125,16.098087310791016,85600
1996-09-05,16.625,16.625,16.25,16.345748901367188,43000
1996-09-06,16.5,18,16.125,17.336400985717773,304400
1996-09-09,17.5,18.625,17,17.212570190429688,344300
1996-09-10,17.375,17.5,16.75,16.717241287231445,233400
1996-09-11,17,18.125,16.875,17.584064483642578,185200
1996-09-12,17.75,18.125,17.625,17.52215003967285,91300
1996-09-13,17.625,19,17.625,18.512800216674805,458400
1996-09-16,18.625,19.5,18.5,19.070039749145508,302900
1996-09-17,19.5,19.5,18.375,18.450881958007812,200900
1996-09-18,18.75,18.75,18.125,18.079389572143555,51400
1996-09-19,18.125,18.75,18.125,18.450881958007812,62500
1996-09-20,18.75,19.625,18.5,18.698545455932617,313000
1996-09-23,18.75,19.625,18.375,18.822378158569336,246900
1996-09-24,18.75,19.75,18.375,18.450881958007812,270900
1996-09-25,18.625,19.125,18.625,18.698545455932617,182000
1996-09-26,18.875,19.875,18.875,19.565366744995117,204300
1996-09-27,19.5,19.875,19.25,19.193872451782227,200600
1996-09-30,19.375,20.875,19.375,19.936861038208008,289600
1996-10-01,20,20.25,19.625,19.565366744995117,127500
1996-10-02,19.625,20.375,19.625,20.06069564819336,141400
1996-10-03,20,21.625,20,21.299007415771484,358600
1996-10-04,22.125,23.5,22,23.28030776977539,775200
1996-10-07,23.5,23.5,22.625,23.156478881835938,439300
1996-10-08,23,24.875,23,24.394792556762695,533200
1996-10-09,24.625,24.625,22.375,22.908815383911133,415900
1996-10-10,23.5,23.5,22.25,22.413490295410156,370600
1996-10-11,22.875,23,22,22.0419979095459,234200
1996-10-14,22,22.5,21.625,21.670501708984375,124400
1996-10-15,21.625,21.875,20.75,20.67984962463379,161800
1996-10-16,20.75,21,20.5,20.556018829345703,58500
1996-10-17,20.5,20.75,20.25,20.43218421936035,67600
1996-10-18,20.625,20.75,20.375,20.3083553314209,66500
1996-10-21,20.375,20.875,20.375,20.43218421936035,97200
1996-10-22,20.625,20.625,19,19.070039749145508,122400
1996-10-23,19.25,19.25,17.875,18.450881958007812,157500
1996-10-24,18.625,20.5,18.375,19.441537857055664,248500
1996-10-25,19.875,20,19.5,19.317705154418945,115000
1996-10-28,19.5,19.875,18.625,18.698545455932617,94600
1996-10-29,18.875,18.875,17.5,18.203222274780273,242800
1996-10-30,18.5,19.375,17.75,18.327051162719727,274400
1996-10-31,18.625,19.625,18.5,18.822378158569336,161500
1996-11-01,18.875,19.125,18.5,18.57471466064453,100800
1996-11-04,19,19,18.375,18.57471466064453,72200
1996-11-05,18.5,18.75,18.375,18.57471466064453,24200
1996-11-06,18.75,19.5,18.5,18.822378158569336,352600
1996-11-07,19,19,18.75,18.822378158569336,117000
1996-11-08,19,19,18.75,18.698545455932617,43700
1996-11-11,19,19,18.375,18.450881958007812,79900
1996-11-12,18.5,20.375,18.5,19.565366744995117,286200
1996-11-13,19.75,19.875,18.625,18.450881958007812,157100
1996-11-14,18.625,18.875,18.5,18.57471466064453,84200
1996-11-15,18.625,19.375,18.375,19.070039749145508,208400
1996-11-18,19.25,19.375,18.75,19.193872451782227,135100
1996-11-19,19.125,19.375,18.75,18.57471466064453,66600
1996-11-20,18.75,19.375,18.75,18.946208953857422,121100
1996-11-21,18.875,19.25,18.5,18.327051162719727,39500
1996-11-22,18.5,19,18.5,18.57471466064453,31900
1996-11-25,18.625,18.875,18.25,18.327051162719727,56000
1996-11-26,18.5,19,18.375,18.327051162719727,73800
1996-11-27,18.5,19.125,18.5,18.946208953857422,76600
1996-11-29,19.125,19.125,18.875,18.946208953857422,10400
1996-12-02,18.875,19,17.75,17.831727981567383,114800
1996-12-03,18.25,21,18.25,19.441537857055664,508300
1996-12-04,19.625,20.375,19.125,20.06069564819336,285100
1996-12-05,20.375,20.375,19.875,19.813030242919922,90400
1996-12-06,19.625,20.5,18.375,19.689199447631836,302200
1996-12-09,19.75,20.5,19.75,19.627283096313477,100400
1996-12-10,19.75,20.25,19.25,19.317705154418945,150500
1996-12-11,19.25,20.25,19.25,19.689199447631836,109400
1996-12-12,20.125,22.375,19.75,20.92751121520996,705600
1996-12-13,20.25,20.5,18.625,18.698545455932617,481800
1996-12-16,19,19.25,18.625,18.57471466064453,175500
1996-12-17,18.75,18.75,17.375,17.212570190429688,281800
1996-12-18,17.5,17.875,17.375,17.336400985717773,308600
1996-12-19,17.75,18.125,17.375,17.584064483642578,276800
1996-12-20,17.5,18,17.5,17.398317337036133,176100
1996-12-23,17.75,17.75,17.5,17.460233688354492,108400
1996-12-24,17.75,18.125,17.5,17.460233688354492,109500
1996-12-26,17.625,17.875,16.875,16.717241287231445,150600
1996-12-27,17.125,17.125,15.75,15.726591110229492,331500
1996-12-30,15.75,16.25,14.875,14.735940933227539,524100
1996-12-31,14.875,16.375,14.875,15.974255561828613,540400
1997-01-02,16.125,17.25,15.625,16.96490478515625,454200
1997-01-03,17.25,18.25,17.25,17.831727981567383,336400
1997-01-06,18.125,18.5,18,18.327051162719727,553500
1997-01-07,18.5,19.25,18,18.946208953857422,426400
1997-01-08,18.875,20.25,18.875,19.193872451782227,418700
1997-01-09,19.5,19.75,18.875,18.946208953857422,210600
1997-01-10,18.875,21.25,10.75,10.773335456848145,2050600
1997-01-13,10.375,10.375,9,9.287357330322266,5630400
1997-01-14,9.5,9.75,8.5,8.482452392578125,1749900
1997-01-15,8.875,9.125,8,9.039694786071777,915100
1997-01-16,9.625,9.625,9.125,9.039694786071777,279400
1997-01-17,9.5,9.75,9.25,9.535019874572754,223100
1997-01-20,9.625,11.75,9.5,11.02099895477295,1007300
1997-01-21,11.375,11.625,10.5,10.401840209960938,316300
1997-01-22,10.6875,11,10.375,10.401840209960938,191000
1997-01-23,10.5,11,10.375,10.278009414672852,109400
1997-01-24,10.375,10.625,10,10.15417766571045,100500
1997-01-27,10.5,10.625,10.25,10.15417766571045,96000
1997-01-28,10.25,10.5,9.875,9.782683372497559,125000
1997-01-29,10.125,10.125,9.625,9.535019874572754,42600
1997-01-30,9.875,9.875,9.25,9.411189079284668,184300
1997-01-31,9.25,9.75,9.25,9.658852577209473,189200
1997-02-03,9.625,9.75,9.25,9.411189079284668,147700
1997-02-04,9.75,10.375,9.375,10.15417766571045,110100
1997-02-05,10.375,10.375,10,10.03034782409668,105300
1997-02-06,10,10.75,10,10.525671005249023,147700
1997-02-07,10.5,10.75,10.125,10.03034782409668,104100
1997-02-10,10.5,10.5,9.875,9.782683372497559,66200
1997-02-11,9.75,10.125,9.75,9.782683372497559,49700
1997-02-12,9.75,10.25,9.75,10.03034782409668,32400
1997-02-13,10,10.25,10,9.906515121459961,45900
1997-02-14,10.125,10.375,10,10.03034782409668,51200
1997-02-18,10.25,10.25,9.625,9.906515121459961,70100
1997-02-19,9.625,10,9.625,9.782683372497559,29800
1997-02-20,9.75,10,9.75,9.906515121459961,91200
1997-02-21,9.75,10.125,9.75,9.906515121459961,61200
1997-02-24,10,10.125,9.75,9.844599723815918,176100
1997-02-25,9.625,10,9.625,9.535019874572754,100000
1997-02-26,9.875,9.875,9.625,9.658852577209473,45500
1997-02-27,9.75,9.875,9.75,9.658852577209473,47500
1997-02-28,9.875,10,9.75,9.906515121459961,99000
1997-03-03,9.875,10,9.875,9.891036033630371,74500
1997-03-04,10,10.125,9.625,9.782683372497559,155000
1997-03-05,10,10,9.5,9.411189079284668,80200
1997-03-06,9.5,9.75,9.5,9.658852577209473,35600
1997-03-07,9.5,9.75,9.375,9.411189079284668,78300
1997-03-10,9.25,9.5,9.25,9.163525581359863,42400
1997-03-11,9.375,9.375,8.625,8.5443696975708,112500
1997-03-12,8.625,8.875,8.375,8.358620643615723,70900
1997-03-13,8.375,8.5,8.25,8.420538902282715,40700
1997-03-14,8.375,8.375,8,8.049043655395508,143400
1997-03-17,8.125,8.125,7.875,8.049043655395508,72400
1997-03-18,8,8.125,7.625,7.8013811111450195,129500
1997-03-19,7.75,8,7.5,7.4298858642578125,83100
1997-03-20,7.625,8.25,7.5,7.8013811111450195,162100
1997-03-21,8.125,8.625,7.875,8.420538902282715,115900
1997-03-24,8.5,9.75,8.25,9.411189079284668,184400
1997-03-25,9.125,9.75,9.125,9.287357330322266,117200
1997-03-26,9.5,9.5,8.75,8.668200492858887,38500
1997-03-27,8.75,9,8.5,8.420538902282715,65600
1997-03-31,8.5,8.75,8,7.925211429595947,132500
1997-04-01,7.875,8.125,7.75,7.925211429595947,59800
1997-04-02,8.25,8.625,8,7.925211429595947,746000
1997-04-03,8.125,8.125,7,7.058391571044922,416600
1997-04-04,7.25,8.75,7.015625,8.5443696975708,364600
1997-04-07,8.25,8.75,8,8.049043655395508,80300
1997-04-08,8.25,8.25,7,7.182223796844482,113300
1997-04-09,7.5,7.875,7.25,7.677549362182617,50700
1997-04-10,7.875,8.125,7.625,7.925211429595947,49900
1997-04-11,8,8,7.625,7.615633010864258,42800
1997-04-14,7.75,7.875,7.5,7.677549362182617,33400
1997-04-15,7.5,7.875,7.5,7.491801738739014,38500
1997-04-16,7.5,7.75,7.375,7.306055545806885,33200
1997-04-17,7.625,7.625,7.375,7.553717136383057,107700
1997-04-18,7.625,7.625,7.5,7.445364475250244,26300
1997-04-21,7.5,7.75,7.5,7.553717136383057,62300
1997-04-22,7.5,7.625,7.375,7.553717136383057,80100
1997-04-23,7.4375,7.5625,7.25,7.182223796844482,244800
1997-04-24,7.25,7.5,7.25,7.306055545806885,43700
1997-04-25,7.25,7.375,7,6.996476173400879,87800
1997-04-28,7,7.125,6.75,6.810729026794434,134500
1997-04-29,6.875,7,6.75,6.6868977546691895,32900
1997-04-30,7,7,6.125,6.439234256744385,127100
1997-05-01,6.25,7.125,6.25,6.439234256744385,108800
1997-05-02,6.625,7.25,6.5,7.182223796844482,115600
1997-05-05,7.375,7.5,7,7.4298858642578125,60200
1997-05-06,7.125,8.375,7.125,8.29670524597168,187500
1997-05-07,8.375,8.875,8.125,8.5443696975708,258000
1997-05-08,8.75,8.75,8.375,8.420538902282715,53100
1997-05-09,8.375,8.625,8.25,8.420538902282715,59100
1997-05-12,8.125,8.5,7.75,7.8013811111450195,79900
1997-05-13,9.5,13.125,9.375,11.779465675354004,3472700
1997-05-14,12.25,12.25,10.5,11.392492294311523,919300
1997-05-15,11.375,11.625,10.875,11.02099895477295,315500
1997-05-16,11.125,11.125,10.625,10.525671005249023,169400
1997-05-19,10.625,10.75,10.375,10.525671005249023,177700
1997-05-20,10.625,11.125,10.375,10.773335456848145,108400
1997-05-21,11.125,11.125,10.75,10.89716625213623,43600
1997-05-22,11,11,10.375,10.278009414672852,80100
1997-05-23,10.375,11.25,10.375,11.144828796386719,177700
1997-05-27,11.25,11.25,10.75,11.02099895477295,115900
1997-05-28,11.125,11.125,10.75,10.89716625213623,41800
1997-05-29,11,11,10.375,10.525671005249023,54600
1997-05-30,10.5,10.625,10,10.525671005249023,104500
1997-06-02,10.125,11.125,10.125,10.401840209960938,60100
1997-06-03,10.5,10.75,10.375,10.525671005249023,24000
1997-06-04,10.625,10.875,10.375,10.773335456848145,71100
1997-06-05,10.875,11,10.5,10.773335456848145,30200
1997-06-06,10.75,11.015625,10.5,10.89716625213623,84400
1997-06-09,11,11,10.5,10.525671005249023,39500
1997-06-10,11,11,10.625,10.773335456848145,40500
1997-06-11,10.625,10.875,10.25,10.401840209960938,57600
1997-06-12,10.5,10.75,10.25,10.15417766571045,99600
1997-06-13,10.625,10.625,9.875,9.906515121459961,133800
1997-06-16,10.25,10.25,9.875,10.15417766571045,33500
1997-06-17,10,11.125,10,10.525671005249023,139800
1997-06-18,10.5,10.5,10,10.15417766571045,84400
1997-06-19,10.5,10.5,10,10.15417766571045,52300
1997-06-20,10.1875,10.375,9.875,10.03034782409668,73200
1997-06-23,9.875,10.125,9.875,10.03034782409668,86600
1997-06-24,9.875,10.125,9.875,10.03034782409668,58700
1997-06-25,10,10.5,10,9.906515121459961,160100
1997-06-26,10.25,11.125,9.875,10.339924812316895,223200
1997-06-27,10.375,10.75,9.875,10.03034782409668,88300
1997-06-30,10.234375,10.25,9.875,10.03034782409668,92400
1997-07-01,10.125,10.125,9.75,9.906515121459961,61600
1997-07-02,9.75,10.125,9.75,10.03034782409668,34400
1997-07-03,10.125,10.125,9.75,9.720768928527832,30900
1997-07-07,9.75,9.984375,9.5,9.535019874572754,125500
1997-07-08,9.5,9.625,9.4375,9.411189079284668,50600
1997-07-09,9.625,9.75,9.375,9.658852577209473,50400
1997-07-10,9.75,10.125,9.625,9.658852577209473,26300
1997-07-11,9.75,10.125,9.75,9.658852577209473,13600
1997-07-14,9.875,10.125,9.75,9.658852577209473,42100
1997-07-15,10,10.125,9.75,9.906515121459961,38500
1997-07-16,9.875,10.75,9.875,10.401840209960938,182800
1997-07-17,10.5,10.75,9.875,9.782683372497559,69100
1997-07-18,10,10,9.5,9.658852577209473,109000
1997-07-21,9.875,9.875,9.375,9.535019874572754,79300
1997-07-22,9.375,9.625,9.25,9.163525581359863,45600
1997-07-23,9.25,9.5,8.75,9.039694786071777,135800
1997-07-24,9.5,10.5,9.5,10.401840209960938,332300
1997-07-25,10.5,10.5,9.75,10.03034782409668,86200
1997-07-28,9.875,10.125,9.875,9.782683372497559,41100
1997-07-29,9.78125,10.125,9.75,10.03034782409668,21800
1997-07-30,9.75,10.125,9.625,9.596936225891113,50200
1997-07-31,9.625,10.375,9.625,9.906515121459961,161600
1997-08-01,10.125,10.25,9.75,10.15417766571045,196700
1997-08-04,10.125,10.25,10,10.03034782409668,109300
1997-08-05,10.25,10.5,10,10.15417766571045,89100
1997-08-06,10.21875,10.25,9.625,9.782683372497559,72200
1997-08-07,10.125,10.125,9.75,9.906515121459961,68500
1997-08-08,9.75,10,9.5,9.535019874572754,35700
1997-08-11,9.75,10,9.625,9.658852577209473,34700
1997-08-12,9.75,10,9.375,9.287357330322266,83900
1997-08-13,9.375,9.75,9.25,9.225440979003906,100400
1997-08-14,9.25,9.5,9.125,9.287357330322266,25200
1997-08-15,9.125,9.375,8.875,9.039694786071777,65700
1997-08-18,9.375,9.875,9.375,9.782683372497559,60000
1997-08-19,9.875,9.875,9.5,9.411189079284668,26200
1997-08-20,9.75,9.75,9.375,9.287357330322266,19900
1997-08-21,9.375,9.75,9.0625,9.287357330322266,28300
1997-08-22,9.125,9.375,8.875,9.287357330322266,29200
1997-08-25,9.375,9.375,9,9.039694786071777,11400
1997-08-26,9,9.375,8.75,8.792032241821289,116300
1997-08-27,8.875,9.25,8.875,9.163525581359863,32200
1997-08-28,9,9.25,8.875,9.163525581359863,64300
1997-08-29,8.875,9.25,8.875,9.163525581359863,13200
1997-09-02,8.875,9.25,8.875,8.915863990783691,61700
1997-09-03,8.875,9.125,8.875,8.915863990783691,26000
1997-09-04,9.375,9.375,9,8.915863990783691,31400
1997-09-05,9.25,9.25,8.75,8.915863990783691,38500
1997-09-08,8.75,9,8.75,8.792032241821289,160100
1997-09-09,9,9,8.875,8.792032241821289,44900
1997-09-10,8.875,9,8.75,8.668200492858887,119100
1997-09-11,8.75,8.875,8.75,8.668200492858887,16100
1997-09-12,8.9375,9,8.75,8.792032241821289,83800
1997-09-15,8.875,9.125,8.875,8.915863990783691,115500
1997-09-16,9.125,9.125,8.9375,8.946820259094238,304600
1997-09-17,9.125,10.0625,9.125,9.906515121459961,385200
1997-09-18,10.125,10.25,9.875,10.03034782409668,101400
1997-09-19,9.875,10.375,9.875,10.278009414672852,113100
1997-09-22,10.125,10.375,10,10.03034782409668,32500
1997-09-23,10.25,10.25,9.9375,9.968430519104004,34600
1997-09-24,10,10.0625,9.875,9.968430519104004,33500
1997-09-25,10.0625,10.0625,10,9.93747329711914,59700
1997-09-26,10,10.0625,9.875,9.906515121459961,62500
1997-09-29,10,10,9.8125,9.720768928527832,9500
1997-09-30,11.25,11.75,10.875,11.082914352416992,679300
1997-10-01,11.125,11.1875,10,9.906515121459961,176600
1997-10-02,10.125,10.75,9.8125,10.401840209960938,83200
1997-10-03,10.5,10.875,10.375,10.773335456848145,69000
1997-10-06,11,11.375,10.875,11.082914352416992,86100
1997-10-07,11.125,11.5,11.0625,11.392492294311523,89400
1997-10-08,11.5,11.9375,11.375,11.825901985168457,189300
1997-10-09,11.875,13,11.875,12.87846851348877,276300
1997-10-10,12.625,13,12.25,12.506974220275879,128600
1997-10-13,12.25,12.5,11.75,11.640153884887695,77900
1997-10-14,11.875,12.5,11.75,12.38314437866211,77200
1997-10-15,11.875,12.5,11.75,12.259312629699707,63200
1997-10-16,12.125,12.5,11.5,11.516322135925293,44000
1997-10-17,11.375,11.625,11,11.268660545349121,76000
1997-10-20,11.375,11.375,10.3125,10.649503707885742,189700
1997-10-21,10.875,11.625,10.75,11.392492294311523,61900
1997-10-22,11.5,11.875,11.375,11.702070236206055,26900
1997-10-23,10.875,11.5,10.75,11.392492294311523,70300
1997-10-24,11.75,11.75,11.125,11.02099895477295,26200
1997-10-27,10.75,11.125,10.375,10.278009414672852,77200
1997-10-28,10,10.625,9.75,10.525671005249023,90400
1997-10-29,10.375,10.75,10,10.649503707885742,77100
1997-10-30,10.125,10.625,9.875,10.401840209960938,56700
1997-10-31,10.375,11,10.3125,10.339924812316895,28700
1997-11-03,10.75,11.25,10.625,10.89716625213623,28800
1997-11-04,11.25,11.25,10.875,10.835250854492188,17400
1997-11-05,11.5,11.5,11,11.268660545349121,36600
1997-11-06,11.4375,11.5,10.6875,10.89716625213623,58200
1997-11-07,10.5,10.625,10.125,10.278009414672852,61500
1997-11-10,10.25,10.875,10.25,10.773335456848145,31700
1997-11-11,10.875,10.875,10.5,10.587586402893066,16000
1997-11-12,10.375,11.125,10.375,10.278009414672852,60300
1997-11-13,10.375,10.75,9.75,10.03034782409668,75700
1997-11-14,9.875,10.5,9.875,10.339924812316895,20500
1997-11-17,10.125,10.75,10.125,10.15417766571045,20200
1997-11-18,10.5,10.5,10,10.15417766571045,16200
1997-11-19,10,10.25,9.875,9.968430519104004,24300
1997-11-20,9.9375,10.25,9.9375,9.968430519104004,29800
1997-11-21,10.25,10.25,9.9375,10.03034782409668,26500
1997-11-24,9.9375,10.125,9.5,9.411189079284668,43200
1997-11-25,10,10,9.125,9.039694786071777,53100
1997-11-26,9.75,9.875,9.5,9.782683372497559,36900
1997-11-28,9.875,9.875,9.75,9.782683372497559,11400
1997-12-01,9.9375,10.375,9.9375,10.278009414672852,88800
1997-12-02,10.375,10.375,9.875,9.782683372497559,49400
1997-12-03,9.875,10,9.5,9.658852577209473,71000
1997-12-04,9.875,9.875,9.75,9.720768928527832,44500
1997-12-05,9.75,10.125,9.75,10.03034782409668,24400
1997-12-08,9.875,10.125,9.625,9.658852577209473,26900
1997-12-09,9.625,10,9.5,9.411189079284668,28000
1997-12-10,9.5,9.5,9.125,9.101611137390137,26000
1997-12-11,9,9.375,8.75,8.668200492858887,50300
1997-12-12,9.25,9.375,8.8125,9.225440979003906,79100
1997-12-15,9,9.5,9,9.039694786071777,62900
1997-12-16,9.5,9.625,9.25,9.473104476928711,53300
1997-12-17,9.125,9.125,8.75,8.915863990783691,68900
1997-12-18,8.8125,9.1875,8.75,8.668200492858887,40000
1997-12-19,8.75,9,8.625,8.668200492858887,54900
1997-12-22,8.75,9,8.75,8.792032241821289,71600
1997-12-23,8.875,9.25,8.875,8.915863990783691,70400
1997-12-24,9,9,8.8125,8.915863990783691,47900
1997-12-26,8.75,9,8.5,8.420538902282715,33500
1997-12-29,8.5,8.875,8.1875,8.420538902282715,90100
1997-12-30,8.125,8.75,8,8.668200492858887,113100
1997-12-31,8.5,8.875,8.375,8.482452392578125,122900
1998-01-02,8.75,8.875,8.5,8.792032241821289,26700
1998-01-05,9,9.375,8.875,8.915863990783691,44800
1998-01-06,9,9.125,8.25,8.420538902282715,60600
1998-01-07,8.5,8.5,8.125,8.172874450683594,83700
1998-01-08,8.25,8.625,8.25,8.172874450683594,16200
1998-01-09,8.25,8.75,8.25,8.606285095214844,32000
1998-01-12,8.25,8.5,8.25,8.29670524597168,7700
1998-01-13,8.875,8.875,8.375,8.29670524597168,35300
1998-01-14,8.5,8.875,8.375,8.482452392578125,104600
1998-01-15,8.5,8.75,8.375,8.29670524597168,30100
1998-01-16,8.625,8.625,8,8.049043655395508,101800
1998-01-20,8.125,8.5,8.125,8.420538902282715,48200
1998-01-21,8,8.375,7.5,7.8013811111450195,126900
1998-01-22,7.8125,8,7.8125,7.863295555114746,18800
1998-01-23,8,8,7.875,7.863295555114746,10900
1998-01-26,8.125,8.125,7.5,7.4298858642578125,30900
1998-01-27,7.875,7.875,7.25,7.3679704666137695,115800
1998-01-28,7.375,7.5,7.125,7.058391571044922,88100
1998-01-29,7.25,7.25,7,6.9345598220825195,179500
1998-01-30,7,7.375,7,6.9345598220825195,69300
1998-02-02,7.125,7.625,7.125,7.306055545806885,130800
1998-02-03,7.5,7.625,7.25,7.4298858642578125,97100
1998-02-04,7.625,7.75,7.375,7.4298858642578125,83500
1998-02-05,7.5,7.6875,7.125,7.058391571044922,42200
1998-02-06,7.375,7.375,7.125,7.058391571044922,104700
1998-02-09,7.125,7.375,7.125,7.306055545806885,151000
1998-02-10,7.25,7.625,7.25,7.4298858642578125,62200
1998-02-11,7.625,9.5,7.375,9.411189079284668,269000
1998-02-12,9.5,9.5,8.5,8.853947639465332,111900
1998-02-13,8.8125,9.125,8.5,8.482452392578125,108800
1998-02-17,8.875,9,8.5,8.730116844177246,29100
1998-02-18,8.625,9,8.625,8.606285095214844,32400
1998-02-19,8.5625,9,8.5625,8.792032241821289,29000
1998-02-20,8.625,9,8.625,8.5443696975708,44800
1998-02-23,8.6875,8.6875,8.25,8.358620643615723,87500
1998-02-24,8,8.5,8,8.29670524597168,63600
1998-02-25,8.125,8.5,7.875,8.420538902282715,49000
1998-02-26,8,8.5,8,8.172874450683594,68600
1998-02-27,8.375,8.375,7.5625,8.049043655395508,4061000
1998-03-02,8,8.125,7.6875,7.677549362182617,185000
1998-03-03,7.6875,7.6875,7.5,7.553717136383057,370000
1998-03-04,7.5,7.75,7.5,7.4298858642578125,47400
1998-03-05,7.5,7.53125,7.5,7.445364475250244,10800
1998-03-06,7.6875,7.75,7.5,7.553717136383057,63300
1998-03-09,7.75,7.875,7.5,7.491801738739014,93900
1998-03-10,7.5625,7.875,7.5625,7.491801738739014,87800
1998-03-11,7.5,8.125,7.5,7.73946475982666,413200
1998-03-12,7.625,8.5,7.625,8.420538902282715,250700
1998-03-13,8.5,9.125,8.25,8.792032241821289,311500
1998-03-16,9.0625,9.0625,8.625,8.5443696975708,91100
1998-03-17,8.875,9,8.25,8.420538902282715,81400
1998-03-18,8.5,8.75,8.375,8.482452392578125,67000
1998-03-19,8.75,8.75,8.5,8.420538902282715,29900
1998-03-20,8.375,8.625,8.25,8.172874450683594,54500
1998-03-23,7.8125,8.125,7.75,7.8013811111450195,28700
1998-03-24,7.875,8.25,7.75,7.863295555114746,99200
1998-03-25,7.9375,7.9375,7.75,7.677549362182617,50200
1998-03-26,7.75,7.8125,7.5,7.491801738739014,128600
1998-03-27,7.5,7.75,7.5,7.4298858642578125,86700
1998-03-30,7.5,7.875,7.5,7.4298858642578125,33800
1998-03-31,7.75,7.875,7.3125,7.306055545806885,443100
1998-04-01,7.625,7.625,7.25,7.244139194488525,139000
1998-04-02,7.625,7.75,7.25,7.553717136383057,147900
1998-04-03,7.625,8.25,7.625,8.049043655395508,167000
1998-04-06,8.1875,8.5,8.125,8.172874450683594,160800
1998-04-07,8.375,8.5,8,8.29670524597168,221700
1998-04-08,9.25,9.625,8.75,9.411189079284668,678100
1998-04-09,10,10.125,9,9.844599723815918,428700
1998-04-13,9.9375,9.9375,9,9.411189079284668,224200
1998-04-14,9.3125,9.5625,9.0625,9.163525581359863,71100
1998-04-15,9.125,10,9.125,9.875555992126465,154200
1998-04-16,9.8125,9.875,9.375,9.782683372497559,125200
1998-04-17,9.875,9.9375,9.3125,9.658852577209473,107300
1998-04-20,9.875,10.25,9.5,10.03034782409668,90600
1998-04-21,10.25,11,10,10.835250854492188,198400
1998-04-22,11,11,10.5,10.46375560760498,124700
1998-04-23,10.75,10.75,9.5,9.51954174041748,113100
1998-04-24,9.5625,10,9.5,9.535019874572754,95800
1998-04-27,9.625,9.625,9.25,9.225440979003906,120400
1998-04-28,9.125,9.625,9.125,9.349272727966309,43100
1998-04-29,9.375,9.9375,9.375,9.782683372497559,50500
1998-04-30,9.625,10.125,9.625,9.720768928527832,162700
1998-05-01,9.8125,10.0625,9.75,9.782683372497559,71500
1998-05-04,10.0625,10.65625,10,10.401840209960938,144700
1998-05-05,10.125,10.5,9.875,9.906515121459961,75700
1998-05-06,10,10.375,9.25,9.596936225891113,60000
1998-05-07,9.5,9.625,9.375,9.287357330322266,49800
1998-05-08,9.5,9.9375,9.375,9.844599723815918,66700
1998-05-11,9.625,10,9.375,9.287357330322266,45900
1998-05-12,10,10,9.125,9.535019874572754,78900
1998-05-13,9.25,9.75,9.25,9.535019874572754,38400
1998-05-14,9.625,9.75,9.25,9.163525581359863,38300
1998-05-15,9.25,9.625,9.25,9.473104476928711,59500
1998-05-18,9,9.75,9,9.535019874572754,107000
1998-05-19,9.375,9.75,9.375,9.658852577209473,19200
1998-05-20,9.75,9.75,9.375,9.349272727966309,17200
1998-05-21,9.5,9.75,9.5,9.658852577209473,63200
1998-05-22,9.75,10,9.625,9.658852577209473,41500
1998-05-26,9.75,9.875,9.25,9.287357330322266,45600
1998-05-27,9.375,9.375,9,9.163525581359863,76300
1998-05-28,9.125,9.625,9,9.411189079284668,58000
1998-05-29,9.5,9.75,9.15625,9.256400108337402,44400
1998-06-01,9.75,9.75,9.25,9.535019874572754,166200
1998-06-02,9.75,9.75,9.25,9.225440979003906,24300
1998-06-03,9.625,9.75,9.25,9.163525581359863,19800
1998-06-04,9.25,9.75,9.25,9.658852577209473,18800
1998-06-05,9.3125,9.6875,9.125,9.039694786071777,71700
1998-06-08,9,9.5,9,9.225440979003906,20200
1998-06-09,9.5,9.5,9,9.163525581359863,7200
1998-06-10,9,9.5,9,8.915863990783691,32700
1998-06-11,9.125,9.625,9,9.504061698913574,81300
1998-06-12,9.5625,9.625,8.875,8.915863990783691,54200
1998-06-15,9,9,8.75,8.668200492858887,49900
1998-06-16,9,9,8.625,8.915863990783691,64600
1998-06-17,8.9375,9.125,8.875,9.039694786071777,104800
1998-06-18,8.875,9.0625,8.875,8.853947639465332,24600
1998-06-19,9,9.125,8.5,8.420538902282715,38800
1998-06-22,8.84375,8.84375,8.5,8.420538902282715,36000
1998-06-23,8.5,8.6875,8.375,8.29670524597168,86000
1998-06-24,8.5,8.625,8.375,8.5443696975708,53200
1998-06-25,8.75,9,8.5,8.915863990783691,18500
1998-06-26,8.75,9,8.75,8.792032241821289,26600
1998-06-29,9,9,8.875,8.853947639465332,14100
1998-06-30,8.875,9.5,8.875,9.132568359375,205300
1998-07-01,9.4375,9.75,9.4375,9.411189079284668,73500
1998-07-02,9.625,9.6875,9,8.977779388427734,29700
1998-07-06,9.375,9.375,8.8125,8.915863990783691,79500
1998-07-07,9,9.25,9,9.163525581359863,23200
1998-07-08,9,9.25,9,8.915863990783691,27200
1998-07-09,9.125,9.25,9,9.163525581359863,17400
1998-07-10,9.25,9.25,9,9.163525581359863,11900
1998-07-13,9,9.25,9,8.915863990783691,64800
1998-07-14,9,9.125,9,8.915863990783691,51700
1998-07-15,9,9.125,9,9.039694786071777,364200
1998-07-16,9,9.125,9,8.962299346923828,31100
1998-07-17,9.1875,9.1875,8,7.987127780914307,67200
1998-07-20,8,8.4375,7.875,7.8013811111450195,67900
1998-07-21,8.375,8.375,8,7.925211429595947,70100
1998-07-22,8.25,8.25,8,7.925211429595947,25100
1998-07-23,8,8.5,7.9375,7.863295555114746,40300
1998-07-24,8.25,8.25,7.875,7.863295555114746,22700
1998-07-27,7.9375,8.25,7.9375,7.925211429595947,25100
1998-07-28,8,8,7.875,7.894254207611084,44700
1998-07-29,8,8.4375,7.75,8.358620643615723,74300
1998-07-30,8.125,8.5,8.125,8.23478889465332,36600
1998-07-31,8.4375,8.4375,7.75,7.925211429595947,71700
1998-08-03,8,8.25,7.75,7.677549362182617,50500
1998-08-04,7.75,7.78125,7.375,7.3679704666137695,189100
1998-08-05,7.625,7.75,7.375,7.337012767791748,115500
1998-08-06,7.40625,7.75,7.25,7.491801738739014,96500
1998-08-07,7.25,7.875,7.25,7.553717136383057,65100
1998-08-10,7.875,8,7.75,7.8013811111450195,23100
1998-08-11,7.625,7.875,7,7.182223796844482,136700
1998-08-12,7.375,7.375,7.1875,7.120307922363281,48700
1998-08-13,7.125,7.25,7.125,7.151266098022461,86400
1998-08-14,7.21875,7.25,7,7.058391571044922,37200
1998-08-17,7.25,7.25,7,6.996476173400879,17300
1998-08-18,7,7.25,7,6.996476173400879,85500
1998-08-19,7,7.125,7,6.980997562408447,15600
1998-08-20,7.1875,7.1875,6.625,6.655940532684326,47300
1998-08-21,6.6875,7.0625,6.3125,6.6868977546691895,69400
1998-08-24,6.8125,7.375,6.75,6.748813152313232,89100
1998-08-25,7.125,7.25,6.875,6.810729026794434,68500
1998-08-26,7.0625,7.0625,6.25,6.2534871101379395,52800
1998-08-27,6.6875,6.75,6.25,6.191572189331055,110300
1998-08-28,6.1875,6.875,6,6.624981880187988,50600
1998-08-31,6.75,7,6.5,6.501150608062744,41900
1998-09-01,6.875,6.875,5.75,6.0677409172058105,124700
1998-09-02,6.1875,6.75,6.125,6.6868977546691895,54300
1998-09-03,6.25,6.6875,6.125,6.0677409172058105,25100
1998-09-04,6.25,6.25,5.875,5.820076942443848,38200
1998-09-08,6.3125,6.75,5.9375,6.532107830047607,58200
1998-09-09,6.5,6.875,6.375,6.315402984619141,217000
1998-09-10,6.375,6.875,6.375,6.563066482543945,75200
1998-09-11,7,7,6.5,6.6868977546691895,13400
1998-09-14,7.125,7.3125,6.75,7.058391571044922,44600
1998-09-15,7,7.375,6.875,7.244139194488525,52600
1998-09-16,7.375,8.5,7.25,8.172874450683594,81200
1998-09-17,7.875,8.125,7.625,7.925211429595947,158600
1998-09-18,8.4375,8.4375,7.875,7.863295555114746,112300
1998-09-21,7.75,8.125,7.75,7.8013811111450195,132000
1998-09-22,8,8,7.8125,7.7859015464782715,57100
1998-09-23,8,8.375,8,8.172874450683594,83600
1998-09-24,8.25,8.3125,8,7.987127780914307,58600
1998-09-25,8.0625,8.375,8.0625,8.23478889465332,37400
1998-09-28,8.125,8.375,8.125,8.080002784729004,36100
1998-09-29,8.125,8.125,7.5,7.863295555114746,77100
1998-09-30,7.75,7.75,7.375,7.615633010864258,31400
1998-10-01,7.1875,7.625,6.625,6.563066482543945,38400
1998-10-02,6.625,7.125,6.4375,6.9345598220825195,37600
1998-10-05,7,7.375,7,7.182223796844482,103900
1998-10-06,7.25,7.375,7,7.058391571044922,25700
1998-10-07,7.5,7.5,7.125,7.058391571044922,88200
1998-10-08,7,7.125,6.625,7.058391571044922,54500
1998-10-09,7,7.1875,6.75,7.120307922363281,49300
1998-10-12,7.125,7.25,7.125,7.058391571044922,18300
1998-10-13,7.25,7.25,5.875,6.005825042724609,93800
1998-10-14,6.125,6.25,5.875,5.943908214569092,78800
1998-10-15,6.25,6.25,5.875,6.0677409172058105,44900
1998-10-16,6.25,6.625,6,6.439234256744385,67200
1998-10-19,6.75,7.8125,6.375,7.4298858642578125,82000
1998-10-20,7.875,8.25,7.1875,7.306055545806885,65800
1998-10-21,7.375,8.125,7.125,7.306055545806885,121400
1998-10-22,7,8,7,7.925211429595947,151700
1998-10-23,8.125,8.375,8.125,8.172874450683594,40700
1998-10-26,8.3125,8.75,8.125,8.420538902282715,122800
1998-10-27,8.625,8.625,7.4375,7.4298858642578125,117300
1998-10-28,7.5,8.5,7.5,8.23478889465332,61200
1998-10-29,8.625,8.625,7.25,8.482452392578125,137200
1998-10-30,8.625,8.625,8,8.172874450683594,118100
1998-11-02,8.4375,8.625,8.25,8.358620643615723,99700
1998-11-03,8.5,8.5,8.125,8.049043655395508,38900
1998-11-04,8.375,8.375,7.5,7.4298858642578125,39200
1998-11-05,7.5,8,7.5,7.8013811111450195,26700
1998-11-06,8,8.5,7.75,8.420538902282715,46000
1998-11-09,8.375,8.625,8.125,8.049043655395508,50000
1998-11-10,8.5,8.5,7.8125,7.73946475982666,37600
1998-11-11,7.8125,7.875,7.375,7.693027496337891,70300
1998-11-12,7.75,7.875,7.375,7.677549362182617,24400
1998-11-13,7.375,7.96875,7.375,7.4298858642578125,20000
1998-11-16,7.625,7.9375,7.625,7.677549362182617,36100
1998-11-17,7.875,8,7.5625,7.553717136383057,49800
1998-11-18,7.5,8.125,7.5,7.863295555114746,32400
1998-11-19,8.0625,8.1875,7.875,7.925211429595947,49500
1998-11-20,7.75,8.125,7.75,8.049043655395508,27800
1998-11-23,8.125,8.5,8,8.23478889465332,46300
1998-11-24,8.375,8.375,8,8.29670524597168,54300
1998-11-25,8.375,8.375,7.875,8.049043655395508,39600
1998-11-27,7.875,8.375,7.875,8.049043655395508,26000
1998-11-30,8.25,8.375,8,8.172874450683594,57500
1998-12-01,8.1875,8.1875,8,8.049043655395508,27300
1998-12-02,7.875,8,7.1875,7.677549362182617,127100
1998-12-03,8,8.625,7.8125,7.863295555114746,120400
1998-12-04,8,8.0625,7.75,7.863295555114746,40500
1998-12-07,7.75,7.9375,7.75,7.73946475982666,28500
1998-12-08,7.8125,7.875,7.6875,7.615633010864258,35100
1998-12-09,7.6875,7.875,7.5,7.8013811111450195,40200
1998-12-10,7.75,7.875,7.0625,7.058391571044922,258600
1998-12-11,7,7.75,7,7.553717136383057,40000
1998-12-14,7.625,7.625,7.1875,7.120307922363281,26600
1998-12-15,7.25,7.375,7,7.306055545806885,61000
1998-12-16,7.125,7.75,7.0625,7.182223796844482,32900
1998-12-17,7.25,7.375,6.875,6.872644424438477,52400
1998-12-18,6.9375,7.5,6.75,7.4298858642578125,57500
1998-12-21,7,7.25,7,7.182223796844482,34300
1998-12-22,7.125,7.25,6.75,6.6868977546691895,42900
1998-12-23,6.875,6.875,6.625,6.563066482543945,105800
1998-12-24,6.75,7.375,6.5,6.810729026794434,73200
1998-12-28,7,7,6.5,6.6868977546691895,89200
1998-12-29,6.75,6.9375,6.5,6.624981880187988,153900
1998-12-30,6.5625,6.875,6.5,6.6868977546691895,131000
1998-12-31,6.6875,7.75,6.3125,7.306055545806885,301300
1999-01-04,7,7.9375,6.875,7.863295555114746,207000
1999-01-05,7.9375,8.375,7.75,7.863295555114746,133700
1999-01-06,8.125,8.375,7.75,8.049043655395508,102200
1999-01-07,8,8,7.625,7.925211429595947,28500
1999-01-08,7.9375,7.9375,7.5,7.4298858642578125,36100
1999-01-11,7.75,7.75,7.25,7.3679704666137695,41300
1999-01-12,7.25,7.5,7.25,7.182223796844482,33200
1999-01-13,7.125,7.5,7.0625,7.4298858642578125,38000
1999-01-14,7.5,7.5,6.9375,6.903602123260498,50800
1999-01-15,7.0625,7.875,7.0625,7.8013811111450195,49500
1999-01-19,8,8.375,7.5,7.4298858642578125,66500
1999-01-20,7.75,8,7.5,7.925211429595947,36100
1999-01-21,7.875,8,7.75,7.677549362182617,30800
1999-01-22,7.75,8.125,7.625,7.987127780914307,60700
1999-01-25,7.625,8,7.625,7.677549362182617,16000
1999-01-26,7.875,8.125,7.75,8.049043655395508,28600
1999-01-27,8.125,8.125,7.6875,7.615633010864258,39100
1999-01-28,7.5,8,7.5,7.8013811111450195,39900
1999-01-29,7.75,8,7.71875,7.925211429595947,29300
1999-02-01,7.75,8,7.5625,7.491801738739014,45700
1999-02-02,7.75,10.125,7.4375,9.782683372497559,1047000
1999-02-03,10,10,8.125,8.420538902282715,286700
1999-02-04,8.75,9.125,8.5,8.915863990783691,107600
1999-02-05,9.125,9.125,8,8.172874450683594,98300
1999-02-08,8.125,8.375,8,8.23478889465332,25800
1999-02-09,8.25,8.25,7.8125,7.73946475982666,39700
1999-02-10,7.625,8,7.625,7.677549362182617,36600
1999-02-11,7.6875,8.625,7.6875,8.23478889465332,47600
1999-02-12,8.25,8.375,7.875,8.049043655395508,34700
1999-02-16,7.875,8.625,7.875,8.172874450683594,54400
1999-02-17,8.25,8.25,7.9375,7.863295555114746,33400
1999-02-18,7.875,8.125,7.75,7.693027496337891,22300
1999-02-19,7.875,8,7.75,7.677549362182617,19600
1999-02-22,7.75,8,7.5,7.553717136383057,55200
1999-02-23,7.75,8,7.5,7.553717136383057,34100
1999-02-24,7.625,7.75,7.5,7.4298858642578125,45700
1999-02-25,7.75,7.75,7.375,7.553717136383057,46700
1999-02-26,7.625,7.75,7.5,7.677549362182617,25300
1999-03-01,7.75,7.75,7.5625,7.615633010864258,33700
1999-03-02,7.625,7.75,7.5625,7.553717136383057,25100
1999-03-03,7.5625,7.75,7.5625,7.553717136383057,21000
1999-03-04,7.75,7.75,7.5625,7.615633010864258,21500
1999-03-05,7.75,7.9375,7.5625,7.553717136383057,122100
1999-03-08,7.875,7.875,7.5,7.491801738739014,40400
1999-03-09,7.5,7.5625,7.375,7.306055545806885,79500
1999-03-10,7.375,7.625,7.375,7.491801738739014,45700
1999-03-11,7.5,8,7.5,7.677549362182617,47300
1999-03-12,7.75,8,7.75,7.677549362182617,50700
1999-03-15,7.75,7.875,7.625,7.8013811111450195,25100
1999-03-16,7.75,7.875,7.5,7.553717136383057,139600
1999-03-17,7.5,7.53125,7.125,7.244139194488525,30100
1999-03-18,7.25,7.4375,7.25,7.306055545806885,45500
1999-03-19,7.4375,7.625,7.25,7.244139194488525,51500
1999-03-22,7.125,7.4375,7.125,7.182223796844482,33600
1999-03-23,7.25,7.25,6.5625,6.563066482543945,118900
1999-03-24,6.75,6.75,6.5,6.501150608062744,110300
1999-03-25,6.5625,6.8125,6.5625,6.6714186668396,191400
1999-03-26,6.6875,6.8125,6.5,6.439234256744385,104400
1999-03-29,6.625,6.625,6.4375,6.501150608062744,62000
1999-03-30,6.625,6.8125,6.375,6.439234256744385,157800
1999-03-31,6.625,6.625,6.375,6.563066482543945,103400
1999-04-01,6.5625,6.6875,6.4375,6.501150608062744,30400
1999-04-05,6.5625,6.6875,6.4375,6.439234256744385,61100
1999-04-06,6.5,6.5,6,5.943908214569092,164300
1999-04-07,6,6.03125,5.5625,5.510499477386475,174800
1999-04-08,5.8125,5.8125,5.375,5.696246147155762,147700
1999-04-09,5.875,6.375,5.75,6.315402984619141,71300
1999-04-12,6.3125,6.5,6.25,6.284445285797119,33100
1999-04-13,6.25,6.5,6.25,6.191572189331055,58300
1999-04-14,6.3125,6.375,6.25,6.2534871101379395,87200
1999-04-15,6.3125,6.75,6.3125,6.655940532684326,66300
1999-04-16,6.875,7.25,6.5,6.501150608062744,69300
1999-04-19,6.5625,6.875,5.875,5.881993293762207,67200
1999-04-20,6.375,6.375,6,5.943908214569092,42500
1999-04-21,6,6.25,5.875,6.0677409172058105,67100
1999-04-22,6.375,6.375,6,5.943908214569092,26500
1999-04-23,6,6.25,5.875,6.191572189331055,32700
1999-04-26,6.125,6.75,6.125,6.624981880187988,62100
1999-04-27,6.875,7,6.625,6.810729026794434,35400
1999-04-28,7,7,6.625,6.563066482543945,16200
1999-04-29,6.75,6.75,6.5,6.439234256744385,17200
1999-04-30,6.5,6.6875,6.375,6.563066482543945,34600
1999-05-03,6.625,6.625,6.375,6.563066482543945,113300
1999-05-04,6.5,6.625,6.375,6.315402984619141,20400
1999-05-05,6.375,6.40625,6.125,6.2534871101379395,93500
1999-05-06,6.25,6.375,6.25,6.315402984619141,16800
1999-05-07,6.3125,6.5,6.25,6.315402984619141,20800
1999-05-10,6.3125,6.5,6.1875,6.268966197967529,28500
1999-05-11,6.375,6.5,6.125,6.315402984619141,12000
1999-05-12,6.125,6.5,6.125,6.191572189331055,33100
1999-05-13,6.5,6.9375,6.25,6.748813152313232,75000
1999-05-14,6.75,6.75,6.5,6.501150608062744,45600
1999-05-17,6.5,6.625,6.5,6.501150608062744,35600
1999-05-18,6.5625,7.0625,6.5625,6.872644424438477,71900
1999-05-19,7,7,6.875,6.903602123260498,26800
1999-05-20,6.75,7,6.625,6.563066482543945,41100
1999-05-21,6.875,7.4375,6.875,7.120307922363281,159100
1999-05-24,7.125,7.4375,7.125,7.058391571044922,59300
1999-05-25,7.25,7.25,7,7.058391571044922,31200
1999-05-26,7.125,7.25,6.875,7.058391571044922,96400
1999-05-27,7.125,7.125,6.875,6.810729026794434,14500
1999-05-28,7.09375,7.125,6.875,7.058391571044922,76800
1999-06-01,7.25,7.375,7.125,7.058391571044922,92000
1999-06-02,7,7.125,6.875,6.9345598220825195,73800
1999-06-03,6.9375,7,6.75,6.810729026794434,67000
1999-06-04,6.8125,7,6.8125,6.9345598220825195,40300
1999-06-07,7.125,7.125,6.875,6.872644424438477,10100
1999-06-08,6.875,7.125,6.875,6.810729026794434,14600
1999-06-09,7,7,6.75,6.6868977546691895,109400
1999-06-10,6.75,6.9375,6.5625,6.624981880187988,36200
1999-06-11,6.625,6.8125,6.5,6.563066482543945,38100
1999-06-14,6.59375,6.75,6.375,6.377318859100342,17800
1999-06-15,6.625,6.625,6.25,6.315402984619141,22700
1999-06-16,6.375,6.8125,6.25,6.748813152313232,25300
1999-06-17,6.625,6.625,6.5,6.501150608062744,8500
1999-06-18,6.9375,7,6.75,6.841687202453613,66500
1999-06-21,6.9375,7,6.75,6.748813152313232,47800
1999-06-22,6.8125,7,6.5625,6.9345598220825195,47200
1999-06-23,6.875,7.125,6.875,6.9345598220825195,79600
1999-06-24,7,7.125,6.875,6.996476173400879,111300
1999-06-25,7.125,7.5,7.125,7.182223796844482,68200
1999-06-28,7.34375,7.4375,7.1875,7.3679704666137695,53400
1999-06-29,7.4375,8.0625,7.4375,7.925211429595947,132600
1999-06-30,8,8.25,7.8125,7.73946475982666,180800
1999-07-01,7.875,8.625,7.875,8.420538902282715,116400
1999-07-02,8.5,8.625,8.125,8.29670524597168,53500
1999-07-06,8.5,8.625,8.3125,8.265748977661133,66000
1999-07-07,8.5,8.5,8.3125,8.29670524597168,82900
1999-07-08,8.3125,8.8125,8.3125,8.5443696975708,84100
1999-07-09,8.75,8.75,8.4375,8.5443696975708,41400
1999-07-12,8.4375,8.625,8.4375,8.5443696975708,25000
1999-07-13,8.6875,8.6875,8.125,8.5443696975708,57300
1999-07-14,8.625,8.6875,8.375,8.420538902282715,43300
1999-07-15,8.5,8.5,7.875,7.925211429595947,77300
1999-07-16,8.125,8.1875,7.9375,8.110958099365234,41900
1999-07-19,8.125,8.25,8.125,8.049043655395508,130800
1999-07-20,8.125,8.25,8.0625,8.080002784729004,74400
1999-07-21,8.25,8.625,8.1875,8.5443696975708,33600
1999-07-22,8.53125,8.8125,8.53125,8.699158668518066,55700
1999-07-23,8.6875,8.6875,8.3125,8.482452392578125,38800
1999-07-26,8.5,8.625,8.375,8.482452392578125,32100
1999-07-27,8.375,8.75,8.375,8.482452392578125,167200
1999-07-28,8.5625,8.5625,8.3125,8.482452392578125,13100
1999-07-29,8.625,8.625,8.125,8.049043655395508,38000
1999-07-30,8.21875,8.375,8,8.29670524597168,60300
1999-08-02,8.25,8.625,8.25,8.5443696975708,110200
1999-08-03,8.625,8.625,8.375,8.513411521911621,88300
1999-08-04,8.5625,8.6875,8.5,8.5443696975708,75200
1999-08-05,8.625,8.625,8.5625,8.5443696975708,58300
1999-08-06,8.5625,8.6875,8.5625,8.482452392578125,27600
1999-08-09,8.5625,8.78125,8.5625,8.699158668518066,41900
1999-08-10,8.6875,8.8125,8.625,8.5443696975708,31500
1999-08-11,8.4375,9,8.4375,8.915863990783691,53300
1999-08-12,8.9375,9.4375,8.90625,9.287357330322266,106200
1999-08-13,9.1875,9.5,9.0625,9.411189079284668,99600
1999-08-16,9.4375,9.875,9.375,9.720768928527832,108600
1999-08-17,9.75,9.9375,9.4375,9.535019874572754,48400
1999-08-18,9.53125,9.53125,9.375,9.411189079284668,113000
1999-08-19,9.375,9.5,9.375,9.349272727966309,62600
1999-08-20,9.375,9.5,9.375,9.411189079284668,14200
1999-08-23,9.375,9.875,9.375,9.782683372497559,36500
1999-08-24,9.75,9.875,9.4375,9.349272727966309,36900
1999-08-25,9.4375,9.625,9.4375,9.411189079284668,47100
1999-08-26,9.59375,9.625,9.4375,9.349272727966309,23500
1999-08-27,9.5625,9.625,9.4375,9.411189079284668,22700
1999-08-30,9.5,9.5,9.375,9.318314552307129,55900
1999-08-31,9.375,9.5,9.25,9.411189079284668,62600
1999-09-01,9.4375,9.6875,9.4375,9.473104476928711,35400
1999-09-02,7.125,7.6875,6.875,7.3679704666137695,311400
1999-09-03,7.625,7.9375,7.5,7.832338809967041,210100
1999-09-07,8,8.125,7.875,7.987127780914307,35700
1999-09-08,8.0625,8.0625,7.75,7.8013811111450195,82800
1999-09-09,8,8.25,7.875,7.925211429595947,178300
1999-09-10,8.25,8.25,7.875,7.925211429595947,56800
1999-09-13,8,8.0625,7.875,7.863295555114746,58500
1999-09-14,7.96875,8.25,7.9375,8.110958099365234,67700
1999-09-15,8.25,8.25,8.125,8.110958099365234,45900
1999-09-16,8.1875,8.375,8,7.987127780914307,61500
1999-09-17,8,8.15625,8,7.956169605255127,42700
1999-09-20,8.015625,8.125,8,7.925211429595947,41000
1999-09-21,8,8.25,8,7.925211429595947,37700
1999-09-22,8,8.125,7.875,7.956169605255127,21400
1999-09-23,7.9375,8.3125,7.875,7.925211429595947,52600
1999-09-24,7.875,8.1875,7.875,7.925211429595947,67800
1999-09-27,7.875,8.1875,7.875,7.925211429595947,214100
1999-09-28,7.875,7.9375,7.875,7.863295555114746,29500
1999-09-29,7.875,8,7.75,7.8013811111450195,67800
1999-09-30,7.75,8.125,7.625,8.049043655395508,67100
1999-10-01,8.125,8.125,7.9375,7.863295555114746,26800
1999-10-04,7.875,7.9375,7.6875,7.615633010864258,18100
1999-10-05,7.6875,8.125,7.6875,8.049043655395508,39100
1999-10-06,8,8.125,7.8125,8.049043655395508,19600
1999-10-07,8,8.125,7.875,7.925211429595947,8700
1999-10-08,7.8125,8.125,7.8125,7.925211429595947,41700
1999-10-11,8.0625,8.25,7.75,7.73946475982666,18100
1999-10-12,7.625,7.875,7.4375,7.615633010864258,28800
1999-10-13,7.6875,7.6875,7.125,7.182223796844482,9300
1999-10-14,7.25,8.375,7.1875,7.677549362182617,94500
1999-10-15,7.5625,7.875,7.25,7.259617805480957,47000
1999-10-18,7.25,7.328125,6.6875,6.624981880187988,140700
1999-10-19,6.75,6.9375,6.5,6.841687202453613,63500
1999-10-20,6.90625,7.375,6.90625,7.058391571044922,46300
1999-10-21,7.0625,7.375,7.0625,7.306055545806885,54600
1999-10-22,7.375,8,7.3125,7.925211429595947,84300
1999-10-25,7.875,8,7.6875,7.8013811111450195,76700
1999-10-26,8,8,7.6875,7.925211429595947,92300
1999-10-27,7.9375,8.25,7.90625,8.049043655395508,32000
1999-10-28,8.0625,8.25,8,7.987127780914307,64900
1999-10-29,8.0625,8.09375,7.9375,7.925211429595947,35600
1999-11-01,7.9375,7.96875,7.6875,7.615633010864258,18200
1999-11-02,7.6875,7.875,7.6875,7.677549362182617,31400
1999-11-03,7.6875,7.875,7.4375,7.615633010864258,21400
1999-11-04,7.5625,7.75,7.5,7.677549362182617,16400
1999-11-05,7.625,8,7.625,7.863295555114746,35300
1999-11-08,7.875,8,7.75,7.73946475982666,21300
1999-11-09,7.8125,7.875,7.6875,7.73946475982666,18600
1999-11-10,7.71875,7.75,7.5625,7.491801738739014,14800
1999-11-11,7.375,7.40625,7.3125,7.244139194488525,18800
1999-11-12,7.3125,7.5625,7.3125,7.4298858642578125,19700
1999-11-15,7.625,8.1875,7.4375,8.049043655395508,113200
1999-11-16,8.1875,9.25,8.125,8.915863990783691,229900
1999-11-17,9.1875,9.1875,8.75,8.668200492858887,100500
1999-11-18,8.75,8.875,8.6875,8.668200492858887,60100
1999-11-19,8.5625,8.625,7.875,8.049043655395508,55400
1999-11-22,8.0625,8.125,7.375,7.615633010864258,60500
1999-11-23,7.59375,7.75,7.375,7.4298858642578125,68400
1999-11-24,7.5,7.625,7.375,7.553717136383057,63900
1999-11-26,7.4375,7.6875,7.375,7.491801738739014,31400
1999-11-29,7.5,7.75,7.5,7.615633010864258,77000
1999-11-30,7.5,7.8125,7.5,7.553717136383057,83200
1999-12-01,7.875,7.875,7.5625,7.8013811111450195,14900
1999-12-02,7.75,8,7.75,7.925211429595947,56500
1999-12-03,7.875,8.125,7.875,7.832338809967041,26700
1999-12-06,7.875,8.21875,7.75,8.018084526062012,61300
1999-12-07,8,8.5625,8,8.420538902282715,126400
1999-12-08,8.625,8.75,8.4375,8.420538902282715,185400
1999-12-09,8.6875,11.625,8.5,9.906515121459961,416300
1999-12-10,9.9375,10,8,8.977779388427734,221100
1999-12-13,8.875,9.0625,8.75,8.977779388427734,80700
1999-12-14,9.125,9.125,8.875,8.977779388427734,109300
1999-12-15,8.9375,9,8.6875,8.792032241821289,210700
1999-12-16,8.84375,8.9375,8.375,8.5443696975708,127900
1999-12-17,8.625,8.6875,8.375,8.513411521911621,112600
1999-12-20,8.5,9.03125,8.5,8.668200492858887,72000
1999-12-21,9,9,8.5625,8.668200492858887,50300
1999-12-22,8.875,8.96875,8.5,8.853947639465332,72100
1999-12-23,8.9375,10,8.875,9.225440979003906,139900
1999-12-27,9.875,10.9375,9.875,10.46375560760498,214500
1999-12-28,10.53125,10.625,10,10.185135841369629,143300
1999-12-29,10.3125,12.25,10.125,12.135481834411621,186400
1999-12-30,11.875,12.6875,11.8125,12.011650085449219,163100
1999-12-31,12.375,13,12.25,12.630805969238281,51500
2000-01-03,13.1875,13.5,12,12.197396278381348,153800
2000-01-04,12.15625,12.625,11.875,11.887816429138184,94100
2000-01-05,12.0625,12.125,11.25,11.392492294311523,82000
2000-01-06,11.5625,11.75,11.375,11.516322135925293,42100
2000-01-07,11.5625,13,11.375,12.87846851348877,113900
2000-01-10,13,15.125,12.125,14.364447593688965,286800
2000-01-11,14.1875,14.375,13.875,13.961995124816895,198900
2000-01-12,14.03125,14.5,13.5,13.992952346801758,198000
2000-01-13,14.25,14.375,14,14.054868698120117,102200
2000-01-14,14.1875,14.9375,14.125,14.364447593688965,236200
2000-01-18,14.5625,17.875,14.5,16.84107780456543,351300
2000-01-19,18,18.25,16.25,16.098087310791016,314800
2000-01-20,16.3125,16.625,15,15.107434272766113,189800
2000-01-21,15.03125,15.0625,14.1875,14.48827838897705,393200
2000-01-24,14.8125,16.25,14.5625,14.457319259643555,292200
2000-01-25,14.78125,15.0625,14.1875,14.426362991333008,98100
2000-01-26,14.5625,14.875,14.0625,13.931035995483398,97500
2000-01-27,14.5,14.5,12.875,13.249963760375977,184100
2000-01-28,13.5,13.5,12.5,12.445058822631836,211000
2000-01-31,12.5,12.5625,10.953125,12.197396278381348,312000
2000-02-01,12.03125,12.8125,12.03125,12.506974220275879,168200
2000-02-02,12.28125,13.625,12.25,13.373795509338379,129800
2000-02-03,13.5,13.5,12.875,12.754637718200684,157100
2000-02-04,13.0625,13.1875,12.75,13.002301216125488,247700
2000-02-07,12.875,13.25,12.8125,12.940384864807129,147700
2000-02-08,13.125,15,12.6875,14.48827838897705,349900
2000-02-09,15.125,15.25,13.375,13.497626304626465,272000
2000-02-10,13.875,14.6875,13.5,14.426362991333008,226900
2000-02-11,14.625,16.375,14.5,15.602762222290039,303800
2000-02-14,16.25,16.5,15.75,15.850422859191895,110600
2000-02-15,15.90625,16.03125,14.25,14.859771728515625,245800
2000-02-16,15.03125,15.4375,15,15.107434272766113,152200
2000-02-17,15.5625,18.25,15.5,17.95555877685547,595100
2000-02-18,18.75,24,18.75,21.54667091369629,762300
2000-02-22,22.5625,23.875,18.5,20.67984962463379,421300
2000-02-23,22.75,38.75,22.75,36.28261184692383,4523500
2000-02-24,35.4375,37.125,32.625,36.40644454956055,2311400
2000-02-25,36.125,48,34.125,45.44614028930664,2159500
2000-02-28,45.84375,45.875,40,44.70314407348633,825100
2000-02-29,45.46875,57.375,45.25,55.97180938720703,904800
2000-03-01,55.875,55.875,47.25,52.93793869018555,647100
2000-03-02,53.59375,54,46.3125,49.935028076171875,466700
2000-03-03,51.875,56,48.875,49.82667922973633,762000
2000-03-06,49.8125,54,46.75,50.151729583740234,514400
2000-03-07,50.3125,51,46.5,46.49870300292969,353300
2000-03-08,47.25,48,35.125,41.35969924926758,749700
2000-03-09,41.5,43.25,35.8125,40.67862319946289,553300
2000-03-10,43.9375,49,39.625,39.626060485839844,562700
2000-03-13,36.90625,39,36.0625,36.49930953979492,252900
2000-03-14,37.75,38.75,28,29.286136627197266,622300
2000-03-15,32,32.125,28.5,29.069427490234375,376400
2000-03-16,30.3125,31.5,25.625,26.99525260925293,351300
2000-03-17,27.125,32.1875,27.125,30.338699340820312,212400
2000-03-20,31.5,31.75,27.25,27.119083404541016,246000
2000-03-21,27,27.0625,20.5,24.20904541015625,538200
2000-03-22,24.5,31.75,23.5,31.205524444580078,403500
2000-03-23,32.5625,38.0625,32.25,36.65410232543945,800100
2000-03-24,37.625,42,35.9375,35.72536849975586,772100
2000-03-27,36.125,38.75,35.625,37.21134567260742,404100
2000-03-28,37.625,38.0625,32.375,33.43448257446289,412800
2000-03-29,34.125,34.125,28.5625,29.40996742248535,410500
2000-03-30,28,29,27,28.419313430786133,1786400
2000-03-31,28.9375,30.25,28.5,29.286136627197266,498800
2000-04-03,29.375,30.25,28.5,28.233566284179688,228600
2000-04-04,28.625,29,20.5,22.0419979095459,640800
2000-04-05,21.25,23.125,20.75,21.36092185974121,1412600
2000-04-06,23.25,27,22.375,26.12843132019043,876700
2000-04-07,27.5625,28,25.5,27.42866325378418,368900
2000-04-10,27.375,27.75,23.5,23.28030776977539,182600
2000-04-11,22.875,23,21,21.980079650878906,523000
2000-04-12,22.25,22.25,18.8125,19.070039749145508,257500
2000-04-13,19.125,20.625,19.125,19.131956100463867,248400
2000-04-14,19.1875,19.4375,17,17.274486541748047,434800
2000-04-17,17,18,15.125,17.52215003967285,279600
2000-04-18,17.75,25.875,17.734375,24.642457962036133,443600
2000-04-19,24.75,26.9375,24.75,24.76628875732422,319200
2000-04-20,25.875,25.875,23.75,23.837553024291992,287500
2000-04-24,22.25,23.375,21.25,22.970731735229492,207200
2000-04-25,24.25,25.625,24.125,25.261611938476562,91200
2000-04-26,25.625,26.5,25.125,25.880769729614258,176500
2000-04-27,24.5,26.125,23.5,25.75693702697754,218100
2000-04-28,25.875,29,25.875,28.295482635498047,213300
2000-05-01,28.625,32.625,28.5625,29.65762710571289,370500
2000-05-02,29.75,29.75,27.5625,27.304832458496094,106600
2000-05-03,27.1875,28.1875,26.5,26.871421813964844,145000
2000-05-04,26.5625,30,26.5625,28.91463851928711,101800
2000-05-05,28.5625,30.75,28.5625,29.967206954956055,96200
2000-05-08,29.875,30.0625,27.875,27.614408493041992,56900
2000-05-09,28.25,28.25,25.5,26.871421813964844,60400
2000-05-10,26.625,26.625,25.625,25.75693702697754,46300
2000-05-11,25.875,26.25,25.4375,25.38544273376465,131200
2000-05-12,25.6875,27.0625,25.25,26.25226593017578,153400
2000-05-15,26.625,27,25.875,26.747591018676758,47100
2000-05-16,27.375,27.75,26,26.12843132019043,79800
2000-05-17,26.75,26.75,24.4375,24.890117645263672,57500
2000-05-18,24.5,25.125,23.9375,24.147130966186523,42300
2000-05-19,23.875,24.109375,23.125,23.40414047241211,53200
2000-05-22,23.625,23.625,21,21.918163299560547,120900
2000-05-23,21.8125,23.3125,21,20.865596771240234,105700
2000-05-24,21,22.125,20,21.918163299560547,165000
2000-05-25,22.21875,23.125,19.5625,19.813030242919922,323800
2000-05-26,20,20.125,19,19.441537857055664,128900
2000-05-30,20.0625,21,19.96875,20.803680419921875,131200
2000-05-31,20.6875,21.0625,20,20.184524536132812,68000
2000-06-01,23.75,26.1875,21.5625,24.642457962036133,385300
2000-06-02,25.625,25.9375,24.3125,24.626976013183594,300800
2000-06-05,24.875,24.875,23.875,23.89946937561035,70400
2000-06-06,23.75,26.4375,23.75,24.76628875732422,205700
2000-06-07,25.9375,26.75,24.875,26.314178466796875,104200
2000-06-08,26.5625,27.125,23,22.846899032592773,91400
2000-06-09,23.75,27.5,23.375,26.871421813964844,125700
2000-06-12,27.75,27.75,23.5,23.651803970336914,87900
2000-06-13,24.09375,25.6875,23.375,24.58053970336914,207300
2000-06-14,25,25,23.9375,23.775632858276367,81200
2000-06-15,24,24,23.375,23.342227935791016,100800
2000-06-16,23.5625,25.578125,23.5625,25.339008331298828,106900
2000-06-19,25.9375,25.9375,24.3125,24.890117645263672,68400
2000-06-20,25.375,25.625,25.265625,25.323530197143555,112700
2000-06-21,25.8125,28,25.625,27.614408493041992,113600
2000-06-22,27.9375,28.75,24.5,25.013948440551758,132600
2000-06-23,26.125,26.125,25.25,25.44736099243164,113500
2000-06-26,25.625,27.0625,25.625,26.809505462646484,77300
2000-06-27,27.125,27.75,24.75,24.518625259399414,59400
2000-06-28,25.375,29,24,28.72889518737793,134000
2000-06-29,29.1875,30.25,27.8125,29.65762710571289,222000
2000-06-30,30.125,30.125,26.375,29.533798217773438,580700
2000-07-03,29,29.625,27.5625,28.852725982666016,136800
2000-07-05,29.0625,30.3125,27.625,29.781457901000977,135200
2000-07-06,28.5625,29.4375,26.5625,28.66697883605957,157500
2000-07-07,29.1875,33.1875,28.25,29.348051071166992,346500
2000-07-10,28.8125,30,28.625,29.471881866455078,275400
2000-07-11,29.75,31.75,29.625,31.081689834594727,312800
2000-07-12,32,32.25,29.625,29.40996742248535,284500
2000-07-13,29.6875,30.125,28.375,29.100385665893555,91900
2000-07-14,29.5,29.5,27.5,27.490577697753906,122800
2000-07-17,27.8125,31.375,27.625,30.276784896850586,245800
2000-07-18,30.0625,30.4375,29.125,28.91463851928711,233500
2000-07-19,29.65625,29.65625,27.5,27.366748809814453,137800
2000-07-20,28.40625,29.25,28,28.171649932861328,187200
2000-07-21,29.25,29.875,28,28.419313430786133,314700
2000-07-24,29.5,29.5,26.75,28.481231689453125,101700
2000-07-25,28.0625,28.1875,25.25,25.98912239074707,123800
2000-07-26,25.6875,28.625,25,27.862071990966797,148700
2000-07-27,28.3125,28.75,25.125,26.314178466796875,125200
2000-07-28,26.5625,26.59375,24.625,24.394792556762695,94600
2000-07-31,24.875,29.125,24.65625,27.80015754699707,114600
2000-08-01,28.0625,29.75,27,28.295482635498047,98200
2000-08-02,27.75,28.5,26.625,28.171649932861328,48400
2000-08-03,27.0625,28.9375,26.875,28.66697883605957,140900
2000-08-04,29,30.125,28.9375,29.100385665893555,154200
2000-08-07,29.4375,30.625,29.375,29.90529441833496,88000
2000-08-08,30.1875,30.625,29.1875,29.533798217773438,71500
2000-08-09,30.6875,31.5625,29.6875,29.40996742248535,121100
2000-08-10,30.25,30.25,28,27.738239288330078,65400
2000-08-11,27.625,30,26.25,29.162303924560547,102900
2000-08-14,29.125,30.125,29.125,29.781457901000977,69000
2000-08-15,29.75,35,29.125,33.18682098388672,1766600
2000-08-16,34.8125,34.875,32,32.81532669067383,457800
2000-08-17,33.03125,33.75,32.25,33.18682098388672,170200
2000-08-18,33.6875,33.75,32.25,32.81532669067383,95900
2000-08-21,33.3125,33.75,31,32.07233810424805,156800
2000-08-22,32.5625,32.625,31.125,31.638931274414062,135100
2000-08-23,31.375,32,30,30.834028244018555,122900
2000-08-24,30.8125,33.375,30,32.691497802734375,199700
2000-08-25,33.125,33.75,32.5,32.691497802734375,92400
2000-08-28,32.5625,33.0625,31.5,31.515100479125977,58200
2000-08-29,31.90625,33,31.25,32.62958526611328,72600
2000-08-30,33.25,33.9375,33,33.43448257446289,104500
2000-08-31,33.875,36.25,33.875,35.1062126159668,206200
2000-09-01,35.625,35.75,33.5,33.80598068237305,136400
2000-09-05,34.625,35.75,32.625,32.44383239746094,154800
2000-09-06,32.71875,33.0625,32.25,32.320011138916016,74200
2000-09-07,32.1875,33.125,31.9375,32.62958526611328,89700
2000-09-08,33.0625,33.375,32.3125,32.07233810424805,41500
2000-09-11,32.4375,32.5,29.875,30.834028244018555,103800
2000-09-12,31.5,32.3125,31.3125,31.824678421020508,66400
2000-09-13,32,32.4375,30.5625,31.638931274414062,82200
2000-09-14,32,32,30,30.648283004760742,184600
2000-09-15,30.6875,36.25,30.5,35.663455963134766,261900
2000-09-18,35.5,35.5,31,31.762760162353516,207600
2000-09-19,32.875,32.875,31.375,32.44383239746094,68400
2000-09-20,32.6875,33.671875,32.0625,33.06299591064453,264800
2000-09-21,33.125,33.5,31.625,31.453182220458984,81000
2000-09-22,31.375,33.125,31,32.81532669067383,136800
2000-09-25,33.8125,34,32.5,32.81532669067383,72700
2000-09-26,33.125,33.5,30.875,30.58636474609375,82800
2000-09-27,31.84375,32,30.4375,30.71019744873047,108600
2000-09-28,30.9375,32.875,30.875,31.70084571838379,189200
2000-09-29,31.9375,33.4375,31.75,32.320011138916016,225000
2000-10-02,32.375,33.1875,29.5,29.286136627197266,685500
2000-10-03,29.875,31.25,29,29.471881866455078,130200
2000-10-04,29.734375,29.875,27.8125,29.286136627197266,106300
2000-10-05,29.625,31.5,28,28.171649932861328,160500
2000-10-06,28.484375,29.625,28.0625,29.348051071166992,112300
2000-10-09,29,30.375,28.5,28.790807723999023,105800
2000-10-10,28.84375,29.1875,28.5,28.605064392089844,96000
2000-10-11,28.5,28.5625,27,26.871421813964844,101400
2000-10-12,27,27.75,26,25.8188533782959,122700
2000-10-13,25.6875,25.9375,25.125,25.695022583007812,93600
2000-10-16,25.921875,28.0625,25.875,27.614408493041992,82300
2000-10-17,27.796875,28.25,25.875,25.63310432434082,138500
2000-10-18,25.5,26.5,25,26.12843132019043,209900
2000-10-19,26.75,27.8125,25.375,27.42866325378418,165800
2000-10-20,27,27.375,25.25,25.509275436401367,201300
2000-10-23,25.625,26.625,25.125,26.12843132019043,163900
2000-10-24,25.625,27.6875,25.1875,25.44736099243164,114800
2000-10-25,26.125,28.25,25.25,25.38544273376465,104700
2000-10-26,25.0625,26.25,25.0625,25.942686080932617,163500
2000-10-27,26.1875,26.5,24,23.89946937561035,334200
2000-10-30,24.015625,24.1875,21.25,21.175172805786133,576800
2000-10-31,23.21875,28,22.4375,26.499927520751953,374700
2000-11-01,26.125,27.75,25.375,25.75693702697754,136000
2000-11-02,26,27.6875,25.375,26.314178466796875,434600
2000-11-03,26.75,26.75,25.8125,25.8188533782959,302100
2000-11-06,26,26.25,25.25,25.44736099243164,41900
2000-11-07,26,26.125,25.125,25.199695587158203,285000
2000-11-08,25.4375,26.9375,25.4375,25.38544273376465,105000
2000-11-09,25.625,26.5625,25,25.199695587158203,113200
2000-11-10,25,26.5,24.9375,25.38544273376465,125700
2000-11-13,24.421875,25.3125,23.625,23.40414047241211,198400
2000-11-14,24.25,25,24.25,24.456707000732422,66900
2000-11-15,24.25,26.5625,24.25,25.75693702697754,77200
2000-11-16,26.125,26.5625,24.5,24.456707000732422,85200
2000-11-17,25,25.625,24.5,24.70437240600586,92900
2000-11-20,24.875,24.875,20.5,20.556018829345703,517300
2000-11-21,21,21.75,20.8125,20.67984962463379,201100
2000-11-22,20.359375,21.375,19.625,20.122608184814453,323000
2000-11-24,20.25,23.0625,20,22.846899032592773,49700
2000-11-27,23.640625,26.3125,23,25.880769729614258,268800
2000-11-28,28.375,30.5,26.125,26.933338165283203,961600
2000-11-29,27.3125,28.25,24.4375,24.456707000732422,743300
2000-11-30,22.90625,25.0625,22.875,24.147130966186523,236200
2000-12-01,24.75,28,24.25,27.5524959564209,580000
2000-12-04,28,28.125,26.9375,27.304832458496094,248400
2000-12-05,27.59375,29,27.5,28.72889518737793,404300
2000-12-06,28.875,29.5,28.75,29.22422218322754,206500
2000-12-07,29,29.5,28.875,29.22422218322754,189300
2000-12-08,29.125,32.875,29.125,32.567665100097656,410100
2000-12-11,33,36.125,32.625,35.72536849975586,515500
2000-12-12,35.5,36.125,34.25,34.67280197143555,264300
2000-12-13,34.6875,35.875,34,35.29195785522461,297200
2000-12-14,35.625,35.75,34.5,34.73471450805664,221000
2000-12-15,34.875,34.921875,34.5,34.48705291748047,200000
2000-12-18,34.796875,40,34.75,39.626060485839844,374400
2000-12-19,39.578125,41.6875,38.9375,39.50222396850586,648500
2000-12-20,39.5,39.5625,36,35.973026275634766,430900
2000-12-21,36.125,39.5625,36,38.69731903076172,251600
2000-12-22,39.34375,40,37.9375,38.573490142822266,175800
2000-12-26,38.625,40.125,37.875,37.892417907714844,183900
2000-12-27,38.125,39,37.1875,37.14942932128906,317600
2000-12-28,37.125,37.5,36.6875,36.901763916015625,222600
2000-12-29,37.5,41,34.875,34.93594741821289,615500
2001-01-02,36.4375,37.5,35.125,35.230045318603516,263800
2001-01-03,35.25,35.921875,32,33.74406814575195,442600
2001-01-04,34.25,34.4375,32,32.134254455566406,363800
2001-01-05,32.1875,32.1875,30.375,30.834028244018555,281700
2001-01-08,31.0625,31.0625,30,29.967206954956055,178800
2001-01-09,30.25,31.375,30.25,30.71019744873047,160400
2001-01-10,31,34.375,30.6875,31.948511123657227,205700
2001-01-11,32.5,33.6875,32.5,33.31065368652344,125800
2001-01-12,33.4375,36.8125,33.4375,34.425140380859375,272500
2001-01-16,35.0625,39.125,35,38.63541030883789,305100
2001-01-17,39,40.25,36.5,36.40644454956055,340900
2001-01-18,36.734375,37.3125,34.25,34.73471450805664,132700
2001-01-19,35.4375,36.0625,33.375,33.558319091796875,167900
2001-01-22,34.25,35.125,33.828125,34.23939514160156,112800
2001-01-23,34.5,36.875,34.375,36.40644454956055,135600
2001-01-24,36.375,38.75,36.125,36.77793502807617,316700
2001-01-25,37,38,36.125,36.34453201293945,101700
2001-01-26,35.9375,35.9375,31.5,32.81532669067383,461700
2001-01-29,32.875,33.375,31,31.453182220458984,269300
2001-01-30,31.765625,32.25,29.875,30.46253204345703,315500
2001-01-31,30.75,34.875,30.3125,32.44383239746094,193500
2001-02-01,33,33,31.875,32.567665100097656,87200
2001-02-02,32.453125,33.125,32.125,32.01042556762695,104500
2001-02-05,32.1875,32.25,31.75,31.8865966796875,85800
2001-02-06,32.25,34.8125,32.125,34.48705291748047,130100
2001-02-07,34.3125,34.3125,32.9375,33.49640655517578,79100
2001-02-08,33.5625,34.625,33.3125,33.06299591064453,67000
2001-02-09,33.3125,33.3125,31.9375,31.824678421020508,143400
2001-02-12,32.0625,35.9375,32.0625,34.61088180541992,125600
2001-02-13,34.875,36.9375,33.3125,33.18682098388672,117700
2001-02-14,33.5625,35,32.375,34.363224029541016,86500
2001-02-15,34.625,35.0625,33.0625,33.68215560913086,53300
2001-02-16,33.625,34,32.375,33.49640655517578,66500
2001-02-20,33.875,33.875,31.4375,31.638931274414062,41700
2001-02-21,30.9375,32.5,30.9375,31.8865966796875,85400
2001-02-22,31.984375,32,30.6875,30.648283004760742,104300
2001-02-23,30.640625,32.3125,30,31.70084571838379,116600
2001-02-26,31.9375,32.9375,31.5,32.62958526611328,82600
2001-02-27,32.984375,33.375,32.1875,32.258087158203125,66000
2001-02-28,33,33.25,31.1875,31.081689834594727,62400
2001-03-01,31,32.125,28.5,29.22422218322754,183900
2001-03-02,29.5,30.3125,29.375,29.71954345703125,222900
2001-03-05,29.75,30,29.0625,28.91463851928711,129900
2001-03-06,29.3125,29.375,27.6875,27.660846710205078,145600
2001-03-07,27.546875,28.625,27.5,27.366748809814453,99300
2001-03-08,28.25,28.25,26.5,26.25226593017578,186100
2001-03-09,27,27,25.75,25.772417068481445,217000
2001-03-12,25.75,25.796875,22.25,22.289657592773438,347600
2001-03-13,22.0625,23.6875,21.125,23.46605682373047,296200
2001-03-14,23.25,23.5625,22.5625,23.156478881835938,80500
2001-03-15,23.625,24.5,23.609375,23.775632858276367,142000
2001-03-16,23.921875,23.9375,22.75,22.72307014465332,339800
2001-03-19,22.8125,26.1875,22.8125,24.890117645263672,440400
2001-03-20,25.375,25.5,24.125,24.023300170898438,1513600
2001-03-21,24.375,24.6875,22.5,22.66115379333496,651300
2001-03-22,22.5625,25.3125,21.25,23.28030776977539,1603200
2001-03-23,23.75,24.875,23.75,23.651803970336914,191100
2001-03-26,24.3125,25.625,24.3125,24.394792556762695,155200
2001-03-27,24.5,24.625,23.9375,24.147130966186523,108900
2001-03-28,24,24.625,23.875,24.270963668823242,65100
2001-03-29,24.3125,24.625,23,23.71371841430664,342000
2001-03-30,24.25,24.25,22.1875,21.980079650878906,372800
2001-04-02,22.5,22.875,22.1875,22.165828704833984,177800
2001-04-03,22.265625,22.75,20.875,20.92751121520996,299800
2001-04-04,21.0625,21.75,20.875,21.237091064453125,409000
2001-04-05,21.6875,22.875,21.625,22.66115379333496,192900
2001-04-06,22.5,22.8125,21.5,22.103910446166992,112100
2001-04-09,22.489999771118164,23.290000915527344,21.989999771118164,22.794891357421875,100700
2001-04-10,23.25,25.5,23.25,24.914886474609375,160400
2001-04-11,25.5,25.5,23.579999923706055,23.686477661132812,99900
2001-04-12,24.25,25.690000534057617,23.950000762939453,25.449838638305664,60000
2001-04-16,25.690000534057617,25.690000534057617,24.510000228881836,24.320493698120117,55800
2001-04-17,24.440000534057617,24.950000762939453,24.40999984741211,24.320493698120117,95300
2001-04-18,24.600000381469727,28.059999465942383,24.59000015258789,27.777870178222656,189000
2001-04-19,27.5,29.799999237060547,27.18000030517578,29.521413803100586,150400
2001-04-20,29.25,29.360000610351562,28.06999969482422,27.936372756958008,232000
2001-04-23,28.389999389648438,28.389999389648438,26,25.75693702697754,78400
2001-04-24,26.540000915527344,27.010000228881836,25.610000610351562,25.538999557495117,52800
2001-04-25,26.31999969482422,28.040000915527344,25.889999389648438,26.54945945739746,57000
2001-04-26,26.989999771118164,28.600000381469727,26.760000228881836,27.609455108642578,67000
2001-04-27,27.3799991607666,29.040000915527344,27.270000457763672,28.76852035522461,143700
2001-04-30,29.040000915527344,31.299999237060547,28.65999984741211,30.720104217529297,200000
2001-05-01,30.670000076293945,31.350000381469727,29.950000762939453,30.78944969177246,155100
2001-05-02,31.100000381469727,31.100000381469727,30.209999084472656,30.313936233520508,140400
2001-05-03,30.8799991607666,31,29.299999237060547,29.521413803100586,163800
2001-05-04,29.5,29.770000457763672,28.510000228881836,28.37225914001465,234200
2001-05-07,28.84000015258789,28.84000015258789,27.399999618530273,27.53020668029785,239400
2001-05-08,27.790000915527344,27.799999237060547,26.850000381469727,27.292448043823242,208700
2001-05-09,27.25,27.59000015258789,27.010000228881836,26.836748123168945,170700
2001-05-10,27.59000015258789,27.59000015258789,27.049999237060547,26.98534393310547,74000
2001-05-11,27.229999542236328,27.229999542236328,26,26.192825317382812,86100
2001-05-14,26.579999923706055,26.579999923706055,26.200000762939453,26.202730178833008,129100
2001-05-15,26.450000762939453,26.950000762939453,26.200000762939453,26.46030044555664,80200
2001-05-16,26.479999542236328,28.8799991607666,26.290000915527344,27.64908218383789,104300
2001-05-17,28.360000610351562,30.989999771118164,28.100000381469727,29.71954345703125,144700
2001-05-18,30,30.5,29.649999618530273,29.739356994628906,119400
2001-05-21,30.8799991607666,31.8799991607666,30.8799991607666,31.225332260131836,68200
2001-05-22,31.540000915527344,31.8799991607666,30.700000762939453,31.066829681396484,100300
2001-05-23,31.15999984741211,31.350000381469727,31.06999969482422,30.908323287963867,126800
2001-05-24,31.1200008392334,31.229999542236328,30.600000381469727,30.898420333862305,319100
2001-05-25,31.110000610351562,31.389999389648438,31.020000457763672,30.86870002746582,97400
2001-05-29,31.149999618530273,31.549999237060547,31,30.739917755126953,66200
2001-05-30,31.049999237060547,31.399999618530273,30.899999618530273,30.739917755126953,148000
2001-05-31,30.959999084472656,31.950000762939453,30.950000762939453,31.61168670654297,145700
2001-06-01,31.540000915527344,33.91999816894531,31.540000915527344,33.32551193237305,252300
2001-06-04,33.939998626708984,34.869998931884766,32.7599983215332,34.524200439453125,184900
2001-06-05,34.709999084472656,36.79999923706055,34.70000076293945,36.45597457885742,421100
2001-06-06,36.279998779296875,36.9900016784668,36.06999969482422,36.26775360107422,465500
2001-06-07,36.779998779296875,36.95000076293945,36.2400016784668,36.19840621948242,238400
2001-06-08,36.59000015258789,36.59000015258789,35.880001068115234,35.544578552246094,81100
2001-06-11,35.79999923706055,38,35.79999923706055,36.70363998413086,313500
2001-06-12,36.380001068115234,36.38999938964844,34.9900016784668,34.78177261352539,232700
2001-06-13,35.25,35.77000045776367,34.150001525878906,33.830745697021484,221300
2001-06-14,33.810001373291016,34.13999938964844,33.27000045776367,33.48401641845703,102900
2001-06-15,33.79999923706055,35,33.75,34.66289520263672,304200
2001-06-18,34.93000030517578,35.20000076293945,33.380001068115234,33.13729476928711,136200
2001-06-19,33.689998626708984,33.9900016784668,33.41999816894531,33.62270736694336,308100
2001-06-20,33.939998626708984,34.75,33.54999923706055,33.90999984741211,258100
2001-06-21,34.439998626708984,37,34.439998626708984,35.44551086425781,167500
2001-06-22,35.630001068115234,35.7400016784668,34.029998779296875,33.830745697021484,266900
2001-06-25,34.15999984741211,34.15999984741211,33.04999923706055,33.424583435058594,79100
2001-06-26,33.7400016784668,34.400001525878906,33.4900016784668,33.76140594482422,124300
2001-06-27,34.20000076293945,34.689998626708984,33.959999084472656,33.721778869628906,60500
2001-06-28,34.0099983215332,34.5099983215332,33.88999938964844,33.781211853027344,528000
2001-06-29,34.04999923706055,34.849998474121094,33.93000030517578,34.326072692871094,247500
2001-07-02,34.15999984741211,35.29999923706055,33.75,33.51374053955078,113500
2001-07-03,33.84000015258789,34.20000076293945,32.900001525878906,33.771305084228516,66100
2001-07-05,33.9900016784668,34,32.099998474121094,31.819726943969727,83900
2001-07-06,32.13999938964844,32.13999938964844,29.75,30.264402389526367,185600
2001-07-09,30.520000457763672,31.75,30.25,30.88851547241211,129100
2001-07-10,31.1299991607666,31.760000228881836,29.399999618530273,29.22422218322754,188000
2001-07-11,29.260000228881836,29.760000228881836,28.600000381469727,28.71898651123047,86000
2001-07-12,28.5,28.5,26.75,26.945720672607422,295800
2001-07-13,27.110000610351562,28.299999237060547,26.75,27.34197998046875,290300
2001-07-16,28,28,25.440000534057617,25.707406997680664,179400
2001-07-17,25.899999618530273,27.709999084472656,25.709999084472656,26.747591018676758,181400
2001-07-18,26.989999771118164,28.100000381469727,26.65999984741211,27.708520889282227,69400
2001-07-19,28.15999984741211,29.299999237060547,28.15999984741211,28.610015869140625,182600
2001-07-20,29.18000030517578,30.100000381469727,28.809999465942383,29.154874801635742,47700
2001-07-23,29.75,29.75,28.440000534057617,28.332632064819336,104900
2001-07-24,28.6299991607666,28.899999618530273,26.030000686645508,26.777311325073242,116400
2001-07-25,27.059999465942383,27.600000381469727,25.700000762939453,27.34197998046875,100800
2001-07-26,27.530000686645508,27.6299991607666,26.969999313354492,27.242916107177734,102900
2001-07-27,27.610000610351562,27.700000762939453,26.700000762939453,26.499927520751953,95300
2001-07-30,27,27.049999237060547,26.25,26.48011589050293,85800
2001-07-31,26.290000915527344,27.1299991607666,26.280000686645508,26.618806838989258,168000
2001-08-01,29.299999237060547,29.479999542236328,28,28.996370315551758,535200
2001-08-02,29.450000762939453,29.5,27.299999237060547,27.3122615814209,274700
2001-08-03,27.790000915527344,27.790000915527344,26.25,26.89618682861328,167700
2001-08-06,27.020000457763672,27.149999618530273,26.950000762939453,26.698060989379883,90200
2001-08-07,27,28.200000762939453,26.950000762939453,27.936372756958008,111900
2001-08-08,28.25,28.25,25.510000228881836,25.57862091064453,92400
2001-08-09,25.81999969482422,27.3799991607666,25.81999969482422,27.084413528442383,184400
2001-08-10,26.510000228881836,27.690000534057617,26.5,26.50983428955078,63600
2001-08-13,27.219999313354492,28.559999465942383,26.760000228881836,28.015625,200500
2001-08-14,28.25,29.079999923706055,28,28.46141815185547,101500
2001-08-15,28.850000381469727,29.09000015258789,27,27.193384170532227,130100
2001-08-16,27.260000228881836,28.889999389648438,27.260000228881836,28.332632064819336,117800
2001-08-17,27.6200008392334,28.1200008392334,27.510000228881836,27.678804397583008,79300
2001-08-20,27.959999084472656,27.959999084472656,27.469999313354492,27.589645385742188,47700
2001-08-21,27.850000381469727,28.200000762939453,27.690000534057617,27.490577697753906,172200
2001-08-22,27.670000076293945,28.600000381469727,27.670000076293945,28.223661422729492,68400
2001-08-23,28.049999237060547,30.299999237060547,27.84000015258789,29.848325729370117,141900
2001-08-24,29.799999237060547,30.790000915527344,29.459999084472656,30.214868545532227,70600
2001-08-27,30.799999237060547,31.440000534057617,30.559999465942383,30.898420333862305,185100
2001-08-28,31.190000534057617,31.239999771118164,30.600000381469727,30.313936233520508,72500
2001-08-29,30.670000076293945,30.989999771118164,30.260000228881836,30.70029067993164,45700
2001-08-30,30.549999237060547,31.75,29.739999771118164,29.86814308166504,98000
2001-08-31,29.799999237060547,30.200000762939453,29.65999984741211,29.838420867919922,71900
2001-09-04,29.719999313354492,30.860000610351562,29.31999969482422,29.620479583740234,82200
2001-09-05,30.09000015258789,30.84000015258789,29.8799991607666,30.502161026000977,125500
2001-09-06,30.440000534057617,30.56999969482422,28.8700008392334,29.125152587890625,118800
2001-09-07,29.049999237060547,29.049999237060547,27.8799991607666,27.975997924804688,137300
2001-09-10,28,28.229999542236328,26.709999084472656,26.91600227355957,225400
2001-09-17,25.809999465942383,26.40999984741211,23,22.784984588623047,209300
2001-09-18,23.959999084472656,23.979999542236328,22.829999923706055,22.616575241088867,418700
2001-09-19,22.75,23.34000015258789,21.549999237060547,21.54667091369629,269900
2001-09-20,21.549999237060547,22.309999465942383,20.75,20.556018829345703,89700
2001-09-21,20.729999542236328,21.440000534057617,20.239999771118164,20.407421112060547,146100
2001-09-24,21.100000381469727,22.3700008392334,21.100000381469727,21.66554832458496,279500
2001-09-25,21.989999771118164,22.510000228881836,20.989999771118164,21.011716842651367,244700
2001-09-26,21.149999618530273,21.75,21.100000381469727,21.090970993041992,265700
2001-09-27,21.149999618530273,22.600000381469727,21.049999237060547,22.309473037719727,342300
2001-09-28,22.649999618530273,23.600000381469727,22.239999771118164,22.032089233398438,233000
2001-10-01,22.200000762939453,23.25,21.329999923706055,22.507604598999023,76800
2001-10-02,22.450000762939453,24,22.450000762939453,23.775632858276367,77900
2001-10-03,24.010000228881836,26.450000762939453,23.5,25.905534744262695,127800
2001-10-04,26.350000381469727,26.450000762939453,25.43000030517578,25.19226837158203,112000
2001-10-05,25.3700008392334,25.860000610351562,24.049999237060547,24.607784271240234,122200
2001-10-08,24.719999313354492,24.84000015258789,23.760000228881836,23.79545021057129,190500
2001-10-09,23.709999084472656,24.739999771118164,23.709999084472656,24.142179489135742,63200
2001-10-10,24.389999389648438,27.100000381469727,24.280000686645508,26.846654891967773,141400
2001-10-11,27.030000686645508,28.34000015258789,26.989999771118164,26.757495880126953,201600
2001-10-12,23.459999084472656,23.649999618530273,22.09000015258789,23.02273941040039,5386700
2001-10-15,23.190000534057617,23.200000762939453,22.010000228881836,22.884050369262695,1317000
2001-10-16,23.100000381469727,23.43000030517578,22.459999084472656,22.784984588623047,583000
2001-10-17,22.950000762939453,23.25,22.200000762939453,22.39862823486328,817300
2001-10-18,22.530000686645508,22.90999984741211,22.3700008392334,22.359004974365234,140900
2001-10-19,22.649999618530273,22.860000610351562,22.049999237060547,22.131155014038086,479500
2001-10-22,22.079999923706055,22.950000762939453,22.079999923706055,22.349098205566406,292800
2001-10-23,22.709999084472656,22.889999389648438,21.389999389648438,21.44760513305664,602000
2001-10-24,21.510000228881836,21.889999389648438,21.280000686645508,21.20984649658203,464700
2001-10-25,21.459999084472656,21.5,20.34000015258789,21.150409698486328,487200
2001-10-26,21.350000381469727,22.739999771118164,21.350000381469727,22.250030517578125,954000
2001-10-29,22.549999237060547,22.549999237060547,21.700000762939453,21.685361862182617,267900
2001-10-30,21.90999984741211,21.90999984741211,20.510000228881836,20.902748107910156,533800
2001-10-31,21.15999984741211,22.200000762939453,21.149999618530273,21.893400192260742,899200
2001-11-01,22.260000228881836,22.34000015258789,21.8799991607666,21.88349151611328,173400
2001-11-02,22.299999237060547,23.139999389648438,22.299999237060547,22.507604598999023,309100
2001-11-05,22.860000610351562,23.600000381469727,22.799999237060547,23.230777740478516,276100
2001-11-06,23.600000381469727,23.600000381469727,22.59000015258789,22.834514617919922,267000
2001-11-07,22.809999465942383,23.299999237060547,22.56999969482422,23.002927780151367,117700
2001-11-08,23.139999389648438,23.600000381469727,23,23.052461624145508,270300
2001-11-09,23.440000534057617,23.440000534057617,22.399999618530273,22.289657592773438,250100
2001-11-12,22.6299991607666,23.5,21.350000381469727,22.98311424255371,158600
2001-11-13,23.530000686645508,24.75,23.209999084472656,24.419559478759766,286700
2001-11-14,24.639999389648438,25.610000610351562,24.309999465942383,24.726661682128906,559800
2001-11-15,24.780000686645508,25.290000915527344,24.649999618530273,24.716758728027344,233600
2001-11-16,25,26.010000228881836,24.8700008392334,25.340864181518555,538500
2001-11-19,25.8700008392334,28,25.8700008392334,27.629268646240234,690000
2001-11-20,27.860000610351562,28.200000762939453,27.040000915527344,27.104223251342773,367000
2001-11-21,27.649999618530273,27.649999618530273,26.40999984741211,26.747591018676758,219400
2001-11-23,27.200000762939453,27.6200008392334,26.770000457763672,27.242916107177734,114300
2001-11-26,27.5,28.329999923706055,27.209999084472656,27.738239288330078,308400
2001-11-27,28.149999618530273,28.59000015258789,27.360000610351562,28.233566284179688,499200
2001-11-28,28.56999969482422,28.56999969482422,26.459999084472656,27.34197998046875,550100
2001-11-29,27.850000381469727,27.850000381469727,26.520000457763672,26.9259090423584,253000
2001-11-30,27.25,27.719999313354492,27,27.411327362060547,269600
2001-12-03,27.360000610351562,27.649999618530273,26.860000610351562,26.698060989379883,133600
2001-12-04,26.979999542236328,27.110000610351562,26.239999771118164,26.390954971313477,318900
2001-12-05,26.729999542236328,27.420000076293945,26.549999237060547,26.846654891967773,275800
2001-12-06,27.15999984741211,28.860000610351562,27.149999618530273,28.21375274658203,237500
2001-12-07,28.690000534057617,29.360000610351562,28.260000228881836,29.035993576049805,255200
2001-12-10,28.799999237060547,29.350000381469727,28.149999618530273,28.035436630249023,159700
2001-12-11,28.299999237060547,28.540000915527344,26.25,26.54945945739746,664200
2001-12-12,26.56999969482422,27.350000381469727,26,25.75693702697754,403300
2001-12-13,26.15999984741211,27.25,26,26.440488815307617,276600
2001-12-14,26.68000030517578,26.860000610351562,26.079999923706055,26.361236572265625,122300
2001-12-17,26.65999984741211,27.899999618530273,26.25,27.490577697753906,201700
2001-12-18,27.56999969482422,28.450000762939453,27.56999969482422,28.035436630249023,73400
2001-12-19,28,29.299999237060547,27.75,28.59020233154297,264400
2001-12-20,28.520000457763672,29.110000610351562,28.309999465942383,28.67936134338379,179700
2001-12-21,29.399999618530273,29.93000030517578,28.780000686645508,29.521413803100586,326800
2001-12-24,29.799999237060547,29.799999237060547,28.56999969482422,28.827959060668945,105900
2001-12-26,28.799999237060547,29.600000381469727,28.799999237060547,28.63973617553711,86800
2001-12-27,28.760000228881836,29.010000228881836,28.649999618530273,28.550575256347656,370300
2001-12-28,28.75,29.639999389648438,28.649999618530273,28.71898651123047,241500
2001-12-31,28.899999618530273,29.579999923706055,28.030000686645508,27.896745681762695,269200
2002-01-02,28.040000915527344,28.280000686645508,27.440000534057617,27.65899085998535,450900
2002-01-03,27.65999984741211,28.229999542236328,27.25,26.99525260925293,169900
2002-01-04,27.25,27.790000915527344,26.670000076293945,27.114131927490234,419500
2002-01-07,27.3700008392334,28.489999771118164,26.770000457763672,26.519739151000977,366300
2002-01-08,26.770000457763672,27.520000457763672,26.450000762939453,27.104223251342773,203600
2002-01-09,27.350000381469727,27.719999313354492,26.920000076293945,26.668336868286133,351600
2002-01-10,26.75,28.299999237060547,26.5,28.025529861450195,551200
2002-01-11,28.360000610351562,30.200000762939453,28.040000915527344,29.035993576049805,428600
2002-01-14,29.639999389648438,29.639999389648438,28.6299991607666,28.362350463867188,475600
2002-01-15,28.6200008392334,29.049999237060547,28.1200008392334,28.619918823242188,309500
2002-01-16,28.920000076293945,29.350000381469727,28.06999969482422,28.392072677612305,525500
2002-01-17,28.610000610351562,28.889999389648438,26.860000610351562,28.18403434753418,386800
2002-01-18,27.969999313354492,28.549999237060547,26.75,27.173572540283203,857600
2002-01-22,27.690000534057617,27.690000534057617,26.489999771118164,27.34197998046875,323100
2002-01-23,27.639999389648438,28.889999389648438,27.489999771118164,28.441604614257812,257400
2002-01-24,28.969999313354492,28.969999313354492,27.610000610351562,27.540109634399414,249400
2002-01-25,27.81999969482422,28.399999618530273,27.25,27.78777313232422,1004800
2002-01-28,27.969999313354492,28.1299991607666,27.25,27.15375518798828,282700
2002-01-29,27.649999618530273,27.649999618530273,25.959999084472656,26.440488815307617,604000
2002-01-30,26.700000762939453,26.75,26,25.905534744262695,376700
2002-01-31,26,26.5,24.450000762939453,24.568157196044922,1110600
2002-02-01,25,26.190000534057617,24.450000762939453,25.618247985839844,628500
2002-02-04,25.649999618530273,25.799999237060547,23.40999984741211,23.28030776977539,918700
2002-02-05,23.399999618530273,24.200000762939453,23.100000381469727,23.359561920166016,865000
2002-02-06,23.639999389648438,23.700000762939453,19.739999771118164,20.78386688232422,4809700
2002-02-07,21.850000381469727,21.969999313354492,20.530000686645508,21.606107711791992,1291600
2002-02-08,22,23.790000915527344,21.829999923706055,23.29021453857422,545000
2002-02-11,23.75,25.06999969482422,23.600000381469727,24.46909523010254,1092100
2002-02-12,24.600000381469727,26.25,23.760000228881836,25.56871223449707,1184100
2002-02-13,25.899999618530273,26.149999618530273,24.75,24.52853012084961,1169900
2002-02-14,24.950000762939453,25.049999237060547,24.149999618530273,24.17189598083496,1139700
2002-02-15,24.149999618530273,24.700000762939453,23.479999542236328,24.280868530273438,576400
2002-02-19,24.510000228881836,24.520000457763672,22.799999237060547,22.874141693115234,476400
2002-02-20,23.200000762939453,24.56999969482422,23.100000381469727,24.340307235717773,438700
2002-02-21,24.56999969482422,24.700000762939453,23.350000381469727,23.171337127685547,461200
2002-02-22,23.579999923706055,23.600000381469727,22.15999984741211,23.002927780151367,349000
2002-02-25,23.219999313354492,23.5,21.809999465942383,22.32928466796875,328000
2002-02-26,22.700000762939453,23.350000381469727,22.469999313354492,23.012834548950195,492700
2002-02-27,23.600000381469727,23.979999542236328,22.969999313354492,22.9434871673584,350100
2002-02-28,23,23.31999969482422,22.3799991607666,22.49769401550293,215200
2002-03-01,22.649999618530273,23.399999618530273,21.399999618530273,22.993017196655273,199700
2002-03-04,23.31999969482422,25.299999237060547,23.299999237060547,24.8059139251709,999000
2002-03-05,24.899999618530273,25.899999618530273,24.8700008392334,25.162546157836914,656000
2002-03-06,25.15999984741211,26.719999313354492,25.15999984741211,26.38104820251465,502300
2002-03-07,26.6299991607666,27,25.639999389648438,25.509275436401367,504200
2002-03-08,26.170000076293945,26.56999969482422,25.729999542236328,25.875818252563477,215100
2002-03-11,25.850000381469727,27,25.850000381469727,26.698060989379883,175100
2002-03-12,26.549999237060547,26.899999618530273,26.059999465942383,26.044227600097656,241600
2002-03-13,26.43000030517578,26.700000762939453,25.65999984741211,25.45974349975586,399200
2002-03-14,26.190000534057617,26.260000228881836,25.309999465942383,25.261611938476562,409100
2002-03-15,25.25,25.5,25.020000457763672,24.994136810302734,379900
2002-03-18,25.229999542236328,25.549999237060547,25,25.172454833984375,795300
2002-03-19,25.5,25.549999237060547,24.760000228881836,24.657312393188477,379500
2002-03-20,25.010000228881836,25.010000228881836,24.020000457763672,23.83507537841797,359000
2002-03-21,24,25.049999237060547,23.850000381469727,24.716758728027344,639100
2002-03-22,25.149999618530273,25.700000762939453,24.68000030517578,24.449277877807617,322200
2002-03-25,24.68000030517578,25.200000762939453,24.270000457763672,24.09264373779297,490300
2002-03-26,24.510000228881836,25.5,24.40999984741211,24.568157196044922,399600
2002-03-27,24.799999237060547,25.049999237060547,24.59000015258789,24.8059139251709,284000
2002-03-28,24.559999465942383,25.5,24.540000915527344,24.756380081176758,361200
2002-04-01,24.579999923706055,25.399999618530273,24.450000762939453,25.142732620239258,176300
2002-04-02,25.010000228881836,25.25,23.440000534057617,23.220870971679688,382700
2002-04-03,23.739999771118164,24.09000015258789,22.09000015258789,22.250030517578125,517000
2002-04-04,21.75,23.239999771118164,21.360000610351562,22.190593719482422,794800
2002-04-05,22.309999465942383,22.700000762939453,20.8700008392334,20.902748107910156,384300
2002-04-08,20.899999618530273,21.25,20.18000030517578,20.853212356567383,486500
2002-04-09,21.09000015258789,22.600000381469727,21,21.893400192260742,827500
2002-04-10,22.149999618530273,23.399999618530273,22.049999237060547,23.042552947998047,513500
2002-04-11,23.06999969482422,23.43000030517578,22.25,22.190593719482422,448800
2002-04-12,22.489999771118164,23.43000030517578,22,23.02273941040039,350400
2002-04-15,23.239999771118164,23.799999237060547,22.780000686645508,23.40909194946289,406500
2002-04-16,23.700000762939453,24.420000076293945,23.649999618530273,23.765727996826172,467100
2002-04-17,24.399999618530273,24.399999618530273,23.110000610351562,23.062366485595703,283800
2002-04-18,23.700000762939453,23.940000534057617,22.860000610351562,23.71619987487793,145900
2002-04-19,23.399999618530273,24.06999969482422,22.950000762939453,22.745357513427734,730300
2002-04-22,22.899999618530273,23.290000915527344,21.780000686645508,22.685916900634766,386300
2002-04-23,22.6200008392334,22.850000381469727,21.639999389648438,21.556577682495117,379600
2002-04-24,21.6299991607666,22.399999618530273,21.56999969482422,21.80423927307129,209900
2002-04-25,21.899999618530273,21.950000762939453,20.010000228881836,20.318260192871094,585100
2002-04-26,20.360000610351562,20.989999771118164,19.8700008392334,19.783309936523438,499700
2002-04-29,19.610000610351562,19.670000076293945,17.5,19.070039749145508,576200
2002-04-30,18.780000686645508,20.920000076293945,18.280000686645508,20.456953048706055,998100
2002-05-01,21.299999237060547,21.309999465942383,19.200000762939453,19.753591537475586,774100
2002-05-02,19.989999771118164,20,19,18.88181495666504,357800
2002-05-03,18.760000228881836,19.059999465942383,18.25,18.62424659729004,597000
2002-05-06,19.040000915527344,19.040000915527344,17.309999465942383,17.17789649963379,346200
2002-05-07,17.31999969482422,17.84000015258789,16.579999923706055,17.29677391052246,439600
2002-05-08,17.600000381469727,19.5,17.270000457763672,19.317705154418945,420800
2002-05-09,19.489999771118164,19.780000686645508,18.600000381469727,18.44593048095703,445900
2002-05-10,18.889999389648438,18.889999389648438,17.40999984741211,17.336400985717773,339800
2002-05-13,17.110000610351562,18.709999084472656,17.049999237060547,17.960512161254883,478800
2002-05-14,18.299999237060547,19.549999237060547,18.290000915527344,18.57471466064453,384500
2002-05-15,18.950000762939453,18.950000762939453,18.1299991607666,18.475648880004883,224600
2002-05-16,18.780000686645508,18.81999969482422,17.559999465942383,17.395837783813477,207100
2002-05-17,18.010000228881836,19.049999237060547,17.850000381469727,18.317148208618164,490200
2002-05-20,18.59000015258789,18.649999618530273,17.739999771118164,17.603878021240234,203900
2002-05-21,17.959999084472656,18.450000762939453,16.600000381469727,16.474531173706055,378200
2002-05-22,16.790000915527344,17.479999542236328,16,16.87079620361328,690300
2002-05-23,17.200000762939453,19.649999618530273,16.579999923706055,18.812471389770508,480300
2002-05-24,19.270000457763672,19.270000457763672,17.149999618530273,16.99958038330078,521500
2002-05-28,17.639999389648438,18.649999618530273,17.1299991607666,17.782194137573242,376900
2002-05-29,18.25,18.25,17.190000534057617,17.029298782348633,285500
2002-05-30,16.950000762939453,17.649999618530273,16.799999237060547,17.13827133178711,176500
2002-05-31,17.309999465942383,17.600000381469727,16.520000457763672,16.365562438964844,228100
2002-06-03,16.799999237060547,17.020000457763672,15.5,15.414538383483887,865400
2002-06-04,15.539999961853027,15.989999771118164,14.75,15.246127128601074,485500
2002-06-05,15.600000381469727,15.800000190734863,15.149999618530273,15.186686515808105,309500
2002-06-06,15.5,15.5,14.050000190734863,13.928560256958008,399200
2002-06-07,13.289999961853027,14.699999809265137,12.260000228881836,14.295101165771484,739400
2002-06-10,14.520000457763672,14.960000038146973,14.4399995803833,14.562576293945312,647200
2002-06-11,14.829999923706055,15,14.239999771118164,14.22575569152832,1050400
2002-06-12,14.449999809265137,14.449999809265137,13.199999809265137,13.670989990234375,288400
2002-06-13,14.039999961853027,14.489999771118164,13.3100004196167,14.116783142089844,413600
2002-06-14,14.25,15.079999923706055,13.300000190734863,14.820147514343262,590200
2002-06-17,14.949999809265137,16.450000762939453,14.850000381469727,16.246685028076172,432600
2002-06-18,16.469999313354492,16.5,15.710000038146973,15.751358032226562,356500
2002-06-19,15.640000343322754,16.299999237060547,15.210000038146973,15.275845527648926,258000
2002-06-20,15.0600004196167,15.300000190734863,14.550000190734863,14.433792114257812,378300
2002-06-21,15.390000343322754,15.390000343322754,13.619999885559082,13.532299995422363,480900
2002-06-24,13.199999809265137,15.100000381469727,13.1899995803833,13.95827865600586,583000
2002-06-25,14.300000190734863,14.520000457763672,13.149999618530273,13.14594554901123,297700
2002-06-26,12.699999809265137,14.59000015258789,12.210000038146973,14.166316032409668,607000
2002-06-27,14.5,15,14.289999961853027,14.295101165771484,755700
2002-06-28,15.050000190734863,15.970000267028809,14.109999656677246,14.374354362487793,751300
2002-07-01,14.369999885559082,14.449999809265137,13.1899995803833,13.740336418151855,500700
2002-07-02,13.869999885559082,14.15999984741211,12.25,12.92800235748291,494400
2002-07-03,13,13.100000381469727,11.899999618530273,12.03641414642334,848300
2002-07-05,12.229999542236328,13.390000343322754,12.199999809265137,12.87846851348877,140900
2002-07-08,13.149999618530273,13.329999923706055,12.149999618530273,12.47230339050293,324300
2002-07-09,12.899999618530273,13.210000038146973,11.979999542236328,12.333609580993652,371800
2002-07-10,12.359999656677246,12.489999771118164,11.25,11.253802299499512,452700
2002-07-11,11.479999542236328,11.899999618530273,11.260000228881836,11.66987419128418,370400
2002-07-12,11.800000190734863,12.850000381469727,11.649999618530273,12.25435733795166,414700
2002-07-15,12.399999618530273,12.850000381469727,11.5600004196167,12.551554679870605,575200
2002-07-16,12.569999694824219,14.65999984741211,12.399999618530273,13.36388874053955,559900
2002-07-17,13.869999885559082,15.300000190734863,13.699999809265137,13.908747673034668,345800
2002-07-18,14.100000381469727,14.199999809265137,13.109999656677246,13.106318473815918,239500
2002-07-19,13.100000381469727,13.609999656677246,12.949999809265137,13.175664901733398,315300
2002-07-22,13.149999618530273,14.369999885559082,12.930000305175781,13.264823913574219,430500
2002-07-23,13.649999618530273,14.470000267028809,12.1899995803833,12.076040267944336,381900
2002-07-24,12.430000305175781,13.699999809265137,11.75,13.086505889892578,382800
2002-07-25,13.289999961853027,14.199999809265137,12.850000381469727,13.562018394470215,319000
2002-07-26,13.850000381469727,13.890000343322754,12.609999656677246,13.472860336303711,232500
2002-07-29,13.699999809265137,15,13.600000381469727,14.849864959716797,274500
2002-07-30,15.180000305175781,17.25,14.199999809265137,17.068923950195312,681300
2002-07-31,17.200000762939453,18.34000015258789,16.8799991607666,17.039203643798828,1016200
2002-08-01,17.450000762939453,17.469999313354492,15.699999809265137,15.909863471984863,475100
2002-08-02,16.149999618530273,16.149999618530273,14.399999618530273,15.127248764038086,403100
2002-08-05,15.399999618530273,15.579999923706055,13.729999542236328,13.869119644165039,234500
2002-08-06,14.010000228881836,15.600000381469727,14.010000228881836,15.454161643981934,464300
2002-08-07,15.649999618530273,16.200000762939453,14.850000381469727,15.156968116760254,273500
2002-08-08,16.139999389648438,16.8799991607666,15.399999618530273,16.682573318481445,314000
2002-08-09,16.940000534057617,17.579999923706055,15.9399995803833,16.642946243286133,568000
2002-08-12,16.989999771118164,17.479999542236328,16.299999237060547,17.128366470336914,202300
2002-08-13,17.18000030517578,17.299999237060547,15.75,15.850422859191895,291000
2002-08-14,15.949999809265137,17.549999237060547,15.350000381469727,17.376026153564453,306500
2002-08-15,17.450000762939453,17.649999618530273,16.399999618530273,16.712291717529297,399600
2002-08-16,16.8700008392334,17.270000457763672,16.5,16.79154396057129,246000
2002-08-19,17,17,16.18000030517578,16.02873992919922,257000
2002-08-20,16.34000015258789,16.93000030517578,16.1299991607666,16.563692092895508,183700
2002-08-21,16.75,17.18000030517578,16.540000915527344,16.79154396057129,238300
2002-08-22,17,17.940000534057617,16.760000228881836,16.95004653930664,614800
2002-08-23,17.1299991607666,17.3799991607666,16.489999771118164,16.345748901367188,322300
2002-08-26,16.399999618530273,16.860000610351562,15.899999618530273,16.474531173706055,229900
2002-08-27,16.700000762939453,16.799999237060547,15.800000190734863,15.65229320526123,215100
2002-08-28,15.9399995803833,15.949999809265137,15.050000190734863,14.909305572509766,232500
2002-08-29,15.210000038146973,16.450000762939453,15.020000457763672,16.02873992919922,260600
2002-08-30,16.440000534057617,16.5,15.40999984741211,15.305564880371094,330900
2002-09-03,15.550000190734863,15.550000190734863,14.5,14.404072761535645,324400
2002-09-04,14.550000190734863,15.5,14.210000038146973,15.018275260925293,292500
2002-09-05,15.149999618530273,15.149999618530273,13.859999656677246,14.116783142089844,183500
2002-09-06,14.4399995803833,14.989999771118164,14.4399995803833,14.463512420654297,280100
2002-09-09,14.850000381469727,15.199999809265137,14.25,14.958837509155273,381300
2002-09-10,14.899999618530273,15,14.130000114440918,14.760706901550293,576800
2002-09-11,14.930000305175781,15.300000190734863,14.75,14.790427207946777,174000
2002-09-12,15.289999961853027,15.300000190734863,14.40999984741211,14.433792114257812,151000
2002-09-13,14.789999961853027,15,14.149999618530273,14.513044357299805,226200
2002-09-16,14.510000228881836,14.949999809265137,14.170000076293945,14.275287628173828,122500
2002-09-17,14.899999618530273,14.899999618530273,13.850000381469727,13.869119644165039,219800
2002-09-18,14,14.59000015258789,13.649999618530273,14.364447593688965,235300
2002-09-19,14.539999961853027,14.550000190734863,13.15999984741211,13.046878814697266,179600
2002-09-20,13.130000114440918,13.4399995803833,12.6899995803833,12.620899200439453,355400
2002-09-23,12.5600004196167,12.699999809265137,11.350000381469727,11.481651306152344,633900
2002-09-24,11.399999618530273,12.199999809265137,11.34000015258789,11.659968376159668,399600
2002-09-25,11.850000381469727,13,11.479999542236328,12.809123992919922,492200
2002-09-26,12.920000076293945,13.0600004196167,12.479999542236328,12.571366310119629,471100
2002-09-27,12.649999618530273,12.989999771118164,12.5,12.620899200439453,565100
2002-09-30,12.489999771118164,13.619999885559082,12.25,13.373795509338379,471800
2002-10-01,13.649999618530273,14,12.920000076293945,13.859213829040527,461100
2002-10-02,13.970000267028809,15.09000015258789,13.770000457763672,14.503137588500977,891100
2002-10-03,14.720000267028809,15.050000190734863,14.449999809265137,14.631922721862793,679800
2002-10-04,14.649999618530273,14.739999771118164,13.279999732971191,13.185571670532227,333500
2002-10-07,13.260000228881836,13.579999923706055,12.75,12.809123992919922,269100
2002-10-08,12.90999984741211,13.460000038146973,12.899999618530273,13.165757179260254,277100
2002-10-09,13.100000381469727,13.289999961853027,12.390000343322754,12.482209205627441,217600
2002-10-10,12.489999771118164,13.100000381469727,12.25,12.87846851348877,295300
2002-10-11,13.199999809265137,13.850000381469727,12.75,12.739777565002441,312700
2002-10-14,12.989999771118164,13.949999809265137,12.449999809265137,13.571925163269043,447700
2002-10-15,15.15999984741211,15.199999809265137,14.15999984741211,14.334726333618164,481600
2002-10-16,14.3100004196167,14.710000038146973,13.75,13.839402198791504,217900
2002-10-17,14.149999618530273,14.720000267028809,14.109999656677246,14.295101165771484,144600
2002-10-18,14.359999656677246,15.079999923706055,14.25,14.929117202758789,174500
2002-10-21,14.800000190734863,15.220000267028809,14.319999694824219,14.958837509155273,265900
2002-10-22,15.010000228881836,15.5,14.430000305175781,14.433792114257812,269600
2002-10-23,14.430000305175781,14.760000228881836,14.34000015258789,14.562576293945312,135800
2002-10-24,14.779999732971191,15.210000038146973,14.460000038146973,14.532857894897461,202000
2002-10-25,14.65999984741211,15.449999809265137,14.5,15.067809104919434,187700
2002-10-28,15.859999656677246,15.859999656677246,14.800000190734863,14.97865104675293,219000
2002-10-29,15.1899995803833,15.399999618530273,14.800000190734863,15.018275260925293,226600
2002-10-30,15.25,15.75,15.100000381469727,15.097527503967285,356900
2002-10-31,15.600000381469727,16.020000457763672,15.119999885559082,14.988556861877441,229300
2002-11-01,15.329999923706055,15.84000015258789,14.989999771118164,15.642387390136719,285600
2002-11-04,16.100000381469727,17.43000030517578,15.960000038146973,16.82126235961914,718300
2002-11-05,17.100000381469727,17.5,16.979999542236328,16.82126235961914,349200
2002-11-06,17.110000610351562,17.780000686645508,16.889999389648438,17.326494216918945,256000
2002-11-07,17.559999465942383,17.780000686645508,17.059999465942383,16.91042137145996,231700
2002-11-08,17.139999389648438,17.149999618530273,16.31999969482422,16.444814682006836,222700
2002-11-11,16.3700008392334,16.950000762939453,15.949999809265137,15.87023639678955,154900
2002-11-12,16.010000228881836,16.34000015258789,15.9399995803833,15.939581871032715,219100
2002-11-13,16.100000381469727,16.299999237060547,15.869999885559082,15.840517044067383,274700
2002-11-14,16.200000762939453,16.200000762939453,15.90999984741211,15.850422859191895,347300
2002-11-15,16.200000762939453,16.450000762939453,15.920000076293945,15.899955749511719,284500
2002-11-18,16.149999618530273,16.829999923706055,16.139999389648438,16.504253387451172,234400
2002-11-19,16.850000381469727,16.850000381469727,16.170000076293945,16.296218872070312,125300
2002-11-20,16.450000762939453,17.690000534057617,16.450000762939453,17.44537353515625,223800
2002-11-21,17.65999984741211,21.25,17.56999969482422,20.516393661499023,938400
2002-11-22,20.600000381469727,22,20.5,21.338634490966797,569200
2002-11-25,21.549999237060547,22.850000381469727,21.420000076293945,22.032089233398438,467100
2002-11-26,22.299999237060547,22.489999771118164,21.3799991607666,21.348541259765625,667200
2002-11-27,21.950000762939453,22,21.350000381469727,21.49713706970215,255800
2002-11-29,21.799999237060547,22.200000762939453,21.600000381469727,21.44760513305664,133400
2002-12-02,21.75,21.850000381469727,20.600000381469727,20.942371368408203,386100
2002-12-03,21.34000015258789,21.34000015258789,19,19.347423553466797,501400
2002-12-04,19.43000030517578,21.360000610351562,19.100000381469727,20.66499137878418,523400
2002-12-05,21,21.299999237060547,20.56999969482422,21.051342010498047,913900
2002-12-06,21.25,21.649999618530273,20.649999618530273,21.199941635131836,290300
2002-12-09,21.25,21.59000015258789,19.989999771118164,19.961626052856445,292500
2002-12-10,20.049999237060547,21,20.030000686645508,20.278635025024414,314300
2002-12-11,20.649999618530273,21.84000015258789,20.399999618530273,21.338634490966797,348800
2002-12-12,21.84000015258789,22.200000762939453,21,21.23956871032715,331500
2002-12-13,21.399999618530273,21.600000381469727,20.299999237060547,20.347980499267578,195500
2002-12-16,20.239999771118164,20.979999542236328,20.239999771118164,20.546110153198242,363500
2002-12-17,20.959999084472656,21.81999969482422,20.549999237060547,20.744245529174805,234900
2002-12-18,20.850000381469727,21,20.100000381469727,19.912097930908203,131800
2002-12-19,20.299999237060547,20.5,18.899999618530273,19.050228118896484,484800
2002-12-20,18.760000228881836,20.110000610351562,18.75,19.624805450439453,437700
2002-12-23,19.809999465942383,20.270000457763672,19.709999084472656,19.813030242919922,220700
2002-12-24,19.979999542236328,20,19.760000228881836,19.73377799987793,62900
2002-12-26,19.989999771118164,20.079999923706055,19.700000762939453,19.515832901000977,160300
2002-12-27,19.700000762939453,19.969999313354492,18.75,19.0205078125,177800
2002-12-30,18.8799991607666,19,18.049999237060547,18.327051162719727,215400
2002-12-31,18.450000762939453,19.049999237060547,18.350000381469727,18.336957931518555,276400
2003-01-02,18.549999237060547,19.09000015258789,18.520000457763672,18.911535263061523,307500
2003-01-03,19,19,18.489999771118164,18.386493682861328,196100
2003-01-06,18.770000457763672,18.93000030517578,18.540000915527344,18.525182723999023,618200
2003-01-07,19.790000915527344,19.950000762939453,19.329999923706055,19.238452911376953,1203200
2003-01-08,19.290000915527344,19.309999465942383,18.68000030517578,18.762941360473633,504300
2003-01-09,19,19.450000762939453,18.920000076293945,18.93134880065918,403600
2003-01-10,19.25,19.549999237060547,18.90999984741211,19.109668731689453,283000
2003-01-13,19.639999389648438,20,19.299999237060547,19.71396255493164,354300
2003-01-14,19.75,21.06999969482422,19.75,20.159757614135742,499100
2003-01-15,20.34000015258789,20.399999618530273,19.280000686645508,19.763498306274414,265700
2003-01-16,19.799999237060547,21.489999771118164,19.670000076293945,20.803680419921875,674900
2003-01-17,21.1299991607666,21.389999389648438,20.549999237060547,21.07115936279297,327200
2003-01-21,21.290000915527344,21.299999237060547,20.729999542236328,20.674896240234375,447900
2003-01-22,20.8700008392334,21.280000686645508,20.450000762939453,20.92255973815918,458400
2003-01-23,21.149999618530273,21.43000030517578,20.68000030517578,20.91265296936035,396600
2003-01-24,21.299999237060547,21.469999313354492,20.31999969482422,20.4371395111084,398000
2003-01-27,20.59000015258789,20.59000015258789,19.899999618530273,19.951719284057617,458500
2003-01-28,20.010000228881836,20.549999237060547,19.8799991607666,20.318260192871094,363300
2003-01-29,20.040000915527344,20.530000686645508,19.809999465942383,20.3083553314209,518800
2003-01-30,20.399999618530273,20.540000915527344,18.899999618530273,18.911535263061523,961100
2003-01-31,19.079999923706055,19.5,18.600000381469727,18.554899215698242,1506000
2003-02-03,18.600000381469727,19.030000686645508,18.270000457763672,18.67378044128418,213700
2003-02-04,18.860000610351562,18.90999984741211,18.100000381469727,18.663875579833984,374000
2003-02-05,18.709999084472656,18.90999984741211,18.100000381469727,18.26761245727539,364200
2003-02-06,18.450000762939453,18.489999771118164,17.709999084472656,17.574159622192383,627700
2003-02-07,17.719999313354492,18.1299991607666,17.350000381469727,17.722755432128906,464100
2003-02-10,18.020000457763672,18.25,17.290000915527344,17.237335205078125,396400
2003-02-11,17.399999618530273,17.889999389648438,17.389999389648438,17.22743034362793,443100
2003-02-12,17.459999084472656,17.65999984741211,17,16.84107780456543,416700
2003-02-13,16.770000457763672,17.43000030517578,16.3700008392334,16.88070297241211,552500
2003-02-14,17.200000762939453,17.6299991607666,16.899999618530273,17.0887393951416,380500
2003-02-18,17.549999237060547,17.670000076293945,17.09000015258789,17.395837783813477,309200
2003-02-19,17.549999237060547,17.729999542236328,17.290000915527344,17.35621452331543,251800
2003-02-20,17.59000015258789,17.739999771118164,17.06999969482422,17.108551025390625,300900
2003-02-21,17.290000915527344,17.59000015258789,17.239999771118164,17.336400985717773,328300
2003-02-24,17.5,17.5,17.170000076293945,17.148176193237305,261900
2003-02-25,17.200000762939453,17.68000030517578,16.65999984741211,17.50480842590332,354300
2003-02-26,18.139999389648438,18.520000457763672,17.799999237060547,17.980323791503906,593500
2003-02-27,18.25,18.5,17.600000381469727,18.327051162719727,531800
2003-02-28,18.469999313354492,18.600000381469727,18.100000381469727,18.168548583984375,455800
2003-03-03,18.200000762939453,18.889999389648438,17.709999084472656,17.584064483642578,434400
2003-03-04,17.75,18.600000381469727,17.68000030517578,18.18836212158203,397900
2003-03-05,18.34000015258789,18.450000762939453,17.969999313354492,17.9307918548584,224800
2003-03-06,18.18000030517578,18.18000030517578,17.100000381469727,17.148176193237305,604000
2003-03-07,17.030000686645508,17.850000381469727,17,17.584064483642578,529800
2003-03-10,17.6200008392334,19.389999389648438,17.420000076293945,18.79265785217285,1712900
2003-03-11,19.09000015258789,19.100000381469727,18.049999237060547,18.12891960144043,956000
2003-03-12,18.280000686645508,18.940000534057617,17.8799991607666,18.634153366088867,640600
2003-03-13,18.920000076293945,19.899999618530273,18.8700008392334,19.624805450439453,733400
2003-03-14,19.959999084472656,20.709999084472656,19.299999237060547,19.644615173339844,841200
2003-03-17,20,20.450000762939453,19.520000457763672,20.189476013183594,696200
2003-03-18,20.709999084472656,20.770000457763672,20.110000610351562,20.496578216552734,864000
2003-03-19,20.649999618530273,20.850000381469727,20.110000610351562,20.46685791015625,459000
2003-03-20,20.56999969482422,20.690000534057617,20,20.01116371154785,391600
2003-03-21,20.299999237060547,20.799999237060547,20.200000762939453,20.268728256225586,657000
2003-03-24,20.329999923706055,20.350000381469727,19,19.109668731689453,891100
2003-03-25,19.34000015258789,20.040000915527344,19.229999542236328,19.525739669799805,567600
2003-03-26,19.81999969482422,20.690000534057617,19.68000030517578,19.674341201782227,614300
2003-03-27,19.829999923706055,19.829999923706055,19.219999313354492,19.169105529785156,678600
2003-03-28,20.1299991607666,20.219999313354492,16.8799991607666,17.148176193237305,4518900
2003-03-31,8.649999618530273,8.8100004196167,7.400000095367432,7.449699401855469,28330500
2003-04-01,7.53000020980835,7.659999847412109,6.800000190734863,6.825588703155518,6709700
2003-04-02,6.920000076293945,7.150000095367432,5.989999771118164,6.538300037384033,3973200
2003-04-03,6.630000114440918,7.050000190734863,6.550000190734863,6.7364301681518555,2467400
2003-04-04,7.03000020980835,7.050000190734863,6.659999847412109,6.647272109985352,1152800
2003-04-07,6.980000019073486,7.019999980926514,6.389999866485596,6.399608135223389,1422700
2003-04-08,6.460000038146973,6.699999809265137,6.260000228881836,6.577925682067871,1217500
2003-04-09,6.599999904632568,6.739999771118164,6.409999847412109,6.399608135223389,727600
2003-04-10,6.460000038146973,6.570000171661377,6.369999885559082,6.340169906616211,528400
2003-04-11,6.389999866485596,6.489999771118164,6.079999923706055,6.0925068855285645,728800
2003-04-14,6.5,6.690000057220459,6.179999828338623,6.310449600219727,1262400
2003-04-15,6.380000114440918,6.480000019073486,6.199999809265137,6.280730247497559,567500
2003-04-16,6.449999809265137,6.460000038146973,6.099999904632568,6.062787055969238,502900
2003-04-17,6.150000095367432,6.159999847412109,6,5.983535289764404,586900
2003-04-21,6.039999961853027,6.159999847412109,5.949999809265137,5.953815460205078,881700
2003-04-22,5.900000095367432,6,5.769999980926514,5.82503080368042,1086300
2003-04-23,5.869999885559082,6.340000152587891,5.869999885559082,6.161852836608887,745100
2003-04-24,6.25,6.670000076293945,6.25,6.548206329345703,1217400
2003-04-25,6.570000171661377,6.800000190734863,6.360000133514404,6.379795551300049,783600
2003-04-28,6.489999771118164,6.599999904632568,6.199999809265137,6.260916709899902,489900
2003-04-29,6.269999980926514,6.5,6.199999809265137,6.2708234786987305,608300
2003-04-30,6.400000095367432,6.480000019073486,6.21999979019165,6.2708234786987305,421400
2003-05-01,6.400000095367432,6.460000038146973,6.269999980926514,6.2708234786987305,364900
2003-05-02,6.400000095367432,6.760000228881836,6.329999923706055,6.498674392700195,720600
2003-05-05,6.5,6.679999828338623,6.449999809265137,6.468954563140869,536800
2003-05-06,6.489999771118164,6.840000152587891,6.420000076293945,6.7364301681518555,999600
2003-05-07,6.849999904632568,6.900000095367432,6.550000190734863,6.558113098144531,673100
2003-05-08,6.599999904632568,6.650000095367432,6.489999771118164,6.478860378265381,336400
2003-05-09,6.599999904632568,6.670000076293945,6.300000190734863,6.508580684661865,587400
2003-05-12,6.300000190734863,6.650000095367432,6.300000190734863,6.518486499786377,456500
2003-05-13,6.579999923706055,6.760000228881836,6.550000190734863,6.597738742828369,549700
2003-05-14,6.78000020980835,7.21999979019165,6.699999809265137,7.102971076965332,779900
2003-05-15,7.300000190734863,7.300000190734863,7.050000190734863,7.182223796844482,954000
2003-05-16,7.25,7.260000228881836,7.050000190734863,6.993999481201172,627300
2003-05-19,9,9.989999771118164,8.399999618530273,9.896608352661133,7222100
2003-05-20,10.899999618530273,10.899999618530273,9.5600004196167,9.896608352661133,6910300
2003-05-21,9.869999885559082,10.25,9.5,10.114550590515137,1491900
2003-05-22,10.289999961853027,10.829999923706055,10,10.411746978759766,1771500
2003-05-23,10.630000114440918,11.239999771118164,10.520000457763672,11.11510944366455,1339600
2003-05-27,11.25,13.890000343322754,11.199999809265137,13.492671966552734,3609000
2003-05-28,13.779999732971191,14.300000190734863,12.729999542236328,13.25491714477539,2215600
2003-05-29,13.420000076293945,13.850000381469727,12.670000076293945,12.957720756530762,1479200
2003-05-30,13.489999771118164,14,13.380000114440918,13.611551284790039,1242200
2003-06-02,14.960000038146973,15.5,14.550000190734863,14.760706901550293,2615200
2003-06-03,14.6899995803833,14.739999771118164,13.65999984741211,13.621458053588867,2482500
2003-06-04,13.739999771118164,14.649999618530273,13.140000343322754,14.473417282104492,1663900
2003-06-05,14.569999694824219,15.5600004196167,14.319999694824219,15.374911308288574,1695300
2003-06-06,16.100000381469727,16.850000381469727,15.520000457763672,15.7117338180542,2022700
2003-06-09,16.989999771118164,17.190000534057617,15.430000305175781,15.810797691345215,2721500
2003-06-10,17.100000381469727,17.149999618530273,16.030000686645508,16.84107780456543,3189700
2003-06-11,17.100000381469727,17.850000381469727,16.6200008392334,17.435466766357422,2035600
2003-06-12,17.600000381469727,18.739999771118164,17.530000686645508,18.356773376464844,1707000
2003-06-13,18.729999542236328,18.780000686645508,17.6200008392334,17.62369155883789,1064300
2003-06-16,17.760000228881836,18.579999923706055,17.75,17.970415115356445,1180800
2003-06-17,18.34000015258789,18.399999618530273,17.649999618530273,17.6732234954834,579800
2003-06-18,17.8700008392334,17.950000762939453,16.75,16.81135368347168,1259500
2003-06-19,17.040000915527344,17.149999618530273,15.25,15.335284233093262,1867700
2003-06-20,15.350000381469727,15.949999809265137,15.140000343322754,15.493789672851562,980700
2003-06-23,15.510000228881836,15.800000190734863,14.5,15.067809104919434,1019700
2003-06-24,15.15999984741211,16.389999389648438,14.979999542236328,16.058460235595703,984100
2003-06-25,16.459999084472656,16.729999542236328,15.800000190734863,15.790985107421875,827700
2003-06-26,16.079999923706055,16.200000762939453,15.579999923706055,15.553227424621582,649300
2003-06-27,16.100000381469727,16.780000686645508,15.770000457763672,16.266498565673828,1197500
2003-06-30,16.3700008392334,16.68000030517578,15.710000038146973,15.612666130065918,602000
2003-07-01,16.079999923706055,16.139999389648438,15.270000457763672,15.493789672851562,582000
2003-07-02,15.449999809265137,16.100000381469727,15.34000015258789,15.642387390136719,623100
2003-07-03,15.729999542236328,16.18000030517578,15.729999542236328,15.800890922546387,244500
2003-07-07,16.399999618530273,16.59000015258789,16.280000686645508,16.197153091430664,388400
2003-07-08,16.399999618530273,16.649999618530273,16.219999313354492,16.266498565673828,516300
2003-07-09,16.450000762939453,16.75,16.239999771118164,16.405189514160156,602300
2003-07-10,16.450000762939453,16.600000381469727,16.079999923706055,16.10799217224121,197500
2003-07-11,16.229999542236328,16.700000762939453,16.200000762939453,16.444814682006836,242100
2003-07-14,16.639999389648438,16.950000762939453,16.3799991607666,16.266498565673828,316400
2003-07-15,16.549999237060547,16.610000610351562,16.190000534057617,16.098087310791016,213500
2003-07-16,16.31999969482422,16.34000015258789,15.960000038146973,15.999019622802734,321200
2003-07-17,16.100000381469727,16.25,15,15.206500053405762,409200
2003-07-18,15.329999923706055,15.609999656677246,14.829999923706055,14.958837509155273,350900
2003-07-21,15.100000381469727,15.170000076293945,14.449999809265137,14.364447593688965,504300
2003-07-22,14.5,14.630000114440918,14.210000038146973,14.3941650390625,374400
2003-07-23,14.569999694824219,15.039999961853027,14.420000076293945,14.88949203491211,166100
2003-07-24,15.09000015258789,15.40999984741211,14.75,14.770613670349121,341200
2003-07-25,14.84000015258789,15.210000038146973,14.279999732971191,14.61211109161377,207700
2003-07-28,14.539999961853027,15.550000190734863,14.289999961853027,14.958837509155273,440300
2003-07-29,15.140000343322754,15.270000457763672,14.380000114440918,14.948930740356445,215300
2003-07-30,15,15,14.649999618530273,14.681453704833984,165600
2003-07-31,14.979999542236328,15.550000190734863,14.960000038146973,15.256032943725586,259300
2003-08-01,15.380000114440918,15.649999618530273,14.449999809265137,14.4238862991333,302500
2003-08-04,14.5,14.59000015258789,12.800000190734863,13.779962539672852,744100
2003-08-05,13.819999694824219,13.899999618530273,13.029999732971191,12.94781494140625,311800
2003-08-06,12.920000076293945,13,12.300000190734863,12.313798904418945,408600
2003-08-07,12.550000190734863,13.09000015258789,12.300000190734863,12.660526275634766,361400
2003-08-08,12.890000343322754,13.210000038146973,12.430000305175781,12.40295696258545,374500
2003-08-11,12.489999771118164,12.65999984741211,12.220000267028809,12.442582130432129,572300
2003-08-12,12.489999771118164,13.510000228881836,12.420000076293945,13.165757179260254,665900
2003-08-13,13.279999732971191,13.579999923706055,13.039999961853027,12.987439155578613,391200
2003-08-14,13.020000457763672,13.4399995803833,12.979999542236328,13.195477485656738,300400
2003-08-15,13.399999618530273,13.489999771118164,13.119999885559082,13.086505889892578,135600
2003-08-18,13.399999618530273,14.180000305175781,13.229999542236328,13.9780912399292,448000
2003-08-19,14.369999885559082,14.40999984741211,14.100000381469727,14.096970558166504,322800
2003-08-20,14.34000015258789,14.680000305175781,14.039999961853027,14.463512420654297,239600
2003-08-21,14.65999984741211,14.930000305175781,14.579999923706055,14.721080780029297,197400
2003-08-22,15.050000190734863,15.300000190734863,14.300000190734863,14.176223754882812,613400
2003-08-25,14.25,14.390000343322754,14.050000190734863,14.096970558166504,300100
2003-08-26,14.119999885559082,14.34000015258789,13.729999542236328,14.205942153930664,351800
2003-08-27,14.239999771118164,14.979999542236328,14.079999923706055,14.493230819702148,283800
2003-08-28,14.729999542236328,15.1899995803833,14.729999542236328,15.008369445800781,413000
2003-08-29,15.180000305175781,15.350000381469727,15.039999961853027,15.067809104919434,151000
2003-09-02,15.479999542236328,16.719999313354492,15.170000076293945,16.127803802490234,588400
2003-09-03,16.350000381469727,16.690000534057617,16.260000228881836,16.365562438964844,838400
2003-09-04,16.59000015258789,17.219999313354492,16.5,17.049110412597656,746700
2003-09-05,17.049999237060547,17.100000381469727,16.610000610351562,16.722196578979492,727500
2003-09-08,21,22.350000381469727,19.899999618530273,22.101430892944336,6101800
2003-09-09,21.950000762939453,22.350000381469727,21,21.54667091369629,1818100
2003-09-10,21.649999618530273,22,21.25,21.32872772216797,692200
2003-09-11,21.549999237060547,21.920000076293945,20.540000915527344,20.704614639282227,975700
2003-09-12,20.549999237060547,20.940000534057617,19.760000228881836,20.53620147705078,482700
2003-09-15,20.450000762939453,20.850000381469727,19.989999771118164,20.070598602294922,378300
2003-09-16,20.149999618530273,20.5,19.770000457763672,19.912097930908203,654800
2003-09-17,20.010000228881836,22.1200008392334,19.780000686645508,20.050785064697266,943700
2003-09-18,20.139999389648438,21.049999237060547,20.1200008392334,20.78386688232422,679700
2003-09-19,20.799999237060547,20.989999771118164,20.25,20.199382781982422,350900
2003-09-22,19.799999237060547,20.75,19.770000457763672,19.674341201782227,417000
2003-09-23,19.90999984741211,20.360000610351562,19.84000015258789,19.80312156677246,359100
2003-09-24,20,20,18.899999618530273,18.99079132080078,640500
2003-09-25,19.020000457763672,19.920000076293945,18,18.455835342407227,546900
2003-09-26,18.579999923706055,18.760000228881836,17.530000686645508,17.45528221130371,687300
2003-09-29,17.579999923706055,19.110000610351562,17.229999542236328,17.7326602935791,769200
2003-09-30,17.860000610351562,18.209999084472656,17.309999465942383,17.50480842590332,650700
2003-10-01,17.600000381469727,18.09000015258789,17.280000686645508,17.425561904907227,684400
2003-10-02,17.579999923706055,18.719999313354492,17.440000534057617,17.881258010864258,384200
2003-10-03,18.149999618530273,18.450000762939453,17.600000381469727,17.752473831176758,294300
2003-10-06,17.780000686645508,18.610000610351562,17.780000686645508,18.22798728942871,274000
2003-10-07,15.15999984741211,15.9399995803833,14.550000190734863,14.453605651855469,7728000
2003-10-08,14.539999961853027,14.949999809265137,14.399999618530273,14.3941650390625,1414200
2003-10-09,14.640000343322754,14.829999923706055,14.1899995803833,14.305007934570312,636800
2003-10-10,14.399999618530273,14.75,13.859999656677246,13.908747673034668,370700
2003-10-13,14.100000381469727,14.199999809265137,13.449999809265137,13.670989990234375,566200
2003-10-14,13.529999732971191,13.800000190734863,13.399999618530273,13.334168434143066,568000
2003-10-15,13.550000190734863,13.600000381469727,12.9399995803833,13.12613296508789,241600
2003-10-16,13.289999961853027,13.569999694824219,12.989999771118164,13.175664901733398,401300
2003-10-17,13.199999809265137,13.34000015258789,12.899999618530273,12.87846851348877,500700
2003-10-20,12.920000076293945,13.09000015258789,12.5600004196167,12.83884334564209,604900
2003-10-21,12.899999618530273,14.130000114440918,12.800000190734863,13.492671966552734,768400
2003-10-22,13.649999618530273,13.649999618530273,12.880000114440918,12.937909126281738,487100
2003-10-23,13.100000381469727,13.199999809265137,12.600000381469727,12.779403686523438,390800
2003-10-24,12.5600004196167,13.229999542236328,12.529999732971191,12.918095588684082,374600
2003-10-27,13.180000305175781,13.710000038146973,13.180000305175781,13.334168434143066,607500
2003-10-28,13.649999618530273,13.680000305175781,13.260000228881836,13.334168434143066,517500
2003-10-29,13.390000343322754,13.649999618530273,13.149999618530273,13.12613296508789,281100
2003-10-30,13.520000457763672,13.59000015258789,13.1899995803833,13.195477485656738,531600
2003-10-31,13.3100004196167,14.050000190734863,13.199999809265137,13.710616111755371,376400
2003-11-03,13.850000381469727,14.039999961853027,12.949999809265137,13.056787490844727,478800
2003-11-04,13.239999771118164,13.3100004196167,12.899999618530273,12.819028854370117,612900
2003-11-05,12.899999618530273,13.149999618530273,12.800000190734863,12.868561744689941,447500
2003-11-06,13.039999961853027,13.390000343322754,12.869999885559082,13.165757179260254,323400
2003-11-07,13.399999618530273,13.420000076293945,12.960000038146973,12.87846851348877,387800
2003-11-10,12.970000267028809,13.149999618530273,12.460000038146973,12.591180801391602,341900
2003-11-11,12.5600004196167,12.739999771118164,12.300000190734863,12.541646957397461,417500
2003-11-12,12.649999618530273,13.6899995803833,12.630000114440918,13.443140983581543,415300
2003-11-13,13.600000381469727,13.6899995803833,13.020000457763672,13.314356803894043,225400
2003-11-14,13.359999656677246,13.600000381469727,12.949999809265137,12.85865592956543,206400
2003-11-17,12.75,12.960000038146973,12.239999771118164,12.610993385314941,471300
2003-11-18,12.6899995803833,12.890000343322754,12,12.284078598022461,479900
2003-11-19,12.359999656677246,12.369999885559082,11.800000190734863,12.08594799041748,455500
2003-11-20,11.899999618530273,12.850000381469727,11.899999618530273,12.293985366821289,323200
2003-11-21,12.609999656677246,12.609999656677246,12.199999809265137,12.115667343139648,248300
2003-11-24,12.4399995803833,13.170000076293945,12.199999809265137,13.01716136932373,318000
2003-11-25,13.15999984741211,13.609999656677246,12.779999732971191,12.87846851348877,422200
2003-11-26,12.989999771118164,13.029999732971191,12.760000228881836,12.87846851348877,123500
2003-11-28,12.960000038146973,13,12.720000267028809,12.759591102600098,108100
2003-12-01,12.859999656677246,13.029999732971191,12.75,12.828937530517578,341700
2003-12-02,12.890000343322754,13.699999809265137,12.890000343322754,13.076600074768066,673900
2003-12-03,13.199999809265137,13.420000076293945,12.729999542236328,12.710058212280273,352100
2003-12-04,12.949999809265137,13.050000190734863,12.5,12.84875202178955,250200
2003-12-05,12.970000267028809,13,12.729999542236328,12.87846851348877,174000
2003-12-08,13,13.470000267028809,12.869999885559082,12.977535247802734,353700
2003-12-09,13.140000343322754,13.380000114440918,12.84000015258789,12.789310455322266,225800
2003-12-10,12.680000305175781,13.010000228881836,12.390000343322754,12.452488899230957,288500
2003-12-11,12.449999809265137,13.300000190734863,12.449999809265137,12.92800235748291,265800
2003-12-12,13.010000228881836,13.029999732971191,12.779999732971191,12.87846851348877,151700
2003-12-15,13.079999923706055,13.350000381469727,12.649999618530273,12.541646957397461,365500
2003-12-16,12.649999618530273,12.979999542236328,12.649999618530273,12.640711784362793,238600
2003-12-17,12.75,12.989999771118164,12.710000038146973,12.759591102600098,114500
2003-12-18,12.8100004196167,13.199999809265137,12.75,12.799216270446777,276000
2003-12-19,13.170000076293945,13.539999961853027,12.829999923706055,13.205384254455566,417800
2003-12-22,13.399999618530273,14.260000228881836,13.25,13.968186378479004,551000
2003-12-23,14.1899995803833,14.869999885559082,14.09000015258789,14.711175918579102,418800
2003-12-24,14.6899995803833,14.890000343322754,13.699999809265137,14.027624130249023,265500
2003-12-26,14.199999809265137,14.479999542236328,14.0600004196167,14.1365966796875,95100
2003-12-29,14.34000015258789,14.989999771118164,14.149999618530273,14.760706901550293,308200
2003-12-30,14.880000114440918,15.479999542236328,14.65999984741211,15.097527503967285,635800
2003-12-31,15.25,15.640000343322754,14.5600004196167,14.572482109069824,333600
2004-01-02,14.8100004196167,15.300000190734863,14.729999542236328,14.909305572509766,201800
2004-01-05,15.069999694824219,15.350000381469727,15.050000190734863,14.948930740356445,255500
2004-01-06,15.069999694824219,15.399999618530273,14.920000076293945,14.78052043914795,222600
2004-01-07,14.880000114440918,15.5,14.5,15.355098724365234,334300
2004-01-08,15.399999618530273,15.770000457763672,15.1899995803833,15.54332160949707,543800
2004-01-09,15.670000076293945,16.139999389648438,15.180000305175781,15.43435001373291,793200
2004-01-12,14.649999618530273,15.350000381469727,14.550000190734863,15.186686515808105,684500
2004-01-13,15.289999961853027,16.399999618530273,14.6899995803833,15.949488639831543,1171400
2004-01-14,16.059999465942383,16.100000381469727,15.680000305175781,15.87023639678955,434000
2004-01-15,15.949999809265137,16.43000030517578,15.729999542236328,16.276403427124023,256300
2004-01-16,16.389999389648438,16.469999313354492,16.040000915527344,16.04855728149414,492600
2004-01-20,16.25,16.469999313354492,15.600000381469727,15.92967700958252,457700
2004-01-21,16.049999237060547,16.25,15.949999809265137,16.098087310791016,300100
2004-01-22,16.209999084472656,16.969999313354492,16.190000534057617,16.484439849853516,466100
2004-01-23,16.59000015258789,16.809999465942383,16.350000381469727,16.563692092895508,169100
2004-01-26,16.65999984741211,16.729999542236328,16.229999542236328,16.345748901367188,284800
2004-01-27,16.5,16.6200008392334,15.890000343322754,15.74145221710205,447300
2004-01-28,15.8100004196167,16.420000076293945,15.390000343322754,15.43435001373291,328500
2004-01-29,15.5,15.510000228881836,14.829999923706055,14.750800132751465,562700
2004-01-30,14.859999656677246,15.100000381469727,14.630000114440918,14.721080780029297,248700
2004-02-02,14.850000381469727,15.109999656677246,14.630000114440918,14.899398803710938,440600
2004-02-03,14.989999771118164,15.010000228881836,14.359999656677246,14.463512420654297,325000
2004-02-04,14.550000190734863,14.550000190734863,13.699999809265137,13.70071029663086,540900
2004-02-05,13.84000015258789,14.020000457763672,13.489999771118164,13.661084175109863,302500
2004-02-06,13.770000457763672,14.760000228881836,13.75,14.622014999389648,385500
2004-02-09,14.760000228881836,14.8100004196167,14.329999923706055,14.463512420654297,334500
2004-02-10,14.520000457763672,14.84000015258789,14.430000305175781,14.602202415466309,371300
2004-02-11,14.65999984741211,14.970000267028809,14.600000381469727,14.562576293945312,196200
2004-02-12,14.649999618530273,14.979999542236328,14.239999771118164,14.334726333618164,568700
2004-02-13,14.550000190734863,14.550000190734863,13.949999809265137,13.819588661193848,211800
2004-02-17,14.020000457763672,14.529999732971191,13.949999809265137,14.265380859375,346100
2004-02-18,14.609999656677246,14.859999656677246,14.350000381469727,14.314912796020508,416100
2004-02-19,14.539999961853027,14.65999984741211,14.050000190734863,13.948372840881348,413700
2004-02-20,14.220000267028809,14.369999885559082,14,14.067251205444336,260700
2004-02-23,14.1899995803833,14.449999809265137,13.979999542236328,13.8790283203125,450100
2004-02-24,14.039999961853027,14.329999923706055,13.289999961853027,13.720523834228516,429800
2004-02-25,13.890000343322754,14.600000381469727,13.710000038146973,14.166316032409668,376100
2004-02-26,14.34000015258789,15.350000381469727,14.34000015258789,15.018275260925293,495100
2004-02-27,15.449999809265137,17,13.789999961853027,14.027624130249023,5620700
2004-03-01,14.239999771118164,15.399999618530273,14.119999885559082,14.711175918579102,1025800
2004-03-02,14.899999618530273,15.199999809265137,14.850000381469727,14.839959144592285,619900
2004-03-03,14.899999618530273,15.199999809265137,14.770000457763672,14.859771728515625,335000
2004-03-04,15.09000015258789,15.4399995803833,14.90999984741211,14.99846363067627,414900
2004-03-05,15.149999618530273,16,15.050000190734863,15.830610275268555,494800
2004-03-08,15.970000267028809,16.450000762939453,15.4399995803833,15.295660018920898,709700
2004-03-09,15.460000038146973,16.1299991607666,14.75,14.770613670349121,635900
2004-03-10,14.899999618530273,15.170000076293945,14.369999885559082,14.255474090576172,512700
2004-03-11,14.260000228881836,15,14.119999885559082,14.116783142089844,488500
2004-03-12,14.600000381469727,14.729999542236328,14.329999923706055,14.215847969055176,547900
2004-03-15,14.329999923706055,14.489999771118164,14.020000457763672,13.987998962402344,495700
2004-03-16,14.100000381469727,14.319999694824219,13.65999984741211,13.829495429992676,574900
2004-03-17,14.069999694824219,14.489999771118164,13.869999885559082,14.106876373291016,575100
2004-03-18,14.100000381469727,14.34000015258789,13.420000076293945,13.8790283203125,370800
2004-03-19,14.25,14.270000457763672,13.520000457763672,13.552111625671387,241500
2004-03-22,13.670000076293945,13.770000457763672,13.270000457763672,13.413421630859375,391400
2004-03-23,13.460000038146973,14.039999961853027,13.279999732971191,13.195477485656738,266300
2004-03-24,13.5,13.510000228881836,12.890000343322754,12.819028854370117,493400
2004-03-25,12.930000305175781,13.630000114440918,12.800000190734863,13.373795509338379,584100
2004-03-26,13.670000076293945,13.670000076293945,13.050000190734863,13.14594554901123,145700
2004-03-29,13.34000015258789,14.140000343322754,13.34000015258789,13.670989990234375,399700
2004-03-30,13.800000190734863,13.9399995803833,13.59000015258789,13.789867401123047,172600
2004-03-31,14.0600004196167,14.119999885559082,13.40999984741211,13.453045845031738,397800
2004-04-01,13.550000190734863,13.770000457763672,13.420000076293945,13.403512954711914,433700
2004-04-02,13.789999961853027,14.170000076293945,13.59000015258789,13.779962539672852,551700
2004-04-05,14,14.59000015258789,13.920000076293945,14.404072761535645,236300
2004-04-06,14.479999542236328,14.479999542236328,13.65999984741211,13.740336418151855,359000
2004-04-07,13.75,13.979999542236328,13.359999656677246,13.621458053588867,251900
2004-04-08,14.109999656677246,14.149999618530273,13.470000267028809,13.373795509338379,156900
2004-04-12,13.470000267028809,13.699999809265137,13.300000190734863,13.195477485656738,256000
2004-04-13,13.350000381469727,13.350000381469727,12.569999694824219,12.482209205627441,410300
2004-04-14,12.600000381469727,13.130000114440918,12.510000228881836,12.492115020751953,326100
2004-04-15,12.640000343322754,12.699999809265137,12.100000381469727,12.284078598022461,389100
2004-04-16,12.350000381469727,12.600000381469727,12.289999961853027,12.323705673217773,289600
2004-04-19,12.430000305175781,13,12.430000305175781,12.868561744689941,398100
2004-04-20,12.960000038146973,13.600000381469727,12.710000038146973,12.591180801391602,723400
2004-04-21,12.8100004196167,13.300000190734863,12.710000038146973,12.650620460510254,275600
2004-04-22,12.880000114440918,13.670000076293945,12.75,13.403512954711914,383300
2004-04-23,13.529999732971191,13.760000228881836,13.050000190734863,13.4629545211792,325400
2004-04-26,14.5,15.850000381469727,14.5,15.156968116760254,1517500
2004-04-27,15.210000038146973,15.300000190734863,14.029999732971191,13.928560256958008,762000
2004-04-28,13.949999809265137,14.050000190734863,13.670000076293945,13.621458053588867,5289200
2004-04-29,13.710000038146973,13.729999542236328,12.979999542236328,12.898283958435059,623000
2004-04-30,13.079999923706055,13.079999923706055,12.210000038146973,12.412862777709961,739600
2004-05-03,12.59000015258789,13.710000038146973,12.390000343322754,13.106318473815918,896800
2004-05-04,13.270000457763672,13.630000114440918,12.899999618530273,13.036972999572754,443500
2004-05-05,13.039999961853027,13.550000190734863,13.039999961853027,13.155851364135742,444400
2004-05-06,13.119999885559082,13.199999809265137,12.399999618530273,12.591180801391602,323700
2004-05-07,12.680000305175781,13.369999885559082,12.430000305175781,12.373236656188965,582000
2004-05-10,12.399999618530273,12.699999809265137,11.899999618530273,12.026509284973145,704900
2004-05-11,12.130000114440918,12.850000381469727,12.130000114440918,12.571366310119629,693600
2004-05-12,12.670000076293945,12.819999694824219,12.020000457763672,12.511927604675293,594600
2004-05-13,12.640000343322754,12.989999771118164,12.300000190734863,12.214733123779297,471100
2004-05-14,12.510000228881836,12.59000015258789,11.859999656677246,11.838285446166992,487200
2004-05-17,11.869999885559082,11.949999809265137,10.850000381469727,11.154736518859863,638100
2004-05-18,11.489999771118164,11.65999984741211,11.0600004196167,11.04576301574707,504300
2004-05-19,11.149999618530273,11.649999618530273,10.760000228881836,10.857540130615234,435400
2004-05-20,10.859999656677246,11.449999809265137,10.859999656677246,10.956604957580566,396400
2004-05-21,11.270000457763672,11.449999809265137,10.760000228881836,11.016044616699219,293000
2004-05-24,11.279999732971191,11.579999923706055,11,11.006136894226074,365700
2004-05-25,11.020000457763672,11.630000114440918,11.020000457763672,11.491557121276855,284500
2004-05-26,11.600000381469727,11.75,11.359999656677246,11.640153884887695,792000
2004-05-27,11.699999809265137,12.050000190734863,11.550000190734863,11.66987419128418,486400
2004-05-28,11.630000114440918,11.899999618530273,11.229999542236328,11.125015258789062,330600
2004-06-01,11.25,11.539999961853027,11.229999542236328,11.253802299499512,259100
2004-06-02,11.59000015258789,11.649999618530273,11.149999618530273,11.263707160949707,438700
2004-06-03,11.220000267028809,11.399999618530273,10.859999656677246,10.758474349975586,397100
2004-06-04,10.800000190734863,11.40999984741211,10.779999732971191,11.11510944366455,596300
2004-06-07,11.149999618530273,11.270000457763672,9.619999885559082,9.639039993286133,1190600
2004-06-08,9.890000343322754,10.199999809265137,9.65999984741211,9.837170600891113,879800
2004-06-09,10,10,9.699999809265137,9.718293190002441,579400
2004-06-10,9.989999771118164,10,8.529999732971191,8.569135665893555,1694200
2004-06-14,8.720000267028809,9.260000228881836,8.649999618530273,8.8366117477417,1123900
2004-06-15,9.020000457763672,9.34000015258789,8.949999809265137,9.133806228637695,540300
2004-06-16,9.359999656677246,9.510000228881836,8.90999984741211,9.351749420166016,440500
2004-06-17,9.510000228881836,9.539999961853027,9.220000267028809,9.252686500549316,438700
2004-06-18,9.170000076293945,9.59000015258789,9.109999656677246,9.341843605041504,437900
2004-06-21,9.329999923706055,9.5600004196167,9.260000228881836,9.29231071472168,462500
2004-06-22,9.550000190734863,9.59000015258789,9.3100004196167,9.411189079284668,584900
2004-06-23,9.5,10.010000228881836,9.40999984741211,9.896608352661133,458300
2004-06-24,10.010000228881836,10.239999771118164,9.779999732971191,10.015486717224121,495200
2004-06-25,9.960000038146973,10.220000267028809,9.899999618530273,10.005581855773926,425700
2004-06-28,10.149999618530273,10.420000076293945,9.960000038146973,10.134364128112793,405700
2004-06-29,10.140000343322754,10.479999542236328,10.109999656677246,10.134364128112793,464400
2004-06-30,10.289999961853027,10.949999809265137,10.25,10.431559562683105,346400
2004-07-01,10.609999656677246,10.800000190734863,10.149999618530273,10.065018653869629,262600
2004-07-02,10.09000015258789,10.279999732971191,10.0600004196167,10.025392532348633,118000
2004-07-06,10.0600004196167,10.149999618530273,9.760000228881836,9.668758392333984,216600
2004-07-07,9.760000228881836,10,9.510000228881836,9.421096801757812,253700
2004-07-08,9.470000267028809,9.579999923706055,9.140000343322754,9.054553985595703,318200
2004-07-09,9.140000343322754,9.5,9.109999656677246,9.104086875915527,177400
2004-07-12,9.199999809265137,9.350000381469727,8.920000076293945,8.915863990783691,368600
2004-07-13,9,9.100000381469727,8.880000114440918,8.796984672546387,251300
2004-07-14,8.850000381469727,9.289999961853027,8.649999618530273,8.618667602539062,353000
2004-07-15,8.819999694824219,8.899999618530273,8.6899995803833,8.608760833740234,119500
2004-07-16,8.949999809265137,9.119999885559082,8.210000038146973,8.192688941955566,292900
2004-07-19,8.329999923706055,8.569999694824219,8.020000457763672,8.192688941955566,267200
2004-07-20,8.050000190734863,8.729999542236328,8.050000190734863,8.588948249816895,228500
2004-07-21,8.670000076293945,8.670000076293945,7.920000076293945,7.845959186553955,355700
2004-07-22,7.909999847412109,8.34000015258789,7.75,7.9846510887146,310200
2004-07-23,7.889999866485596,8.130000114440918,7.53000020980835,7.548763751983643,333500
2004-07-26,7.679999828338623,7.900000095367432,7.309999942779541,7.439793586730957,244200
2004-07-27,7.28000020980835,8.199999809265137,7.28000020980835,7.905398845672607,302700
2004-07-28,8.050000190734863,8.3100004196167,7.849999904632568,8.172874450683594,417500
2004-07-29,8.15999984741211,8.4399995803833,8.079999923706055,8.361098289489746,315800
2004-07-30,8.4399995803833,8.65999984741211,8.319999694824219,8.479976654052734,196000
2004-08-02,8.630000114440918,8.630000114440918,7.909999847412109,8.08371639251709,310400
2004-08-03,8.15999984741211,8.319999694824219,8,8.08371639251709,251300
2004-08-04,8.100000381469727,8.100000381469727,7.820000171661377,7.836052894592285,254700
2004-08-05,7.820000171661377,7.909999847412109,7.320000171661377,7.301101207733154,274000
2004-08-06,7.260000228881836,7.289999961853027,6.920000076293945,6.894933700561523,261000
2004-08-09,6.940000057220459,7.110000133514404,6.789999961853027,6.8354949951171875,367100
2004-08-10,6.760000228881836,7.150000095367432,6.760000228881836,7.043531894683838,264300
2004-08-11,7.059999942779541,7.46999979019165,6.760000228881836,7.4001665115356445,287900
2004-08-12,7.480000019073486,7.480000019073486,7.170000076293945,7.11287784576416,121500
2004-08-13,7.159999847412109,7.289999961853027,7.010000228881836,6.984093189239502,134100
2004-08-16,7,7.539999961853027,7,7.410073757171631,287200
2004-08-17,7.539999961853027,7.829999923706055,7.309999942779541,7.24166202545166,449400
2004-08-18,7.460000038146973,8.210000038146973,7.300000190734863,8.093622207641602,559200
2004-08-19,8.210000038146973,8.300000190734863,7.929999828338623,8.113434791564941,215300
2004-08-20,8.239999771118164,8.720000267028809,8.149999618530273,8.598855018615723,166400
2004-08-23,8.699999809265137,8.829999923706055,8.510000228881836,8.460162162780762,375600
2004-08-24,8.479999542236328,8.869999885559082,8.420000076293945,8.559228897094727,194600
2004-08-25,8.609999656677246,9.0600004196167,8.25,8.896049499511719,256500
2004-08-26,9.039999961853027,9.050000190734863,8.760000228881836,8.896049499511719,142900
2004-08-27,8.90999984741211,9.180000305175781,8.75,9.094181060791016,165100
2004-08-30,9.109999656677246,9.140000343322754,8.5600004196167,8.77717113494873,154000
2004-08-31,8.760000228881836,8.970000267028809,8.40999984741211,8.826704025268555,165000
2004-09-01,8.880000114440918,9.550000190734863,8.449999809265137,8.787079811096191,212900
2004-09-02,8.90999984741211,9.359999656677246,8.770000457763672,9.183340072631836,126200
2004-09-03,9.270000457763672,9.390000343322754,8.819999694824219,8.876236915588379,122200
2004-09-07,9.109999656677246,9.260000228881836,8.880000114440918,9.03474235534668,265300
2004-09-08,9.039999961853027,9.140000343322754,8.729999542236328,8.64838695526123,115900
2004-09-09,8.720000267028809,9,8.649999618530273,8.905957221984863,199200
2004-09-10,8.90999984741211,9.270000457763672,8.90999984741211,9.133806228637695,106500
2004-09-13,9.319999694824219,9.460000038146973,9.050000190734863,9.213059425354004,190300
2004-09-14,9.430000305175781,9.430000305175781,8.979999542236328,9.113993644714355,172800
2004-09-15,9.25,9.319999694824219,9,9.03474235534668,105500
2004-09-16,9.119999885559082,9.270000457763672,9.09000015258789,9.094181060791016,126600
2004-09-17,9.3100004196167,9.630000114440918,8.90999984741211,8.915863990783691,247700
2004-09-20,8.949999809265137,9.25,8.899999618530273,9.163525581359863,141600
2004-09-21,9.25,9.319999694824219,8.989999771118164,9.232871055603027,99200
2004-09-22,9.100000381469727,9.4399995803833,8.5600004196167,8.579041481018066,276600
2004-09-23,8.90999984741211,8.930000305175781,8.630000114440918,8.588948249816895,98800
2004-09-24,8.770000457763672,8.890000343322754,8.59000015258789,8.569135665893555,76300
2004-09-27,8.5600004196167,9.050000190734863,8.199999809265137,8.123342514038086,231400
2004-09-28,8.390000343322754,8.989999771118164,8.329999923706055,8.64838695526123,194000
2004-09-29,8.630000114440918,8.899999618530273,8.619999885559082,8.81679630279541,130500
2004-09-30,8.800000190734863,9,8.630000114440918,8.598855018615723,180400
2004-10-01,8.649999618530273,9,8.489999771118164,8.697918891906738,233000
2004-10-04,8.640000343322754,9.25,8.640000343322754,8.915863990783691,242200
2004-10-05,9,9.0600004196167,8.5,8.420538902282715,297700
2004-10-06,8.600000381469727,8.65999984741211,8.40999984741211,8.400724411010742,294900
2004-10-07,8.550000190734863,8.680000305175781,8.229999542236328,8.153060913085938,173700
2004-10-08,8.449999809265137,8.449999809265137,7.860000133514404,7.816239356994629,289300
2004-10-11,8,8.079999923706055,7.900000095367432,7.954931735992432,159700
2004-10-12,7.929999828338623,8.100000381469727,7.800000190734863,7.925211429595947,116600
2004-10-13,8.010000228881836,8.050000190734863,7.659999847412109,7.588390827178955,404200
2004-10-14,7.650000095367432,7.75,7.309999942779541,7.340726852416992,281300
2004-10-15,7.449999809265137,7.570000171661377,7.25,7.35063362121582,421600
2004-10-18,7.579999923706055,8,7.389999866485596,7.647830009460449,357200
2004-10-19,7.610000133514404,7.690000057220459,7.28000020980835,7.231756210327148,259100
2004-10-20,7.150000095367432,7.25,6.889999866485596,6.8850274085998535,748700
2004-10-21,7,7.070000171661377,6.800000190734863,6.8553080558776855,370200
2004-10-22,6.900000095367432,7.059999942779541,6.840000152587891,6.79586935043335,271900
2004-10-25,6.860000133514404,6.949999809265137,6.539999961853027,6.7859625816345215,501300
2004-10-26,6.920000076293945,7.119999885559082,6.800000190734863,7.013812065124512,323800
2004-10-27,6.989999771118164,7.179999828338623,6.900000095367432,7.102971076965332,465300
2004-10-28,7.349999904632568,7.349999904632568,6.980000019073486,7.142597198486328,436300
2004-10-29,7.110000133514404,7.320000171661377,7.059999942779541,7.202036380767822,428400
2004-11-01,7.159999847412109,7.590000152587891,7.159999847412109,7.469511985778809,441400
2004-11-02,7.650000095367432,7.789999961853027,7.510000228881836,7.449699401855469,461900
2004-11-03,7.809999942779541,7.960000038146973,7.46999979019165,7.806333065032959,271100
2004-11-04,7.650000095367432,7.940000057220459,7.519999980926514,7.845959186553955,185000
2004-11-05,7.789999961853027,8.1899995803833,7.789999961853027,7.945026397705078,288800
2004-11-08,8.180000305175781,8.180000305175781,7.849999904632568,7.9846510887146,370500
2004-11-09,8.010000228881836,8.359999656677246,8.010000228881836,8.26203441619873,254900
2004-11-10,8.1899995803833,8.609999656677246,8.1899995803833,8.430444717407227,246700
2004-11-11,8.460000038146973,8.760000228881836,8.350000381469727,8.62857437133789,231500
2004-11-12,8.789999961853027,8.869999885559082,8.220000267028809,8.638481140136719,365100
2004-11-15,8.609999656677246,9,8.609999656677246,8.846518516540527,248900
2004-11-16,8.789999961853027,8.90999984741211,8.5,8.49979019165039,191300
2004-11-17,8.65999984741211,9,8.520000457763672,8.559228897094727,187400
2004-11-18,8.470000267028809,8.739999771118164,8.470000267028809,8.509695053100586,142200
2004-11-19,8.539999961853027,8.649999618530273,8.329999923706055,8.252126693725586,151200
2004-11-22,8.470000267028809,8.770000457763672,8.34000015258789,8.668200492858887,152100
2004-11-23,8.850000381469727,8.899999618530273,8.470000267028809,8.757359504699707,136300
2004-11-24,8.640000343322754,8.930000305175781,8.520000457763672,8.519601821899414,181800
2004-11-26,8.5,8.680000305175781,8.5,8.470070838928223,60000
2004-11-29,8.720000267028809,9.149999618530273,8.550000190734863,8.945582389831543,385600
2004-11-30,9,9.270000457763672,9,9.133806228637695,306900
2004-12-01,9.350000381469727,9.350000381469727,9,8.945582389831543,335400
2004-12-02,8.989999771118164,9.3100004196167,8.970000267028809,9.133806228637695,257300
2004-12-03,9.079999923706055,9.350000381469727,8.979999542236328,8.935677528381348,136900
2004-12-06,8.970000267028809,9.119999885559082,8.819999694824219,8.826704025268555,203000
2004-12-07,8.65999984741211,9.149999618530273,8.600000381469727,8.53941535949707,192700
2004-12-08,8.760000228881836,8.850000381469727,8.539999961853027,8.697918891906738,179400
2004-12-09,8.680000305175781,9,8.579999923706055,8.7078275680542,162000
2004-12-10,8.920000076293945,8.979999542236328,8.649999618530273,8.757359504699707,109600
2004-12-13,8.880000114440918,9.199999809265137,8.779999732971191,8.975301742553711,168700
2004-12-14,9.109999656677246,9.319999694824219,9.0600004196167,9.183340072631836,320300
2004-12-15,9.210000038146973,9.850000381469727,9.119999885559082,9.381470680236816,617500
2004-12-16,9.550000190734863,9.600000381469727,9.180000305175781,9.183340072631836,298700
2004-12-17,9.34000015258789,9.470000267028809,8.949999809265137,8.86633014678955,351200
2004-12-20,8.949999809265137,9.369999885559082,8.949999809265137,9.054553985595703,250900
2004-12-21,9.25,9.40999984741211,8.949999809265137,9.104086875915527,348800
2004-12-22,9.359999656677246,9.380000114440918,9.1899995803833,9.153618812561035,158400
2004-12-23,9.180000305175781,9.420000076293945,9.180000305175781,9.232871055603027,233600
2004-12-27,9.399999618530273,9.4399995803833,8.970000267028809,8.975301742553711,325200
2004-12-28,9.15999984741211,9.390000343322754,9.109999656677246,9.183340072631836,396900
2004-12-29,9.180000305175781,9.399999618530273,9.180000305175781,9.203152656555176,217700
2004-12-30,9.199999809265137,9.399999618530273,9.199999809265137,9.232871055603027,174100
2004-12-31,9.229999542236328,9.390000343322754,9.210000038146973,9.1239013671875,227800
2005-01-03,9.359999656677246,9.359999656677246,8.970000267028809,8.955490112304688,235900
2005-01-04,9.229999542236328,9.229999542236328,8.279999732971191,8.271940231323242,403400
2005-01-05,8.539999961853027,8.65999984741211,8.329999923706055,8.331377983093262,293300
2005-01-06,8.350000381469727,8.5,8.15999984741211,8.222407341003418,222500
2005-01-07,8.180000305175781,8.460000038146973,8.079999923706055,8.073808670043945,166900
2005-01-10,8.520000457763672,8.6899995803833,8.380000114440918,8.39081859588623,294700
2005-01-11,8.180000305175781,8.180000305175781,7.480000019073486,7.4298858642578125,802300
2005-01-12,7.519999980926514,7.730000019073486,7.349999904632568,7.657735824584961,370900
2005-01-13,7.860000133514404,7.889999866485596,7.559999942779541,7.568577766418457,283100
2005-01-14,7.909999847412109,7.909999847412109,7.630000114440918,7.657735824584961,389900
2005-01-18,7.739999771118164,7.869999885559082,7.610000133514404,7.786520481109619,287100
2005-01-19,7.909999847412109,7.909999847412109,7.5,7.449699401855469,376200
2005-01-20,7.5,7.539999961853027,7.300000190734863,7.271381855010986,218200
2005-01-21,7.420000076293945,7.480000019073486,7.110000133514404,7.073252201080322,310400
2005-01-24,7.110000133514404,7.230000019073486,7,6.964280128479004,398200
2005-01-25,7.019999980926514,7.369999885559082,7.019999980926514,7.083158016204834,235800
2005-01-26,7.139999866485596,7.309999942779541,7.139999866485596,7.192130088806152,282100
2005-01-27,7.360000133514404,7.380000114440918,7.059999942779541,7.182223796844482,204600
2005-01-28,7.28000020980835,7.28000020980835,6.980000019073486,6.92465353012085,219100
2005-01-31,7,7.25,6.949999809265137,7.1326904296875,145900
2005-02-01,7.28000020980835,7.28000020980835,7.059999942779541,7.152503967285156,271800
2005-02-02,7.21999979019165,7.349999904632568,7.039999961853027,7.122784614562988,224100
2005-02-03,7.210000038146973,7.260000228881836,6.929999828338623,7.162410259246826,401600
2005-02-04,7.260000228881836,7.510000228881836,7.159999847412109,7.439793586730957,417800
2005-02-07,7.510000228881836,7.510000228881836,7.309999942779541,7.390260219573975,379600
2005-02-08,7.489999771118164,7.489999771118164,7.170000076293945,7.301101207733154,164300
2005-02-09,7.349999904632568,7.380000114440918,6.949999809265137,6.984093189239502,363000
2005-02-10,7.130000114440918,7.300000190734863,6.909999847412109,7.162410259246826,324700
2005-02-11,7.050000190734863,7.300000190734863,6.860000133514404,7.02371883392334,635200
2005-02-14,7.079999923706055,7.099999904632568,6.820000171661377,6.8057756423950195,322100
2005-02-15,6.949999809265137,7.039999961853027,6.809999942779541,6.8354949951171875,243200
2005-02-16,6.829999923706055,6.900000095367432,6.699999809265137,6.7067108154296875,166400
2005-02-17,6.929999828338623,6.989999771118164,6.570000171661377,6.508580684661865,198300
2005-02-18,6.639999866485596,6.639999866485596,6.25,6.330263137817383,738400
2005-02-22,6.599999904632568,6.710000038146973,6.380000114440918,6.399608135223389,567300
2005-02-23,6.380000114440918,6.699999809265137,6.309999942779541,6.340169906616211,217600
2005-02-24,6.460000038146973,6.539999961853027,6.25,6.419421672821045,215900
2005-02-25,6.429999828338623,6.53000020980835,6.329999923706055,6.409514427185059,147600
2005-02-28,6.360000133514404,6.369999885559082,6.110000133514404,6.05288028717041,339600
2005-03-01,6.110000133514404,6.199999809265137,5.820000171661377,5.963721752166748,352100
2005-03-02,6.039999961853027,6.119999885559082,5.949999809265137,5.993441581726074,329400
2005-03-03,6.119999885559082,6.150000095367432,5.949999809265137,5.993441581726074,242600
2005-03-04,6.119999885559082,6.119999885559082,5.880000114440918,5.82503080368042,441500
2005-03-07,5.900000095367432,6.110000133514404,5.889999866485596,5.884470462799072,300300
2005-03-08,5.909999847412109,6,5.679999828338623,5.686339378356934,259700
2005-03-09,5.75,5.989999771118164,5.75,5.716059684753418,407500
2005-03-10,5.809999942779541,5.949999809265137,5.400000095367432,5.389144420623779,394900
2005-03-11,5.409999847412109,5.570000171661377,5.210000038146973,5.181107521057129,265800
2005-03-14,5.489999771118164,6.150000095367432,5.340000152587891,5.914189338684082,673200
2005-03-15,6.050000190734863,6.110000133514404,5.699999809265137,5.656620025634766,545400
2005-03-16,5.75,5.78000020980835,5.309999942779541,5.299985408782959,352200
2005-03-17,5.349999904632568,5.519999980926514,5.300000190734863,5.290078639984131,266700
2005-03-18,5.369999885559082,5.690000057220459,5.25,5.458489894866943,708200
2005-03-21,5.590000152587891,5.619999885559082,5.420000076293945,5.468396186828613,171600
2005-03-22,5.460000038146973,5.559999942779541,5.25,5.399050712585449,206000
2005-03-23,5.449999809265137,5.53000020980835,5.349999904632568,5.458489894866943,113700
2005-03-24,5.570000171661377,5.650000095367432,5.349999904632568,5.319797992706299,433500
2005-03-28,5.400000095367432,5.550000190734863,5.210000038146973,5.181107521057129,278900
2005-03-29,5.230000019073486,5.25,4.75,4.814566135406494,388100
2005-03-30,4.909999847412109,5.050000190734863,4.840000152587891,5.002790927886963,174500
2005-03-31,5.070000171661377,5.110000133514404,4.989999771118164,5.062229156494141,230600
2005-04-01,5.110000133514404,5.360000133514404,4.929999828338623,4.943350791931152,202000
2005-04-04,4.949999809265137,5.079999923706055,4.75,4.834379196166992,249200
2005-04-05,4.929999828338623,4.929999828338623,4.650000095367432,4.606529712677002,281000
2005-04-06,4.630000114440918,4.920000076293945,4.630000114440918,4.63624906539917,427700
2005-04-07,4.690000057220459,4.980000019073486,4.650000095367432,4.824472427368164,487900
2005-04-08,4.909999847412109,4.989999771118164,4.730000019073486,4.725407600402832,150000
2005-04-11,4.769999980926514,5.25,4.690000057220459,4.874005317687988,737900
2005-04-12,4.900000095367432,4.900000095367432,4.610000133514404,4.685781955718994,795100
2005-04-13,4.829999923706055,4.980000019073486,4.71999979019165,4.755126953125,732700
2005-04-14,4.840000152587891,4.940000057220459,4.630000114440918,4.586717128753662,612200
2005-04-15,4.78000020980835,4.900000095367432,4.690000057220459,4.695687770843506,524900
2005-04-18,4.800000190734863,4.949999809265137,4.699999809265137,4.685781955718994,590600
2005-04-19,4.75,4.880000114440918,4.730000019073486,4.755126953125,199600
2005-04-20,4.840000152587891,4.940000057220459,4.739999771118164,4.794753074645996,269800
2005-04-21,4.949999809265137,5.320000171661377,4.889999866485596,5.161294460296631,488900
2005-04-22,5.199999809265137,5.230000019073486,4.989999771118164,4.9730706214904785,390000
2005-04-25,5.090000152587891,5.320000171661377,5.050000190734863,5.200920104980469,294600
2005-04-26,5.300000190734863,5.769999980926514,5.25,5.646712779998779,508400
2005-04-27,5.760000228881836,5.900000095367432,5.5,5.696246147155762,446800
2005-04-28,5.78000020980835,5.900000095367432,5.320000171661377,5.329704761505127,384900
2005-04-29,5.400000095367432,5.690000057220459,5.260000228881836,5.5179290771484375,291900
2005-05-02,5.599999904632568,6.059999942779541,5.599999904632568,6.003348350524902,456400
2005-05-03,6.059999942779541,6.46999979019165,6,6.102412700653076,968800
2005-05-04,6.389999866485596,6.730000019073486,6.210000038146973,6.577925682067871,786300
2005-05-05,6.699999809265137,7.420000076293945,6.639999866485596,7.21194314956665,798400
2005-05-06,7.389999866485596,7.590000152587891,6.480000019073486,6.8354949951171875,951800
2005-05-09,6.900000095367432,7.230000019073486,6.829999923706055,6.825588703155518,455600
2005-05-10,6.869999885559082,7.099999904632568,6.5,6.776055812835693,489600
2005-05-11,6.840000152587891,6.880000114440918,6.510000228881836,6.6571784019470215,424200
2005-05-12,6.599999904632568,6.699999809265137,6.269999980926514,6.2212910652160645,514000
2005-05-13,6.260000228881836,6.389999866485596,5.920000076293945,5.983535289764404,367800
2005-05-16,6,6.110000133514404,5.920000076293945,5.963721752166748,325500
2005-05-17,6.489999771118164,6.579999923706055,6.239999771118164,6.508580684661865,520100
2005-05-18,6.71999979019165,6.760000228881836,6.409999847412109,6.439234256744385,535400
2005-05-19,6.570000171661377,6.570000171661377,6.25,6.260916709899902,337500
2005-05-20,6.349999904632568,6.349999904632568,6.059999942779541,6.161852836608887,270600
2005-05-23,6.230000019073486,6.539999961853027,6.199999809265137,6.449141979217529,523100
2005-05-24,6.619999885559082,6.75,6.449999809265137,6.568018913269043,477100
2005-05-25,6.639999866485596,6.639999866485596,6.320000171661377,6.340169906616211,232800
2005-05-26,6.400000095367432,6.460000038146973,6.329999923706055,6.359982013702393,171900
2005-05-27,6.349999904632568,6.659999847412109,6.349999904632568,6.568018913269043,212500
2005-05-31,6.53000020980835,6.570000171661377,6.210000038146973,6.171758651733398,234200
2005-06-01,6.170000076293945,6.449999809265137,5.909999847412109,6.350075721740723,340300
2005-06-02,6.400000095367432,6.5,6.170000076293945,6.340169906616211,231200
2005-06-03,6.329999923706055,6.420000076293945,6.139999866485596,6.102412700653076,255600
2005-06-06,6.159999847412109,6.369999885559082,6.130000114440918,6.181665420532227,219900
2005-06-07,6.260000228881836,6.5,6.150000095367432,6.191572189331055,241400
2005-06-08,6.309999942779541,6.309999942779541,6.139999866485596,6.0925068855285645,237700
2005-06-09,6.150000095367432,6.340000152587891,6.090000152587891,6.1420392990112305,250200
2005-06-10,6.21999979019165,6.389999866485596,6.199999809265137,6.300543785095215,130000
2005-06-13,6.360000133514404,6.360000133514404,6.150000095367432,6.161852836608887,160300
2005-06-14,6.260000228881836,6.679999828338623,6.210000038146973,6.538300037384033,260500
2005-06-15,6.559999942779541,6.940000057220459,6.510000228881836,6.865214824676514,262800
2005-06-16,6.96999979019165,7.429999828338623,6.960000038146973,7.221848964691162,413300
2005-06-17,7.309999942779541,8,7.309999942779541,7.578484058380127,981400
2005-06-20,7.639999866485596,8.819999694824219,7.599999904632568,8.559228897094727,830300
2005-06-21,8.779999732971191,8.8100004196167,8.4399995803833,8.598855018615723,815400
2005-06-22,8.65999984741211,8.829999923706055,8.510000228881836,8.529507637023926,317100
2005-06-23,8.59000015258789,8.760000228881836,8.430000305175781,8.361098289489746,267800
2005-06-24,8.430000305175781,8.800000190734863,7.929999828338623,8.717733383178711,862800
2005-06-27,8.75,8.84000015258789,8.239999771118164,8.16296672821045,360300
2005-06-28,8.100000381469727,8.75,8.100000381469727,8.668200492858887,540600
2005-06-29,8.739999771118164,8.8100004196167,8.430000305175781,8.559228897094727,201800
2005-06-30,8.680000305175781,8.699999809265137,8.34000015258789,8.311566352844238,242000
2005-07-01,8.399999618530273,8.670000076293945,8.369999885559082,8.53941535949707,315700
2005-07-05,8.600000381469727,9.15999984741211,8.529999732971191,8.955490112304688,506300
2005-07-06,9,9.300000190734863,8.859999656677246,9.024834632873535,286300
2005-07-07,8.800000190734863,9.119999885559082,8.6899995803833,8.896049499511719,204700
2005-07-08,9.020000457763672,9.5,8.90999984741211,9.411189079284668,281400
2005-07-11,9.5,9.779999732971191,9.239999771118164,9.5399751663208,380500
2005-07-12,9.649999618530273,9.75,9.119999885559082,9.173434257507324,311300
2005-07-13,9.25,9.489999771118164,9.079999923706055,9.213059425354004,226300
2005-07-14,9.369999885559082,9.539999961853027,9.300000190734863,9.431002616882324,228900
2005-07-15,9.399999618530273,9.5600004196167,9.260000228881836,9.421096801757812,357700
2005-07-18,9.380000114440918,9.5,9.369999885559082,9.31212329864502,161900
2005-07-19,9.380000114440918,9.5,9.329999923706055,9.40128231048584,193600
2005-07-20,9.449999809265137,10.239999771118164,9.390000343322754,10.124458312988281,422700
2005-07-21,10.079999923706055,10.670000076293945,9.850000381469727,10.173990249633789,340200
2005-07-22,10.229999542236328,10.270000457763672,9.170000076293945,9.837170600891113,577000
2005-07-25,9.930000305175781,9.930000305175781,9.5,9.431002616882324,306900
2005-07-26,9.5,9.850000381469727,9.5,9.678665161132812,137900
2005-07-27,9.770000457763672,9.899999618530273,9.539999961853027,9.460721969604492,204200
2005-07-28,9.550000190734863,9.84000015258789,9.510000228881836,9.658852577209473,131600
2005-07-29,9.75,9.880000114440918,9.609999656677246,9.549880981445312,129600
2005-08-01,9.649999618530273,9.899999618530273,9.529999732971191,9.767822265625,181100
2005-08-02,9.800000190734863,10.170000076293945,9.75,10.074925422668457,606200
2005-08-03,10.15999984741211,10.220000267028809,9.829999923706055,9.85698127746582,183800
2005-08-04,9.899999618530273,10.09000015258789,9.710000038146973,9.658852577209473,225400
2005-08-05,9.699999809265137,9.989999771118164,9.270000457763672,9.322030067443848,320900
2005-08-08,9.399999618530273,9.479999542236328,8.489999771118164,8.489884376525879,756100
2005-08-09,8.550000190734863,8.84000015258789,8.550000190734863,8.598855018615723,237300
2005-08-10,8.699999809265137,8.90999984741211,8.579999923706055,8.826704025268555,272400
2005-08-11,8.930000305175781,9,8.6899995803833,8.73754596710205,149900
2005-08-12,8.779999732971191,8.819999694824219,8.180000305175781,8.331377983093262,299600
2005-08-15,8.40999984741211,8.949999809265137,8.350000381469727,8.806893348693848,336800
2005-08-16,8.920000076293945,8.920000076293945,8.609999656677246,8.53941535949707,208700
2005-08-17,8.550000190734863,8.600000381469727,8.449999809265137,8.39081859588623,166300
2005-08-18,8.550000190734863,8.729999542236328,8.390000343322754,8.321473121643066,151500
2005-08-19,8.390000343322754,8.600000381469727,8.390000343322754,8.371004104614258,79700
2005-08-22,8.40999984741211,8.65999984741211,8.40999984741211,8.53941535949707,131300
2005-08-23,8.609999656677246,8.649999618530273,8.25,8.222407341003418,276000
2005-08-24,8.220000267028809,8.319999694824219,8.130000114440918,8.103529930114746,202300
2005-08-25,8.119999885559082,8.199999809265137,7.929999828338623,7.905398845672607,244200
2005-08-26,7.920000076293945,7.989999771118164,7.449999809265137,7.419979572296143,313300
2005-08-29,7.429999828338623,7.860000133514404,7.360000133514404,7.756800651550293,303900
2005-08-30,7.849999904632568,7.849999904632568,7.449999809265137,7.538858413696289,211400
2005-08-31,7.610000133514404,7.690000057220459,7.400000095367432,7.4001665115356445,197700
2005-09-01,7.480000019073486,7.71999979019165,7.46999979019165,7.568577766418457,187400
2005-09-02,7.610000133514404,8.020000457763672,7.610000133514404,7.707269191741943,254800
2005-09-06,7.869999885559082,8.069999694824219,7.75,7.9747443199157715,422900
2005-09-07,8.119999885559082,8.609999656677246,8.079999923706055,8.311566352844238,431200
2005-09-08,8.479999542236328,8.510000228881836,8.279999732971191,8.41063117980957,204500
2005-09-09,8.430000305175781,8.5,8.279999732971191,8.331377983093262,214400
2005-09-12,8.40999984741211,8.649999618530273,8.300000190734863,8.470070838928223,175200
2005-09-13,8.5,8.579999923706055,8.149999618530273,8.281846046447754,219100
2005-09-14,8.359999656677246,8.359999656677246,7.880000114440918,7.935118198394775,340700
2005-09-15,7.929999828338623,7.949999809265137,7.639999866485596,7.697362422943115,307600
2005-09-16,7.849999904632568,8.770000457763672,7.760000228881836,8.271940231323242,778100
2005-09-19,8.399999618530273,8.569999694824219,8.270000457763672,8.361098289489746,188600
2005-09-20,8.420000076293945,8.729999542236328,8.420000076293945,8.588948249816895,277300
2005-09-21,8.630000114440918,8.680000305175781,8.270000457763672,8.202594757080078,181500
2005-09-22,8.279999732971191,8.390000343322754,8.149999618530273,8.16296672821045,229700
2005-09-23,8.180000305175781,8.489999771118164,8.130000114440918,8.182781219482422,152500
2005-09-26,8.300000190734863,8.920000076293945,8.270000457763672,8.420538902282715,270900
2005-09-27,8.5600004196167,9.720000267028809,8.470000267028809,9.282402992248535,1103600
2005-09-28,9.460000038146973,9.640000343322754,9.210000038146973,9.331937789916992,414700
2005-09-29,9.460000038146973,9.609999656677246,9.25,9.44090747833252,203500
2005-09-30,9.470000267028809,9.6899995803833,9.319999694824219,9.40128231048584,252000
2005-10-03,9.430000305175781,9.84000015258789,9.020000457763672,9.609318733215332,474300
2005-10-04,9.699999809265137,10.449999809265137,9.670000076293945,10.005581855773926,571300
2005-10-05,10.100000381469727,10.239999771118164,9.789999961853027,9.738104820251465,544300
2005-10-06,9.800000190734863,9.819999694824219,9.210000038146973,9.163525581359863,1054600
2005-10-07,9.270000457763672,9.6899995803833,9.220000267028809,9.411189079284668,460200
2005-10-10,9.449999809265137,9.739999771118164,9.260000228881836,9.302218437194824,183400
2005-10-11,9.479999542236328,9.630000114440918,9.210000038146973,9.31212329864502,456200
2005-10-12,9.329999923706055,9.380000114440918,8.6899995803833,8.678107261657715,1263800
2005-10-13,8.6899995803833,9.020000457763672,8.550000190734863,8.8366117477417,466600
2005-10-14,9,9.319999694824219,8.779999732971191,9.143712043762207,220900
2005-10-17,9.149999618530273,9.399999618530273,9.029999732971191,9.222965240478516,307000
2005-10-18,9.350000381469727,9.600000381469727,9.239999771118164,9.341843605041504,241500
2005-10-19,9.390000343322754,9.390000343322754,9.010000228881836,9.213059425354004,401800
2005-10-20,9.210000038146973,9.289999961853027,9.029999732971191,9.044647216796875,158600
2005-10-21,9.130000114440918,9.350000381469727,8.90999984741211,8.915863990783691,421200
2005-10-24,9.350000381469727,11.319999694824219,9.350000381469727,11.10520076751709,1381400
2005-10-25,11.039999961853027,11.479999542236328,10.5,10.907073974609375,963500
2005-10-26,10.960000038146973,11.180000305175781,10.8100004196167,10.837727546691895,461900
2005-10-27,10.829999923706055,11.479999542236328,10.829999923706055,11.293425559997559,427000
2005-10-28,11.399999618530273,12.100000381469727,11.399999618530273,11.858099937438965,532600
2005-10-31,11.970000267028809,12.699999809265137,11.84000015258789,12.393050193786621,554500
2005-11-01,12.510000228881836,12.609999656677246,11.850000381469727,11.897725105285645,410500
2005-11-02,11.949999809265137,12.350000381469727,11.880000114440918,11.996788024902344,418900
2005-11-03,12.180000305175781,13.279999732971191,11.859999656677246,12.85865592956543,524900
2005-11-04,12.979999542236328,13.3100004196167,12.699999809265137,12.87846851348877,259700
2005-11-07,13.010000228881836,13.399999618530273,12.979999542236328,12.967626571655273,194100
2005-11-08,13.050000190734863,13.119999885559082,12.680000305175781,12.60108757019043,218200
2005-11-09,11.449999809265137,11.470000267028809,10.960000038146973,11.362772941589355,1626300
2005-11-10,11.4399995803833,11.449999809265137,11.010000228881836,11.10520076751709,682000
2005-11-11,11.210000038146973,11.210000038146973,10.899999618530273,10.926885604858398,285700
2005-11-14,11.029999732971191,11.210000038146973,10.84000015258789,10.788195610046387,425200
2005-11-15,11.079999923706055,11.239999771118164,10.930000305175781,11.035858154296875,908500
2005-11-16,11.140000343322754,11.199999809265137,11.050000190734863,11.035858154296875,618300
2005-11-17,11.0600004196167,11.300000190734863,10.960000038146973,11.174549102783203,153000
2005-11-18,11.149999618530273,11.449999809265137,10.920000076293945,11.125015258789062,405400
2005-11-21,11.109999656677246,11.479999542236328,11.050000190734863,11.164642333984375,265700
2005-11-22,11.239999771118164,11.470000267028809,11.229999542236328,11.30333423614502,374600
2005-11-23,11.359999656677246,11.449999809265137,11.229999542236328,11.253802299499512,197100
2005-11-25,11.279999732971191,11.350000381469727,11.229999542236328,11.204268455505371,75500
2005-11-28,11.279999732971191,11.279999732971191,10.649999618530273,10.639595985412598,398000
2005-11-29,10.869999885559082,11.039999961853027,10.449999809265137,10.48109245300293,229500
2005-11-30,10.579999923706055,11.210000038146973,10.520000457763672,11.065577507019043,970700
2005-12-01,11.149999618530273,11.25,10.869999885559082,10.80800724029541,286600
2005-12-02,10.829999923706055,10.90999984741211,10.619999885559082,10.69903564453125,250000
2005-12-05,10.800000190734863,10.829999923706055,10.149999618530273,10.362215042114258,618500
2005-12-06,10.550000190734863,10.829999923706055,10.5,10.48109245300293,359900
2005-12-07,10.550000190734863,10.819999694824219,10.40999984741211,10.342400550842285,370600
2005-12-08,10.460000038146973,10.75,10.369999885559082,10.599970817565918,405800
2005-12-09,10.800000190734863,11.779999732971191,10.760000228881836,11.382585525512695,506100
2005-12-12,11.600000381469727,11.739999771118164,11.3100004196167,11.45193099975586,594300
2005-12-13,11.649999618530273,11.75,11.529999732971191,11.54109001159668,198000
2005-12-14,11.619999885559082,12.010000228881836,11.5600004196167,11.54109001159668,180600
2005-12-15,11.640000343322754,12.079999923706055,11.619999885559082,11.887816429138184,366100
2005-12-16,12.039999961853027,12.170000076293945,11.949999809265137,11.84819221496582,473600
2005-12-19,11.9399995803833,11.949999809265137,11.329999923706055,11.333052635192871,235100
2005-12-20,11.390000343322754,11.800000190734863,11.289999961853027,11.511369705200195,232700
2005-12-21,11.670000076293945,12.109999656677246,11.670000076293945,11.986883163452148,254900
2005-12-22,12.100000381469727,12.90999984741211,12.100000381469727,12.739777565002441,499800
2005-12-23,12.84000015258789,13.829999923706055,12.789999961853027,13.631363868713379,673300
2005-12-27,14.9399995803833,16.709999084472656,14.630000114440918,16.434907913208008,2246300
2005-12-28,16.59000015258789,17.3700008392334,15.630000114440918,16.672664642333984,1661000
2005-12-29,16.829999923706055,16.93000030517578,16.299999237060547,16.256589889526367,557900
2005-12-30,16.270000457763672,16.3700008392334,15.770000457763672,15.751358032226562,623800
2006-01-03,15.800000190734863,16.190000534057617,15.40999984741211,15.751358032226562,964600
2006-01-04,16.010000228881836,16.010000228881836,15.510000228881836,15.771171569824219,590400
2006-01-05,15.800000190734863,16.700000762939453,15.779999732971191,16.296218872070312,691600
2006-01-06,16.56999969482422,17.34000015258789,15.9399995803833,16.84107780456543,664600
2006-01-09,16.8799991607666,17.68000030517578,16.670000076293945,16.969860076904297,889000
2006-01-10,16.989999771118164,17.100000381469727,16.149999618530273,16.563692092895508,552600
2006-01-11,16.649999618530273,16.770000457763672,15.960000038146973,16.137714385986328,767500
2006-01-12,16.260000228881836,16.6299991607666,15.699999809265137,15.69191837310791,578400
2006-01-13,15.819999694824219,17.43000030517578,15.819999694824219,15.979207992553711,491100
2006-01-17,15.979999542236328,16.299999237060547,15.8100004196167,15.800890922546387,359400
2006-01-18,15.75,15.819999694824219,15.329999923706055,15.622574806213379,619800
2006-01-19,15.760000228881836,16.600000381469727,15.449999809265137,16.316028594970703,612700
2006-01-20,16.559999465942383,16.559999465942383,15.329999923706055,15.355098724365234,441800
2006-01-23,15.449999809265137,15.649999618530273,14.350000381469727,15.077716827392578,725100
2006-01-24,15.229999542236328,15.229999542236328,14.6899995803833,14.968743324279785,345600
2006-01-25,15.079999923706055,15.460000038146973,15.010000228881836,15.127248764038086,324300
2006-01-26,15.449999809265137,15.630000114440918,15.130000114440918,15.374911308288574,340100
2006-01-27,15.510000228881836,15.899999618530273,15.329999923706055,15.295660018920898,550800
2006-01-30,15.369999885559082,15.65999984741211,15.119999885559082,15.03808879852295,221400
2006-01-31,15.119999885559082,15.399999618530273,15,15.087621688842773,284700
2006-02-01,15.149999618530273,15.920000076293945,15.149999618530273,15.622574806213379,472100
2006-02-02,15.670000076293945,15.979999542236328,15.479999542236328,15.533414840698242,337300
2006-02-03,15.920000076293945,17.020000457763672,15.779999732971191,16.038646697998047,794900
2006-02-06,16.219999313354492,16.239999771118164,15.329999923706055,15.74145221710205,476600
2006-02-07,15.779999732971191,16.219999313354492,15.380000114440918,15.335284233093262,314800
2006-02-08,15.479999542236328,15.699999809265137,15.239999771118164,15.265939712524414,178100
2006-02-09,15.399999618530273,15.850000381469727,15.1899995803833,15.166873931884766,220500
2006-02-10,15.25,15.399999618530273,14.869999885559082,15.186686515808105,219000
2006-02-13,15.229999542236328,15.649999618530273,14.84000015258789,14.849864959716797,432500
2006-02-14,15.079999923706055,15.470000267028809,14.65999984741211,15.166873931884766,193100
2006-02-15,15.239999771118164,15.649999618530273,15.020000457763672,15.43435001373291,183400
2006-02-16,15.609999656677246,15.789999961853027,15.25,15.56313419342041,233100
2006-02-17,15.779999732971191,15.789999961853027,15.039999961853027,14.948930740356445,281100
2006-02-21,15.0600004196167,15.600000381469727,14.819999694824219,15.137155532836914,449600
2006-02-22,15.399999618530273,15.399999618530273,14.979999542236328,14.97865104675293,498500
2006-02-23,15.100000381469727,15.170000076293945,14.9399995803833,14.899398803710938,314100
2006-02-24,15,16.229999542236328,15,15.850422859191895,808800
2006-02-27,16.329999923706055,17.639999389648438,16.25,17.336400985717773,818000
2006-02-28,17.329999923706055,18,16.280000686645508,16.216964721679688,982100
2006-03-01,16.3700008392334,17.030000686645508,16.3700008392334,16.613224029541016,459700
2006-03-02,16.809999465942383,17.34000015258789,16.600000381469727,17.13827133178711,279500
2006-03-03,17.25,17.940000534057617,16.84000015258789,16.989673614501953,442000
2006-03-06,17.170000076293945,18,17.170000076293945,17.831727981567383,745400
2006-03-07,18,18,17.030000686645508,16.99958038330078,384700
2006-03-08,17.010000228881836,17.440000534057617,16.299999237060547,17.118457794189453,324600
2006-03-09,17.280000686645508,17.280000686645508,16.239999771118164,16.14761734008789,414400
2006-03-10,16.219999313354492,17.1200008392334,16,16.543880462646484,488800
2006-03-13,16.850000381469727,17.06999969482422,16.229999542236328,16.14761734008789,408600
2006-03-14,16.299999237060547,17,16.18000030517578,16.751916885375977,242000
2006-03-15,16.850000381469727,16.93000030517578,16.260000228881836,16.474531173706055,387300
2006-03-16,16.639999389648438,17.219999313354492,16.600000381469727,16.81135368347168,339500
2006-03-17,17.100000381469727,17.34000015258789,16.700000762939453,16.613224029541016,495600
2006-03-20,16.770000457763672,17.219999313354492,16.229999542236328,16.335845947265625,296500
2006-03-21,16.270000457763672,16.829999923706055,16.229999542236328,16.11789894104004,284900
2006-03-22,16.280000686645508,17.8799991607666,16.239999771118164,16.751916885375977,371700
2006-03-23,16.950000762939453,17.270000457763672,16.770000457763672,16.91042137145996,210200
2006-03-24,17.110000610351562,17.280000686645508,16.670000076293945,17.039203643798828,275500
2006-03-27,17.229999542236328,17.25,16.350000381469727,16.73210334777832,304900
2006-03-28,16.809999465942383,16.8700008392334,16.170000076293945,16.088180541992188,345600
2006-03-29,16.25,16.639999389648438,16.170000076293945,16.098087310791016,246700
2006-03-30,16.290000915527344,16.68000030517578,16.25,16.375473022460938,307100
2006-03-31,16.59000015258789,16.809999465942383,16.25,16.474531173706055,330600
2006-04-03,16.549999237060547,16.690000534057617,15.859999656677246,15.810797691345215,462800
2006-04-04,15.960000038146973,16.149999618530273,15.6899995803833,15.573040962219238,327600
2006-04-05,15.789999961853027,15.880000114440918,15.5600004196167,15.54332160949707,273400
2006-04-06,15.680000305175781,15.739999771118164,15.119999885559082,15.127248764038086,408400
2006-04-07,15.369999885559082,15.65999984741211,15.100000381469727,15.008369445800781,269500
2006-04-10,15.0600004196167,15.229999542236328,14.369999885559082,14.275287628173828,581200
2006-04-11,14.479999542236328,14.789999961853027,13.829999923706055,13.789867401123047,382400
2006-04-12,13.970000267028809,14.350000381469727,13.760000228881836,13.760150909423828,569900
2006-04-13,13.880000114440918,14.430000305175781,13.770000457763672,14.096970558166504,495200
2006-04-17,14.279999732971191,14.850000381469727,14.210000038146973,14.453605651855469,350600
2006-04-18,14.6899995803833,15.4399995803833,14.569999694824219,14.97865104675293,337800
2006-04-19,15.199999809265137,15.329999923706055,14.8100004196167,15.107434272766113,553200
2006-04-20,15.229999542236328,15.3100004196167,14.680000305175781,14.948930740356445,318700
2006-04-21,15.210000038146973,15.210000038146973,14.729999542236328,14.839959144592285,265400
2006-04-24,15.300000190734863,15.329999923706055,14.420000076293945,14.384260177612305,406600
2006-04-25,14.5600004196167,14.579999923706055,13.850000381469727,13.859213829040527,290800
2006-04-26,14.050000190734863,14.220000267028809,13.600000381469727,13.651177406311035,164900
2006-04-27,13.630000114440918,14.399999618530273,13.579999923706055,14.096970558166504,440200
2006-04-28,14.050000190734863,14.84000015258789,14.050000190734863,14.384260177612305,290400
2006-05-01,14.65999984741211,14.800000190734863,14.199999809265137,14.077157974243164,227400
2006-05-02,14.180000305175781,14.579999923706055,14.149999618530273,14.374354362487793,471800
2006-05-03,14.40999984741211,15.369999885559082,14,15.196593284606934,290300
2006-05-04,15.34000015258789,15.59000015258789,15.09000015258789,15.028182983398438,303000
2006-05-05,15.0600004196167,15.319999694824219,14.880000114440918,15.028182983398438,328200
2006-05-08,15.09000015258789,15.779999732971191,15.079999923706055,15.305564880371094,383700
2006-05-09,15.449999809265137,15.600000381469727,15.1899995803833,15.087621688842773,282800
2006-05-10,15.199999809265137,15.420000076293945,15.050000190734863,15.107434272766113,236500
2006-05-11,15.25,15.279999732971191,14.529999732971191,14.404072761535645,279900
2006-05-12,14.520000457763672,14.5600004196167,13.579999923706055,13.5917387008667,381400
2006-05-15,13.609999656677246,13.819999694824219,12.829999923706055,12.868561744689941,517700
2006-05-16,12.960000038146973,13.5,12.760000228881836,12.700151443481445,566100
2006-05-17,12.789999961853027,12.949999809265137,12.029999732971191,12.214733123779297,564200
2006-05-18,12.350000381469727,12.789999961853027,12,11.907630920410156,360000
2006-05-19,12,12.470000267028809,11.390000343322754,11.877911567687988,765100
2006-05-22,11.949999809265137,12.170000076293945,11.40999984741211,11.788752555847168,470500
2006-05-23,11.979999542236328,12.449999809265137,11.279999732971191,11.313240051269531,525900
2006-05-24,11.489999771118164,11.65999984741211,10.970000267028809,11.4717435836792,541200
2006-05-25,11.739999771118164,12.020000457763672,11.489999771118164,11.887816429138184,453800
2006-05-26,12.09000015258789,12.239999771118164,11.880000114440918,11.976975440979004,314600
2006-05-30,12,12.15999984741211,11.449999809265137,11.45193099975586,401300
2006-05-31,11.539999961853027,12.9399995803833,11.539999961853027,12.819028854370117,585300
2006-06-01,12.930000305175781,13,12.380000114440918,12.72987174987793,398700
2006-06-02,12.979999542236328,13.399999618530273,12.760000228881836,13.076600074768066,275000
2006-06-05,13.069999694824219,13.270000457763672,12.819999694824219,12.799216270446777,410000
2006-06-06,12.979999542236328,13.09000015258789,12.630000114440918,12.85865592956543,288500
2006-06-07,12.979999542236328,13.420000076293945,12.859999656677246,13.046878814697266,266800
2006-06-08,13.039999961853027,13.140000343322754,12.220000267028809,12.908188819885254,435300
2006-06-09,13.100000381469727,13.300000190734863,12.609999656677246,12.591180801391602,240600
2006-06-12,12.640000343322754,12.779999732971191,12.09000015258789,11.976975440979004,237900
2006-06-13,12.140000343322754,12.5,11.789999961853027,11.897725105285645,245200
2006-06-14,12.010000228881836,12.34000015258789,11.8100004196167,12.10576057434082,283100
2006-06-15,12.270000457763672,12.649999618530273,12.15999984741211,12.502020835876465,236700
2006-06-16,12.5600004196167,12.600000381469727,12,12.363330841064453,985300
2006-06-19,12.579999923706055,12.579999923706055,12.220000267028809,12.23454761505127,402800
2006-06-20,12.369999885559082,12.470000267028809,12.25,12.194920539855957,298300
2006-06-21,12.3100004196167,12.550000190734863,12.220000267028809,12.264265060424805,245500
2006-06-22,12.319999694824219,12.4399995803833,12.069999694824219,12.204825401306152,167500
2006-06-23,12.210000038146973,12.470000267028809,12.119999885559082,12.185013771057129,143800
2006-06-26,12.390000343322754,12.5,12.239999771118164,12.343517303466797,249700
2006-06-27,12.479999542236328,12.630000114440918,12.069999694824219,12.066136360168457,361300
2006-06-28,12.289999961853027,12.399999618530273,11.970000267028809,12.155293464660645,372900
2006-06-29,12.40999984741211,13,12.319999694824219,12.779403686523438,345600
2006-06-30,13.020000457763672,13.180000305175781,12.630000114440918,12.700151443481445,1380600
2006-07-03,12.819999694824219,13.25,12.819999694824219,13.096412658691406,251200
2006-07-05,13.020000457763672,13.25,12.569999694824219,12.739777565002441,584700
2006-07-06,12.899999618530273,13.0600004196167,12.600000381469727,12.680339813232422,570400
2006-07-07,12.800000190734863,13.199999809265137,12.5600004196167,12.620899200439453,306800
2006-07-10,12.84000015258789,13.029999732971191,12.65999984741211,12.670432090759277,282600
2006-07-11,12.739999771118164,13.039999961853027,12.600000381469727,12.898283958435059,232000
2006-07-12,12.960000038146973,13.5,12.630000114440918,12.571366310119629,211900
2006-07-13,12.609999656677246,12.739999771118164,12.130000114440918,12.046321868896484,204500
2006-07-14,12.130000114440918,12.199999809265137,11.880000114440918,11.808564186096191,327600
2006-07-17,11.90999984741211,12.100000381469727,11.609999656677246,11.570808410644531,180200
2006-07-18,11.75,11.960000038146973,11.100000381469727,11.125015258789062,306000
2006-07-19,11.199999809265137,12.34000015258789,11.199999809265137,12.175106048583984,367500
2006-07-20,12.270000457763672,12.399999618530273,11.510000228881836,11.4717435836792,226700
2006-07-21,11.5,11.510000228881836,10.880000114440918,11.016044616699219,263600
2006-07-24,11.229999542236328,12.15999984741211,11.229999542236328,11.976975440979004,190400
2006-07-25,12.140000343322754,12.8100004196167,11.979999542236328,12.38314437866211,214100
2006-07-26,12.479999542236328,12.829999923706055,12,12.541646957397461,267100
2006-07-27,12.979999542236328,13.529999732971191,12.699999809265137,13.403512954711914,897300
2006-07-28,13.670000076293945,13.930000305175781,13.3100004196167,13.670989990234375,333300
2006-07-31,13.8100004196167,13.819999694824219,13.449999809265137,13.532299995422363,369300
2006-08-01,13.59000015258789,13.609999656677246,13.010000228881836,13.086505889892578,319500
2006-08-02,13.229999542236328,14,13.229999542236328,13.4629545211792,289800
2006-08-03,13.5,14.25,13.25,13.829495429992676,249800
2006-08-04,14.199999809265137,14.460000038146973,13.789999961853027,13.869119644165039,282400
2006-08-07,13.819999694824219,14.119999885559082,13.619999885559082,13.95827865600586,229600
2006-08-08,14.1899995803833,14.460000038146973,13.90999984741211,14.096970558166504,315600
2006-08-09,14.4399995803833,14.699999809265137,13.949999809265137,14.116783142089844,370900
2006-08-10,14.239999771118164,14.609999656677246,13.890000343322754,13.779962539672852,271600
2006-08-11,13.899999618530273,14,13.479999542236328,13.779962539672852,269500
2006-08-14,14.100000381469727,14.239999771118164,13.75,13.670989990234375,145700
2006-08-15,14.069999694824219,14.489999771118164,13.979999542236328,14.314912796020508,280000
2006-08-16,14.550000190734863,15,14.520000457763672,14.721080780029297,274700
2006-08-17,14.859999656677246,15.210000038146973,14.65999984741211,15.057903289794922,178300
2006-08-18,15.239999771118164,15.420000076293945,14.699999809265137,15.265939712524414,213900
2006-08-21,15.329999923706055,15.380000114440918,14.800000190734863,14.810239791870117,182500
2006-08-22,14.960000038146973,15.100000381469727,14.619999885559082,14.810239791870117,89100
2006-08-23,14.90999984741211,14.989999771118164,14.479999542236328,14.48332405090332,140700
2006-08-24,14.710000038146973,14.920000076293945,14.510000228881836,14.413979530334473,156500
2006-08-25,14.470000267028809,14.930000305175781,14.470000267028809,14.651735305786133,95400
2006-08-28,14.710000038146973,15.100000381469727,14.710000038146973,14.899398803710938,134700
2006-08-29,15.020000457763672,15.670000076293945,15.010000228881836,15.32537841796875,345400
2006-08-30,15.529999732971191,15.949999809265137,15.420000076293945,15.771171569824219,210700
2006-08-31,15.949999809265137,16.190000534057617,15.739999771118164,15.731545448303223,242600
2006-09-01,15.920000076293945,15.920000076293945,15.550000190734863,15.67210578918457,152700
2006-09-05,15.880000114440918,16.479999542236328,15.819999694824219,16.216964721679688,471500
2006-09-06,16.219999313354492,16.280000686645508,15.510000228881836,15.602762222290039,311500
2006-09-07,15.609999656677246,16.049999237060547,15.510000228881836,15.682013511657715,354100
2006-09-08,15.869999885559082,16.020000457763672,15.760000228881836,15.850422859191895,202600
2006-09-11,15.890000343322754,16,15.609999656677246,15.830610275268555,447200
2006-09-12,16,16.479999542236328,15.829999923706055,16.246685028076172,347300
2006-09-13,16.420000076293945,16.639999389648438,16.209999084472656,16.365562438964844,285200
2006-09-14,16.389999389648438,16.719999313354492,16.309999465942383,16.395282745361328,249700
2006-09-15,16.670000076293945,16.75,16.31999969482422,16.59341049194336,1563600
2006-09-18,16.530000686645508,16.75,16.389999389648438,16.454721450805664,183400
2006-09-19,16.56999969482422,16.56999969482422,16.1299991607666,16.266498565673828,428400
2006-09-20,16.610000610351562,16.989999771118164,16.440000534057617,16.771726608276367,313500
2006-09-21,17,17,16.100000381469727,16.04855728149414,280400
2006-09-22,16.100000381469727,16.15999984741211,15.350000381469727,15.374911308288574,252800
2006-09-25,15.510000228881836,15.710000038146973,15.260000228881836,15.374911308288574,214400
2006-09-26,15.5600004196167,15.59000015258789,15.220000267028809,15.196593284606934,241200
2006-09-27,15.380000114440918,16.030000686645508,15.34000015258789,15.880144119262695,573000
2006-09-28,16.040000915527344,16.3700008392334,15.960000038146973,15.909863471984863,299500
2006-09-29,16.020000457763672,16.18000030517578,15.65999984741211,15.54332160949707,242300
2006-10-02,15.569999694824219,16.010000228881836,15.270000457763672,15.523509979248047,261000
2006-10-03,15.5600004196167,16.059999465942383,15.550000190734863,15.493789672851562,551000
2006-10-04,15.65999984741211,16.65999984741211,15.59000015258789,16.335845947265625,677200
2006-10-05,16.440000534057617,17.030000686645508,16.329999923706055,16.563692092895508,432500
2006-10-06,16.729999542236328,16.81999969482422,16.540000915527344,16.583505630493164,261700
2006-10-09,16.639999389648438,16.809999465942383,16.350000381469727,16.613224029541016,168100
2006-10-10,16.690000534057617,16.93000030517578,15.5,16.60331916809082,306900
2006-10-11,16.649999618530273,16.920000076293945,16.479999542236328,16.60331916809082,216100
2006-10-12,16.799999237060547,17.25,16.709999084472656,16.860889434814453,266400
2006-10-13,17.059999465942383,17.610000610351562,16.979999542236328,17.336400985717773,478200
2006-10-16,17.579999923706055,17.920000076293945,17.40999984741211,17.693037033081055,322200
2006-10-17,17.690000534057617,18.09000015258789,17.600000381469727,17.82181739807129,379900
2006-10-18,17.969999313354492,18.1299991607666,17.530000686645508,17.712848663330078,376300
2006-10-19,19.520000457763672,19.579999923706055,18.760000228881836,18.60443687438965,867800
2006-10-20,18.899999618530273,19.6200008392334,18.520000457763672,19.268169403076172,490800
2006-10-23,19.600000381469727,19.68000030517578,19.030000686645508,19.436586380004883,395900
2006-10-24,19.530000686645508,19.56999969482422,19.1299991607666,19.139387130737305,277700
2006-10-25,19.34000015258789,19.5,18.940000534057617,19.070039749145508,278000
2006-10-26,19.420000076293945,19.989999771118164,19.420000076293945,19.763498306274414,292600
2006-10-27,19.809999465942383,19.979999542236328,19.520000457763672,19.47620964050293,249500
2006-10-30,19.5,19.59000015258789,18.860000610351562,19.218637466430664,330500
2006-10-31,19.799999237060547,20.43000030517578,19.799999237060547,19.86256217956543,1048100
2006-11-01,20.200000762939453,20.5,19.790000915527344,19.704057693481445,363300
2006-11-02,19.829999923706055,20.25,19.690000534057617,20.01116371154785,390900
2006-11-03,20.299999237060547,20.889999389648438,20.200000762939453,20.585737228393555,516100
2006-11-06,21.049999237060547,23.5,21,23.002927780151367,1309800
2006-11-07,23.100000381469727,24.75,22.889999389648438,24.01339340209961,1025000
2006-11-08,23.950000762939453,23.989999771118164,22.84000015258789,22.76517105102539,795300
2006-11-09,22.969999313354492,23.420000076293945,21.829999923706055,21.942928314208984,936800
2006-11-10,22.139999389648438,23.81999969482422,21.93000030517578,23.59731674194336,764500
2006-11-13,23.75,24.3799991607666,23.639999389648438,24.05301856994629,460300
2006-11-14,22.81999969482422,23.81999969482422,22.549999237060547,23.042552947998047,1441500
2006-11-15,23.5,23.809999465942383,23.1299991607666,23.349655151367188,554800
2006-11-16,23.75,23.989999771118164,23.559999465942383,23.498252868652344,574000
2006-11-17,23.709999084472656,23.889999389648438,23.149999618530273,23.42890739440918,528200
2006-11-20,23.59000015258789,24.850000381469727,23.56999969482422,23.627037048339844,1467700
2006-11-21,23.959999084472656,23.979999542236328,22.739999771118164,23.191150665283203,743700
2006-11-22,23.360000610351562,23.809999465942383,22.979999542236328,23.131711959838867,404400
2006-11-24,23.1299991607666,23.469999313354492,22.84000015258789,23.02273941040039,98600
2006-11-27,23.15999984741211,23.309999465942383,21.899999618530273,21.79433250427246,1044300
2006-11-28,22.15999984741211,22.399999618530273,21.34000015258789,21.50704002380371,1120200
2006-11-29,21.8700008392334,22.56999969482422,21.450000762939453,21.299007415771484,643000
2006-11-30,21.5,22.049999237060547,21.170000076293945,21.308914184570312,803300
2006-12-01,21.540000915527344,21.68000030517578,20.639999389648438,20.96218490600586,595200
2006-12-04,21.209999084472656,21.829999923706055,21.18000030517578,21.407978057861328,654900
2006-12-05,21.510000228881836,21.799999237060547,21.010000228881836,21.49713706970215,693800
2006-12-06,21.610000610351562,21.860000610351562,21.219999313354492,21.338634490966797,279800
2006-12-07,21.520000457763672,21.889999389648438,21.110000610351562,21.081064224243164,228000
2006-12-08,21.299999237060547,21.940000534057617,20.979999542236328,21.50704002380371,320600
2006-12-11,21.75,21.75,20.760000228881836,20.625364303588867,509200
2006-12-12,20.75,20.950000762939453,20.100000381469727,20.08050537109375,618700
2006-12-13,20.40999984741211,20.59000015258789,19.889999389648438,19.86256217956543,467200
2006-12-14,20.100000381469727,20.59000015258789,20.100000381469727,20.050785064697266,473400
2006-12-15,20.270000457763672,20.40999984741211,19.760000228881836,20.001251220703125,1286500
2006-12-18,20.25,20.600000381469727,20.030000686645508,19.872467041015625,546000
2006-12-19,19.889999389648438,20.239999771118164,19.84000015258789,19.872467041015625,516800
2006-12-20,20.06999969482422,20.489999771118164,20.010000228881836,20.229101181030273,390500
2006-12-21,20.389999389648438,20.809999465942383,20.299999237060547,20.347980499267578,630300
2006-12-22,20.520000457763672,20.690000534057617,20.049999237060547,20.090410232543945,211500
2006-12-26,20.239999771118164,20.34000015258789,19.790000915527344,19.961626052856445,213100
2006-12-27,20.260000228881836,20.729999542236328,20.260000228881836,20.318260192871094,233500
2006-12-28,20.520000457763672,20.709999084472656,19.809999465942383,19.86256217956543,315800
2006-12-29,20.079999923706055,20.170000076293945,19.90999984741211,19.882375717163086,282900
2007-01-03,19.93000030517578,20.139999389648438,19.229999542236328,19.624805450439453,544500
2007-01-04,19.739999771118164,20.530000686645508,19.459999084472656,19.99134635925293,642900
2007-01-05,20.06999969482422,20.81999969482422,19.989999771118164,20.60555076599121,694600
2007-01-08,20.850000381469727,21.450000762939453,20.780000686645508,20.952280044555664,681200
2007-01-09,21.239999771118164,21.459999084472656,20.719999313354492,21.07115936279297,396200
2007-01-10,21.239999771118164,21.940000534057617,20.8700008392334,21.71508026123047,586500
2007-01-11,21.950000762939453,22.739999771118164,21.899999618530273,22.339191436767578,735700
2007-01-12,22.540000915527344,22.84000015258789,22.440000534057617,22.527414321899414,352800
2007-01-16,22.700000762939453,22.739999771118164,22.489999771118164,22.339191436767578,484900
2007-01-17,22.579999923706055,22.68000030517578,22.270000457763672,22.299564361572266,283700
2007-01-18,22.440000534057617,22.479999542236328,21.8799991607666,21.67545509338379,358600
2007-01-19,21.8700008392334,22,21.579999923706055,21.566482543945312,299000
2007-01-22,21.799999237060547,21.93000030517578,21.510000228881836,21.49713706970215,304700
2007-01-23,21.649999618530273,21.700000762939453,20.780000686645508,20.65508460998535,445400
2007-01-24,20.90999984741211,21.280000686645508,20.860000610351562,20.843311309814453,410800
2007-01-25,21.09000015258789,21.1299991607666,19.90999984741211,19.882375717163086,599100
2007-01-26,19.940000534057617,20.280000686645508,19.760000228881836,19.73377799987793,517300
2007-01-29,19.809999465942383,20.15999984741211,19.56999969482422,19.654525756835938,592700
2007-01-30,19.950000762939453,20.610000610351562,19.950000762939453,20.39751434326172,336300
2007-01-31,20.579999923706055,20.579999923706055,19.5,19.704057693481445,730900
2007-02-01,19.790000915527344,20.489999771118164,19.790000915527344,20.08050537109375,392900
2007-02-02,20.280000686645508,20.649999618530273,20.139999389648438,19.99134635925293,268600
2007-02-05,20.149999618530273,20.3700008392334,19.06999969482422,19.278079986572266,1051900
2007-02-06,19.559999465942383,19.600000381469727,18.969999313354492,18.86200523376465,1142100
2007-02-07,19.100000381469727,19.920000076293945,19.059999465942383,19.50592803955078,546100
2007-02-08,19.65999984741211,20.06999969482422,19.56999969482422,19.654525756835938,598100
2007-02-09,19.809999465942383,20.290000915527344,19.600000381469727,19.704057693481445,446400
2007-02-12,19.899999618530273,20.31999969482422,19.600000381469727,20.08050537109375,565400
2007-02-13,20.360000610351562,21.68000030517578,20.360000610351562,21.45751190185547,1443000
2007-02-14,21.65999984741211,22.420000076293945,21.350000381469727,21.66554832458496,851800
2007-02-15,22.110000610351562,22.350000381469727,21.540000915527344,21.853771209716797,805200
2007-02-16,22.059999465942383,22.100000381469727,21.510000228881836,21.79433250427246,415000
2007-02-20,21.959999084472656,22.739999771118164,21.450000762939453,22.428348541259766,569800
2007-02-21,22.6200008392334,22.65999984741211,22.260000228881836,22.279752731323242,423700
2007-02-22,22.40999984741211,22.81999969482422,21.770000457763672,21.982555389404297,403200
2007-02-23,22.09000015258789,22.09000015258789,21.360000610351562,21.3980712890625,479600
2007-02-26,21.5,21.6200008392334,21.059999465942383,20.981998443603516,344800
2007-02-27,21.09000015258789,21.110000610351562,19.850000381469727,19.73377799987793,669200
2007-02-28,20,20.350000381469727,19.65999984741211,19.654525756835938,627800
2007-03-01,19.360000610351562,19.899999618530273,18.889999389648438,19.040319442749023,596300
2007-03-02,18.90999984741211,19.549999237060547,18.670000076293945,18.505373001098633,761500
2007-03-05,18.5,19.049999237060547,17.8700008392334,18.58462142944336,1546600
2007-03-06,18.979999542236328,19.40999984741211,18.6200008392334,18.88181495666504,590400
2007-03-07,19.100000381469727,19.25,18.6299991607666,18.465742111206055,784800
2007-03-08,18.760000228881836,19.559999465942383,18.709999084472656,19.099761962890625,779200
2007-03-09,19.40999984741211,19.43000030517578,18.829999923706055,18.842193603515625,323700
2007-03-12,18.8700008392334,19.209999084472656,18.850000381469727,18.86200523376465,350700
2007-03-13,18.93000030517578,18.950000762939453,18.360000610351562,18.208173751831055,619900
2007-03-14,18.299999237060547,18.6299991607666,17.959999084472656,18.336957931518555,586900
2007-03-15,18.510000228881836,18.809999465942383,18.270000457763672,18.396398544311523,355800
2007-03-16,18.540000915527344,18.829999923706055,18.309999465942383,18.198270797729492,1059500
2007-03-19,18.5,18.93000030517578,18.329999923706055,18.43602180480957,365600
2007-03-20,18.56999969482422,19.049999237060547,18.530000686645508,18.86200523376465,268300
2007-03-21,19.059999465942383,19.540000915527344,18.75,19.218637466430664,350100
2007-03-22,19.540000915527344,19.81999969482422,19.260000228881836,19.307796478271484,369400
2007-03-23,19.43000030517578,19.709999084472656,19.149999618530273,19.258264541625977,321500
2007-03-26,19.399999618530273,19.399999618530273,18.829999923706055,18.970975875854492,283400
2007-03-27,22.399999618530273,22.649999618530273,20.790000915527344,21.79433250427246,3075800
2007-03-28,21.700000762939453,22.030000686645508,21.440000534057617,21.338634490966797,590400
2007-03-29,21.670000076293945,21.860000610351562,20.809999465942383,21.051342010498047,461600
2007-03-30,21.31999969482422,21.790000915527344,21.200000762939453,21.417888641357422,640200
2007-04-02,21.6200008392334,22.079999923706055,21.520000457763672,21.705175399780273,603000
2007-04-03,21.979999542236328,22.770000457763672,21.809999465942383,22.279752731323242,749100
2007-04-04,22.59000015258789,22.860000610351562,22.15999984741211,22.626480102539062,491400
2007-04-05,22.799999237060547,23.549999237060547,22.68000030517578,23.141616821289062,720400
2007-04-09,23.489999771118164,24.110000610351562,23.260000228881836,23.736007690429688,612600
2007-04-10,23.969999313354492,24,23.549999237060547,23.359561920166016,437600
2007-04-11,23.639999389648438,23.739999771118164,23.149999618530273,23.220870971679688,416900
2007-04-12,23.440000534057617,24.219999313354492,23.299999237060547,23.973766326904297,484100
2007-04-13,24.239999771118164,25.1200008392334,24.079999923706055,24.8059139251709,1090300
2007-04-16,25,25.010000228881836,24.170000076293945,24.36012077331543,762000
2007-04-17,24.700000762939453,24.700000762939453,24.09000015258789,24.161989212036133,538700
2007-04-18,24.219999313354492,24.399999618530273,23.790000915527344,23.87470245361328,384300
2007-04-19,24.010000228881836,24.649999618530273,23.450000762939453,24.21152114868164,744400
2007-04-20,24.709999084472656,27.5,24.68000030517578,25.657875061035156,2670000
2007-04-23,25.75,26.40999984741211,25.34000015258789,25.74703025817871,1034600
2007-04-24,25.950000762939453,26.700000762939453,25.5,26.420673370361328,827400
2007-04-25,26.649999618530273,27.530000686645508,26.149999618530273,27.104223251342773,941000
2007-04-26,27.329999923706055,28.719999313354492,26.920000076293945,28.154315948486328,965600
2007-04-27,28.59000015258789,28.610000610351562,27.579999923706055,27.322168350219727,878000
2007-04-30,27.540000915527344,27.950000762939453,27.139999389648438,26.945720672607422,797700
2007-05-01,27.139999389648438,27.850000381469727,26.329999923706055,27.500484466552734,643100
2007-05-02,27.920000076293945,28.709999084472656,27.860000610351562,28.332632064819336,1077000
2007-05-03,28.43000030517578,28.739999771118164,28.010000228881836,28.08496856689453,902700
2007-05-04,28.549999237060547,28.700000762939453,28.190000534057617,28.263290405273438,746300
2007-05-07,28.450000762939453,28.59000015258789,28.06999969482422,27.896745681762695,496200
2007-05-08,27.959999084472656,28.209999084472656,27.360000610351562,27.44104766845703,958500
2007-05-09,27.5,27.719999313354492,26.729999542236328,26.757495880126953,1047400
2007-05-10,26.950000762939453,27.079999923706055,26.290000915527344,26.182918548583984,751600
2007-05-11,26.540000915527344,28.459999084472656,26.43000030517578,28.08496856689453,986800
2007-05-14,28.239999771118164,28.639999389648438,27.280000686645508,27.143850326538086,709800
2007-05-15,27.31999969482422,27.860000610351562,26.700000762939453,26.490018844604492,527200
2007-05-16,26.84000015258789,26.850000381469727,25.420000076293945,25.489459991455078,1490700
2007-05-17,25.729999542236328,25.81999969482422,23.329999923706055,23.844982147216797,3664800
2007-05-18,24.15999984741211,24.93000030517578,23.75,24.637502670288086,1169800
2007-05-21,24.799999237060547,25.229999542236328,24.510000228881836,24.46909523010254,524200
2007-05-22,24.6200008392334,24.690000534057617,24.09000015258789,24.082735061645508,788600
2007-05-23,24.389999389648438,24.899999618530273,23.979999542236328,24.181804656982422,840600
2007-05-24,24.329999923706055,24.329999923706055,23.09000015258789,23.08218002319336,760200
2007-05-25,23.31999969482422,23.34000015258789,22.850000381469727,22.77507781982422,975300
2007-05-29,22.84000015258789,23.239999771118164,22.809999465942383,22.8147029876709,1153900
2007-05-30,22.90999984741211,23.059999465942383,22.420000076293945,22.8147029876709,904200
2007-05-31,23.170000076293945,23.229999542236328,21.8799991607666,22.2302188873291,1254700
2007-06-01,22.450000762939453,23.5,22.260000228881836,22.77507781982422,1498600
2007-06-04,21.90999984741211,22,20.170000076293945,20.12013053894043,3849000
2007-06-05,20.18000030517578,20.239999771118164,19.610000610351562,19.753591537475586,1728700
2007-06-06,19.989999771118164,19.989999771118164,19.030000686645508,18.93134880065918,1915100
2007-06-07,19,19,18,18.04966926574707,2148800
2007-06-08,18.149999618530273,18.8799991607666,18.149999618530273,18.465742111206055,1003300
2007-06-11,18.559999465942383,18.799999237060547,18.200000762939453,18.09920310974121,994700
2007-06-12,18.1299991607666,18.260000228881836,17.799999237060547,17.782194137573242,1009700
2007-06-13,17.93000030517578,18.3799991607666,17.809999465942383,18.079389572143555,1235300
2007-06-14,18.209999084472656,18.530000686645508,17.989999771118164,17.851539611816406,1222300
2007-06-15,18.290000915527344,18.8700008392334,18.1200008392334,18.634153366088867,1340000
2007-06-18,18.81999969482422,18.8799991607666,18.139999389648438,18.079389572143555,642200
2007-06-19,18.239999771118164,19.290000915527344,18.200000762939453,18.822378158569336,1564100
2007-06-20,19.06999969482422,19.139999389648438,18.200000762939453,18.08929443359375,1232600
2007-06-21,18.239999771118164,18.459999084472656,18.209999084472656,18.14873504638672,573500
2007-06-22,18.25,18.3700008392334,17.90999984741211,17.76238250732422,1690900
2007-06-25,17.899999618530273,18.09000015258789,17.670000076293945,17.722755432128906,1213200
2007-06-26,18,18.149999618530273,17.600000381469727,17.514719009399414,1378100
2007-06-27,17.75,18.18000030517578,17.549999237060547,17.881258010864258,953500
2007-06-28,18.030000686645508,18.200000762939453,17.860000610351562,17.782194137573242,496700
2007-06-29,18.100000381469727,18.149999618530273,17.760000228881836,17.752473831176758,730500
2007-07-02,18.040000915527344,18.190000534057617,17.889999389648438,17.950603485107422,627600
2007-07-03,18.1200008392334,18.18000030517578,17.850000381469727,17.851539611816406,393600
2007-07-05,18.010000228881836,18.15999984741211,17.899999618530273,17.9307918548584,509300
2007-07-06,18.040000915527344,18.299999237060547,17.969999313354492,17.9307918548584,540600
2007-07-09,18.1200008392334,18.1200008392334,17.90999984741211,17.841632843017578,640900
2007-07-10,17.90999984741211,18.270000457763672,17.889999389648438,17.811914443969727,556200
2007-07-11,17.93000030517578,18.18000030517578,17.700000762939453,17.63359260559082,696600
2007-07-12,17.93000030517578,18.170000076293945,17.719999313354492,17.980323791503906,646600
2007-07-13,18.1200008392334,18.690000534057617,18.020000457763672,18.27752113342285,614100
2007-07-16,18.389999389648438,18.40999984741211,17.3700008392334,17.3463077545166,1261600
2007-07-17,17.540000915527344,17.84000015258789,17.469999313354492,17.366121292114258,510300
2007-07-18,17.399999618530273,17.65999984741211,17.030000686645508,17.425561904907227,567600
2007-07-19,17.649999618530273,17.90999984741211,17.5,17.593969345092773,413000
2007-07-20,17.68000030517578,17.84000015258789,17.020000457763672,16.99958038330078,443100
2007-07-23,17.200000762939453,17.510000228881836,17,17.267059326171875,365600
2007-07-24,17.1200008392334,17.299999237060547,16.360000610351562,16.266498565673828,585400
2007-07-25,16.559999465942383,16.770000457763672,16,16.355655670166016,685000
2007-07-26,16.200000762939453,16.450000762939453,15.489999771118164,15.87023639678955,860400
2007-07-27,15.859999656677246,16.059999465942383,15.380000114440918,15.236220359802246,611200
2007-07-30,15.380000114440918,15.539999961853027,15,15.236220359802246,867900
2007-07-31,15.4399995803833,15.489999771118164,14.869999885559082,14.750800132751465,830200
2007-08-01,14.8100004196167,15.050000190734863,13.770000457763672,14.027624130249023,2041200
2007-08-02,14.180000305175781,14.359999656677246,13.550000190734863,13.532299995422363,2157100
2007-08-03,13.699999809265137,14.890000343322754,13.699999809265137,13.888935089111328,2196600
2007-08-06,14.149999618530273,15.119999885559082,13.819999694824219,14.919210433959961,1401400
2007-08-07,14.9399995803833,17.1200008392334,14.850000381469727,16.940141677856445,1974100
2007-08-08,17.229999542236328,19,17.200000762939453,18.23789405822754,2004200
2007-08-09,18.3700008392334,18.399999618530273,16.850000381469727,16.81135368347168,1502600
2007-08-10,16.799999237060547,16.799999237060547,15.359999656677246,16.07827377319336,1693600
2007-08-13,16.420000076293945,16.709999084472656,15.899999618530273,15.949488639831543,606300
2007-08-14,16.229999542236328,17.010000228881836,16.18000030517578,16.52406883239746,689500
2007-08-15,16.760000228881836,17.219999313354492,16.18000030517578,16.0683650970459,558800
2007-08-16,16.049999237060547,17.6299991607666,15.789999961853027,17.07883071899414,1145300
2007-08-17,17.68000030517578,18.889999389648438,17.440000534057617,18.15864372253418,1170700
2007-08-20,18.399999618530273,18.5,17.510000228881836,17.891164779663086,578100
2007-08-21,17.93000030517578,18.43000030517578,17.729999542236328,18.22798728942871,415600
2007-08-22,18.43000030517578,18.959999084472656,18.229999542236328,18.27752113342285,444800
2007-08-23,18.700000762939453,18.979999542236328,18.110000610351562,18.04966926574707,641400
2007-08-24,18.190000534057617,18.540000915527344,18.010000228881836,18.366680145263672,334300
2007-08-27,18.450000762939453,18.610000610351562,18.1299991607666,18.386493682861328,508200
2007-08-28,18.3700008392334,18.799999237060547,18.079999923706055,17.920886993408203,512000
2007-08-29,18.229999542236328,19.209999084472656,18.079999923706055,18.98088264465332,556600
2007-08-30,18.93000030517578,19.719999313354492,18.6200008392334,18.762941360473633,685000
2007-08-31,19.290000915527344,19.75,18.979999542236328,19.278079986572266,654100
2007-09-04,19.450000762939453,20.6200008392334,19.239999771118164,20.209293365478516,756900
2007-09-05,20.25,21.3799991607666,20.100000381469727,20.496578216552734,1161900
2007-09-06,20.799999237060547,21.780000686645508,20.670000076293945,21.07115936279297,1192100
2007-09-07,20.989999771118164,21.5,20.299999237060547,21.051342010498047,969900
2007-09-10,21.299999237060547,21.579999923706055,20.170000076293945,20.476768493652344,626600
2007-09-11,20.829999923706055,21.100000381469727,20.450000762939453,20.407421112060547,976100
2007-09-12,20.530000686645508,20.739999771118164,20.1299991607666,19.971532821655273,649400
2007-09-13,20.299999237060547,20.3700008392334,19.829999923706055,19.71396255493164,560700
2007-09-14,19.780000686645508,20.399999618530273,19.65999984741211,19.951719284057617,504100
2007-09-17,20.15999984741211,20.18000030517578,18.600000381469727,18.465742111206055,1211900
2007-09-18,18.739999771118164,18.969999313354492,18.139999389648438,18.54499626159668,1062600
2007-09-19,18.899999618530273,19.34000015258789,18.84000015258789,18.86200523376465,697900
2007-09-20,19,19.100000381469727,18.450000762939453,18.43602180480957,370500
2007-09-21,18.780000686645508,19.010000228881836,18.260000228881836,18.713401794433594,873200
2007-09-24,18.959999084472656,19.010000228881836,18.34000015258789,18.465742111206055,359500
2007-09-25,18.469999313354492,19.100000381469727,18.219999313354492,18.554899215698242,331100
2007-09-26,18.889999389648438,19.030000686645508,18.40999984741211,18.317148208618164,315600
2007-09-27,18.540000915527344,18.56999969482422,17.940000534057617,17.792098999023438,393600
2007-09-28,17.950000762939453,18.5,17.65999984741211,17.63359260559082,519500
2007-10-01,18.040000915527344,18.889999389648438,18.020000457763672,18.297332763671875,711100
2007-10-02,18.459999084472656,18.860000610351562,18.1299991607666,18.23789405822754,574100
2007-10-03,18.239999771118164,18.690000534057617,17.770000457763672,17.683130264282227,463600
2007-10-04,18.030000686645508,18.299999237060547,17.860000610351562,18.05957794189453,717600
2007-10-05,18.399999618530273,18.399999618530273,17.850000381469727,17.82181739807129,592200
2007-10-08,17.920000076293945,18.049999237060547,17.719999313354492,17.8020076751709,474000
2007-10-09,18,18,17.18000030517578,17.3463077545166,678200
2007-10-10,17.600000381469727,18.540000915527344,17.43000030517578,18.327051162719727,753200
2007-10-11,18.6299991607666,19.940000534057617,18.530000686645508,18.634153366088867,1136700
2007-10-12,18.790000915527344,19.729999542236328,18.770000457763672,19.268169403076172,389600
2007-10-15,19.559999465942383,20.93000030517578,19.549999237060547,20.486675262451172,1087800
2007-10-16,20.559999465942383,20.639999389648438,19.68000030517578,19.515832901000977,526700
2007-10-17,19.780000686645508,21.100000381469727,19.700000762939453,20.773962020874023,977200
2007-10-18,20.760000228881836,21.15999984741211,20.280000686645508,20.447044372558594,550800
2007-10-19,20.6299991607666,21,20.139999389648438,20.13994598388672,533800
2007-10-22,20.079999923706055,21.040000915527344,19.809999465942383,20.694705963134766,623600
2007-10-23,20.899999618530273,22.139999389648438,20.549999237060547,21.596202850341797,887400
2007-10-24,21.59000015258789,22.760000228881836,21.200000762939453,21.695266723632812,1165100
2007-10-25,21.93000030517578,22.399999618530273,21.540000915527344,21.744800567626953,486200
2007-10-26,22.209999084472656,22.600000381469727,21.989999771118164,22.349098205566406,732500
2007-10-29,22.59000015258789,22.75,21.81999969482422,22.002370834350586,416400
2007-10-30,22.059999465942383,22.3799991607666,21.799999237060547,21.92311668395996,321300
2007-10-31,22.229999542236328,22.309999465942383,21.110000610351562,21.79433250427246,555200
2007-11-01,21.75,21.75,20.1200008392334,19.971532821655273,719900
2007-11-02,20.329999923706055,21.549999237060547,20,20.803680419921875,1131000
2007-11-05,20.600000381469727,20.8700008392334,19.75,20.090410232543945,526300
2007-11-06,20.440000534057617,20.440000534057617,19.31999969482422,19.496021270751953,587100
2007-11-07,19.299999237060547,19.690000534057617,18.65999984741211,18.67378044128418,761700
2007-11-08,18.950000762939453,19.639999389648438,18.31999969482422,18.67378044128418,720100
2007-11-09,18.56999969482422,18.739999771118164,17.90999984741211,18.12891960144043,652600
2007-11-12,18.31999969482422,19.139999389648438,18.299999237060547,18.376585006713867,397800
2007-11-13,18.760000228881836,19.110000610351562,18.389999389648438,18.822378158569336,408500
2007-11-14,19.079999923706055,19.329999923706055,18.6200008392334,18.832284927368164,284400
2007-11-15,18.8799991607666,19.350000381469727,18.350000381469727,18.396398544311523,392900
2007-11-16,18.6200008392334,18.989999771118164,17.709999084472656,18.386493682861328,737300
2007-11-19,18.31999969482422,18.559999465942383,17.950000762939453,17.9307918548584,306800
2007-11-20,18.059999465942383,18.459999084472656,17.020000457763672,17.50480842590332,446200
2007-11-21,17.219999313354492,18.299999237060547,17.219999313354492,17.712848663330078,511100
2007-11-23,18.049999237060547,18.68000030517578,17.809999465942383,18.168548583984375,175600
2007-11-26,18.329999923706055,18.489999771118164,17.079999923706055,16.979768753051758,483900
2007-11-27,17.15999984741211,17.209999084472656,16.770000457763672,16.83116912841797,933600
2007-11-28,17.149999618530273,17.459999084472656,16.969999313354492,16.989673614501953,653700
2007-11-29,23.110000610351562,23.75,20.899999618530273,20.91265296936035,3872600
2007-11-30,21.540000915527344,22.139999389648438,21.200000762939453,21.576391220092773,1510000
2007-12-03,22.299999237060547,22.850000381469727,21.969999313354492,22.408536911010742,1306700
2007-12-04,22.459999084472656,22.760000228881836,22.049999237060547,22.051902770996094,950200
2007-12-05,22.579999923706055,23.100000381469727,22.520000457763672,22.864238739013672,845700
2007-12-06,23.010000228881836,24.559999465942383,22.93000030517578,24.152080535888672,976200
2007-12-07,24.5,24.5,23.709999084472656,23.775632858276367,489400
2007-12-10,24.010000228881836,24.489999771118164,23.770000457763672,24.17189598083496,517200
2007-12-11,24.5,24.68000030517578,23.489999771118164,23.379375457763672,713800
2007-12-12,24.1200008392334,24.610000610351562,23.030000686645508,23.438814163208008,774700
2007-12-13,23.40999984741211,23.850000381469727,22.770000457763672,22.77507781982422,539400
2007-12-14,22.790000915527344,23.200000762939453,22.1200008392334,21.992464065551758,483700
2007-12-17,22.139999389648438,22.479999542236328,21.360000610351562,21.160314559936523,390400
2007-12-18,21.56999969482422,22.350000381469727,21.360000610351562,22.101430892944336,631500
2007-12-19,22.350000381469727,22.489999771118164,22.040000915527344,22.032089233398438,395800
2007-12-20,22.469999313354492,22.959999084472656,21.600000381469727,22.745357513427734,407600
2007-12-21,23.31999969482422,24.139999389648438,22.84000015258789,23.765727996826172,1341300
2007-12-24,24.1200008392334,24.329999923706055,23.84000015258789,24.062923431396484,230600
2007-12-26,24.06999969482422,24.8799991607666,23.770000457763672,24.419559478759766,399100
2007-12-27,24.5,24.899999618530273,24.1200008392334,23.894514083862305,293700
2007-12-28,24.34000015258789,24.719999313354492,24.139999389648438,24.201616287231445,430800
2007-12-31,24.260000228881836,24.65999984741211,24.030000686645508,23.924230575561523,588500
2008-01-02,24.020000457763672,24.399999618530273,23.280000686645508,23.33974838256836,575300
2008-01-03,23.68000030517578,24.139999389648438,23.260000228881836,23.30012321472168,478300
2008-01-04,23.239999771118164,23.299999237060547,22.3700008392334,22.279752731323242,603500
2008-01-07,22.709999084472656,23.280000686645508,22.239999771118164,23.032644271850586,591900
2008-01-08,23.200000762939453,23.75,22.770000457763672,22.824613571166992,519800
2008-01-09,22.940000534057617,24.010000228881836,22.81999969482422,23.785545349121094,580100
2008-01-10,23.690000534057617,24.860000610351562,23.540000915527344,24.518625259399414,781200
2008-01-11,24.510000228881836,24.729999542236328,23.719999313354492,24.062923431396484,435300
2008-01-14,24.5,24.68000030517578,24,24.31058692932129,399600
2008-01-15,24.149999618530273,24.610000610351562,23.559999465942383,23.924230575561523,534200
2008-01-16,24.139999389648438,24.700000762939453,23.6299991607666,24.201616287231445,747400
2008-01-17,24.459999084472656,25,23.549999237060547,24.102550506591797,876700
2008-01-18,24.31999969482422,24.920000076293945,23.8700008392334,24.370027542114258,884500
2008-01-22,24,25.25,23.010000228881836,24.538436889648438,1170600
2008-01-23,23.8799991607666,23.899999618530273,21.15999984741211,22.854331970214844,1256000
2008-01-24,22.899999618530273,23.739999771118164,22,22.111339569091797,472900
2008-01-25,22.549999237060547,22.959999084472656,21.540000915527344,21.695266723632812,356300
2008-01-28,21.899999618530273,21.90999984741211,21.040000915527344,21.42778968811035,450500
2008-01-29,21.739999771118164,21.739999771118164,20.899999618530273,20.813589096069336,667200
2008-01-30,21.18000030517578,21.440000534057617,20.3799991607666,20.3083553314209,500600
2008-01-31,20.25,20.68000030517578,19.959999084472656,20.090410232543945,470600
2008-02-01,20.31999969482422,21.6200008392334,20.290000915527344,21.279191970825195,470600
2008-02-04,21.34000015258789,21.420000076293945,20.350000381469727,20.39751434326172,392900
2008-02-05,20.079999923706055,20.579999923706055,19.719999313354492,19.575273513793945,427500
2008-02-06,19.8799991607666,20.43000030517578,19.59000015258789,19.575273513793945,367700
2008-02-07,19.610000610351562,20.399999618530273,19.260000228881836,19.971532821655273,429600
2008-02-08,19.950000762939453,20.06999969482422,19.450000762939453,19.387048721313477,440200
2008-02-11,19.479999542236328,19.489999771118164,18.65999984741211,18.941255569458008,807700
2008-02-12,19.260000228881836,19.639999389648438,18.93000030517578,18.99079132080078,717900
2008-02-13,19.399999618530273,20.1200008392334,19.200000762939453,19.912097930908203,541800
2008-02-14,20.110000610351562,20.239999771118164,19.010000228881836,19.099761962890625,421900
2008-02-15,19.1299991607666,19.1299991607666,18.06999969482422,18.723312377929688,529800
2008-02-19,19.15999984741211,19.489999771118164,19,19.030414581298828,292600
2008-02-20,19.079999923706055,19.149999618530273,18.299999237060547,18.366680145263672,621800
2008-02-21,18.6299991607666,18.770000457763672,17.540000915527344,17.82181739807129,583600
2008-02-22,17.969999313354492,18.1200008392334,17.350000381469727,17.82181739807129,535800
2008-02-25,18.06999969482422,18.5,17.389999389648438,17.465185165405273,688300
2008-02-26,17.65999984741211,19.31999969482422,17.559999465942383,18.48555564880371,499700
2008-02-27,18.450000762939453,18.940000534057617,18.18000030517578,18.723312377929688,536200
2008-02-28,19.549999237060547,20.540000915527344,19.549999237060547,19.842748641967773,1132100
2008-02-29,19.84000015258789,20.1299991607666,19.1200008392334,19.585182189941406,1090100
2008-03-03,19.780000686645508,20.799999237060547,19.530000686645508,19.813030242919922,798300
2008-03-04,19.770000457763672,19.860000610351562,18.899999618530273,19.268169403076172,1524400
2008-03-05,19.510000228881836,19.600000381469727,18.889999389648438,18.723312377929688,741600
2008-03-06,18.829999923706055,19.149999618530273,17.850000381469727,17.70294189453125,796600
2008-03-07,17.610000610351562,17.690000534057617,16.809999465942383,17.13827133178711,954100
2008-03-10,17.360000610351562,17.540000915527344,16,16.02873992919922,706700
2008-03-11,16.579999923706055,16.93000030517578,15.609999656677246,15.9693021774292,1464300
2008-03-12,16.049999237060547,17.31999969482422,16.049999237060547,16.53397560119629,943900
2008-03-13,16.469999313354492,17.68000030517578,16.299999237060547,17.247241973876953,578000
2008-03-14,17.530000686645508,17.56999969482422,16.110000610351562,16.633041381835938,741000
2008-03-17,16.3799991607666,16.68000030517578,15.880000114440918,16.28631019592285,669200
2008-03-18,16.850000381469727,17.59000015258789,16.469999313354492,17.25714874267578,863700
2008-03-19,17.559999465942383,17.889999389648438,16.68000030517578,16.979768753051758,645200
2008-03-20,17.31999969482422,17.709999084472656,16.780000686645508,17.484996795654297,1375200
2008-03-24,17.690000534057617,20.3799991607666,17.399999618530273,19.813030242919922,1250600
2008-03-25,20.010000228881836,20.510000228881836,19.299999237060547,19.743684768676758,681100
2008-03-26,19.790000915527344,20.420000076293945,19.549999237060547,20.229101181030273,414900
2008-03-27,20.469999313354492,21.329999923706055,20.110000610351562,20.278635025024414,552900
2008-03-28,20.540000915527344,21.139999389648438,19.399999618530273,19.436586380004883,510900
2008-03-31,19.3700008392334,19.510000228881836,19.1200008392334,19.010601043701172,740200
2008-04-01,19.290000915527344,20.270000457763672,19.290000915527344,19.882375717163086,818600
2008-04-02,20.200000762939453,20.540000915527344,19.8799991607666,19.813030242919922,382200
2008-04-03,19.950000762939453,20.760000228881836,19.610000610351562,20.090410232543945,424500
2008-04-04,20.290000915527344,20.440000534057617,19.799999237060547,19.99134635925293,604500
2008-04-07,20.350000381469727,20.739999771118164,20,19.961626052856445,480400
2008-04-08,19.8799991607666,19.979999542236328,19.010000228881836,19.159196853637695,512200
2008-04-09,19.440000534057617,19.520000457763672,18.75,18.644060134887695,451100
2008-04-10,18.68000030517578,20.25,18.6200008392334,19.387048721313477,523200
2008-04-11,19.3799991607666,19.459999084472656,18.5,18.416210174560547,738100
2008-04-14,18.549999237060547,19.010000228881836,18.1299991607666,18.168548583984375,365200
2008-04-15,18.399999618530273,18.530000686645508,17.760000228881836,18.05957794189453,341500
2008-04-16,18.450000762939453,19.93000030517578,18.450000762939453,19.55545997619629,573400
2008-04-17,19.690000534057617,19.690000534057617,18.899999618530273,18.782751083374023,329400
2008-04-18,19.360000610351562,19.950000762939453,19.209999084472656,19.614896774291992,453300
2008-04-21,19.65999984741211,19.8799991607666,19.350000381469727,19.624805450439453,307700
2008-04-22,19.670000076293945,19.860000610351562,19.18000030517578,19.238452911376953,400300
2008-04-23,19.540000915527344,20.5,19.1299991607666,20.021066665649414,450600
2008-04-24,20.260000228881836,20.809999465942383,19.559999465942383,20.387605667114258,543400
2008-04-25,20.639999389648438,21.09000015258789,20.459999084472656,20.714523315429688,308600
2008-04-28,20.920000076293945,21.299999237060547,20.510000228881836,20.60555076599121,281600
2008-04-29,20.81999969482422,20.81999969482422,19.899999618530273,19.813030242919922,290200
2008-04-30,20.09000015258789,20.299999237060547,19.329999923706055,19.436586380004883,403300
2008-05-01,19.450000762939453,21.360000610351562,19.260000228881836,21.031530380249023,529700
2008-05-02,21.3799991607666,21.68000030517578,20.940000534057617,20.82349395751953,547000
2008-05-05,21,21.5,20.719999313354492,20.764053344726562,454100
2008-05-06,20.719999313354492,20.809999465942383,19.93000030517578,19.832843780517578,685000
2008-05-07,20.06999969482422,20.15999984741211,19.100000381469727,19.040319442749023,549400
2008-05-08,19.270000457763672,19.8799991607666,19.020000457763672,19.595088958740234,587900
2008-05-09,19.5,20.790000915527344,19.3799991607666,20.258825302124023,426300
2008-05-12,20.56999969482422,21.100000381469727,20.34000015258789,20.813589096069336,392500
2008-05-13,21.010000228881836,21.059999465942383,20.440000534057617,20.556018829345703,246600
2008-05-14,20.850000381469727,21.469999313354492,20.5,20.595645904541016,465500
2008-05-15,20.729999542236328,20.850000381469727,20.280000686645508,20.39751434326172,501800
2008-05-16,20.690000534057617,20.690000534057617,19.81999969482422,20.04088020324707,784800
2008-05-19,20.209999084472656,20.969999313354492,20.049999237060547,20.21919822692871,571800
2008-05-20,20.260000228881836,21.479999542236328,20.260000228881836,21.269287109375,618400
2008-05-21,19.049999237060547,19.219999313354492,18.010000228881836,18.40630531311035,2902200
2008-05-22,18.579999923706055,19.139999389648438,18.43000030517578,18.683687210083008,799600
2008-05-23,18.81999969482422,19.09000015258789,18.540000915527344,18.733219146728516,382400
2008-05-27,19,19.469999313354492,18.760000228881836,19.258264541625977,405000
2008-05-28,19.479999542236328,19.610000610351562,18.920000076293945,18.970975875854492,363300
2008-05-29,19.139999389648438,20.489999771118164,19.040000915527344,20.021066665649414,771500
2008-05-30,20.299999237060547,20.299999237060547,19.6299991607666,19.71396255493164,515600
2008-06-02,19.8799991607666,19.889999389648438,19.110000610351562,19.28798484802246,354100
2008-06-03,19.59000015258789,19.59000015258789,18.520000457763672,18.57471466064453,518300
2008-06-04,18.639999389648438,19.299999237060547,18.6200008392334,18.901630401611328,511700
2008-06-05,17.309999465942383,17.600000381469727,14.850000381469727,15.206500053405762,5741700
2008-06-06,15.220000267028809,15.260000228881836,14.359999656677246,14.681453704833984,1668400
2008-06-09,14.960000038146973,15.0600004196167,14.510000228881836,14.562576293945312,1018800
2008-06-10,14.720000267028809,14.739999771118164,14.09000015258789,14.196036338806152,762700
2008-06-11,14.300000190734863,14.5,13.829999923706055,13.730429649353027,502400
2008-06-12,14,14.350000381469727,13.75,13.690802574157715,653300
2008-06-13,13.979999542236328,14.25,13.869999885559082,14.087063789367676,328300
2008-06-16,14.1899995803833,14.6899995803833,14.09000015258789,14.503137588500977,445500
2008-06-17,14.720000267028809,14.760000228881836,14.180000305175781,14.413979530334473,413200
2008-06-18,14.550000190734863,14.619999885559082,13.899999618530273,13.819588661193848,521400
2008-06-19,13.960000038146973,14.920000076293945,13.899999618530273,14.770613670349121,540300
2008-06-20,14.84000015258789,15.460000038146973,14.350000381469727,14.542763710021973,1373600
2008-06-23,14.760000228881836,15.029999732971191,14.489999771118164,14.78052043914795,559900
2008-06-24,14.779999732971191,15.149999618530273,14.5600004196167,14.909305572509766,340600
2008-06-25,15.069999694824219,15.25,14.609999656677246,15.03808879852295,389100
2008-06-26,14.960000038146973,15,14.5,14.413979530334473,238000
2008-06-27,14.489999771118164,14.869999885559082,14.1899995803833,14.622014999389648,560900
2008-06-30,14.760000228881836,14.829999923706055,14.390000343322754,14.305007934570312,516400
2008-07-01,14.350000381469727,14.430000305175781,13.8100004196167,13.740336418151855,655300
2008-07-02,13.819999694824219,14.539999961853027,13.770000457763672,14.364447593688965,545500
2008-07-03,14.510000228881836,14.5600004196167,13.75,14.295101165771484,238400
2008-07-07,14.539999961853027,14.569999694824219,13.289999961853027,13.225196838378906,704400
2008-07-08,13.399999618530273,14.880000114440918,13.399999618530273,14.661642074584961,705800
2008-07-09,14.859999656677246,15.470000267028809,14.5,14.562576293945312,521600
2008-07-10,14.649999618530273,15.050000190734863,14.3100004196167,14.433792114257812,382100
2008-07-11,14.5,15.369999885559082,14.460000038146973,14.939023971557617,489300
2008-07-14,15.239999771118164,15.350000381469727,14.800000190734863,14.88949203491211,402100
2008-07-15,14.850000381469727,15.819999694824219,14.779999732971191,15.355098724365234,477900
2008-07-16,15.59000015258789,16.700000762939453,15.039999961853027,16.494348526000977,794700
2008-07-17,16.690000534057617,17.450000762939453,16.600000381469727,17.148176193237305,825700
2008-07-18,17.260000228881836,17.3700008392334,16.649999618530273,16.850982666015625,560000
2008-07-21,17.040000915527344,18.530000686645508,17.040000915527344,18.09920310974121,730700
2008-07-22,18.139999389648438,19.299999237060547,17.610000610351562,19.0799503326416,687100
2008-07-23,19.270000457763672,19.450000762939453,18.5,18.60443687438965,697800
2008-07-24,18.799999237060547,19.059999465942383,18.559999465942383,18.80256462097168,338300
2008-07-25,19.030000686645508,19.09000015258789,18.59000015258789,18.822378158569336,427100
2008-07-28,18.899999618530273,19.579999923706055,18.709999084472656,18.644060134887695,610400
2008-07-29,18.940000534057617,20.100000381469727,18.8700008392334,19.664432525634766,680600
2008-07-30,19.989999771118164,20.209999084472656,19.450000762939453,19.931907653808594,512900
2008-07-31,19.93000030517578,22.649999618530273,19.700000762939453,21.685361862182617,2003500
2008-08-01,21.84000015258789,21.979999542236328,21.06999969482422,21.477323532104492,960100
2008-08-04,21.6299991607666,21.979999542236328,20.959999084472656,21.407978057861328,760000
2008-08-05,21.709999084472656,21.90999984741211,21.360000610351562,21.52685546875,726400
2008-08-06,21.75,22.520000457763672,21.200000762939453,22.190593719482422,732200
2008-08-07,22.15999984741211,22.399999618530273,20.1200008392334,20.050785064697266,1784000
2008-08-08,20.299999237060547,21.670000076293945,19.43000030517578,21.417888641357422,1285000
2008-08-11,21.700000762939453,23.25,21.389999389648438,22.616575241088867,638600
2008-08-12,22.780000686645508,22.850000381469727,22.1200008392334,22.59676170349121,629800
2008-08-13,22.799999237060547,22.799999237060547,21.25,21.705175399780273,667900
2008-08-14,21.850000381469727,22.920000076293945,21.850000381469727,22.586851119995117,490900
2008-08-15,23.040000915527344,23.049999237060547,22.309999465942383,22.428348541259766,488100
2008-08-18,22.75,23.1299991607666,22.079999923706055,22.002370834350586,412700
2008-08-19,22.030000686645508,22.030000686645508,21.020000457763672,21.021621704101562,464900
2008-08-20,21.280000686645508,21.780000686645508,21.010000228881836,21.07115936279297,429200
2008-08-21,21.079999923706055,21.520000457763672,20.399999618530273,20.3677978515625,340400
2008-08-22,20.829999923706055,21.68000030517578,20.350000381469727,21.338634490966797,223700
2008-08-25,21.469999313354492,21.780000686645508,20.420000076293945,20.3677978515625,370000
2008-08-26,20.579999923706055,21.639999389648438,20.579999923706055,21.219755172729492,255200
2008-08-27,21.459999084472656,21.489999771118164,20.5,20.496578216552734,593900
2008-08-28,20.700000762939453,21.969999313354492,20.520000457763672,21.62592124938965,443600
2008-08-29,21.809999465942383,22.030000686645508,21.559999465942383,21.516948699951172,235800
2008-09-02,22.040000915527344,22.5,20.260000228881836,20.387605667114258,756900
2008-09-03,22.709999084472656,23.670000076293945,21.06999969482422,21.596202850341797,2118300
2008-09-04,21.59000015258789,21.8700008392334,20.31999969482422,20.189476013183594,681100
2008-09-05,20.389999389648438,20.729999542236328,18.209999084472656,18.8917236328125,1135500
2008-09-08,19.59000015258789,19.75,18.700000762939453,18.723312377929688,620800
2008-09-09,18.829999923706055,19.790000915527344,18.479999542236328,18.34686851501465,634500
2008-09-10,18.799999237060547,19.549999237060547,18.700000762939453,19.24835968017578,667100
2008-09-11,19.049999237060547,20.610000610351562,18.719999313354492,20.387605667114258,710000
2008-09-12,20.329999923706055,20.899999618530273,19.84000015258789,20.516393661499023,487500
2008-09-15,20.479999542236328,21.709999084472656,19.780000686645508,20.258825302124023,536400
2008-09-16,20.790000915527344,21.84000015258789,20.479999542236328,21.437698364257812,578700
2008-09-17,21.360000610351562,21.469999313354492,20.360000610351562,20.68480110168457,611100
2008-09-18,21.299999237060547,23.079999923706055,20.25,22.76517105102539,1288200
2008-09-19,23.579999923706055,24,22.040000915527344,22.854331970214844,2398500
2008-09-22,22.84000015258789,23.520000457763672,21.649999618530273,21.50704002380371,853000
2008-09-23,21.639999389648438,22.31999969482422,21,20.902748107910156,395100
2008-09-24,21.219999313354492,22,20.770000457763672,20.773962020874023,356900
2008-09-25,21.139999389648438,21.93000030517578,20.940000534057617,21.259382247924805,295100
2008-09-26,20.979999542236328,22.739999771118164,20.93000030517578,22.49769401550293,650800
2008-09-29,22.229999542236328,24,21.559999465942383,21.67545509338379,656800
2008-09-30,22.149999618530273,22.459999084472656,21.18000030517578,21.62592124938965,492700
2008-10-01,21.59000015258789,22.81999969482422,21.219999313354492,22.60666847229004,491900
2008-10-02,22.610000610351562,22.65999984741211,21.170000076293945,21.160314559936523,410400
2008-10-03,21.969999313354492,22.1299991607666,20.700000762939453,20.764053344726562,672900
2008-10-06,20.5,20.520000457763672,18.09000015258789,19.654525756835938,895100
2008-10-07,20.170000076293945,20.829999923706055,18.739999771118164,18.743127822875977,563300
2008-10-08,18.170000076293945,19.770000457763672,17.90999984741211,18.762941360473633,800200
2008-10-09,19.139999389648438,19.700000762939453,16.780000686645508,16.712291717529297,593500
2008-10-10,16.350000381469727,17.489999771118164,14.4399995803833,16.979768753051758,1461500
2008-10-13,17.700000762939453,19.600000381469727,15.989999771118164,19.406862258911133,644500
2008-10-14,20.43000030517578,20.43000030517578,18.56999969482422,19.070039749145508,460100
2008-10-15,19.020000457763672,19.200000762939453,17.100000381469727,16.95004653930664,426800
2008-10-16,17.219999313354492,19.299999237060547,16.700000762939453,19.109668731689453,915900
2008-10-17,18.559999465942383,19.8700008392334,17.860000610351562,18.57471466064453,561700
2008-10-20,19.170000076293945,19.5,18.5,19.218637466430664,488700
2008-10-21,19.110000610351562,19.979999542236328,18.40999984741211,19.070039749145508,340400
2008-10-22,18.719999313354492,19.950000762939453,18.219999313354492,18.515277862548828,312000
2008-10-23,18.690000534057617,19.139999389648438,17.200000762939453,17.53453254699707,591300
2008-10-24,16.690000534057617,17.309999465942383,16.149999618530273,15.999019622802734,662300
2008-10-27,15.960000038146973,16.170000076293945,15.149999618530273,15.315471649169922,613700
2008-10-28,15.829999923706055,16.75,14.649999618530273,16.59341049194336,695900
2008-10-29,16.790000915527344,18.149999618530273,16.09000015258789,17.267059326171875,685000
2008-10-30,17.950000762939453,18.559999465942383,17.270000457763672,17.970415115356445,424500
2008-10-31,17.93000030517578,20.040000915527344,17.59000015258789,19.11957359313965,577500
2008-11-03,19.479999542236328,20.75,18.31999969482422,19.694150924682617,673500
2008-11-04,20.5,20.6200008392334,19.610000610351562,19.585182189941406,388500
2008-11-05,19.719999313354492,19.84000015258789,18.209999084472656,18.168548583984375,413500
2008-11-06,18.209999084472656,18.579999923706055,17.309999465942383,17.44537353515625,444800
2008-11-07,17.809999465942383,18.530000686645508,17.31999969482422,18.17845344543457,261600
2008-11-10,18.780000686645508,19.520000457763672,17.709999084472656,18.8917236328125,341800
2008-11-11,18.940000534057617,19.389999389648438,18.399999618530273,18.416210174560547,369900
2008-11-12,18.270000457763672,19.31999969482422,16.940000534057617,16.87079620361328,502700
2008-11-13,17.18000030517578,17.770000457763672,15.579999923706055,17.52462387084961,675600
2008-11-14,17.389999389648438,18.200000762939453,17.079999923706055,17.00948715209961,462700
2008-11-17,17.040000915527344,18.149999618530273,16.639999389648438,17.50480842590332,340800
2008-11-18,17.690000534057617,17.93000030517578,16.510000228881836,16.9005126953125,370300
2008-11-19,17.020000457763672,17.170000076293945,15.609999656677246,15.513601303100586,445900
2008-11-20,15.359999656677246,15.539999961853027,13.75,14.1365966796875,843400
2008-11-21,14.510000228881836,14.649999618530273,12.619999885559082,13.819588661193848,1077700
2008-11-24,13.760000228881836,14.649999618530273,13.350000381469727,14.443697929382324,836500
2008-11-25,14.739999771118164,14.739999771118164,13.699999809265137,14.463512420654297,476700
2008-11-26,14.119999885559082,15.350000381469727,13.920000076293945,15.17678165435791,483700
2008-11-28,15.050000190734863,15.869999885559082,14.779999732971191,15.315471649169922,235000
2008-12-01,14.680000305175781,15.550000190734863,13.65999984741211,13.631363868713379,507000
2008-12-02,14.109999656677246,15,13.760000228881836,14.651735305786133,843000
2008-12-03,14.470000267028809,15.069999694824219,13.880000114440918,14.622014999389648,550500
2008-12-04,14.609999656677246,15.199999809265137,14.260000228881836,14.413979530334473,447800
2008-12-05,14.270000457763672,15.319999694824219,13.859999656677246,15.087621688842773,392900
2008-12-08,15.640000343322754,16.579999923706055,14.5600004196167,16.216964721679688,486900
2008-12-09,16.799999237060547,17.200000762939453,16.139999389648438,16.434907913208008,511000
2008-12-10,16.84000015258789,17.899999618530273,16.5,17.019390106201172,347000
2008-12-11,16.540000915527344,17.18000030517578,16.209999084472656,16.306121826171875,492000
2008-12-12,16.170000076293945,17.049999237060547,16.100000381469727,16.672664642333984,569800
2008-12-15,16.899999618530273,16.899999618530273,15.380000114440918,15.682013511657715,347200
2008-12-16,16.079999923706055,17.079999923706055,15.760000228881836,16.88070297241211,430400
2008-12-17,16.84000015258789,17.170000076293945,16.420000076293945,16.742008209228516,330500
2008-12-18,16.959999084472656,18.049999237060547,16.68000030517578,17.3463077545166,431900
2008-12-19,18.059999465942383,19.190000534057617,17.31999969482422,18.733219146728516,1040400
2008-12-22,18.90999984741211,19.450000762939453,17.420000076293945,18.010042190551758,542300
2008-12-23,18.270000457763672,18.889999389648438,17.56999969482422,17.76238250732422,292800
2008-12-24,17.950000762939453,18.1200008392334,17.260000228881836,17.693037033081055,134800
2008-12-26,17.899999618530273,18.329999923706055,17.8700008392334,18.05957794189453,121700
2008-12-29,17.100000381469727,18.15999984741211,17.100000381469727,17.35621452331543,233900
2008-12-30,17.639999389648438,17.690000534057617,17.079999923706055,17.484996795654297,256200
2008-12-31,17.719999313354492,18.520000457763672,17.360000610351562,18.18836212158203,431000
2009-01-02,18.420000076293945,18.989999771118164,18.219999313354492,18.525182723999023,354700
2009-01-05,18.65999984741211,19.399999618530273,18.06999969482422,18.901630401611328,323700
2009-01-06,19.25,19.360000610351562,18.68000030517578,18.782751083374023,301600
2009-01-07,18.59000015258789,18.799999237060547,17.690000534057617,17.811914443969727,248600
2009-01-08,17.860000610351562,18.760000228881836,17.700000762939453,18.109107971191406,257000
2009-01-09,18.34000015258789,18.389999389648438,17.209999084472656,17.31658935546875,330400
2009-01-12,17.219999313354492,18.200000762939453,17.049999237060547,17.30668067932129,268400
2009-01-13,17.40999984741211,18.309999465942383,17.350000381469727,17.74256706237793,229300
2009-01-14,18.200000762939453,18.260000228881836,16.709999084472656,16.712291717529297,286200
2009-01-15,16.860000610351562,17.049999237060547,15.779999732971191,16.850982666015625,307000
2009-01-16,17.149999618530273,17.360000610351562,16.520000457763672,17.197710037231445,319900
2009-01-20,17.149999618530273,17.459999084472656,15.34000015258789,15.236220359802246,479800
2009-01-21,15.5600004196167,16.520000457763672,15.149999618530273,16.246685028076172,430100
2009-01-22,16.229999542236328,16.25,15.100000381469727,15.166873931884766,361800
2009-01-23,15.029999732971191,16.020000457763672,14.920000076293945,15.424444198608398,350500
2009-01-26,15.550000190734863,16.520000457763672,15.399999618530273,15.9693021774292,294400
2009-01-27,16.229999542236328,17.40999984741211,16.229999542236328,16.890605926513672,468800
2009-01-28,17.31999969482422,18.079999923706055,17.31999969482422,17.405744552612305,286400
2009-01-29,17.299999237060547,17.579999923706055,16.920000076293945,16.989673614501953,335000
2009-01-30,17.280000686645508,18,16.940000534057617,17.31658935546875,421100
2009-02-02,17.18000030517578,18.399999618530273,17.18000030517578,17.980323791503906,502300
2009-02-03,18.25,19.079999923706055,18.170000076293945,18.762941360473633,351500
2009-02-04,18.889999389648438,19.950000762939453,18.579999923706055,18.614343643188477,357100
2009-02-05,18.549999237060547,19.56999969482422,18.34000015258789,18.941255569458008,383800
2009-02-06,19.040000915527344,20.079999923706055,19.040000915527344,19.73377799987793,336700
2009-02-09,19.780000686645508,19.950000762939453,18.8799991607666,19.050228118896484,266600
2009-02-10,19.15999984741211,19.600000381469727,18.149999618530273,18.079389572143555,379900
2009-02-11,18.34000015258789,18.799999237060547,17.40999984741211,17.920886993408203,639400
2009-02-12,17.84000015258789,18.690000534057617,17.81999969482422,18.22798728942871,525700
2009-02-13,18.360000610351562,19.25,17.81999969482422,18.79265785217285,471100
2009-02-17,18.469999313354492,19.209999084472656,18.020000457763672,18.842193603515625,467400
2009-02-18,19.1299991607666,19.399999618530273,18.440000534057617,18.327051162719727,526300
2009-02-19,18.790000915527344,19.209999084472656,18.010000228881836,18.12891960144043,349000
2009-02-20,18.030000686645508,18.549999237060547,17.549999237060547,17.980323791503906,478000
2009-02-23,18.260000228881836,18.360000610351562,17.110000610351562,16.989673614501953,491500
2009-02-24,17.459999084472656,17.6200008392334,17.020000457763672,17.22743034362793,561500
2009-02-25,17.229999542236328,17.809999465942383,17.06999969482422,17.0887393951416,540800
2009-02-26,17.389999389648438,17.709999084472656,15.039999961853027,15.256032943725586,851900
2009-02-27,15.100000381469727,15.710000038146973,14.180000305175781,14.116783142089844,786000
2009-03-02,14.039999961853027,14.3100004196167,13.130000114440918,13.413421630859375,898300
2009-03-03,13.829999923706055,14.420000076293945,13.4399995803833,13.680898666381836,697800
2009-03-04,14.029999732971191,14.15999984741211,13.329999923706055,13.829495429992676,562500
2009-03-05,13.640000343322754,13.84000015258789,12.739999771118164,12.660526275634766,717900
2009-03-06,12.899999618530273,13.140000343322754,12.210000038146973,12.551554679870605,466200
2009-03-09,12.600000381469727,13.220000267028809,12.329999923706055,12.284078598022461,475000
2009-03-10,12.6899995803833,12.949999809265137,12.3100004196167,12.482209205627441,518300
2009-03-11,12.649999618530273,13.079999923706055,11.8100004196167,11.93735122680664,553000
2009-03-12,12.020000457763672,13.380000114440918,11.8100004196167,13.205384254455566,623800
2009-03-13,13.359999656677246,14.100000381469727,13.199999809265137,13.89884090423584,506100
2009-03-16,13.40999984741211,14.270000457763672,13.3100004196167,13.314356803894043,543500
2009-03-17,13.430000305175781,14.210000038146973,13.359999656677246,14.077157974243164,451300
2009-03-18,14.180000305175781,14.869999885559082,13.779999732971191,14.314912796020508,388800
2009-03-19,14.609999656677246,14.609999656677246,13.59000015258789,13.552111625671387,441900
2009-03-20,13.84000015258789,14.039999961853027,13.350000381469727,13.324260711669922,719600
2009-03-23,13.800000190734863,14.050000190734863,13.399999618530273,13.89884090423584,699600
2009-03-24,13.8100004196167,14.25,13.550000190734863,13.641271591186523,509500
2009-03-25,13.930000305175781,14.59000015258789,13.4399995803833,14.077157974243164,367300
2009-03-26,14.4399995803833,15.130000114440918,14.210000038146973,14.988556861877441,827200
2009-03-27,14.770000457763672,14.979999542236328,14.289999961853027,14.245569229125977,644300
2009-03-30,14.800000190734863,14.869999885559082,13.899999618530273,14.04743766784668,690200
2009-03-31,14.40999984741211,14.460000038146973,13.729999542236328,13.730429649353027,701300
2009-04-01,13.619999885559082,13.729999542236328,12.880000114440918,13.036972999572754,739600
2009-04-02,13.449999809265137,13.729999542236328,13.260000228881836,13.334168434143066,671800
2009-04-03,13.420000076293945,13.479999542236328,12.829999923706055,12.898283958435059,532600
2009-04-06,12.899999618530273,13.670000076293945,12.800000190734863,13.4629545211792,1006900
2009-04-07,13.420000076293945,13.5,13.100000381469727,13.027066230773926,469100
2009-04-08,13.210000038146973,13.460000038146973,13.020000457763672,13.215291976928711,367200
2009-04-09,13.640000343322754,13.949999809265137,13.369999885559082,13.809680938720703,540400
2009-04-13,13.710000038146973,13.84000015258789,13.25,13.314356803894043,488200
2009-04-14,13.260000228881836,13.800000190734863,13.130000114440918,13.136037826538086,625200
2009-04-15,13.149999618530273,13.350000381469727,12.800000190734863,13.175664901733398,523700
2009-04-16,13.239999771118164,13.680000305175781,13.050000190734863,13.27472972869873,579400
2009-04-17,13.449999809265137,13.729999542236328,13.079999923706055,13.027066230773926,581700
2009-04-20,12.90999984741211,13.109999656677246,12.550000190734863,12.670432090759277,431200
2009-04-21,12.75,13.100000381469727,12.600000381469727,12.799216270446777,321000
2009-04-22,12.670000076293945,12.789999961853027,12.420000076293945,12.363330841064453,468300
2009-04-23,12.479999542236328,12.529999732971191,12.109999656677246,12.293985366821289,480300
2009-04-24,12.520000457763672,13.239999771118164,12.279999732971191,12.819028854370117,617500
2009-04-27,12.710000038146973,13,12.5,12.541646957397461,529100
2009-04-28,12.59000015258789,13.100000381469727,12.59000015258789,12.719964027404785,528500
2009-04-29,12.920000076293945,13.739999771118164,12.720000267028809,13.353981971740723,525300
2009-04-30,13.670000076293945,13.670000076293945,13.140000343322754,13.136037826538086,621300
2009-05-01,14.199999809265137,14.34000015258789,13.479999542236328,13.720523834228516,694000
2009-05-04,14.40999984741211,15.020000457763672,14.010000228881836,14.810239791870117,768400
2009-05-05,15.029999732971191,15.199999809265137,14.489999771118164,14.99846363067627,712400
2009-05-06,15.210000038146973,15.319999694824219,14.649999618530273,14.740893363952637,617700
2009-05-07,15.149999618530273,15.319999694824219,14.880000114440918,14.99846363067627,610100
2009-05-08,15.25,16.1299991607666,15.199999809265137,15.69191837310791,566800
2009-05-11,16,16.719999313354492,15.550000190734863,16.098087310791016,686300
2009-05-12,16.399999618530273,16.6200008392334,15.739999771118164,15.761265754699707,577800
2009-05-13,15.670000076293945,16.15999984741211,14.75,14.859771728515625,844900
2009-05-14,15.109999656677246,15.399999618530273,14.920000076293945,14.958837509155273,440900
2009-05-15,15.039999961853027,15.039999961853027,14.470000267028809,14.473417282104492,582100
2009-05-18,14.75,15.079999923706055,14.359999656677246,14.740893363952637,424000
2009-05-19,14.949999809265137,14.979999542236328,14.600000381469727,14.661642074584961,455100
2009-05-20,14.949999809265137,15.319999694824219,14.569999694824219,14.651735305786133,627200
2009-05-21,14.600000381469727,14.600000381469727,13.850000381469727,14.0078125,435700
2009-05-22,14.180000305175781,14.3100004196167,13.829999923706055,13.859213829040527,370400
2009-05-26,13.899999618530273,14.859999656677246,13.899999618530273,14.493230819702148,525200
2009-05-27,14.489999771118164,15.170000076293945,14.489999771118164,14.443697929382324,390900
2009-05-28,14.699999809265137,14.9399995803833,14.449999809265137,14.602202415466309,476000
2009-05-29,14.75,15.329999923706055,14.479999542236328,15.127248764038086,825900
2009-06-01,15.199999809265137,15.779999732971191,14.90999984741211,15.444257736206055,498800
2009-06-02,15.569999694824219,16.239999771118164,15.180000305175781,15.7117338180542,749900
2009-06-03,15.6899995803833,16.309999465942383,15.640000343322754,16.11789894104004,382800
2009-06-04,16.31999969482422,16.420000076293945,15.960000038146973,16.207059860229492,334700
2009-06-05,16.360000610351562,16.579999923706055,16.139999389648438,16.207059860229492,278400
2009-06-08,16.15999984741211,16.280000686645508,15.75,15.771171569824219,267500
2009-06-09,15.949999809265137,16.1200008392334,15.720000267028809,15.87023639678955,346300
2009-06-10,16.100000381469727,16.170000076293945,15.760000228881836,15.999019622802734,489800
2009-06-11,15.630000114440918,16.420000076293945,15.630000114440918,15.919768333435059,522600
2009-06-12,15.930000305175781,16.420000076293945,15.680000305175781,16.207059860229492,332400
2009-06-15,16.020000457763672,16.299999237060547,15.239999771118164,15.17678165435791,714900
2009-06-16,15.390000343322754,15.75,15.279999732971191,15.493789672851562,497200
2009-06-17,15.6899995803833,16.65999984741211,15.6899995803833,16.42500114440918,498100
2009-06-18,16.510000228881836,17.350000381469727,16.459999084472656,17.158082962036133,609600
2009-06-19,17.479999542236328,18.420000076293945,17.479999542236328,18.039762496948242,1620100
2009-06-22,18.010000228881836,18.1200008392334,17.139999389648438,17.049110412597656,610700
2009-06-23,17.3700008392334,17.639999389648438,16.8799991607666,16.81135368347168,389600
2009-06-24,17.15999984741211,17.280000686645508,16.850000381469727,16.93023109436035,560500
2009-06-25,17.020000457763672,17.610000610351562,16.979999542236328,17.44537353515625,463800
2009-06-26,17.56999969482422,18.239999771118164,17.15999984741211,17.970415115356445,919400
2009-06-29,18.059999465942383,18.139999389648438,17.459999084472656,17.6732234954834,472200
2009-06-30,17.799999237060547,18.09000015258789,17.59000015258789,17.752473831176758,451400
2009-07-01,18.110000610351562,18.31999969482422,17.75,17.970415115356445,284600
2009-07-02,17.899999618530273,17.899999618530273,16.850000381469727,16.890605926513672,578300
2009-07-06,16.899999618530273,17.09000015258789,16.530000686645508,16.860889434814453,388900
2009-07-07,17.079999923706055,17.270000457763672,16.8700008392334,16.722196578979492,306000
2009-07-08,17,17.200000762939453,16.479999542236328,16.454721450805664,444300
2009-07-09,16.670000076293945,16.979999542236328,16.200000762939453,16.177339553833008,498300
2009-07-10,16.25,16.5,16.09000015258789,16.137714385986328,365300
2009-07-13,16.309999465942383,16.649999618530273,16.049999237060547,16.494348526000977,292200
2009-07-14,16.600000381469727,16.899999618530273,16.549999237060547,16.504253387451172,162600
2009-07-15,16.940000534057617,17.489999771118164,16.579999923706055,17.0887393951416,532800
2009-07-16,17.190000534057617,17.649999618530273,17.09000015258789,17.376026153564453,244700
2009-07-17,17.59000015258789,17.809999465942383,17.5,17.45528221130371,321500
2009-07-20,17.760000228881836,17.950000762939453,17.510000228881836,17.514719009399414,282500
2009-07-21,17.829999923706055,18.049999237060547,17.510000228881836,17.8614444732666,227900
2009-07-22,17.989999771118164,18.190000534057617,17.809999465942383,17.8020076751709,288300
2009-07-23,18.84000015258789,19.850000381469727,18.549999237060547,19.436586380004883,1282400
2009-07-24,19.530000686645508,20.760000228881836,19.510000228881836,20.556018829345703,1033800
2009-07-27,20.700000762939453,21.15999984741211,20.559999465942383,20.764053344726562,800500
2009-07-28,20.959999084472656,21.829999923706055,20.6200008392334,21.50704002380371,694000
2009-07-29,21.479999542236328,21.65999984741211,21.1299991607666,21.199941635131836,404500
2009-07-30,21.290000915527344,22,21.290000915527344,21.67545509338379,592300
2009-07-31,21.530000686645508,21.889999389648438,21.350000381469727,21.279191970825195,345000
2009-08-03,22,22,21.06999969482422,21.150409698486328,399100
2009-08-04,21.309999465942383,21.850000381469727,20.829999923706055,21.606107711791992,328500
2009-08-05,21.889999389648438,21.989999771118164,21.56999969482422,21.54667091369629,375800
2009-08-06,21.90999984741211,21.90999984741211,21.110000610351562,21.249473571777344,365800
2009-08-07,21.850000381469727,22.229999542236328,21.31999969482422,21.655641555786133,545300
2009-08-10,21.670000076293945,22.420000076293945,21.6200008392334,22.150970458984375,330300
2009-08-11,22.309999465942383,22.690000534057617,22.040000915527344,22.289657592773438,515700
2009-08-12,22.450000762939453,23,22.200000762939453,22.507604598999023,497100
2009-08-13,22.90999984741211,22.969999313354492,22.270000457763672,22.309473037719727,418500
2009-08-14,22.559999465942383,22.670000076293945,21.850000381469727,21.903305053710938,579400
2009-08-17,21.719999313354492,21.84000015258789,21.290000915527344,21.269287109375,362200
2009-08-18,21.649999618530273,22,21.469999313354492,21.62592124938965,286300
2009-08-19,21.6299991607666,22.079999923706055,21.6299991607666,21.833959579467773,657900
2009-08-20,22.059999465942383,22.18000030517578,21.940000534057617,21.962743759155273,409400
2009-08-21,22.459999084472656,22.510000228881836,21.899999618530273,22.01227378845215,657000
2009-08-24,22.260000228881836,22.280000686645508,21.850000381469727,21.79433250427246,474200
2009-08-25,22.040000915527344,22.649999618530273,21.760000228881836,22.368907928466797,501700
2009-08-26,22.520000457763672,23.010000228881836,22.309999465942383,22.73545265197754,302200
2009-08-27,23.040000915527344,23.040000915527344,22.280000686645508,22.5571346282959,188200
2009-08-28,22.889999389648438,22.899999618530273,22.209999084472656,22.12125015258789,248400
2009-08-31,22.010000228881836,22.75,21.829999923706055,22.517505645751953,354700
2009-09-01,22.540000915527344,23.489999771118164,22.489999771118164,22.893957138061523,553700
2009-09-02,22.93000030517578,23.1200008392334,22.34000015258789,22.349098205566406,276700
2009-09-03,22.579999923706055,22.59000015258789,21.979999542236328,22.081623077392578,276600
2009-09-04,22.209999084472656,22.389999389648438,21.959999084472656,22.0419979095459,363300
2009-09-08,22.350000381469727,22.450000762939453,21.899999618530273,21.80423927307129,306700
2009-09-09,22,22.25,21.90999984741211,21.80423927307129,306200
2009-09-10,21.920000076293945,22.280000686645508,21.850000381469727,21.784425735473633,290300
2009-09-11,22,22.209999084472656,21.8700008392334,21.67545509338379,938000
2009-09-14,20.15999984741211,21.5,20.1200008392334,21.190038681030273,1319200
2009-09-15,21.290000915527344,21.389999389648438,20.860000610351562,21.07115936279297,405600
2009-09-16,21.270000457763672,21.6299991607666,21.1200008392334,21.219755172729492,373800
2009-09-17,21.489999771118164,21.84000015258789,21.389999389648438,21.299007415771484,212900
2009-09-18,21.559999465942383,21.559999465942383,21.190000534057617,21.081064224243164,1059000
2009-09-21,21.15999984741211,21.979999542236328,21.049999237060547,21.407978057861328,240300
2009-09-22,21.6299991607666,21.6299991607666,21.100000381469727,20.96218490600586,269700
2009-09-23,21.1299991607666,21.3799991607666,20.950000762939453,20.754150390625,230100
2009-09-24,21.079999923706055,21.1299991607666,20.59000015258789,20.506486892700195,264800
2009-09-25,20.649999618530273,21,20.270000457763672,20.1102237701416,393500
2009-09-28,20.459999084472656,20.540000915527344,20.06999969482422,20.149850845336914,672900
2009-09-29,20.420000076293945,20.489999771118164,19.579999923706055,19.45639419555664,491700
2009-09-30,19.649999618530273,19.940000534057617,19.170000076293945,19.11957359313965,586000
2009-10-01,19.290000915527344,19.31999969482422,18.75,18.57471466064453,454700
2009-10-02,18.739999771118164,18.780000686645508,18.440000534057617,18.44593048095703,368000
2009-10-05,18.649999618530273,18.799999237060547,18.350000381469727,18.22798728942871,360600
2009-10-06,18.56999969482422,19.219999313354492,18.389999389648438,18.80256462097168,614500
2009-10-07,18.959999084472656,19.219999313354492,18.739999771118164,18.60443687438965,504100
2009-10-08,18.899999618530273,19.059999465942383,18.34000015258789,18.208173751831055,456700
2009-10-09,18.290000915527344,18.520000457763672,18.149999618530273,18.23789405822754,740600
2009-10-12,18.40999984741211,18.899999618530273,18.40999984741211,18.70349884033203,530000
2009-10-13,18.799999237060547,19.350000381469727,18.799999237060547,18.713401794433594,978000
2009-10-14,19.09000015258789,19.219999313354492,18.899999618530273,18.901630401611328,571700
2009-10-15,18.979999542236328,19.299999237060547,18.829999923706055,18.93134880065918,625200
2009-10-16,19.030000686645508,19.100000381469727,18.600000381469727,18.644060134887695,412100
2009-10-19,18.940000534057617,19.139999389648438,18.540000915527344,18.53508949279785,531000
2009-10-20,18.68000030517578,18.8799991607666,18.1200008392334,18.010042190551758,349700
2009-10-21,18.15999984741211,18.610000610351562,17.959999084472656,17.851539611816406,447400
2009-10-22,18.040000915527344,18.389999389648438,17.809999465942383,17.970415115356445,611100
2009-10-23,18.15999984741211,18.239999771118164,17.469999313354492,17.425561904907227,522200
2009-10-26,17.65999984741211,17.979999542236328,17.25,17.326494216918945,398300
2009-10-27,17.489999771118164,17.709999084472656,17.190000534057617,17.039203643798828,428600
2009-10-28,17.229999542236328,17.229999542236328,16.510000228881836,16.385377883911133,474700
2009-10-29,16.209999084472656,16.56999969482422,16.09000015258789,16.088180541992188,909300
2009-10-30,16.149999618530273,16.190000534057617,15.430000305175781,15.553227424621582,1063500
2009-11-02,15.760000228881836,16.15999984741211,15.180000305175781,15.246127128601074,989400
2009-11-03,15.380000114440918,16.06999969482422,15.380000114440918,15.810797691345215,1001000
2009-11-04,15.960000038146973,16.059999465942383,15.020000457763672,14.909305572509766,759200
2009-11-05,15.130000114440918,15.579999923706055,15.109999656677246,15.335284233093262,473100
2009-11-06,15.359999656677246,15.729999542236328,15.359999656677246,15.56313419342041,356900
2009-11-09,15.850000381469727,15.869999885559082,15.510000228881836,15.533414840698242,319700
2009-11-10,15.550000190734863,15.850000381469727,15.510000228881836,15.65229320526123,526200
2009-11-11,17.540000915527344,19.100000381469727,17.31999969482422,18.772846221923828,4280300
2009-11-12,18.950000762939453,19.350000381469727,18.6299991607666,18.812471389770508,1060200
2009-11-13,18.959999084472656,19.09000015258789,18.290000915527344,18.396398544311523,836200
2009-11-16,18.75,19.84000015258789,18.56999969482422,19.53564453125,723300
2009-11-17,19.700000762939453,19.959999084472656,19.540000915527344,19.743684768676758,528400
2009-11-18,19.84000015258789,19.860000610351562,18.940000534057617,19.198823928833008,527500
2009-11-19,19.18000030517578,19.209999084472656,18.540000915527344,18.495466232299805,440200
2009-11-20,18.489999771118164,18.790000915527344,18.25,18.287424087524414,359600
2009-11-23,18.56999969482422,19.09000015258789,18.459999084472656,18.40630531311035,318700
2009-11-24,18.5,18.8700008392334,18.34000015258789,18.48555564880371,293700
2009-11-25,18.690000534057617,18.8799991607666,18.299999237060547,18.168548583984375,353100
2009-11-27,18.040000915527344,18.469999313354492,18.040000915527344,17.920886993408203,199800
2009-11-30,18.149999618530273,18.459999084472656,18.1200008392334,18.17845344543457,521800
2009-12-01,18.440000534057617,18.950000762939453,18.280000686645508,18.762941360473633,1211700
2009-12-02,18.899999618530273,19.5,18.780000686645508,19.109668731689453,585800
2009-12-03,19.40999984741211,19.610000610351562,18.969999313354492,18.822378158569336,282300
2009-12-04,19.3799991607666,19.739999771118164,19.030000686645508,19.139387130737305,368700
2009-12-07,19.290000915527344,19.440000534057617,19.030000686645508,19.050228118896484,602400
2009-12-08,19.09000015258789,19.219999313354492,18.8700008392334,18.75303077697754,609200
2009-12-09,18.90999984741211,19.049999237060547,18.600000381469727,18.812471389770508,184700
2009-12-10,19.030000686645508,19.299999237060547,18.59000015258789,18.57471466064453,354900
2009-12-11,18.790000915527344,19.049999237060547,18.530000686645508,18.782751083374023,531100
2009-12-14,19.020000457763672,19.56999969482422,18.780000686645508,19.367237091064453,498600
2009-12-15,19.549999237060547,20.299999237060547,19.479999542236328,20.030973434448242,682600
2009-12-16,20.309999465942383,20.920000076293945,20.100000381469727,20.585737228393555,624800
2009-12-17,20.59000015258789,20.75,20.40999984741211,20.456953048706055,457900
2009-12-18,20.940000534057617,21.549999237060547,20.940000534057617,21.20984649658203,1762300
2009-12-21,21.450000762939453,22.049999237060547,21.40999984741211,21.744800567626953,500300
2009-12-22,21.950000762939453,22.600000381469727,21.799999237060547,22.309473037719727,597200
2009-12-23,22.600000381469727,22.989999771118164,22.290000915527344,22.755266189575195,391900
2009-12-24,22.969999313354492,23.209999084472656,22.68000030517578,22.98311424255371,227700
2009-12-28,23.200000762939453,24.59000015258789,23.06999969482422,24.17189598083496,701600
2009-12-29,24.520000457763672,24.520000457763672,24.059999465942383,24.201616287231445,522700
2009-12-30,24.290000915527344,24.75,24.139999389648438,24.50871467590332,521900
2009-12-31,24.709999084472656,24.969999313354492,24.170000076293945,23.953950881958008,628900
2010-01-04,24.239999771118164,24.850000381469727,23.969999313354492,24.399744033813477,510300
2010-01-05,24.530000686645508,25.209999084472656,24.510000228881836,24.865352630615234,628300
2010-01-06,25.030000686645508,25.200000762939453,24.530000686645508,24.48890495300293,599300
2010-01-07,24.899999618530273,25,24.25,24.340307235717773,433900
2010-01-08,24.43000030517578,24.799999237060547,24.149999618530273,24.142179489135742,445200
2010-01-11,24.40999984741211,24.950000762939453,24.290000915527344,24.607784271240234,369100
2010-01-12,24.610000610351562,24.989999771118164,24.40999984741211,24.280868530273438,351900
2010-01-13,24.520000457763672,24.75,24.260000228881836,24.419559478759766,288300
2010-01-14,24.649999618530273,24.899999618530273,24.549999237060547,24.389841079711914,283500
2010-01-15,24.739999771118164,24.860000610351562,23.700000762939453,23.656757354736328,509700
2010-01-19,24.520000457763672,25.979999542236328,23.549999237060547,25.737123489379883,822000
2010-01-20,25.809999465942383,25.950000762939453,24.59000015258789,25.330957412719727,731400
2010-01-21,25.530000686645508,26.219999313354492,25.3700008392334,25.8956298828125,814100
2010-01-22,26.170000076293945,26.610000610351562,25.780000686645508,25.727216720581055,700700
2010-01-25,26.239999771118164,26.440000534057617,25.639999389648438,25.905534744262695,468900
2010-01-26,26.100000381469727,26.770000457763672,25.780000686645508,26.03432273864746,451800
2010-01-27,26.100000381469727,27.040000915527344,26.100000381469727,26.777311325073242,462200
2010-01-28,27.049999237060547,27.09000015258789,26.09000015258789,26.143293380737305,574500
2010-01-29,26.549999237060547,27.139999389648438,26.520000457763672,26.410768508911133,480900
2010-02-01,26.700000762939453,26.959999084472656,25.899999618530273,26.262170791625977,908600
2010-02-02,26.5,28.09000015258789,26.219999313354492,27.738239288330078,830700
2010-02-03,27.760000228881836,28.65999984741211,27.3799991607666,28.38216209411621,1426000
2010-02-04,28.3799991607666,28.600000381469727,25.59000015258789,25.390396118164062,1082700
2010-02-05,25.75,26.299999237060547,25.059999465942383,25.489459991455078,720400
2010-02-08,25.84000015258789,26.389999389648438,25.649999618530273,25.529088973999023,432600
2010-02-09,26.149999618530273,26.729999542236328,25.799999237060547,26.014507293701172,440100
2010-02-10,26.25,26.84000015258789,25.760000228881836,26.321611404418945,346500
2010-02-11,26.3700008392334,27.760000228881836,25.940000534057617,27.500484466552734,827000
2010-02-12,27.420000076293945,29.280000686645508,27.420000076293945,28.996370315551758,868700
2010-02-16,29.280000686645508,29.34000015258789,28.600000381469727,28.47132110595703,452900
2010-02-17,28.989999771118164,30.510000228881836,28.65999984741211,30.175243377685547,1062100
2010-02-18,30.280000686645508,30.479999542236328,25.65999984741211,26.410768508911133,3919000
2010-02-19,26.65999984741211,27.040000915527344,26.079999923706055,26.044227600097656,805700
2010-02-22,26.31999969482422,26.450000762939453,25.40999984741211,25.291332244873047,905000
2010-02-23,25.639999389648438,25.8799991607666,24.309999465942383,24.419559478759766,1225900
2010-02-24,24.6200008392334,25.020000457763672,24.479999542236328,24.617691040039062,558800
2010-02-25,24.479999542236328,24.530000686645508,24.010000228881836,24.112455368041992,613600
2010-02-26,24.34000015258789,24.700000762939453,24.030000686645508,24.231334686279297,512600
2010-03-01,24.530000686645508,25.639999389648438,24,25.132827758789062,624500
2010-03-02,25.389999389648438,25.6299991607666,24.8700008392334,24.974321365356445,687300
2010-03-03,25.31999969482422,25.40999984741211,24.75,24.74647331237793,640300
2010-03-04,24.950000762939453,24.989999771118164,24.31999969482422,24.578062057495117,572200
2010-03-05,24.889999389648438,25.59000015258789,24.889999389648438,25.27151870727539,693000
2010-03-08,25.3799991607666,25.93000030517578,25.3700008392334,25.23189353942871,359800
2010-03-09,25.270000457763672,25.760000228881836,24.8700008392334,25.410213470458984,412700
2010-03-10,25.579999923706055,26.579999923706055,25.31999969482422,25.538999557495117,558100
2010-03-11,25.700000762939453,25.8700008392334,25.329999923706055,25.261611938476562,431300
2010-03-12,25.65999984741211,25.729999542236328,24.549999237060547,24.459184646606445,917300
2010-03-15,24.579999923706055,24.940000534057617,24.450000762939453,24.548343658447266,388900
2010-03-16,24.93000030517578,25.139999389648438,24.6200008392334,24.52853012084961,309200
2010-03-17,24.84000015258789,25.059999465942383,24.549999237060547,24.35021209716797,271000
2010-03-18,24.549999237060547,24.940000534057617,24.219999313354492,24.459184646606445,315500
2010-03-19,24.6299991607666,24.860000610351562,23.770000457763672,23.547786712646484,985400
2010-03-22,23.760000228881836,24.56999969482422,23.420000076293945,24.132272720336914,513500
2010-03-23,24.440000534057617,25.809999465942383,24.440000534057617,25.479555130004883,726100
2010-03-24,25.65999984741211,25.899999618530273,25.399999618530273,25.162546157836914,495400
2010-03-25,25.68000030517578,27.68000030517578,25.68000030517578,26.311702728271484,878900
2010-03-26,26.719999313354492,27.049999237060547,25.93000030517578,25.984786987304688,355000
2010-03-29,26.31999969482422,26.850000381469727,26.260000228881836,26.54945945739746,362000
2010-03-30,26.75,27.229999542236328,26.639999389648438,26.688148498535156,388300
2010-03-31,26.770000457763672,27.190000534057617,26.389999389648438,26.242359161376953,409300
2010-04-01,26.59000015258789,27.200000762939453,26.200000762939453,26.331514358520508,267600
2010-04-05,26.600000381469727,26.899999618530273,26.329999923706055,26.648521423339844,170300
2010-04-06,26.690000534057617,26.850000381469727,26.360000610351562,26.390954971313477,394300
2010-04-07,26.65999984741211,26.959999084472656,25.920000076293945,26.06403923034668,332000
2010-04-08,26.149999618530273,26.309999465942383,25.549999237060547,25.786657333374023,534100
2010-04-09,26,26,25.40999984741211,25.538999557495117,341800
2010-04-12,25.8799991607666,25.950000762939453,25.399999618530273,25.32105255126953,368100
2010-04-13,25.59000015258789,26.030000686645508,25.15999984741211,25.152639389038086,298900
2010-04-14,25.579999923706055,26.389999389648438,25.239999771118164,26.143293380737305,791900
2010-04-15,26.43000030517578,26.780000686645508,26.100000381469727,25.964975357055664,223100
2010-04-16,26.06999969482422,26.68000030517578,25.719999313354492,26.153200149536133,546500
2010-04-19,26.229999542236328,26.719999313354492,25.450000762939453,25.291332244873047,498600
2010-04-20,25.700000762939453,25.799999237060547,24.940000534057617,24.914886474609375,520000
2010-04-21,25.100000381469727,25.100000381469727,24.399999618530273,24.201616287231445,538100
2010-04-22,24.270000457763672,24.920000076293945,23.719999313354492,24.330400466918945,490100
2010-04-23,24.5,25.040000915527344,24.299999237060547,24.538436889648438,294800
2010-04-26,24.700000762939453,25.34000015258789,24.600000381469727,24.607784271240234,265000
2010-04-27,24.829999923706055,25.489999771118164,24.350000381469727,24.201616287231445,288900
2010-04-28,24.5,24.84000015258789,24.110000610351562,24.389841079711914,170600
2010-04-29,24.780000686645508,27.149999618530273,24.020000457763672,26.747591018676758,621200
2010-04-30,26.8700008392334,27.5,25.34000015258789,25.291332244873047,698000
2010-05-03,25.709999084472656,27.5,25.440000534057617,27.223102569580078,594100
2010-05-04,26.899999618530273,27.979999542236328,26.81999969482422,27.579734802246094,836200
2010-05-05,27.6299991607666,27.940000534057617,26.299999237060547,26.60890007019043,680200
2010-05-06,26.709999084472656,27.149999618530273,22.899999618530273,25.182361602783203,986900
2010-05-07,25.25,26.489999771118164,23.290000915527344,23.359561920166016,873900
2010-05-10,24.739999771118164,25.790000915527344,24.190000534057617,24.419559478759766,533500
2010-05-11,24.5,25.899999618530273,24.190000534057617,25.281423568725586,658000
2010-05-12,25.729999542236328,27.790000915527344,25.59000015258789,27.48067283630371,615100
2010-05-13,27.549999237060547,28.8700008392334,27.399999618530273,28.144411087036133,1213600
2010-05-14,28.149999618530273,28.31999969482422,26.940000534057617,27.114131927490234,557100
2010-05-17,27.579999923706055,28.610000610351562,26.899999618530273,28.24347496032715,690400
2010-05-18,28.84000015258789,28.950000762939453,27.850000381469727,27.758056640625,870200
2010-05-19,27.8700008392334,28.549999237060547,27.149999618530273,27.74814796447754,638700
2010-05-20,27.360000610351562,27.670000076293945,26.520000457763672,26.945720672607422,660200
2010-05-21,26.81999969482422,28.010000228881836,26.420000076293945,26.886281967163086,896400
2010-05-24,27.040000915527344,27.93000030517578,26.780000686645508,27.133941650390625,673800
2010-05-25,26.5,26.860000610351562,25.799999237060547,26.50983428955078,627600
2010-05-26,26.889999389648438,27.760000228881836,26.889999389648438,27.133941650390625,838700
2010-05-27,27.90999984741211,28.329999923706055,27.5,27.639177322387695,2260000
2010-05-28,27.809999465942383,28.84000015258789,27.610000610351562,28.302915573120117,1024200
2010-06-01,28.299999237060547,28.809999465942383,27.610000610351562,27.40142059326172,1139900
2010-06-02,28.059999465942383,30.280000686645508,27.690000534057617,29.99692726135254,2164400
2010-06-03,30.190000534057617,30.579999923706055,29.450000762939453,29.89786148071289,895900
2010-06-04,29.31999969482422,29.559999465942383,28.010000228881836,27.92646598815918,1081700
2010-06-07,28.299999237060547,28.440000534057617,26.969999313354492,26.777311325073242,627200
2010-06-08,27.079999923706055,27.239999771118164,25.860000610351562,26.25226593017578,720100
2010-06-09,24.979999542236328,26.139999389648438,24.31999969482422,24.8059139251709,2121300
2010-06-10,25.43000030517578,26.229999542236328,25.149999618530273,25.8956298828125,867600
2010-06-11,25.979999542236328,27.040000915527344,25.34000015258789,26.173011779785156,549300
2010-06-14,26.610000610351562,27.1299991607666,26.43000030517578,26.361236572265625,594800
2010-06-15,26.760000228881836,27.559999465942383,26.56999969482422,27.1834774017334,529400
2010-06-16,27.25,27.719999313354492,27.040000915527344,26.82684326171875,426500
2010-06-17,27.079999923706055,27.170000076293945,26.200000762939453,26.301795959472656,739800
2010-06-18,26.5,26.670000076293945,25.809999465942383,25.865909576416016,1299100
2010-06-21,26.559999465942383,26.8700008392334,25.469999313354492,25.430023193359375,380000
2010-06-22,25.84000015258789,26.290000915527344,25.040000915527344,24.875261306762695,322500
2010-06-23,25.149999618530273,25.6200008392334,24.8799991607666,25.162546157836914,358400
2010-06-24,24.770000457763672,25.149999618530273,24.3700008392334,24.241241455078125,719300
2010-06-25,24.520000457763672,25.510000228881836,24.079999923706055,24.300682067871094,7388500
2010-06-28,24.649999618530273,24.780000686645508,23.799999237060547,24.043109893798828,797100
2010-06-29,23.670000076293945,23.950000762939453,22.860000610351562,22.76517105102539,676500
2010-06-30,23.049999237060547,23.469999313354492,22.31999969482422,22.111339569091797,580500
2010-07-01,22.309999465942383,22.3700008392334,20.450000762939453,20.595645904541016,1431700
2010-07-02,21.059999465942383,21.8799991607666,20.75,21.407978057861328,1070200
2010-07-06,22.030000686645508,22.030000686645508,21.15999984741211,21.160314559936523,1213500
2010-07-07,21.450000762939453,21.799999237060547,21.079999923706055,21.477323532104492,648800
2010-07-08,21.950000762939453,22.309999465942383,21.790000915527344,22.09152603149414,753600
2010-07-09,22.299999237060547,23.25,22.110000610351562,23.002927780151367,596100
2010-07-12,23.190000534057617,23.399999618530273,22.3799991607666,22.220312118530273,406800
2010-07-13,22.81999969482422,23.18000030517578,22.700000762939453,22.874141693115234,504100
2010-07-14,22.940000534057617,23.170000076293945,22.799999237060547,22.84442138671875,206200
2010-07-15,23.190000534057617,24.170000076293945,23.139999389648438,23.111900329589844,769000
2010-07-16,23.079999923706055,23.270000457763672,22.43000030517578,22.269845962524414,569200
2010-07-19,22.579999923706055,22.940000534057617,22.1200008392334,22.150970458984375,593900
2010-07-20,22.040000915527344,22.6299991607666,21.790000915527344,22.37881851196289,540400
2010-07-21,22.709999084472656,23.049999237060547,22.229999542236328,22.12125015258789,402900
2010-07-22,22.56999969482422,22.969999313354492,22.450000762939453,22.64629364013672,1056400
2010-07-23,22.709999084472656,24.260000228881836,22.690000534057617,23.785545349121094,655600
2010-07-26,24.209999084472656,25.56999969482422,23.780000686645508,24.964418411254883,722000
2010-07-27,25.510000228881836,25.600000381469727,24.280000686645508,24.379934310913086,328200
2010-07-28,24.989999771118164,25.270000457763672,23.84000015258789,23.953950881958008,518000
2010-07-29,24.549999237060547,24.549999237060547,23.270000457763672,23.587411880493164,597000
2010-07-30,23.780000686645508,24.709999084472656,23.309999465942383,23.963857650756836,470900
2010-08-02,24.670000076293945,25.530000686645508,24.3799991607666,24.76628875732422,481100
2010-08-03,24.84000015258789,25.360000610351562,24.5,24.76628875732422,306100
2010-08-04,25.020000457763672,25.700000762939453,25,25.241798400878906,244400
2010-08-05,25.40999984741211,25.59000015258789,25.030000686645508,24.865352630615234,227300
2010-08-06,24.770000457763672,24.959999084472656,24.020000457763672,24.617691040039062,274600
2010-08-09,24.8700008392334,24.90999984741211,24.360000610351562,24.4789981842041,395300
2010-08-10,24.350000381469727,24.65999984741211,24,24.280868530273438,257100
2010-08-11,23.989999771118164,24.329999923706055,23.6200008392334,23.498252868652344,292900
2010-08-12,23.309999465942383,24,23.09000015258789,23.59731674194336,243200
2010-08-13,23.690000534057617,23.90999984741211,23.520000457763672,23.33974838256836,185200
2010-08-16,23.549999237060547,23.959999084472656,23.18000030517578,23.438814163208008,318500
2010-08-17,23.920000076293945,24.690000534057617,23.760000228881836,24.300682067871094,242400
2010-08-18,24.670000076293945,24.8700008392334,23.84000015258789,23.745912551879883,389500
2010-08-19,23.829999923706055,23.989999771118164,22.899999618530273,22.755266189575195,298100
2010-08-20,22.979999542236328,23.079999923706055,22.34000015258789,22.715639114379883,259200
2010-08-23,23.09000015258789,23.170000076293945,22.389999389648438,22.20050048828125,220200
2010-08-24,22.209999084472656,22.31999969482422,21.6200008392334,21.913209915161133,618200
2010-08-25,22.06999969482422,22.520000457763672,21.729999542236328,22.259939193725586,424800
2010-08-26,22.540000915527344,22.8700008392334,21.700000762939453,21.63582992553711,250200
2010-08-27,21.969999313354492,22.84000015258789,21.5,22.567041397094727,309800
2010-08-30,22.600000381469727,22.84000015258789,21.90999984741211,21.705175399780273,209000
2010-08-31,21.90999984741211,22.450000762939453,21.68000030517578,21.77452278137207,285000
2010-09-01,22.43000030517578,22.899999618530273,22,22.269845962524414,312600
2010-09-02,22.5,24.18000030517578,22.229999542236328,23.894514083862305,333600
2010-09-03,24.450000762939453,25,24.209999084472656,24.35021209716797,312100
2010-09-07,24.520000457763672,24.790000915527344,24.280000686645508,24.161989212036133,208800
2010-09-08,24.360000610351562,24.920000076293945,24.170000076293945,24.19170570373535,235000
2010-09-09,24.559999465942383,25,24.190000534057617,24.370027542114258,291100
2010-09-10,24.6200008392334,25.25,24.389999389648438,24.914886474609375,349200
2010-09-13,25.280000686645508,25.889999389648438,25.270000457763672,25.40030288696289,323500
2010-09-14,25.5,25.959999084472656,25.3799991607666,25.420116424560547,208500
2010-09-15,25.65999984741211,25.899999618530273,25.43000030517578,25.43992805480957,191000
2010-09-16,25.65999984741211,26.25,25.469999313354492,25.75693702697754,367600
2010-09-17,26.260000228881836,26.56999969482422,25.8700008392334,26.25226593017578,649500
2010-09-20,26.540000915527344,26.540000915527344,26.079999923706055,25.95507049560547,366800
2010-09-21,26.329999923706055,26.3799991607666,26.059999465942383,25.945161819458008,499400
2010-09-22,26.190000534057617,26.5,25.520000457763672,25.538999557495117,272300
2010-09-23,25.520000457763672,26.31999969482422,25.520000457763672,25.558807373046875,211200
2010-09-24,26.139999389648438,26.75,26,26.490018844604492,155300
2010-09-27,26.760000228881836,26.760000228881836,26.1200008392334,26.03432273864746,153300
2010-09-28,26.440000534057617,26.709999084472656,25.899999618530273,26.410768508911133,235500
2010-09-29,26.56999969482422,26.59000015258789,25.969999313354492,26.301795959472656,204300
2010-09-30,26.670000076293945,27.530000686645508,26.299999237060547,27.143850326538086,606200
2010-10-01,27.530000686645508,27.530000686645508,26.329999923706055,26.450393676757812,613000
2010-10-04,26.549999237060547,28.3700008392334,26.530000686645508,28.005720138549805,793900
2010-10-05,28.440000534057617,28.6299991607666,28.059999465942383,28.18403434753418,450800
2010-10-06,28.459999084472656,29.639999389648438,28.450000762939453,28.907211303710938,697600
2010-10-07,28.06999969482422,28.329999923706055,27.610000610351562,27.718427658081055,2219700
2010-10-08,28.020000457763672,28.290000915527344,27.979999542236328,27.91655731201172,1580900
2010-10-11,28.25,28.25,27.940000534057617,27.678804397583008,397100
2010-10-12,27.940000534057617,28.110000610351562,27.899999618530273,27.6986141204834,563700
2010-10-13,28,28.239999771118164,27.829999923706055,27.876930236816406,358000
2010-10-14,28.040000915527344,28.290000915527344,27.93000030517578,27.985904693603516,334800
2010-10-15,28.280000686645508,28.600000381469727,27.940000534057617,27.777870178222656,426300
2010-10-18,28,28.3700008392334,27.780000686645508,27.985904693603516,242300
2010-10-19,27.93000030517578,28.25,27.290000915527344,27.143850326538086,321200
2010-10-20,27.350000381469727,27.690000534057617,26.93000030517578,26.757495880126953,415300
2010-10-21,27.170000076293945,27.59000015258789,26.81999969482422,26.89618682861328,304900
2010-10-22,27.290000915527344,27.459999084472656,26.850000381469727,27.114131927490234,133900
2010-10-25,27.440000534057617,28.059999465942383,27.260000228881836,27.421232223510742,342500
2010-10-26,27.549999237060547,27.549999237060547,26.899999618530273,26.648521423339844,439000
2010-10-27,26.799999237060547,27.559999465942383,26.549999237060547,26.767404556274414,421100
2010-10-28,27.030000686645508,27.559999465942383,26.940000534057617,26.707963943481445,475900
2010-10-29,26.90999984741211,27,26.06999969482422,25.865909576416016,934900
2010-11-01,26.3700008392334,26.600000381469727,25.90999984741211,25.75693702697754,577500
2010-11-02,26.100000381469727,26.940000534057617,25.68000030517578,26.361236572265625,504100
2010-11-03,26.579999923706055,26.889999389648438,26.09000015258789,26.272075653076172,294500
2010-11-04,26.809999465942383,27.100000381469727,26.649999618530273,26.5989933013916,382200
2010-11-05,26.8700008392334,27.059999465942383,26.309999465942383,26.2819881439209,323500
2010-11-08,26.270000457763672,26.530000686645508,25.959999084472656,25.85600471496582,307500
2010-11-09,26.049999237060547,26.079999923706055,25.59000015258789,25.598432540893555,498500
2010-11-10,25.809999465942383,25.93000030517578,25.309999465942383,25.449838638305664,772400
2010-11-11,25.420000076293945,26.15999984741211,25.420000076293945,25.558807373046875,237600
2010-11-12,25.639999389648438,25.850000381469727,25.040000915527344,25.053577423095703,576400
2010-11-15,25.3799991607666,25.530000686645508,24.290000915527344,24.26105499267578,663500
2010-11-16,24.40999984741211,24.84000015258789,24.309999465942383,24.449277877807617,642500
2010-11-17,24.81999969482422,24.90999984741211,24.399999618530273,24.280868530273438,229000
2010-11-18,24.780000686645508,25,24.5,24.7365665435791,368500
2010-11-19,24.899999618530273,25,24.6299991607666,24.43937110900879,377200
2010-11-22,28.389999389648438,29.6200008392334,27.110000610351562,29.253936767578125,5260000
2010-11-23,29.25,30.899999618530273,28.709999084472656,29.709638595581055,2518800
2010-11-24,30.059999465942383,30.389999389648438,28.989999771118164,29.095434188842773,1205500
2010-11-26,29.270000457763672,29.280000686645508,28.799999237060547,28.560482025146484,185900
2010-11-29,28.739999771118164,29.06999969482422,28.440000534057617,28.411884307861328,582700
2010-11-30,28.489999771118164,28.93000030517578,28.15999984741211,28.550575256347656,581500
2010-12-01,29.1200008392334,29.950000762939453,28.950000762939453,29.214309692382812,748200
2010-12-02,29.579999923706055,30.100000381469727,29.010000228881836,29.204404830932617,846000
2010-12-03,29.43000030517578,30.149999618530273,29.1200008392334,29.699729919433594,747400
2010-12-06,29.950000762939453,30.3700008392334,29.639999389648438,29.858234405517578,490800
2010-12-07,30.5,30.809999465942383,30.219999313354492,30.036550521850586,608000
2010-12-08,30.3700008392334,30.5,30.030000686645508,29.808704376220703,387700
2010-12-09,30.200000762939453,30.239999771118164,29.950000762939453,29.81861114501953,585300
2010-12-10,30.15999984741211,30.31999969482422,30.030000686645508,29.917675018310547,380700
2010-12-13,30.540000915527344,31,30.209999084472656,30.37337303161621,434000
2010-12-14,30.760000228881836,30.8799991607666,30.3700008392334,30.323841094970703,443400
2010-12-15,30.540000915527344,31.959999084472656,30.540000915527344,31.4234676361084,754200
2010-12-16,31.829999923706055,32.22999954223633,31.360000610351562,31.73056411743164,509500
2010-12-17,31.8700008392334,33.119998931884766,31.75,32.750946044921875,1362800
2010-12-20,33.20000076293945,33.849998474121094,32.150001525878906,32.750946044921875,750600
2010-12-21,32.77000045776367,33.939998626708984,32.5099983215332,33.33542251586914,399700
2010-12-22,33.7400016784668,33.7400016784668,33.11000061035156,33.157100677490234,405600
2010-12-23,33.2599983215332,33.529998779296875,33.060001373291016,33.18682098388672,358800
2010-12-27,33.33000183105469,33.90999984741211,33.22999954223633,33.37504577636719,280500
2010-12-28,33.65999984741211,33.65999984741211,33.25,33.18682098388672,294300
2010-12-29,33.4900016784668,33.59000015258789,33.31999969482422,33.008506774902344,396200
2010-12-30,33.400001525878906,33.560001373291016,33.2599983215332,33.06795120239258,380600
2010-12-31,33.2599983215332,33.41999816894531,32.83000183105469,32.52309036254883,329600
2011-01-03,32.689998626708984,34.13999938964844,32.689998626708984,33.50383377075195,411800
2011-01-04,33.7400016784668,33.81999969482422,33.119998931884766,32.94906234741211,305600
2011-01-05,33.20000076293945,33.810001373291016,33.060001373291016,32.97879409790039,342000
2011-01-06,33.36000061035156,34.349998474121094,33.220001220703125,33.9892578125,476100
2011-01-07,34.18000030517578,34.459999084472656,33.880001068115234,33.781211853027344,349800
2011-01-10,34.02000045776367,34.09000015258789,33.13999938964844,32.84009552001953,410000
2011-01-11,33.2599983215332,33.7599983215332,33,32.84009552001953,353600
2011-01-12,33.25,33.33000183105469,32.31999969482422,32.30514907836914,680000
2011-01-13,32.54999923706055,33.41999816894531,32.34000015258789,32.513179779052734,366400
2011-01-14,32.97999954223633,34.5,32.810001373291016,34.1774787902832,602400
2011-01-18,34.4900016784668,35.630001068115234,34.119998931884766,35.09878158569336,613900
2011-01-19,35.5,35.869998931884766,33.099998474121094,32.98869705200195,1072400
2011-01-20,33.380001068115234,33.900001525878906,32.939998626708984,33.50383377075195,502900
2011-01-21,33.959999084472656,34.119998931884766,33.220001220703125,32.96887969970703,274400
2011-01-24,33.2599983215332,33.77000045776367,33.150001525878906,33.058040618896484,401100
2011-01-25,33.349998474121094,33.709999084472656,33,33.3552360534668,282800
2011-01-26,33.75,34.939998626708984,33.75,34.14775848388672,407600
2011-01-27,34.459999084472656,35.41999816894531,34.45000076293945,34.54401779174805,520600
2011-01-28,34.90999984741211,34.90999984741211,33.36000061035156,33.13729476928711,361200
2011-01-31,33.400001525878906,34.20000076293945,33.400001525878906,33.36514663696289,257700
2011-02-01,33.689998626708984,34,33.400001525878906,33.38495635986328,497400
2011-02-02,33.56999969482422,34.849998474121094,33.56999969482422,34.246826171875,375100
2011-02-03,34.59000015258789,34.83000183105469,33.900001525878906,34.38551330566406,308600
2011-02-04,34.7400016784668,34.880001068115234,34.2599983215332,34.14775848388672,267700
2011-02-07,34.5,34.88999938964844,34.16999816894531,34.078407287597656,192600
2011-02-08,34.43000030517578,35.310001373291016,34.380001068115234,34.62327194213867,343000
2011-02-09,34.869998931884766,35.27000045776367,34.45000076293945,34.1279411315918,498300
2011-02-10,34.45000076293945,36.4900016784668,34.04999923706055,36.14887619018555,672900
2011-02-11,36.84000015258789,36.90999984741211,35.20000076293945,34.97990417480469,1035500
2011-02-14,36.099998474121094,38.099998474121094,35.93000030517578,37.35746383666992,2605300
2011-02-15,37.43000030517578,37.93000030517578,37.099998474121094,36.76307678222656,455000
2011-02-16,37.2599983215332,37.88999938964844,36.70000076293945,37.34756088256836,472700
2011-02-17,37.630001068115234,38.09000015258789,37.459999084472656,37.317840576171875,734300
2011-02-18,37.970001220703125,37.970001220703125,36.7599983215332,37.12961196899414,520700
2011-02-22,37.060001373291016,37.29999923706055,36.08000183105469,36.26775360107422,600000
2011-02-23,36.459999084472656,36.790000915527344,34.77000045776367,34.45486068725586,891400
2011-02-24,36.54999923706055,36.63999938964844,35.54999923706055,35.613922119140625,487300
2011-02-25,36.2599983215332,37,36.0099983215332,36.65410232543945,340100
2011-02-28,37.18000030517578,37.459999084472656,35.970001220703125,35.93092727661133,551600
2011-03-01,36.43000030517578,36.560001373291016,36.0099983215332,35.851680755615234,344700
2011-03-02,36.25,36.540000915527344,35.970001220703125,35.98046112060547,230100
2011-03-03,36.41999816894531,37.599998474121094,36.209999084472656,37.13951873779297,285900
2011-03-04,37.349998474121094,38.0099983215332,37.09000015258789,37.64475631713867,292300
2011-03-07,38.04999923706055,38.20000076293945,37.279998779296875,37.69429397583008,540100
2011-03-08,38.02000045776367,38.84000015258789,37.619998931884766,38.4273681640625,640800
2011-03-09,38.84000015258789,40.290000915527344,38.400001525878906,39.46755599975586,990900
2011-03-10,39.150001525878906,39.810001373291016,38.709999084472656,38.93260192871094,450600
2011-03-11,37.79999923706055,39.36000061035156,37.70000076293945,38.31839370727539,554000
2011-03-14,38.400001525878906,39.25,38.0099983215332,38.59577941894531,492300
2011-03-15,38.09000015258789,38.70000076293945,37.869998931884766,38.1599006652832,320400
2011-03-16,38.5,38.970001220703125,38.31999969482422,38.149986267089844,348700
2011-03-17,38.72999954223633,39.27000045776367,38.560001373291016,38.46699905395508,235500
2011-03-18,39.209999084472656,39.380001068115234,38.709999084472656,38.44718551635742,714900
2011-03-21,39.18000030517578,40.25,38.959999084472656,39.54680633544922,400200
2011-03-22,39.83000183105469,40.150001525878906,39.36000061035156,39.5765266418457,382700
2011-03-23,39.72999954223633,40.09000015258789,39.04999923706055,39.12083053588867,284400
2011-03-24,39.88999938964844,41.380001068115234,39.650001525878906,40.71577835083008,425600
2011-03-25,41.16999816894531,41.689998626708984,41.119998931884766,40.95353698730469,485300
2011-03-28,41.5099983215332,42.09000015258789,40.54999923706055,41.34979248046875,476500
2011-03-29,41.849998474121094,43.54999923706055,41.68000030517578,43.063621520996094,676200
2011-03-30,43.77000045776367,45.11000061035156,43.58000183105469,44.26231002807617,829500
2011-03-31,44.5,45,44.11000061035156,44.51987838745117,425900
2011-04-01,44.779998779296875,45.310001373291016,44.540000915527344,44.83688735961914,609300
2011-04-04,45.20000076293945,45.970001220703125,45.09000015258789,45.00529861450195,587200
2011-04-05,45.15999984741211,46.459999084472656,45.15999984741211,45.718570709228516,834300
2011-04-06,46.41999816894531,46.81999969482422,44.439998626708984,44.54960250854492,685700
2011-04-07,44.630001068115234,44.63999938964844,42.58000183105469,43.192405700683594,1574900
2011-04-08,43.959999084472656,44.25,41.83000183105469,42.300819396972656,1109400
2011-04-11,43.0099983215332,43.91999816894531,42.54999923706055,43.49950408935547,877300
2011-04-12,43.5,43.900001525878906,42.599998474121094,42.44941711425781,573300
2011-04-13,43.4900016784668,45.380001068115234,43.4900016784668,44.32175064086914,1159300
2011-04-14,44.220001220703125,45.400001525878906,44.130001068115234,44.42080307006836,630600
2011-04-15,45.130001068115234,45.84000015258789,44.68000030517578,45.41147232055664,600600
2011-04-18,45.959999084472656,49.439998626708984,45.2400016784668,48.195194244384766,1788500
2011-04-19,48.79999923706055,49.34000015258789,47.54999923706055,47.35314178466797,1046000
2011-04-20,48.959999084472656,49.7599983215332,47.939998626708984,49.2254753112793,757900
2011-04-21,49.900001525878906,50.150001525878906,49.220001220703125,49.284915924072266,634900
2011-04-25,49.970001220703125,50.22999954223633,48.66999816894531,49.39387893676758,525700
2011-04-26,50,52.220001220703125,50,51.652565002441406,1398200
2011-04-27,56,71.73999786376953,54.95000076293945,66.42318725585938,9611500
2011-04-28,65.83999633789062,67.5199966430664,58.06999969482422,64.0060043334961,10900000
2011-04-29,62.25,62.59000015258789,50.75,50.56284713745117,8270100
2011-05-02,51.119998931884766,54.189998626708984,50.02000045776367,53.207889556884766,2578200
2011-05-03,53.459999084472656,56,49.33000183105469,50.632198333740234,2203700
2011-05-04,51.06999969482422,51.84000015258789,47.529998779296875,47.551265716552734,2000500
2011-05-05,47.61000061035156,49.83000183105469,46.599998474121094,46.61015319824219,1100000
2011-05-06,47.7599983215332,51.290000915527344,47.68000030517578,49.780235290527344,1132300
2011-05-09,51.18000030517578,52.84000015258789,50.400001525878906,51.553504943847656,756500
2011-05-10,52.34000015258789,52.810001373291016,50.900001525878906,51.890323638916016,713000
2011-05-11,52.29999923706055,52.97999954223633,51.529998779296875,51.632755279541016,727400
2011-05-12,51.77000045776367,52.709999084472656,50.75,52.18751525878906,407000
2011-05-13,52.400001525878906,53.45000076293945,51.880001068115234,52.53424835205078,780300
2011-05-16,52.27000045776367,54.09000015258789,52.15999984741211,52.702659606933594,940600
2011-05-17,53,54.290000915527344,52.560001373291016,53.01966857910156,758000
2011-05-18,53.849998474121094,55.7400016784668,53.22999954223633,55.119850158691406,650900
2011-05-19,55.849998474121094,56.459999084472656,54.65999984741211,54.32732391357422,996400
2011-05-20,54.790000915527344,57.40999984741211,54.790000915527344,56.37797164916992,863500
2011-05-23,56.34000015258789,56.34000015258789,54.880001068115234,54.88209533691406,816900
2011-05-24,55.65999984741211,57.66999816894531,55.43000030517578,56.496856689453125,921700
2011-05-25,56.88999938964844,58.599998474121094,56.560001373291016,57.754981994628906,812600
2011-05-26,58.25,59.27000045776367,57.630001068115234,58.101715087890625,632400
2011-05-27,59,59.099998474121094,58,57.72526168823242,611000
2011-05-31,59.06999969482422,60.380001068115234,58.4900016784668,59.45890426635742,2231000
2011-06-01,59.83000183105469,59.9900016784668,57.720001220703125,57.40825653076172,610000
2011-06-02,59.27000045776367,60,57.95000076293945,58.50787353515625,528700
2011-06-03,57.970001220703125,58.77000045776367,57.349998474121094,57.49741744995117,437100
2011-06-06,57.88999938964844,58.36000061035156,56.20000076293945,55.823211669921875,443000
2011-06-07,57.34000015258789,59.040000915527344,56.91999816894531,57.764892578125,492500
2011-06-08,57.97999954223633,58.29999923706055,56.54999923706055,56.22937774658203,447200
2011-06-09,57.02000045776367,57.02000045776367,55.18000030517578,55.248634338378906,1242900
2011-06-10,55.66999816894531,56.279998779296875,53.5099983215332,54.069759368896484,1445800
2011-06-13,54.70000076293945,55.220001220703125,53.08000183105469,53.42583465576172,612200
2011-06-14,54.36000061035156,56.310001373291016,53.130001068115234,54.51554489135742,935500
2011-06-15,57.5,61.04999923706055,57.5,57.27947235107422,1950700
2011-06-16,57.77000045776367,58.2400016784668,55.56999969482422,56.18975067138672,1057000
2011-06-17,59.06999969482422,59.91999816894531,53.689998626708984,53.514991760253906,1900600
2011-06-20,54.02000045776367,54.31999969482422,52.5,52.71257019042969,1683100
2011-06-21,53.599998474121094,54.220001220703125,52.7400016784668,52.50453186035156,1311100
2011-06-22,53,53.880001068115234,52.70000076293945,52.32621383666992,520600
2011-06-23,52.630001068115234,53.4900016784668,51.380001068115234,52.75218963623047,672000
2011-06-24,53.279998779296875,53.56999969482422,51.720001220703125,52.39555740356445,1238300
2011-06-27,52.70000076293945,53.68000030517578,52.5,52.5639762878418,435300
2011-06-28,53.04999923706055,55.459999084472656,52.75,54.584896087646484,601100
2011-06-29,55.099998474121094,56.459999084472656,54.720001220703125,55.109947204589844,628000
2011-06-30,55.40999984741211,56.7400016784668,55.380001068115234,56.17984390258789,796800
2011-07-01,56.459999084472656,57.84000015258789,55.72999954223633,57.21012878417969,633500
2011-07-05,57.709999084472656,59.86000061035156,57.0099983215332,59.19142150878906,729900
2011-07-06,59.5099983215332,60.84000015258789,59.220001220703125,59.02301788330078,880900
2011-07-07,60,61.279998779296875,59.59000015258789,60.14244842529297,551000
2011-07-08,59.939998626708984,60.790000915527344,59.02000045776367,59.082454681396484,512400
2011-07-11,59.04999923706055,59.16999816894531,57.150001525878906,57.02189636230469,525600
2011-07-12,57.54999923706055,57.970001220703125,56.5,56.6157341003418,592100
2011-07-13,57.22999954223633,57.95000076293945,56.59000015258789,56.06096649169922,585000
2011-07-14,57.06999969482422,57.86000061035156,55.81999969482422,55.615169525146484,537200
2011-07-15,56.25,56.66999816894531,55.4900016784668,55.070316314697266,561600
2011-07-18,55.52000045776367,55.91999816894531,54.86000061035156,55.27835464477539,555900
2011-07-19,56.060001373291016,59.25,56.060001373291016,58.60694122314453,1135100
2011-07-20,59.220001220703125,59.22999954223633,57.40999984741211,57.86395263671875,435200
2011-07-21,58.86000061035156,59.58000183105469,56.029998779296875,56.883209228515625,952000
2011-07-22,57.45000076293945,57.84000015258789,56.939998626708984,56.9327392578125,393200
2011-07-25,56.939998626708984,56.939998626708984,55.58000183105469,55.129756927490234,623200
2011-07-26,55.7599983215332,56,53.439998626708984,53.01966857910156,832300
2011-07-27,53.83000183105469,54.040000915527344,52.31999969482422,52.157798767089844,1110800
2011-07-28,54.20000076293945,56.630001068115234,52.4900016784668,52.13798904418945,1147500
2011-07-29,52.189998626708984,53.810001373291016,51.5099983215332,52.5639762878418,937400
2011-08-01,54,54.18000030517578,52,52.16770935058594,896100
2011-08-02,52.34000015258789,53.38999938964844,51.22999954223633,51.81106948852539,1019600
2011-08-03,52.38999938964844,52.77000045776367,47.84000015258789,51.474246978759766,976600
2011-08-04,50.77000045776367,50.790000915527344,47.349998474121094,47.27389144897461,1979000
2011-08-05,48.279998779296875,48.959999084472656,44.40999984741211,46.37239456176758,994100
2011-08-08,45.349998474121094,47.060001373291016,42.83000183105469,44.53969192504883,1878200
2011-08-09,45.619998931884766,48.349998474121094,44.060001373291016,47.78902816772461,1303000
2011-08-10,47.9900016784668,48.95000076293945,45.369998931884766,46.6596794128418,1171000
2011-08-11,48.13999938964844,50.9900016784668,47.11000061035156,49.651451110839844,1163900
2011-08-12,51,56.7400016784668,50.209999084472656,53.67349624633789,1556300
2011-08-15,54.7400016784668,58.470001220703125,54.7400016784668,57.626190185546875,1079400
2011-08-16,57.58000183105469,57.9900016784668,56,56.883209228515625,1205300
2011-08-17,56.2599983215332,57.40999984741211,54.5099983215332,55.3972282409668,2967400
2011-08-18,54.060001373291016,54.43000030517578,52.040000915527344,52.702659606933594,1353700
2011-08-19,52.290000915527344,55.08000183105469,51.900001525878906,53.86172866821289,1597900
2011-08-22,55.15999984741211,55.77000045776367,52.91999816894531,52.91069412231445,1125300
2011-08-23,53.779998779296875,57.52000045776367,53.06999969482422,56.96246337890625,1158000
2011-08-24,57.4900016784668,57.4900016784668,55.33000183105469,56.269004821777344,756100
2011-08-25,57,57.90999984741211,55.630001068115234,55.76376724243164,734600
2011-08-26,53.59000015258789,56.15999984741211,52.22999954223633,55.28826141357422,1413500
2011-08-29,56.369998931884766,58.810001373291016,56.150001525878906,58.07198715209961,971900
2011-08-30,57.95000076293945,59.560001373291016,57.560001373291016,58.904136657714844,1150200
2011-08-31,59.5,63.45000076293945,58.470001220703125,58.478153228759766,1767700
2011-09-01,59.439998626708984,60.13999938964844,58.25,58.904136657714844,750900
2011-09-02,58.38999938964844,68.5999984741211,58.380001068115234,64.17440795898438,4892700
2011-09-06,63.0099983215332,68.95999908447266,62.54999923706055,67.90917205810547,2054600
2011-09-07,68.25,71.5,67.0199966430664,70.60372924804688,2038200
2011-09-08,70.6500015258789,74.83999633789062,70.3499984741211,71.51512908935547,2065200
2011-09-09,68.66999816894531,69.5,64.06999969482422,65.00656127929688,2172000
2011-09-12,63.400001525878906,66.66000366210938,63.029998779296875,64.93720245361328,1273600
2011-09-13,65.87999725341797,66.98999786376953,64.2699966430664,65.02635955810547,1421800
2011-09-14,66.44000244140625,66.44000244140625,63.25,62.9162712097168,1269800
2011-09-15,64.26000213623047,64.26000213623047,61,61.450111389160156,1681600
2011-09-16,62.4900016784668,62.959999084472656,59.970001220703125,59.63722229003906,1360800
2011-09-19,60,65.62999725341797,59.68000030517578,64.31309509277344,1895400
2011-09-20,64.27999877929688,65.02999877929688,62.7599983215332,63.7484245300293,1146100
2011-09-21,65.20999908447266,79.9000015258789,63.79999923706055,69.62297821044922,4927700
2011-09-22,67.7699966430664,70,65.87000274658203,65.8089828491211,2219900
2011-09-23,66.0199966430664,66.58000183105469,65.27999877929688,65.57122802734375,598500
2011-09-26,66.97000122070312,67.77999877929688,63.130001068115234,63.65925979614258,928800
2011-09-27,65.48999786376953,65.61000061035156,63.0099983215332,62.50020217895508,641500
2011-09-28,63.95000076293945,64.48999786376953,61.02000045776367,60.51890182495117,784200
2011-09-29,62.310001373291016,62.599998474121094,57.75,59.37964630126953,647000
2011-09-30,58.720001220703125,59.720001220703125,57.43000030517578,57.65591812133789,897600
2011-10-03,57.369998931884766,58.900001525878906,55.36000061035156,54.91181182861328,930500
2011-10-04,55,57.650001525878906,54.029998779296875,57.01198959350586,1289500
2011-10-05,56.790000915527344,59.97999954223633,55.540000915527344,58.62675857543945,2832900
2011-10-06,59.119998931884766,64.83000183105469,58.400001525878906,64.12487030029297,1244500
2011-10-07,64.70999908447266,64.88999938964844,62.650001525878906,62.43085479736328,757300
2011-10-10,63.869998931884766,66.47000122070312,63.09000015258789,65.38299560546875,819500
2011-10-11,65.69999694824219,66.38999938964844,64.12999725341797,63.7484245300293,459900
2011-10-12,65.18000030517578,65.4800033569336,62.400001525878906,62.411048889160156,805100
2011-10-13,63.72999954223633,65.9800033569336,63.060001373291016,64.49140930175781,862900
2011-10-14,65,65.44999694824219,63.27000045776367,63.3521614074707,494200
2011-10-17,64,64.66000366210938,62.83000183105469,64.02581024169922,961400
2011-10-18,60.15999984741211,62,59.27000045776367,59.92451095581055,4916700
2011-10-19,60.5,61.849998474121094,59.380001068115234,59.53815460205078,1677400
2011-10-20,60.13999938964844,61.31999969482422,59.70000076293945,60.251426696777344,1064100
2011-10-21,61.52000045776367,62.810001373291016,60.220001220703125,61.58879852294922,1782800
2011-10-24,63.220001220703125,63.68000030517578,60.619998931884766,60.16226577758789,1208800
2011-10-25,60.65999984741211,60.720001220703125,56.060001373291016,56.55629348754883,1341700
2011-10-26,60.59000015258789,60.59000015258789,56.45000076293945,57.1308708190918,975900
2011-10-27,59.4900016784668,60.4900016784668,54.65999984741211,55.902462005615234,1531500
2011-10-28,56.38999938964844,56.599998474121094,54.7599983215332,55.1396598815918,789900
2011-10-31,54.54999923706055,55.81999969482422,54.54999923706055,54.783023834228516,638400
2011-11-01,54.279998779296875,55.97999954223633,52.88999938964844,54.446205139160156,921300
2011-11-02,55.95000076293945,56.36000061035156,53.2599983215332,55.18918991088867,838200
2011-11-03,55.72999954223633,56.099998474121094,53.70000076293945,54.3669548034668,473200
2011-11-04,54.61000061035156,57.63999938964844,54.34000015258789,55.89255905151367,1062800
2011-11-07,56.209999084472656,56.5,53.70000076293945,54.07966232299805,442800
2011-11-08,54.86000061035156,55.15999984741211,53.75,54.317420959472656,425200
2011-11-09,54.029998779296875,55.790000915527344,53.810001373291016,53.554622650146484,432100
2011-11-10,54.45000076293945,54.68000030517578,52.66999816894531,52.96023178100586,1203700
2011-11-11,54.38999938964844,54.5,52.849998474121094,52.4351806640625,705700
2011-11-14,53.22999954223633,55.060001373291016,53.18000030517578,53.48527908325195,588700
2011-11-15,54.02000045776367,54.20000076293945,52.34000015258789,52.44508361816406,573800
2011-11-16,52.81999969482422,52.849998474121094,50.529998779296875,50.265655517578125,945500
2011-11-17,50.45000076293945,52.2599983215332,50.45000076293945,50.65201187133789,815600
2011-11-18,51.5,52.2400016784668,49.58000183105469,49.3443489074707,1603300
2011-11-21,52.619998931884766,57,51.09000015258789,54.48583221435547,4301200
2011-11-22,55,56.86000061035156,54.66999816894531,56.19965744018555,1287600
2011-11-23,56.13999938964844,56.63999938964844,54.869998931884766,54.57499694824219,859800
2011-11-25,55,56.150001525878906,53.5,53.2772331237793,331100
2011-11-28,55,57.54999923706055,54.439998626708984,56.823768615722656,968500
2011-11-29,57.31999969482422,58.529998779296875,55.58000183105469,55.26845169067383,963100
2011-11-30,56.65999984741211,59.709999084472656,56.65999984741211,58.864505767822266,981500
2011-12-01,59.099998474121094,60.2599983215332,58.689998626708984,59.647125244140625,761700
2011-12-02,60.349998474121094,60.380001068115234,58.20000076293945,57.73516845703125,666100
2011-12-05,54,56.060001373291016,53.310001373291016,54.54526901245117,2057100
2011-12-06,55.650001525878906,55.650001525878906,54.02000045776367,53.931068420410156,1249800
2011-12-07,54.060001373291016,54.13999938964844,51.849998474121094,52.6927490234375,1340500
2011-12-08,52.79999923706055,53.720001220703125,50.880001068115234,50.909576416015625,1140700
2011-12-09,51.709999084472656,54.060001373291016,51.470001220703125,52.880977630615234,994100
2011-12-12,52.81999969482422,53.290000915527344,51.95000076293945,52.544151306152344,979000
2011-12-13,53.27000045776367,53.779998779296875,51.099998474121094,51.1473388671875,1004400
2011-12-14,51.34000015258789,52.09000015258789,50.27000045776367,51.28602981567383,836000
2011-12-15,52.04999923706055,52.83000183105469,51.33000183105469,51.4643440246582,761900
2011-12-16,51.77000045776367,53.720001220703125,50.33000183105469,52.50453186035156,13646100
2011-12-19,53.09000015258789,53.91999816894531,52.45000076293945,52.702659606933594,1329000
2011-12-20,53.810001373291016,56.040000915527344,53.77000045776367,54.51554489135742,1393400
2011-12-21,55.0099983215332,55.38999938964844,53,53.911251068115234,975900
2011-12-22,54.4900016784668,54.7400016784668,53.88999938964844,53.4555549621582,427300
2011-12-23,54.220001220703125,55.9900016784668,54,55.050506591796875,683900
2011-12-27,55.349998474121094,56.09000015258789,55.310001373291016,55.26845169067383,446200
2011-12-28,55.54999923706055,55.9900016784668,55.119998931884766,54.832557678222656,458100
2011-12-29,55.15999984741211,56.43000030517578,55.119998931884766,55.773677825927734,583300
2011-12-30,56.29999923706055,56.56999969482422,55.41999816894531,54.91181182861328,499000
2012-01-03,56.5099983215332,57.970001220703125,56.2400016784668,55.902462005615234,773900
2012-01-04,56.470001220703125,57.9900016784668,56.0099983215332,57.28937530517578,1864000
2012-01-05,57.72999954223633,62.20000076293945,57.70000076293945,60.370296478271484,2301200
2012-01-06,61.91999816894531,66,61.7400016784668,65.17496490478516,2495800
2012-01-09,66.01000213623047,68.41999816894531,65.22000122070312,64.86785888671875,1349800
2012-01-10,74.3499984741211,75.83000183105469,72,73.74408721923828,4556700
2012-01-11,74.0999984741211,77.44000244140625,73.69000244140625,76.63678741455078,2613800
2012-01-12,77.01000213623047,79.97000122070312,77,77.52838897705078,2335500
2012-01-13,78.33999633789062,79.88999938964844,77.77999877929688,78.18222045898438,1818000
2012-01-17,77.7699966430664,78.80999755859375,77.41999816894531,77.26091003417969,1745200
2012-01-18,77.9800033569336,79.29000091552734,76.69000244140625,78.18222045898438,1124000
2012-01-19,78.52999877929688,80.77999877929688,78.27999877929688,79.01436614990234,1068000
2012-01-20,79.73999786376953,79.80999755859375,77.44000244140625,77.59772491455078,659600
2012-01-23,78.66999816894531,79.9800033569336,78.02999877929688,77.815673828125,590800
2012-01-24,78.37999725341797,80.33000183105469,78.05999755859375,78.66764068603516,452000
2012-01-25,80.37000274658203,83.13999938964844,79.4000015258789,82.125,863600
2012-01-26,82.95999908447266,83.4000015258789,81.69999694824219,81.08483123779297,741100
2012-01-27,81.55000305175781,86.1500015258789,81.55000305175781,84.74034118652344,1136000
2012-01-30,86.75,89.08000183105469,85,88.0490951538086,1481700
2012-01-31,89.41999816894531,91.75,88.37999725341797,90.0105972290039,1250900
2012-02-01,90.45999908447266,93.0999984741211,89.91999816894531,91.56592559814453,1254600
2012-02-02,92.94000244140625,95.20999908447266,92.06999969482422,94.1218032836914,1058000
2012-02-03,95.54000091552734,97.55999755859375,95,95.95451354980469,1044700
2012-02-06,94.77999877929688,101.72000122070312,94.7300033569336,100.1944808959961,1706600
2012-02-07,101.41000366210938,101.93000030517578,99.0999984741211,99.40196228027344,1506400
2012-02-08,100.7300033569336,102.86000061035156,98.58999633789062,101.73989868164062,1405500
2012-02-09,102.51000213623047,105.41999816894531,101.41000366210938,102.63150024414062,1526200
2012-02-10,103,103.83999633789062,101.29000091552734,101.12569427490234,809100
2012-02-13,112.54000091552734,116.93000030517578,109.7699966430664,113.57819366455078,4161600
2012-02-14,113.25,114.43000030517578,107.58999633789062,109.07072448730469,2461500
2012-02-15,109.55999755859375,111.5,107.08000183105469,107.6243667602539,1348000
2012-02-16,107.7699966430664,108.5,105.7300033569336,104.84064483642578,1440200
2012-02-17,105.77999877929688,105.91999816894531,102.08000183105469,102.31448364257812,1634300
2012-02-21,102.72000122070312,103.2300033569336,97.4000015258789,98.33206939697266,2759000
2012-02-22,98,100.06999969482422,94.22000122070312,98.65898132324219,1944100
2012-02-23,99.4800033569336,104.55000305175781,99.22000122070312,102.3541030883789,1444500
2012-02-24,102.69000244140625,103.81999969482422,101.0999984741211,102.25505065917969,780000
2012-02-27,102.55999755859375,106.62999725341797,102.16000366210938,104.94962310791016,934800
2012-02-28,105.83999633789062,107.44999694824219,103.88999938964844,104.18682098388672,842700
2012-02-29,105.33999633789062,106.43000030517578,104.37000274658203,103.81037139892578,784800
2012-03-01,104.31999969482422,107.63999938964844,102.0199966430664,106.5544662475586,946700
2012-03-02,107.25,110.25,106.93000030517578,107.78288269042969,982800
2012-03-05,108.66000366210938,110.12999725341797,107.83000183105469,107.6937255859375,864900
2012-03-06,107.66000366210938,108.79000091552734,102.81999969482422,103.23578643798828,913100
2012-03-07,104.55999755859375,105.91000366210938,103.62999725341797,103.92923736572266,424000
2012-03-08,106.41000366210938,108.1500015258789,105.33000183105469,105.20718383789062,498200
2012-03-09,106.05000305175781,107.5,106.05000305175781,106.2077407836914,338300
2012-03-12,108.16999816894531,112.70999908447266,108.05999755859375,109.12025451660156,1108300
2012-03-13,110.55999755859375,112.06999969482422,109.48999786376953,111.02232360839844,660700
2012-03-14,111.62999725341797,113,110.23999786376953,109.6948471069336,613700
2012-03-15,111.19999694824219,115.98999786376953,110.01000213623047,114.66791534423828,855000
2012-03-16,115.31999969482422,118.12000274658203,114.54000091552734,114.25182342529297,1313500
2012-03-19,115.12999725341797,116.33999633789062,113.8499984741211,114.27163696289062,591100
2012-03-20,114.87000274658203,117.38999938964844,113.62000274658203,115.37126922607422,811200
2012-03-21,116.55000305175781,119.41000366210938,115,116.33220672607422,1121700
2012-03-22,117.45999908447266,118.51000213623047,115.69000244140625,116.89688873291016,688900
2012-03-23,118.5999984741211,119.3499984741211,116.30999755859375,118.06584930419922,551400
2012-03-26,119.26000213623047,121.38999938964844,118.02999877929688,118.83855438232422,1284400
2012-03-27,119.9000015258789,120.0999984741211,116.05000305175781,115.10379791259766,671600
2012-03-28,115.94999694824219,117.83999633789062,113.11000061035156,115.04434967041016,723000
2012-03-29,115.33000183105469,115.47000122070312,112.55000305175781,113.56829071044922,554100
2012-03-30,115.52999877929688,117.19999694824219,114.52999877929688,115.52978515625,766300
2012-04-02,117.45999908447266,121.55000305175781,116,119.07630920410156,1010100
2012-04-03,120.5,124.48999786376953,120.45999908447266,123.3261947631836,895600
2012-04-04,123.30000305175781,123.5,119.80000305175781,120.90901184082031,1332500
2012-04-05,122.16000366210938,123.87999725341797,120.91000366210938,122.28602600097656,683800
2012-04-09,122.12000274658203,122.41999816894531,119.6500015258789,119.99760437011719,465700
2012-04-10,120.93000030517578,122.69999694824219,115.91999816894531,115.92604064941406,759400
2012-04-11,118.47000122070312,121.5,117.7699966430664,120.27499389648438,870400
2012-04-12,123.20999908447266,124,121.48999786376953,121.85012817382812,760900
2012-04-13,122.79000091552734,123.95999908447266,121.5,121.45386505126953,497300
2012-04-16,123.36000061035156,124.5,119.51000213623047,121.39443969726562,579300
2012-04-17,123.25,125,122.94000244140625,122.29592895507812,627000
2012-04-18,123.20999908447266,124.7699966430664,122.43000030517578,122.929931640625,497600
2012-04-19,124.31999969482422,127.80000305175781,124.31999969482422,124.81217193603516,743700
2012-04-20,126.0199966430664,128,125.29000091552734,125.19852447509766,447900
2012-04-23,125.05000305175781,126.31999969482422,122.16000366210938,125.11930084228516,723200
2012-04-24,125.55000305175781,125.55000305175781,122.27999877929688,121.39443969726562,783600
2012-04-25,123.58000183105469,127.80999755859375,123.05000305175781,125.92170715332031,950200
2012-04-26,143.05999755859375,145.0399932861328,138.0399932861328,137.30429077148438,3220300
2012-04-27,137.4199981689453,141.1199951171875,135.58999633789062,138.70111083984375,1057400
2012-04-30,140.1199951171875,141.41000366210938,135.1999969482422,133.99551391601562,1388300
2012-05-01,134.94000244140625,137.5399932861328,133.5800018310547,133.12374877929688,1288600
2012-05-02,134.0800018310547,138.72999572753906,134,136.02633666992188,573900
2012-05-03,137.1999969482422,138.72999572753906,132.9499969482422,132.6680450439453,548700
2012-05-04,132.52999877929688,132.5500030517578,129.32000732421875,130.1715850830078,658000
2012-05-07,131.11000061035156,132,129.38999938964844,129.07196044921875,706800
2012-05-08,128.97000122070312,131.5,125.6500015258789,129.70599365234375,1405200
2012-05-09,127.63999938964844,130.69000244140625,126.45999908447266,128.1903076171875,849300
2012-05-10,130.47999572753906,132.02999877929688,129.5800018310547,129.91404724121094,592000
2012-05-11,130.47000122070312,135,130.47000122070312,132.83645629882812,796900
2012-05-14,132.92999267578125,134.10000610351562,129.86000061035156,130.37965393066406,513800
2012-05-15,132.19000244140625,133.1300048828125,130.6300048828125,129.87440490722656,762400
2012-05-16,131.6999969482422,132.99000549316406,129.97000122070312,129.8942108154297,798900
2012-05-17,131.60000610351562,132.94000244140625,125.5,124.56450653076172,1254800
2012-05-18,126.44000244140625,126.44000244140625,119.48999786376953,119.10602569580078,1302100
2012-05-21,120.38999938964844,126.5,120.08999633789062,124.99049377441406,1166900
2012-05-22,126.41999816894531,130.14999389648438,124.94000244140625,124.89142608642578,768900
2012-05-23,125.23999786376953,127.94000244140625,122.4800033569336,126.35759735107422,709000
2012-05-24,127.36000061035156,129.75,126.5199966430664,128.49742126464844,579600
2012-05-25,130,132.33999633789062,128.3300018310547,130.93438720703125,824300
2012-05-29,134.00999450683594,136,131.0500030517578,134.72862243652344,1407000
2012-05-30,134.86000061035156,137.5,132.64999389648438,134.48092651367188,1165500
2012-05-31,137.82000732421875,137.82000732421875,131.4600067138672,134.38186645507812,3753500
2012-06-01,133.22999572753906,133.22999572753906,122.56999969482422,122.77144622802734,1777400
2012-06-04,122.6500015258789,126.19999694824219,121.01000213623047,124.76265716552734,993600
2012-06-05,126.44000244140625,129.5,125.0999984741211,127.84357452392578,669000
2012-06-06,130.5,134,129.7100067138672,131.77647399902344,713300
2012-06-07,134.05999755859375,134.89999389648438,128.80999755859375,127.78414154052734,651900
2012-06-08,127.6500015258789,130.41000366210938,126.01000213623047,128.40823364257812,539000
2012-06-11,131.1999969482422,131.99000549316406,126.55000305175781,125.6938705444336,638600
2012-06-12,127.55999755859375,128.66000366210938,124.77999877929688,126.65479278564453,561500
2012-06-13,123.81999969482422,124.58999633789062,110.54000091552734,110.8340835571289,4471500
2012-06-14,112.5,112.80000305175781,108.66000366210938,109.85334777832031,1987000
2012-06-15,111.3499984741211,114.37999725341797,110,112.78567504882812,1347100
2012-06-18,113.1500015258789,117.47000122070312,113.11000061035156,115.83687591552734,1153300
2012-06-19,117.2300033569336,118.47000122070312,115.16000366210938,114.90565490722656,921100
2012-06-20,116.27999877929688,117,114.72000122070312,114.14287567138672,822700
2012-06-21,115.38999938964844,116.68000030517578,114.29000091552734,113.58809661865234,531500
2012-06-22,115.41000366210938,116.33999633789062,113.08000183105469,114.81651306152344,972000
2012-06-25,114.08000183105469,115,111.66999816894531,112.8847427368164,533000
2012-06-26,114.5999984741211,116.6500015258789,113.95999908447266,115.00472259521484,577700
2012-06-27,114.93000030517578,116.5199966430664,112.56999969482422,112.63707733154297,552700
2012-06-28,113.26000213623047,113.66000366210938,107.30999755859375,109.62550354003906,944300
2012-06-29,112.66000366210938,114.97000122070312,112.04000091552734,113.15221405029297,648100
2012-07-02,115.1500015258789,120.76000213623047,114.0199966430664,119.6310806274414,982200
2012-07-03,121,123.4800033569336,120.91000366210938,121.15667724609375,466400
2012-07-05,121.41000366210938,122.69999694824219,119.61000061035156,119.65088653564453,548800
2012-07-06,120.19999694824219,120.75,118.55000305175781,118.42247772216797,380800
2012-07-09,119.3499984741211,119.9000015258789,116.05000305175781,115.9062271118164,648300
2012-07-10,117.9800033569336,119,115.23999786376953,114.79668426513672,638500
2012-07-11,115.55999755859375,115.72000122070312,111.9000015258789,111.71577453613281,730600
2012-07-12,112.73999786376953,118,111.5,115.92604064941406,775700
2012-07-13,116.97000122070312,118.11000061035156,116.12999725341797,116.54023742675781,472900
2012-07-16,117.5199966430664,119.36000061035156,117.06999969482422,117.61013793945312,524900
2012-07-17,119.29000091552734,122.38999938964844,117.80000305175781,120.87928771972656,579600
2012-07-18,121.58000183105469,124.8499984741211,121.54000091552734,122.77144622802734,650700
2012-07-19,123.93000030517578,124.47000122070312,120,119.48248291015625,445200
2012-07-20,120.36000061035156,122.23999786376953,120.01000213623047,120.51275634765625,408800
2012-07-23,122.12000274658203,123.33999633789062,118.01000213623047,121.35479736328125,583800
2012-07-24,123.69000244140625,124.91000366210938,120.8499984741211,120.3047103881836,913700
2012-07-25,135.1300048828125,135.3800048828125,118.12999725341797,127.63553619384766,3648100
2012-07-26,130.2100067138672,136.42999267578125,130,134.37197875976562,1721600
2012-07-27,136.4199981689453,138.67999267578125,136.10000610351562,135.6201629638672,752800
2012-07-30,137.67999267578125,138.33999633789062,134.4199981689453,134.20355224609375,686400
2012-07-31,134,136.30999755859375,133,133.39120483398438,966000
2012-08-01,136.3000030517578,138.25,133.60000610351562,132.7572021484375,769400
2012-08-02,133.33999633789062,136.6999969482422,131.24000549316406,135.1942138671875,573000
2012-08-03,138.92999267578125,141.17999267578125,136.27000427246094,135.67962646484375,678900
2012-08-06,137.38999938964844,138.75999450683594,135.4199981689453,136.1650390625,443700
2012-08-07,137.72999572753906,140.4499969482422,135.8800048828125,138.1760711669922,622900
2012-08-08,138.52000427246094,141.9600067138672,138.00999450683594,138.3246612548828,594800
2012-08-09,139.08999633789062,140.74000549316406,137.30999755859375,136.5216522216797,450900
2012-08-10,137.5399932861328,138.5800018310547,136.05999755859375,135.5607452392578,481600
2012-08-13,136.8800048828125,136.8800048828125,132.27999877929688,134.09458923339844,769000
2012-08-14,136.99000549316406,137,134.4499969482422,134.66915893554688,435700
2012-08-15,135.58999633789062,139.55999755859375,135.16000366210938,136.2938232421875,659900
2012-08-16,138.02000427246094,138.75999450683594,135.39999389648438,136.19476318359375,500500
2012-08-17,137.5,139.36000061035156,135.55999755859375,136.7693328857422,370800
2012-08-20,138.05999755859375,138.3699951171875,135.72999572753906,135.1545867919922,356000
2012-08-21,135.99000549316406,137.52999877929688,133.64999389648438,133.3614959716797,489400
2012-08-22,134.7100067138672,139.47999572753906,134.00999450683594,137.40335083007812,818200
2012-08-23,138.61000061035156,145.80999755859375,137.8800048828125,141.4452362060547,1355200
2012-08-24,142.41000366210938,146.25,142.41000366210938,143.73362731933594,627300
2012-08-27,144.3800048828125,146.3699951171875,143.33999633789062,144.12991333007812,526800
2012-08-28,145.5399932861328,147.39999389648438,144,145.39791870117188,659800
2012-08-29,146.94000244140625,147,144.58999633789062,144.1199951171875,413800
2012-08-30,144.52999877929688,146.35000610351562,142.41000366210938,144.1497039794922,695300
2012-08-31,145.8000030517578,148.22999572753906,143.97000122070312,146.6659393310547,690500
2012-09-04,148.39999389648438,150.82000732421875,146.41000366210938,148.75621032714844,693900
2012-09-05,149.55999755859375,150,147.61000061035156,148.06277465820312,686200
2012-09-06,150,153.97999572753906,149.58999633789062,151.02481079101562,698600
2012-09-07,152.60000610351562,152.92999267578125,151.3000030517578,151.1239013671875,781000
2012-09-10,151.64999389648438,151.9199981689453,150.0500030517578,148.885009765625,460500
2012-09-11,149.49000549316406,150.16000366210938,148.22999572753906,147.3693084716797,363100
2012-09-12,149,149.30999755859375,141.83999633789062,144.26858520507812,987700
2012-09-13,146.30999755859375,147.94000244140625,145.77000427246094,145.51678466796875,579200
2012-09-14,147.82000732421875,151.47999572753906,147.72000122070312,148.2807159423828,584000
2012-09-17,149.07000732421875,151.8300018310547,149,148.31044006347656,716900
2012-09-18,149.10000610351562,150.67999267578125,146.8699951171875,145.6951141357422,478400
2012-09-19,146.92999267578125,148.25,145.42999267578125,144.54595947265625,627200
2012-09-20,145.94000244140625,147.72999572753906,145.35000610351562,144.85305786132812,462000
2012-09-21,145.4499969482422,147.17999267578125,144.89999389648438,143.73362731933594,1385400
2012-09-24,145.25,145.74000549316406,142.1300048828125,142.81231689453125,644500
2012-09-25,144.7899932861328,148.6199951171875,144.7899932861328,144.63511657714844,717700
2012-09-26,145.58999633789062,146.3000030517578,142.1699981689453,141.63343811035156,786600
2012-09-27,143.22999572753906,151.8800048828125,143.1999969482422,149.7864990234375,996500
2012-09-28,150.66000366210938,153.38999938964844,149.82000732421875,151.23284912109375,827100
2012-10-01,153.11000061035156,155.72000122070312,152.27000427246094,152.97637939453125,959900
2012-10-02,154,157.05999755859375,153.02000427246094,155.55210876464844,429300
2012-10-03,156.89999389648438,158.50999450683594,154.7100067138672,156.59228515625,428600
2012-10-04,158.85000610351562,164.07000732421875,157.97000122070312,159.79208374023438,1013400
2012-10-05,161.89999389648438,163.88999938964844,158.86000061035156,157.5135955810547,818800
2012-10-08,158.75999450683594,159.6199951171875,154.64999389648438,153.828369140625,448400
2012-10-09,154.9199981689453,155.35000610351562,151.36000061035156,151.0545196533203,455700
2012-10-10,152.02000427246094,153.75,150.00999450683594,151.3517303466797,485800
2012-10-11,154.2100067138672,155.6199951171875,152.33999633789062,152.2631378173828,784300
2012-10-12,152.8000030517578,154.5500030517578,150.1699981689453,149.32089233398438,311000
2012-10-15,151.6199951171875,155.07000732421875,150.69000244140625,153.04576110839844,693700
2012-10-16,155.17999267578125,158.16000366210938,155.0500030517578,156.43377685546875,464000
2012-10-17,158.9600067138672,166.38999938964844,158.30999755859375,162.69468688964844,1049000
2012-10-18,162.86000061035156,163.7100067138672,159.50999450683594,159.21751403808594,593700
2012-10-19,160.02999877929688,161.02999877929688,156.66000366210938,156.76071166992188,690700
2012-10-22,158.63999938964844,163.0800018310547,156.8300018310547,161.42666625976562,802400
2012-10-23,160,160.74000549316406,152.6300048828125,151.55978393554688,1123500
2012-10-24,158.4600067138672,163.1699981689453,152.4199981689453,161.16909790039062,1974200
2012-10-25,164.13999938964844,164.8800048828125,154.2100067138672,153.77882385253906,989700
2012-10-26,156.4199981689453,156.60000610351562,146.22000122070312,147.85475158691406,927300
2012-10-31,149.52999877929688,149.6999969482422,141.57000732421875,140.96971130371094,974800
2012-11-01,144.5,149.6999969482422,143.1999969482422,145.00164794921875,849400
2012-11-02,147.25999450683594,147.25999450683594,141.35000610351562,142.15847778320312,682900
2012-11-05,145.4199981689453,145.9600067138672,141.27999877929688,143.49588012695312,477500
2012-11-06,145,145,142.0500030517578,143.04017639160156,486400
2012-11-07,142.8300018310547,144.32000732421875,136.5,136.93775939941406,1043200
2012-11-08,138.27999877929688,141.32000732421875,137.6199951171875,136.3730926513672,637000
2012-11-09,136.8300018310547,142.97999572753906,136.1300048828125,139.42430114746094,493100
2012-11-12,142.6300048828125,146.22999572753906,142.24000549316406,143.54539489746094,508400
2012-11-13,145.0399932861328,148.97999572753906,144.2100067138672,146.69566345214844,544400
2012-11-14,149.75,149.9600067138672,146,146.17062377929688,696800
2012-11-15,146.85000610351562,147.55999755859375,141.2100067138672,141.13812255859375,939900
2012-11-16,143.00999450683594,160,141.00999450683594,156.21583557128906,1654200
2012-11-19,157.67999267578125,161.25,156.67999267578125,158.9401397705078,796100
2012-11-20,159.86000061035156,174.60000610351562,159.72999572753906,171.25390625,1909100
2012-11-21,172,176.14999389648438,171.5,172.91819763183594,893900
2012-11-23,175,176.5,173.5,174.4339141845703,300500
2012-11-26,174.8800048828125,175.91000366210938,170.72999572753906,172.7597198486328,816600
2012-11-27,173.3699951171875,176.57000732421875,172,173.0668182373047,887000
2012-11-28,173.30999755859375,175.22000122070312,171.10000610351562,173.2748565673828,425300
2012-11-29,175.99000549316406,188.9499969482422,175.4499969482422,185.98492431640625,1848100
2012-11-30,186,186.14999389648438,176.5500030517578,174.89952087402344,2335300
2012-12-03,180.14999389648438,182,176.07000732421875,179.01072692871094,910400
2012-12-04,180.3000030517578,181.2100067138672,177.7100067138672,179.01072692871094,627500
2012-12-05,181.0500030517578,186.1300048828125,178,183.46865844726562,903900
2012-12-06,185.91000366210938,188.9199981689453,180.63999938964844,180.10043334960938,801600
2012-12-07,179.47000122070312,182.11000061035156,178,179.1791229248047,627900
2012-12-10,181,185,180.35000610351562,182.96343994140625,470100
2012-12-11,185,186.61000061035156,184.10000610351562,182.87428283691406,557800
2012-12-12,185,185.17999267578125,180.8000030517578,181.32884216308594,554000
2012-12-13,182.52999877929688,183.30999755859375,177.13999938964844,177.36624145507812,890400
2012-12-14,178.8699951171875,180.33999633789062,177.9199981689453,178.0299835205078,424700
2012-12-17,178.00999450683594,180.25,178,177.7228546142578,927300
2012-12-18,179,181.0500030517578,176.17999267578125,178.33706665039062,695000
2012-12-19,183.1300048828125,183.1300048828125,173.10000610351562,174.00791931152344,804400
2012-12-20,175.10000610351562,175.10000610351562,168.14999389648438,171.22421264648438,837600
2012-12-21,168.91000366210938,174.83999633789062,168.91000366210938,171.85821533203125,3872100
2012-12-24,173.39999389648438,174.52000427246094,171.00999450683594,171.4223175048828,378400
2012-12-26,173.0399932861328,173.38999938964844,167.8000030517578,168.42062377929688,567000
2012-12-27,169.32000732421875,172.60000610351562,164.05999755859375,167.19224548339844,750400
2012-12-28,166.30999755859375,171.3800048828125,165.2899932861328,166.3997344970703,484300
2012-12-31,167.02000427246094,171.55999755859375,165.25999450683594,169.4707794189453,488100
2013-01-02,176.4199981689453,181.82000732421875,173.82000732421875,179.50604248046875,939000
2013-01-03,181.5800018310547,183.82000732421875,179.66000366210938,179.02066040039062,566000
2013-01-04,182.25999450683594,183.3800048828125,179.8699951171875,179.3772735595703,438900
2013-01-07,180.14999389648438,183.6999969482422,178.5,180.8236083984375,464700
2013-01-08,175,176.7899932861328,169.97000122070312,174.97877502441406,1643600
2013-01-09,177.5,185.77999877929688,177,181.68548583984375,836000
2013-01-10,185.13999938964844,185.22999572753906,179.5500030517578,182.0520477294922,545300
2013-01-11,183.97000122070312,184.1999969482422,178.57000732421875,177.78233337402344,524600
2013-01-14,181.0500030517578,181.0500030517578,178,177.7228546142578,400100
2013-01-15,175.85000610351562,176.41000366210938,171.61000061035156,173.20550537109375,619700
2013-01-16,174,177.38999938964844,169.3699951171875,168.4404754638672,875400
2013-01-17,167.8699951171875,170.41000366210938,164,168.0045928955078,1229500
2013-01-18,168.02000427246094,170.8800048828125,165.32000732421875,166.3997344970703,720100
2013-01-22,168,175.24000549316406,167.16000366210938,173.43338012695312,904300
2013-01-23,174.97999572753906,177.25,173.57000732421875,174.51318359375,655800
2013-01-24,175.4600067138672,177.83999633789062,172.1699981689453,171.52142333984375,803800
2013-01-25,174.86000061035156,175.14999389648438,170.8000030517578,172.84886169433594,717400
2013-01-28,176.0800018310547,176.33999633789062,170.47000122070312,169.30233764648438,712500
2013-01-29,171.2899932861328,175.13999938964844,169.82000732421875,173.3243865966797,486500
2013-01-30,174.49000549316406,174.99000549316406,172.7899932861328,173.12623596191406,407200
2013-01-31,173.41000366210938,175.5399932861328,172.61000061035156,172.3139190673828,507800
2013-02-01,175.13999938964844,175.72000122070312,172.67999267578125,171.26382446289062,1005500
2013-02-04,172,174.3300018310547,167.85000610351562,169.08438110351562,855100
2013-02-05,171.17999267578125,171.99000549316406,168.0500030517578,168.351318359375,894200
2013-02-06,169.44000244140625,170.50999450683594,166.33999633789062,166.0629119873047,631900
2013-02-07,167.91000366210938,168.99000549316406,162.25,162.4569549560547,1174600
2013-02-08,164.77000427246094,167,164.25,164.32925415039062,702400
2013-02-11,180,182.58999633789062,168.10000610351562,168.75750732421875,2342000
2013-02-12,170.1300048828125,170.86000061035156,167.13999938964844,166.60772705078125,785000
2013-02-13,168.49000549316406,171.0800018310547,167.77000427246094,168.7376708984375,869800
2013-02-14,169.64999389648438,171.72999572753906,163.0399932861328,167.65789794921875,1156200
2013-02-15,168,168.19000244140625,163.0500030517578,163.3881378173828,861400
2013-02-19,164.47000122070312,165.5,158.61000061035156,158.9202880859375,1018700
2013-02-20,160,161,158.10000610351562,156.93902587890625,949500
2013-02-21,158.32000732421875,159.72999572753906,154.16000366210938,157.8206787109375,1147200
2013-02-22,159.9199981689453,161.41000366210938,157.64999389648438,158.88067626953125,749600
2013-02-25,161.50999450683594,163.67999267578125,158.5,157.88011169433594,789400
2013-02-26,159.80999755859375,162.16000366210938,159.08999633789062,160.1190185546875,713700
2013-02-27,161.6699981689453,165.5800018310547,160.50999450683594,163.25936889648438,655900
2013-02-28,165.25,169.50999450683594,165.25,165.4387969970703,715000
2013-03-01,166.64999389648438,172.2100067138672,165.25,170.1245880126953,781800
2013-03-04,171.35000610351562,174.25,169.8699951171875,171.0359649658203,831400
2013-03-05,173.97000122070312,175.8800048828125,172.27000427246094,173.0073699951172,729300
2013-03-06,175.3000030517578,176.3699951171875,173.27000427246094,172.91819763183594,536100
2013-03-07,174.89999389648438,175.5800018310547,171.5,170.33261108398438,558900
2013-03-08,173.1300048828125,174.1699981689453,169.44000244140625,171.35299682617188,624700
2013-03-11,172.91000366210938,173.10000610351562,170.80999755859375,170.14437866210938,315200
2013-03-12,171.47000122070312,172.32000732421875,168.52000427246094,170.5802764892578,467800
2013-03-13,172.4499969482422,175.16000366210938,171.05999755859375,171.22421264648438,505700
2013-03-14,173.72000122070312,174.57000732421875,171,170.3227081298828,376800
2013-03-15,171.82000732421875,173.13999938964844,170.02000427246094,170.23353576660156,1140100
2013-03-18,170.7899932861328,171.4600067138672,169.02999877929688,168.5197296142578,392300
2013-03-19,171.1999969482422,177.99000549316406,171.1999969482422,173.6414031982422,791600
2013-03-20,175.5800018310547,177.5,174.60000610351562,173.8692169189453,369600
2013-03-21,174.60000610351562,174.63999938964844,171.11000061035156,169.7283172607422,416100
2013-03-22,172.35000610351562,172.89999389648438,170.4499969482422,170.788330078125,277200
2013-03-25,172.69000244140625,173.1699981689453,169.2100067138672,168.54945373535156,248900
2013-03-26,171.3000030517578,172.27999877929688,168.24000549316406,168.1234588623047,281500
2013-03-27,169.25,171,168.1999969482422,169.30233764648438,398300
2013-03-28,170.4199981689453,177.75,169.8300018310547,174.75091552734375,911800
2013-04-01,180,180.75,177.1199951171875,176.8411865234375,586300
2013-04-02,179.8300018310547,185.75,178.9499969482422,183.27052307128906,988000
2013-04-03,185.13999938964844,189.89999389648438,182.0800018310547,180.98211669921875,862900
2013-04-04,183.88999938964844,186.19000244140625,182.0500030517578,183.3596649169922,483000
2013-04-05,181.99000549316406,185.85000610351562,179.75,183.6767120361328,641200
2013-04-08,185.05999755859375,188.5,183.1999969482422,186.70809936523438,394100
2013-04-09,189.85000610351562,192.8300018310547,189.35000610351562,189.29368591308594,831700
2013-04-10,191.67999267578125,201.35000610351562,190.32000732421875,199.24972534179688,967200
2013-04-11,200.91000366210938,209.2899932861328,199.85000610351562,206.4022674560547,1294000
2013-04-12,205.86000061035156,216.1999969482422,205.5,213.8222198486328,1157300
2013-04-15,215,215.75,208.17999267578125,207.09571838378906,1218700
2013-04-16,212,217.72000122070312,210,214.73362731933594,1234200
2013-04-17,215.25999450683594,215.61000061035156,208.7899932861328,211.08802795410156,1059500
2013-04-18,214.91000366210938,214.91000366210938,203.6999969482422,204.72802734375,823300
2013-04-19,206.39999389648438,213,206.3300018310547,210.59268188476562,954900
2013-04-22,213.57000732421875,215.77999877929688,208.61000061035156,211.8112030029297,710800
2013-04-23,215,220.42999267578125,211.57000732421875,210.86019897460938,715500
2013-04-24,213.14999389648438,214.07000732421875,208.5399932861328,208.6510009765625,675900
2013-04-25,214.8800048828125,218.1300048828125,211.86000061035156,214.72372436523438,1055100
2013-04-26,216.52999877929688,220.97999572753906,214.05999755859375,214.57513427734375,658500
2013-04-29,217.72000122070312,219.1300048828125,215.32000732421875,213.46556091308594,1157000
2013-04-30,217.5800018310547,217.88999938964844,212.5,213.12875366210938,15385400
2013-05-01,214.75,252.35000610351562,214.6999969482422,235.07168579101562,4759900
2013-05-02,242.94000244140625,249.83999633789062,237.9600067138672,246.30569458007812,1927700
2013-05-03,258.95001220703125,270,256.9200134277344,263.6717834472656,2322000
2013-05-06,264.1499938964844,265,255.8800048828125,260.29364013671875,1563400
2013-05-07,263.5,264.4700012207031,258.8699951171875,259.7389221191406,1255000
2013-05-08,261.3800048828125,264.32000732421875,260.5799865722656,261.2743835449219,944600
2013-05-09,263.739990234375,265.20001220703125,260.75,259.5011901855469,744900
2013-05-10,262.8699951171875,274.6000061035156,262.20001220703125,270.9432067871094,907600
2013-05-13,273.5400085449219,280.6000061035156,271.3399963378906,277.8876953125,770300
2013-05-14,280.7699890136719,282.80999755859375,278.0199890136719,280.15618896484375,1084200
2013-05-15,281.80999755859375,283.989990234375,272.1099853515625,271.5474548339844,844700
2013-05-16,272.8599853515625,275.7200012207031,261,262.1858215332031,987000
2013-05-17,262.04998779296875,270.20001220703125,262.04998779296875,264.4742126464844,738700
2013-05-20,265.7900085449219,269.7799987792969,263.489990234375,261.17535400390625,536300
2013-05-21,264.3900146484375,266.04998779296875,255.08999633789062,257.5297546386719,804900
2013-05-22,260.05999755859375,274.5,257.0799865722656,259.9667663574219,1060400
2013-05-23,257.42999267578125,260.4700012207031,245.52000427246094,252.48733520507812,848600
2013-05-24,253.60000610351562,254.69000244140625,246.22000122070312,247.969970703125,676600
2013-05-28,254.17999267578125,259.4599914550781,249.72999572753906,249.0993194580078,589200
2013-05-29,249.19000244140625,250.25,242.33999633789062,245.39425659179688,557200
2013-05-30,248.50999450683594,253.42999267578125,246.69000244140625,249.82249450683594,435900
2013-05-31,248.6300048828125,253,241.8699951171875,239.6187744140625,771400
2013-06-03,241.8300018310547,242.5,229.52000427246094,233.86309814453125,794200
2013-06-04,235.25,239.69000244140625,232.3699951171875,230.70294189453125,870900
2013-06-05,231.72000122070312,239.97999572753906,227.47000122070312,227.4932098388672,854500
2013-06-06,230.22999572753906,252.5,229.6699981689453,249.81260681152344,1388300
2013-06-07,252.05999755859375,261.75,251.05999755859375,255.0927734375,907000
2013-06-10,258.1400146484375,258.6000061035156,249.6999969482422,250.46641540527344,594000
2013-06-11,249.4199981689453,254.39999389648438,245.00999450683594,246.5533447265625,544600
2013-06-12,251.75,253.32000732421875,236.24000549316406,235.2698211669922,581900
2013-06-13,237.83999633789062,244.4600067138672,236.27999877929688,237.28085327148438,551100
2013-06-14,238.57000732421875,242.47999572753906,232.8800048828125,234.71505737304688,628100
2013-06-17,238.1999969482422,241.0500030517578,232.50999450683594,230.53451538085938,662000
2013-06-18,233.63999938964844,244.25999450683594,230.50999450683594,240.49053955078125,888800
2013-06-19,243.3800048828125,244.6999969482422,231.2899932861328,229.21693420410156,675600
2013-06-20,228.00999450683594,228.3000030517578,218.27999877929688,217.5569610595703,988900
2013-06-21,220.9499969482422,226,212.82000732421875,213.45567321777344,3137700
2013-06-24,212.89999389648438,224.08999633789062,206.3000030517578,216.3384552001953,1578400
2013-06-25,220.9499969482422,225.1999969482422,218.36000061035156,218.11175537109375,904800
2013-06-26,222.75999450683594,229.97000122070312,221.24000549316406,226.6016082763672,849000
2013-06-27,232.75999450683594,236.0500030517578,231.0500030517578,232.37713623046875,1064800
2013-06-28,233.05999755859375,234.25,224.42999267578125,222.77772521972656,1985800
2013-07-01,231.60000610351562,239.77999877929688,228.00999450683594,227.98854064941406,1082700
2013-07-02,230.13999938964844,233.8800048828125,228.02000427246094,228.9593505859375,710500
2013-07-03,229.1999969482422,234.4600067138672,229.02999877929688,230.75244140625,363100
2013-07-05,233.97999572753906,237.10000610351562,231,231.29730224609375,439400
2013-07-08,234.80999755859375,235.99000549316406,225.77999877929688,226.8790283203125,699400
2013-07-09,228.22000122070312,237.7899932861328,228.22000122070312,233.7144775390625,606700
2013-07-10,236.8300018310547,239.25,232.2100067138672,234.48719787597656,518400
2013-07-11,242.19000244140625,248.67999267578125,239.1699981689453,245.55279541015625,889700
2013-07-12,255.52000427246094,268.67999267578125,253,263.51324462890625,1512800
2013-07-15,270.5,270.5,261.05999755859375,266.128662109375,672200
2013-07-16,267.2300109863281,270.82000732421875,258.32000732421875,260.2540588378906,756200
2013-07-17,267.42999267578125,269.9800109863281,265.1400146484375,267.0003662109375,529900
2013-07-18,269.7099914550781,273.79998779296875,264,264.9794921875,487400
2013-07-19,268.54998779296875,275,264,272.2904357910156,881600
2013-07-22,278.1099853515625,282.2699890136719,276.25,275.3912048339844,855200
2013-07-23,278.44000244140625,279.9200134277344,267.75,265.8314208984375,789600
2013-07-24,270.3699951171875,270.92999267578125,264.2200012207031,265.4252624511719,606000
2013-07-25,269.19000244140625,272.6099853515625,261.489990234375,265.3262023925781,513900
2013-07-26,267.17999267578125,269.8900146484375,264.4100036621094,266.69329833984375,340300
2013-07-29,267.42999267578125,274.1600036621094,265.32000732421875,266.6833801269531,304400
2013-07-30,270.4100036621094,276.510009765625,268.7099914550781,271.111572265625,444700
2013-07-31,275.3500061035156,276.1000061035156,269.510009765625,267.53533935546875,498100
2013-08-01,272.57000732421875,278.7300109863281,267.79998779296875,275.68841552734375,512600
2013-08-02,277.6400146484375,277.989990234375,270.4100036621094,269.8435363769531,636600
2013-08-05,273.29998779296875,276,269.7300109863281,268.4566345214844,636700
2013-08-06,258.6499938964844,264,249.1699981689453,252.1208038330078,2044300
2013-08-07,254.32000732421875,258.55999755859375,251.14999389648438,250.8626708984375,727700
2013-08-08,254.97999572753906,255.99000549316406,251.8699951171875,250.1295928955078,425800
2013-08-09,251.0800018310547,256,249.5800018310547,247.67276000976562,391900
2013-08-12,248.58999633789062,249.14999389648438,242.83999633789062,243.66065979003906,491700
2013-08-13,245.58999633789062,246.41000366210938,242.02000427246094,242.1053009033203,619600
2013-08-14,244,248.1300048828125,240.8699951171875,239.01449584960938,369800
2013-08-15,240.1999969482422,240.8000030517578,233.5,231.63414001464844,664800
2013-08-16,233.72999572753906,236.77000427246094,230.77999877929688,228.8206787109375,698700
2013-08-19,229.89999389648438,231.88999938964844,227.63999938964844,225.52182006835938,550600
2013-08-20,229.5500030517578,238.8000030517578,227.97000122070312,231.11900329589844,692400
2013-08-21,231.7100067138672,236.5500030517578,230.6999969482422,230.19766235351562,602700
2013-08-22,233.83999633789062,240.22000122070312,233.05999755859375,235.13111877441406,410000
2013-08-23,239.52999877929688,240,236.42999267578125,236.61709594726562,484500
2013-08-26,239,246.58999633789062,238.02999877929688,242.71949768066406,738900
2013-08-27,240.74000549316406,243.27000427246094,238.19000244140625,236.93411254882812,672800
2013-08-28,239.92999267578125,243.47999572753906,235.02000427246094,240.79769897460938,559900
2013-08-29,241.0800018310547,247.75999450683594,241.02000427246094,241.3029022216797,606700
2013-08-30,243.1999969482422,244.27999877929688,237.8800048828125,240.0447540283203,462300
2013-09-03,245.99000549316406,259.9800109863281,245.99000549316406,256.7273254394531,919500
2013-09-04,258.8999938964844,269.1099853515625,255,265.70263671875,916100
2013-09-05,268.5199890136719,270,265.989990234375,266.128662109375,602700
2013-09-06,270,270.1199951171875,261.79998779296875,265.06866455078125,479100
2013-09-09,267.9100036621094,277.4800109863281,267.9100036621094,274.21234130859375,804700
2013-09-10,279.79998779296875,279.95001220703125,275.2799987792969,274.0538635253906,584800
2013-09-11,277.07000732421875,277.7699890136719,269.5,274.26190185546875,474400
2013-09-12,276.9700012207031,278.80999755859375,272.20001220703125,271.0422668457031,328700
2013-09-13,278.75,290,278.75,287.2591857910156,1007900
2013-09-16,291.7300109863281,295.9800109863281,285.2900085449219,291.6081237792969,821200
2013-09-17,294.5899963378906,298.42999267578125,291.07000732421875,293.8470458984375,675300
2013-09-18,297.7799987792969,311,297.75,306.2796936035156,1263700
2013-09-19,309.9100036621094,310.6300048828125,298.1099853515625,304.2389831542969,1045400
2013-09-20,306.80999755859375,307,299.1099853515625,297.9879455566406,1837700
2013-09-23,299.19000244140625,300.0299987792969,292,292.9951171875,698000
2013-09-24,296.2200012207031,299.95001220703125,293.260009765625,292.3511657714844,579300
2013-09-25,295.04998779296875,296.8299865722656,291.6000061035156,289.4981384277344,679500
2013-09-26,295.239990234375,310.42999267578125,294.0799865722656,302.6737976074219,879900
2013-09-27,301.9200134277344,309.9100036621094,300.6600036621094,302.79266357421875,516700
2013-09-30,304.5899963378906,319.8299865722656,301.9700012207031,309.9451599121094,1141300
2013-10-01,316.5799865722656,319.5,307.6499938964844,313.6700134277344,729500
2013-10-02,313.6099853515625,318.4800109863281,312,310.7376708984375,537100
2013-10-03,312.9200134277344,314.989990234375,300.17999267578125,300.7320861816406,919300
2013-10-04,303.5,310.760009765625,303.5,305.7150573730469,494000
2013-10-07,303.92999267578125,307.989990234375,296.19000244140625,296.1552429199219,549000
2013-10-08,298.1499938964844,298.82000732421875,284.30999755859375,284.9906311035156,823100
2013-10-09,289.32000732421875,289.32000732421875,271.1499938964844,278.9278564453125,1445000
2013-10-10,289.3999938964844,295,286.1600036621094,291.3307800292969,576600
2013-10-11,293.9700012207031,293.9700012207031,287.5199890136719,287.58612060546875,556500
2013-10-14,287.3800048828125,296.3299865722656,284.1000061035156,292.8663024902344,370300
2013-10-15,294.0400085449219,298.0899963378906,290,287.71490478515625,430500
2013-10-16,302,307.760009765625,298.05999755859375,304.77392578125,1177000
2013-10-17,306.80999755859375,310,300.5299987792969,304.98193359375,704300
2013-10-18,308.3999938964844,309.9599914550781,300.510009765625,300.72216796875,642600
2013-10-21,304.9100036621094,307,293.9100036621094,292.13323974609375,524600
2013-10-22,295.69000244140625,305.3999938964844,295.44000244140625,301.6434326171875,642200
2013-10-23,302.489990234375,303.6600036621094,296.30999755859375,296.9874267578125,527100
2013-10-24,301.0199890136719,307.1400146484375,300.5199890136719,301.57415771484375,547100
2013-10-25,305.1000061035156,306.80999755859375,299.1700134277344,299.4144287109375,448900
2013-10-28,302.8999938964844,308.69000244140625,301.30999755859375,300.1277770996094,537700
2013-10-29,301.45001220703125,302.510009765625,290.67999267578125,295.7391662597656,775900
2013-10-30,300,301.2099914550781,289.010009765625,288.447998046875,644300
2013-10-31,291.8599853515625,295.4800109863281,287.1099853515625,284.911376953125,530000
2013-11-01,290.80999755859375,291.989990234375,284,283.1182861328125,499000
2013-11-04,285.94000244140625,290.989990234375,280.7200012207031,279.0665283203125,800600
2013-11-05,297.510009765625,305.6700134277344,289.30999755859375,299.4937438964844,2034000
2013-11-06,304,304.8500061035156,287.94000244140625,285.5751037597656,1119200
2013-11-07,290.2799987792969,290.6099853515625,271,274.40057373046875,1416200
2013-11-08,277.29998779296875,287.6199951171875,277.29998779296875,280.4237365722656,747200
2013-11-11,283.8599853515625,285.260009765625,274,276.58990478515625,747900
2013-11-12,276.9200134277344,287.489990234375,276,284.2079772949219,783900
2013-11-13,282,282.989990234375,274.010009765625,274.60858154296875,1461700
2013-11-14,278.9599914550781,297,273.760009765625,286.1299133300781,1518300
2013-11-15,290.489990234375,290.489990234375,276.2900085449219,277.3824157714844,992200
2013-11-18,280,282.8800048828125,272.9200134277344,271.8050231933594,537100
2013-11-19,273.0400085449219,276,268.010009765625,271.23052978515625,1054100
2013-11-20,274.9200134277344,282.9800109863281,273.260009765625,272.1121826171875,552700
2013-11-21,276,281.9800109863281,275.0799865722656,273.8259582519531,538300
2013-11-22,286,294.7799987792969,280.6300048828125,290.93450927734375,1108800
2013-11-25,296.9599914550781,297.1600036621094,289,291.3506164550781,614300
2013-11-26,295.8500061035156,296.5400085449219,292,292.361083984375,684700
2013-11-27,295.0400085449219,295.44000244140625,288.9599914550781,290.14202880859375,482200
2013-11-29,291.8599853515625,297,291.8599853515625,291.1128234863281,327800
2013-12-02,292.4100036621094,297.5899963378906,289.2799987792969,293.9164123535156,562700
2013-12-03,294.3599853515625,296.25,286.20001220703125,284.8122863769531,747400
2013-12-04,285.3299865722656,292.1300048828125,284.5199890136719,284.5745544433594,602700
2013-12-05,287.80999755859375,289.6499938964844,282.95001220703125,280.5525207519531,497100
2013-12-06,285.6499938964844,287.0199890136719,279.25,280.0968017578125,652900
2013-12-09,284.5199890136719,287.5,277.5199890136719,276.877197265625,779000
2013-12-10,276.989990234375,282.3800048828125,274.1499938964844,274.9057922363281,656600
2013-12-11,277.1700134277344,280,269.1000061035156,267.4956970214844,775000
2013-12-12,269.5299987792969,277.1099853515625,269,271.4384765625,684700
2013-12-13,275.6099853515625,275.6099853515625,265.25,267.0697326660156,922900
2013-12-16,269.2900085449219,277.1400146484375,268.2799987792969,265.9403991699219,704100
2013-12-17,269.5299987792969,270.3999938964844,261.70001220703125,259.4317932128906,861300
2013-12-18,261.6600036621094,272.0299987792969,257.69000244140625,269.1797790527344,1065900
2013-12-19,270.1700134277344,270.95001220703125,264.3500061035156,268.0207214355469,748400
2013-12-20,271.0899963378906,279.239990234375,268.2900085449219,276.0846862792969,1379700
2013-12-23,279.8800048828125,283.3699951171875,275.55999755859375,275.4110412597656,654200
2013-12-24,278.1000061035156,279.8999938964844,273,273.1127014160156,230400
2013-12-26,276.1000061035156,280.9700012207031,275.8999938964844,276.0351257324219,371300
2013-12-27,278.8699951171875,279.6099853515625,275.2799987792969,274.4501037597656,343800
2013-12-30,275.6700134277344,279.8299865722656,273,275.4803466796875,427100
2013-12-31,277.1000061035156,278.32000732421875,273.8500061035156,272.6669006347656,569800
2014-01-02,275.7699890136719,277.6000061035156,269.739990234375,272.02294921875,553000
2014-01-03,274.5199890136719,276.8299865722656,271.2099914550781,269.20953369140625,392000
2014-01-06,270.9100036621094,273.80999755859375,266.5,266.3465576171875,759200
2014-01-07,269.1300048828125,275.80999755859375,266.05999755859375,271.50787353515625,777000
2014-01-08,273.2900085449219,277.8299865722656,272.010009765625,270.9432067871094,943800
2014-01-09,275.6400146484375,275.6400146484375,266.4100036621094,265.1181640625,888900
2014-01-10,268.0899963378906,274.5199890136719,262.9700012207031,271.81494140625,923400
2014-01-13,275.6099853515625,281.2699890136719,266.42999267578125,266.1682434082031,942700
2014-01-14,269.6099853515625,304.4200134277344,265.29998779296875,297.5124206542969,2257600
2014-01-15,291.9700012207031,295.8800048828125,286.0199890136719,284.8023681640625,1341200
2014-01-16,287.7200012207031,292.75,286.1199951171875,287.7644348144531,892100
2014-01-17,290.9200134277344,299,289.2200012207031,289.2702331542969,1001100
2014-01-21,293.82000732421875,296.5799865722656,291,292.9356384277344,981700
2014-01-22,296.6600036621094,298.7300109863281,292,292.6186218261719,590800
2014-01-23,293,293.8699951171875,285.6099853515625,288.8640441894531,754700
2014-01-24,288.0799865722656,288.5299987792969,279.010009765625,276.99603271484375,745300
2014-01-27,279.70001220703125,281.7200012207031,267.55999755859375,268.2089538574219,1121400
2014-01-28,273.0299987792969,280,273,276.0649108886719,830200
2014-01-29,277.6300048828125,286.7200012207031,276.04998779296875,278.9080810546875,1059500
2014-01-30,287.6300048828125,294.989990234375,284.6199951171875,290.2311706542969,980000
2014-01-31,286.79998779296875,294,286.1099853515625,285.8921203613281,769200
2014-02-03,288.9100036621094,292.94000244140625,278.5799865722656,281.15679931640625,1029100
2014-02-04,285.3399963378906,288.5,281.45001220703125,284.5448303222656,855800
2014-02-05,286.2900085449219,288.42999267578125,274.0199890136719,279.2646789550781,1043200
2014-02-06,281.8900146484375,288.2699890136719,281.8900146484375,284.3467102050781,660900
2014-02-07,287.1199951171875,300.1000061035156,284.32000732421875,296.9874267578125,1065100
2014-02-10,304,307,297.489990234375,301.1580505371094,1486800
2014-02-11,311,327.5400085449219,301.0799865722656,323.467529296875,3078800
2014-02-12,326,331.6400146484375,317.2300109863281,317.38494873046875,2029300
2014-02-13,314.1600036621094,327.9100036621094,314.1099853515625,323.9232482910156,1154400
2014-02-14,328,328.989990234375,317.6000061035156,320.9611511230469,1150000
2014-02-18,324.69000244140625,334.8299865722656,324.3399963378906,329.66900634765625,1255700
2014-02-19,328.8599853515625,331.739990234375,323.0199890136719,321.32769775390625,952300
2014-02-20,324.30999755859375,328.94000244140625,323.1499938964844,324.5572509765625,950800
2014-02-21,328.75,340.239990234375,326.70001220703125,331.8484191894531,1535900
2014-02-24,340.010009765625,348.25,337,344.3702392578125,1260800
2014-02-25,346.44000244140625,347.7799987792969,336.75,336.68280029296875,1234300
2014-02-26,343.3299865722656,343.4800109863281,334.5899963378906,333.33441162109375,838600
2014-02-27,335,342.20001220703125,334.04998779296875,335.3751525878906,781200
2014-02-28,339.6600036621094,343.3800048828125,322.5799865722656,329.3916015625,1316800
2014-03-03,328.0899963378906,341.3399963378906,327.0199890136719,336.33612060546875,1173700
2014-03-04,343.9800109863281,348.8800048828125,342.239990234375,342.3790283203125,678400
2014-03-05,348.29998779296875,350.57000732421875,344.1000061035156,342.26019287109375,692100
2014-03-06,347.0899963378906,352.489990234375,338.010009765625,335.2860107421875,1348700
2014-03-07,341.8299865722656,343.5,304.20001220703125,325.0426330566406,4580900
2014-03-10,328.42999267578125,332.75,324.70001220703125,326.1224670410156,939700
2014-03-11,330.25,337,327.9800109863281,325.69647216796875,806500
2014-03-12,326.0799865722656,340.0899963378906,324.0400085449219,336.5738830566406,1086600
2014-03-13,339.79998779296875,342.55999755859375,326.5,325.0030517578125,932100
2014-03-14,326.9700012207031,333.29998779296875,326,326.4197082519531,813200
2014-03-17,336.05999755859375,337,327.05999755859375,325.0228576660156,1049200
2014-03-18,329.5,335.95001220703125,329.0199890136719,330.025634765625,1056500
2014-03-19,332.7200012207031,334.94000244140625,325.82000732421875,326.251220703125,583200
2014-03-20,327.6600036621094,331.6700134277344,325.5799865722656,325.61724853515625,520600
2014-03-21,328.57000732421875,334.3599853515625,309.8900146484375,307.8845520019531,2847400
2014-03-24,313.57000732421875,314.6499938964844,298.4800109863281,303.5058898925781,1747100
2014-03-25,307.32000732421875,317.3999938964844,301.5799865722656,305.9825134277344,1606700
2014-03-26,311.1400146484375,317.82000732421875,307.1099853515625,305.5466003417969,1390700
2014-03-27,307.6600036621094,316.5,302.8699951171875,308.9445495605469,1272300
2014-03-28,313.1099853515625,316,299.510009765625,297.28460693359375,1538300
2014-03-31,303.17999267578125,306.4700012207031,296.6099853515625,297.47283935546875,1061300
2014-04-01,304.760009765625,313.3800048828125,303.05999755859375,304.0111389160156,1100700
2014-04-02,309.6400146484375,316,300.3699951171875,304.02105712890625,903100
2014-04-03,306.260009765625,306.5,293.5,295.80853271484375,1244400
2014-04-04,300.67999267578125,301.8399963378906,285.2200012207031,282.6725158691406,1365300
2014-04-07,280.32000732421875,292.2900085449219,279.0400085449219,284.5052185058594,1425400
2014-04-08,287.1199951171875,289.010009765625,278.260009765625,283.76220703125,1191500
2014-04-09,289.1099853515625,306.9599914550781,287.010009765625,303.3969421386719,1622000
2014-04-10,304.6000061035156,304.989990234375,291.6700134277344,290.8750915527344,1459800
2014-04-11,290.3699951171875,299.239990234375,286.6700134277344,285.6642761230469,1197300
2014-04-14,290.6099853515625,297,284.1099853515625,287.29888916015625,768500
2014-04-15,289.5,293.0299987792969,276.8999938964844,285.3868713378906,1100400
2014-04-16,293.45001220703125,301,291.75,297.3341064453125,972900
2014-04-17,300.45001220703125,304.9599914550781,296.0199890136719,293.9659118652344,607200
2014-04-21,299.05999755859375,302.4599914550781,296.0299987792969,299.1767272949219,452700
2014-04-22,302.760009765625,313.5,302.1499938964844,308.7662353515625,736100
2014-04-23,312.3599853515625,312.8800048828125,301.8699951171875,300.2466735839844,609800
2014-04-24,305.7699890136719,306.70001220703125,291.3599853515625,290.68682861328125,1022000
2014-04-25,291.6000061035156,293.1700134277344,283.4599914550781,281.7611389160156,1074800
2014-04-28,286.45001220703125,288.0799865722656,273.2300109863281,278.6306457519531,1247100
2014-04-29,282.79998779296875,300.20001220703125,281.7900085449219,296.7793273925781,1151900
2014-04-30,294.260009765625,300.82000732421875,292.0199890136719,294.1145324707031,682900
2014-05-01,297.1000061035156,300.2300109863281,292.4599914550781,296.2840270996094,653100
2014-05-02,299.9599914550781,300.17999267578125,291.8800048828125,290.8453674316406,507600
2014-05-05,291.7300109863281,299.8599853515625,289.7300109863281,296.18499755859375,805800
2014-05-06,298.2900085449219,299.8699951171875,290.5,288.11114501953125,765400
2014-05-07,291.510009765625,294.489990234375,283.55999755859375,283.9801330566406,1075400
2014-05-08,278.3399963378906,291.6600036621094,278,278.5711669921875,1182900
2014-05-09,281.45001220703125,283.1400146484375,276.010009765625,276.7979736328125,877200
2014-05-12,280.80999755859375,292.6000061035156,280.1600036621094,288.6659851074219,757300
2014-05-13,290.9100036621094,290.9100036621094,283.0299987792969,280.8002014160156,771300
2014-05-14,281.0299987792969,291.67999267578125,280.07000732421875,284.69342041015625,665800
2014-05-15,286.6400146484375,291.30999755859375,281.30999755859375,286.8926696777344,783600
2014-05-16,289.7300109863281,296.54998779296875,285.6499938964844,292.6681823730469,948400
2014-05-19,294.6000061035156,303.32000732421875,290.1199951171875,299.3154296875,855800
2014-05-20,298.0199890136719,299.55999755859375,291.7300109863281,290.03302001953125,733100
2014-05-21,294.19000244140625,296.6400146484375,289.70001220703125,288.27960205078125,495000
2014-05-22,292.5,302.0199890136719,290.3500061035156,295.49151611328125,585000
2014-05-23,299.55999755859375,299.55999755859375,293.6300048828125,294.9862976074219,503900
2014-05-27,299.5400085449219,308.2300109863281,298.6499938964844,305.06121826171875,713300
2014-05-28,308.55999755859375,311.69000244140625,304.1600036621094,302.010009765625,469800
2014-05-29,305.2699890136719,308.57000732421875,303.70001220703125,303.3573303222656,629100
2014-05-30,308.489990234375,308.489990234375,303.54998779296875,304.0903625488281,582800
2014-06-02,308.70001220703125,313.4800109863281,303.55999755859375,306.3787841796875,529000
2014-06-03,306.2699890136719,311.69000244140625,305.3500061035156,307.9043884277344,472900
2014-06-04,308,312.7900085449219,307.510009765625,308.9743347167969,490900
2014-06-05,312.8800048828125,314.25,308.1700134277344,305.6556396484375,570000
2014-06-06,312.2099914550781,312.8800048828125,307,308.3006591796875,496700
2014-06-09,312.29998779296875,320,311.6099853515625,310.8069763183594,744300
2014-06-10,312.80999755859375,316,306.92999267578125,306.5769348144531,562100
2014-06-11,308,313.5199890136719,305.79998779296875,307.3397521972656,521800
2014-06-12,309.1499938964844,315.6199951171875,307.9200134277344,307.56756591796875,452100
2014-06-13,310.67999267578125,311.69000244140625,305.6600036621094,303.4068603515625,389600
2014-06-16,307.80999755859375,311.54998779296875,305.9599914550781,305.5169677734375,438100
2014-06-17,307.9200134277344,309.30999755859375,302.5,299.79095458984375,574900
2014-06-18,301.989990234375,305.82000732421875,301.2099914550781,302.44586181640625,552100
2014-06-19,309.9599914550781,309.9599914550781,296.010009765625,294.90704345703125,928600
2014-06-20,297,297.7200012207031,282.5199890136719,282.5833740234375,2651600
2014-06-23,285,285.04998779296875,275.0199890136719,277.6003723144531,1647100
2014-06-24,280.2300109863281,287.30999755859375,276.7200012207031,275.51007080078125,1163200
2014-06-25,278.739990234375,285.54998779296875,277.70001220703125,278.2541809082031,1108800
2014-06-26,281.1499938964844,281.9700012207031,278.510009765625,277.1842956542969,1076100
2014-06-27,280,281.95001220703125,269.5,274.69775390625,1623200
2014-06-30,277.2900085449219,284.9200134277344,273.9800109863281,279.829345703125,1330700
2014-07-01,285.5,304.4100036621094,285.05999755859375,300.55377197265625,1774600
2014-07-02,302.4700012207031,312.1199951171875,298.2900085449219,305.6556396484375,1335400
2014-07-03,308.1600036621094,313,308.1600036621094,308.2510986328125,636700
2014-07-07,312.0899963378906,315.7099914550781,309.6600036621094,308.65728759765625,863100
2014-07-08,311.25,315.94000244140625,308.67999267578125,307.61712646484375,1045600
2014-07-09,310.44000244140625,313,303.6000061035156,308.0232849121094,1002600
2014-07-10,312.9800109863281,315.3299865722656,305.05999755859375,311.5499572753906,1158100
2014-07-11,314.9800109863281,318.8699951171875,310.75,313.1548156738281,954700
2014-07-14,318.8500061035156,320.0799865722656,313.8299865722656,314.9776306152344,700000
2014-07-15,318.3500061035156,319.95001220703125,309.7300109863281,309.2318420410156,1194600
2014-07-16,315.1000061035156,315.25,305.1000061035156,303.25823974609375,710500
2014-07-17,303.0899963378906,305.8299865722656,295.760009765625,293.63897705078125,832800
2014-07-18,298.5199890136719,306.3699951171875,298.5199890136719,303.0600891113281,785200
2014-07-21,306.20001220703125,307.7900085449219,302.4599914550781,300.89056396484375,562200
2014-07-22,305.510009765625,309.6700134277344,304.6600036621094,303.1591796875,515600
2014-07-23,311.3900146484375,314.04998779296875,307.2200012207031,307.369384765625,522900
2014-07-24,310.3999938964844,311.5,303.0199890136719,301.59393310546875,605000
2014-07-25,303.4599914550781,305.010009765625,300.2200012207031,300.2565612792969,369100
2014-07-28,302.25,303.6199951171875,299.7300109863281,299.335205078125,532100
2014-07-29,303.8399963378906,307.6600036621094,301.67999267578125,301.66326904296875,295200
2014-07-30,328.54998779296875,336.94000244140625,315,319.1680603027344,2373700
2014-07-31,319.6600036621094,320.5199890136719,310.69000244140625,313.26385498046875,1190100
2014-08-01,323.739990234375,329.32000732421875,320.42999267578125,321.2781982421875,1525300
2014-08-04,325.8599853515625,328.4700012207031,321.0899963378906,322.3976135253906,1176800
2014-08-05,316.80999755859375,337.95001220703125,314,330.0851135253906,1642100
2014-08-06,331.20001220703125,341.7099914550781,330.5,337.5050354003906,1025800
2014-08-07,342.1400146484375,342.9800109863281,337.25,335.5633850097656,626600
2014-08-08,338,341,336.04998779296875,335.1572265625,627500
2014-08-11,340.2699890136719,341.6199951171875,335.8900146484375,335.64263916015625,508300
2014-08-12,338.44000244140625,339.8399963378906,335.239990234375,334.9888000488281,415800
2014-08-13,339.1199951171875,344,338.2200012207031,339.8529052734375,624400
2014-08-14,342.2699890136719,348.1000061035156,341.8599853515625,344.4891662597656,566400
2014-08-15,347.7900085449219,351.5,343.8500061035156,345.36090087890625,549300
2014-08-18,350.79998779296875,353.04998779296875,349.07000732421875,346.19305419921875,510000
2014-08-19,349.94000244140625,351.4200134277344,345.0899963378906,343.54803466796875,467700
2014-08-20,345.2200012207031,349.3800048828125,344.0899963378906,342.0521240234375,352600
2014-08-21,347,347,341.1099853515625,338.3173828125,389700
2014-08-22,342.1000061035156,344.70001220703125,339.1000061035156,337.6040954589844,448600
2014-08-25,347.94000244140625,349.5,342.2200012207031,344.65753173828125,448800
2014-08-26,349.510009765625,354.7900085449219,348.44000244140625,350.7401428222656,668600
2014-08-27,354.2699890136719,354.2699890136719,348.3900146484375,346.7379455566406,439500
2014-08-28,348.92999267578125,351.4200134277344,346.4700012207031,343.6768798828125,401800
2014-08-29,349.1000061035156,350.739990234375,346.20001220703125,347.1837463378906,525500
2014-09-02,367,369.30999755859375,359.2300109863281,356.13922119140625,1515800
2014-09-03,362.29998779296875,364.55999755859375,359.80999755859375,358.51678466796875,602300
2014-09-04,362.9599914550781,362.9800109863281,351.2300109863281,348.7885437011719,653000
2014-09-05,352.0199890136719,353.55999755859375,343.4700012207031,347.3818359375,834900
2014-09-08,349.42999267578125,351,343.17999267578125,344.8458251953125,652000
2014-09-09,347.5,347.7699890136719,343.3999938964844,343.1517333984375,609900
2014-09-10,346.0799865722656,355.20001220703125,345.07000732421875,351.00762939453125,663600
2014-09-11,352.6600036621094,353.1099853515625,347.010009765625,347.0648498535156,381100
2014-09-12,349.4100036621094,349.8299865722656,344.04998779296875,342.8248291015625,573500
2014-09-15,347.07000732421875,347.5,340.3900146484375,342.7951354980469,539400
2014-09-16,346.82000732421875,356.2099914550781,345,352.1468505859375,821400
2014-09-17,357.29998779296875,360.8900146484375,354.2900085449219,355.7429504394531,659700
2014-09-18,359.8399963378906,362.8999938964844,357.25,359.3489074707031,550300
2014-09-19,365.5899963378906,365.5899963378906,357.2900085449219,355.5646667480469,2635000
2014-09-22,358,360.1700134277344,355.3800048828125,356.5552673339844,743900
2014-09-23,357.4200134277344,361.2300109863281,355.3299865722656,353.8805236816406,953000
2014-09-24,357.2200012207031,365.3299865722656,357.05999755859375,361.0033264160156,639500
2014-09-25,363.3500061035156,364.7099914550781,354,352.21624755859375,692100
2014-09-26,357.2300109863281,359,351.4800109863281,354.8315124511719,692500
2014-09-29,355.0199890136719,358.1000061035156,351.54998779296875,351.6416320800781,357400
2014-09-30,355.7900085449219,361.70001220703125,353.1099853515625,357.149658203125,1003900
2014-10-01,363.95001220703125,363.95001220703125,352.9100036621094,352.28558349609375,668900
2014-10-02,355.7900085449219,358.25,353.04998779296875,350.3835144042969,666300
2014-10-03,355.5400085449219,362.4599914550781,355.5400085449219,358.2195739746094,758000
2014-10-06,363.4800109863281,365,356.6000061035156,355.8321533203125,453000
2014-10-07,356.989990234375,359.67999267578125,353.1000061035156,350.89862060546875,591700
2014-10-08,353.8299865722656,361.07000732421875,350.7900085449219,356.78314208984375,742100
2014-10-09,361.239990234375,361.260009765625,352,351.72088623046875,648900
2014-10-10,353.3800048828125,357.75,343.2799987792969,340.2986755371094,753400
2014-10-13,341.8900146484375,344.9800109863281,330.8900146484375,328.9953918457031,869100
2014-10-14,334.0899963378906,335.6600036621094,323.79998779296875,325.0030517578125,1155200
2014-10-15,324,337.0299987792969,320.05999755859375,331.6205749511719,1238100
2014-10-16,326.5,344.4800109863281,326.0899963378906,337.52484130859375,937800
2014-10-17,366.989990234375,376.8800048828125,362.0199890136719,366.1844177246094,2470800
2014-10-20,367.7900085449219,369,360.1000061035156,362.707275390625,1147200
2014-10-21,370.6400146484375,381.0299987792969,366.1400146484375,377.4481506347656,1051200
2014-10-22,380.05999755859375,384.8500061035156,373.3399963378906,380.8658752441406,1025700
2014-10-23,387,397.3500061035156,386.5,390.2770690917969,870300
2014-10-24,396,404.6000061035156,393.2099914550781,398.7372131347656,822400
2014-10-27,402.1000061035156,407.8800048828125,397.5,403.35369873046875,559900
2014-10-28,408.3500061035156,410.17999267578125,397.1199951171875,394.1703186035156,1028200
2014-10-29,397,397.8900146484375,385.0199890136719,384.0755920410156,1055400
2014-10-30,386.2900085449219,394.6499938964844,386.2699890136719,389.1278991699219,709200
2014-10-31,400.1499938964844,400.8699951171875,391.20001220703125,390.039306640625,663100
2014-11-03,395.2699890136719,397.9800109863281,389.1199951171875,391.56494140625,854600
2014-11-04,372.1199951171875,384.42999267578125,368.45001220703125,368.90869140625,1848700
2014-11-05,375.1600036621094,377.989990234375,365.25,365.0649719238281,888400
2014-11-06,371.010009765625,377.45001220703125,367.7799987792969,373.41619873046875,699200
2014-11-07,378.239990234375,381,374.67999267578125,374.3077697753906,622200
2014-11-10,379.5,386.8599853515625,376.5400085449219,382.36175537109375,541100
2014-11-11,390.0899963378906,400,387.19000244140625,394.63592529296875,1156800
2014-11-12,396.20001220703125,402.04998779296875,395.80999755859375,397.3601989746094,623400
2014-11-13,400,402.79998779296875,395.1000061035156,398.8659973144531,703700
2014-11-14,402.4200134277344,402.8699951171875,392.30999755859375,391.5055236816406,789900
2014-11-17,396.0299987792969,408.2900085449219,395.20001220703125,395.9138488769531,887700
2014-11-18,399.989990234375,414.6700134277344,399.17999267578125,409.3570251464844,977700
2014-11-19,411.3599853515625,419.2699890136719,408.3599853515625,411.3680419921875,631100
2014-11-20,413.2099914550781,417.8599853515625,405.9599914550781,402.2044982910156,645900
2014-11-21,415.2699890136719,416,403.2900085449219,401.4615173339844,890700
2014-11-24,405.6600036621094,411.9700012207031,405.2799987792969,405.91943359375,655800
2014-11-25,416.3699951171875,416.489990234375,408.4800109863281,409.1390380859375,818600
2014-11-26,413.92999267578125,415.95001220703125,412.0799865722656,411.9524841308594,443700
2014-11-28,416,418,414.5400085449219,412.219970703125,336900
2014-12-01,413.9800109863281,414.79998779296875,407.989990234375,404.89910888671875,638900
2014-12-02,411,422.82000732421875,409.8999938964844,417.302001953125,687000
2014-12-03,422.2200012207031,425.2799987792969,415.5199890136719,420.4423828125,488700
2014-12-04,423.42999267578125,427.7799987792969,420.739990234375,419.25360107421875,657300
2014-12-05,424.7699890136719,424.989990234375,420.8599853515625,419.2734069824219,453300
2014-12-08,423.3999938964844,437.6400146484375,421.8299865722656,430.88385009765625,579800
2014-12-09,428.2699890136719,436.0799865722656,425.4200134277344,428.6251525878906,860800
2014-12-10,433.1499938964844,435.7799987792969,421.260009765625,418.9762268066406,568900
2014-12-11,425.69000244140625,432.2200012207031,423.5199890136719,420.3829650878906,501000
2014-12-12,420.17999267578125,427.1000061035156,416,412.5469055175781,575700
2014-12-15,419.95001220703125,421.8900146484375,397.82000732421875,397.2611389160156,1026100
2014-12-16,394.739990234375,411.1600036621094,388.1600036621094,392.4267578125,927500
2014-12-17,398.3999938964844,411.57000732421875,396.1300048828125,407.1478576660156,668800
2014-12-18,415.489990234375,424.44000244140625,412.3999938964844,419.8282165527344,733800
2014-12-19,423.1300048828125,432.4599914550781,420.5299987792969,423.6422424316406,1386900
2014-12-22,421,422.79998779296875,410.1499938964844,409.109375,857400
2014-12-23,410.3800048828125,410.9599914550781,383.8699951171875,390.3661804199219,2133900
2014-12-24,392.6000061035156,404.5,392.1400146484375,396.37945556640625,641600
2014-12-26,403.45001220703125,414.8399963378906,402.1199951171875,409.6146240234375,722500
2014-12-29,412.82000732421875,414.9599914550781,405.3599853515625,410.00091552734375,652500
2014-12-30,413.6300048828125,416.9800109863281,406.510009765625,404.52264404296875,464700
2014-12-31,410.57000732421875,416.989990234375,408.57000732421875,406.4147644042969,759900
2015-01-02,413.8999938964844,419.1499938964844,407.5,406.32562255859375,765900
2015-01-05,414.260009765625,419.4100036621094,409.0400085449219,408.614013671875,882800
2015-01-06,414.3900146484375,420.75,396.54998779296875,393.1796569824219,1262400
2015-01-07,402.7900085449219,408.67999267578125,398.5,403.908447265625,880600
2015-01-08,411.57000732421875,412.989990234375,401.1600036621094,399.480224609375,1184500
2015-01-09,409.7799987792969,419.19000244140625,404.1600036621094,407.1974182128906,1207600
2015-01-12,414.0199890136719,419.44000244140625,409.5,409.4659729003906,664500
2015-01-13,417.7300109863281,425.489990234375,402.5199890136719,402.6899108886719,1438200
2015-01-14,403.1199951171875,408.5199890136719,401.4200134277344,400.5303039550781,968600
2015-01-15,405.4800109863281,407.2200012207031,395.55999755859375,393.40753173828125,982900
2015-01-16,398.17999267578125,409.70001220703125,395.6600036621094,404.8693542480469,1036700
2015-01-20,410.7799987792969,422.5299987792969,405.1499938964844,417.1732482910156,803000
2015-01-21,418.1499938964844,423.9100036621094,412.010009765625,414.2012634277344,687400
2015-01-22,418.9700012207031,421.2900085449219,406.5,416.87603759765625,589500
2015-01-23,421.05999755859375,422.9100036621094,414.5899963378906,416.2816467285156,387600
2015-01-26,419.9100036621094,427.45001220703125,417.010009765625,419.808349609375,453600
2015-01-27,417.2300109863281,422.07000732421875,413.6499938964844,411.8534240722656,704800
2015-01-28,417.6400146484375,420.6000061035156,407.5,404.185791015625,641000
2015-01-29,408.67999267578125,415.5,401.1700134277344,410.76373291015625,583500
2015-01-30,410.8800048828125,424.739990234375,410.6000061035156,412.7648620605469,1060000
2015-02-02,419.7900085449219,420.989990234375,407.6400146484375,409.2282409667969,637700
2015-02-03,416.5199890136719,416.5199890136719,398.7099914550781,405.3746032714844,933100
2015-02-04,400.4700012207031,407.8900146484375,393,397.60784912109375,1195100
2015-02-05,403.54998779296875,415.4700012207031,403.1700134277344,410.00091552734375,760300
2015-02-06,413.4700012207031,414.4700012207031,405.260009765625,403.05645751953125,625600
2015-02-09,407.54998779296875,409.1499938964844,397.70001220703125,395.9831848144531,1023800
2015-02-10,402.6499938964844,407.760009765625,394.010009765625,396.9639892578125,1580900
2015-02-11,399.5,406.8999938964844,398.80999755859375,395.2600402832031,690500
2015-02-12,401,405.20001220703125,396.6199951171875,397.984375,660900
2015-02-13,404.5400085449219,406.5,397.6000061035156,398.63818359375,802700
2015-02-17,402,406.5,400.75,400.4015197753906,731100
2015-02-18,404.4800109863281,408.4100036621094,400.510009765625,402.00634765625,478700
2015-02-19,408.5,428.4700012207031,407.489990234375,422.6119079589844,1451000
2015-02-20,425,428.2300109863281,421.1600036621094,419.81829833984375,886600
2015-02-23,423.9200134277344,432.3800048828125,423.5,421.1358337402344,865500
2015-02-24,426.3599853515625,426.54998779296875,415.7699890136719,416.7076416015625,723400
2015-02-25,420.1600036621094,427,417,419.085205078125,764700
2015-02-26,425,427.92999267578125,416.20001220703125,415.9448547363281,690400
2015-02-27,421.0400085449219,421.07000732421875,411.0400085449219,409.9712219238281,811000
2015-03-02,416.2799987792969,419.6000061035156,414.1700134277344,414.5281982421875,613400
2015-03-03,418.5799865722656,418.82000732421875,406.8500061035156,408.65362548828125,586600
2015-03-04,409.1700134277344,415.8800048828125,408.2099914550781,409.1787109375,590500
2015-03-05,414.92999267578125,430.6700134277344,414.2099914550781,424.9399719238281,1165800
2015-03-06,428.6700134277344,431.69000244140625,421.1499938964844,418.1836853027344,744600
2015-03-09,424.44000244140625,430.989990234375,420.1499938964844,422.87939453125,703000
2015-03-10,424,427.80999755859375,420.7799987792969,418.8870544433594,693100
2015-03-11,425.7799987792969,429.8699951171875,424.0299987792969,420.5810852050781,730800
2015-03-12,427.3900146484375,427.44000244140625,422.2099914550781,421.18536376953125,541200
2015-03-13,425,435,424.5,425.365966796875,807900
2015-03-16,436.55999755859375,452.3599853515625,436.55999755859375,447.546630859375,1608700
2015-03-17,450.0199890136719,468.5,447.32000732421875,463.4267578125,1705400
2015-03-18,465.0799865722656,475.95001220703125,461.32000732421875,467.6964416503906,996100
2015-03-19,475.0899963378906,486.6300048828125,472.45001220703125,481.4764099121094,1142400
2015-03-20,493.32000732421875,495.5,476.260009765625,484.29974365234375,1582200
2015-03-23,480.8299865722656,481.8800048828125,471.1099853515625,473.84844970703125,1072600
2015-03-24,478.3599853515625,482.9800109863281,473.1199951171875,469.3112487792969,839700
2015-03-25,474.4800109863281,478.739990234375,452.010009765625,449.745849609375,1415800
2015-03-26,448,457.7200012207031,441.8699951171875,444.1883239746094,1132900
2015-03-27,449.4800109863281,460.1199951171875,448.0400085449219,450.2511291503906,855900
2015-03-30,459.04998779296875,462.5899963378906,453.1099853515625,455.4817810058594,640600
2015-03-31,456.2300109863281,464.5199890136719,450.0199890136719,447.25933837890625,884200
2015-04-01,450,450,433.4700012207031,437.0556335449219,1501000
2015-04-02,443.17999267578125,444.7900085449219,434.42999267578125,434.17279052734375,797800
2015-04-06,434.25,445.75,434.010009765625,436.1145324707031,631800
2015-04-07,440.19000244140625,454.20001220703125,440.19000244140625,437.521240234375,507300
2015-04-08,444.3699951171875,458.94000244140625,440.04998779296875,448.953369140625,563000
2015-04-09,452.3299865722656,458.44000244140625,449.510009765625,450.7860412597656,465100
2015-04-10,456.6300048828125,463.4700012207031,454.4200134277344,457.07672119140625,587600
2015-04-13,460.94000244140625,469.8999938964844,456.57000732421875,452.70794677734375,479300
2015-04-14,455.94000244140625,458.8599853515625,449.0199890136719,450.8158264160156,443700
2015-04-15,457,457,445.010009765625,449.6468200683594,616400
2015-04-16,454.54998779296875,458.29998779296875,452.9700012207031,453.1437683105469,603700
2015-04-17,451.5799865722656,455.7799987792969,442.6000061035156,443.3363342285156,677000
2015-04-20,449.82000732421875,455.8800048828125,445.3900146484375,448.1905517578125,346600
2015-04-21,454.75,463.7300109863281,450.0199890136719,458.88958740234375,1177500
2015-04-22,464.9200134277344,477.1000061035156,463.8399963378906,468.21160888671875,977700
2015-04-23,478,482,475.07000732421875,475.5919494628906,1070600
2015-04-24,479.1600036621094,486,475.0199890136719,475.60186767578125,909000
2015-04-27,483.6099853515625,485.75,467.20001220703125,469.0536804199219,1112700
2015-04-28,474.5299987792969,477.54998779296875,459,461.9803771972656,909600
2015-04-29,463.8699951171875,473.5899963378906,461.1099853515625,465.3090515136719,808100
2015-04-30,467.2799987792969,471.2200012207031,451.5899963378906,453.18341064453125,683200
2015-05-01,463.0199890136719,474.9700012207031,462.45001220703125,466.75537109375,710800
2015-05-04,473.45001220703125,477.7300109863281,470.5400085449219,469.73724365234375,592100
2015-05-05,472.1600036621094,473.1000061035156,462.2900085449219,461.1482849121094,552700
2015-05-06,469.1600036621094,478,465.80999755859375,465.61614990234375,844700
2015-05-07,480.010009765625,482.989990234375,462,464.23907470703125,1340400
2015-05-08,470,484.8500061035156,470,476.7906188964844,1415200
2015-05-11,484.260009765625,488,476.6199951171875,473.09552001953125,640800
2015-05-12,474.989990234375,480.95001220703125,465.260009765625,474.9183349609375,680800
2015-05-13,479.6700134277344,480.2699890136719,473,472.9964599609375,609800
2015-05-14,481.6600036621094,492.2200012207031,474,486.8358459472656,787700
2015-05-15,495,498.489990234375,486.2300109863281,484.43853759765625,466800
2015-05-18,488.010009765625,500.3599853515625,487.80999755859375,492.0962219238281,707200
2015-05-19,495.510009765625,506.25,493.30999755859375,499.43695068359375,710800
2015-05-20,507.5,516.8099975585938,503.4200134277344,507.97637939453125,822500
2015-05-21,513.0900268554688,518.2000122070312,510.20001220703125,511.1761779785156,864100
2015-05-22,513.739990234375,519.4600219726562,513.5,509.07598876953125,771400
2015-05-26,511.79998779296875,514.4500122070312,503.1600036621094,501.893798828125,774100
2015-05-27,509.04998779296875,515.7999877929688,505.54998779296875,510.5520324707031,625700
2015-05-28,512.1099853515625,514.3200073242188,509.4599914550781,507.3323974609375,702500
2015-05-29,509.510009765625,517.1799926757812,509.45001220703125,507.768310546875,763500
2015-06-01,517.0800170898438,517.0800170898438,505.1199951171875,509.0066833496094,551200
2015-06-02,511.25,512.9500122070312,505.25,504.1425476074219,641600
2015-06-03,509.6400146484375,514.9099731445312,508.7799987792969,509.4128112792969,627900
2015-06-04,510.8399963378906,519.7999877929688,510.19000244140625,513.7716674804688,816700
2015-06-05,519.4000244140625,539.7999877929688,516.8499755859375,534.357421875,1205600
2015-06-08,540.97998046875,544,525.5599975585938,521.171875,1025900
2015-06-09,526.0900268554688,526.0900268554688,526.0900268554688,521.171875,12100
2015-06-10,505.7300109863281,513.72998046875,498.6000061035156,507.5306091308594,1810900
2015-06-11,513.2899780273438,514.8499755859375,499.8999938964844,496.4154357910156,1115600
2015-06-12,499.44000244140625,500.7799987792969,490.8699951171875,487.6878356933594,982800
2015-06-15,490.1099853515625,499.8999938964844,482.9200134277344,494.3945007324219,1302600
2015-06-16,498.17999267578125,505.1499938964844,497.07000732421875,497.06927490234375,639000
2015-06-17,501.760009765625,515,501.760009765625,508.09527587890625,851800
2015-06-18,515.1099853515625,533.1699829101562,514.97998046875,523.0342407226562,997300
2015-06-19,531.6400146484375,534.77001953125,520.9600219726562,517.3974609375,1150900
2015-06-22,526.8499755859375,532,518,515.8422241210938,750800
2015-06-23,522.1599731445312,523.6300048828125,514,516.178955078125,474500
2015-06-24,519.010009765625,522.22998046875,513.4299926757812,511.7607421875,454900
2015-06-25,517.969970703125,525.9500122070312,516.5999755859375,514.3859252929688,482900
2015-06-26,522.530029296875,524.719970703125,513.6599731445312,515.7628784179688,408200
2015-06-29,514.5900268554688,520.5,504.5199890136719,500.2492980957031,599900
2015-06-30,512.2000122070312,514.7999877929688,505.6199951171875,505.36102294921875,635800
2015-07-01,515.22998046875,516.0499877929688,504.3299865722656,501.77490234375,527700
2015-07-02,509.5,512.5,505.2900085449219,506.3021545410156,374700
2015-07-06,505.4599914550781,519.6599731445312,505.1099853515625,507.4512939453125,457600
2015-07-07,515.739990234375,517.8900146484375,507.5,512.7710571289062,457500
2015-07-08,515.5399780273438,518.4400024414062,508.2799987792969,504.5388488769531,405900
2015-07-09,505.1499938964844,513.1799926757812,503.6400146484375,504.2713317871094,650700
2015-07-10,514.5,526.22998046875,509.1499938964844,521.0926513671875,723500
2015-07-13,532.280029296875,539.5,531.9500122070312,531.1972045898438,812700
2015-07-14,537,544.8599853515625,536.1099853515625,537.8248291015625,597200
2015-07-15,546.9600219726562,551.9299926757812,540.4299926757812,538.3002319335938,466700
2015-07-16,547,552,542.4299926757812,546.3739624023438,436800
2015-07-17,552.6199951171875,552.97998046875,545.5,546.8197631835938,489000
2015-07-20,555,569.9099731445312,552.3400268554688,555.9238891601562,935500
2015-07-21,560,563.2999877929688,553.5599975585938,554.7648315429688,560100
2015-07-22,557.5800170898438,563.22998046875,553.780029296875,551.3273315429688,770500
2015-07-23,558.1900024414062,559.780029296875,553.1400146484375,551.4065551757812,492500
2015-07-24,550.510009765625,558,533.510009765625,536.7844848632812,933400
2015-07-27,538.739990234375,543,530.3499755859375,534.9816284179688,658300
2015-07-28,553.2999877929688,559.6500244140625,545,547.2854614257812,872000
2015-07-29,555.22998046875,558.6599731445312,540.02001953125,541.1632080078125,648500
2015-07-30,545.6300048828125,550.25,536.02001953125,541.9854125976562,557000
2015-07-31,551.2899780273438,558.5,547.8499755859375,548.4841918945312,500400
2015-08-03,558.469970703125,561.3099975585938,546,549.0884399414062,701700
2015-08-04,586,605.9299926757812,578.2100219726562,575.5090942382812,1939800
2015-08-05,584.2999877929688,595.8900146484375,581.3800048828125,586.8618774414062,730500
2015-08-06,593.6599731445312,593.6599731445312,579,577.0247192382812,726700
2015-08-07,586,586,574.25,573.6268920898438,793900
2015-08-10,584.6699829101562,591.8400268554688,580.8800048828125,575.5684204101562,640300
2015-08-11,577.77001953125,583.3800048828125,565.75,561.689453125,760900
2015-08-12,561.8499755859375,580.8800048828125,555.5,573.8349609375,856000
2015-08-13,578.8900146484375,585.7899780273438,572.9000244140625,568.7329711914062,515700
2015-08-14,572.9000244140625,579.3499755859375,568.9600219726562,570.9124145507812,491500
2015-08-17,574.72998046875,578.5700073242188,571.5900268554688,571.3681640625,444700
2015-08-18,578.9500122070312,579.97998046875,569.0999755859375,564.344482421875,581200
2015-08-19,567.3200073242188,575.1199951171875,562,563.591552734375,477200
2015-08-20,561.3300170898438,567.8599853515625,546.010009765625,541.5396118164062,790400
2015-08-21,537.75,557.1900024414062,525.22998046875,522.2516479492188,1501700
2015-08-24,498,526.0999755859375,480.5,499.8629150390625,1757000
2015-08-25,520.9400024414062,528.3800048828125,496.5299987792969,494.3548889160156,1235200
2015-08-26,513.219970703125,535.8699951171875,506.25,530.464111328125,1064500
2015-08-27,540,547.510009765625,526.6500244140625,532.970458984375,759500
2015-08-28,530.3900146484375,543.1199951171875,530.1599731445312,531.6826782226562,507800
2015-08-31,526.260009765625,534.719970703125,511.8699951171875,508.699462890625,835300
2015-09-01,499.2900085449219,510.989990234375,494.2900085449219,491.77923583984375,899200
2015-09-02,503.7099914550781,518.989990234375,493.75,513.9302368164062,748500
2015-09-03,523.4500122070312,523.6400146484375,506.8299865722656,503.7562255859375,608100
2015-09-04,500.510009765625,507.9700012207031,498.9800109863281,495.31585693359375,806700
2015-09-08,514.8800048828125,543.1900024414062,510.1300048828125,537.68603515625,1242200
2015-09-09,549.280029296875,549.989990234375,520.2899780273438,522.4201049804688,567700
2015-09-10,525.6599731445312,536.4299926757812,524.3599853515625,526.2538452148438,522500
2015-09-11,528.4099731445312,533.2999877929688,524.72998046875,528.314453125,518800
2015-09-14,533.469970703125,535.0399780273438,524.8599853515625,526.4322509765625,345000
2015-09-15,531.4000244140625,542.989990234375,527.010009765625,536.3883056640625,464500
2015-09-16,541,545,533.6199951171875,535.9325561523438,447600
2015-09-17,538.02001953125,556.3099975585938,537.9500122070312,545.8192749023438,818600
2015-09-18,547.989990234375,554,542.989990234375,545.2149047851562,1191600
2015-09-21,551.5499877929688,557.8699951171875,522.1199951171875,524.4310302734375,888600
2015-09-22,521.2999877929688,531.4400024414062,519.5700073242188,525.2236938476562,924700
2015-09-23,531.489990234375,541.2999877929688,522.5800170898438,531.4844970703125,990000
2015-09-24,532.010009765625,534.9199829101562,515.6599731445312,517.1201782226562,1050400
2015-09-25,529.239990234375,529.5,480.0799865722656,486.0829772949219,1522800
2015-09-28,491.010009765625,492.4200134277344,435.5199890136719,449.7359924316406,3128600
2015-09-29,444.5899963378906,477.3699951171875,441.3800048828125,447.5961608886719,1621200
2015-09-30,460.5799865722656,474.8399963378906,454.9700012207031,460.7916564941406,1452200
2015-10-01,464.010009765625,473.510009765625,456.32000732421875,468.5484313964844,877100
2015-10-02,458.04998779296875,479.2900085449219,452.1499938964844,474.5914001464844,1159600
2015-10-05,484.1000061035156,489,464,468.7168273925781,915000
2015-10-06,468,476.8900146484375,448.1000061035156,455.5213623046875,1114300
2015-10-07,463.3900146484375,486.0799865722656,456.8800048828125,481.2188415527344,1271000
2015-10-08,482.7799987792969,496.67999267578125,468.5400085449219,486.617919921875,840200
2015-10-09,494.0199890136719,504.9800109863281,487.239990234375,499.2091369628906,899300
2015-10-12,521.2100219726562,531.8699951171875,514.27001953125,521.9049072265625,1306600
2015-10-13,518.010009765625,525.9099731445312,506.9599914550781,503.2905578613281,984500
2015-10-14,509.9100036621094,523,502.510009765625,504.5189514160156,774700
2015-10-15,509.6600036621094,520,505.0199890136719,514.4947509765625,735300
2015-10-16,521.7899780273438,522,509.05999755859375,509.77935791015625,754600
2015-10-19,515.8499755859375,530.6599731445312,513,518.6654663085938,871000
2015-10-20,522.1500244140625,526.5,510.75,509.8586120605469,707800
2015-10-21,521.25,524.52001953125,500.6600036621094,513.6824951171875,868100
2015-10-22,518.1199951171875,528.8800048828125,511.25,520.2010498046875,972700
2015-10-23,530.1900024414062,539.1099853515625,525.3099975585938,531.6826782226562,804500
2015-10-26,537.7000122070312,550.8900146484375,534.8599853515625,540.766845703125,709600
2015-10-27,545.1599731445312,568.3800048828125,545.1599731445312,562.4819946289062,898400
2015-10-28,561.6500244140625,571.1599731445312,553.6199951171875,565.8005981445312,890200
2015-10-29,568.5599975585938,578,559,554.7846069335938,693300
2015-10-30,562.3300170898438,565.6599731445312,552.5,552.1792602539062,731900
2015-11-02,568.2899780273438,580.97998046875,560.2000122070312,573.587158203125,993800
2015-11-03,581,581,564.5,572.5964965820312,944500
2015-11-04,578.010009765625,588.0499877929688,549.5,558.7274780273438,1526500
2015-11-05,564.9400024414062,574.25,561,558.8859252929688,1035500
2015-11-06,561.030029296875,566.0800170898438,552.8900146484375,556.7461547851562,666200
2015-11-09,560.8300170898438,564.5599975585938,555.8200073242188,553.2986450195312,658100
2015-11-10,559,565.5,551.010009765625,559.5794067382812,570200
2015-11-11,567.5,571.75,560.1500244140625,561.1148071289062,597400
2015-11-12,566.02001953125,566.3699951171875,551.510009765625,547.36474609375,579400
2015-11-13,551.1900024414062,557.25,545.1199951171875,543.7686157226562,548700
2015-11-16,550.260009765625,559.1799926757812,545.2000122070312,553.1599731445312,574000
2015-11-17,559.4400024414062,573.3499755859375,556.7899780273438,565.5728759765625,692000
2015-11-18,571.4000244140625,588.97998046875,571.4000244140625,581.6016845703125,708000
2015-11-19,587,592.5900268554688,580.5800170898438,575.9152221679688,584800
2015-11-20,583.9500122070312,587.3800048828125,576.5900268554688,574.1519165039062,745700
2015-11-23,575.989990234375,584.5900268554688,567.0599975585938,565.5133666992188,856900
2015-11-24,567.0499877929688,569.9299926757812,560.530029296875,562.1650390625,673900
2015-11-25,567.9600219726562,572.9400024414062,560,556.4390869140625,774100
2015-11-27,564.0800170898438,566.52001953125,559.25,557.8357543945312,466600
2015-11-30,563.989990234375,565.6799926757812,540.260009765625,539.4097290039062,866500
2015-12-01,549.25,550.3200073242188,536.2999877929688,540.6381225585938,651400
2015-12-02,545.010009765625,555.8800048828125,541.2000122070312,541.7673950195312,698800
2015-12-03,547.5900268554688,549.989990234375,534.1300048828125,530.7216186523438,748300
2015-12-04,538.0900268554688,559.2999877929688,538.010009765625,553.4373779296875,621600
2015-12-07,559.6599731445312,560.1500244140625,544.5599975585938,541.5,491200
2015-12-08,542.8699951171875,558,540,551.1292114257812,440500
2015-12-09,553.760009765625,562.8599853515625,543,542.272705078125,566000
2015-12-10,547.239990234375,551.6900024414062,542.5499877929688,543.0453491210938,554400
2015-12-11,538.9000244140625,547.5,532.5,529.5131225585938,699500
2015-12-14,537.1400146484375,540.4299926757812,527.0499877929688,534.8923950195312,630500
2015-12-15,543.4199829101562,557.1500244140625,540,551.2479858398438,782600
2015-12-16,559.0900268554688,563.7899780273438,547.5499877929688,554.4378662109375,741100
2015-12-17,560,563.030029296875,551.2000122070312,546.3343505859375,618900
2015-12-18,548.3400268554688,552.030029296875,542.1500244140625,539.1422729492188,1188300
2015-12-21,545.9500122070312,547.0900268554688,528.280029296875,527.5714721679688,863300
2015-12-22,535.5900268554688,539.6099853515625,526.260009765625,523.4008178710938,621800
2015-12-23,531.0599975585938,537.47998046875,528.4099731445312,530.8405151367188,415300
2015-12-24,535.5599975585938,539.8499755859375,534.1099853515625,532.6039428710938,169400
2015-12-28,536.4500122070312,540.719970703125,531.5800170898438,535.2291870117188,351000
2015-12-29,542.280029296875,553.75,541.760009765625,545.0663452148438,519700
2015-12-30,550.5399780273438,551.8800048828125,544.6900024414062,543.0653076171875,297400
2015-12-31,542.6199951171875,550.6599731445312,542.6199951171875,537.794921875,310500
2016-01-04,531.760009765625,532.9099731445312,507.1000061035156,511.7210693359375,1025800
2016-01-05,519.3800048828125,521.780029296875,504.05999755859375,504.2218017578125,889300
2016-01-06,499,524.6699829101562,496,514.6235961914062,887600
2016-01-07,510.5,515.3499755859375,501.9100036621094,497.2674255371094,931000
2016-01-08,505.0199890136719,511.30999755859375,490.989990234375,487.0835266113281,793100
2016-01-11,495.04998779296875,498.70001220703125,469.79998779296875,476.3250732421875,863000
2016-01-12,486,486.989990234375,452.6700134277344,470.5396423339844,1717700
2016-01-13,474.8500061035156,474.8500061035156,451.3900146484375,455.2737121582031,1396900
2016-01-14,461.8500061035156,486.5199890136719,453.1600036621094,474.601318359375,1193300
2016-01-15,464.5899963378906,476.239990234375,456,458.6221618652344,1350700
2016-01-19,470.20001220703125,474.44000244140625,441.8800048828125,442.8409729003906,1219300
2016-01-20,438.5299987792969,468.82000732421875,432.04998779296875,457.6314392089844,1229400
2016-01-21,462.1600036621094,469.9800109863281,452.010009765625,457.2550354003906,889900
2016-01-22,469.42999267578125,484.57000732421875,464.2300109863281,478.4747314453125,820500
2016-01-25,468.5299987792969,482.2699890136719,465.1099853515625,468.697021484375,920200
2016-01-26,474.3999938964844,474.3999938964844,456.25,459.2264099121094,608200
2016-01-27,460.6300048828125,463.239990234375,431.510009765625,430.10125732421875,1225800
2016-01-28,436,436.70001220703125,400,411.2293395996094,2297300
2016-01-29,415.2200012207031,428.9100036621094,405.05999755859375,416.16278076171875,1148200
2016-02-01,417.19000244140625,420.7699890136719,408.4200134277344,414.3597412109375,1000200
2016-02-02,412.67999267578125,415.6300048828125,402.2300109863281,406.0581970214844,887500
2016-02-03,413.04998779296875,422.489990234375,392.3500061035156,417.0741882324219,1248400
2016-02-04,417.1700134277344,437.5299987792969,408.1199951171875,408.73284912109375,1284700
2016-02-05,416.1000061035156,420.5299987792969,393.07000732421875,392.90228271484375,1432700
2016-02-08,380.70001220703125,393.6400146484375,376.6099853515625,386.879150390625,1225600
2016-02-09,357,388,350.260009765625,362.5487365722656,2112300
2016-02-10,370.0199890136719,378.19000244140625,363,364.04461669921875,1232400
2016-02-11,358.29998779296875,375.9800109863281,357.010009765625,363.80682373046875,941800
2016-02-12,371.3599853515625,379.0400085449219,365.1300048828125,375.466796875,728200
2016-02-16,386.3999938964844,393.95001220703125,382.2200012207031,388.09765625,1094000
2016-02-17,393.7300109863281,398.75,385,393.5462341308594,842300
2016-02-18,395.6499938964844,405,386.010009765625,383.6792907714844,729500
2016-02-19,386.45001220703125,396.239990234375,380.0199890136719,391.2875061035156,604800
2016-02-22,399.04998779296875,405.7099914550781,394.3900146484375,392.08990478515625,773800
2016-02-23,392,399.69000244140625,386.0799865722656,383.21368408203125,617500
2016-02-24,383.69000244140625,394.75,377.29998779296875,389.9501647949219,713700
2016-02-25,396.3599853515625,402.80999755859375,390.489990234375,390.3067932128906,671900
2016-02-26,396.9200134277344,398.6000061035156,387.6400146484375,390.5445556640625,594500
2016-02-29,396.239990234375,397.1199951171875,383.05999755859375,380.4299621582031,794000
2016-03-01,387.8599853515625,410.2099914550781,384.0199890136719,406.3751220703125,921000
2016-03-02,410,419,405.260009765625,403.9975891113281,781900
2016-03-03,406.2300109863281,409.44000244140625,395.2099914550781,398.18243408203125,780400
2016-03-04,404.54998779296875,413.8500061035156,395.95001220703125,400.04486083984375,791700
2016-03-07,401.7900085449219,411.239990234375,399.6099853515625,404.46319580078125,629200
2016-03-08,405.3999938964844,408.2900085449219,392.6600036621094,391.1191101074219,709100
2016-03-09,388.5299987792969,389.6099853515625,373.79998779296875,371.2466125488281,1593600
2016-03-10,376.8800048828125,380.5899963378906,373.6300048828125,374.0303649902344,1256200
2016-03-11,382.6700134277344,383.5799865722656,375.5299987792969,373.594482421875,833200
2016-03-14,378.54998779296875,379.1000061035156,370.6499938964844,369.78045654296875,1077700
2016-03-15,369.9599914550781,372.2799987792969,359.1700134277344,363.7870178222656,1037400
2016-03-16,367,381,360,365.0154113769531,1097200
2016-03-17,366.30999755859375,369.5,348.9599914550781,362.0533752441406,1498900
2016-03-18,367.6400146484375,370.4100036621094,356.75,361.10235595703125,1583500
2016-03-21,363.8599853515625,375.9200134277344,360.5299987792969,367.5713195800781,771800
2016-03-22,367.9100036621094,380.82000732421875,367.25,374.7733459472656,724500
2016-03-23,378.8500061035156,384.30999755859375,365.1400146484375,361.9642333984375,694500
2016-03-24,363.4599914550781,375.3800048828125,360.3800048828125,367.33355712890625,1047500
2016-03-28,372.9800109863281,374.9200134277344,363.32000732421875,360.4485168457031,475700
2016-03-29,363.8900146484375,369.6400146484375,357.3399963378906,363.9356384277344,663500
2016-03-30,369.7200012207031,373.989990234375,359.1499938964844,356.3175354003906,699300
2016-03-31,361.0199890136719,364.8399963378906,358.6300048828125,357.0704345703125,930100
2016-04-01,373.989990234375,411.9800109863281,360.80999755859375,401.4615173339844,3184700
2016-04-04,403.69000244140625,411.3299865722656,399.05999755859375,401.51104736328125,1205200
2016-04-05,401.8500061035156,411.8500061035156,399.2900085449219,399.8764343261719,1025800
2016-04-06,404.2099914550781,428.04998779296875,404.2099914550781,423.206298828125,1478400
2016-04-07,425,433.92999267578125,417.0199890136719,414.56787109375,1239300
2016-04-08,420.8999938964844,424,401.70001220703125,401.1544189453125,1223100
2016-04-11,407.3699951171875,407.3699951171875,392.9200134277344,392.4366760253906,1084700
2016-04-12,396.3299865722656,410.489990234375,394.20001220703125,404.2551574707031,1047300
2016-04-13,411.239990234375,415,406,406.6822509765625,606100
2016-04-14,412.1600036621094,414.5899963378906,401.80999755859375,403.0267639160156,452200
2016-04-15,408.8599853515625,409.7699890136719,400.8900146484375,402.9277038574219,469500
2016-04-18,407.3800048828125,423.95001220703125,405.5899963378906,418.431396484375,952000
2016-04-19,421.3800048828125,422.3699951171875,411.3999938964844,409.9117431640625,688300
2016-04-20,406.2099914550781,406.8999938964844,396,396.0129089355469,979000
2016-04-21,400.69000244140625,411.8299865722656,398,405.7411193847656,735500
2016-04-22,406.6099853515625,411.5799865722656,394.5,400.599609375,849400
2016-04-25,408.2099914550781,408.94000244140625,403.260009765625,403.1158752441406,376400
2016-04-26,406.7699890136719,411.4100036621094,404.3299865722656,402.85833740234375,430200
2016-04-27,406.9100036621094,406.9100036621094,386.3599853515625,386.6314697265625,975000
2016-04-28,387.1099853515625,401.7799987792969,385,387.64190673828125,923800
2016-04-29,388.6300048828125,393,373.1400146484375,373.1883239746094,889000
2016-05-02,377.95001220703125,385,369.07000732421875,380.9253234863281,729500
2016-05-03,379.6199951171875,381.7300109863281,370.7699890136719,367.8487243652344,729200
2016-05-04,370.05999755859375,371.0899963378906,360.25,357.2685546875,1008800
2016-05-05,377.1300048828125,381.6099853515625,369.1099853515625,374.19879150390625,1500300
2016-05-06,376.3599853515625,377.42999267578125,365.92999267578125,366.49151611328125,884800
2016-05-09,370.20001220703125,381.32000732421875,370.20001220703125,371.9599609375,946100
2016-05-10,377.9599914550781,387.0899963378906,374.3800048828125,382.2626647949219,741400
2016-05-11,385.05999755859375,386.2900085449219,371.4599914550781,368.3836364746094,706700
2016-05-12,373.04998779296875,375,362.3900146484375,362.2218322753906,979600
2016-05-13,364.55999755859375,371.6700134277344,361.6400146484375,366.00604248046875,1159200
2016-05-16,380,394.4700012207031,378.6600036621094,388.2858581542969,1304300
2016-05-17,392.989990234375,393.5,382.7799987792969,382.7679138183594,1357600
2016-05-18,386.0400085449219,391.489990234375,384.29998779296875,386.6314697265625,1172000
2016-05-19,387.1199951171875,394.010009765625,379.3299865722656,379.7167053222656,1256200
2016-05-20,383.3699951171875,388,382.04998779296875,382.3915100097656,795000
2016-05-23,386.4599914550781,396.989990234375,384.30999755859375,388.9693908691406,1086300
2016-05-24,397.2300109863281,402.4800109863281,393.30999755859375,393.98211669921875,1109100
2016-05-25,399.95001220703125,400.989990234375,392.9100036621094,390.8021240234375,959800
2016-05-26,393.489990234375,394.8999938964844,388.0799865722656,389.86102294921875,733400
2016-05-27,398.489990234375,398.489990234375,389.6199951171875,392.51593017578125,547900
2016-05-31,398.3599853515625,400.4700012207031,395,395.2005920410156,1017400
2016-06-01,398.75,408.3500061035156,395.1400146484375,400.5303039550781,875100
2016-06-02,405.3500061035156,407.57000732421875,400.30999755859375,403.32391357421875,714100
2016-06-03,405.8299865722656,407,393.2099914550781,397.0035705566406,1153000
2016-06-06,401.75,404.5400085449219,396.7099914550781,400.1142578125,594400
2016-06-07,400.8999938964844,402.3900146484375,394.1199951171875,390.7823181152344,664400
2016-06-08,394.4700012207031,394.80999755859375,383.9800109863281,385.333740234375,844200
2016-06-09,386.4100036621094,392.6300048828125,381.0799865722656,377.5174560546875,660400
2016-06-10,379.0400085449219,379.75,369.6000061035156,368.5520935058594,891100
2016-06-13,371.7099914550781,375.3800048828125,366.8999938964844,363.7969970703125,855700
2016-06-14,366.3900146484375,371.45001220703125,359.2300109863281,363.06390380859375,1020000
2016-06-15,368.7099914550781,376.32000732421875,366.489990234375,364.4706115722656,675000
2016-06-16,365.79998779296875,368.6199951171875,362.9200134277344,363.0935363769531,542900
2016-06-17,367.30999755859375,369.8699951171875,354,350.89862060546875,1163900
2016-06-20,359.5199890136719,362.9800109863281,352.04998779296875,349.3631591796875,783700
2016-06-21,354,354,342.75,341.9134521484375,1183500
2016-06-22,347.44000244140625,362,341,348.6300964355469,1797900
2016-06-23,355.5899963378906,358.7699890136719,352.2300109863281,353.80126953125,701600
2016-06-24,341.70001220703125,350.0899963378906,338.69000244140625,336.306396484375,1288300
2016-06-27,335.8399963378906,341.739990234375,329.0899963378906,327.95513916015625,1475900
2016-06-28,334.4700012207031,340.42999267578125,332.9700012207031,336.6035461425781,806000
2016-06-29,343.2799987792969,351.20001220703125,342.4200134277344,344.6080322265625,1081000
2016-06-30,349.54998779296875,350.239990234375,344.75,345.9652099609375,781000
2016-07-01,349,359.8900146484375,348.42999267578125,355.1485595703125,777100
2016-07-05,362.25,363.17999267578125,355.5,356.2481689453125,652500
2016-07-06,357.8999938964844,372.44000244140625,355.6099853515625,368.09637451171875,1031200
2016-07-07,370.8699951171875,372.2900085449219,364.07000732421875,367.9775085449219,975400
2016-07-08,372.6000061035156,378.8500061035156,370.2099914550781,374.81298828125,692400
2016-07-11,380.5400085449219,381.4700012207031,375.489990234375,372.2273864746094,581800
2016-07-12,377,379.45001220703125,368.3800048828125,365.3027038574219,740200
2016-07-13,370.45001220703125,372.42999267578125,364.3599853515625,361.0924377441406,624300
2016-07-14,367.0199890136719,367.0199890136719,360.05999755859375,361.8552551269531,743700
2016-07-15,367.8800048828125,375.20001220703125,363.45001220703125,370.3153991699219,1242400
2016-07-18,374.79998779296875,382.3900146484375,370.9200134277344,377.9731140136719,763100
2016-07-19,381.5299987792969,382.95001220703125,374.1400146484375,373.62420654296875,605700
2016-07-20,377.4800109863281,386.9700012207031,375.44000244140625,381.1036376953125,630800
2016-07-21,386.25,395.4200134277344,385.6199951171875,385.8785400390625,782600
2016-07-22,391.3999938964844,392.6000061035156,387.42999267578125,387.6815490722656,477800
2016-07-25,391.0299987792969,395.1199951171875,387.54998779296875,391.208251953125,386100
2016-07-26,393,398.6499938964844,390.010009765625,394.5467529296875,593700
2016-07-27,399.6400146484375,416,399,411.20953369140625,1001900
2016-07-28,413.80999755859375,413.9700012207031,405.5400085449219,407.1974182128906,623800
2016-07-29,411.3299865722656,425.8800048828125,409.989990234375,421.1457824707031,1370500
2016-08-01,425.0899963378906,439,424.010009765625,429.9427490234375,1405500
2016-08-02,435.2699890136719,437.8500061035156,427.0899963378906,430.8343200683594,1250800
2016-08-03,434.70001220703125,442.2900085449219,433.55999755859375,437.24383544921875,1102800
2016-08-04,443.2900085449219,443.989990234375,417.5,429.3483581542969,2026900
2016-08-05,430.3500061035156,433.3999938964844,422,419.04559326171875,1111500
2016-08-08,422.42999267578125,429.05999755859375,418.3599853515625,417.1039123535156,828600
2016-08-09,420.2200012207031,423.2200012207031,417.75,415.3207092285156,491100
2016-08-10,418.989990234375,419.5299987792969,412.5,411.59588623046875,468100
2016-08-11,416.0199890136719,423.44000244140625,415.0199890136719,417.4110107421875,372600
2016-08-12,419.6499938964844,422.3599853515625,415,417.5992126464844,296600
2016-08-15,422.75,425.9200134277344,422.25,418.9167785644531,368200
2016-08-16,422.1600036621094,422.1600036621094,413,409.7731018066406,529900
2016-08-17,415.25,415.82000732421875,409,407.83135986328125,460700
2016-08-18,412.54998779296875,413.3299865722656,407.5,407.02899169921875,641800
2016-08-19,409.3399963378906,410.5,403.5799865722656,400.5203857421875,701700
2016-08-22,406.80999755859375,422.4700012207031,405.1000061035156,414.7362365722656,907500
2016-08-23,420.1499938964844,425,418.3599853515625,416.6778869628906,452200
2016-08-24,419.6099853515625,424.95001220703125,403.5,401.4615173339844,605200
2016-08-25,404.9700012207031,410.8800048828125,392.489990234375,396.5082702636719,830500
2016-08-26,400,407.0400085449219,396.2099914550781,399.2027893066406,663500
2016-08-29,405.1499938964844,405.989990234375,396.5799865722656,395.6463928222656,554900
2016-08-30,398.3800048828125,402.3599853515625,394.4200134277344,391.5252990722656,526900
2016-08-31,396.010009765625,397.2699890136719,390.0199890136719,388.8802490234375,568900
2016-09-01,394.75,394.75,390.5,389.7222900390625,478500
2016-09-02,393.25,393.9700012207031,387.0199890136719,385.00677490234375,744400
2016-09-06,390.94000244140625,401.3999938964844,390.1499938964844,394.58642578125,1167000
2016-09-07,397.7200012207031,401.760009765625,395.6499938964844,396.1516418457031,819800
2016-09-08,398.2799987792969,404,396.6300048828125,398.0734558105469,672100
2016-09-09,398,399.8299865722656,384.010009765625,380.8360900878906,929200
2016-09-12,384.29998779296875,399.57000732421875,384.2699890136719,395.77520751953125,756800
2016-09-13,394.3399963378906,396.17999267578125,387,387.3348083496094,768200
2016-09-14,391.70001220703125,401.79998779296875,391.70001220703125,393.8434143066406,655800
2016-09-15,396.55999755859375,404.9800109863281,394.8699951171875,398.98486328125,805500
2016-09-16,403.75,411,400.3699951171875,404.8099365234375,1311800
2016-09-19,409.8599853515625,411.04998779296875,401.45001220703125,399.0641174316406,581000
2016-09-20,406.4700012207031,407.2900085449219,400.2300109863281,402.4422302246094,626900
2016-09-21,407.44000244140625,410.3900146484375,398.5799865722656,402.7196960449219,751400
2016-09-22,408.7900085449219,408.95001220703125,402.0199890136719,404.1957092285156,621500
2016-09-23,405.57000732421875,413.6199951171875,405.57000732421875,406.553466796875,688600
2016-09-26,410,410,401.1000061035156,400.3420715332031,658600
2016-09-27,405.1199951171875,421.95001220703125,402.3699951171875,417.51007080078125,964500
2016-09-28,421.8800048828125,424.3500061035156,418.2200012207031,415.18206787109375,779400
2016-09-29,419.04998779296875,421.7699890136719,404.6000061035156,402.56109619140625,594200
2016-09-30,396.44000244140625,404.9800109863281,390.55999755859375,398.2616882324219,1114300
2016-10-03,402.0199890136719,407.7900085449219,398.1499938964844,399.0542297363281,595100
2016-10-04,403.82000732421875,406,394.54998779296875,393.4867858886719,558300
2016-10-05,398.94000244140625,401.45001220703125,391.3900146484375,388.9297790527344,769400
2016-10-06,391.3900146484375,393,386.5899963378906,384.9671630859375,596900
2016-10-07,390.3299865722656,390.9800109863281,385.5,386.41351318359375,516300
2016-10-10,392.2900085449219,396,388.8399963378906,390.1780090332031,732000
2016-10-11,391.510009765625,394.69000244140625,382.17999267578125,382.4410095214844,807600
2016-10-12,387.5400085449219,388.79998779296875,372.0199890136719,369.9786376953125,856100
2016-10-13,369.6099853515625,379.9599914550781,369.0199890136719,372.2769470214844,532400
2016-10-14,378.3999938964844,379.1000061035156,370.6600036621094,368.2053527832031,590400
2016-10-17,367.79998779296875,371.5,364.5,363.3016357421875,497700
2016-10-18,366.4200134277344,372.8500061035156,366.07000732421875,368.0567626953125,413400
2016-10-19,372.6199951171875,374.5799865722656,368.07000732421875,364.91632080078125,400000
2016-10-20,368.9200134277344,373.9599914550781,368.29998779296875,367.7694396972656,345600
2016-10-21,370.3599853515625,371.25,361.6700134277344,360.1315002441406,522000
2016-10-24,364.510009765625,367.1199951171875,358.760009765625,358.863525390625,513900
2016-10-25,362.5,367.7699890136719,358.20001220703125,363.49969482421875,509300
2016-10-26,367.6300048828125,367.8999938964844,360.07000732421875,359.68572998046875,483700
2016-10-27,365.3399963378906,370,362.75,361.93450927734375,503800
2016-10-28,363.5799865722656,364.1199951171875,348.489990234375,352.50347900390625,1060600
2016-10-31,357.2099914550781,358.54998779296875,344.8500061035156,341.7945556640625,921500
2016-11-01,345.5199890136719,352.30999755859375,340.79998779296875,343.3102722167969,974900
2016-11-02,346.6499938964844,346.6499938964844,341.57000732421875,340.4472351074219,721900
2016-11-03,343.510009765625,346.42999267578125,331.95001220703125,332.8688049316406,1202500
2016-11-04,325.6199951171875,351.75,325.3500061035156,338.1985168457031,1885100
2016-11-07,347.4800109863281,366.8399963378906,344.19000244140625,361.97418212890625,1347400
2016-11-08,362.95001220703125,374.1300048828125,361.45001220703125,364.3318786621094,1302200
2016-11-09,385.3500061035156,420.4599914550781,383.5,414.5083923339844,3047200
2016-11-10,422.0199890136719,431.260009765625,418.9599914550781,419.04559326171875,1430400
2016-11-11,418.4200134277344,421.7200012207031,411.1400146484375,415.8656005859375,822900
2016-11-14,421.2200012207031,452.9599914550781,418.8500061035156,440.3644104003906,1557100
2016-11-15,443.5199890136719,449,428.1199951171875,424.64276123046875,1118800
2016-11-16,428,430.9200134277344,419.94000244140625,416.15289306640625,815500
2016-11-17,406.1400146484375,410.1099853515625,398.0199890136719,400.7779235839844,1493400
2016-11-18,403.5400085449219,410.6400146484375,397.0199890136719,393.76416015625,1413400
2016-11-21,398.9800109863281,410,398.3599853515625,401.6893615722656,922500
2016-11-22,406.25,407.92999267578125,395.2699890136719,395.240234375,918500
2016-11-23,393.6099853515625,403.3500061035156,390.239990234375,398.6480407714844,972600
2016-11-25,402.3399963378906,402.3399963378906,394.5,394.437744140625,282500
2016-11-28,397.1099853515625,398.3299865722656,389.45001220703125,386.73052978515625,729800
2016-11-29,391.7699890136719,394.489990234375,386.5400085449219,383.6397399902344,752200
2016-11-30,387.17999267578125,388.2799987792969,377.1499938964844,375.69464111328125,965600
2016-12-01,379.4800109863281,381.9700012207031,374.4200134277344,372.0490417480469,824200
2016-12-02,375.8500061035156,378.5,371.32000732421875,369.2256774902344,723600
2016-12-05,375.1000061035156,377.8900146484375,369.04998779296875,366.3627014160156,661700
2016-12-06,371.5899963378906,371.7699890136719,365.32000732421875,365.5008850097656,725400
2016-12-07,365.2799987792969,366.57000732421875,348.82000732421875,358.6257629394531,1681400
2016-12-08,361.79998779296875,370.489990234375,359.5,365.698974609375,973000
2016-12-09,371.1300048828125,379.5,369.7699890136719,369.3445739746094,1290700
2016-12-12,391.989990234375,396.67999267578125,387,383.4811706542969,1529300
2016-12-13,386.5,392.4599914550781,378.45001220703125,378.4288635253906,990700
2016-12-14,382.25,386,376.3999938964844,377.93353271484375,868800
2016-12-15,381.0899963378906,384.19000244140625,375.9800109863281,374.4761657714844,543100
2016-12-16,379.3999938964844,386.55999755859375,377.2799987792969,375.30828857421875,1054800
2016-12-19,379.82000732421875,383.2799987792969,371.2699890136719,368.2746887207031,793600
2016-12-20,378.2699890136719,378.2699890136719,368.8599853515625,367.5514831542969,747200
2016-12-21,370.1600036621094,372.44000244140625,364.4800109863281,361.647216796875,559200
2016-12-22,365.8800048828125,372.5,361.95001220703125,368.8988037109375,668500
2016-12-23,371.6700134277344,382.30999755859375,371.6499938964844,378.2109069824219,801700
2016-12-27,383.9100036621094,391.489990234375,382.1199951171875,382.3419494628906,790900
2016-12-28,387.8800048828125,387.8800048828125,376.4100036621094,375.209228515625,545500
2016-12-29,378.4100036621094,379.4700012207031,372.7900085449219,370.22625732421875,383900
2016-12-30,375.29998779296875,375.29998779296875,364.9200134277344,363.6582336425781,614800
2017-01-03,370.8399963378906,384.94000244140625,368.44000244140625,376.1503601074219,1064500
2017-01-04,374.8699951171875,389.2200012207031,373.8500061035156,379.52850341796875,781500
2017-01-05,381.1499938964844,385.7200012207031,380.2200012207031,377.3589782714844,628000
2017-01-06,360.4800109863281,361.92999267578125,354,355.32684326171875,3254600
2017-01-09,359.2099914550781,360.3900146484375,349.239990234375,351.7406921386719,1885600
2017-01-10,356,375.94000244140625,355.20001220703125,369.5129699707031,1787200
2017-01-11,371.8399963378906,379.95001220703125,361.6600036621094,361.0627746582031,1655700
2017-01-12,362,367.3699951171875,358.5,361.0330505371094,663700
2017-01-13,364.760009765625,373.4800109863281,364.44000244140625,364.71826171875,943800
2017-01-17,367.6499938964844,369.9700012207031,359.7300109863281,359.84423828125,879200
2017-01-18,363.70001220703125,365.95001220703125,358.92999267578125,359.5569763183594,474000
2017-01-19,363.20001220703125,366.29998779296875,359.9700012207031,360.0126647949219,586200
2017-01-20,365.6700134277344,369.75,362.07000732421875,359.17059326171875,782000
2017-01-23,361.9700012207031,363.5899963378906,354.1700134277344,351.0472717285156,899400
2017-01-24,355.0400085449219,356.44000244140625,347,344.7070617675781,905400
2017-01-25,350,350.75,344.80999755859375,345.66802978515625,934500
2017-01-26,348.739990234375,352.8800048828125,340.0899963378906,337.56451416015625,1312600
2017-01-27,342.3399963378906,349.9700012207031,340.9599914550781,343.2607421875,620600
2017-01-30,344.8900146484375,347.0400085449219,342.1600036621094,341.2794189453125,668200
2017-01-31,344.04998779296875,360,343.5,355.93121337890625,1052500
2017-02-01,358.739990234375,364.79998779296875,355.010009765625,360.7655944824219,1033000
2017-02-02,361.1400146484375,364.80999755859375,357.8900146484375,357.1893005371094,578800
2017-02-03,362.42999267578125,363.25,352.0799865722656,354.9107971191406,733200
2017-02-06,357.8599853515625,362.45001220703125,353.5899963378906,358.6158447265625,750300
2017-02-07,360.6099853515625,363.1000061035156,355.8900146484375,354.3461608886719,689800
2017-02-08,355.8800048828125,359,351.0299987792969,349.9476318359375,876900
2017-02-09,347.07000732421875,366.95001220703125,347,356.634521484375,1722800
2017-02-10,360.95001220703125,364.3900146484375,357.3800048828125,356.5057067871094,713600
2017-02-13,364.2200012207031,378.4700012207031,363.20001220703125,372.1481018066406,1539100
2017-02-14,375.95001220703125,378.32000732421875,371.6099853515625,373.0000915527344,991900
2017-02-15,375.42999267578125,384.5799865722656,374,380.4101257324219,926300
2017-02-16,379,382.0799865722656,369.20001220703125,369.5328063964844,1276800
2017-02-17,372.4200134277344,375,369.29998779296875,367.7099914550781,775500
2017-02-21,372.17999267578125,375.760009765625,370,368.1359558105469,722600
2017-02-22,371.6099853515625,373.1600036621094,369.1199951171875,366.7590026855469,569200
2017-02-23,370.989990234375,371.2200012207031,357.2200012207031,357.5855712890625,1118900
2017-02-24,359.8800048828125,361.0799865722656,355,357.6351318359375,782600
2017-02-27,361.1499938964844,373.3599853515625,359.94000244140625,369.5625,537900
2017-02-28,373.29998779296875,374.9700012207031,368.4200134277344,370.0083312988281,759200
2017-03-01,378,381.9200134277344,372.5199890136719,375.5064697265625,757500
2017-03-02,379.04998779296875,381.989990234375,375,372.34625244140625,512200
2017-03-03,375.9800109863281,379.4599914550781,371,375.1201171875,513300
2017-03-06,378.1300048828125,383.989990234375,376.45001220703125,378.3594970703125,1020800
2017-03-07,378.760009765625,382.2200012207031,370.6300048828125,369.0374755859375,890400
2017-03-08,373.5899963378906,382.69000244140625,373.510009765625,377.80474853515625,832700
2017-03-09,383.17999267578125,392.239990234375,381.42999267578125,386.4927673339844,1101000
2017-03-10,392.95001220703125,392.95001220703125,384.2099914550781,384.60064697265625,743500
2017-03-13,389.20001220703125,389.9800109863281,384.2799987792969,385.2445373535156,572700
2017-03-14,386.8699951171875,393.5899963378906,386.8699951171875,387.44378662109375,548200
2017-03-15,393.6400146484375,399.7200012207031,391.8299865722656,394.0811462402344,808200
2017-03-16,397.4599914550781,399,389.2900085449219,388.9198913574219,770900
2017-03-17,380.04998779296875,386.69000244140625,370.67999267578125,376.7348937988281,2839500
2017-03-20,380.8299865722656,385.7099914550781,377.7200012207031,378.44866943359375,576900
2017-03-21,382.8900146484375,383.0899963378906,370.239990234375,367.5119323730469,1224600
2017-03-22,373.1199951171875,374.739990234375,366.1300048828125,365.6891174316406,684600
2017-03-23,369.19000244140625,370.7300109863281,364.44000244140625,361.60760498046875,677100
2017-03-24,367.9200134277344,374.8500061035156,366.7200012207031,369.5129699707031,881400
2017-03-27,371.69000244140625,384.9599914550781,371.0400085449219,380.0931701660156,1385900
2017-03-28,383.4700012207031,388.82000732421875,376.2200012207031,378.97369384765625,1651300
2017-03-29,382.4599914550781,401.2099914550781,382.05999755859375,390.45538330078125,1945500
2017-03-30,394.8900146484375,397.2099914550781,385.82000732421875,382.5697937011719,966300
2017-03-31,385.75,390,382.6000061035156,383.88739013671875,570300
2017-04-03,388,392.75,382.260009765625,379.6077575683594,994400
2017-04-04,383.94000244140625,386.05999755859375,379.2799987792969,379.34027099609375,681100
2017-04-05,382.92999267578125,384.510009765625,375.7200012207031,373.8322448730469,772200
2017-04-06,379,381.9800109863281,376.3599853515625,375.9324645996094,1119600
2017-04-07,379.6000061035156,381.3599853515625,375.6099853515625,376.992431640625,741700
2017-04-10,380.010009765625,382.8900146484375,372.8299865722656,369.77056884765625,896500
2017-04-11,372.5,373.8900146484375,363.989990234375,363.638427734375,850900
2017-04-12,367,372.6000061035156,364.2300109863281,362.90533447265625,661000
2017-04-13,367.6099853515625,373.8699951171875,366.5,366.9075927734375,699800
2017-04-17,373,374.3599853515625,369.1099853515625,369.9588317871094,573800
2017-04-18,371.0400085449219,374.7200012207031,363.3900146484375,362.63787841796875,520000
2017-04-19,368.1199951171875,371.30999755859375,366.5199890136719,367.49212646484375,501300
2017-04-20,371.9200134277344,377.4800109863281,368.04998779296875,372.8812255859375,767900
2017-04-21,376.3999938964844,379.20001220703125,368.80999755859375,366.659912109375,639700
2017-04-24,373.8299865722656,374.94000244140625,369.04998779296875,368.4530334472656,715000
2017-04-25,373.0899963378906,376.239990234375,370,368.8393859863281,711700
2017-04-26,372.1199951171875,375.3999938964844,369.4700012207031,367.9180603027344,516400
2017-04-27,370.8999938964844,371.7099914550781,360,363.192626953125,1981500
2017-04-28,368.510009765625,393.5,368.29998779296875,384.85821533203125,2179400
2017-05-01,388.79998779296875,399.9800109863281,388.2200012207031,392.4664306640625,1246900
2017-05-02,396.6499938964844,402.989990234375,392.70001220703125,398.281494140625,884400
2017-05-03,402,408.1199951171875,400.3900146484375,403.224853515625,1265500
2017-05-04,410.19000244140625,437.32000732421875,410.19000244140625,430.24981689453125,2320300
2017-05-05,434.7900085449219,438.4700012207031,426.3999938964844,424.9894714355469,1060600
2017-05-08,427.760009765625,436.4700012207031,421.8800048828125,419.4220275878906,864500
2017-05-09,422.8299865722656,428.7200012207031,421.54998779296875,423.18646240234375,566400
2017-05-10,427.1300048828125,431.739990234375,422.95001220703125,427.5354309082031,518900
2017-05-11,429.7900085449219,441.7099914550781,428.8500061035156,436.3126220703125,895600
2017-05-12,441.5400085449219,452.8800048828125,438.5899963378906,437.91748046875,1213700
2017-05-15,440.3800048828125,450.7799987792969,439.6099853515625,446.1993408203125,772100
2017-05-16,451.7900085449219,456.739990234375,445.79998779296875,450.49871826171875,943100
2017-05-17,451.2900085449219,458.5799865722656,445.29998779296875,442.5438537597656,749400
2017-05-18,448,462.9599914550781,446.04998779296875,453.0546569824219,1107600
2017-05-19,456.05999755859375,458.489990234375,448,445.80303955078125,996000
2017-05-22,448.4800109863281,464.3999938964844,448.3900146484375,456.680419921875,782200
2017-05-23,462,464.25,458.7900085449219,457.05682373046875,573900
2017-05-24,461.3699951171875,461.94000244140625,452.1099853515625,453.9561462402344,461300
2017-05-25,460.0400085449219,460.0400085449219,455.0199890136719,451.4398498535156,671600
2017-05-26,456.70001220703125,459.25,453.3500061035156,450.91485595703125,475400
2017-05-30,455.1300048828125,458.4800109863281,448.0799865722656,444.4756164550781,865700
2017-05-31,450.32000732421875,459.29998779296875,448.0899963378906,454.7684631347656,1313800
2017-06-01,460,470.42999267578125,459.5299987792969,461.6634216308594,1204600
2017-06-02,466.70001220703125,484.989990234375,465.3299865722656,475.93865966796875,1717600
2017-06-05,483.5,489,476.9700012207031,475.7702331542969,912800
2017-06-06,479.29998779296875,482.29998779296875,473.44000244140625,473.2639465332031,729400
2017-06-07,479,483.05999755859375,476.0899963378906,477.4939880371094,843900
2017-06-08,481.55999755859375,486.80999755859375,478.1600036621094,481.3575439453125,595200
2017-06-09,482.54998779296875,487.5199890136719,473.260009765625,471.34210205078125,1027200
2017-06-12,475.2200012207031,477.5,466.9100036621094,471.7779541015625,884600
2017-06-13,474.3800048828125,476.5,471.6300048828125,469.24188232421875,503700
2017-06-14,475.3500061035156,481.8599853515625,469.2699890136719,472.3822937011719,662500
2017-06-15,474.3699951171875,475.79998779296875,461.5799865722656,465.11083984375,796800
2017-06-16,468.19000244140625,470.2799987792969,453.5400085449219,455.6105041503906,1658600
2017-06-19,462.9599914550781,474.7300109863281,456.57000732421875,467.2605895996094,807600
2017-06-20,477.9200134277344,504.8900146484375,474.6199951171875,490.69940185546875,2134900
2017-06-21,496.510009765625,525,495.0400085449219,517.1398315429688,1743100
2017-06-22,525,543.5499877929688,521.5,521.6077880859375,1843100
2017-06-23,511.7900085449219,519.6500244140625,500.25,512.4937744140625,1885500
2017-06-26,513,521.510009765625,506.70001220703125,511.0869445800781,1172500
2017-06-27,517.5499877929688,529.989990234375,500.739990234375,497.4259338378906,1447300
2017-06-28,506.510009765625,518,500.75,508.3924255371094,935100
2017-06-29,510.44000244140625,512.6400146484375,499.0799865722656,505.1629333496094,922100
2017-06-30,507.4599914550781,508,490.8900146484375,486.548583984375,1267500
2017-07-03,494.20001220703125,498.54998779296875,484.2799987792969,483.1704406738281,603500
2017-07-05,490.0799865722656,499.3599853515625,489.55999755859375,492.353759765625,823000
2017-07-06,491.760009765625,496.3500061035156,482.510009765625,485.6074523925781,898600
2017-07-07,497.510009765625,506.3900146484375,493.44000244140625,491.85845947265625,729100
2017-07-10,497.6099853515625,500.739990234375,489.3299865722656,495.236572265625,888400
2017-07-11,498.5199890136719,502,489.20001220703125,487.4005126953125,829100
2017-07-12,496.20001220703125,499.32000732421875,489.0899963378906,492.3439025878906,576500
2017-07-13,496.0199890136719,509.9599914550781,492.17999267578125,500.32855224609375,790000
2017-07-14,507.3999938964844,509.5799865722656,498.6499938964844,500.1799011230469,608100
2017-07-17,508.2799987792969,509.8800048828125,496.760009765625,493.453369140625,620000
2017-07-18,497.6400146484375,499.9800109863281,494.3699951171875,492.9779357910156,450700
2017-07-19,504.989990234375,509.1400146484375,501.1000061035156,502.0522766113281,850800
2017-07-20,510.4700012207031,524.8900146484375,509.9200134277344,516.2582397460938,772200
2017-07-21,518.4600219726562,522,513.4000244140625,511.0969543457031,617700
2017-07-24,516.9400024414062,521.77001953125,510.70001220703125,516.3473510742188,474400
2017-07-25,523.969970703125,526.1199951171875,510.739990234375,508.64996337890625,596300
2017-07-26,513.77001953125,518.5700073242188,510,510.8096618652344,369500
2017-07-27,515.77001953125,517.4400024414062,503.9800109863281,503.6571044921875,958100
2017-07-28,507.010009765625,513.4199829101562,499.0400085449219,503.954345703125,620100
2017-07-31,489.6700134277344,499.1400146484375,487.1300048828125,487.0240478515625,1009000
2017-08-01,486.6000061035156,490.1700134277344,471.260009765625,467.5875549316406,1282100
2017-08-02,470.7799987792969,477.510009765625,468.30999755859375,472.3624572753906,958200
2017-08-03,498.1000061035156,498.5,463.29998779296875,462.7431945800781,1208800
2017-08-04,469.32000732421875,473.3399963378906,466.6600036621094,464.3777770996094,771200
2017-08-07,468.7099914550781,471.760009765625,462.2099914550781,465.70526123046875,499100
2017-08-08,469.17999267578125,475.25,467.3500061035156,465.2892150878906,484700
2017-08-09,469.9599914550781,478.989990234375,465.5199890136719,469.6579284667969,980000
2017-08-10,470.4800109863281,472.4599914550781,459.1400146484375,455.7789306640625,573700
2017-08-11,462.3500061035156,467.8599853515625,459.2300109863281,462.22808837890625,496000
2017-08-14,469.9700012207031,476.79998779296875,466.989990234375,470.1037902832031,537400
2017-08-15,473.8699951171875,475.010009765625,470.489990234375,468.1522216796875,378500
2017-08-16,475.5799865722656,475.5799865722656,467.239990234375,464.15985107421875,383300
2017-08-17,469.82000732421875,470.0400085449219,461.7699890136719,459.6820983886719,711600
2017-08-18,461.8999938964844,470.8599853515625,460.55999755859375,463.6051330566406,549500
2017-08-21,467.75,472.489990234375,467.42999267578125,465.3486022949219,510700
2017-08-22,470,483,469.20001220703125,474.1753234863281,503600
2017-08-23,475,480.8599853515625,472.32000732421875,472.6893310546875,410600
2017-08-24,477.2699890136719,488.82000732421875,474.3399963378906,480.7235412597656,539000
2017-08-25,485.25,487.7699890136719,477.3800048828125,473.333251953125,531000
2017-08-28,483.9200134277344,486.3500061035156,477.7799987792969,474.74005126953125,831200
2017-08-29,476.8800048828125,481.3500061035156,473.3699951171875,474.5517883300781,546200
2017-08-30,480.510009765625,495.8500061035156,477.9700012207031,482.566162109375,729100
2017-08-31,488.3999938964844,502.4200134277344,484,492.2547302246094,871800
2017-09-01,498.239990234375,505.489990234375,497.0899963378906,499.28839111328125,699900
2017-09-05,499.80999755859375,503.5400085449219,489.3699951171875,489.7384948730469,657700
2017-09-06,499.69000244140625,503.3299865722656,492.8699951171875,495.543701171875,441600
2017-09-07,489,489,467,467.5082702636719,1554400
2017-09-08,473,479.0299987792969,470,467.0822448730469,760800
2017-09-11,451.0799865722656,454.989990234375,441.5199890136719,440.9488525390625,1984700
2017-09-12,448.1199951171875,448.1199951171875,440,440.3248291015625,880600
2017-09-13,445,445,433.1600036621094,433.64776611328125,1062800
2017-09-14,436.67999267578125,443.29998779296875,429.30999755859375,437.1348876953125,987700
2017-09-15,442.0400085449219,442.1600036621094,432.42999267578125,429.39788818359375,1002400
2017-09-18,433.4800109863281,439.0299987792969,430.04998779296875,430.5767517089844,672300
2017-09-19,433.260009765625,434.6400146484375,426.4700012207031,427.34722900390625,699300
2017-09-20,431.6400146484375,438.44000244140625,429.54998779296875,434.0737609863281,692600
2017-09-21,435,438.7699890136719,429.4700012207031,429.39788818359375,556900
2017-09-22,431.1199951171875,433.7699890136719,427.0400085449219,428.6746520996094,626300
2017-09-25,431.989990234375,442.8999938964844,431.6400146484375,434.053955078125,834100
2017-09-26,440.3999938964844,442.79998779296875,433.32000732421875,430.90362548828125,453400
2017-09-27,435.6400146484375,437.6099853515625,432.5,431.3593444824219,499800
2017-09-28,433.2900085449219,439.0400085449219,433.2900085449219,431.0423583984375,456600
2017-09-29,435.2799987792969,450.2300109863281,435.2799987792969,442.9400634765625,909600
2017-10-02,448.30999755859375,465,445.4100036621094,457.918701171875,1175800
2017-10-03,463.0400085449219,463.0400085449219,451.260009765625,451.37054443359375,596700
2017-10-04,454.1000061035156,458.9200134277344,450.1099853515625,451.7865905761719,610700
2017-10-05,455.95001220703125,477,451.1000061035156,459.0679016113281,1421300
2017-10-06,463.3900146484375,471,461.9100036621094,465.5566711425781,986000
2017-10-09,472.510009765625,473.8599853515625,466.70001220703125,465.1703186035156,482800
2017-10-10,469.55999755859375,472.30999755859375,460.6600036621094,456.8191223144531,655700
2017-10-11,459.79998779296875,460.8500061035156,448.7099914550781,448.7354431152344,1197800
2017-10-12,454,454.5199890136719,444.20001220703125,442.96978759765625,704800
2017-10-13,448.5,449.739990234375,441.0400085449219,438.8189697265625,718100
2017-10-16,444,453.54998779296875,443.1099853515625,441.5135192871094,508700
2017-10-17,444.4100036621094,448.57000732421875,442.010009765625,438.4227294921875,644300
2017-10-18,443.20001220703125,444.989990234375,435.54998779296875,435.26251220703125,547600
2017-10-19,439.5899963378906,443,438,436.8179016113281,639300
2017-10-20,430.1700134277344,435.1600036621094,427,428.9322814941406,990100
2017-10-23,433.2799987792969,437.8999938964844,430.04998779296875,428.71435546875,778600
2017-10-24,435.5199890136719,436.75,425.6099853515625,422.5227966308594,701900
2017-10-25,424.5299987792969,429.7300109863281,420.5199890136719,417.98553466796875,982200
2017-10-26,416.70001220703125,420.6099853515625,412.489990234375,412.15069580078125,852200
2017-10-27,413.2900085449219,416.0400085449219,406.5199890136719,405.3943786621094,1111600
2017-10-30,407.5299987792969,417.2200012207031,405,402.7196960449219,812000
2017-10-31,407.3999938964844,409.95001220703125,400.19000244140625,398.8560791015625,1051200
2017-11-01,403.80999755859375,405.5,394.55999755859375,393.28863525390625,1161000
2017-11-02,400,402.989990234375,395.45001220703125,393.7344055175781,1453300
2017-11-03,400.0199890136719,408.54998779296875,400.0199890136719,404.59197998046875,896600
2017-11-06,410.010009765625,416.8900146484375,406.5,402.8285827636719,833500
2017-11-07,407.260009765625,411.6700134277344,401.760009765625,400.6095886230469,786000
2017-11-08,418.010009765625,432.5,405,411.288818359375,1310100
2017-11-09,409.44000244140625,414.0199890136719,396.5299987792969,402.41253662109375,941900
2017-11-10,405.45001220703125,405.75,398.3699951171875,400.7581481933594,770800
2017-11-13,398.260009765625,402.1300048828125,391.2099914550781,389.94024658203125,1416700
2017-11-14,392.75,395.5899963378906,383.8299865722656,381.20269775390625,1109600
2017-11-15,384.8699951171875,389.0299987792969,383.80999755859375,382.6886291503906,753800
2017-11-16,386.989990234375,395.6600036621094,381.6400146484375,391.0002136230469,674200
2017-11-17,393.0799865722656,396.3599853515625,390.5199890136719,387.92919921875,669100
2017-11-20,391.739990234375,393.32000732421875,383.4200134277344,381.6187438964844,845700
2017-11-21,385,388.2200012207031,383.29998779296875,380.8460693359375,784700
2017-11-22,384.54998779296875,388.3900146484375,384.5,383.91705322265625,367400
2017-11-24,388.3999938964844,392.989990234375,384.25,381.25225830078125,250500
2017-11-27,379,384,372.739990234375,371.0286865234375,1194500
2017-11-28,370.7799987792969,371.760009765625,361.1600036621094,362.5784606933594,1532000
2017-11-29,369.6000061035156,371.3900146484375,353.1400146484375,355.2773742675781,2652300
2017-11-30,358.57000732421875,362.5,354.7300109863281,358.47711181640625,1292700
2017-12-01,356.3699951171875,377.3999938964844,355.0299987792969,369.9786376953125,1819500
2017-12-04,375.5,382.5199890136719,372.05999755859375,374.8327941894531,1075100
2017-12-05,378.6099853515625,385.6400146484375,371.510009765625,368.8591613769531,792500
2017-12-06,370.3800048828125,376.9800109863281,366.6600036621094,371.6230773925781,740900
2017-12-07,375.80999755859375,379.0899963378906,371.3900146484375,370.1172790527344,513400
2017-12-08,375.5199890136719,384.07000732421875,373,377.2202453613281,663900
2017-12-11,383.3699951171875,387.5,379.0899963378906,377.7552185058594,518000
2017-12-12,380.6499938964844,382.4700012207031,375.5,378.1514892578125,456400
2017-12-13,382.04998779296875,389.82000732421875,380.3399963378906,383.05523681640625,570600
2017-12-14,388.05999755859375,388.80999755859375,380.75,379.53839111328125,424500
2017-12-15,387.19000244140625,389.5899963378906,382,385.3139343261719,1271200
2017-12-18,390.9100036621094,390.9100036621094,382.8999938964844,379.8058776855469,623700
2017-12-19,382.6199951171875,390.4200134277344,381.4800109863281,382.1141052246094,579200
2017-12-20,385.3500061035156,387.8399963378906,381.17999267578125,379.310546875,516500
2017-12-21,381.8500061035156,390.54998779296875,381.17999267578125,380.5489196777344,508800
2017-12-22,383.5,385.2699890136719,377.0799865722656,377.4382019042969,412800
2017-12-26,381.17999267578125,388,379.2900085449219,383.8080749511719,454500
2017-12-27,387.95001220703125,389.30999755859375,382.8699951171875,380.4993591308594,409400
2017-12-28,385.2699890136719,387.1199951171875,378.8999938964844,379.2412109375,354900
2017-12-29,381.8699951171875,382.6499938964844,375,372.4453125,624100
2018-01-02,379.4800109863281,384.80999755859375,377.1099853515625,379.0232849121094,621800
2018-01-03,383.1400146484375,396.7799987792969,381.1400146484375,390.0987854003906,721300
2018-01-04,394.5,394.95001220703125,382.3999938964844,379.3700256347656,650100
2018-01-05,385.8500061035156,388.7900085449219,381.95001220703125,381.4998779296875,461100
2018-01-08,384.3999938964844,387.3299865722656,371.260009765625,369.0374755859375,1117800
2018-01-09,372.6099853515625,378.5799865722656,368.1199951171875,365.20361328125,1207600
2018-01-10,368.6499938964844,371.4200134277344,365.6000061035156,363.03411865234375,805800
2018-01-11,367,370.0899963378906,363,364.81732177734375,627700
2018-01-12,369.45001220703125,370.010009765625,366.7300109863281,363.52947998046875,830700
2018-01-16,368.9200134277344,374.80999755859375,367.3500061035156,366.74908447265625,1003400
2018-01-17,373.8599853515625,378.70001220703125,370.2799987792969,370.572998046875,738900
2018-01-18,374.2099914550781,374.7099914550781,369.0299987792969,367.8090515136719,596400
2018-01-19,372.1700134277344,376.4700012207031,370.9599914550781,368.0567626953125,665000
2018-01-22,374.44000244140625,376.010009765625,370.6199951171875,372.34625244140625,760100
2018-01-23,374.4700012207031,383.95001220703125,373.2699890136719,378.1415710449219,842200
2018-01-24,383.1000061035156,387.7099914550781,380,379.7365417480469,712900
2018-01-25,386.3999938964844,396.2200012207031,382.0400085449219,388.1768798828125,869800
2018-01-26,392.8999938964844,393.1499938964844,371.9700012207031,370.86029052734375,1429600
2018-01-29,373.5,385.7099914550781,371.510009765625,379.3006286621094,1095200
2018-01-30,382.79998779296875,384.2200012207031,375,376.2197265625,603700
2018-01-31,379.1600036621094,379.1700134277344,366.17999267578125,363.22235107421875,848700
2018-02-01,366.69000244140625,370.989990234375,345.010009765625,342.5574035644531,2403100
2018-02-02,345.1700134277344,353.9700012207031,340.6499938964844,344.6080322265625,1546600
2018-02-05,346.3299865722656,350.79998779296875,331.6700134277344,328.87652587890625,1297000
2018-02-06,328.44000244140625,339.1000061035156,319.5,335.6326904296875,2005600
2018-02-07,338.79998779296875,343.3800048828125,331.0899963378906,331.48187255859375,1022600
2018-02-08,342.0299987792969,352.5,322.0199890136719,319.6039733886719,1634600
2018-02-09,327.2099914550781,339.6000061035156,314.989990234375,333.2353515625,2088300
2018-02-12,339.67999267578125,350.989990234375,334.8699951171875,339.4665832519531,1398200
2018-02-13,340.8399963378906,340.8399963378906,322.69000244140625,321.5357360839844,1557300
2018-02-14,321.3399963378906,330.8399963378906,313.5299987792969,327.59857177734375,1981400
2018-02-15,331.9100036621094,336.0400085449219,327.510009765625,330.0652770996094,834400
2018-02-16,334,341.0799865722656,328.95001220703125,329.0448913574219,1175400
2018-02-20,331,332.4100036621094,322.1000061035156,320.02001953125,844000
2018-02-21,320.54998779296875,324.6600036621094,316.1700134277344,314.5417785644531,946800
2018-02-22,317.42999267578125,321.6600036621094,315.29998779296875,312.8675537109375,841600
2018-02-23,318.05999755859375,323.8999938964844,315.1499938964844,320.8323669433594,688700
2018-02-26,324.3500061035156,326.1600036621094,320.6000061035156,321.852783203125,552300
2018-02-27,324.9599914550781,327.8699951171875,318.5,317.9693908691406,935100
2018-02-28,321.1300048828125,324.2099914550781,318.9599914550781,317.44439697265625,840300
2018-03-01,320.3500061035156,327.3800048828125,320.2300109863281,318.7718505859375,923300
2018-03-02,321.94000244140625,333.1300048828125,321.5,327.380615234375,909500
2018-03-05,327.9700012207031,334.1499938964844,327.9700012207031,330.7884521484375,746200
2018-03-06,335,337,328.20001220703125,330.3624572753906,716700
2018-03-07,330.3299865722656,335.0400085449219,328.2799987792969,331.28375244140625,599300
2018-03-08,334.5799865722656,341.1700134277344,332.8399963378906,337.59423828125,836100
2018-03-09,343.5799865722656,344.7900085449219,339.4800109863281,338.5056457519531,759700
2018-03-12,346,346.7300109863281,337.4200134277344,341.3289489746094,1234400
2018-03-13,344.42999267578125,346.6400146484375,335.4200134277344,334.5924987792969,851500
2018-03-14,339.7099914550781,342.6199951171875,338.1600036621094,338.2282409667969,577800
2018-03-15,341.55999755859375,341.9700012207031,334.2900085449219,331.7988586425781,569600
2018-03-16,336.54998779296875,345.8500061035156,333.95001220703125,340.09063720703125,1348900
2018-03-19,343,352.5899963378906,335.6300048828125,335.9101257324219,924000
2018-03-20,338.4800109863281,339.9800109863281,330.69000244140625,330.7388916015625,690000
2018-03-21,334.0899963378906,337.6099853515625,333.1600036621094,331.7394714355469,431300
2018-03-22,331.1600036621094,336,327.510009765625,324.6265869140625,608400
2018-03-23,327.5199890136719,332.32000732421875,321.20001220703125,318.2864685058594,693300
2018-03-26,325.5799865722656,331,317.7099914550781,327.61834716796875,733600
2018-03-27,332.6499938964844,335.70001220703125,326.94000244140625,326.1620788574219,996300
2018-03-28,329.79998779296875,340.3999938964844,328.5,335.3157958984375,1037400
2018-03-29,340.82000732421875,346.8699951171875,338.32000732421875,341.1407470703125,1032800
2018-04-02,342.45001220703125,345.489990234375,324.7699890136719,327.4697265625,1317100
2018-04-03,330.82000732421875,332.6199951171875,320.7099914550781,329.09442138671875,815400
2018-04-04,326.6499938964844,339.1000061035156,321.6099853515625,334.1963195800781,857500
2018-04-05,339.8599853515625,340.3699951171875,325.4800109863281,325.5181884765625,848500
2018-04-06,324.1099853515625,326.5,316.57000732421875,316.62213134765625,1010200
2018-04-09,318.6499938964844,324.2900085449219,315.3699951171875,316.7113037109375,681300
2018-04-10,322.55999755859375,328.8800048828125,321.3900146484375,324.9732971191406,554000
2018-04-11,326.07000732421875,328.54998779296875,322.2799987792969,319.762451171875,688000
2018-04-12,323.989990234375,327.2799987792969,323,322.0409851074219,575200
2018-04-13,326.8599853515625,328.5899963378906,319.260009765625,318.5538635253906,846100
2018-04-16,324.3999938964844,324.3999938964844,317.6300048828125,315.22528076171875,816400
2018-04-17,319.6499938964844,324.760009765625,318.9800109863281,319.6138916015625,874500
2018-04-18,323.3999938964844,323.9100036621094,320.75,318.385498046875,405800
2018-04-19,320.510009765625,322.69000244140625,315.3699951171875,312.87744140625,546100
2018-04-20,316.30999755859375,318.19000244140625,311.3399963378906,311.3122253417969,688700
2018-04-23,316.0299987792969,318.4800109863281,313.80999755859375,313.0557556152344,605800
2018-04-24,317.989990234375,318.5199890136719,310.510009765625,309.0832824707031,752300
2018-04-25,312,321.2300109863281,311.0400085449219,313.21429443359375,704400
2018-04-26,318.0799865722656,327.1600036621094,316.239990234375,320.9413757324219,803000
2018-04-27,317,317.989990234375,299.55999755859375,310.12347412109375,2085600
2018-04-30,311,311,298.19000244140625,300.8410339355469,1568900
2018-05-01,302.92999267578125,303.55999755859375,294.1099853515625,298.404052734375,1195300
2018-05-02,299.9200134277344,303.54998779296875,295.75,293.37152099609375,1036000
2018-05-03,297.6000061035156,307.7200012207031,288.1600036621094,289.6764221191406,1259500
2018-05-04,290.1600036621094,292.9100036621094,287.54998779296875,288.52728271484375,1398700
2018-05-07,293.5299987792969,294.5,286.32000732421875,285.8426208496094,1037300
2018-05-08,290.5,292,284.0400085449219,283.1876220703125,758800
2018-05-09,285,288.6099853515625,281.8900146484375,281.9394226074219,764400
2018-05-10,285.010009765625,289.9800109863281,282.5899963378906,286.1991882324219,720400
2018-05-11,290.44000244140625,314.8399963378906,290.44000244140625,304.0705871582031,2944500
2018-05-14,307,310.95001220703125,302,306.646240234375,1258000
2018-05-15,306.4200134277344,306.9599914550781,299.6199951171875,297.6412353515625,819900
2018-05-16,300.6300048828125,306.4599914550781,297.4700012207031,300.37542724609375,667900
2018-05-17,302.57000732421875,308.5,300.3999938964844,305.1206359863281,1229100
2018-05-18,307.8500061035156,307.8500061035156,300,298.988525390625,938300
2018-05-21,303.75,304.30999755859375,294.17999267578125,293.8272705078125,766700
2018-05-22,297.8800048828125,299.7099914550781,293.5299987792969,291.9251403808594,441900
2018-05-23,292.2900085449219,296.260009765625,291.1000061035156,292.54925537109375,568700
2018-05-24,295.5799865722656,296.9200134277344,293.3500061035156,291.8558349609375,585400
2018-05-25,294.1199951171875,295.57000732421875,292.5,290.9939880371094,637400
2018-05-29,291.7900085449219,298,291.69000244140625,293.7281799316406,737500
2018-05-30,297.04998779296875,301.7099914550781,294.0199890136719,298.0771789550781,775700
2018-05-31,301.3699951171875,304.8699951171875,297.6400146484375,297.5124206542969,670800
2018-06-01,301.3399963378906,311.3599853515625,297.7799987792969,304.0111389160156,1012700
2018-06-04,307.6400146484375,314.7900085449219,304.9599914550781,309.1723937988281,1153400
2018-06-05,310.1400146484375,315.3800048828125,306.489990234375,308.9346923828125,714000
2018-06-06,312.8900146484375,315.67999267578125,312.010009765625,312.1839904785156,630000
2018-06-07,315.5299987792969,317.25,305.2799987792969,305.83392333984375,829700
2018-06-08,308.2200012207031,310.6199951171875,303.5199890136719,305.2196960449219,644300
2018-06-11,308,313.92999267578125,306.1300048828125,309.03375244140625,535500
2018-06-12,311.7099914550781,312.4200134277344,308.8399963378906,306.6363525390625,353600
2018-06-13,310.1199951171875,313.6700134277344,307.6300048828125,305.3980407714844,465200
2018-06-14,309.94000244140625,317.82000732421875,307.5799865722656,312.7189636230469,606900
2018-06-15,316.8999938964844,320.69000244140625,310.3599853515625,312.3523864746094,1034200
2018-06-18,312.260009765625,316.260009765625,309.7099914550781,312.6595153808594,613900
2018-06-19,314.6300048828125,327.55999755859375,312.4100036621094,324.01239013671875,1096400
2018-06-20,327.6600036621094,338.4800109863281,327.6600036621094,333.7801818847656,1300000
2018-06-21,336.8699951171875,336.8800048828125,323.6700134277344,325.9640197753906,1014100
2018-06-22,330.04998779296875,334.5299987792969,326.8999938964844,328.8665466308594,714900
2018-06-25,328.95001220703125,332.17999267578125,321.739990234375,324.0519714355469,574400
2018-06-26,327.8900146484375,330.25,321.7699890136719,324.1708679199219,655000
2018-06-27,336.69000244140625,342.6600036621094,333,333.46319580078125,1500900
2018-06-28,336.6300048828125,343.3399963378906,332.9599914550781,338.6244812011719,948300
2018-06-29,343.6000061035156,349.239990234375,343.1499938964844,341.764892578125,1205600
2018-07-02,344.95001220703125,351.4700012207031,342.5799865722656,347.8573913574219,871600
2018-07-03,352,355.9800109863281,347,350.5519104003906,540600
2018-07-05,356.3699951171875,362.7699890136719,353.5,357.5756530761719,954300
2018-07-06,364,370.5,358.80999755859375,366.1348876953125,1002500
2018-07-09,370.29998779296875,374.8399963378906,366.20001220703125,367.8387756347656,881400
2018-07-10,371.2799987792969,371.32000732421875,364.20001220703125,362.84588623046875,921300
2018-07-11,365.0799865722656,366.5199890136719,362.5299987792969,361.7958068847656,595800
2018-07-12,366.5899963378906,367.5899963378906,359.3399963378906,363.0044250488281,698100
2018-07-13,366.29998779296875,370.1400146484375,364.6600036621094,364.203125,546200
2018-07-16,368.55999755859375,368.55999755859375,359.760009765625,361.34014892578125,596400
2018-07-17,364.0299987792969,366.6700134277344,362.0400085449219,362.01373291015625,415300
2018-07-18,365.5199890136719,367.2300109863281,360.7200012207031,362.55865478515625,456700
2018-07-19,363.6400146484375,368.20001220703125,362.5799865722656,364.30218505859375,667000
2018-07-20,367.0400085449219,368.79998779296875,363.69000244140625,363.6780700683594,965100
2018-07-23,367.19000244140625,368.2300109863281,363.19000244140625,362.7864685058594,1106500
2018-07-24,369.8800048828125,374.4800109863281,366.2099914550781,369.28515625,846700
2018-07-25,370.9800109863281,376.1099853515625,369.57000732421875,370.98907470703125,672700
2018-07-26,376,376.75,369.2200012207031,370.0975036621094,579300
2018-07-27,373.1400146484375,373.6600036621094,361.6499938964844,364.1634826660156,1093900
2018-07-30,365.55999755859375,375.760009765625,363.1600036621094,368.0369567871094,758400
2018-07-31,372.6400146484375,375,365.44000244140625,364.5696716308594,961500
2018-08-01,366.739990234375,373.2200012207031,365.82000732421875,367.5614318847656,675200
2018-08-02,372.4800109863281,401.5,367.5199890136719,393.28863525390625,2148400
2018-08-03,395.17999267578125,399,390.75,391.1884460449219,1312200
2018-08-06,394,395.8399963378906,389.5199890136719,386.40362548828125,769100
2018-08-07,391.2900085449219,395.32000732421875,388.2200012207031,387.7608337402344,477700
2018-08-08,380,380,367.6300048828125,370.7711181640625,1161000
2018-08-09,372.7699890136719,374.4100036621094,363.25,368.6610412597656,1000600
2018-08-10,371.2200012207031,371.8500061035156,364.8599853515625,365.33245849609375,633400
2018-08-13,367,368.57000732421875,362.30999755859375,363.0242614746094,590200
2018-08-14,367.04998779296875,369.3999938964844,364.9599914550781,362.8063049316406,517700
2018-08-15,365,369,361.19000244140625,358.4870300292969,551100
2018-08-16,364.4800109863281,373.9200134277344,361.760009765625,368.30438232421875,595400
2018-08-17,373,377.8599853515625,370.1700134277344,370.76123046875,669600
2018-08-20,375.92999267578125,377.5400085449219,371.3900146484375,371.2961730957031,543800
2018-08-21,374.54998779296875,381.3500061035156,374.1499938964844,375.0210266113281,553500
2018-08-22,376.239990234375,382.19000244140625,372.0299987792969,376.615966796875,464700
2018-08-23,378.8399963378906,382.1400146484375,376.5899963378906,375.64520263671875,438900
2018-08-24,378.3500061035156,380.19000244140625,374.6000061035156,372.8118591308594,421300
2018-08-27,378.69000244140625,389.0799865722656,377.0400085449219,384.8086853027344,847700
2018-08-28,390,392.260009765625,387.04998779296875,386.40362548828125,657900
2018-08-29,392.5,408.75,388.9100036621094,402.8187561035156,1234200
2018-08-30,405.9599914550781,416.489990234375,405.1499938964844,404.6910400390625,956700
2018-08-31,407.20001220703125,412.1700134277344,406.29998779296875,402.947509765625,484400
2018-09-04,405.5,410.739990234375,399.4700012207031,400.15386962890625,627100
2018-09-05,404.1199951171875,409.6700134277344,403,403.1357116699219,541000
2018-09-06,405.94000244140625,405.94000244140625,392.7099914550781,394.2099304199219,483900
2018-09-07,395.4200134277344,397.6700134277344,388.0199890136719,391.72344970703125,503600
2018-09-10,396.25,398.4700012207031,392.1000061035156,391.3469543457031,355700
2018-09-11,394.1600036621094,396.0199890136719,389.6300048828125,390.08880615234375,346000
2018-09-12,394.8399963378906,396.54998779296875,382.44000244140625,385.2445373535156,684200
2018-09-13,390.2799987792969,398.57000732421875,389.25,393.99200439453125,538800
2018-09-14,397.7799987792969,400,388.1099853515625,388.5038146972656,493400
2018-09-17,392.760009765625,394.5299987792969,386.04998779296875,382.8768615722656,525800
2018-09-18,382.7300109863281,392.4700012207031,375.2099914550781,384.69964599609375,644600
2018-09-19,386.8399963378906,386.9800109863281,381.94000244140625,380.1130065917969,610500
2018-09-20,385.05999755859375,389.32000732421875,383,383.6297912597656,680600
2018-09-21,389.7300109863281,393.32000732421875,387.3900146484375,386.6314697265625,1147800
2018-09-24,387.2900085449219,393.79998779296875,385.95001220703125,386.5423278808594,372800
2018-09-25,391.6000061035156,394.7699890136719,388.6700134277344,386.40362548828125,442200
2018-09-26,389.7099914550781,396.54998779296875,388.9100036621094,387.8697814941406,406200
2018-09-27,391.1099853515625,407.1000061035156,390.010009765625,402.2044982910156,813200
2018-09-28,405.9200134277344,410,400.2699890136719,400.2628479003906,841600
2018-10-01,406.4100036621094,410,392,390.5445556640625,866700
2018-10-02,395.8500061035156,405.75,395.010009765625,396.8252868652344,586900
2018-10-03,401.3699951171875,403.5899963378906,397.9800109863281,399.27215576171875,516200
2018-10-04,401.3599853515625,401.42999267578125,387.8399963378906,388.3848876953125,627500
2018-10-05,393.9200134277344,400.75,386.75,388.1075439453125,453700
2018-10-08,391.57000732421875,396.2300109863281,386.42999267578125,390.46527099609375,371500
2018-10-09,394,396.6400146484375,388.67999267578125,388.8604736328125,422000
2018-10-10,390.6000061035156,397.94000244140625,381,378.3694763183594,673300
2018-10-11,382.6499938964844,384.17999267578125,367.7300109863281,368.1954650878906,761600
2018-10-12,377.1199951171875,385.94000244140625,373.1000061035156,380.5687255859375,810200
2018-10-15,384.1600036621094,385.7799987792969,374.3999938964844,374.0204772949219,444900
2018-10-16,381.30999755859375,399.3999938964844,380.7799987792969,394.7944030761719,684500
2018-10-17,398.07000732421875,401,392.45001220703125,395.329345703125,440000
2018-10-18,399.8999938964844,399.8999938964844,389.989990234375,391.5252990722656,553500
2018-10-19,396.5799865722656,400.2200012207031,387.5199890136719,386.1856384277344,728900
2018-10-22,393.2900085449219,398.2799987792969,383.6099853515625,384.1746520996094,643900
2018-10-23,384.1700134277344,387.19000244140625,377.0899963378906,377.131103515625,778000
2018-10-24,380.2799987792969,386.0899963378906,350.7799987792969,348.1050720214844,1416600
2018-10-25,342.5799865722656,348.989990234375,330.7300109863281,333.7901306152344,2351700
2018-10-26,329.989990234375,342.7900085449219,329.1000061035156,332.68060302734375,1038700
2018-10-29,343.42999267578125,343.42999267578125,327.5799865722656,333.0372314453125,947000
2018-10-30,335.8599853515625,347.9800109863281,332.3999938964844,336.5243225097656,1086800
2018-10-31,344.82000732421875,347,335.44000244140625,336.068603515625,890300
2018-11-01,339,355.5299987792969,339,351.7901916503906,997300
2018-11-02,358.2099914550781,361.17999267578125,347.739990234375,349.2938232421875,663600
2018-11-05,354.3599853515625,360.6000061035156,352.6199951171875,351.6119384765625,819100
2018-11-06,359.2099914550781,367,349.5899963378906,354.26690673828125,981400
2018-11-07,359.8800048828125,365.67999267578125,355.8900146484375,360.8448181152344,823600
2018-11-08,359.3800048828125,365.4700012207031,358.0199890136719,359.94329833984375,536600
2018-11-09,362.1000061035156,362.54998779296875,352.5799865722656,353.3258056640625,544000
2018-11-12,355.92999267578125,357.9200134277344,344.6300048828125,343.3201904296875,657100
2018-11-13,349.1099853515625,352.67999267578125,341.0799865722656,338.90185546875,594100
2018-11-14,344.6400146484375,349.8500061035156,335.79998779296875,334.1368408203125,935300
2018-11-15,334.510009765625,344.489990234375,332,338.4560852050781,796700
2018-11-16,340.20001220703125,347.3299865722656,338.57000732421875,342.1016540527344,768300
2018-11-19,343.45001220703125,345.239990234375,333.92999267578125,335.8209228515625,827800
2018-11-20,337.4700012207031,343.6700134277344,331.5400085449219,334.1368408203125,552500
2018-11-21,339.6000061035156,345.5799865722656,339.2099914550781,339.9618835449219,481200
2018-11-23,340.20001220703125,349.6300048828125,339.9200134277344,337.6734619140625,199500
2018-11-26,343.9599914550781,355.1400146484375,341.8399963378906,349.87823486328125,706000
2018-11-27,351.4800109863281,356.989990234375,348.2699890136719,350.284423828125,558600
2018-11-28,354.6199951171875,363.7200012207031,350.45001220703125,360.24053955078125,651100
2018-11-29,360.010009765625,364.8900146484375,357.55999755859375,356.2085266113281,555700
2018-11-30,361.1000061035156,368.239990234375,359.5,362.231689453125,696800
2018-12-03,372.5,394.9800109863281,372.239990234375,379.0331115722656,1100700
2018-12-04,382.6300048828125,396.32000732421875,371.6499938964844,369.31488037109375,1012900
2018-12-06,367.32000732421875,381.9700012207031,364.8900146484375,378.12176513671875,896700
2018-12-07,379.2799987792969,389.29998779296875,370.3500061035156,369.3445739746094,835800
2018-12-10,374.5199890136719,380.30999755859375,367.3500061035156,374.0600891113281,876100
2018-12-11,382.1700134277344,385.2200012207031,372.3900146484375,372.20758056640625,814700
2018-12-12,381.20001220703125,385.9800109863281,376.8299865722656,374.4266052246094,601200
2018-12-13,378.260009765625,381.9800109863281,372.6499938964844,374.97149658203125,478900
2018-12-14,382.9599914550781,386.8999938964844,379,377.60662841796875,758400
2018-12-17,381.70001220703125,386.3500061035156,370.6000061035156,371.9896240234375,833100
2018-12-18,377.54998779296875,381.489990234375,364.7300109863281,365.5503845214844,804800
2018-12-19,369,373.3999938964844,355.45001220703125,357.3280029296875,827100
2018-12-20,360.95001220703125,363.82000732421875,354.3299865722656,352.8998107910156,852400
2018-12-21,357.6000061035156,363,344.17999267578125,341.3785400390625,1514200
2018-12-24,343.3299865722656,347.8900146484375,340.3399963378906,337.4555358886719,463800
2018-12-26,341.9800109863281,363.5299987792969,339.1300048828125,359.8937683105469,832700
2018-12-27,359.45001220703125,364.8699951171875,352.6000061035156,361.3797912597656,690200
2018-12-28,366.54998779296875,371.2099914550781,361.5400085449219,359.2300109863281,522200
2018-12-31,364.7300109863281,374.75,364.6400146484375,370.0083312988281,680200
2019-01-02,368.1499938964844,376.7900085449219,366.010009765625,368.958251953125,599600
2019-01-03,373.6600036621094,385.94000244140625,371.5799865722656,368.6015625,750200
2019-01-04,379.5400085449219,399.70001220703125,377.6499938964844,393.8334655761719,1207600
2019-01-07,397.3399963378906,400.79998779296875,393.94000244140625,392.9220886230469,959400
2019-01-08,399.30999755859375,401.0899963378906,389,393.5462341308594,963500
2019-01-09,398.0199890136719,401.4599914550781,395.6099853515625,395.8445129394531,615600
2019-01-10,399.3999938964844,410,395.9800109863281,404.2452087402344,949300
2019-01-11,405.6499938964844,412.2900085449219,403.54998779296875,404.8099365234375,758000
2019-01-14,408.1600036621094,408.1600036621094,399.1099853515625,396.9837951660156,693300
2019-01-15,401.4200134277344,405.1600036621094,399.6300048828125,401.2336120605469,475100
2019-01-16,406.1700134277344,410.6300048828125,402.8500061035156,400.7581481933594,468800
2019-01-17,402.7200012207031,420.2900085449219,402.7200012207031,413.4781494140625,860200
2019-01-18,420.4200134277344,420.4800109863281,410,414.9244689941406,710400
2019-01-22,415.7699890136719,421.989990234375,404,400.9661865234375,899500
2019-01-23,404.9200134277344,406.7900085449219,393.1700134277344,397.4592590332031,914000
2019-01-24,401.79998779296875,408.8800048828125,399.1600036621094,404.1164855957031,655100
2019-01-25,410.8500061035156,418.95001220703125,406.1000061035156,414.379638671875,668000
2019-01-28,415.1099853515625,416.489990234375,408.80999755859375,410.0802001953125,761000
2019-01-29,415.7200012207031,418.510009765625,413,413.2502746582031,724700
2019-01-30,416.3500061035156,420.44000244140625,412.6300048828125,415.98443603515625,867800
2019-01-31,419.67999267578125,430.5799865722656,419.45001220703125,425.2569274902344,1441800
2019-02-01,428.5199890136719,431.32000732421875,425.32000732421875,426.12872314453125,702300
2019-02-04,428.9200134277344,429.05999755859375,422.489990234375,421.4231262207031,474600
2019-02-05,426.1099853515625,427.5,419.6300048828125,417.1039123535156,629600
2019-02-06,428.8999938964844,429.8999938964844,406.3999938964844,402.75927734375,1330800
2019-02-07,408.2900085449219,414.2200012207031,404.2699890136719,402.6601867675781,738400
2019-02-08,405.44000244140625,408,399.2900085449219,403.05645751953125,692100
2019-02-11,409.3699951171875,413.3500061035156,403,404.6910400390625,587000
2019-02-12,411.55999755859375,418.1000061035156,408.0199890136719,412.44781494140625,636900
2019-02-13,415.9800109863281,421.6600036621094,411.510009765625,408.237548828125,349300
2019-02-14,412,416.260009765625,408.57000732421875,411.0906066894531,349600
2019-02-15,417.9700012207031,424.3900146484375,415.7200012207031,420.0064697265625,700000
2019-02-19,423.739990234375,426.4100036621094,420.3500061035156,416.66802978515625,397800
2019-02-20,420,423.3999938964844,417.0799865722656,418.5601806640625,411100
2019-02-21,421.80999755859375,422.6099853515625,415.5799865722656,414.70654296875,406600
2019-02-22,418.2099914550781,423.6499938964844,416,418.5700378417969,386600
2019-02-25,424.94000244140625,426.5299987792969,415.760009765625,416.4500732421875,660400
2019-02-26,418.57000732421875,428.05999755859375,415.8299865722656,422.16607666015625,611100
2019-02-27,424,433.739990234375,424,429.27899169921875,598800
2019-02-28,430.19000244140625,434.3500061035156,428.6199951171875,426.71319580078125,518000
2019-03-01,434.79998779296875,440.04998779296875,431.92999267578125,435.460693359375,511000
2019-03-04,441.17999267578125,442,428.3599853515625,429.7743225097656,769300
2019-03-05,432.1199951171875,439.6499938964844,430.489990234375,433.0434875488281,478300
2019-03-06,436.92999267578125,438.0199890136719,421.30999755859375,419.7291259765625,812300
2019-03-07,422.8999938964844,422.8999938964844,409.19000244140625,405.75103759765625,1020800
2019-03-08,407.510009765625,407.510009765625,399.5799865722656,398.87591552734375,1091700
2019-03-11,404.1499938964844,413.2099914550781,402.25,408.1979064941406,874200
2019-03-12,413.55999755859375,421.79998779296875,411.19000244140625,413.71588134765625,839700
2019-03-13,419.3800048828125,419.6000061035156,408.5299987792969,405.1863708496094,988800
2019-03-14,409.8900146484375,412.3599853515625,406.3399963378906,403.6904602050781,925200
2019-03-15,408.4700012207031,415,408.3999938964844,410.59527587890625,1158500
2019-03-18,410,413.760009765625,404.8399963378906,403.78955078125,545700
2019-03-19,407.739990234375,409.7200012207031,404.3999938964844,403.18524169921875,627900
2019-03-20,407.7900085449219,409.67999267578125,402.82000732421875,401.7091979980469,479500
2019-03-21,401,405.1199951171875,396.8399963378906,398.8263854980469,880900
2019-03-22,401.4800109863281,402.5899963378906,391.42999267578125,388.1372375488281,552600
2019-03-25,391.4200134277344,397.6099853515625,388.489990234375,391.30731201171875,431600
2019-03-26,398.7799987792969,406.2300109863281,398.5199890136719,401.82806396484375,674800
2019-03-27,405.07000732421875,407.45001220703125,398.3599853515625,399.1037292480469,450800
2019-03-28,405.6700134277344,408.30999755859375,402.29998779296875,401.04541015625,436300
2019-03-29,406.739990234375,412.6000061035156,406.739990234375,406.7812805175781,492300
2019-04-01,412.510009765625,412.8999938964844,408,406.2166442871094,496500
2019-04-02,411.3500061035156,415.8900146484375,407.55999755859375,410.9420471191406,513000
2019-04-03,414.3399963378906,415.1600036621094,400.8399963378906,403.19512939453125,789300
2019-04-04,408,410.79998779296875,400.8299865722656,402.7294921875,517300
2019-04-05,408.1700134277344,412.6300048828125,406.54998779296875,405.1170654296875,657400
2019-04-08,408.0799865722656,410.94000244140625,396,397.5088195800781,703800
2019-04-09,400,400.3399963378906,395.1400146484375,392.030517578125,577700
2019-04-10,397.17999267578125,408.4800109863281,394.3299865722656,404.4136962890625,579700
2019-04-11,410,410.19000244140625,391.7300109863281,389.8015441894531,843500
2019-04-12,393.1700134277344,394.5,381.17999267578125,379.36004638671875,1254100
2019-04-15,382.80999755859375,385.989990234375,375.20001220703125,371.9896240234375,811500
2019-04-16,377.8999938964844,383,366.3599853515625,364.2526550292969,1054900
2019-04-17,366.9599914550781,368.0199890136719,342.0199890136719,339.76373291015625,1978400
2019-04-18,346.3999938964844,347.54998779296875,332.2200012207031,330.2237854003906,1920400
2019-04-22,332.5,336,329,330.9073486328125,921700
2019-04-23,335.510009765625,346.6400146484375,334.4599914550781,340.9228210449219,972700
2019-04-24,344.42999267578125,346.32000732421875,338.6700134277344,337.2771911621094,850700
2019-04-25,340.3800048828125,351.8999938964844,337.6600036621094,346.7181091308594,891200
2019-04-26,351.25,351.6700134277344,339.6099853515625,340.4472351074219,846000
2019-04-29,343.1300048828125,345.9800109863281,338.6199951171875,340.9327392578125,598100
2019-04-30,343.79998779296875,345.0400085449219,337.9599914550781,339.9321594238281,554800
2019-05-01,343.0400085449219,345.44000244140625,338.9100036621094,337.6040954589844,503400
2019-05-02,342.69000244140625,344.2900085449219,331.25,332.2743835449219,812400
2019-05-03,336.9800109863281,339.7099914550781,334.6700134277344,333.7405700683594,848300
2019-05-06,332.20001220703125,344.9200134277344,332.20001220703125,341.0119934082031,916700
2019-05-07,333,336.5,318.70001220703125,319.3860168457031,1967300
2019-05-08,319.3299865722656,329.75,319.3299865722656,325.9243469238281,1183700
2019-05-09,325.7900085449219,327.3599853515625,320.739990234375,321.1394958496094,864100
2019-05-10,323.55999755859375,323.80999755859375,311.3500061035156,309.9351806640625,1407500
2019-05-13,306.6700134277344,309.29998779296875,299.1099853515625,302.29730224609375,1153600
2019-05-14,306.3500061035156,309.19000244140625,303.5899963378906,301.7722473144531,836900
2019-05-15,301.95001220703125,306.2699890136719,297.32000732421875,302.99078369140625,784100
2019-05-16,306.2200012207031,314.05999755859375,304,305.16033935546875,1049100
2019-05-17,305.79998779296875,309.2099914550781,303.70001220703125,302.0892639160156,756000
2019-05-20,301.5199890136719,304.57000732421875,297.2699890136719,299.74139404296875,738600
2019-05-21,304.8800048828125,314.2900085449219,304.8800048828125,307.0524597167969,999900
2019-05-22,308.010009765625,321.489990234375,302.7300109863281,317.09765625,1252700
2019-05-23,316.760009765625,318.6600036621094,310.3699951171875,312.31280517578125,934700
2019-05-24,316.6600036621094,318.80999755859375,308.4700012207031,309.6380615234375,401100
2019-05-28,313.3800048828125,315.7900085449219,307.70001220703125,305.0513000488281,718300
2019-05-29,307.0899963378906,310.6700134277344,302.7799987792969,304.9026794433594,627100
2019-05-30,308.6099853515625,310.3599853515625,302.8800048828125,305.0810241699219,627800
2019-05-31,305.9800109863281,306.45001220703125,295.7300109863281,298.89935302734375,863500
2019-06-03,301.1300048828125,309.739990234375,301.1300048828125,301.1085510253906,670200
2019-06-04,306.0299987792969,309.4200134277344,300.5799865722656,299.2361755371094,844600
2019-06-05,304.8399963378906,304.95001220703125,295.2699890136719,297.1954345703125,979900
2019-06-06,300.1199951171875,304.5299987792969,298.7300109863281,296.7992248535156,767600
2019-06-07,302.0799865722656,307,297.8599853515625,303.8526611328125,775500
2019-06-10,306.5400085449219,310.9200134277344,303.510009765625,301.40570068359375,726000
2019-06-11,306.8800048828125,309.6199951171875,306.2300109863281,303.9715270996094,554900
2019-06-12,306.8299865722656,309.4700012207031,305.25,303.2978820800781,556000
2019-06-13,307.17999267578125,308.19000244140625,302.32000732421875,304.5461120605469,653900
2019-06-14,306.80999755859375,315.20001220703125,304,302.386474609375,624200
2019-06-17,307.3399963378906,312.9200134277344,301.760009765625,308.07281494140625,587900
2019-06-18,311.1000061035156,317.8399963378906,305.760009765625,303.76348876953125,1001000
2019-06-19,306.3399963378906,311.8999938964844,303.7699890136719,307.9241943359375,971200
2019-06-20,315.70001220703125,327.8299865722656,315.25,317.4839782714844,1617100
2019-06-21,324.260009765625,324.260009765625,312,317.26605224609375,1493700
2019-06-24,318.760009765625,320.32000732421875,311.260009765625,309.62811279296875,780700
2019-06-25,313.1300048828125,317.4200134277344,311.8399963378906,309.974853515625,702200
2019-06-26,313.25,316.6499938964844,300.5199890136719,302.2279357910156,1005000
2019-06-27,306.239990234375,311.57000732421875,304.07000732421875,307.7657165527344,564700
2019-06-28,312.1199951171875,316.25,311.239990234375,310.0739440917969,1499000
2019-07-01,317.6099853515625,318.6000061035156,313.1499938964844,313.60064697265625,688700
2019-07-02,317.6199951171875,320.42999267578125,313,312.58026123046875,758200
2019-07-03,317.4200134277344,320.3599853515625,312.5299987792969,315.41357421875,545000
2019-07-05,316.1499938964844,320.760009765625,306.0799865722656,304.1299743652344,799600
2019-07-08,305.1000061035156,305.8599853515625,296.80999755859375,300.0089111328125,928800
2019-07-09,300.9200134277344,308.3900146484375,300,305.0909423828125,789800
2019-07-10,308.1499938964844,309.8399963378906,291.6600036621094,298.61212158203125,1533800
2019-07-11,296.989990234375,296.989990234375,288,289.0919189453125,1414200
2019-07-12,292.1199951171875,295.489990234375,287.6600036621094,289.8249816894531,648400
2019-07-15,292.9800109863281,300.3399963378906,289.5299987792969,295.41229248046875,875900
2019-07-16,299.19000244140625,299.69000244140625,295.7799987792969,295.5806884765625,492500
2019-07-17,297.260009765625,303.29998779296875,297.0799865722656,296.6208801269531,646300
2019-07-18,299.7900085449219,304.20001220703125,297.20001220703125,300.2565612792969,548000
2019-07-19,303.5199890136719,303.67999267578125,296.3500061035156,295.3231201171875,692700
2019-07-22,298.20001220703125,300.32000732421875,294.70001220703125,293.7479553222656,609000
2019-07-23,298.3399963378906,310.8699951171875,296.9100036621094,306.368896484375,992100
2019-07-24,310.8699951171875,314.2900085449219,303.5899963378906,310.69805908203125,1144900
2019-07-25,311.1199951171875,311.5199890136719,302.9200134277344,300.58349609375,679500
2019-07-26,304.3500061035156,309.7300109863281,300.6099853515625,306.28961181640625,956700
2019-07-29,314.5,314.95001220703125,302.80999755859375,303.1789855957031,691600
2019-07-30,304.30999755859375,311.2699890136719,303.5199890136719,308.2214050292969,512700
2019-07-31,309.79998779296875,312.260009765625,301.20001220703125,301.9109802246094,690600
2019-08-01,306.67999267578125,313.92999267578125,304.6099853515625,306.53729248046875,704200
2019-08-02,308.95001220703125,311.1099853515625,303.05999755859375,302.386474609375,506500
2019-08-05,302.1499938964844,304,296.5199890136719,296.7695007324219,845300
2019-08-06,304.4800109863281,306,293.3999938964844,297.4530334472656,1188200
2019-08-07,297.6600036621094,304.6099853515625,294.010009765625,299.3946533203125,811600
2019-08-08,303.1199951171875,310.0799865722656,303.1199951171875,306.9731750488281,694000
2019-08-09,308.8399963378906,310.17999267578125,299.9800109863281,302.03973388671875,537200
2019-08-12,298.6400146484375,305.1000061035156,295.6099853515625,293.10400390625,543400
2019-08-13,298.1300048828125,307.6700134277344,296.94000244140625,302.010009765625,610800
2019-08-14,301.8299865722656,304.29998779296875,292.4200134277344,290.7859191894531,676400
2019-08-15,295.3699951171875,296.9100036621094,290.4700012207031,290.3698425292969,564000
2019-08-16,295.32000732421875,297.3500061035156,290.7200012207031,294.0749206542969,730200
2019-08-19,299.3399963378906,300.82000732421875,296.79998779296875,295.5906066894531,781200
2019-08-20,299.2099914550781,301,294.989990234375,293.2626037597656,571500
2019-08-21,297.9800109863281,300.510009765625,295.0199890136719,294.9961853027344,451700
2019-08-22,297.5,298.95001220703125,291.6099853515625,292.2619934082031,441400
2019-08-23,293.9599914550781,296.260009765625,285.54998779296875,284.16839599609375,815800
2019-08-26,288.239990234375,290.3699951171875,283.489990234375,282.0682067871094,527500
2019-08-27,285.8699951171875,291.1400146484375,281.1099853515625,278.77923583984375,801500
2019-08-28,280.0400085449219,290.2900085449219,279.3900146484375,284.9510498046875,713600
2019-08-29,289.7900085449219,292.70001220703125,287.0899963378906,287.8536376953125,509300
2019-08-30,292.0199890136719,293.4599914550781,287.25,287.3384704589844,604500
2019-09-03,289.20001220703125,290.3900146484375,281.25,282.45452880859375,566000
2019-09-04,288.2099914550781,288.989990234375,282.30999755859375,283.8216247558594,628600
2019-09-05,287.94000244140625,293.6400146484375,287.94000244140625,286.6647644042969,494100
2019-09-06,290.45001220703125,293.20001220703125,287.6700134277344,289.2702331542969,570100
2019-09-09,291.5299987792969,291.92999267578125,278.7200012207031,276.39178466796875,927500
2019-09-10,279.0299987792969,285.04998779296875,271.57000732421875,281.0676574707031,1159800
2019-09-11,284,287.4800109863281,282.54998779296875,280.6812744140625,517600
2019-09-12,284.6400146484375,288.8800048828125,281.010009765625,281.5232849121094,539800
2019-09-13,283.8399963378906,287,279.4700012207031,278.98724365234375,617100
2019-09-16,280.5,287.2799987792969,280.5,283.2173767089844,476100
2019-09-17,284.7699890136719,288.8900146484375,283.6499938964844,285.426513671875,604700
2019-09-18,288.54998779296875,288.54998779296875,281.3999938964844,282.39508056640625,548800
2019-09-19,284.6600036621094,287.95001220703125,284.6600036621094,283.4748840332031,404900
2019-09-20,288.75,297.6400146484375,286.67999267578125,293.10400390625,1661800
2019-09-23,297.3599853515625,299.9800109863281,293.0299987792969,291.94500732421875,649400
2019-09-24,295.0199890136719,296,287.6199951171875,287.0016174316406,642300
2019-09-25,290.2099914550781,291.8999938964844,286.3299865722656,283.9702453613281,468800
2019-09-26,287.70001220703125,287.70001220703125,277.8599853515625,278.68017578125,855900
2019-09-27,280.45001220703125,282.80999755859375,271.3699951171875,270.903564453125,770400
2019-09-30,275.29998779296875,280.04998779296875,272.0199890136719,274.80670166015625,515100
2019-10-01,277.2699890136719,279.4100036621094,273.3999938964844,273.8854064941406,589600
2019-10-02,275.30999755859375,277.8599853515625,272.260009765625,271.5672912597656,572100
2019-10-03,274.3500061035156,281.70001220703125,272.2699890136719,278.095703125,632000
2019-10-04,281.6600036621094,284.0400085449219,278,280.2850341796875,511900
2019-10-07,280.6600036621094,287.7699890136719,280.6600036621094,281.15679931640625,422700
2019-10-08,280.510009765625,288.6300048828125,279.2200012207031,282.4347229003906,984000
2019-10-09,286.82000732421875,292.25,286.0899963378906,288.11114501953125,980600
2019-10-10,289.3800048828125,299.95001220703125,288.9800109863281,295.5707092285156,960600
2019-10-11,300.1099853515625,306.4200134277344,298.8999938964844,297.958251953125,1074600
2019-10-14,299.3999938964844,310.1499938964844,298.6000061035156,302.5845642089844,840700
2019-10-15,305.3500061035156,306.9599914550781,303,300.979736328125,731900
2019-10-16,302.260009765625,303.3900146484375,298.2799987792969,296.6010437011719,827000
2019-10-17,301.2099914550781,302.7099914550781,299.94000244140625,298.7508239746094,445700
2019-10-18,303.510009765625,303.510009765625,298.70001220703125,297.3836364746094,530000
2019-10-21,301.9700012207031,301.9700012207031,294.8599853515625,295.2042236328125,496800
2019-10-22,305,306.92999267578125,301.20001220703125,298.4931945800781,723200
2019-10-23,301.8599853515625,307.07000732421875,299.4700012207031,302.1685485839844,589300
2019-10-24,303.75,306.0899963378906,299.2200012207031,302.9115295410156,565800
2019-10-25,305.2799987792969,308.010009765625,301.7900085449219,303.3473815917969,412800
2019-10-28,305.6199951171875,310.5299987792969,303.2200012207031,305.6754150390625,384800
2019-10-29,310,313.3900146484375,308.5899963378906,307.5576477050781,387600
2019-10-30,310.1000061035156,311.7900085449219,306.1199951171875,308.09259033203125,604400
2019-10-31,310.6199951171875,311.3800048828125,303.489990234375,303.4167175292969,741100
2019-11-01,309,313.1600036621094,307.44000244140625,307.5774841308594,829800
2019-11-04,313.04998779296875,315.94000244140625,310.739990234375,308.1322326660156,632800
2019-11-05,323.3599853515625,344.1000061035156,322.1099853515625,329.4906921386719,2345700
2019-11-06,331.3699951171875,333.2799987792969,324.2699890136719,321.45654296875,1017700
2019-11-07,329.17999267578125,333.7200012207031,325.6199951171875,323.3387451171875,952300
2019-11-08,327.5199890136719,342.4700012207031,327.0299987792969,338.59478759765625,1106100
2019-11-11,340.3399963378906,344.989990234375,338.7099914550781,341.0614929199219,611900
2019-11-12,344,349.94000244140625,341.3599853515625,345.15289306640625,905400
2019-11-13,346.3299865722656,349.6300048828125,341.82000732421875,345.04388427734375,1009400
2019-11-14,349.79998779296875,350,337.0299987792969,335.2265625,1029600
2019-11-15,340.95001220703125,349.8599853515625,338.7099914550781,341.6459655761719,912200
2019-11-18,342.5899963378906,344.2099914550781,337.5299987792969,337.009765625,622500
2019-11-19,344.17999267578125,348.19000244140625,340.2099914550781,341.2398376464844,630800
2019-11-20,341.9800109863281,347.4200134277344,341.9800109863281,341.0218505859375,1058100
2019-11-21,343.6000061035156,353,341.6099853515625,347.5007019042969,858300
2019-11-22,350.92999267578125,365.739990234375,350.92999267578125,357.288330078125,1286400
2019-11-25,362.44000244140625,367.0199890136719,358.4800109863281,363.39080810546875,845000
2019-11-26,366.8699951171875,367.3999938964844,361.760009765625,360.4287109375,735100
2019-11-27,365.07000732421875,372.5899963378906,364.6199951171875,368.1062927246094,734400
2019-11-29,372.05999755859375,372.4700012207031,366.7699890136719,365.5503845214844,463600
2019-12-02,368.17999267578125,369,363.07000732421875,362.6576843261719,652200
2019-12-03,366.989990234375,369.5,363.3999938964844,365.3622131347656,929700
2019-12-04,369.19000244140625,373.3399963378906,367.57000732421875,366.5113220214844,605000
2019-12-05,370.9700012207031,372,366.1600036621094,364.89654541015625,501800
2019-12-06,369.5199890136719,373.7300109863281,368.29998779296875,368.7799377441406,575900
2019-12-09,373.0899963378906,373.0899963378906,362.8900146484375,362.2119140625,974400
2019-12-10,357.1499938964844,372.1499938964844,357,364.23284912109375,1061600
2019-12-11,368.3999938964844,376.67999267578125,368.25,370.03802490234375,935700
2019-12-12,374.1000061035156,382.25,372.0799865722656,368.68084716796875,949900
2019-12-13,376.1600036621094,379.17999267578125,372.55999755859375,372.90106201171875,995900
2019-12-16,367.8399963378906,377.2200012207031,367.7099914550781,372.494873046875,756600
2019-12-17,375.7300109863281,375.7300109863281,368.2200012207031,365.64947509765625,1002900
2019-12-18,370.29998779296875,373.6300048828125,368.7300109863281,367.8882751464844,831300
2019-12-19,371.95001220703125,373.9800109863281,363.1400146484375,369.06719970703125,903700
2019-12-20,374.94000244140625,375.79998779296875,371.010009765625,372.1085205078125,1192800
2019-12-23,377.20001220703125,377.8800048828125,372.55999755859375,370.7017822265625,431200
2019-12-24,374.75,376.7099914550781,372.510009765625,372.99017333984375,221500
2019-12-26,376.760009765625,377.760009765625,374,371.3556213378906,451900
2019-12-27,375.239990234375,375.95001220703125,370.9700012207031,369.83001708984375,293000
2019-12-30,373.739990234375,375.82000732421875,371.0400085449219,370.20648193359375,369200
2019-12-31,373.6400146484375,376.7099914550781,372.0400085449219,371.9698486328125,494600
2020-01-02,378,379,369.239990234375,369.8597412109375,512400
2020-01-03,368.2099914550781,372.3500061035156,367.04998779296875,365.7089538574219,500800
2020-01-06,368.2300109863281,372.1400146484375,364.5,368.2647705078125,690800
2020-01-07,371.55999755859375,373.8299865722656,368.0199890136719,369.64178466796875,736400
2020-01-08,373.17999267578125,384.8500061035156,370.7099914550781,378.8449401855469,743100
2020-01-09,383.6300048828125,386.5400085449219,381.3699951171875,379.8851318359375,587500
2020-01-10,384.6199951171875,386.1000061035156,380,377.8443908691406,568100
2020-01-13,380.010009765625,380.3399963378906,375.1300048828125,375.3874816894531,637200
2020-01-14,378.29998779296875,388.4200134277344,375.57000732421875,383.996337890625,638900
2020-01-15,387.4200134277344,396.4700012207031,387.4200134277344,387.0970458984375,680700
2020-01-16,393.1700134277344,394,381.82000732421875,381.96551513671875,620500
2020-01-17,386.1000061035156,386.6000061035156,382.5299987792969,382.33203125,862800
2020-01-21,385.8999938964844,386.30999755859375,363.67999267578125,360.309814453125,1488400
2020-01-22,365.7200012207031,367.1400146484375,356.4599914550781,355.7826232910156,1320300
2020-01-23,359.4200134277344,360.45001220703125,354.2099914550781,353.2663269042969,737600
2020-01-24,359.9100036621094,359.9100036621094,343.0899963378906,342.0521240234375,1103100
2020-01-27,341.20001220703125,343.32000732421875,336.1700134277344,336.2469177246094,775000
2020-01-28,341.6000061035156,345.7699890136719,337.29998779296875,340.8633728027344,729500
2020-01-29,346.25,347.9700012207031,338.8999938964844,336.0785217285156,558600
2020-01-30,335.67999267578125,337.57000732421875,331.57000732421875,333.0372314453125,664100
2020-01-31,333.1700134277344,338.9800109863281,328.1300048828125,334.78076171875,988600
2020-02-03,339.69000244140625,347,339.3900146484375,337.9309997558594,930100
2020-02-04,347.8999938964844,359.489990234375,347.6199951171875,352.6719665527344,956800
2020-02-05,364.8399963378906,376.67999267578125,363,368.68084716796875,1404400
2020-02-06,385.5299987792969,394.67999267578125,375.0299987792969,386.2054443359375,1605500
2020-02-07,391.07000732421875,391.3699951171875,378.510009765625,378.300048828125,1172400
2020-02-10,378.1600036621094,389.8399963378906,377.44000244140625,382.5994873046875,939500
2020-02-11,390.2099914550781,398,387.9800109863281,393.0409851074219,992800
2020-02-12,398.1300048828125,407.04998779296875,397.6400146484375,402.5016784667969,1076200
2020-02-13,406.44000244140625,408,398.1000061035156,395.08172607421875,656800
2020-02-14,399.1000061035156,402.0899963378906,393.3900146484375,395.8147888183594,536800
2020-02-18,396.82000732421875,402,395.010009765625,393.9325256347656,512200
2020-02-19,397.8599853515625,402.2099914550781,395.30999755859375,397.06304931640625,564000
2020-02-20,399.8999938964844,401.0899963378906,393.760009765625,395.40863037109375,660800
2020-02-21,396.07000732421875,404.5400085449219,392.8599853515625,399.3811340332031,655300
2020-02-24,395.5400085449219,426.3599853515625,386.8399963378906,421.4033203125,2959700
2020-02-25,437.25,457.6000061035156,437,438.2147216796875,3568800
2020-02-26,444.0199890136719,461.3399963378906,442.44000244140625,453.63916015625,2299300
2020-02-27,468.55999755859375,470,430.70001220703125,427.5751037597656,2093500
2020-02-28,422.3699951171875,445.04998779296875,418.2200012207031,440.4139099121094,1591000
2020-03-02,445,465.510009765625,445,460.4052734375,1713100
2020-03-03,454.7200012207031,467.69000244140625,448.1099853515625,457.2351989746094,1210600
2020-03-04,467.9599914550781,494.55999755859375,467.1300048828125,488.86669921875,1960700
2020-03-05,480.94000244140625,500,480,483.60638427734375,1270200
2020-03-06,477.2900085449219,496.989990234375,477,489.8077697753906,1130700
2020-03-09,466.94000244140625,486.69000244140625,466.1499938964844,470.00469970703125,1344100
2020-03-10,488.45001220703125,488.7099914550781,460.79998779296875,470.57928466796875,1390500
2020-03-11,479.1099853515625,485.9800109863281,459.6099853515625,460.355712890625,1351800
2020-03-12,444.3599853515625,451.9599914550781,426.1000061035156,427.8524475097656,1627800
2020-03-13,445.010009765625,466.0400085449219,418.010009765625,461.19775390625,1380700
2020-03-16,452.510009765625,484.5799865722656,433.82000732421875,436.7088623046875,1926300
2020-03-17,494,512.97998046875,473,487.0934143066406,3856500
2020-03-18,495.7799987792969,499,455.55999755859375,480.4659729003906,2529500
2020-03-19,483.92999267578125,518,469.45001220703125,485.2508239746094,2358200
2020-03-20,493.010009765625,499.5,435.010009765625,434.3511657714844,2027000
2020-03-23,449.8399963378906,477,433.2799987792969,451.37054443359375,1829300
2020-03-24,468.2200012207031,471.989990234375,424.010009765625,445.32757568359375,1615700
2020-03-25,443.0400085449219,458.8299865722656,427.0799865722656,425.7621765136719,1288000
2020-03-26,426.510009765625,452.70001220703125,424.0199890136719,448.0716857910156,1686200
2020-03-27,446.0299987792969,465.7900085449219,445.1499938964844,445.3176574707031,1109000
2020-03-30,463.0899963378906,476.1000061035156,461,468.57818603515625,1337000
2020-03-31,474,495.4800109863281,463.79998779296875,483.7252197265625,1953200
2020-04-01,484.1400146484375,499.989990234375,476.45001220703125,492.0070495605469,1679800
2020-04-02,494.2900085449219,501,483.1099853515625,494.0874328613281,1058900
2020-04-03,495.55999755859375,503.260009765625,485.0400085449219,488.7081604003906,1169500
2020-04-06,503.3800048828125,511.010009765625,488.8900146484375,499.5558166503906,1285500
2020-04-07,502.80999755859375,509.739990234375,492.010009765625,496.8216247558594,1046900
2020-04-08,502.2099914550781,514.1099853515625,488,507.54046630859375,1167100
2020-04-09,510.1000061035156,515.6400146484375,500.8699951171875,508.16461181640625,1011800
2020-04-13,512.010009765625,519,504.1199951171875,512.1866455078125,789800
2020-04-14,524.6199951171875,525.9000244140625,517,519.9335327148438,962600
2020-04-15,525.2999877929688,527.0999755859375,510.5,506.90643310546875,836800
2020-04-16,518.9199829101562,541.969970703125,517.6199951171875,534.8824462890625,1206300
2020-04-17,549.989990234375,572.5,539.1400146484375,563.47265625,2133500
2020-04-20,566.7100219726562,574.3200073242188,560.3900146484375,562.6801147460938,949300
2020-04-21,566.0599975585938,568.989990234375,536.7999877929688,539.3701782226562,1026300
2020-04-22,555.5,563.3699951171875,540.9500122070312,552.86279296875,825800
2020-04-23,558.9299926757812,573.1599731445312,557.489990234375,560.2332763671875,739500
2020-04-24,573.6400146484375,574,556.469970703125,560.916748046875,837100
2020-04-27,563.1500244140625,565.6799926757812,539.1500244140625,542.4014892578125,1467800
2020-04-28,537.47998046875,539.97998046875,522.4199829101562,523.668212890625,1128200
2020-04-29,532.6400146484375,533.1699829101562,513.8099975585938,511.3247375488281,1306300
2020-04-30,513.989990234375,527.4299926757812,507.69000244140625,520.9638061523438,938000
2020-05-01,524.22998046875,529.2100219726562,514.5499877929688,520.5872802734375,482200
2020-05-04,528.1799926757812,544.2000122070312,527.6199951171875,536.7547607421875,885600
2020-05-05,563.0599975585938,581,561.27001953125,569.00048828125,1550700
2020-05-06,559.2000122070312,569.989990234375,541.5599975585938,548.3256225585938,1906200
2020-05-07,564.3900146484375,570.2100219726562,555.9600219726562,554.596435546875,1132100
2020-05-08,562,567.8300170898438,553.52001953125,558.133056640625,698900
2020-05-11,565.22998046875,578.77001953125,564.0999755859375,568.742919921875,1040900
2020-05-12,576.97998046875,578,556.4500122070312,552.327880859375,918600
2020-05-13,560.6500244140625,581.780029296875,558.510009765625,571.7247924804688,1058900
2020-05-14,577.1799926757812,580.77001953125,565.5999755859375,565.5233154296875,702300
2020-05-15,566.780029296875,577,563.0800170898438,571.3285522460938,865700
2020-05-18,582,583.5399780273438,558.8900146484375,555.042236328125,962800
2020-05-19,561,569.5,557.5999755859375,552.38720703125,737900
2020-05-20,562.0700073242188,580.5499877929688,561.3900146484375,571.4969482421875,840800
2020-05-21,577.510009765625,578.3400268554688,556.6799926757812,555.7357788085938,812600
2020-05-22,558.1199951171875,574.1900024414062,558.1199951171875,564.5822143554688,653500
2020-05-26,548.5399780273438,556.1300048828125,534.25,540.1131591796875,3742000
2020-05-27,538.7000122070312,555.530029296875,522.02001953125,538.9242553710938,5902600
2020-05-28,547.5,583.030029296875,546.1300048828125,572.8045654296875,7869500
2020-05-29,580.7000122070312,615.3599853515625,571.52001953125,607.0811767578125,6675100
2020-06-01,605,610,597.6199951171875,593.86572265625,1579300
2020-06-02,602.2000122070312,618.7100219726562,591.6699829101562,611.8858032226562,1511500
2020-06-03,615.3699951171875,616.6799926757812,589.5999755859375,598.630859375,1541000
2020-06-04,596.989990234375,610.989990234375,592.7899780273438,592.9444580078125,851800
2020-06-05,585,600.1400146484375,578.4299926757812,591.4190063476562,1324100
2020-06-08,587.8800048828125,605.260009765625,579.5999755859375,598.39306640625,964700
2020-06-09,603.489990234375,611.5599975585938,601.8900146484375,602.9005737304688,849900
2020-06-10,613.030029296875,617.3699951171875,603,600.9192504882812,925500
2020-06-11,621,625.7899780273438,592.3200073242188,590.5867309570312,1515800
2020-06-12,616.010009765625,619.6799926757812,583.1400146484375,582.889404296875,1230200
2020-06-15,584.5399780273438,593.489990234375,582.3200073242188,585.049072265625,676100
2020-06-16,590,597.1500244140625,575.8900146484375,587.3572998046875,741400
2020-06-17,596.3300170898438,606.5,594.8599853515625,597.4619750976562,678000
2020-06-18,601.3400268554688,604.030029296875,590.2999877929688,591.7656860351562,645000
2020-06-19,602.3099975585938,646.3300170898438,598.7100219726562,637.9002685546875,2668600
2020-06-22,634.0900268554688,634.1900024414062,618.1900024414062,622.6046142578125,1238800
2020-06-23,631.3300170898438,637.5399780273438,623.010009765625,622.882080078125,832700
2020-06-24,630,644.7000122070312,599,599.3837280273438,1459600
2020-06-25,604.6699829101562,620.2899780273438,602.510009765625,614.164306640625,813900
2020-06-26,611.02001953125,616.3499755859375,601.5599975585938,605.6445922851562,1817800
2020-06-29,609.3699951171875,617.27001953125,605.77001953125,605.1592407226562,663200
2020-06-30,621.9299926757812,626.0599975585938,611.1599731445312,617.81982421875,754900
2020-07-01,625,625,601.02001953125,603.4751586914062,984700
2020-07-02,612.0999755859375,630.760009765625,608.760009765625,616.6309814453125,802500
2020-07-06,635,639,623.5,621.3861083984375,1041000
2020-07-07,636.030029296875,653.530029296875,628.22998046875,634.8887939453125,1423100
2020-07-08,650.4099731445312,650.489990234375,632.4199829101562,634.353759765625,660100
2020-07-09,648,655.9299926757812,629,634.6410522460938,1009600
2020-07-10,638.4000244140625,639.989990234375,617.9500122070312,615.0558471679688,929000
2020-07-13,623.6699829101562,633.8400268554688,614.1099853515625,610.1224365234375,733200
2020-07-14,615.5800170898438,644.3400268554688,612.2000122070312,635.2354736328125,864200
2020-07-15,641.989990234375,644.739990234375,626.5,626.82470703125,568800
2020-07-16,628.75,634.260009765625,621.989990234375,626.2997436523438,410300
2020-07-17,635,650,632.2100219726562,638.0390625,713700
2020-07-20,646.6400146484375,664.6400146484375,646.5,652.0567626953125,671100
2020-07-21,658,658,635.6400146484375,632.8875122070312,753400
2020-07-22,642.5900268554688,644.0599975585938,634.3599853515625,631.570068359375,497200
2020-07-23,637.9199829101562,644.3200073242188,628.3400268554688,624.4175415039062,571300
2020-07-24,623.7000122070312,623.7000122070312,596.02001953125,603.247314453125,1206000
2020-07-27,620,638.4199829101562,613.2899780273438,631.4412841796875,850800
2020-07-28,636.2000122070312,638.3599853515625,629.0700073242188,625.10107421875,452000
2020-07-29,634.0499877929688,634.469970703125,625.8800048828125,626.2501831054688,369900
2020-07-30,625.719970703125,641.3800048828125,625.719970703125,625.566650390625,615700
2020-07-31,634.6799926757812,634.7899780273438,620.0599975585938,626.1610717773438,663000
2020-08-03,634.8400268554688,647.4000244140625,632.72998046875,639.1485595703125,487200
2020-08-04,654.4600219726562,654.4600219726562,636.0999755859375,642.3680419921875,747700
2020-08-05,654.9500122070312,660,623.9000244140625,618.6817626953125,1132700
2020-08-06,628.8800048828125,630,613.5999755859375,615.402587890625,663500
2020-08-07,621,627.4600219726562,614.5499877929688,614.4119262695312,432600
2020-08-10,623,624.3599853515625,596.5800170898438,602.5537719726562,624300
2020-08-11,601.1099853515625,608.239990234375,592.4500122070312,593.2615356445312,587200
2020-08-12,599.9000244140625,617,599.9000244140625,606.6254272460938,562600
2020-08-13,611.489990234375,616.239990234375,607.27001953125,605.1790771484375,378100
2020-08-14,610.0900268554688,617.3099975585938,610.0900268554688,606.8433837890625,302900
2020-08-17,614.739990234375,627.989990234375,614.2100219726562,614.9271240234375,403900
2020-08-18,623.010009765625,623.010009765625,613.27001953125,612.8070678710938,387900
2020-08-19,628.97998046875,640.6500244140625,625,623.743896484375,720700
2020-08-20,610.010009765625,619.75,608.4400024414062,611.123046875,656600
2020-08-21,617.1799926757812,618.0700073242188,603.219970703125,599.8295288085938,662200
2020-08-24,612.3800048828125,613.0999755859375,590.7100219726562,589.2097778320312,991900
2020-08-25,596.510009765625,615,594.739990234375,604.792724609375,734300
2020-08-26,605.5,613.1400146484375,604.489990234375,606.2786865234375,487900
2020-08-27,614.6699829101562,619.52001953125,610.22998046875,609.220947265625,534900
2020-08-28,611,614.510009765625,598.9000244140625,596.9765625,584200
2020-08-31,602.3300170898438,621.6099853515625,601.3499755859375,614.1345825195312,908100
2020-09-01,615.6300048828125,620,589.2999877929688,587.1393432617188,1028000
2020-09-02,591.2999877929688,610.989990234375,591.2999877929688,604.446044921875,878000
2020-09-03,610.4000244140625,610.4199829101562,575.0999755859375,572.002197265625,841500
2020-09-04,575,584,564.5,574.9345092773438,715400
2020-09-08,577.780029296875,578.989990234375,560.780029296875,556.6372680664062,688300
2020-09-09,565,575.0800170898438,564.9600219726562,565.8106079101562,620400
2020-09-10,566.6400146484375,572.7999877929688,548.239990234375,544.9573364257812,879300
2020-09-11,551.7899780273438,561.3300170898438,540,539.6574096679688,814100
2020-09-14,554.4099731445312,566.510009765625,550.6500244140625,558.9256591796875,762200
2020-09-15,569.1699829101562,582.8599853515625,567.5900268554688,574.478759765625,612400
2020-09-16,584.1199951171875,586.4400024414062,568,563.8292846679688,804400
2020-09-17,557.1900024414062,569.3699951171875,557.1900024414062,559.7181396484375,686500
2020-09-18,567.47998046875,567.8300170898438,544.9600219726562,550.04931640625,1977100
2020-09-21,551.1400146484375,556.4600219726562,542.1599731445312,550.5050659179688,682500
2020-09-22,552.3599853515625,573.4500122070312,552.3599853515625,566.1671752929688,580500
2020-09-23,572.3699951171875,578.1599731445312,562.489990234375,559.90625,535600
2020-09-24,561,564.989990234375,554.7000122070312,552.2486572265625,457900
2020-09-25,555.4000244140625,575.9199829101562,551,568.6934204101562,643600
2020-09-28,572.8300170898438,574.6199951171875,559.0599975585938,566.5733032226562,637000
2020-09-29,573.2000122070312,576,567.9199829101562,568.24755859375,454100
2020-09-30,589.77001953125,589.77001953125,554,554.5469360351562,2159300
2020-10-01,562.5,568.3800048828125,552.27001953125,562.8287963867188,1092600
2020-10-02,562,576,554.0399780273438,559.5198974609375,1235100
2020-10-05,598.9000244140625,619.969970703125,591.1500244140625,599.4234619140625,4843300
2020-10-06,605.3200073242188,610.3800048828125,579.02001953125,576.2025146484375,1725300
2020-10-07,588.489990234375,593.8800048828125,581.6500244140625,586.1585693359375,957200
2020-10-08,614.6500244140625,615,598.0999755859375,594.2720336914062,2355600
2020-10-09,601,604.4400024414062,593.510009765625,596.4415893554688,1190100
2020-10-12,602.25,605.3900146484375,590.8499755859375,595.9263305664062,1003200
2020-10-13,601.5999755859375,616.3099975585938,600.1799926757812,602.2963256835938,1243900
2020-10-14,609.1799926757812,610.9199829101562,596.75,595.2032470703125,951400
2020-10-15,598.02001953125,605.1199951171875,580.739990234375,579.70947265625,1048300
2020-10-16,590,605.4299926757812,585.6699829101562,594.1333618164062,1168800
2020-10-19,600,601.0900268554688,579,577.6884765625,778400
2020-10-20,582,586.489990234375,573.1400146484375,571.2393188476562,637500
2020-10-21,577.530029296875,581.6799926757812,567.02001953125,567.0489501953125,493800
2020-10-22,566.0399780273438,577.0499877929688,566.0399780273438,570.3477172851562,467200
2020-10-23,580.2899780273438,582.719970703125,575.1199951171875,574.3897094726562,565900
2020-10-26,574.6599731445312,587.6199951171875,574.6599731445312,580.2642211914062,533500
2020-10-27,584.97998046875,590.969970703125,579.0399780273438,577.0743408203125,526200
2020-10-28,576.6900024414062,578.97998046875,563.8699951171875,561.7389526367188,592900
2020-10-29,576,576,555.5399780273438,550.5941772460938,905000
2020-10-30,545.1199951171875,556.5800170898438,533.22998046875,538.478515625,1164700
2020-11-02,545.0599975585938,557.4099731445312,539.1699829101562,543.4515991210938,835900
2020-11-03,551.8900146484375,561.239990234375,550,551.9810791015625,490400
2020-11-04,578.0900268554688,593.9600219726562,575.9500122070312,581.651123046875,1195600
2020-11-05,595,596.7999877929688,578.9500122070312,583.3054809570312,944300
2020-11-06,589.0399780273438,589.0399780273438,572.719970703125,572.6263427734375,748400
2020-11-09,551.6099853515625,573.1599731445312,540.3099975585938,562.2442016601562,1321100
2020-11-10,560,565.989990234375,546.9299926757812,553.9920654296875,839200
2020-11-11,564.8499755859375,573.6599731445312,560,562.422607421875,671000
2020-11-12,568.9199829101562,571,554.8400268554688,551.5748901367188,548500
2020-11-13,560.219970703125,567.7000122070312,556.7999877929688,561.134765625,565800
2020-11-16,557.4500122070312,566.7899780273438,556,554.0614624023438,542100
2020-11-17,556.3800048828125,556.5999755859375,536.0499877929688,533.1190795898438,1051700
2020-11-18,543,543,518.1900024414062,514.1876831054688,1240800
2020-11-19,519.1900024414062,525.6900024414062,514.4199829101562,509.89825439453125,947600
2020-11-20,513.9600219726562,521.27001953125,509.3399963378906,513.8905029296875,1045300
2020-11-23,538.8599853515625,538.8599853515625,516.7999877929688,518.7150268554688,1764400
2020-11-24,521.6099853515625,528.4400024414062,505.79998779296875,501.3687438964844,1270300
2020-11-25,507.17999267578125,515.469970703125,507.17999267578125,503.55804443359375,711800
2020-11-27,513.4199829101562,518.9199829101562,509.20001220703125,509.2444152832031,498200
2020-11-30,520,520.780029296875,507.6000061035156,511.2058410644531,1707500
2020-12-01,516,525.280029296875,513.6900024414062,509.26422119140625,937400
2020-12-02,515.9400024414062,515.9400024414062,503.80999755859375,500.40777587890625,782700
2020-12-03,505.20001220703125,509.5400085449219,497.1199951171875,494.17657470703125,966000
2020-12-04,497.010009765625,501.8500061035156,490.05999755859375,487.8463134765625,961200
2020-12-07,497.489990234375,499.70001220703125,492.7900085449219,490.7786865234375,881900
2020-12-08,497.1000061035156,497.8800048828125,486.29998779296875,492.49249267578125,1007900
2020-12-09,500,500,484,484.07196044921875,934300
2020-12-10,485.2900085449219,487.1199951171875,477.8699951171875,474.50225830078125,1184100
2020-12-11,478.2200012207031,483.5400085449219,471.5799865722656,475.2848815917969,1013500
2020-12-14,484.1199951171875,502.6000061035156,483.54998779296875,495.70220947265625,1245800
2020-12-15,500.69000244140625,500.989990234375,486.82000732421875,487.1924743652344,1086300
2020-12-16,491.79998779296875,494.4599914550781,485.1499938964844,482.02130126953125,862500
2020-12-17,486.8999938964844,496.75,486.5,491.5711364746094,856300
2020-12-18,500,506.989990234375,496.80999755859375,494.22613525390625,1820900
2020-12-21,494,497.2900085449219,485.05999755859375,492.0962219238281,1009300
2020-12-22,496,496.4800109863281,488.5,485.47869873046875,849600
2020-12-23,491.20001220703125,493.6300048828125,488.5199890136719,487.58880615234375,545700
2020-12-24,492.44000244140625,495.2300109863281,486.0299987792969,484.3592224121094,289100
2020-12-28,488.7200012207031,492.69000244140625,482.2099914550781,478.44500732421875,713400
2020-12-29,485,490.45001220703125,482.4200134277344,479.6932678222656,558200
2020-12-30,487.3900146484375,488.8299865722656,477.67999267578125,473.82861328125,633200
2020-12-31,477.80999755859375,483.57000732421875,470.7799987792969,478.59356689453125,897900
2021-01-04,486.8500061035156,491.7799987792969,473.5799865722656,478.3459777832031,911100
2021-01-05,480.3900146484375,486.25,475.4100036621094,478.9305114746094,797700
2021-01-06,477.1499938964844,483,467,465.69537353515625,1434700
2021-01-07,471.239990234375,481.8399963378906,467.17999267578125,476.7015075683594,1126600
2021-01-08,487.92999267578125,500.70001220703125,487.92999267578125,494.067626953125,1018800
2021-01-11,501,505.1400146484375,489.3500061035156,498.21844482421875,1115300
2021-01-12,504.4100036621094,518.5,502,501.02197265625,1264100
2021-01-13,517,522,509.1400146484375,507.1144714355469,1333800
2021-01-14,513.0999755859375,524.8800048828125,511.3299865722656,513.068359375,848600
2021-01-15,518.0999755859375,522.989990234375,511.1099853515625,513.088134765625,796900
2021-01-19,523.030029296875,536.6199951171875,522.0599975585938,528.89892578125,995400
2021-01-20,536.780029296875,543.989990234375,529.3099975585938,537.2005615234375,862700
2021-01-21,540.5800170898438,543.280029296875,527.9099731445312,530.4739990234375,940100
2021-01-22,534.0999755859375,546.719970703125,534.0999755859375,532.7525634765625,620600
2021-01-25,554.3200073242188,555,538.77001953125,543.0751342773438,828400
2021-01-26,558.9099731445312,558.9099731445312,542.1400146484375,539.013427734375,901700
2021-01-27,540.5800170898438,541.969970703125,512.9400024414062,510.740234375,1433500
2021-01-28,521.27001953125,529.510009765625,505.1099853515625,501.537109375,1050700
2021-01-29,505.9700012207031,514.4199829101562,496.1000061035156,499.12982177734375,1389800
2021-02-01,512.8200073242188,512.8200073242188,503.1000061035156,503.3301696777344,790600
2021-02-02,511.010009765625,513.280029296875,498.0199890136719,495.3059387207031,884500
2021-02-03,505.0899963378906,507.2799987792969,490.8399963378906,486.5881652832031,1076700
2021-02-04,494.07000732421875,498.9599914550781,490.0199890136719,494.17657470703125,1394600
2021-02-05,513.8400268554688,514.969970703125,495.2200012207031,494.3152770996094,1662800
2021-02-08,503.1400146484375,506.6300048828125,492.4599914550781,490.2734375,1320400
2021-02-09,496.5299987792969,497.989990234375,487.54998779296875,486.0928955078125,1056000
2021-02-10,493.42999267578125,497.8599853515625,488.1199951171875,486.6277770996094,959200
2021-02-11,491.2300109863281,496.6000061035156,486.0400085449219,485.9541931152344,1057400
2021-02-12,494.25,494.4800109863281,482.8500061035156,481.08013916015625,1295600
2021-02-16,488.010009765625,492,478.44000244140625,476.2160339355469,1363500
2021-02-17,477,484.3800048828125,476.55999755859375,477.177001953125,1010700
2021-02-18,479.8999938964844,481.760009765625,475.8399963378906,472.5704345703125,1124300
2021-02-19,478.25,483.67999267578125,470.2699890136719,465.9727478027344,1129900
2021-02-22,468.2699890136719,468.2699890136719,459.8999938964844,456.27423095703125,1345600
2021-02-23,458.05999755859375,468.9599914550781,448,463.65460205078125,1705600
2021-02-24,466.1099853515625,469.4700012207031,457.1700134277344,454.3127746582031,1103400
2021-02-25,460.30999755859375,465,448.3299865722656,448.953369140625,1126100
2021-02-26,455.8399963378906,457.1700134277344,445.57000732421875,446.35784912109375,1193500
2021-03-01,454.489990234375,463.8500061035156,453.8299865722656,458.72119140625,856500
2021-03-02,463.1300048828125,466,454.3500061035156,450.6076965332031,759200
2021-03-03,456.1400146484375,458.6499938964844,446.3800048828125,442.5537109375,898000
2021-03-04,445.3699951171875,451.8500061035156,441,445.1789855957031,1093800
2021-03-05,451.5799865722656,463.8299865722656,449.29998779296875,457.2550354003906,1223200
2021-03-08,456.489990234375,473.5,456.489990234375,458.8598327636719,1014300
2021-03-09,469.79998779296875,478.1300048828125,469.32000732421875,466.23028564453125,868400
2021-03-10,473.8900146484375,474.9800109863281,465.2099914550781,463.5753479003906,724700
2021-03-11,469,474.8900146484375,466.7300109863281,465.5665588378906,744900
2021-03-12,467,471.82000732421875,463.6499938964844,467.05255126953125,552700
2021-03-15,473.010009765625,484.70001220703125,472.260009765625,479.4158935546875,728500
2021-03-16,485,490.2200012207031,479.6099853515625,477.6624450683594,698400
2021-03-17,495,497.7099914550781,483.1499938964844,491.3730163574219,1101000
2021-03-18,485.0799865722656,491.8800048828125,474.30999755859375,470.242431640625,921100
2021-03-19,478.30999755859375,482.5899963378906,472.4800109863281,469.2716064453125,1078200
2021-03-22,471.8900146484375,484.6099853515625,471.2300109863281,478.7026062011719,911700
2021-03-23,486.1600036621094,488.7200012207031,466.7099914550781,465.3684387207031,1086400
2021-03-24,471.510009765625,472.0799865722656,458.25,456.01666259765625,1053800
2021-03-25,458.30999755859375,465.8399963378906,451.6000061035156,459.14715576171875,1413500
2021-03-26,461.1300048828125,477.32000732421875,458.44000244140625,472.4515686035156,1645500
2021-03-29,472.3399963378906,488.8999938964844,471.9100036621094,477.0185241699219,771200
2021-03-30,479.8399963378906,480.8399963378906,469.3599853515625,466.2699279785156,610400
2021-03-31,472.6400146484375,475.70001220703125,470.6700134277344,468.7168273925781,767700
2021-04-01,472,478.1499938964844,469.3699951171875,470.4900817871094,763100
2021-04-05,477.0899963378906,485.2799987792969,474.2200012207031,480.03009033203125,949000
2021-04-06,485.5,485.82000732421875,476.7200012207031,474.2050476074219,900900
2021-04-07,479,486.95001220703125,477.6199951171875,477.2859802246094,722200
2021-04-08,485.7699890136719,488.989990234375,474.8399963378906,471.90667724609375,1245200
2021-04-09,476.2200012207031,480.260009765625,471.5,470.72784423828125,679500
2021-04-12,481.7799987792969,481.7799987792969,469.79998779296875,468.3800048828125,835500
2021-04-13,476.5299987792969,483.3999938964844,474.6000061035156,472.58038330078125,754900
2021-04-14,478,486.7300109863281,477.9200134277344,476.6618957519531,595600
2021-04-15,487.44000244140625,499.2799987792969,485.80999755859375,490.0158386230469,950500
2021-04-16,496.6499938964844,506.8699951171875,495.8599853515625,497.90142822265625,1169400
2021-04-19,503.010009765625,505.9700012207031,498.4700012207031,495.01861572265625,707800
2021-04-20,499.54998779296875,506.7300109863281,497.3999938964844,499.7044372558594,858800
2021-04-21,507.489990234375,510.32000732421875,503.2200012207031,501.74517822265625,621300
2021-04-22,505.3999938964844,505.3999938964844,489.2799987792969,485.8451843261719,1000500
2021-04-23,488.6300048828125,491.489990234375,484.0299987792969,484.07196044921875,819800
2021-04-26,489.8399963378906,502,485,496.48480224609375,830300
2021-04-27,502.6000061035156,502.6000061035156,491.260009765625,487.2122802734375,474500
2021-04-28,494.9100036621094,495.44000244140625,487.5,483.2100524902344,654000
2021-04-29,489.69000244140625,490,482.2799987792969,480.4659729003906,574300
2021-04-30,482.7699890136719,491.5799865722656,480.510009765625,476.800537109375,796700
2021-05-03,483.5,491.6700134277344,482.8299865722656,484.0521545410156,645900
2021-05-04,485.94000244140625,488.2799987792969,480.8500061035156,480.644287109375,764500
2021-05-05,486.4100036621094,488.75,481.0899963378906,477.9101257324219,842400
2021-05-06,483.1099853515625,502.9800109863281,478.3999938964844,494.01806640625,1545300
2021-05-07,497.5899963378906,503,492.80999755859375,492.1061096191406,703200
2021-05-10,497.5199890136719,513.47998046875,495,497.64385986328125,1044800
2021-05-11,496.82000732421875,508.9800109863281,494.0199890136719,496.504638671875,790700
2021-05-12,497,513.6699829101562,497,502.3990173339844,967700
2021-05-13,508.8599853515625,519.0700073242188,505.57000732421875,512.3352661132812,991400
2021-05-14,520,521.1300048828125,512.25,511.7903747558594,785600
2021-05-17,516.4500122070312,525.9600219726562,515.4400024414062,518.8339233398438,712200
2021-05-18,523,523,513.6799926757812,511.3941345214844,683300
2021-05-19,517.9000244140625,517.9000244140625,502.5,505.4997863769531,587400
2021-05-20,509,518.8699951171875,507.6300048828125,508.4122314453125,574900
2021-05-21,514.1300048828125,516.5,506.42999267578125,501.9828796386719,610400
2021-05-24,509.739990234375,509.739990234375,500.0799865722656,495.79132080078125,521900
2021-05-25,500.8399963378906,502.7200012207031,493.19000244140625,493.3741149902344,767500
2021-05-26,498.75,500.30999755859375,493,492.51226806640625,640700
2021-05-27,496,500.0400085449219,492.1300048828125,490.70928955078125,1058800
2021-05-28,497.6099853515625,505.2099914550781,497.2200012207031,497.7330322265625,542100
2021-06-01,505.760009765625,508.7900085449219,497.92999267578125,498.52557373046875,617100
2021-06-02,503.1700134277344,510.30999755859375,501.20001220703125,500.6356506347656,679400
2021-06-03,501.07000732421875,506.8900146484375,499.7799987792969,500.9328308105469,445000
2021-06-04,507.5899963378906,518.3699951171875,505.79998779296875,507.1045837402344,785200
2021-06-07,511.6499938964844,525.3900146484375,509.5,510.17559814453125,868700
2021-06-08,517.2000122070312,518.6199951171875,501.69000244140625,501.6857604980469,963600
2021-06-09,507.8399963378906,522.7899780273438,505.6199951171875,516.971435546875,783300
2021-06-10,521.260009765625,533.260009765625,516.0399780273438,527.0661010742188,934900
2021-06-11,529.280029296875,530.260009765625,519.97998046875,520.6367797851562,622900
2021-06-14,525,529.2899780273438,521.9600219726562,523.8070068359375,497800
2021-06-15,528,530.719970703125,523.6599731445312,522.5587768554688,547500
2021-06-16,531.1699829101562,542.4199829101562,522.239990234375,518.6854248046875,914400
2021-06-17,524,538.5,516.75,530.9991455078125,846200
2021-06-18,534.6599731445312,540.030029296875,532.1300048828125,532.8912353515625,914800
2021-06-21,539.989990234375,543.739990234375,532.72998046875,529.275390625,678800
2021-06-22,533.0399780273438,535.1099853515625,526.9099731445312,529.0277099609375,655600
2021-06-23,532.8499755859375,534.7000122070312,523.2899780273438,524.8471069335938,636300
2021-06-24,533.0900268554688,545.3699951171875,531.3300170898438,539.3601684570312,790000
2021-06-25,543.5900268554688,552.5,540.75,545.4032592773438,1912800
2021-06-28,565.5399780273438,569.989990234375,542.5499877929688,537.6266479492188,1509400
2021-06-29,542.280029296875,548.02001953125,536.0800170898438,540.8759155273438,721500
2021-06-30,545.2000122070312,561.77001953125,544.52001953125,553.3185424804688,861800
2021-07-01,556.5999755859375,576.9199829101562,554.9500122070312,569.2481079101562,1277400
2021-07-02,576,592.8400268554688,571.5499877929688,578.183837890625,1073700
2021-07-06,579.4099731445312,584.2899780273438,572.9299926757812,576.806884765625,643900
2021-07-07,584.27001953125,590.9500122070312,580.760009765625,580.4227905273438,708700
2021-07-08,578.4400024414062,580,568.1500244140625,569.5453491210938,766600
2021-07-09,573,580.8499755859375,571.010009765625,574.9741821289062,550100
2021-07-12,579.9199829101562,586.3400268554688,571.0399780273438,568.6637573242188,655300
2021-07-13,574.5800170898438,582.1900024414062,570.6199951171875,571.61572265625,448800
2021-07-14,578.5499877929688,582.8599853515625,575.5,575.6279296875,380300
2021-07-15,579.9000244140625,593.2899780273438,575.0399780273438,583.8107299804688,776200
2021-07-16,587.8200073242188,590,580,577.7876586914062,515600
2021-07-19,581.260009765625,588,578,579.759033203125,552100
2021-07-20,588.2999877929688,593.6900024414062,580.6599731445312,581.7501831054688,644800
2021-07-21,586.760009765625,586.760009765625,573.760009765625,578.2630615234375,480800
2021-07-22,581.6300048828125,590.6799926757812,580.02001953125,581.3935546875,406900
2021-07-23,588.8300170898438,595.47998046875,583.760009765625,580.8685302734375,628200
2021-07-26,586,586,577.3699951171875,572.3786010742188,488400
2021-07-27,568.510009765625,581.2999877929688,565,575.5784301757812,474700
2021-07-28,582.0399780273438,587.9199829101562,579,580.9279174804688,404000
2021-07-29,588.6199951171875,591.6599731445312,582.0999755859375,577.6785888671875,361400
2021-07-30,581.4199829101562,583.280029296875,572.9099731445312,569.2382202148438,775600
2021-08-02,577.1199951171875,580.8699951171875,570.3800048828125,571.7347412109375,362200
2021-08-03,576.8499755859375,587.5599975585938,570.7000122070312,581.027099609375,512800
2021-08-04,584.9199829101562,598.6599731445312,579.3200073242188,575.5189208984375,1042300
2021-08-05,588.6199951171875,603.1400146484375,570.8499755859375,596.8377685546875,1628400
2021-08-06,603.0900268554688,615,600.02001953125,605.1494140625,1135100
2021-08-09,610.8499755859375,624.77001953125,610.5900268554688,608.2005615234375,962300
2021-08-10,615.72998046875,619.780029296875,604.5499877929688,609.2308349609375,651200
2021-08-11,616.0700073242188,621.3699951171875,603.4099731445312,602.7618408203125,630400
2021-08-12,607,611.52001953125,598.030029296875,602.3161010742188,577600
2021-08-13,614,625,612.6199951171875,618.9490356445312,821200
2021-08-16,625.6599731445312,630,615.0599975585938,622.7234497070312,869900
2021-08-17,626.1400146484375,650,624.010009765625,641.3873901367188,1183900
2021-08-18,650,658.969970703125,633,629.6282958984375,1642600
2021-08-19,628.9299926757812,662.8699951171875,628.9299926757812,649.5009155273438,1284600
2021-08-20,659,674.0700073242188,655.6300048828125,657.0693359375,1303900
2021-08-23,665.2100219726562,671.489990234375,642.6799926757812,661.0518188476562,992900
2021-08-24,665.9199829101562,670,656.72998046875,663.68701171875,731500
2021-08-25,672.8499755859375,674,660.7899780273438,662.9241333007812,643500
2021-08-26,670.0599975585938,674.4500122070312,663.2899780273438,659.5460815429688,473300
2021-08-27,668.9500122070312,673.0999755859375,660.75,657.0892944335938,424600
2021-08-30,664,678.6900024414062,660.4400024414062,670.7503051757812,865300
2021-08-31,677.510009765625,681.72998046875,668.3300170898438,667.1047973632812,829500
2021-09-01,674.719970703125,686.280029296875,671.6300048828125,674.5940551757812,822100
2021-09-02,683.5,684.9000244140625,674.5700073242188,669.4327392578125,689300
2021-09-03,675.6199951171875,686.6199951171875,672,673.217041015625,564600
2021-09-07,679.4199829101562,679.5800170898438,658.02001953125,662.5576171875,717500
2021-09-08,667.7999877929688,676.9400024414062,666.5700073242188,662.9340209960938,463100
2021-09-09,670.280029296875,672.8800048828125,644.6500244140625,640.0698852539062,1047700
2021-09-10,650,659.760009765625,646.1099853515625,644.4088134765625,747100
2021-09-13,651.0999755859375,653.3300170898438,636,633.5414428710938,798000
2021-09-14,639.9099731445312,650.4199829101562,639.9099731445312,639.1187744140625,602100
2021-09-15,658.6500244140625,664.989990234375,649.010009765625,645.90478515625,883100
2021-09-16,649.7100219726562,656.6699829101562,643.3800048828125,647.0736694335938,539900
2021-09-17,649.1699829101562,653,643.2899780273438,645.785888671875,761900
2021-09-20,643.8400268554688,652,636.1699829101562,634.898681640625,666400
2021-09-21,645.1099853515625,656.8599853515625,642.8099975585938,640.9019165039062,440600
2021-09-22,646.9500122070312,651.010009765625,640.02001953125,641.0108642578125,561800
2021-09-23,647,655,644.2999877929688,640.4661254882812,537400
2021-09-24,644.3099975585938,644.3099975585938,632.4500122070312,632.92724609375,654500
2021-09-27,636.7100219726562,636.7100219726562,616.260009765625,613.28271484375,783700
2021-09-28,607.219970703125,617.7100219726562,603.7899780273438,599.3441772460938,1240400
2021-09-29,607.1400146484375,612.739990234375,604.97998046875,601.0283203125,615100
2021-09-30,607.760009765625,613.5800170898438,604.6199951171875,599.5223999023438,549000
2021-10-01,576.75,578,556.0499877929688,565.4539794921875,1457800
2021-10-04,565.3699951171875,568.1300048828125,553.0999755859375,550.2276000976562,992900
2021-10-05,555.9099731445312,564.72998046875,549.27001953125,545.7499389648438,930100
2021-10-06,548,553.9299926757812,543.4099731445312,541.4603881835938,890100
2021-10-07,548.1400146484375,559.75,547.3200073242188,546.8594360351562,774300
2021-10-08,551.8800048828125,555.52001953125,543.25,544.8782348632812,532300
2021-10-11,549.6500244140625,557.8699951171875,545.5999755859375,541.1532592773438,538600
2021-10-12,546.0900268554688,549.3499755859375,541.5800170898438,539.3502197265625,521600
2021-10-13,548.3300170898438,556.1799926757812,546.969970703125,542.0053100585938,664200
2021-10-14,553,565.1099853515625,552.0700073242188,550.4257202148438,1055800
2021-10-15,558.9299926757812,558.9299926757812,552.1599731445312,548.0680541992188,838800
2021-10-18,550.219970703125,552.489990234375,539.1799926757812,538.3992309570312,1216200
2021-10-19,548.02001953125,555.6699829101562,545,546.9485473632812,985700
2021-10-20,554.239990234375,562.719970703125,553,557.4495239257812,878000
2021-10-21,564.47998046875,570.9099731445312,562.52001953125,564.0473022460938,624200
2021-10-22,570.030029296875,573.010009765625,565.3900146484375,567.00927734375,493000
2021-10-25,573.6599731445312,578.72998046875,569.530029296875,570.8133544921875,627300
2021-10-26,579.1400146484375,594.219970703125,575.6099853515625,586.6142578125,845300
2021-10-27,593.280029296875,594.0900268554688,587.7000122070312,584.0880737304688,658100
2021-10-28,590.1799926757812,625.719970703125,589.1300048828125,619.3453979492188,1111400
2021-10-29,619.1300048828125,641.260009765625,618.1099853515625,633.9574584960938,860400
2021-11-01,640,648.0700073242188,635.75,633.1748657226562,913700
2021-11-02,638.5800170898438,649.97998046875,633.5599975585938,632.7984008789062,838400
2021-11-03,637.2100219726562,652.3800048828125,632.0999755859375,646.00390625,718800
2021-11-04,657.2100219726562,659.7899780273438,630.9000244140625,641.5756225585938,1507000
2021-11-05,600,622.8599853515625,594.5499877929688,605.8230590820312,1768400
2021-11-08,618.5999755859375,623.4199829101562,608.760009765625,616.9580688476562,639900
2021-11-09,623.0800170898438,627.5700073242188,614,610.5484008789062,601000
2021-11-10,616.8200073242188,635.72998046875,616.8200073242188,616.3833618164062,727900
2021-11-11,622,628.4600219726562,617.6500244140625,620.7817993164062,478400
2021-11-12,632.4400024414062,634.4600219726562,623.3099975585938,625.2992553710938,513600
2021-11-15,635.010009765625,649.719970703125,633.280029296875,641.6746826171875,777500
2021-11-16,647.3400268554688,661.8400268554688,642.0999755859375,636.7411499023438,632700
2021-11-17,645.0800170898438,645.530029296875,635.75,635.8298950195312,440000
2021-11-18,642.2100219726562,653.27001953125,638.5999755859375,642.4473876953125,564400
2021-11-19,652.4299926757812,657.5599975585938,646.3699951171875,646.578369140625,605700
2021-11-22,648.5800170898438,660.280029296875,640.8800048828125,637.6229248046875,632600
2021-11-23,641.9000244140625,650.9600219726562,639.47998046875,643.2498779296875,624300
2021-11-24,651.3800048828125,656,645.5499877929688,642.1204223632812,545100
2021-11-26,660,660.9500122070312,639.780029296875,637.3356323242188,575600
2021-11-29,645.3200073242188,660.5,642.4099731445312,648.2824096679688,700400
2021-11-30,646.4099731445312,656.5999755859375,635.1199951171875,630.5794677734375,1277200
2021-12-01,639.1300048828125,644.4099731445312,630.1300048828125,624.6950073242188,731800
2021-12-02,633.030029296875,640.030029296875,622.489990234375,628.0730590820312,563800
2021-12-03,637.77001953125,641.7899780273438,623.1199951171875,629.2222290039062,650400
2021-12-06,642.3599853515625,644.7000122070312,624.5999755859375,619.1571044921875,567500
2021-12-07,628.530029296875,643.3699951171875,623,629.15283203125,652500
2021-12-08,638.1400146484375,655.75,633.3300170898438,647.9257202148438,694800
2021-12-09,650,667.5599975585938,646.6699829101562,659.4965209960938,898200
2021-12-10,661.9400024414062,672.4500122070312,656.25,663.260986328125,791100
2021-12-13,653.1199951171875,665,637.4400024414062,653.978515625,1074800
2021-12-14,652.22998046875,673.8599853515625,651.8900146484375,664.6973876953125,730800
2021-12-15,646.989990234375,662.6300048828125,645,651.7793579101562,842100
2021-12-16,644.739990234375,656.3400268554688,630.0999755859375,625.834228515625,1241800
2021-12-17,631.0399780273438,631.1599731445312,615.2000122070312,613.4906616210938,1627100
2021-12-20,620.7000122070312,625.3499755859375,602.0700073242188,597.5016479492188,912100
2021-12-21,608.5800170898438,608.5800170898438,598.239990234375,601.13720703125,1108900
2021-12-22,608.469970703125,619.239990234375,600.8499755859375,611.7073974609375,737400
2021-12-23,619.5,627.219970703125,618.1500244140625,619.5335693359375,398700
2021-12-27,625.6599731445312,636.3599853515625,623.2899780273438,628.8358154296875,443700
2021-12-28,637.0399780273438,639.5,635,632.4913330078125,327800
2021-12-29,639.469970703125,649,638.75,641.2289428710938,413000
2021-12-30,647.1500244140625,651.280029296875,642.280029296875,636.5034790039062,306300
2021-12-31,644.3400268554688,645.5,630.6599731445312,625.6162719726562,353400
2022-01-03,625,629.3300170898438,621.8699951171875,621.237548828125,515600
2022-01-04,622.9500122070312,625.0700073242188,612.1099853515625,611.0536499023438,725400
2022-01-05,604.9500122070312,613.6500244140625,594.989990234375,589.5565185546875,1100800
2022-01-06,600,606.02001953125,594.969970703125,592.8453979492188,676200
2022-01-07,598.4400024414062,607.010009765625,592.8599853515625,598.0859985351562,584400
2022-01-10,603.75,621.6099853515625,602.1300048828125,615.4620361328125,822700
2022-01-11,623.1900024414062,628.0800170898438,617.760009765625,620.2369995117188,613800
2022-01-12,624.4500122070312,632.3900146484375,620.8300170898438,625.5369262695312,584700
2022-01-13,632.75,632.75,614.1500244140625,610.3502807617188,649300
2022-01-14,616.02001953125,623.2000122070312,604.7999877929688,609.4883422851562,792000
2022-01-18,604.52001953125,612.3900146484375,598.1300048828125,605.5059814453125,974800
2022-01-19,617.010009765625,628.0499877929688,612.4000244140625,612.33154296875,656300
2022-01-20,621.1500244140625,622.2899780273438,612.4299926757812,608.6365356445312,765900
2022-01-21,615.7999877929688,623.97998046875,610.8800048828125,615.5908813476562,1329000
2022-01-24,613.1300048828125,623.5399780273438,601.25,615.6700439453125,1126200
2022-01-25,616.2899780273438,618,602.4000244140625,597.5510864257812,975500
2022-01-26,604.469970703125,618.010009765625,600.27001953125,599.591796875,857900
2022-01-27,609.8400268554688,618.75,603.25,603.0293579101562,658800
2022-01-28,608.2899780273438,625,601.8900146484375,619.0779418945312,736700
2022-01-31,623.1500244140625,623.1699829101562,602.510009765625,602.9005737304688,922300
2022-02-01,607.8300170898438,613.9299926757812,600.219970703125,607.6260375976562,738500
2022-02-02,613.3599853515625,623.4000244140625,596.9000244140625,617.0271606445312,1033300
2022-02-03,617.9099731445312,625,613.9600219726562,614.887451171875,962400
2022-02-04,610.010009765625,635,610.010009765625,617.1362915039062,1205800
2022-02-07,620.72998046875,625.1099853515625,613.3200073242188,616.5418090820312,905300
2022-02-08,620.010009765625,621.9000244140625,612.0399780273438,612.1632080078125,846200
2022-02-09,620,620.9600219726562,616.260009765625,613.9760131835938,818500
2022-02-10,613.3400268554688,624.5499877929688,608.3900146484375,612.4405517578125,769500
2022-02-11,620.5700073242188,645,617.5,632.4417114257812,1111100
2022-02-14,638,639.2000122070312,614.3900146484375,617.700927734375,826900
2022-02-15,622,635.4400024414062,620.719970703125,624.2591552734375,675600
2022-02-16,630.6300048828125,632.1699829101562,624.25,625.0020751953125,374000
2022-02-17,628.3699951171875,632.2100219726562,619.510009765625,620.861083984375,627800
2022-02-18,621.8200073242188,632.760009765625,614.0900268554688,609.3794555664062,718900
2022-02-22,613.3099975585938,618.9600219726562,602.1699829101562,597.25390625,649200
2022-02-23,625,625,604.1799926757812,603.286865234375,863000
2022-02-24,603.4000244140625,610.5599975585938,598.0700073242188,604.0794677734375,533500
2022-02-25,610.75,622.1400146484375,608.3300170898438,612.8765258789062,427400
2022-02-28,611.5399780273438,620.3300170898438,607.739990234375,612.5792236328125,518900
2022-03-01,615.3900146484375,623.6300048828125,603.1199951171875,601.355224609375,617300
2022-03-02,604.8800048828125,619.8599853515625,604.219970703125,611.1032104492188,339600
2022-03-03,618.5800170898438,620,608.6699829101562,605.4367065429688,593100
2022-03-04,604.22998046875,624.6199951171875,604.22998046875,614.6099853515625,550500
2022-03-07,618.4299926757812,636.3599853515625,609.010009765625,612.8070678710938,755300
2022-03-08,611.1699829101562,627.3400268554688,609.030029296875,608.9931030273438,592200
2022-03-09,622.2000122070312,626.6799926757812,614.2100219726562,617.601806640625,538900
2022-03-10,616.1300048828125,632.6799926757812,615.9199829101562,624.4669799804688,480600
2022-03-11,633.7999877929688,652.27001953125,630.6699829101562,636.5729370117188,803200
2022-03-14,644.5999755859375,665.97998046875,644.5999755859375,650.2734985351562,1018900
2022-03-15,660.260009765625,668.9400024414062,654.5,659.7045288085938,763800
2022-03-16,670.010009765625,678.6799926757812,663.8699951171875,671.641845703125,806200
2022-03-17,675.7899780273438,689.989990234375,675.02001953125,678.8240966796875,808200
2022-03-18,686.4299926757812,688.8400268554688,677.030029296875,679.5274658203125,1170500
2022-03-21,687.739990234375,697.010009765625,685.6199951171875,686.7196044921875,731100
2022-03-22,695.0499877929688,695.0499877929688,683.6799926757812,686.1649169921875,576900
2022-03-23,693.0399780273438,693.0399780273438,667.8800048828125,662.9637451171875,608500
2022-03-24,667.3099975585938,680.0800170898438,666.3499755859375,673.4052734375,402500
2022-03-25,679.9000244140625,685.010009765625,676.1400146484375,673.6728515625,366800
2022-03-28,676.2899780273438,694.22998046875,676.2899780273438,686.917724609375,625600
2022-03-29,692.5599975585938,699,680.1199951171875,691.9008178710938,725000
2022-03-30,700.0499877929688,703.030029296875,690.75,685.9072265625,848500
2022-03-31,695.77001953125,710.2100219726562,691.77001953125,691.8908081054688,1061500
2022-04-01,701.8200073242188,701.9500122070312,685.280029296875,688.3343505859375,603500
2022-04-04,700,704.1699829101562,692.5,691.8807983398438,498600
2022-04-05,697.02001953125,710.4099731445312,689.1199951171875,685.0057373046875,671800
2022-04-06,692,710.2999877929688,690.010009765625,701.7379150390625,683500
2022-04-07,706.239990234375,725.969970703125,706.2100219726562,715.0521850585938,828000
2022-04-08,725,747.4199829101562,725,731.9329833984375,1030100
2022-04-11,736.6400146484375,741.8499755859375,722.02001953125,715.6168212890625,709000
2022-04-12,720.6599731445312,726.3300170898438,711.6900024414062,709.0984497070312,488800
2022-04-13,716.3599853515625,732.97998046875,716.3599853515625,725.0479125976562,526200
2022-04-14,732.25,738.989990234375,730.9400024414062,726.1674194335938,795700
2022-04-18,726.8099975585938,732,719.27001953125,716.4391479492188,313300
2022-04-19,724.2000122070312,725.8099975585938,710.5999755859375,709.5243530273438,468000
2022-04-20,720.0700073242188,721.719970703125,713.010009765625,712.8926391601562,413700
2022-04-21,719,725.3200073242188,705.0999755859375,699.5089111328125,535200
2022-04-22,701.530029296875,709.0599975585938,686.260009765625,681.6475219726562,609400
2022-04-25,684.7000122070312,690.5599975585938,673.0999755859375,683.8764038085938,514300
2022-04-26,683.010009765625,692.510009765625,673.8900146484375,668.5114135742188,538500
2022-04-27,680.1099853515625,683.9500122070312,672.0999755859375,667.2136840820312,406600
2022-04-28,673.510009765625,677.5,660.8200073242188,669.264404296875,555600
2022-04-29,673.9500122070312,676.6400146484375,655.9000244140625,652.9483032226562,678300
2022-05-02,656.969970703125,658.25,641.1699829101562,645.924560546875,737400
2022-05-03,658.0999755859375,665.2999877929688,650.22998046875,654.3154296875,538700
2022-05-04,661.2999877929688,666.25,636.7999877929688,654.681884765625,998100
2022-05-05,659.989990234375,660.8699951171875,630.030029296875,633.392822265625,754700
2022-05-06,639.0399780273438,639.0399780273438,622.0599975585938,617.2254028320312,773800
2022-05-09,612.6699829101562,616.489990234375,597.760009765625,594.1630859375,819400
2022-05-10,609.27001953125,627.8900146484375,608.2899780273438,609.33984375,769500
2022-05-11,610.3699951171875,624.8300170898438,604.7100219726562,607.31884765625,704000
2022-05-12,606.7899780273438,634.1900024414062,606.77001953125,628.033447265625,793100
2022-05-13,635.3800048828125,648.47998046875,629.0800170898438,639.4853515625,604500
2022-05-16,640.1799926757812,656.4500122070312,640.1799926757812,648.88671875,486900
2022-05-17,661.8699951171875,670.9600219726562,651.8099975585938,661.3192749023438,571800
2022-05-18,664.0999755859375,672.5399780273438,655.25,653.0374755859375,560100
2022-05-19,660.3499755859375,660.6199951171875,650.8200073242188,651.0066528320312,607700
2022-05-20,661.2899780273438,664.9000244140625,647.5399780273438,654.9594116210938,544300
2022-05-23,671.6099853515625,686.3200073242188,668.5,675.5350952148438,593200
2022-05-24,681.969970703125,686.3300170898438,667.75,679.6067504882812,465100
2022-05-25,689,699.6300048828125,684.7000122070312,684.4213256835938,562100
2022-05-26,690.1199951171875,697.010009765625,682.9000244140625,677.0508422851562,523500
2022-05-27,685.719970703125,693.8099975585938,680,686.3233642578125,558700
2022-05-31,692.7999877929688,692.7999877929688,656.7100219726562,658.525634765625,1691600
2022-06-01,669.510009765625,672.3499755859375,651.8499755859375,652.7600708007812,610000
2022-06-02,655.02001953125,655.02001953125,617.2100219726562,624.8038940429688,1276100
2022-06-03,628.6799926757812,635.3900146484375,625.510009765625,624.4571533203125,666500
2022-06-06,625.47998046875,627.9199829101562,599.6799926757812,603.33642578125,941200
2022-06-07,605.4500122070312,616.6799926757812,603.22998046875,608.240234375,515900
2022-06-08,617.989990234375,622.8400268554688,605.3300170898438,602.0783081054688,566900
2022-06-09,605.1099853515625,605.9000244140625,575.3900146484375,570.10009765625,939700
2022-06-10,570.9600219726562,577.8099975585938,566.77001953125,566.4644775390625,837800
2022-06-13,554.6599731445312,568.1500244140625,547.5499877929688,544.1648559570312,1055000
2022-06-14,555.1199951171875,557.6199951171875,538.010009765625,543.2237548828125,755000
2022-06-15,554.030029296875,570.4600219726562,552.3599853515625,555.9437255859375,766600
2022-06-16,549.6900024414062,559.3099975585938,546.9299926757812,551.545166015625,796800
2022-06-17,565.6099853515625,585.52001953125,561.7100219726562,575.5189208984375,1967600
2022-06-21,583.4400024414062,600.0499877929688,583.4400024414062,582.1762084960938,716100
2022-06-22,580.719970703125,595.5599975585938,580.719970703125,581.35400390625,539600
2022-06-23,589.97998046875,609.0900268554688,589.97998046875,601.7117309570312,681900
2022-06-24,612.0599975585938,613.1500244140625,602.52001953125,606.76416015625,818300
2022-06-27,608.760009765625,610.9500122070312,601.22998046875,596.7685546875,580900
2022-06-28,600.6699829101562,604.3300170898438,593.6300048828125,588.8629760742188,534100
2022-06-29,597.5599975585938,607.4099731445312,590.010009765625,592.0330810546875,533000
2022-06-30,594.9299926757812,598.6699829101562,583.0499877929688,585.603759765625,685400
2022-07-01,587.760009765625,597,586.1699829101562,589.8338623046875,387800
2022-07-05,593.9199829101562,597,583.0900268554688,590.9830322265625,586000
2022-07-06,594.7899780273438,601.8800048828125,588.9199829101562,589.3385620117188,528900
2022-07-07,598.010009765625,609.6500244140625,596,601.7713012695312,528000
2022-07-08,605.5800170898438,624.47998046875,604.1199951171875,615.7592163085938,586700
2022-07-11,615.5499877929688,620.6400146484375,613.7000122070312,608.7156982421875,436100
2022-07-12,619.0900268554688,620,605.030029296875,604.3865966796875,415300
2022-07-13,597.8499755859375,613.8200073242188,597.8499755859375,596.3920288085938,433300
2022-07-14,595.989990234375,605.739990234375,583.1099853515625,593.2615356445312,539500
2022-07-15,601.2899780273438,607.72998046875,596.239990234375,601.8603515625,516300
2022-07-18,605,608.4099731445312,582.72998046875,581.2152099609375,562000
2022-07-19,594.5800170898438,597.5700073242188,588,590.1607666015625,551900
2022-07-20,598.010009765625,599.25,589.7899780273438,589.031494140625,417400
2022-07-21,590.8900146484375,599.969970703125,585.3599853515625,586.9015502929688,638600
2022-07-22,593.5999755859375,602.7000122070312,580.7899780273438,580.6307373046875,430000
2022-07-25,580,588.2000122070312,575.4000244140625,581.7898559570312,452600
2022-07-26,587.5700073242188,594.6799926757812,580,577.1138916015625,456100
2022-07-27,579.5900268554688,591.4400024414062,568.010009765625,582.4138793945312,597400
2022-07-28,588.8900146484375,592.030029296875,563.8200073242188,576.9256591796875,581700
2022-07-29,584.9500122070312,585.1500244140625,574.4600219726562,576.2520141601562,682900
2022-08-01,581.530029296875,586.9000244140625,573.530029296875,571.288818359375,513000
2022-08-02,578.5,585.9600219726562,569.6500244140625,569.5849609375,634700
2022-08-03,600,623.47998046875,595.1599731445312,603.0789184570312,1151800
2022-08-04,602.6500244140625,623.3499755859375,602.6500244140625,609.2110595703125,699300
2022-08-05,613.469970703125,621.6300048828125,606.9600219726562,607.8736572265625,566800
2022-08-08,619.780029296875,633.9299926757812,618.8699951171875,624.7345581054688,715600
2022-08-09,630,634.8499755859375,617.0999755859375,616.333740234375,469500
2022-08-10,630,645.9500122070312,624.780029296875,635.4929809570312,682900
2022-08-11,638.6300048828125,643.97998046875,622.3699951171875,618.0675048828125,468800
2022-08-12,628.8699951171875,632.5700073242188,622.2999877929688,622.8325805664062,351300
2022-08-15,628.7000122070312,643.7100219726562,624.7999877929688,637.276123046875,541700
2022-08-16,641.52001953125,649.7899780273438,638.4600219726562,642.6356811523438,607600
2022-08-17,640.8400268554688,652.52001953125,635.739990234375,630.3912353515625,414900
2022-08-18,636.1099853515625,636.1099853515625,622.72998046875,618.9888916015625,448000
2022-08-19,620.9400024414062,624.4600219726562,616.1599731445312,612.5792236328125,477700
2022-08-22,616.3499755859375,620.4500122070312,608.3099975585938,606.377685546875,534100
2022-08-23,610.530029296875,612.1699829101562,600.5399780273438,596.897216796875,406600
2022-08-24,600.1799926757812,605.72998046875,597,597.1546630859375,386500
2022-08-25,605.9199829101562,607.9199829101562,599.510009765625,598.1553344726562,311300
2022-08-26,603.7999877929688,609.8499755859375,595.489990234375,590.6066284179688,516200
2022-08-29,592.3599853515625,599.72998046875,587.4000244140625,587.2283935546875,373100
2022-08-30,595,596.4099731445312,585.6500244140625,582.889404296875,393900
2022-08-31,591.8400268554688,598.239990234375,579.75,575.6279296875,785500
2022-09-01,577.6199951171875,602.469970703125,577.4199829101562,595.0150146484375,479500
2022-09-02,601.1099853515625,602.6599731445312,577.8300170898438,575.1920776367188,464600
2022-09-06,584.5700073242188,588.3900146484375,572.219970703125,568.604248046875,662900
2022-09-07,575.4600219726562,599.5,575.4600219726562,590.8641967773438,741300
2022-09-08,686.989990234375,718.9600219726562,652.6400146484375,702.2232666015625,3731500
2022-09-09,711.72998046875,754.6699829101562,707.25,717.5487060546875,2144400
2022-09-12,720.3499755859375,723.4400024414062,707.4500122070312,704.0956420898438,1063000
2022-09-13,700,714.3900146484375,695.1099853515625,694.8330688476562,1039900
2022-09-14,701.97998046875,704.9600219726562,686.8400268554688,691.0982666015625,901200
2022-09-15,694.72998046875,717.4600219726562,690.0399780273438,699.2513427734375,826200
2022-09-16,710.22998046875,718.1699829101562,701.4600219726562,703.6597900390625,1186800
2022-09-19,703.9299926757812,718.0499877929688,683.9299926757812,708.652587890625,826000
2022-09-20,711.27001953125,716.010009765625,694.5,697.6365966796875,769500
2022-09-21,700.9099731445312,709.5900268554688,684.3400268554688,678.2296752929688,665100
2022-09-22,681.3599853515625,698.5,678.02001953125,681.8258056640625,771000
2022-09-23,685.7999877929688,699.3699951171875,681,690.8109741210938,815900
2022-09-26,696.219970703125,697.1099853515625,683.0599975585938,679.6859741210938,698000
2022-09-27,686.3599853515625,700.47998046875,686.3599853515625,688.5126953125,663000
2022-09-28,700.8900146484375,715.3300170898438,699.1599731445312,698.8253784179688,737700
2022-09-29,704.8300170898438,706.5900268554688,686.9099731445312,685.3524780273438,770600
2022-09-30,694.4000244140625,702.3800048828125,685.969970703125,682.43017578125,800800
2022-10-03,705.3900146484375,736.47998046875,694.6400146484375,728.2576904296875,1449000
2022-10-04,738.1699829101562,743.0599975585938,728.6599731445312,732.6264038085938,874900
2022-10-05,738.2000122070312,749,728.1300048828125,738.708984375,569600
2022-10-06,743.8800048828125,746.3800048828125,728.3099975585938,725.0181884765625,696700
2022-10-07,731.6599731445312,732.6900024414062,720.1400146484375,715.6168212890625,670800
2022-10-10,720.1400146484375,733.8900146484375,715.0800170898438,724.0869750976562,481900
2022-10-11,728.510009765625,747.780029296875,723.1400146484375,730.5162963867188,644500
2022-10-12,738.510009765625,747.77001953125,727.2000122070312,721.2537841796875,507700
2022-10-13,712.3699951171875,754,709.0700073242188,745.5247192382812,953600
2022-10-14,752.5599975585938,761.0499877929688,726.530029296875,729.178955078125,879300
2022-10-17,734,739.9500122070312,728.4199829101562,729.079833984375,627100
2022-10-18,740.6599731445312,742,718.02001953125,715.9537353515625,699600
2022-10-19,719.280029296875,722.760009765625,703.9500122070312,702.7384033203125,599400
2022-10-20,709.4600219726562,713.1599731445312,702.4400024414062,699.2909545898438,480900
2022-10-21,705.8900146484375,718.1799926757812,697.47998046875,707.2359619140625,1224100
2022-10-24,717.9500122070312,744.25,717.9500122070312,730.2587280273438,623900
2022-10-25,736.5499877929688,751,731.4500122070312,740.3436279296875,833800
2022-10-26,739.3699951171875,755.3800048828125,728.3200073242188,727.1182861328125,720800
2022-10-27,742.6599731445312,742.6599731445312,722.6199951171875,718.1033935546875,498500
2022-10-28,733.6099853515625,752.6099853515625,724.3400268554688,743.7415161132812,690200
2022-10-31,745.2000122070312,760.8099975585938,741.6799926757812,741.7503051757812,759500
2022-11-01,750,764.5900268554688,748.7899780273438,752.8060302734375,573000
2022-11-02,755.9400024414062,757.530029296875,740,733.5575561523438,735100
2022-11-03,726.0700073242188,742.5700073242188,702.0700073242188,731.7744140625,725100
2022-11-04,725.1799926757812,741.0599975585938,710.6199951171875,733.2901611328125,748600
2022-11-07,735.989990234375,755.989990234375,735.7899780273438,743.909912109375,598900
2022-11-08,748.4000244140625,769.489990234375,745.2999877929688,744.92041015625,701800
2022-11-09,751,769.6300048828125,731.1199951171875,736.0045776367188,1256400
2022-11-10,758.72998046875,760,734.6599731445312,734.1519775390625,844800
2022-11-11,736,737.4299926757812,706.75,727.5840454101562,951900
2022-11-14,737.8800048828125,755,737,735.0733642578125,727800
2022-11-15,749.9199829101562,749.9199829101562,717.6699829101562,721.9174194335938,650500
2022-11-16,735.0700073242188,742.4299926757812,729.6300048828125,728.7925415039062,523500
2022-11-17,733.739990234375,742.219970703125,726.0399780273438,732.170654296875,538200
2022-11-18,737.3200073242188,745.4000244140625,728.1400146484375,729.8425903320312,496600
2022-11-21,734.9600219726562,740.5900268554688,724.239990234375,732.0715942382812,447100
2022-11-22,743.8499755859375,749.719970703125,733.9000244140625,742.225830078125,406300
2022-11-23,749.7999877929688,751.7000122070312,734.1599731445312,728.4854736328125,406200
2022-11-25,732.6900024414062,737.239990234375,728.6099853515625,729.3472900390625,229200
2022-11-28,740,750.989990234375,736.1099853515625,734.5482788085938,570700
2022-11-29,739.9000244140625,740,727,729.19873046875,515100
2022-11-30,737.8900146484375,756,729.4199829101562,744.6727294921875,1824600
2022-12-01,756.1900024414062,768.2999877929688,752.4099731445312,754.12353515625,670000
2022-12-02,752.52001953125,769,752,759.2254028320312,441400
2022-12-05,762,765.489990234375,749.5800170898438,748.3876953125,531100
2022-12-06,751.280029296875,755.8699951171875,744.8099975585938,740.482177734375,502000
2022-12-07,745.469970703125,767.739990234375,745.469970703125,757.1251831054688,565800
2022-12-08,758.0800170898438,779,758.0800170898438,758.2643432617188,588900
2022-12-09,753.1799926757812,759.989990234375,746.5700073242188,743.0480346679688,508500
2022-12-12,730.1699829101562,744.9400024414062,728,735.5388793945312,843100
2022-12-13,749.0999755859375,753.9400024414062,739.02001953125,740.5714111328125,671200
2022-12-14,741.280029296875,757,741.280029296875,742.9885864257812,563200
2022-12-15,748.1699829101562,748.1699829101562,728.0800170898438,724.4336547851562,622400
2022-12-16,721.7999877929688,732.47998046875,720.5800170898438,716.4094848632812,1803000
2022-12-19,720.989990234375,726.1500244140625,713,714.3587646484375,502000
2022-12-20,725.239990234375,738.2899780273438,722.9600219726562,726.672607421875,551400
2022-12-21,734.97998046875,754.8599853515625,733.2000122070312,729.3076782226562,532500
2022-12-22,736.0800170898438,736.5,726.0499877929688,726.76171875,506300
2022-12-23,733.9600219726562,735.5999755859375,718.3599853515625,719.946044921875,358600
2022-12-27,726.4400024414062,727.4600219726562,708.260009765625,704.6998901367188,548600
2022-12-28,710.510009765625,717.9400024414062,707.8699951171875,706.3643188476562,359500
2022-12-29,717,728.0900268554688,710.280029296875,714.5469970703125,432100
2022-12-30,721.1599731445312,722.1599731445312,710.25,714.7451171875,364100
2023-01-03,721.8599853515625,732.4299926757812,719.3499755859375,713.734619140625,508500
2023-01-04,728.1900024414062,731.8099975585938,719.1699829101562,719.6983642578125,517200
2023-01-05,724.6900024414062,730.5599975585938,718.75,716.993896484375,499800
2023-01-06,730.739990234375,747.7000122070312,721.7899780273438,730.2587280273438,602400
2023-01-09,693.1300048828125,708.2100219726562,668,674.12841796875,1664400
2023-01-10,676.3699951171875,707.2100219726562,675,692.4158935546875,793200
2023-01-11,698.9000244140625,711.4299926757812,694.530029296875,703.3031005859375,592600
2023-01-12,707,715.7899780273438,697.1300048828125,707.8897705078125,538800
2023-01-13,714.6699829101562,724.989990234375,709.5800170898438,715.379150390625,489500
2023-01-17,722.1300048828125,731.3499755859375,714.1099853515625,721.3031616210938,641000
2023-01-18,725.1699829101562,729.3300170898438,722.219970703125,717.7764892578125,487500
2023-01-19,729.3900146484375,730,715.4099731445312,708.8805541992188,583800
2023-01-20,723.1599731445312,725.8699951171875,713.469970703125,715.2503051757812,939800
2023-01-23,721.530029296875,732.8900146484375,718.3400268554688,723.0864868164062,569900
2023-01-24,731.010009765625,732.3099975585938,722.469970703125,720.669189453125,326400
2023-01-25,729.489990234375,743.9299926757812,726.2100219726562,734.2510375976562,584300
2023-01-26,741.1799926757812,745.5999755859375,735,735.3605346679688,346400
2023-01-27,745.6099853515625,748.280029296875,740.27001953125,735.8856811523438,417600
2023-01-30,749,749,732.5,729.5753173828125,499500
2023-01-31,739.27001953125,759,739.27001953125,751.3794555664062,816400
2023-02-01,752.1900024414062,762.0999755859375,751.27001953125,750.913818359375,802100
2023-02-02,749.2000122070312,758.719970703125,741.4500122070312,744.1774291992188,935200
2023-02-03,764.489990234375,789.9500122070312,758.6300048828125,775.8088989257812,1448500
2023-02-06,784.780029296875,800.47998046875,778.52001953125,773.5601196289062,1064700
2023-02-07,765.6799926757812,778.0499877929688,763.1500244140625,762.7421875,885900
2023-02-08,766.3400268554688,768.260009765625,748.1199951171875,742.6517944335938,617500
2023-02-09,751.2899780273438,757.52001953125,743.7100219726562,737.8074340820312,524500
2023-02-10,746.1199951171875,762.72998046875,740.8400268554688,750.5274658203125,606800
2023-02-13,755.8699951171875,767.739990234375,754.1799926757812,756.8280639648438,494800
2023-02-14,764.52001953125,767.52001953125,749.219970703125,747.1593627929688,486000
2023-02-15,753.780029296875,756.0800170898438,747.7000122070312,745.3662719726562,341100
2023-02-16,737,747.5599975585938,735.47998046875,729.4464111328125,555300
2023-02-17,738.1599731445312,755.0900268554688,733.3300170898438,741.7404174804688,492700
2023-02-21,748.0900268554688,752.469970703125,744.1500244140625,739.5411376953125,411700
2023-02-22,748.6799926757812,755.3900146484375,744.9299926757812,741.0866088867188,415500
2023-02-23,744.8099975585938,765,744.280029296875,752.5582885742188,553300
2023-02-24,753.8099975585938,765.2899780273438,752,749.9132690429688,525900
2023-02-27,761.1699829101562,771.6500244140625,756.969970703125,750.705810546875,557100
2023-02-28,756.4500122070312,765.4400024414062,753.6300048828125,753.3111572265625,622700
2023-03-01,759.8900146484375,772.9400024414062,757.3800048828125,763.2374877929688,586000
2023-03-02,768.219970703125,772.6599731445312,762.8499755859375,761.7118530273438,425200
2023-03-03,771.4199829101562,779.8400268554688,766.3499755859375,772.0146484375,604800
2023-03-06,777.989990234375,785.280029296875,774.8499755859375,773.0846557617188,469500
2023-03-07,782,783.5900268554688,772.510009765625,766.6156616210938,757900
2023-03-08,774.1300048828125,774.1300048828125,744,738.2335205078125,670300
2023-03-09,745.739990234375,755.239990234375,738.77001953125,736.7969360351562,600000
2023-03-10,746.7899780273438,759.25,744.0599975585938,740.0166625976562,505300
2023-03-13,749.1699829101562,769.2000122070312,748.280029296875,745.2968139648438,505200
2023-03-14,755.3900146484375,769.97998046875,754.2000122070312,759.631591796875,535500
2023-03-15,760.8099975585938,766.1599731445312,755,753.1922607421875,499300
2023-03-16,753.0800170898438,753.0800170898438,725.6599731445312,742.7409057617188,1023900
2023-03-17,749.9199829101562,754.3200073242188,743.9500122070312,740.6605834960938,893600
2023-03-20,748.6599731445312,760.3300170898438,745.7899780273438,752.1521606445312,587800
2023-03-21,764.6500244140625,765.010009765625,751.97998046875,752.6572875976562,372100
2023-03-22,760.2999877929688,764.3900146484375,751.010009765625,744.2764892578125,322900
2023-03-23,806.469970703125,812.6900024414062,790.489990234375,794.6610107421875,1994000
2023-03-24,805.0499877929688,824,801.010009765625,812.3341674804688,1129400
2023-03-27,821.3800048828125,832.47998046875,817.8699951171875,812.7404174804688,802000
2023-03-28,824,827.3599853515625,819.219970703125,819.239013671875,362500
2023-03-29,830,835,818.2899780273438,811.6902465820312,459200
2023-03-30,816.010009765625,825.0800170898438,804.6400146484375,803.9136962890625,625800
2023-03-31,814.9000244140625,822.52001953125,810.9500122070312,813.9885864257812,866200
2023-04-03,818.7999877929688,826.5599975585938,815.5900268554688,818.46630859375,451400
2023-04-04,825.8499755859375,830.6699829101562,820.010009765625,814.4047241210938,398000
2023-04-05,824.7000122070312,837.5499877929688,823.8599853515625,817.50537109375,560000
2023-04-06,823.4299926757812,834,823.4299926757812,820.9825439453125,550000
2023-04-10,824.3699951171875,826.0700073242188,815.8200073242188,816.05908203125,377100
2023-04-11,822.9400024414062,825.5999755859375,817.4400024414062,811.9776000976562,291400
2023-04-12,824.9600219726562,827.7999877929688,816.8900146484375,812.7601928710938,414200
2023-04-13,822.4500122070312,834.1199951171875,822.4500122070312,822.58740234375,471900
2023-04-14,828.8400268554688,831.3300170898438,821.8800048828125,821.5770263671875,456900
2023-04-17,833.6199951171875,833.6199951171875,818.6500244140625,812.0767822265625,351400
2023-04-18,822.1699829101562,823.3800048828125,804.1500244140625,800.456298828125,499700
2023-04-19,804.72998046875,810.1699829101562,803.52001953125,801.29833984375,352700
2023-04-20,805.4199829101562,805.6199951171875,796.22998046875,790.6389770507812,495400
2023-04-21,798.4199829101562,804.719970703125,797.260009765625,793.2443237304688,545500
2023-04-24,800.4299926757812,806.1900024414062,795.1300048828125,789.5888061523438,374800
2023-04-25,797.27001953125,801.8200073242188,784.8400268554688,782.1986083984375,468000
2023-04-26,781.77001953125,784.77001953125,771.1400146484375,770.7269287109375,585600
2023-04-27,775.3300170898438,796.4199829101562,774.0599975585938,784.8832397460938,749300
2023-04-28,788.989990234375,806.0800170898438,788,794.2944946289062,470400
2023-05-01,803.7100219726562,811.5499877929688,802.1199951171875,799.1782836914062,297500
2023-05-02,806.719970703125,815.239990234375,796.52001953125,790.9856567382812,610700
2023-05-03,804.7899780273438,812.989990234375,798.8099975585938,795.6615600585938,786000
2023-05-04,775.5399780273438,776.5800170898438,746.1300048828125,746.8323974609375,1229000
2023-05-05,753.8800048828125,768.5900268554688,744.8900146484375,754.9754638671875,637000
2023-05-08,761.9299926757812,761.9299926757812,746.1400146484375,745.0886840820312,539900
2023-05-09,753.1900024414062,757.4000244140625,750.5700073242188,747.822998046875,464300
2023-05-10,756.3599853515625,756.3599853515625,746.4500122070312,742.5824584960938,432800
2023-05-11,750.1300048828125,750.1300048828125,740.1099853515625,738.5999145507812,661800
2023-05-12,749.1699829101562,751.8800048828125,743.530029296875,737.3914184570312,394100
2023-05-15,744.8099975585938,751.969970703125,742.9500122070312,743.939697265625,355900
2023-05-16,747.989990234375,747.989990234375,738.52001953125,735.3408203125,420900
2023-05-17,739.510009765625,751.1500244140625,732.489990234375,742.6220092773438,524000
2023-05-18,747.27001953125,749.5499877929688,739.760009765625,740.4920654296875,501500
2023-05-19,752.2999877929688,764.0599975585938,750.1799926757812,751.9540405273438,555900
2023-05-22,762.4000244140625,768.1199951171875,743.1300048828125,744.474609375,626900
2023-05-23,753.2100219726562,756.3900146484375,748.3900146484375,741.5620727539062,411300
2023-05-24,750.3200073242188,751.280029296875,735.3800048828125,730.5064086914062,547200
2023-05-25,733.0399780273438,736.1900024414062,724.030029296875,718.2222900390625,569300
2023-05-26,725,726.77001953125,719,718.2717895507812,750800
2023-05-30,720.02001953125,729.4500122070312,717.8800048828125,721.7886352539062,497000
2023-05-31,730.9000244140625,736.7100219726562,727.4099731445312,728.68359375,740200
2023-06-01,736,740.0399780273438,729.02001953125,724.3345947265625,526600
2023-06-02,730.3099975585938,740.1799926757812,724.1199951171875,733.0325317382812,527300
2023-06-05,742.5999755859375,751.27001953125,740.5,743.256103515625,544300
2023-06-06,751.8400268554688,754.5,745.4199829101562,741.14599609375,394600
2023-06-07,744.02001953125,746.8599853515625,737.8200073242188,731.724853515625,473700
2023-06-08,736.9600219726562,751.239990234375,736.9600219726562,743.1074829101562,359400
2023-06-09,750.1199951171875,751.6099853515625,743.030029296875,739.5411376953125,536600
2023-06-12,747.8400268554688,754.6199951171875,745.030029296875,746.9611206054688,415100
2023-06-13,755.1900024414062,767.760009765625,755.1900024414062,760.1764526367188,474000
2023-06-14,768.0800170898438,774.4600219726562,761.8599853515625,763.9012451171875,495600
2023-06-15,773.280029296875,788.52001953125,771.3499755859375,775.7494506835938,648100
2023-06-16,788.0700073242188,794,781.3699951171875,775.7296752929688,993700
2023-06-20,778.9600219726562,787.4099731445312,775.8099975585938,773.9068603515625,507800
2023-06-21,781.780029296875,786.4299926757812,778.0700073242188,771.4896850585938,371100
2023-06-22,780.280029296875,783.4299926757812,777,772.5199584960938,447900
2023-06-23,779.2100219726562,787.1199951171875,771.6199951171875,772.440673828125,615100
2023-06-26,781.9400024414062,785.6400146484375,765.02001953125,777.0471801757812,586800
2023-06-27,785.9600219726562,786.2899780273438,705,709.3956909179688,2034500
2023-06-28,708.2100219726562,710.0499877929688,684.8099975585938,693.4857788085938,1828300
2023-06-29,696.77001953125,709.47998046875,689.02001953125,701.7972412109375,914900
2023-06-30,710.1599731445312,719.5999755859375,704.280029296875,711.82275390625,1015200
2023-07-03,710.0900268554688,722,710.0900268554688,711.3770141601562,345000
2023-07-05,716.3599853515625,719.3599853515625,712.3800048828125,711.119384765625,641900
2023-07-06,713.0599975585938,714.7000122070312,703.760009765625,698.2409057617188,608800
2023-07-07,700.5900268554688,701.1500244140625,692.030029296875,685.9765625,696900
2023-07-10,690,707.4500122070312,688.52001953125,696.7847290039062,1078900
2023-07-11,707.9400024414062,717.9199829101562,705.030029296875,710.128662109375,570400
2023-07-12,717.75,724.4199829101562,714.1500244140625,711.703857421875,588900
2023-07-13,722.5700073242188,730.8300170898438,720,714.2398681640625,413000
2023-07-14,721.1199951171875,721.3499755859375,715.219970703125,711.8029174804688,621500
2023-07-17,718.8800048828125,728.4400024414062,717.989990234375,714.8639526367188,550200
2023-07-18,720,726.8200073242188,715.5399780273438,719.7578125,481900
2023-07-19,727.5800170898438,732,718.6300048828125,712.288330078125,581100
2023-07-20,720,731.3099975585938,720,716.2608032226562,628800
2023-07-21,728.7899780273438,738.530029296875,721.5800170898438,727.7623291015625,1813600
2023-07-24,730.4500122070312,733.5900268554688,723.9099731445312,720.3324584960938,543600
2023-07-25,723.219970703125,732.6599731445312,721.510009765625,723.0567016601562,444600
2023-07-26,729.8800048828125,733.2100219726562,724.260009765625,724.1265869140625,399300
2023-07-27,731.2100219726562,751.7899780273438,731.2100219726562,737.698486328125,884300
2023-07-28,740,748.6799926757812,723.5599975585938,739.125,744800
2023-07-31,745.469970703125,745.469970703125,734.8499755859375,734.9742431640625,445000
2023-08-01,744.6599731445312,744.6599731445312,732.4500122070312,732.1607666015625,334300
2023-08-02,740.719970703125,744.780029296875,726.1199951171875,725.2757568359375,623600
2023-08-03,762,787.8400268554688,759.1500244140625,764.2380981445312,1068800
2023-08-04,775.739990234375,784.8300170898438,765.0599975585938,759.27490234375,501000
2023-08-07,769.6900024414062,782.27001953125,765.280029296875,767.4972534179688,474000
2023-08-08,775.9199829101562,781.2899780273438,770.6500244140625,773.025146484375,441800
2023-08-09,782,795.8400268554688,780,778.2656860351562,430100
2023-08-10,789,799.4400024414062,789,785.5965576171875,387300
2023-08-11,794.6900024414062,809.6599731445312,794.6900024414062,799.40625,526100
2023-08-14,809.8599853515625,809.9500122070312,800.7999877929688,800.8228149414062,354500
2023-08-15,804.4199829101562,810.5,800.8900146484375,798.3759765625,269200
2023-08-16,803.9400024414062,808.989990234375,796.9600219726562,789.8860473632812,345100
2023-08-17,800.1099853515625,800.1099853515625,794.6699829101562,789.28173828125,320600
2023-08-18,794.8499755859375,821,790.3400268554688,804.8052368164062,1065900
2023-08-21,825,846.1799926757812,820.6099853515625,836.4763793945312,1082900
2023-08-22,842.3300170898438,847.5,835.9299926757812,832.7714233398438,765900
2023-08-23,845,847.5,837.8300170898438,832.94970703125,540500
2023-08-24,842.8200073242188,845.0900268554688,830.239990234375,823.439453125,457800
2023-08-25,832.530029296875,834.989990234375,826.469970703125,822.58740234375,404500
2023-08-28,833.4099731445312,833.4099731445312,828,823.1224365234375,249600
2023-08-29,833.3699951171875,836.6300048828125,824.5999755859375,822.4288940429688,407200
2023-08-30,830.75,835.030029296875,829.3200073242188,827.1444702148438,302100
2023-08-31,835.8699951171875,835.8699951171875,825.7999877929688,818.7636108398438,457500
2023-09-01,834.5499877929688,837.9199829101562,829.030029296875,823.85546875,253600
2023-09-05,835.3900146484375,835.6900024414062,822,815.2169799804688,314300
2023-09-06,825.239990234375,825.239990234375,808.1300048828125,810.7391967773438,396200
2023-09-07,821.2000122070312,827.530029296875,817.280029296875,817.5449829101562,356900
2023-09-08,830.3599853515625,841.1599731445312,825.2999877929688,822.92431640625,421600
2023-09-11,824.47998046875,835.8499755859375,822.8900146484375,825.7377319335938,374800
2023-09-12,835.489990234375,837.2999877929688,829.4600219726562,824.98486328125,296100
2023-09-13,832.5800170898438,835.5499877929688,824.97998046875,818.5257568359375,396500
2023-09-14,830,838.0599975585938,826.530029296875,824.5985107421875,388900
2023-09-15,832.8499755859375,836.3499755859375,822.0999755859375,815.702392578125,1032400
2023-09-18,824.7999877929688,828.510009765625,817.0800170898438,816.802001953125,406100
2023-09-19,825.27001953125,836.97998046875,823.5999755859375,828.9375610351562,344100
2023-09-20,838.0599975585938,838.1099853515625,830.9000244140625,823.8455200195312,304300
2023-09-21,829.9199829101562,832.1500244140625,817.5,815.6827392578125,400300
2023-09-22,822.02001953125,831.5,818.2999877929688,817.1289672851562,464500
2023-09-25,823.0499877929688,834.8300170898438,820.1300048828125,826.8373413085938,294700
2023-09-26,835,840.4500122070312,827.4400024414062,824.628173828125,479800
2023-09-27,832.4099731445312,839.4199829101562,830.719970703125,824.77685546875,380300
2023-09-28,833.2999877929688,837.469970703125,826.3499755859375,826.76806640625,369900
2023-09-29,833.489990234375,833.6799926757812,819.9099731445312,815.2666015625,409800
2023-10-02,827,833.280029296875,808.9000244140625,810.3826293945312,487700
2023-10-03,812,813.739990234375,799.77001953125,800.7535400390625,426700
2023-10-04,809.1599731445312,816.7000122070312,805.9299926757812,807.37109375,344600
2023-10-05,814.989990234375,831.6500244140625,814.969970703125,823.3502197265625,387300
2023-10-06,829.4000244140625,842,825.9500122070312,828.7493286132812,392400
2023-10-09,834.97998046875,840.010009765625,826.27001953125,824.0437622070312,256700
2023-10-10,829.5,838.7000122070312,825.7899780273438,827.1543579101562,261400
2023-10-11,838.8699951171875,838.8699951171875,827.739990234375,828.2540283203125,306800
2023-10-12,836.2100219726562,840.0900268554688,829.5499877929688,830.6513671875,308200
2023-10-13,845.0900268554688,853.969970703125,836.1699829101562,831.78076171875,526400
2023-10-16,842.8099975585938,847,837.3300170898438,835.7730102539062,381400
2023-10-17,843,844.2000122070312,833.3200073242188,829.0266723632812,323100
2023-10-18,833.260009765625,833.5800170898438,824.7999877929688,818.307861328125,383800
2023-10-19,823.5800170898438,824.5399780273438,805.469970703125,801.0804443359375,488400
2023-10-20,808.2899780273438,818.5700073242188,803.9600219726562,800.9119262695312,743100
2023-10-23,810.1799926757812,810.7899780273438,792.27001953125,788.1028442382812,473400
2023-10-24,796,808.75,795.7100219726562,796.7611694335938,346900
2023-10-25,801.3099975585938,802.4099731445312,789.02001953125,789.5888061523438,340100
2023-10-26,794.5800170898438,797.780029296875,787.4600219726562,784.6058959960938,351200
2023-10-27,792.4000244140625,792.4500122070312,769.1900024414062,767.9331665039062,438900
2023-10-30,779.530029296875,783.97998046875,774.719970703125,770.39990234375,371300
2023-10-31,775.1400146484375,782.260009765625,772.8400268554688,772.5993041992188,382200
2023-11-01,783.9099731445312,793.5800170898438,774.97998046875,783.872802734375,419500
2023-11-02,791.8699951171875,831.1500244140625,788.1199951171875,811.1355590820312,729300
2023-11-03,838.1599731445312,839.2000122070312,811.9199829101562,809.26318359375,456200
2023-11-06,823.1400146484375,840.25,820.1300048828125,824.628173828125,422700
2023-11-07,838.4600219726562,838.4600219726562,823.9000244140625,823.0233154296875,670800
2023-11-08,834.3300170898438,834.3300170898438,813.3800048828125,815.0980834960938,637200
2023-11-09,815.489990234375,816.6799926757812,796.4099731445312,792.77880859375,622200
2023-11-10,806.8800048828125,806.8800048828125,783.5700073242188,791.4710693359375,994800
2023-11-13,795.9199829101562,803.3599853515625,788.0399780273438,789.2520751953125,736700
2023-11-14,805,805.5999755859375,792.5499877929688,786.2800903320312,545200
2023-11-15,790.6599731445312,798.5,784.9600219726562,784.9724731445312,502100
2023-11-16,802.0599975585938,802.0599975585938,785.8300170898438,789.093505859375,493800
2023-11-17,803.3099975585938,808.1400146484375,799.6400146484375,794.928466796875,354500
2023-11-20,795.27001953125,806.8699951171875,795.27001953125,794.1458740234375,340700
2023-11-21,805.1500244140625,805.1500244140625,793,791.3621215820312,310700
2023-11-22,802.6400146484375,807.4600219726562,798.0900268554688,792.253662109375,233100
2023-11-24,803.97998046875,803.97998046875,795.02001953125,790.8370971679688,171600
2023-11-27,802,805,793.1799926757812,790.619140625,440100
2023-11-28,796.22998046875,801.6300048828125,792.5700073242188,793.6505737304688,446700
2023-11-29,804.1699829101562,814.2999877929688,800.239990234375,801.0309448242188,627700
2023-11-30,811.780029296875,828.8599853515625,810.25,816.1085205078125,954600
2023-12-01,824.9400024414062,828.4199829101562,808.8900146484375,807.2423095703125,560200
2023-12-04,804.5499877929688,824.6099853515625,802.5499877929688,815.6231689453125,508400
2023-12-05,817.8099975585938,823.6799926757812,809.239990234375,813.225830078125,319400
2023-12-06,825.5499877929688,842,824.219970703125,827.93701171875,554100
2023-12-07,840,850.280029296875,831.1900024414062,841.2413940429688,567300
2023-12-08,844.3300170898438,848.02001953125,839.5499877929688,832.2859497070312,388100
2023-12-11,838.4400024414062,849.72998046875,838.4400024414062,840.488525390625,458700
2023-12-12,848.8499755859375,866.7100219726562,846.7100219726562,855.6851196289062,500500
2023-12-13,863.1300048828125,879.4600219726562,862.7899780273438,867.9296264648438,680000
2023-12-14,873.8099975585938,878.6900024414062,867.1099853515625,867.8106689453125,598100
2023-12-15,876.1199951171875,887.9400024414062,854.02001953125,851.1083374023438,1791700
2023-12-18,853.780029296875,857.9000244140625,848.5900268554688,842.9156494140625,627400
2023-12-19,852.9600219726562,854.4400024414062,844.1799926757812,840.4588623046875,844200
2023-12-20,850,850,841.2999877929688,833.9205322265625,515900
2023-12-21,843.47998046875,847.2899780273438,838.4600219726562,834.0097045898438,332600
2023-12-22,846.27001953125,851.1599731445312,843.3900146484375,838.8043823242188,742800
2023-12-26,848.530029296875,850.1400146484375,842.719970703125,841.5881958007812,306200
2023-12-27,847.6599731445312,899.8599853515625,844.5599975585938,866.1958618164062,1273900
2023-12-28,874.27001953125,895.489990234375,874.27001953125,873.4573974609375,637500
2023-12-29,877.9099731445312,883.3400268554688,875.6199951171875,870.0792846679688,534300
2024-01-02,873.9099731445312,905.2899780273438,871.3900146484375,896.5396118164062,1000900
2024-01-03,906.7999877929688,923.5999755859375,901,908.9822998046875,758900
2024-01-04,917.780029296875,924.8900146484375,909.2100219726562,903.6425170898438,557400
2024-01-05,905,922.7100219726562,904,904.6331787109375,486100
2024-01-08,890,903.5999755859375,881.010009765625,894.4393920898438,723200
2024-01-09,895.3699951171875,903.280029296875,888.8200073242188,894.2510986328125,499300
2024-01-10,895.6500244140625,907.219970703125,894.6199951171875,897.688720703125,382300
2024-01-11,902.9199829101562,916.9199829101562,899.0700073242188,907.4070434570312,521300
2024-01-12,925,935.3699951171875,921,924.4760131835938,559900
2024-01-16,931.2100219726562,937.47998046875,929.1199951171875,928.557373046875,761400
2024-01-17,939.760009765625,943,921.6799926757812,920.4440307617188,526700
2024-01-18,923.969970703125,937.3900146484375,917.7000122070312,921.3058471679688,513600
2024-01-19,933.1799926757812,937.989990234375,928.6500244140625,924.674072265625,716500
2024-01-22,936.47998046875,943.9199829101562,922,934.0159912109375,530600
2024-01-23,943.3400268554688,955.3099975585938,941.7000122070312,945.6561279296875,568200
2024-01-24,957.030029296875,957.030029296875,945.489990234375,939.3753051757812,390500
2024-01-25,957.5999755859375,957.75,945,939.99951171875,394000
2024-01-26,952,958.1500244140625,939.0599975585938,931.2619018554688,460500
2024-01-29,946.1199951171875,957.6699829101562,943.8400268554688,946.8646240234375,530000
2024-01-30,956,960.2100219726562,945.0999755859375,950.7578735351562,374700
2024-01-31,961.0499877929688,965.6599731445312,941.1900024414062,933.9664306640625,601900
2024-02-01,945.6099853515625,964.9299926757812,937.469970703125,948.826171875,520500
2024-02-02,971.22998046875,973.989990234375,939.3099975585938,936.343994140625,752000
2024-02-05,931.8699951171875,939.5,923.030029296875,927.5767822265625,703800
2024-02-06,940,945.4600219726562,927.52001953125,929.0428466796875,460400
2024-02-07,940,954.2999877929688,933.4600219726562,929.716552734375,456400
2024-02-08,934.7899780273438,947.239990234375,930.0399780273438,937.5822143554688,487600
2024-02-09,948,957.510009765625,945.8499755859375,944.5069580078125,613800
2024-02-12,952.3900146484375,954.530029296875,941.010009765625,938.2064208984375,604200
2024-02-13,946.1699829101562,947.4600219726562,933.7999877929688,931.6878662109375,523800
2024-02-14,943.0999755859375,951.8300170898438,936.7000122070312,938.9593505859375,373500
2024-02-15,951.6699829101562,958.739990234375,948.9299926757812,945.8046264648438,334300
2024-02-16,953.4400024414062,956.52001953125,944.1199951171875,939.1871948242188,367400
2024-02-20,950,963,943.72998046875,938.0181884765625,417700
2024-02-21,952,958,945.7000122070312,943.932373046875,300500
2024-02-22,953.5700073242188,973,947.8499755859375,955.8697509765625,614700
2024-02-23,975,985.6400146484375,969.1500244140625,972.0272216796875,439600
2024-02-26,977.5499877929688,995.969970703125,975,980.0316772460938,541200
2024-02-27,989,995.4099731445312,975.219970703125,984.0635986328125,464200
2024-02-28,995,998.3300170898438,987.6099853515625,978.3772583007812,486000
2024-02-29,989.9099731445312,990.2999877929688,965.1599731445312,957.0585327148438,792200
2024-03-01,967.5,988.1300048828125,966.0900268554688,973.6321411132812,370500
2024-03-04,982.8200073242188,985.2100219726562,966.219970703125,962.1107177734375,455600
2024-03-05,972.719970703125,977.6699829101562,953.2899780273438,956.1867065429688,397500
2024-03-06,959.22998046875,974.1799926757812,955.5599975585938,963.0122680664062,366800
2024-03-07,971.1300048828125,979.25,969.8800048828125,964.2109375,380500
2024-03-08,973.3400268554688,976,962.8200073242188,959.7728881835938,354400
2024-03-11,971.0900268554688,979.7999877929688,960.4400024414062,955.4238891601562,355600
2024-03-12,964.4400024414062,975.9299926757812,963,961.49658203125,359000
2024-03-13,979.8200073242188,979.8200073242188,963.8300170898438,956.4442749023438,386200
2024-03-14,966.2999877929688,969.1799926757812,950.969970703125,950.0743408203125,507300
2024-03-15,956.469970703125,968.510009765625,953.719970703125,955.4537353515625,1090500
2024-03-18,970,970.7100219726562,959.489990234375,950.9462280273438,360200
2024-03-19,965.1099853515625,969.1599731445312,959.1400146484375,954.6512451171875,365300
2024-03-20,959.0599975585938,967.2000122070312,947.3699951171875,957.92041015625,579300
2024-03-21,974.75,979.260009765625,968,958.9605102539062,435100
2024-03-22,973,977.3900146484375,966.469970703125,958.19775390625,274400
2024-03-25,954.010009765625,964.97998046875,952.469970703125,952.105224609375,322300
2024-03-26,961.989990234375,966.6799926757812,957.780029296875,954.5421752929688,386800
2024-03-27,971.0399780273438,976.75,962.4099731445312,957.2665405273438,314800
2024-03-28,970.3800048828125,970.7899780273438,959.25,953.4921264648438,461800
2024-04-01,964.72998046875,970.2000122070312,954.0900268554688,960.2484130859375,360600
2024-04-02,961.4400024414062,961.4400024414062,951.02001953125,945.7550659179688,438100
2024-04-03,955,961.6799926757812,950.4299926757812,942.06005859375,413200
2024-04-04,962.2000122070312,962.2000122070312,935.3599853515625,928.2603149414062,410800
2024-04-05,939.3099975585938,949.8300170898438,934.8699951171875,933.8871459960938,363500
2024-04-08,939.1599731445312,942.989990234375,935.510009765625,929.7066040039062,330900
2024-04-09,941.3900146484375,949.2000122070312,938,935.0660400390625,305700
2024-04-10,935.02001953125,937.8699951171875,923.4400024414062,927.4479370117188,389700
2024-04-11,928.5800170898438,930.6400146484375,907.3300170898438,911.7164306640625,617100
2024-04-12,911.5499877929688,912.219970703125,898.260009765625,896.2423095703125,665300
2024-04-15,915.3699951171875,921.1199951171875,895.0900268554688,890.1598510742188,656200
2024-04-16,897.219970703125,901.0700073242188,890.4299926757812,885.7811279296875,615700
2024-04-17,903.8800048828125,911.6400146484375,899.9000244140625,892.7652587890625,468700
2024-04-18,901.260009765625,908.8099975585938,891.6699829101562,885.6323852539062,450600
2024-04-19,913.969970703125,920.72998046875,891.4600219726562,888.43603515625,507500
2024-04-22,904.5399780273438,908.6699829101562,897.4500122070312,891.7447509765625,351400
2024-04-23,905.6599731445312,912.739990234375,903.8300170898438,898.837890625,341200
2024-04-24,906.9000244140625,915.7000122070312,904.4099731445312,898.0651245117188,373600
2024-04-25,911.0900268554688,915,876.75,882.3534545898438,576600
2024-04-26,881.719970703125,887.47998046875,875.22998046875,874.943359375,505700
2024-04-29,883.2000122070312,897.780029296875,883.2000122070312,884.1365966796875,369900
2024-04-30,892.1099853515625,896.8499755859375,885.010009765625,882.3335571289062,636700
2024-05-01,889.4099731445312,913.2100219726562,888.52001953125,895.0337524414062,595200
2024-05-02,900,943.77001953125,891.2999877929688,928.8447265625,1067000
2024-05-03,926.9400024414062,958.1300048828125,926.9400024414062,948.053466796875,547400
2024-05-06,958,962.0999755859375,950.27001953125,949.67822265625,352000
2024-05-07,967.8800048828125,970.5599975585938,957.0999755859375,960.9022216796875,362300
2024-05-08,969.9000244140625,971.8599853515625,952.1400146484375,946.8250732421875,424900
2024-05-09,959.5900268554688,969.97998046875,956.760009765625,958.9506225585938,281900
2024-05-10,970,979.97998046875,966.8499755859375,964.6963500976562,351400
2024-05-13,980,982.5800170898438,970.989990234375,967.8269653320312,284300
2024-05-14,980,987.7999877929688,970.9500122070312,975.4349975585938,307900
2024-05-15,988,988.9600219726562,966.3400268554688,969.0652465820312,593300
2024-05-16,978.27001953125,978.2999877929688,967.4099731445312,958.9307861328125,407600
2024-05-17,969.27001953125,982.77001953125,966,973.1069946289062,386600
2024-05-20,980.4199829101562,987.989990234375,978.2100219726562,978.0404663085938,317900
2024-05-21,987.989990234375,995.9199829101562,982.969970703125,984.657958984375,331600
2024-05-22,993,997.8699951171875,981.5700073242188,974.60302734375,308700
2024-05-23,985.4299926757812,991.7100219726562,975.72998046875,971.403076171875,315700
2024-05-24,984.0399780273438,995.4099731445312,983.1599731445312,975.8115234375,259300
2024-05-28,974.8599853515625,978.9299926757812,963.4099731445312,964.0624389648438,336800
2024-05-29,970,971.239990234375,958.6400146484375,957.4547729492188,346700
2024-05-30,965.5800170898438,971.8599853515625,952.2999877929688,960.8426513671875,444000
2024-05-31,969.1400146484375,980.9199829101562,967.4299926757812,970.9969482421875,833200
2024-06-03,980.1599731445312,1001.0399780273438,979.260009765625,980.2297973632812,533000
2024-06-04,989.7899780273438,1000.1500244140625,986.6400146484375,984.004150390625,340400
2024-06-05,993.4400024414062,1015,989.77001953125,996.466552734375,385500
2024-06-06,1005.1900024414062,1016,997.72998046875,991.4340209960938,439700
2024-06-07,999,1007.4299926757812,994.4400024414062,993.5739135742188,250100
2024-06-10,998.4500122070312,1002.9500122070312,992.219970703125,992.365234375,250900
2024-06-11,998.0800170898438,1016.989990234375,997.8400268554688,1001.0928955078125,448200
2024-06-12,1014.8099975585938,1030,1009.1500244140625,1018.062744140625,453700
2024-06-13,1022.6799926757812,1030.8299560546875,1017.8699951171875,1016.953369140625,315400
2024-06-14,1024.300048828125,1042.6600341796875,1017.9600219726562,1026.8302001953125,353900
2024-06-17,1036.52001953125,1049.5,1026.010009765625,1035.5972900390625,446100
2024-06-18,1046.5,1052.3399658203125,1036,1029.395751953125,379300
2024-06-20,1038.43994140625,1046.2900390625,1028,1034.62646484375,590500
2024-06-21,1047.7099609375,1059.800048828125,1041.25,1043.2947998046875,1269900
2024-06-24,1060,1068,1052.260009765625,1053.9442138671875,518400
2024-06-25,1068.1199951171875,1081.1700439453125,1066.0400390625,1061.1759033203125,518600
2024-06-26,1067,1075.300048828125,1049.5899658203125,1059.1650390625,533700
2024-06-27,1071.219970703125,1073.050048828125,1047.010009765625,1041.0361328125,507700
2024-06-28,1054.81005859375,1057.219970703125,1041.780029296875,1041.2044677734375,750600
2024-07-01,1047.1099853515625,1069.68994140625,1045,1047.1383056640625,383200
2024-07-02,1054,1058.1700439453125,1030.22998046875,1034.89404296875,364300
2024-07-03,1042.280029296875,1047.239990234375,1011.6699829101562,1014.5162353515625,378300
2024-07-05,1027.469970703125,1040.050048828125,1025.800048828125,1024.5615234375,418300
2024-07-08,1039.510009765625,1054.5999755859375,1037.3199462890625,1042.4129638671875,366200
2024-07-09,1055.8299560546875,1059.010009765625,1040.010009765625,1044.1766357421875,268400
2024-07-10,1057.1700439453125,1072.3299560546875,1053.280029296875,1061.1065673828125,263900
2024-07-11,1065.9300537109375,1091.4000244140625,1065.9300537109375,1070.171142578125,444400
2024-07-12,1092.0799560546875,1106.1600341796875,1084.93994140625,1089.76611328125,471500
2024-07-15,1097.2900390625,1100.030029296875,1079.280029296875,1071.9937744140625,434600
2024-07-16,1087.8900146484375,1100.0799560546875,1079.0899658203125,1084.7535400390625,282400
2024-07-17,1093.010009765625,1100,1076.77001953125,1075.4710693359375,464500
2024-07-18,1091.4000244140625,1098.969970703125,1065.4300537109375,1057.28271484375,396100
2024-07-19,1072.18994140625,1076.72998046875,1060.739990234375,1053.6568603515625,452200
2024-07-22,1075.3499755859375,1078.7099609375,1064.949951171875,1059.7393798828125,299500
2024-07-23,1077.800048828125,1077.800048828125,1055.3399658203125,1045.7020263671875,312000
2024-07-24,1056,1066.4300537109375,1052.81005859375,1050.9423828125,452500
2024-07-25,1070.75,1102.949951171875,1061.719970703125,1054.2412109375,528300
2024-07-26,1067.5400390625,1091.31005859375,1067.5400390625,1068.5462646484375,380900
2024-07-29,1073.6199951171875,1085,1073.4100341796875,1067.119873046875,301100
2024-07-30,1082.6400146484375,1092.4599609375,1066.9200439453125,1067.72412109375,358000
2024-07-31,1082.199951171875,1090.8399658203125,1073.22998046875,1069.1011962890625,522700
2024-08-01,1060.8599853515625,1101.199951171875,1041.8499755859375,1082.9207763671875,897700
2024-08-02,1099.77001953125,1115,1071.97998046875,1072.072998046875,646200
2024-08-05,1082,1090.4200439453125,1050.010009765625,1061.26513671875,619500
2024-08-06,1064.22998046875,1090.780029296875,1064.22998046875,1056.2227783203125,445400
2024-08-07,1074.3800048828125,1077.0899658203125,1061.4599609375,1057.817626953125,502500
2024-08-08,1074.6199951171875,1114.9000244140625,1069.030029296875,1102.94189453125,631100
2024-08-09,1113,1133,1111.1099853515625,1120.664794921875,416600
2024-08-12,1124.6099853515625,1129.989990234375,1109.989990234375,1110.609375,501100
2024-08-13,1125.56005859375,1160.4599609375,1122.510009765625,1147.501220703125,572300
2024-08-14,1152.27001953125,1161.2099609375,1138.6700439453125,1146.045166015625,443100
2024-08-15,1167.31005859375,1177.949951171875,1155.31005859375,1164.3424072265625,569800
2024-08-16,1175,1185.0899658203125,1166.719970703125,1168.28515625,564400
2024-08-19,1180.02001953125,1197.68994140625,1178.1800537109375,1185.6907958984375,445900
2024-08-20,1196.8800048828125,1201.5899658203125,1185.8699951171875,1181.08447265625,372200
2024-08-21,1194.7099609375,1203.489990234375,1184.030029296875,1174.2587890625,342400
2024-08-22,1189.699951171875,1191.8399658203125,1180,1176.557373046875,310200
2024-08-23,1195.719970703125,1202.239990234375,1190,1187.9100341796875,352400
2024-08-26,1199.1199951171875,1206.81005859375,1195.6700439453125,1188.1575927734375,239700
2024-08-27,1199.3399658203125,1211.199951171875,1197.1300048828125,1190.525390625,295500
2024-08-28,1196.06005859375,1206.6600341796875,1190.1700439453125,1188.078369140625,308300
2024-08-29,1204.719970703125,1210.969970703125,1175.4599609375,1167.9088134765625,538600
2024-08-30,1179.199951171875,1191.3299560546875,1170.8399658203125,1173.614990234375,405400
2024-09-03,1178.72998046875,1192.5400390625,1162.8699951171875,1157.883544921875,579100
2024-09-04,1168.81005859375,1182.31005859375,1163.3499755859375,1168.3447265625,333000
2024-09-05,1175.1600341796875,1175.1600341796875,1143.239990234375,1139.80419921875,534200
2024-09-06,1150,1152.8699951171875,1128.969970703125,1120.922119140625,616600
2024-09-09,1137.1800537109375,1151.1300048828125,1132.510009765625,1134.068115234375,513300
2024-09-10,1144.219970703125,1144.219970703125,1122.530029296875,1125.726806640625,356500
2024-09-11,1137.030029296875,1143.18994140625,1113.239990234375,1130.779052734375,481900
2024-09-12,1138.0999755859375,1167.6300048828125,1127.199951171875,1153.5738525390625,568900
2024-09-13,1160.739990234375,1170.5799560546875,1150.02001953125,1142.5677490234375,353600
2024-09-16,1162.050048828125,1162.050048828125,1152.010009765625,1142.3004150390625,346900
2024-09-17,1151.0999755859375,1151.0999755859375,1134.5999755859375,1136.029541015625,348700
2024-09-18,1151.3199462890625,1156.4000244140625,1137.6400146484375,1128.163818359375,328100
2024-09-19,1149.6600341796875,1165.8499755859375,1148.1300048828125,1139.437255859375,596700
2024-09-20,1145.989990234375,1149.4200439453125,1136.219970703125,1134.3255615234375,913900
2024-09-23,1148.1800537109375,1154.56005859375,1081.22998046875,1081.7716064453125,1168300
2024-09-24,1076.3299560546875,1080,1022.219970703125,1036.20166015625,1695200
2024-09-25,1048.52001953125,1048.52001953125,1008.4099731445312,1021.5103149414062,1003100
2024-09-26,1062.1600341796875,1063.4000244140625,1030.27001953125,1030.238037109375,691600
2024-09-27,1043.6400146484375,1070,1036.8800048828125,1032.9423828125,659700
2024-09-30,1040.72998046875,1058.27001953125,1039.6500244140625,1041.4124755859375,599900
2024-10-01,1054.06005859375,1061.5999755859375,1040.4000244140625,1037.1229248046875,599400
2024-10-02,1040.489990234375,1045.949951171875,1025.969970703125,1030.5450439453125,687000
2024-10-03,1037.5,1038.81005859375,1011.3599853515625,1005.1051025390625,797500
2024-10-04,1015.4000244140625,1023.0900268554688,1007.280029296875,1003.3516845703125,1071800
2024-10-07,1011.219970703125,1011.7000122070312,992.7999877929688,986.7384643554688,583400
2024-10-08,1001.5,1007.989990234375,993.010009765625,995.8623046875,736000
2024-10-09,1007.4600219726562,1014.6300048828125,1001,1002.7274780273438,598100
2024-10-10,1011.5599975585938,1013.9099731445312,998.1699829101562,989.6806640625,510900
2024-10-11,1003.3099975585938,1017.739990234375,996.280029296875,1006.1749267578125,479900
2024-10-14,1018.47998046875,1023.6900024414062,1009.4500122070312,1004.768310546875,497300
2024-10-15,1016.8300170898438,1024.3599853515625,1003.7899780273438,1007.0269775390625,514400
2024-10-16,1011.5700073242188,1020.5499877929688,1007.3200073242188,998.5371704101562,367100
2024-10-17,1010.0499877929688,1013.0900268554688,997.6699829101562,988.8980712890625,739700
2024-10-18,998,1002.6900024414062,989.77001953125,981.4185791015625,869200
2024-10-21,985.9000244140625,991.239990234375,967.9000244140625,959.4459838867188,794200
2024-10-22,963,972.75,919.4199829101562,953.343505859375,1511700
2024-10-23,951.7999877929688,959.5999755859375,932.530029296875,932.5894165039062,850100
2024-10-24,945.7100219726562,952.02001953125,928.5,920.2161865234375,523400
2024-10-25,930.22998046875,943.8300170898438,930.22998046875,924.2976684570312,547700
2024-10-28,934.780029296875,943.27001953125,927.2000122070312,919.9288940429688,578700
2024-10-29,927.2000122070312,932.3800048828125,923.75,918.6607666015625,680400
2024-10-30,919.72998046875,935.8599853515625,914.8499755859375,914.1632080078125,628400
2024-10-31,875,883.1500244140625,815.989990234375,830.3641357421875,2291400
2024-11-01,844.6099853515625,862,837.8800048828125,835.7135620117188,1087300
2024-11-04,845.5900268554688,852.010009765625,826.760009765625,821.0916137695312,743600
2024-11-05,824.9400024414062,836.6300048828125,819.1400146484375,821.676025390625,633200
2024-11-06,844.510009765625,844.510009765625,813.530029296875,809.0155029296875,879500
2024-11-07,817.8800048828125,832.530029296875,814.0499877929688,816.7723388671875,780900
2024-11-08,826.5700073242188,830.72998046875,822.7999877929688,820.6754760742188,563600
2024-11-11,824,834.4199829101562,820.4500122070312,817.9611206054688,691800
2024-11-12,824.3099975585938,831,817.1400146484375,813.3248901367188,677600
2024-11-13,815.4500122070312,823.5599975585938,803.3300170898438,796.8107299804688,589500
2024-11-14,800.1500244140625,803.4199829101562,780.9500122070312,775.1947021484375,1086900
2024-11-15,782.780029296875,783.0999755859375,753.6900024414062,749.7349243164062,1374500
2024-11-18,751.969970703125,762.7000122070312,750.2000122070312,754.8764038085938,1027800
2024-11-19,756.5599975585938,758.5999755859375,736.1900024414062,737.6390991210938,979900
2024-11-20,742.1900024414062,750.6900024414062,736.010009765625,736.4006958007812,654500
2024-11-21,744.8699951171875,757.5599975585938,735.9500122070312,737.5400390625,973000
2024-11-22,744.7000122070312,751.4000244140625,737.6300048828125,731.1007690429688,1029400
2024-11-25,747.969970703125,757.8599853515625,741.6199951171875,742.503173828125,1196400
2024-11-26,743.1900024414062,754.1799926757812,736.5,745.9902954101562,779800
2024-11-27,756.719970703125,762.1599731445312,749.52001953125,747.8130493164062,544800
2024-11-29,746.6199951171875,754.510009765625,740,743.20654296875,489800
2024-12-02,750.010009765625,763.8900146484375,748.4099731445312,755.2132568359375,896200
2024-12-03,758.530029296875,770,747.5700073242188,742.5626831054688,649800
2024-12-04,748.5599975585938,756.1300048828125,744.1400146484375,747.2088012695312,731800
2024-12-05,751.5499877929688,768.02001953125,749.6900024414062,760.7213745117188,779000
2024-12-06,768.6400146484375,778.1199951171875,765.1599731445312,770.7269287109375,813700
2024-12-09,777,800.989990234375,773,780.6333618164062,1027300
2024-12-10,784.0999755859375,791.489990234375,762.7000122070312,771.22216796875,1298500
2024-12-11,778.1500244140625,781.3200073242188,766.8699951171875,765.7735595703125,776800
2024-12-12,773.1199951171875,778.72998046875,740.4600219726562,734.0430297851562,924000
2024-12-13,738.4500122070312,740.1699829101562,728.6799926757812,724.46337890625,696900
2024-12-16,730.52001953125,739.3900146484375,722.22998046875,718.093505859375,920100
2024-12-17,721.3699951171875,744.7999877929688,721.0800170898438,733.092041015625,978700
2024-12-18,735.2100219726562,745,712.2999877929688,707.9392700195312,907800
2024-12-19,711,714.0499877929688,693,701.6289672851562,1086700
2024-12-20,710.2000122070312,717.6099853515625,700.8300170898438,695.2886962890625,1890000
2024-12-23,708.3800048828125,718.1900024414062,706.1599731445312,708.444580078125,866500
2024-12-24,712.2999877929688,720,706.1500244140625,707.790771484375,382100
2024-12-26,709.0800170898438,718.489990234375,709.0800170898438,709.9801025390625,619200
2024-12-27,710.52001953125,718.989990234375,709.0900268554688,705.7401733398438,795600
2024-12-30,708.0399780273438,708.969970703125,700.4199829101562,696.0219116210938,537200
2024-12-31,703.9000244140625,713,703.3900146484375,705.6707763671875,473500
2025-01-02,720.8599853515625,726.8099975585938,711.9199829101562,708.5040283203125,479000
2025-01-03,716.0700073242188,722,714.760009765625,711.4364013671875,558000
2025-01-06,715,733.6900024414062,713.75,709.56396484375,820300
2025-01-07,716.3400268554688,734.4400024414062,716.3400268554688,723.4727783203125,802500
2025-01-08,728.0399780273438,743.280029296875,725.5999755859375,726.7320556640625,758800
2025-01-10,721.3300170898438,724.72998046875,691,690.3651123046875,1117200
2025-01-13,669.239990234375,717.3699951171875,666.25,710.1981201171875,1406000
2025-01-14,714.010009765625,715.97998046875,686,684.4114379882812,791700
2025-01-15,700.6099853515625,712.5999755859375,698.2000122070312,696.8539428710938,880400
2025-01-16,701.0399780273438,706.5399780273438,691.3300170898438,686.749267578125,853900
2025-01-17,705.3400268554688,707.47998046875,680.8900146484375,675.2081909179688,1111900
2025-01-21,687.4600219726562,692.9299926757812,681.52001953125,681.3700561523438,1145300
2025-01-22,689.77001953125,699.8800048828125,677.6799926757812,673.6728515625,945100
2025-01-23,680.5399780273438,696.1900024414062,678.280029296875,688.1461181640625,1145000
2025-01-24,688.739990234375,693.8400268554688,675.1099853515625,669.4723510742188,1021800
2025-01-27,676.72998046875,698.4500122070312,676.72998046875,678.3090209960938,1051400
2025-01-28,682.1099853515625,690.2999877929688,678.1300048828125,679.9138793945312,640100
2025-01-29,685.9600219726562,697.5700073242188,682.3300170898438,680.8450317382812,522800
2025-01-30,688.3099975585938,689.6199951171875,674.3300170898438,676.6942749023438,771800
2025-01-31,677.2899780273438,688,671.9600219726562,666.6885986328125,943800
2025-02-03,668.7999877929688,673.6500244140625,663.4299926757812,660.6159057617188,1009200
2025-02-04,650,709.97998046875,642,690.5336303710938,1654500
2025-02-05,708.7999877929688,729.25,700.010009765625,710.0197143554688,1436100
2025-02-06,713.4199829101562,734.27001953125,713.4199829101562,715.3197631835938,1116600
2025-02-07,726.4600219726562,731.4199829101562,709.5499877929688,703.362548828125,885700
2025-02-10,714.4500122070312,719.780029296875,688.9199829101562,683.9061889648438,918500
2025-02-11,680.6300048828125,680.7899780273438,664.1900024414062,659.2389526367188,1270800
2025-02-12,659.9600219726562,670.97998046875,655.8499755859375,657.6539306640625,1292200
2025-02-13,665.4600219726562,677.6900024414062,661.9400024414062,667.9666137695312,604700
2025-02-14,678.2000122070312,684,671.5499877929688,667.3027954101562,623000
2025-02-18,679.6400146484375,689.9500122070312,674.8800048828125,673.6429443359375,826000
2025-02-19,675.2899780273438,688.6699829101562,675.2899780273438,679.2500610351562,638300
2025-02-20,688.0499877929688,703.1400146484375,685.4500122070312,690.3992919921875,627500
2025-02-21,697.9299926757812,704.0800170898438,693.0700073242188,694.674560546875,727400
2025-02-24,703.9299926757812,725,700.4299926757812,707.4901733398438,896400
2025-02-25,720,739,715.5,717.6276245117188,1049900
2025-02-26,721.2899780273438,721.4099731445312,701.0700073242188,701.2310791015625,712900
2025-02-27,705.9000244140625,721,700.6699829101562,697.1047973632812,568500
2025-02-28,701.3200073242188,708.5800170898438,693.7100219726562,693.0972900390625,1028800
2025-03-03,701.9099731445312,704.6400146484375,683.4600219726562,679.33935546875,708600
2025-03-04,688.47998046875,697.4600219726562,672.5,670.0350952148438,1197600
2025-03-05,673.97998046875,692.7899780273438,673.1500244140625,681.6010131835938,828700
2025-03-06,683.0999755859375,701,682.260009765625,692.7997436523438,866400
2025-03-07,698.6300048828125,729.75,696.4299926757812,701.7965087890625,1083900
2025-03-10,710.010009765625,748.2899780273438,709.3800048828125,738.8151245117188,1631300
2025-03-11,746.7000122070312,747.7000122070312,712.3900146484375,712.3604736328125,1108100
2025-03-12,709.9400024414062,712.4600219726562,683.4299926757812,683.9319458007812,808300
2025-03-13,687.4299926757812,698.9500122070312,677.3400268554688,675.1137084960938,863700
2025-03-14,680.6099853515625,686.97998046875,657,661.4846801757812,1306000
2025-03-17,668.260009765625,679.8300170898438,664.6799926757812,672.9413452148438,942900
2025-03-18,678,678.27001953125,664.2999877929688,659.590087890625,608100
2025-03-19,663.6699829101562,674.5700073242188,659.030029296875,666.9303588867188,675700
2025-03-20,670,674.8300170898438,662.3300170898438,657.2689208984375,663000
2025-03-21,658,661,651.0599975585938,653.1624145507812,1869100
2025-03-24,660,667.4600219726562,655.2999877929688,655.662109375,962400
2025-03-25,662.4500122070312,662.5700073242188,633.0999755859375,629.0191040039062,852900
2025-03-26,634.1400146484375,644,629.02001953125,634.9705200195312,1251900
2025-03-27,641.2100219726562,643.4299926757812,629.9400024414062,630.6954345703125,811500
2025-03-28,638.010009765625,642.969970703125,631.4500122070312,632.2130737304688,805900
2025-03-31,630.0800170898438,640.719970703125,618.510009765625,629.1082763671875,1066300
2025-04-01,630.510009765625,641.239990234375,615,612.0174560546875,1059700
2025-04-02,613.530029296875,628,610.0999755859375,620.5479736328125,902600
2025-04-03,626.25,628,607.8800048828125,605.7088012695312,1047500
2025-04-04,610.6500244140625,612.989990234375,572,568.819091796875,1547700
2025-04-07,569.2000122070312,591.5399780273438,557.8300170898438,568.1546630859375,1687400
2025-04-08,579.4600219726562,586.030029296875,546.3599853515625,552.3134765625,1159700
2025-04-09,538,580.72998046875,525.989990234375,572.0626220703125,1871500
2025-04-10,568.9299926757812,571.989990234375,529.72998046875,541.9776000976562,1357800
2025-04-11,548.6300048828125,555.530029296875,533.260009765625,549.7047729492188,1170900
2025-04-14,560.4400024414062,574.719970703125,555.3900146484375,566.4483642578125,946300
2025-04-15,568.5499877929688,575.2000122070312,553,553.404541015625,838500
2025-04-16,557,561.8300170898438,544.5,544.8442993164062,875700
2025-04-17,548.0700073242188,564.2100219726562,545,558.6122436523438,827700
2025-04-21,556.0399780273438,570.3499755859375,552.969970703125,556.9556884765625,745600
2025-04-22,565.5,587.0999755859375,565.1400146484375,580.7618408203125,1036800
2025-04-23,595.8699951171875,603.77001953125,584.4500122070312,583.102783203125,791900
2025-04-24,590.9299926757812,601.280029296875,586.8099975585938,594.9166259765625,1317000
2025-04-25,598.3300170898438,602.7899780273438,585.780029296875,597.7734375,964400
2025-04-28,603.3599853515625,614.8300170898438,601.1900024414062,605.9270629882812,1175200
2025-04-29,561.75,579.97998046875,542.4400024414062,564.3157348632812,2660300
2025-04-30,579.260009765625,600.2000122070312,566.989990234375,593.9247436523438,1679400
2025-05-01,589.77001953125,593.9299926757812,578.5,585.2354736328125,1190500
2025-05-02,600,615.6099853515625,599.0800170898438,600.7194213867188,1606400
2025-05-05,606.8900146484375,611.0399780273438,601.7999877929688,598.7058715820312,1124300
2025-05-06,601.010009765625,606.8699951171875,557.6400146484375,554.0097045898438,1510900
2025-05-07,561.7899780273438,568.1300048828125,556.3599853515625,556.4002685546875,1140500
2025-05-08,547.8800048828125,552.5700073242188,520.5,543.2472534179688,2709200
2025-05-09,549,552.8400268554688,527.1300048828125,523.5179443359375,1499000
2025-05-12,543.8200073242188,577.989990234375,535.2899780273438,570.9815063476562,1898300
2025-05-13,571.4500122070312,575.0499877929688,558.4500122070312,569.5233764648438,1149900
2025-05-14,576.3499755859375,580.5599975585938,567.5900268554688,566.7459716796875,1664500
2025-05-15,576.1300048828125,585.260009765625,564.9099731445312,580.2659912109375,1301800
2025-05-16,588.22998046875,595.1900024414062,581.489990234375,589.5206298828125,936900
2025-05-19,588.47998046875,598.5599975585938,586.6799926757812,591.72265625,666300
2025-05-20,595.010009765625,615.4500122070312,595.010009765625,610.7262573242188,1102100
2025-05-21,613.0499877929688,617.52001953125,597.9199829101562,600.6234130859375,1089300
2025-05-22,603.2000122070312,605.5,592.72998046875,592.9047241210938,867200
2025-05-23,586.8499755859375,591.6400146484375,582.3699951171875,584.4509887695312,656300
2025-05-27,603.0900268554688,608.1699829101562,590.7999877929688,599.2724609375,876100
2025-05-28,603.260009765625,606,590.1500244140625,587.9378051757812,1008300
2025-05-29,597.0599975585938,605.72998046875,591.02001953125,601.3883056640625,756700
2025-05-30,517.6599731445312,519.780029296875,485,487.0391845703125,6313100
2025-06-02,491.0899963378906,502.55999755859375,481.5799865722656,487.5657043457031,2944300
2025-06-03,490.7900085449219,501.1099853515625,485.3399963378906,484.6352233886719,2141600
2025-06-04,491.7099914550781,499.8999938964844,482.989990234375,481.724609375,1870700
2025-06-05,486,491.7699890136719,476.489990234375,479.8768615722656,1791100
2025-06-06,485.5400085449219,499.8800048828125,485,489.95977783203125,1497900
2025-06-09,498,518.27001953125,494.4200134277344,514.1787109375,1983100
2025-06-10,520,529.989990234375,518.1599731445312,520.0694580078125,1175000
2025-06-11,525.77001953125,528.3699951171875,516.0999755859375,515.1719970703125,963100
2025-06-12,517.22998046875,525.219970703125,512.969970703125,518.390625,873200
2025-06-13,518.25,529.5499877929688,514.97998046875,525.7416381835938,951500
2025-06-16,532.8800048828125,538.2000122070312,520.219970703125,519.2250366210938,1325800
2025-06-17,519.27001953125,523.010009765625,508.70001220703125,505.49639892578125,890400
2025-06-18,508.510009765625,519.1699829101562,503.25,510.18524169921875,841000
2025-06-20,521.0499877929688,521.3099975585938,506.3800048828125,506.3507385253906,2259300
2025-06-23,510,516.1799926757812,507.6099853515625,508.53619384765625,1076000
2025-06-24,515.7899780273438,527.4500122070312,515.7899780273438,518.8178100585938,970600
2025-06-25,521.4000244140625,525.6300048828125,516.989990234375,516.850830078125,639500
2025-06-26,520,524.52001953125,514.7899780273438,517.55615234375,965500
2025-06-27,521.7899780273438,531.2100219726562,517.3900146484375,517.55615234375,1607800
2025-06-30,520.2100219726562,526.0800170898438,518.9000244140625,521.5297241210938,1013200
2025-07-01,523.969970703125,548.0399780273438,521,531.3741455078125,1200700
2025-07-02,533.6599731445312,551.5,529.6900024414062,544.119384765625,818100
2025-07-03,547.75,555,546.6099853515625,543.7418212890625,456400
2025-07-07,546,547.5900268554688,532.5999755859375,534.5531005859375,960300
2025-07-08,538.8699951171875,559.4600219726562,537.4500122070312,544.12939453125,847100
2025-07-09,547.0999755859375,558.3800048828125,545.3800048828125,548.9274291992188,843800
2025-07-10,554.3800048828125,566.3699951171875,550.1099853515625,556.0599975585938,827300
2025-07-11,558.3900146484375,568.4600219726562,551.47998046875,563.9872436523438,844600
2025-07-14,566.0999755859375,575.1300048828125,562,566.818359375,717100
2025-07-15,574.1500244140625,574.75,546.280029296875,544.3380737304688,998400
2025-07-16,550,558.3499755859375,546.5700073242188,544.3080444335938,1089900
2025-07-17,545.6699829101562,554.47998046875,542.010009765625,546.364501953125,989200
2025-07-18,550,550.8900146484375,541.5,538.933837890625,1307800
2025-07-21,543.4400024414062,552.97998046875,542.5,541.924072265625,709100
2025-07-22,546.9199829101562,563,546.9199829101562,557.22216796875,976700
2025-07-23,568.1199951171875,576.7000122070312,563.010009765625,568.6065063476562,891100
2025-07-24,572.5399780273438,577.72998046875,563.6699829101562,560.9077758789062,1037600
2025-07-25,565.4099731445312,567.2100219726562,555.5,559.3778076171875,755800
2025-07-28,563.530029296875,567.9500122070312,558.5399780273438,554.9373779296875,588400
2025-07-29,558,559.6099853515625,552,554.4606323242188,814900
2025-07-30,560.4500122070312,563.5900268554688,550.489990234375,550.9142456054688,564900
2025-07-31,550.010009765625,558.1300048828125,541.6099853515625,541.8544921875,1413900
2025-08-01,583.010009765625,583.280029296875,542.8900146484375,555.1758422851562,1656400
2025-08-04,566.97998046875,577.2100219726562,562.010009765625,567.7620239257812,1362500
2025-08-05,570.25,579.8200073242188,568.5,566.1329345703125,993300
2025-08-06,569,573.469970703125,550.5,551.4606323242188,865000
2025-08-07,557.6599731445312,565.47998046875,553.0499877929688,556.0996704101562,811200
2025-08-08,559.7999877929688,567.6900024414062,558.0599975585938,559.278564453125,1024300
2025-08-11,561.52001953125,572.5800170898438,544.1599731445312,542.331298828125,1103900
2025-08-12,547.9400024414062,562.739990234375,547.0900268554688,552.8711547851562,766000
2025-08-13,557.0800170898438,565.5,552,557.838134765625,1096100
2025-08-14,560.9000244140625,573.489990234375,558,562.2288818359375,976300
2025-08-15,577.9600219726562,581.9500122070312,570.8400268554688,576.5734252929688,1122200
2025-08-18,582.0900268554688,585,573.8099975585938,570.9820556640625,769400
2025-08-19,575.2999877929688,581.6900024414062,570.7999877929688,568.863037109375,854600
2025-08-20,572.3300170898438,596.9199829101562,570.3900146484375,587.994873046875,1298500
2025-08-21,586.8699951171875,605.1799926757812,585.0999755859375,595.1084594726562,1010000
2025-08-22,602.3499755859375,610.4500122070312,585.5,586.47265625,1439400
2025-08-25,591.0599975585938,594.8800048828125,572.25,569.4599609375,880900
2025-08-26,573,588.0999755859375,567.0800170898438,584.6520385742188,1614400
2025-08-27,591.8699951171875,597.02001953125,585.5,583.9656372070312,584100
2025-08-28,586.4299926757812,590.9600219726562,575.0399780273438,576.6530151367188,616600
2025-08-29,577.1500244140625,581.25,575.8900146484375,577.737548828125,574300
2025-09-02,580.5399780273438,585.489990234375,570.3499755859375,574.9517211914062,1020200
2025-09-03,581.989990234375,588.7000122070312,562.7899780273438,560.9237060546875,1118500
2025-09-04,568.010009765625,581.97998046875,559.6199951171875,564.3262329101562,1124300
2025-09-05,565.1500244140625,577.75,565,570.4547729492188,960400
2025-09-08,571.2000122070312,571.2000122070312,552.8099975585938,555.591064453125,1250400
2025-09-09,557,563.5700073242188,554.7999877929688,553.6907958984375,873200
2025-09-10,555.2100219726562,560,552.97998046875,552.994384765625,874700
2025-09-11,555.8099975585938,570.760009765625,555.8099975585938,565.30126953125,868200
2025-09-12,567.3400268554688,570,559.4500122070312,557.1431274414062,602600
2025-09-15,558.5399780273438,573.6900024414062,558.5399780273438,569.6688842773438,995700
2025-09-16,573.4299926757812,579.4000244140625,567.2999877929688,572.126220703125,707900
2025-09-17,576.3099975585938,587.6699829101562,576.3099975585938,582.5130004882812,921500
2025-09-18,589.52001953125,600,583.9199829101562,595.6556396484375,1267000
2025-09-19,602.5399780273438,603.469970703125,591,588.9698486328125,2178000
2025-09-22,593,600.75,588.6699829101562,592.6410522460938,904900
2025-09-23,580,582,565.4500122070312,564.9928588867188,1362200
2025-09-24,567.8900146484375,577.97998046875,566,574.0364379882812,777300
2025-09-25,577.2999877929688,579,549.2000122070312,552.6759643554688,1394200
2025-09-26,562,564.6099853515625,550.7100219726562,561.0232543945312,838600
2025-09-29,563.9000244140625,564.9099731445312,557.3400268554688,557.8892211914062,922400
2025-09-30,560.5800170898438,574.0399780273438,555,559.4014892578125,1662500
2025-10-01,570.8699951171875,615.3900146484375,569.989990234375,596.8793334960938,2083200
2025-10-02,600.4199829101562,605.4099731445312,596.5999755859375,596.9390869140625,1096500
2025-10-03,602.0900268554688,618.010009765625,599.8699951171875,596.9390869140625,1154500
2025-10-06,602,603.6500244140625,584.4099731445312,582.4931030273438,1072400
2025-10-07,587.5900268554688,591.4500122070312,578.4199829101562,580.2645874023438,656400
2025-10-08,584.010009765625,605,560.969970703125,560.9833984375,1415800
2025-10-09,569.02001953125,574.719970703125,563.510009765625,566.9926147460938,853300
2025-10-10,569.2899780273438,577.1699829101562,555.5399780273438,561.74951171875,1495000
2025-10-13,551.5,563.77001953125,541,554.8845825195312,1426400
2025-10-14,556.9199829101562,576.1799926757812,553.8699951171875,569.6787719726562,1010600
2025-10-15,575.030029296875,584.8699951171875,569.02001953125,573.4793090820312,927700
2025-10-16,583.010009765625,589.0800170898438,564,566.2662963867188,842200
2025-10-17,570.3499755859375,579.0399780273438,566.1099853515625,575.1009521484375,745700
2025-10-20,579.4099731445312,582.6500244140625,574.22998046875,573.82763671875,639100
2025-10-21,574.5999755859375,582.4099731445312,572.8200073242188,576.3844604492188,651600
2025-10-22,580.2100219726562,588.7100219726562,578.5999755859375,581.7568359375,691200
2025-10-23,579.6799926757812,584,572.75,572.7530517578125,778800
2025-10-24,579.6500244140625,582.7000122070312,576.2000122070312,575.00146484375,875400
2025-10-27,580.5,586.1500244140625,575.9299926757812,582.3239135742188,1246100
2025-10-28,612.02001953125,655.7000122070312,605.030029296875,651.1410522460938,2126800
2025-10-29,650.4099731445312,659.97998046875,637.6599731445312,649.5790405273438,1751500
2025-10-30,645.5599975585938,664,643.9199829101562,650.7033081054688,1120700
2025-10-31,649.4500122070312,660,645,648.4747314453125,797900
2025-11-03,657.4600219726562,657.4600219726562,627.5,638.9734497070312,810300
2025-11-04,643.780029296875,646.219970703125,625.1400146484375,624.7962036132812,1030900
2025-11-05,631.0999755859375,646.8900146484375,628,640.9035034179688,724300
2025-11-06,640.8300170898438,657,640.8300170898438,643.5698852539062,916600
2025-11-07,650.3499755859375,658.2100219726562,640.989990234375,654.1755981445312,782800
2025-11-10,656,665.989990234375,653.1900024414062,651.3997802734375,824800
2025-11-11,651.47998046875,676.3300170898438,651.3800048828125,671.1087036132812,977200
2025-11-12,678.8900146484375,690.780029296875,672.6699829101562,678.2420043945312,1208300
2025-11-13,683,713.5800170898438,679.9299926757812,691.4443969726562,1505300
2025-11-14,697.1900024414062,699.27001953125,685.9500122070312,689.9620361328125,907000
2025-11-17,693.3400268554688,711.8800048828125,692.2899780273438,700.7168579101562,1132900
2025-11-18,702.510009765625,727.969970703125,699.219970703125,721.6395874023438,1368700
2025-11-19,727.8099975585938,727.8099975585938,702.6300048828125,699.1648559570312,1383600
2025-11-20,725,753.510009765625,720.02001953125,734.159423828125,2296800
2025-11-21,736.010009765625,764.0900268554688,735.739990234375,752.9866333007812,1427700
2025-11-24,759.0499877929688,773.1300048828125,756.6400146484375,758.5151977539062,1554900
2025-11-25,764.8800048828125,790.5700073242188,760.010009765625,784.2854614257812,1200400
2025-11-26,785.719970703125,790.97998046875,777,781.5858764648438,871700
2025-11-28,784.7000122070312,788.97998046875,779.5,777.1829223632812,510400
2025-12-01,775.5999755859375,779.9199829101562,748.1500244140625,747.2188110351562,992000
2025-12-02,742.1199951171875,747,731,739.1401977539062,924600
2025-12-03,730.3599853515625,744.22998046875,720.0700073242188,720.8807373046875,1238500
2025-12-04,732.4500122070312,735,721.219970703125,720.01416015625,1067100
2025-12-05,723,736.1500244140625,717.260009765625,715.5912475585938,798300
2025-12-08,723.6900024414062,724.1300048828125,701.75,700.5494384765625,1005900
2025-12-09,705.1099853515625,711.1500244140625,691.8599853515625,689.91064453125,604400
2025-12-10,695.0599975585938,728,692.5,723.4110107421875,1316500
2025-12-11,726.0800170898438,753.6099853515625,726.0800170898438,743.921630859375,1153900
2025-12-12,741.5900268554688,746.0499877929688,734.3800048828125,738.4329223632812,804800
2025-12-15,748.8499755859375,756.6699829101562,746.3800048828125,749.71923828125,932800
2025-12-16,752.5700073242188,757.3499755859375,734.719970703125,743.4833374023438,713200
2025-12-17,746.5499877929688,751.989990234375,743.3300170898438,746.900146484375,765900
2025-12-18,747.5399780273438,752.8400268554688,739.22998046875,745.8243408203125,1057600
2025-12-19,753.719970703125,773.8499755859375,748.1799926757812,765.0001220703125,2335900
2025-12-22,765.8400268554688,783.5999755859375,765.0900268554688,776.356201171875,818000
2025-12-23,777.3599853515625,792.75,777,782.1437377929688,832000
2025-12-24,787.989990234375,792.77001953125,783.6099853515625,780.6893920898438,267200
2025-12-26,783.7899780273438,788.010009765625,778.0399780273438,781.9445190429688,321000
2025-12-29,780.5599975585938,785.0499877929688,774.5999755859375,777.4917602539062,545100
2025-12-30,776.2999877929688,777.77001953125,770.2999877929688,770.95703125,383200
2025-12-31,772,775,769.1699829101562,768.8950805664062,354800
2026-01-02,774.25,779.75,765.77001953125,773.31787109375,464800
2026-01-05,769.719970703125,771.989990234375,753.2000122070312,760.288330078125,835700
2026-01-06,764.3499755859375,787.6599731445312,763.2000122070312,773.5470581054688,935000
2026-01-07,786.1799926757812,814.0999755859375,780.0999755859375,809.139404296875,1264700
2026-01-08,805.8099975585938,816.989990234375,800.6799926757812,797.9227294921875,1049300
2026-01-09,802.969970703125,821.1099853515625,790.8800048828125,793.4799194335938,711500
2026-01-12,810,811.0900268554688,765.0800170898438,765.0399169921875,1321100
2026-01-13,765.1599731445312,765.989990234375,743.9400024414062,755.9849243164062,946500
2026-01-14,760.5800170898438,766.6400146484375,753.010009765625,751.2333984375,668900
2026-01-15,754.8499755859375,756.5,737,739.0604858398438,865600
2026-01-16,749.0900268554688,749.0900268554688,726.4299926757812,730.2146606445312,1682400
2026-01-20,729.4000244140625,737.8699951171875,718.3800048828125,730.9518432617188,789100
2026-01-21,736.7100219726562,750,735,746.44189453125,788400
2026-01-22,750.3400268554688,765,747.3699951171875,752.5980834960938,765400
2026-01-23,757.3099975585938,762,747.2999877929688,750.6456298828125,721000
2026-01-26,750.0900268554688,767.2999877929688,750.0900268554688,759.7105712890625,934200
2026-01-27,762.469970703125,776.25,761.5,768.2774658203125,645800
2026-01-28,765.1500244140625,766.989990234375,747.5700073242188,748.2349243164062,827900
2026-01-29,755.72998046875,755.72998046875,742.7999877929688,746.551513671875,925800
2026-01-30,753.9600219726562,774.3699951171875,735.6099853515625,738.59228515625,1317500
2026-02-02,732.9199829101562,763.5599975585938,731.510009765625,752.1099853515625,693000
2026-02-03,745.530029296875,773.719970703125,742.739990234375,756.2539672851562,768700
2026-02-04,765.7999877929688,779.780029296875,765.2100219726562,772.07275390625,952000
2026-02-05,777.8300170898438,790,760,763.67529296875,976500
2026-02-06,769.6300048828125,786.989990234375,764.780029296875,782.4824829101562,671400
2026-02-09,783.1699829101562,790,775.5,777.2725830078125,586800
2026-02-10,779.72998046875,781.4000244140625,753.0999755859375,752.0003662109375,792600
2026-02-11,750.8499755859375,781.4199829101562,745.0700073242188,775.9675903320312,1123600
2026-02-12,784.7999877929688,796.719970703125,774.719970703125,780.629638671875,814300
2026-02-13,788.9199829101562,806.1799926757812,785,800.0744018554688,974700
2026-02-17,803.47998046875,815,783.6199951171875,790.4715576171875,747100
2026-02-18,793.530029296875,797,786.7899780273438,789.1068115234375,675900
2026-02-19,790,790,773.3099975585938,779.364501953125,504800
2026-02-20,775,781.4600219726562,770,777.5991821289062,615100
2026-02-23,777.5800170898438,792.1599731445312,777.5800170898438,784.9496459960938,510500
2026-02-24,780.469970703125,792.6699829101562,768.75,770.1390991210938,628700
2026-02-25,774.1300048828125,791.1099853515625,771.4299926757812,782.1969604492188,750900
2026-02-26,784.280029296875,784.5,753.7899780273438,768.7427978515625,772700
2026-02-27,760.9099731445312,786.6799926757812,760.9099731445312,779.5938720703125,726400
2026-03-02,771.0999755859375,793.1599731445312,769.6300048828125,788.7096557617188,793100
2026-03-03,781.010009765625,794.77001953125,764.489990234375,764.6237182617188,637200
2026-03-04,767.0499877929688,791.5999755859375,764.239990234375,785.408447265625,641400
2026-03-05,780,781.989990234375,760.010009765625,762.8983154296875,657500
2026-03-06,755.010009765625,762.4000244140625,746.6599731445312,757.841796875,561900
2026-03-09,759.8599853515625,783.7000122070312,754.9099731445312,779.5240478515625,697100
2026-03-10,781.6699829101562,788.6900024414062,771.3400268554688,769.9795532226562,473300
2026-03-11,769.1699829101562,783.1199951171875,765,772.6025390625,405200
2026-03-12,764.0599975585938,766,744,744.6270141601562,630400
2026-03-13,754.5499877929688,758.97998046875,741.9000244140625,743.7892456054688,438100
2026-03-16,750,763.2999877929688,747.010009765625,754.8995971679688,396200
2026-03-17,763.530029296875,771.22998046875,755.6400146484375,757.0339965820312,437000
2026-03-18,751.219970703125,757.5999755859375,734.5599975585938,742.1436767578125,672500
2026-03-19,744.5,750.3200073242188,727.8800048828125,735.4913940429688,628300
2026-03-20,738.1699829101562,744.8499755859375,728.6400146484375,730.9235229492188,1359900
2026-03-23,745,750,735,734.5737915039062,535900
2026-03-24,728.510009765625,743.1699829101562,727.9600219726562,739.7200927734375,507900
2026-03-25,744.6699829101562,757.97998046875,744.02001953125,747.4793701171875,553100
2026-03-26,749.4000244140625,761.72998046875,747.77001953125,754.7201538085938,488600
2026-03-27,756.6500244140625,759.469970703125,736.6400146484375,735.7506713867188,492200
2026-03-30,743.8300170898438,757.6799926757812,741.469970703125,747.2998657226562,630400
2026-03-31,757.469970703125,774.260009765625,755.7999877929688,770.587890625,642600
2026-04-01,775,781.2100219726562,769.969970703125,775.1856079101562,627400
2026-04-02,767.0399780273438,770.1099853515625,745,759.8265380859375,1000600
2026-04-06,766.8300170898438,768.7999877929688,758.489990234375,761.0133666992188,460400
2026-04-07,758.4000244140625,761.9099731445312,747.760009765625,758.250732421875,620900
2026-04-08,765.260009765625,775.6300048828125,755.989990234375,773.47021484375,580400
2026-04-09,764.1500244140625,772.4500122070312,761.5,765.8106079101562,596700
2026-04-10,771.47998046875,771.47998046875,739.0900268554688,746.8810424804688,751300
2026-04-13,747.739990234375,756.9000244140625,737.3400268554688,744.4774780273438,747000
2026-04-14,744.969970703125,757.6799926757812,743.7100219726562,753.5033569335938,637800
2026-04-15,758.6699829101562,760.5800170898438,739.1199951171875,751.9275512695312,571100
2026-04-16,749.5599975585938,756,742.6900024414062,744.0186767578125,505000
2026-04-17,754.739990234375,758.6099853515625,746.9099731445312,748.5764770507812,513000
2026-04-20,750,755.5900268554688,744,747.4195556640625,493800
2026-04-21,746.2000122070312,751.5399780273438,734.1199951171875,745.3750610351562,707400
2026-04-22,751.47998046875,755.780029296875,740.469970703125,744.59716796875,901900
2026-04-23,750.989990234375,767.2100219726562,747.260009765625,763.9855346679688,928700
2026-04-24,760,761.9600219726562,736.7100219726562,749.5738525390625,809500
2026-04-27,745.469970703125,756.4000244140625,743.6099853515625,742.4627685546875,603200
2026-04-28,751.3699951171875,754,730.9000244140625,729.8264770507812,569000
2026-04-29,705.1099853515625,708.7999877929688,668.8499755859375,684.5370483398438,1835000
2026-04-30,693.0800170898438,708.4400024414062,688.9500122070312,705.1820678710938,1096500
2026-05-01,703.02001953125,714.47998046875,700.260009765625,699.5570068359375,729100
2026-05-04,702.5599975585938,711.5499877929688,699.75,707.326416015625,554100
2026-05-05,710.72998046875,715.6199951171875,699.22998046875,700.40478515625,642700
2026-05-06,703.3300170898438,726.1599731445312,702.5,719.1348876953125,739900
2026-05-07,718.5,725.3099975585938,707.4299926757812,707.2166137695312,774600
2026-05-08,709.2899780273438,717.989990234375,708.3599853515625,712.9912719726562,589000
2026-05-11,714.989990234375,727.3900146484375,701.989990234375,710.876953125,1227200
2026-05-12,716.3900146484375,725.5999755859375,710.02001953125,721.4886474609375,824300
2026-05-13,721.2899780273438,730.5900268554688,709.510009765625,717.968017578125,879300
2026-05-14,719,722.510009765625,710.0599975585938,710.9766235351562,767200
2026-05-15,712.6900024414062,717.8900146484375,693.7000122070312,696.3955078125,728000
2026-05-18,615.9299926757812,633,610.5999755859375,628.007568359375,2996600
2026-05-19,630.489990234375,639.989990234375,616.02001953125,628.6259155273438,1445100
2026-05-20,634.3200073242188,651,633.5999755859375,649.0021362304688,1165600
2026-05-21,645,650.3200073242188,639.8099975585938,641.840576171875,1178500
2026-05-22,639.239990234375,644.1199951171875,632.719970703125,638.1348266601562,994900
2026-05-26,642.4500122070312,648.5,632.6799926757812,633.8798217773438,889800
2026-05-27,634.7999877929688,638.0599975585938,625,627.0078125,1913500
2026-05-28,630.1500244140625,631.72998046875,620.3499755859375,620.7951049804688,1234400
2026-05-29,620.1099853515625,624.469970703125,609.77001953125,614.06298828125,2187500
2026-06-01,607.5399780273438,614,598.7999877929688,599.9594116210938,1079900
2026-06-02,596.52001953125,604.6300048828125,591.52001953125,602.216796875,1066700
2026-06-03,600.7899780273438,625,599,618.2280883789062,986700
2026-06-04,628.0700073242188,633.8900146484375,621.1099853515625,627.9966430664062,974700
2026-06-05,632.260009765625,640.8200073242188,632.0900268554688,634.7088623046875,975800
2026-06-08,638.0399780273438,638.9500122070312,608.97998046875,610.6270141601562,1259200
2026-06-09,624.1699829101562,628.9000244140625,610.9500122070312,615.4613037109375,1190600
2026-06-10,619.0700073242188,619.260009765625,601.219970703125,600.9483032226562,816100
2026-06-11,604.3099975585938,618.0999755859375,603.5700073242188,610.7667846679688,943100
2026-06-12,613.1099853515625,616.5499877929688,605.010009765625,611.426025390625,717700
2026-06-15,613.3499755859375,615.9500122070312,608.5900268554688,614.2626953125,815900
2026-06-16,615.1799926757812,617.5999755859375,608.2100219726562,614.0130004882812,1007500
2026-06-17,615.1599731445312,620,602.1300048828125,607.220947265625,1299500
2026-06-18,612.0700073242188,616.239990234375,598.1900024414062,609.2285766601562,2609100
2026-06-22,604.4600219726562,613.5599975585938,594.9000244140625,611.78564453125,1604300
2026-06-23,607.9199829101562,621.7899780273438,607.9199829101562,617.3092041015625,1279700
2026-06-24,621.6300048828125,631.1799926757812,619.27001953125,622.702880859375,839900
2026-06-25,623.1599731445312,634.3099975585938,619.7000122070312,619.416748046875,696800
2026-06-26,623.6400146484375,638.760009765625,623.4400024414062,632.161865234375,1213600
2026-06-29,635.989990234375,638.2999877929688,626.8599853515625,631.0731201171875,734400
2026-06-30,630.9500122070312,634.0599975585938,622.2899780273438,622.812744140625,820900
2026-07-01,629.9000244140625,632.8499755859375,623.8900146484375,623.9913330078125,1170600
2026-07-02,630.52001953125,654.9400024414062,625.7000122070312,653.5068969726562,1071600
2026-07-06,657.9600219726562,657.9600219726562,637.719970703125,649.0521240234375,714300
2026-07-07,663.1799926757812,677.9199829101562,659.02001953125,675.4412841796875,918700
2026-07-08,669.1099853515625,670.3499755859375,661.4299926757812,662.1068725585938,746800
2026-07-09,660.7999877929688,669.1599731445312,660.7999877929688,667.1709594726562,672500
2026-07-10,670.0599975585938,676.6599731445312,658.5,663.7449340820312,581700
2026-07-13,661.6300048828125,665.5999755859375,655.1099853515625,662.316650390625,606300
2026-07-14,658,663.0999755859375,653.3099975585938,655.354736328125,478000
2026-07-15,656.1099853515625,669.0999755859375,648.6599731445312,663.675048828125,555400
2026-07-16,666.280029296875,680.2899780273438,661.3800048828125,678.1481323242188,730100
2026-07-17,676.0499877929688,691.1300048828125,672.3099975585938,675.9007568359375,648300
2026-07-20,674.719970703125,681.739990234375,669.8800048828125,671.3660888671875,624800
2026-07-21,672.5499877929688,678.6699829101562,666.8699951171875,674.4025268554688,529400
2026-07-22,676.4299926757812,676.7999877929688,648.9000244140625,650.4204711914062,872200
2026-07-23,646.47998046875,655.2000122070312,637.7999877929688,651.1495971679688,1129400
2026-07-24,658.2899780273438,667.5,654.0499877929688,655.244873046875,708400
2026-07-27,661.77001953125,678.1199951171875,659.530029296875,666.391845703125,650800
2026-07-28,676.9299926757812,696.739990234375,676.4600219726562,694.3692016601562,900200
2026-07-29,699.3800048828125,702.5999755859375,691,694.60888671875,1022100
2026-07-30,701.9000244140625,740,694.97998046875,737.4788818359375,1460700
2026-07-31,726.6900024414062,764.75,724.7899780273438,761.7405395507812,1158300
2026-08-03,769.5399780273438,772.75,756.4400024414062,758.3544311523438,842600
2026-08-04,753.760009765625,763.5399780273438,747,759.7727661132812,817300
2026-08-05,767.97998046875,782.5900268554688,763.3099975585938,767.68359375,532400
2026-08-06,777.8499755859375,780.9500122070312,762.7899780273438,771.2094116210938,783900
2026-08-07,774.469970703125,785.989990234375,767.1699829101562,783.4451293945312,837600
2026-08-10,781.719970703125,809.0900268554688,775.8300170898438,807.1075439453125,1213700
2026-08-11,808.7999877929688,813.6300048828125,796.6599731445312,796.0704345703125,939100
2026-08-12,790.5499877929688,801.3599853515625,784.6099853515625,797.0592651367188,575100
2026-08-13,802.2100219726562,815.7999877929688,794.489990234375,805.0299072265625,709700
2026-08-14,802.3499755859375,806.5399780273438,792.5700073242188,802.5428466796875,425600
2026-08-17,801.760009765625,813.1799926757812,795.72998046875,804.989990234375,541300
2026-08-18,814,821.02001953125,805.9299926757812,810.239990234375,779000
2026-08-19,817.1699829101562,844.9199829101562,815.3800048828125,840.8400268554688,750400
