Date,Open,High,Low,Close,Volume
2010-01-05,4.473999977111816,4.480000019073486,4.409999847412109,3.8462109565734863,76000
2010-01-06,4.480000019073486,4.48199987411499,4.46999979019165,3.872129201889038,56000
2010-01-07,4.297999858856201,4.300000190734863,4.254000186920166,3.7148935794830322,49500
2010-01-08,4.289999961853027,4.360000133514404,4.289999961853027,3.765001058578491,26000
2010-01-11,4.440000057220459,4.443999767303467,4.426000118255615,3.839299440383911,134000
2010-01-12,4.389999866485596,4.389999866485596,4.329999923706055,3.7719125747680664,67000
2010-01-13,4.369999885559082,4.449999809265137,4.369999885559082,3.844482421875,35000
2010-01-14,4.489999771118164,4.5,4.46999979019165,3.877312421798706,271500
2010-01-15,4.519999980926514,4.553999900817871,4.4679999351501465,3.896319627761841,70000
2010-01-19,4.190000057220459,4.22599983215332,4.130000114440918,3.6492345333099365,165000
2010-01-20,4.019999980926514,4.0320000648498535,3.9240000247955322,3.4211578369140625,1448500
2010-01-21,3.927999973297119,3.927999973297119,3.9000000953674316,3.3693220615386963,61500
2010-01-22,3.878000020980835,3.880000114440918,3.7699999809265137,3.257011890411377,291500
2010-01-25,3.7920000553131104,3.871999979019165,3.7920000553131104,3.3451321125030518,230000
2010-01-26,3.700000047683716,3.7300000190734863,3.690000057220459,3.1878976821899414,73000
2010-01-27,3.6679999828338623,3.6679999828338623,3.5999999046325684,3.136061191558838,90000
2010-01-28,3.7100000381469727,3.7780001163482666,3.697999954223633,3.1965367794036865,174000
2010-01-29,3.7780001163482666,3.7799999713897705,3.7219998836517334,3.2483723163604736,27000
2010-02-01,3.677999973297119,3.691999912261963,3.6600000858306885,3.1619796752929688,38000
2010-02-02,3.6619999408721924,3.7100000381469727,3.6619999408721924,3.2051758766174316,26500
2010-02-03,3.9040000438690186,3.9040000438690186,3.8499999046325684,3.3641390800476074,38000
2010-02-04,3.7860000133514404,3.7860000133514404,3.6419999599456787,3.1464290618896484,134500
2010-02-05,3.5959999561309814,3.5959999561309814,3.5,3.0393011569976807,302500
2010-02-08,3.578000068664551,3.578000068664551,3.5139999389648438,3.035845994949341,97500
2010-02-09,3.492000102996826,3.509999990463257,3.490000009536743,3.0323898792266846,31000
2010-02-10,3.553999900817871,3.5880000591278076,3.5299999713897705,3.09977650642395,95000
2010-02-11,3.7119998931884766,3.7679998874664307,3.7119998931884766,3.255284070968628,40500
2010-02-12,3.799999952316284,3.799999952316284,3.75,3.2414608001708984,104500
2010-02-16,3.799999952316284,3.8919999599456787,3.799999952316284,3.314030647277832,56500
2010-02-17,3.868000030517578,3.9200000762939453,3.859999895095825,3.3520445823669434,58500
2010-02-18,3.880000114440918,3.9000000953674316,3.819999933242798,3.3693220615386963,80000
2010-02-19,3.7100000381469727,3.75600004196167,3.6540000438690186,3.2345495223999023,76000
2010-02-22,3.878000020980835,3.878000020980835,3.8499999046325684,3.350315570831299,386500
2010-02-23,3.880000114440918,3.880000114440918,3.8499999046325684,3.336493492126465,21000
2010-02-24,3.8359999656677246,3.880000114440918,3.8359999656677246,3.3347651958465576,40000
2010-02-25,3.7639999389648438,3.828000068664551,3.7639999389648438,3.303663492202759,126000
2010-02-26,3.880000114440918,3.9019999504089355,3.880000114440918,3.3710503578186035,17500
2010-03-01,4,4,3.9660000801086426,3.431525707244873,28000
2010-03-02,4.107999801635742,4.110000133514404,4.067999839782715,3.5386526584625244,56000
2010-03-03,4.076000213623047,4.110000133514404,4.064000129699707,3.5127341747283936,39500
2010-03-04,3.99399995803833,4,3.9719998836517334,3.441892385482788,62000
2010-03-05,4.099999904632568,4.110000133514404,4.079999923706055,3.550748348236084,43000
2010-03-08,4.130000114440918,4.139999866485596,4.113999843597412,3.5542025566101074,117500
2010-03-09,4.139999866485596,4.139999866485596,4.099999904632568,3.550748348236084,61500
2010-03-10,4.179999828338623,4.25,4.179999828338623,3.612950563430786,186000
2010-03-11,4.23199987411499,4.236000061035156,4.210000038146973,3.6371397972106934,44000
2010-03-12,4.210000038146973,4.210000038146973,4.170000076293945,3.6181344985961914,58000
2010-03-15,4.357999801635742,4.360000133514404,4.276000022888184,3.7148935794830322,49500
2010-03-16,4.242000102996826,4.320000171661377,4.242000102996826,3.7148935794830322,56000
2010-03-17,4.289999961853027,4.340000152587891,4.289999961853027,3.749450922012329,113500
2010-03-18,4.079999923706055,4.079999923706055,4.0320000648498535,3.523102045059204,436000
2010-03-19,4.059999942779541,4.059999942779541,4.010000228881836,3.485088586807251,225500
2010-03-22,4.058000087738037,4.1020002365112305,4.001999855041504,3.5438356399536133,229000
2010-03-23,4.107999801635742,4.125999927520752,4.050000190734863,3.5645697116851807,160500
2010-03-24,4.127999782562256,4.127999782562256,4.056000232696533,3.5127341747283936,190500
2010-03-25,4.099999904632568,4.107999801635742,4.056000232696533,3.524829626083374,108000
2010-03-26,4.065999984741211,4.119999885559082,4.058000087738037,3.5576584339141846,170500
2010-03-29,4.150000095367432,4.150000095367432,4.090000152587891,3.5818488597869873,95000
2010-03-30,4.0879998207092285,4.0879998207092285,4.041999816894531,3.521374225616455,122000
2010-03-31,4.038000106811523,4.038000106811523,4.00600004196167,3.471266031265259,31500
2010-04-01,4.00600004196167,4.00600004196167,3.9779999256134033,3.4436209201812744,57000
2010-04-05,3.9600000381469727,4.039999961853027,3.9600000381469727,3.490272045135498,29500
2010-04-06,3.997999906539917,4.039999961853027,3.997999906539917,3.490272045135498,76500
2010-04-07,4.047999858856201,4.047999858856201,3.98799991607666,3.445347785949707,76000
2010-04-08,4.039999961853027,4.110000133514404,4.039999961853027,3.550748348236084,130000
2010-04-09,4.159999847412109,4.191999912261963,4.156000137329102,3.5922155380249023,97500
2010-04-12,4.188000202178955,4.190000057220459,4.142000198364258,3.5818488597869873,195000
2010-04-13,4.168000221252441,4.168000221252441,4.110000133514404,3.568026065826416,177500
2010-04-14,4.170000076293945,4.179999828338623,4.165999889373779,3.6025826930999756,74500
2010-04-15,4.1479997634887695,4.1479997634887695,4.099999904632568,3.5524752140045166,41000
2010-04-16,4.059999942779541,4.0980000495910645,4.010000228881836,3.4660823345184326,28500
2010-04-19,4.007999897003174,4.010000228881836,3.9800000190734863,3.4643545150756836,16500
2010-04-20,4.067999839782715,4.067999839782715,4.021999835968018,3.4989113807678223,38000
2010-04-21,4.064000129699707,4.064000129699707,4.019999980926514,3.4729936122894287,13000
2010-04-22,4.039999961853027,4.050000190734863,4.021999835968018,3.4989113807678223,25000
2010-04-23,4.193999767303467,4.210000038146973,4.159999847412109,3.6371397972106934,4925000
2010-04-26,4.265999794006348,4.265999794006348,4.234000205993652,3.6734254360198975,196000
2010-04-27,4.1620001792907715,4.1620001792907715,4.053999900817871,3.5075502395629883,384000
2010-04-28,4.081999778747559,4.139999866485596,4.072000026702881,3.576665163040161,96500
2010-04-29,4.1579999923706055,4.179999828338623,4.125999927520752,3.611222743988037,120500
2010-04-30,4.199999809265137,4.199999809265137,4.138000011444092,3.574936628341675,34500
2010-05-03,4.2779998779296875,4.300000190734863,4.2220001220703125,3.722522020339966,50500
2010-05-04,4.25,4.25,4.090000152587891,3.5493011474609375,478000
2010-05-05,4.105999946594238,4.145999908447266,4.072000026702881,3.563157796859741,72000
2010-05-06,3.9800000190734863,4.004000186920166,3.7699999809265137,3.3674185276031494,104000
2010-05-07,3.875999927520752,3.936000108718872,3.7939999103546143,3.346632242202759,133500
2010-05-10,3.950000047683716,4.03000020980835,3.944000005722046,3.4471001625061035,169000
2010-05-11,3.99399995803833,4.03000020980835,3.9839999675750732,3.490405797958374,183000
2010-05-12,3.9200000762939453,3.9600000381469727,3.9200000762939453,3.428046464920044,59500
2010-05-13,4.0980000495910645,4.122000217437744,4.001999855041504,3.538907527923584,144500
2010-05-14,4.144000053405762,4.168000221252441,4.053999900817871,3.5475687980651855,271000
2010-05-17,3.9839999675750732,4,3.9240000247955322,3.4644227027893066,68500
2010-05-18,4.004000186920166,4.035999774932861,3.9000000953674316,3.4176526069641113,158000
2010-05-19,3.881999969482422,3.881999969482422,3.8420000076293945,3.337970733642578,275500
2010-05-20,3.799999952316284,3.799999952316284,3.680000066757202,3.1872689723968506,94500
2010-05-21,3.680000066757202,3.7780001163482666,3.6519999504089355,3.2704145908355713,211000
2010-05-24,3.75,3.808000087738037,3.75,3.256556987762451,51500
2010-05-25,3.615999937057495,3.6740000247955322,3.5999999046325684,3.17860746383667,145500
2010-05-26,3.7820000648498535,3.8399999141693115,3.7699999809265137,3.2877371311187744,199500
2010-05-27,3.8499999046325684,3.950000047683716,3.8499999046325684,3.4037952423095703,50500
2010-05-28,3.819999933242798,3.8499999046325684,3.799999952316284,3.3345065116882324,754000
2010-06-01,3.869999885559082,3.884000062942505,3.803999900817871,3.296398401260376,133500
2010-06-02,3.9200000762939453,3.944000005722046,3.875999927520752,3.4159204959869385,361500
2010-06-03,3.9140000343322754,3.9140000343322754,3.861999988555908,3.344900369644165,88500
2010-06-04,3.799999952316284,3.828000068664551,3.73799991607666,3.237502336502075,59500
2010-06-07,3.7739999294281006,3.7780001163482666,3.684000015258789,3.1907331943511963,274500
2010-06-08,3.681999921798706,3.700000047683716,3.6500000953674316,3.2045905590057373,102500
2010-06-09,3.552000045776367,3.562000036239624,3.4719998836517334,3.0071182250976562,147000
2010-06-10,3.309999942779541,3.359999895095825,3.259999990463257,2.9101150035858154,80500
2010-06-11,3.4059998989105225,3.437999963760376,3.380000114440918,2.9759387969970703,136000
2010-06-14,3.4019999504089355,3.4179999828338623,3.369999885559082,2.918776273727417,95000
2010-06-15,3.302000045776367,3.3499999046325684,3.2679998874664307,2.8945250511169434,155000
2010-06-16,3.2720000743865967,3.3459999561309814,3.2720000743865967,2.866809368133545,159000
2010-06-17,3.2360000610351562,3.23799991607666,3.2019999027252197,2.7923243045806885,1917500
2010-06-18,3.3399999141693115,3.359999895095825,3.328000068664551,2.882399082183838,98500
2010-06-21,3.374000072479248,3.431999921798706,3.369999885559082,2.962080717086792,112000
2010-06-22,3.2679998874664307,3.2699999809265137,3.200000047683716,2.771538019180298,78000
2010-06-23,3.181999921798706,3.2039999961853027,3.181999921798706,2.7750022411346436,69000
2010-06-24,3.2179999351501465,3.2679998874664307,3.187999963760376,2.814842939376831,164500
2010-06-25,3.3459999561309814,3.364000082015991,3.318000078201294,2.9083828926086426,40000
2010-06-28,3.364000082015991,3.364000082015991,3.3299999237060547,2.904918670654297,23000
2010-06-29,3.25,3.259999990463257,3.2200000286102295,2.7940564155578613,37500
2010-06-30,3.322000026702881,3.380000114440918,3.318000078201294,2.8737385272979736,137000
2010-07-01,3.319999933242798,3.3399999141693115,3.26200008392334,2.8927927017211914,254500
2010-07-02,3.302000045776367,3.3580000400543213,3.299999952316284,2.884131669998169,533000
2010-07-06,3.490000009536743,3.507999897003174,3.440000057220459,2.9984569549560547,52000
2010-07-07,3.496000051498413,3.568000078201294,3.4760000705718994,3.076406955718994,32000
2010-07-08,3.5480000972747803,3.559999942779541,3.5220000743865967,3.083336114883423,52000
2010-07-09,3.5460000038146973,3.6040000915527344,3.5460000038146973,3.1214444637298584,37500
2010-07-12,3.5439999103546143,3.5999999046325684,3.5439999103546143,3.091996908187866,36000
2010-07-13,3.5999999046325684,3.640000104904175,3.5999999046325684,3.149160146713257,88500
2010-07-14,3.5460000038146973,3.562000036239624,3.5299999713897705,3.0573534965515137,42500
2010-07-15,3.5239999294281006,3.5239999294281006,3.4800000190734863,3.0434951782226562,120000
2010-07-16,3.5139999389648438,3.553999900817871,3.4800000190734863,3.0175116062164307,110500
2010-07-19,3.6019999980926514,3.609999895095825,3.563999891281128,3.126640796661377,155500
2010-07-20,3.5339999198913574,3.5899999141693115,3.5299999713897705,3.091996908187866,200500
2010-07-21,3.559999942779541,3.5959999561309814,3.5199999809265137,3.0556206703186035,107500
2010-07-22,3.5280001163482666,3.5799999237060547,3.5280001163482666,3.091996908187866,139500
2010-07-23,3.5220000743865967,3.5799999237060547,3.5220000743865967,3.098925828933716,40000
2010-07-26,3.5320000648498535,3.5840001106262207,3.5320000648498535,3.1041228771209717,30500
2010-07-27,3.7119998931884766,3.7119998931884766,3.6519999504089355,3.163017511367798,132500
2010-07-28,3.742000102996826,3.7699999809265137,3.7320001125335693,3.239234447479248,59500
2010-07-29,3.7920000553131104,3.859999895095825,3.7799999713897705,3.2877371311187744,58000
2010-07-30,3.8420000076293945,3.885999917984009,3.8420000076293945,3.3656861782073975,76000
2010-08-02,3.934000015258789,3.9579999446868896,3.9100000858306885,3.4037952423095703,86500
2010-08-03,3.9200000762939453,3.9260001182556152,3.878000020980835,3.389936923980713,54500
2010-08-04,3.9539999961853027,3.990000009536743,3.9539999961853027,3.4471001625061035,130000
2010-08-05,3.9700000286102295,3.9700000286102295,3.940000057220459,3.42458176612854,145000
2010-08-06,3.9079999923706055,3.936000108718872,3.9000000953674316,3.379544258117676,77500
2010-08-09,3.9820001125335693,3.990000009536743,3.9600000381469727,3.455761194229126,70500
2010-08-10,3.9639999866485596,4.039999961853027,3.9639999866485596,3.4644227027893066,77500
2010-08-11,3.8399999141693115,3.8499999046325684,3.7699999809265137,3.2652182579040527,43500
2010-08-12,3.6500000953674316,3.7019999027252197,3.6500000953674316,3.2045905590057373,33500
2010-08-13,3.7019999027252197,3.7239999771118164,3.7019999027252197,3.225376844406128,85000
2010-08-16,3.75,3.75600004196167,3.7239999771118164,3.239234447479248,40500
2010-08-17,3.808000087738037,3.812000036239624,3.7820000648498535,3.27561092376709,94000
2010-08-18,3.7839999198913574,3.7939999103546143,3.753999948501587,3.2513604164123535,108500
2010-08-19,3.812000036239624,3.812000036239624,3.759999990463257,3.256556987762451,22000
2010-08-20,3.7920000553131104,3.818000078201294,3.7920000553131104,3.306791305541992,47500
2010-08-23,3.822000026702881,3.828000068664551,3.799999952316284,3.291200637817383,61500
2010-08-24,3.6579999923706055,3.6579999923706055,3.5999999046325684,3.1595537662506104,52500
2010-08-25,3.569999933242798,3.569999933242798,3.5320000648498535,3.0816032886505127,80500
2010-08-26,3.558000087738037,3.631999969482422,3.558000087738037,3.0885326862335205,71500
2010-08-27,3.5999999046325684,3.6540000438690186,3.5999999046325684,3.1647496223449707,53500
2010-08-30,3.6600000858306885,3.7079999446868896,3.6519999504089355,3.163017511367798,141000
2010-08-31,3.6500000953674316,3.6659998893737793,3.6500000953674316,3.175143241882324,70500
2010-09-01,3.696000099182129,3.7200000286102295,3.6519999504089355,3.2219128608703613,50500
2010-09-02,3.6500000953674316,3.680000066757202,3.6500000953674316,3.17860746383667,42500
2010-09-03,3.7279999256134033,3.7820000648498535,3.7279999256134033,3.27561092376709,40500
2010-09-07,3.884000062942505,3.884000062942505,3.8299999237060547,3.3171839714050293,68500
2010-09-08,3.864000082015991,3.869999885559082,3.8480000495910645,3.3327746391296387,72500
2010-09-09,3.9100000858306885,3.9100000858306885,3.868000030517578,3.3691508769989014,56000
2010-09-10,3.874000072479248,3.875999927520752,3.8580000400543213,3.343167543411255,67500
2010-09-13,3.9119999408721924,3.9660000801086426,3.9119999408721924,3.3968658447265625,70000
2010-09-14,3.9839999675750732,3.99399995803833,3.937999963760376,3.4505648612976074,76000
2010-09-15,3.9579999446868896,3.9779999256134033,3.9260001182556152,3.4141881465911865,180000
2010-09-16,3.9679999351501465,3.99399995803833,3.9679999351501465,3.4522974491119385,24000
2010-09-17,3.9719998836517334,3.996000051498413,3.9639999866485596,3.4471001625061035,240500
2010-09-20,4.0320000648498535,4.079999923706055,4.021999835968018,3.5337109565734863,240500
2010-09-21,4.085999965667725,4.144000053405762,4.085999965667725,3.5804805755615234,183000
2010-09-22,4.056000232696533,4.076000213623047,4.039999961853027,3.5285141468048096,53000
2010-09-23,4.010000228881836,4.070000171661377,4.001999855041504,3.4852089881896973,72500
2010-09-24,4.170000076293945,4.188000202178955,4.139999866485596,3.620321750640869,100500
2010-09-27,4.320000171661377,4.363999843597412,4.309999942779541,3.7588980197906494,277000
2010-09-28,4.380000114440918,4.414000034332275,4.349999904632568,3.822990894317627,258000
2010-09-29,4.361999988555908,4.369999885559082,4.329999923706055,3.7762205600738525,149000
2010-09-30,4.369999885559082,4.400000095367432,4.343999862670898,3.798738956451416,273500
2010-10-01,4.400000095367432,4.400000095367432,4.360000133514404,3.786614179611206,68000
2010-10-04,4.4720001220703125,4.4720001220703125,4.3979997634887695,3.8091320991516113,215500
2010-10-05,4.363999843597412,4.389999866485596,4.309999942779541,3.7900781631469727,202500
2010-10-06,4.361999988555908,4.4079999923706055,4.361999988555908,3.810863971710205,118500
2010-10-07,4.297999858856201,4.3460001945495605,4.297999858856201,3.7606301307678223,56000
2010-10-08,4.421999931335449,4.46999979019165,4.418000221252441,3.8628313541412354,51000
2010-10-11,4.515999794006348,4.561999797821045,4.515999794006348,3.9459781646728516,144000
2010-10-12,4.668000221252441,4.73799991607666,4.668000221252441,4.103609085083008,79000
2010-10-13,4.863999843597412,4.874000072479248,4.823999881744385,4.2179341316223145,61000
2010-10-14,4.734000205993652,4.734000205993652,4.682000160217285,4.0862860679626465,163000
2010-10-15,4.77400016784668,4.77400016784668,4.73199987411499,4.133056163787842,121500
2010-10-18,4.771999835968018,4.826000213623047,4.771999835968018,4.179825782775879,67500
2010-10-19,4.754000186920166,4.757999897003174,4.71999979019165,4.08801794052124,97000
2010-10-20,4.6539998054504395,4.72599983215332,4.6539998054504395,4.070694923400879,230000
2010-10-21,4.817999839782715,4.817999839782715,4.74399995803833,4.115734100341797,1517000
2010-10-22,4.78000020980835,4.78000020980835,4.730000019073486,4.114002704620361,164500
2010-10-25,4.802000045776367,4.808000087738037,4.771999835968018,4.155574321746826,770000
2010-10-26,4.697999954223633,4.702000141143799,4.6620001792907715,4.070694923400879,125000
2010-10-27,4.645999908447266,4.645999908447266,4.576000213623047,3.9892823696136475,69000
2010-10-28,4.519999980926514,4.564000129699707,4.519999980926514,3.9477100372314453,85500
2010-10-29,4.552000045776367,4.639999866485596,4.552000045776367,4.003140449523926,803000
2010-11-01,4.794000148773193,4.840000152587891,4.78000020980835,4.16596794128418,537000
2010-11-02,4.7820000648498535,4.866000175476074,4.7820000648498535,4.207540035247803,269000
2010-11-03,4.840000152587891,4.868000030517578,4.840000152587891,4.2162017822265625,168500
2010-11-04,4.688000202178955,4.71999979019165,4.650000095367432,4.044713020324707,356500
2010-11-05,4.693999767303467,4.736000061035156,4.693999767303467,4.08801794052124,76000
2010-11-08,4.645999908447266,4.645999908447266,4.561999797821045,3.9511730670928955,790000
2010-11-09,4.739999771118164,4.829999923706055,4.71999979019165,4.096679210662842,1250500
2010-11-10,4.622000217437744,4.622000217437744,4.579999923706055,3.966763496398926,139500
2010-11-11,4.559999942779541,4.5960001945495605,4.5320000648498535,3.959834337234497,825500
2010-11-12,4.552000045776367,4.556000232696533,4.489999771118164,3.921725273132324,345000
2010-11-15,4.656000137329102,4.677999973297119,4.573999881744385,3.966763496398926,818000
2010-11-16,4.449999809265137,4.489999771118164,4.335999965667725,3.7762205600738525,1357000
2010-11-17,4.328000068664551,4.3460001945495605,4.289999961853027,3.7571661472320557,247000
2010-11-18,4.48199987411499,4.570000171661377,4.48199987411499,3.9199936389923096,133000
2010-11-19,4.573999881744385,4.585999965667725,4.53000020980835,3.9702277183532715,161500
2010-11-22,4.546000003814697,4.547999858856201,4.5,3.9078683853149414,88500
2010-11-23,4.320000171661377,4.392000198364258,4.320000171661377,3.8039352893829346,122500
2010-11-24,4.340000152587891,4.418000221252441,4.340000152587891,3.8247220516204834,181000
2010-11-26,4.308000087738037,4.317999839782715,4.28000020980835,3.734646797180176,41500
2010-11-29,4.3979997634887695,4.449999809265137,4.368000030517578,3.7935423851013184,60000
2010-11-30,4.440000057220459,4.452000141143799,4.421999931335449,3.829918384552002,129500
2010-12-01,4.510000228881836,4.565999984741211,4.473999977111816,3.916529655456543,193000
2010-12-02,4.585999965667725,4.610000133514404,4.579999923706055,3.9702277183532715,357000
2010-12-03,4.429999828338623,4.4679999351501465,4.420000076293945,3.8576338291168213,191500
2010-12-06,4.546000003814697,4.561999797821045,4.486000061035156,3.9234580993652344,88000
2010-12-07,4.590000152587891,4.6539998054504395,4.584000110626221,4.003140449523926,229000
2010-12-08,4.53000020980835,4.539999961853027,4.489999771118164,3.9321186542510986,38500
2010-12-09,4.533999919891357,4.605999946594238,4.533999919891357,3.9892823696136475,186500
2010-12-10,4.6539998054504395,4.74399995803833,4.6539998054504395,4.108805179595947,391500
2010-12-13,4.6539998054504395,4.659999847412109,4.604000091552734,3.9875502586364746,148000
2010-12-14,4.679999828338623,4.716000080108643,4.6519999504089355,4.070694923400879,191500
2010-12-15,4.611999988555908,4.613999843597412,4.590000152587891,3.977156162261963,98500
2010-12-16,4.5,4.513999938964844,4.449999809265137,3.8905467987060547,137000
2010-12-17,4.46999979019165,4.489999771118164,4.432000160217285,3.8888144493103027,154000
2010-12-20,4.409999847412109,4.449999809265137,4.400000095367432,3.8455088138580322,239000
2010-12-21,4.453999996185303,4.53000020980835,4.429999828338623,3.9044032096862793,698500
2010-12-22,4.46999979019165,4.51200008392334,4.46999979019165,3.8888144493103027,231000
2010-12-23,4.4720001220703125,4.48199987411499,4.46999979019165,3.8732244968414307,89500
2010-12-27,4.46999979019165,4.504000186920166,4.460000038146973,3.8766884803771973,91000
2010-12-28,4.458000183105469,4.458000183105469,4.4019999504089355,3.8541691303253174,113000
2010-12-29,4.4079999923706055,4.47599983215332,4.4079999923706055,3.8749563694000244,168500
2010-12-30,4.420000076293945,4.443999767303467,4.4120001792907715,3.847240447998047,125500
2010-12-31,4.375999927520752,4.3979997634887695,4.374000072479248,3.798738956451416,123500
2011-01-03,4.489999771118164,4.538000106811523,4.4720001220703125,3.9061367511749268,312000
2011-01-04,4.5960001945495605,4.599999904632568,4.579999923706055,3.9840855598449707,112000
2011-01-05,4.578000068664551,4.650000095367432,4.578000068664551,4.027390480041504,70000
2011-01-06,4.659999847412109,4.659999847412109,4.618000030517578,4.027390480041504,286500
2011-01-07,4.579999923706055,4.619999885559082,4.550000190734863,3.9927477836608887,501000
2011-01-10,4.624000072479248,4.624000072479248,4.590000152587891,3.9754247665405273,2744000
2011-01-11,4.6519999504089355,4.6579999923706055,4.619999885559082,4.003140449523926,236500
2011-01-12,4.769999980926514,4.849999904632568,4.769999980926514,4.191951751708984,189500
2011-01-13,4.955999851226807,5.010000228881836,4.955999851226807,4.3305277824401855,131000
2011-01-14,5.199999809265137,5.199999809265137,5.139999866485596,4.503749370574951,174500
2011-01-18,5.190000057220459,5.196000099182129,5.159999847412109,4.500284671783447,689000
2011-01-19,5.168000221252441,5.168000221252441,5.099999904632568,4.434459686279297,303500
2011-01-20,5.053999900817871,5.053999900817871,4.960000038146973,4.3305277824401855,524000
2011-01-21,4.888000011444092,4.920000076293945,4.888000011444092,4.247382164001465,867000
2011-01-24,4.892000198364258,4.918000221252441,4.889999866485596,4.25777530670166,178000
2011-01-25,5.110000133514404,5.110000133514404,5.064000129699707,4.41713809967041,239000
2011-01-26,5.230000019073486,5.230000019073486,5.190000057220459,4.51760721206665,145000
2011-01-27,5.1620001792907715,5.164000034332275,5.122000217437744,4.451782703399658,161000
2011-01-28,5.21999979019165,5.239999771118164,5.170000076293945,4.48642635345459,294000
2011-01-31,5.199999809265137,5.211999893188477,5.179999828338623,4.5124101638793945,220000
2011-02-01,5.170000076293945,5.191999912261963,5.145999908447266,4.496819972991943,157000
2011-02-02,5.349999904632568,5.377999782562256,5.320000171661377,4.652719497680664,155500
2011-02-03,5.383999824523926,5.395999908447266,5.334000110626221,4.671773910522461,67500
2011-02-04,5.383999824523926,5.395999908447266,5.340000152587891,4.673506259918213,173000
2011-02-07,5.24399995803833,5.269999980926514,5.24399995803833,4.55744743347168,159500
2011-02-08,4.960000038146973,5.01800012588501,4.949999809265137,4.342652797698975,177500
2011-02-09,4.929999828338623,4.938000202178955,4.900000095367432,4.266436576843262,127000
2011-02-10,4.8379998207092285,4.857999801635742,4.811999797821045,4.204076290130615,188000
2011-02-11,5.033999919891357,5.111999988555908,5.033999919891357,4.4275312423706055,97500
2011-02-14,5.199999809265137,5.23199987411499,5.199999809265137,4.529732704162598,129000
2011-02-15,5.21999979019165,5.21999979019165,5.165999889373779,4.519339084625244,120500
2011-02-16,5.179999828338623,5.210000038146973,5.179999828338623,4.49508810043335,66000
2011-02-17,5.257999897003174,5.265999794006348,5.197999954223633,4.560911178588867,86500
2011-02-18,5.3420000076293945,5.388000011444092,5.3420000076293945,4.659648418426514,168000
2011-02-22,5.065999984741211,5.079999923706055,5.001999855041504,4.372100830078125,142000
2011-02-23,4.934000015258789,4.98799991607666,4.918000221252441,4.287222862243652,133500
2011-02-24,5.039999961853027,5.059999942779541,5,4.339188575744629,273500
2011-02-25,5.1519999504089355,5.182000160217285,5.133999824523926,4.474301338195801,191000
2011-02-28,5.269999980926514,5.357999801635742,5.269999980926514,4.6353960037231445,185500
2011-03-01,5.400000095367432,5.420000076293945,5.383999824523926,4.668308734893799,191000
2011-03-02,5.4120001792907715,5.435999870300293,5.409999847412109,4.701220989227295,181000
2011-03-03,5.440000057220459,5.5,5.434000015258789,4.751455307006836,109500
2011-03-04,5.703999996185303,5.703999996185303,5.6479997634887695,4.909087181091309,183000
2011-03-07,5.579999923706055,5.624000072479248,5.550000190734863,4.832868576049805,203000
2011-03-08,5.673999786376953,5.76800012588501,5.673999786376953,4.993965148925781,139000
2011-03-09,5.788000106811523,5.797999858856201,5.742000102996826,4.987036228179932,122000
2011-03-10,5.631999969482422,5.631999969482422,5.550000190734863,4.832868576049805,181000
2011-03-11,5.5279998779296875,5.618000030517578,5.5279998779296875,4.862316131591797,209000
2011-03-14,5.74399995803833,5.760000228881836,5.705999851226807,4.967981338500977,64000
2011-03-15,5.400000095367432,5.5,5.380000114440918,4.760115623474121,664000
2011-03-16,5.5320000648498535,5.567999839782715,5.400000095367432,4.702952861785889,141000
2011-03-17,4.98199987411499,5.079999923706055,4.961999893188477,4.35651159286499,352500
2011-03-18,4.947999954223633,4.960000038146973,4.932000160217285,4.285490989685059,135000
2011-03-21,4.9039998054504395,4.99399995803833,4.9039998054504395,4.2958831787109375,186500
2011-03-22,4.920000076293945,4.934000015258789,4.900000095367432,4.266436576843262,233500
2011-03-23,4.834000110626221,4.880000114440918,4.829999923706055,4.224863052368164,347500
2011-03-24,4.960000038146973,5.038000106811523,4.960000038146973,4.344385147094727,221000
2011-03-25,5.078000068664551,5.090000152587891,5.019999980926514,4.373833656311035,367500
2011-03-28,4.949999809265137,4.966000080108643,4.909999847412109,4.29068660736084,251500
2011-03-29,4.849999904632568,4.923999786376953,4.849999904632568,4.264703273773193,260000
2011-03-30,5.019999980926514,5.058000087738037,4.984000205993652,4.3703694343566895,183000
2011-03-31,4.900000095367432,4.909999847412109,4.880000114440918,4.22832727432251,462500
2011-04-01,4.949999809265137,5.010000228881836,4.949999809265137,4.328795909881592,277500
2011-04-04,5.019999980926514,5.081999778747559,5.019999980926514,4.3824944496154785,574500
2011-04-05,5.059999942779541,5.079999923706055,5.03000020980835,4.392887115478516,170000
2011-04-06,5.239999771118164,5.296000003814697,5.239999771118164,4.586894512176514,165500
2011-04-07,5.309999942779541,5.326000213623047,5.260000228881836,4.581699371337891,147500
2011-04-08,5.300000190734863,5.329999923706055,5.297999858856201,4.611146450042725,602000
2011-04-11,5.184000015258789,5.184000015258789,5.119999885559082,4.434459686279297,205500
2011-04-12,4.980000019073486,5.01200008392334,4.940000057220459,4.313205718994141,230500
2011-04-13,5.1579999923706055,5.1579999923706055,5.127999782562256,4.443121910095215,83000
2011-04-14,5.165999889373779,5.165999889373779,5.130000114440918,4.474301338195801,96000
2011-04-15,5.156000137329102,5.203999996185303,5.1519999504089355,4.48642635345459,133500
2011-04-18,5.125999927520752,5.125999927520752,5.073999881744385,4.437924861907959,168500
2011-04-19,5.144000053405762,5.208000183105469,5.144000053405762,4.508945941925049,272500
2011-04-20,5.513999938964844,5.5879998207092285,5.513999938964844,4.810349941253662,291000
2011-04-21,5.5920000076293945,5.670000076293945,5.590000152587891,4.893496513366699,250500
2011-04-25,5.699999809265137,5.699999809265137,5.619999885559082,4.898693084716797,154500
2011-04-26,5.760000228881836,5.855999946594238,5.760000228881836,5.058056354522705,309500
2011-04-27,5.659999847412109,5.693999767303467,5.599999904632568,4.910819053649902,353500
2011-04-28,5.693999767303467,5.754000186920166,5.693999767303467,4.945463180541992,110500
2011-04-29,5.71999979019165,5.71999979019165,5.690000057220459,4.94911003112793,100000
2011-05-02,5.7220001220703125,5.7220001220703125,5.670000076293945,4.923061847686768,253000
2011-05-03,5.599999904632568,5.638000011444092,5.546000003814697,4.836235523223877,322000
2011-05-04,5.449999809265137,5.449999809265137,5.374000072479248,4.69731330871582,224500
2011-05-05,5.420000076293945,5.449999809265137,5.381999969482422,4.688631057739258,85000
2011-05-06,5.5,5.5,5.440000057220459,4.758091449737549,135000
2011-05-09,5.427999973297119,5.440000057220459,5.368000030517578,4.705996513366699,206000
2011-05-10,5.427999973297119,5.452000141143799,5.427999973297119,4.723361492156982,113000
2011-05-11,5.440000057220459,5.550000190734863,5.429999828338623,4.8188700675964355,405500
2011-05-12,5.605999946594238,5.702000141143799,5.605999946594238,4.940426826477051,310500
2011-05-13,5.665999889373779,5.665999889373779,5.584000110626221,4.862281799316406,162500
2011-05-16,5.605999946594238,5.670000076293945,5.605999946594238,4.888331413269043,228500
2011-05-17,5.489999771118164,5.504000186920166,5.453999996185303,4.778929710388184,160000
2011-05-18,5.6479997634887695,5.659999847412109,5.599999904632568,4.8987507820129395,165000
2011-05-19,5.716000080108643,5.728000164031982,5.630000114440918,4.93521785736084,315000
2011-05-20,5.696000099182129,5.696000099182129,5.636000156402588,4.902223110198975,112000
2011-05-23,5.550000190734863,5.559999942779541,5.533999919891357,4.811923980712891,129000
2011-05-24,5.51200008392334,5.513999938964844,5.449999809265137,4.768510818481445,131500
2011-05-25,5.539999961853027,5.570000171661377,5.489999771118164,4.836235523223877,120500
2011-05-26,5.625999927520752,5.625999927520752,5.573999881744385,4.857073783874512,84000
2011-05-27,5.559999942779541,5.559999942779541,5.519999980926514,4.810187339782715,144000
2011-05-31,5.723999977111816,5.769999980926514,5.723999977111816,4.983839988708496,270500
2011-06-01,5.788000106811523,5.789999961853027,5.685999870300293,4.936954021453857,296500
2011-06-02,5.699999809265137,5.702000141143799,5.625999927520752,4.931744575500488,178000
2011-06-03,5.676000118255615,5.702000141143799,5.627999782562256,4.926534175872803,110000
2011-06-06,5.670000076293945,5.670000076293945,5.6020002365112305,4.872701644897461,299500
2011-06-07,5.550000190734863,5.5879998207092285,5.550000190734863,4.831026077270508,165500
2011-06-08,5.552000045776367,5.611999988555908,5.539999961853027,4.82755184173584,133000
2011-06-09,5.440000057220459,5.449999809265137,5.388000011444092,4.709468841552734,170500
2011-06-10,5.23199987411499,5.291999816894531,5.184000015258789,4.501084804534912,156500
2011-06-13,5.308000087738037,5.3379998207092285,5.242000102996826,4.5809645652771,169000
2011-06-14,5.184000015258789,5.234000205993652,5.184000015258789,4.50282096862793,341000
2011-06-15,5.184000015258789,5.184000015258789,5.150000095367432,4.4871931076049805,105500
2011-06-16,5.084000110626221,5.084000110626221,5.03000020980835,4.376054763793945,198500
2011-06-17,4.874000072479248,4.9019999504089355,4.8480000495910645,4.237132549285889,142500
2011-06-20,5.021999835968018,5.081999778747559,5.021999835968018,4.393420696258545,88000
2011-06-21,5.248000144958496,5.265999794006348,5.188000202178955,4.570546627044678,106000
2011-06-22,5.3480000495910645,5.3979997634887695,5.326000213623047,4.662581920623779,359500
2011-06-23,5.248000144958496,5.285999774932861,5.21999979019165,4.558390140533447,134000
2011-06-24,5.363999843597412,5.4039998054504395,5.343999862670898,4.646953105926514,166500
2011-06-27,5.349999904632568,5.392000198364258,5.311999797821045,4.6816840171813965,329000
2011-06-28,5.3520002365112305,5.388000011444092,5.311999797821045,4.666055202484131,149500
2011-06-29,5.234000205993652,5.289999961853027,5.234000205993652,4.584439754486084,305000
2011-06-30,5.453999996185303,5.48799991607666,5.4039998054504395,4.758091449737549,160500
2011-07-01,5.458000183105469,5.538000106811523,5.441999912261963,4.808451175689697,153000
2011-07-05,5.556000232696533,5.556000232696533,5.48199987411499,4.801504611968994,105500
2011-07-06,5.486000061035156,5.556000232696533,5.486000061035156,4.813660621643066,200000
2011-07-07,5.550000190734863,5.578000068664551,5.521999835968018,4.843181610107422,242500
2011-07-08,5.349999904632568,5.438000202178955,5.349999904632568,4.714677333831787,118000
2011-07-11,5.340000152587891,5.349999904632568,5.248000144958496,4.556654930114746,113500
2011-07-12,5.090000152587891,5.176000118255615,5.090000152587891,4.471563339233398,493000
2011-07-13,5.289999961853027,5.349999904632568,5.289999961853027,4.617432594299316,72500
2011-07-14,5.4019999504089355,5.4019999504089355,5.3420000076293945,4.638271331787109,98500
2011-07-15,5.415999889373779,5.464000225067139,5.415999889373779,4.705996513366699,76000
2011-07-18,5.368000030517578,5.420000076293945,5.343999862670898,4.662581920623779,81500
2011-07-19,5.294000148773193,5.369999885559082,5.294000148773193,4.645216941833496,104500
2011-07-20,5.354000091552734,5.354000091552734,5.303999900817871,4.640007495880127,232000
2011-07-21,5.202000141143799,5.300000190734863,5.202000141143799,4.598330497741699,59000
2011-07-22,5.315999984741211,5.315999984741211,5.254000186920166,4.567073345184326,110500
2011-07-25,5.242000102996826,5.260000228881836,5.211999893188477,4.551445007324219,46500
2011-07-26,5.3480000495910645,5.349999904632568,5.283999919891357,4.587912559509277,110000
2011-07-27,5.317999839782715,5.317999839782715,5.21999979019165,4.532341957092285,165500
2011-07-28,5.23199987411499,5.288000106811523,5.210000038146973,4.523659706115723,119000
2011-07-29,5.197999954223633,5.214000225067139,5.165999889373779,4.523659706115723,126500
2011-08-01,5.349999904632568,5.377999782562256,5.25,4.601804256439209,330500
2011-08-02,5.260000228881836,5.335999965667725,5.230000019073486,4.541024208068848,104000
2011-08-03,5.234000205993652,5.289999961853027,5.210000038146973,4.567073345184326,176500
2011-08-04,5.179999828338623,5.193999767303467,5.03000020980835,4.384737968444824,482500
2011-08-05,5.039999961853027,5.130000114440918,4.946000099182129,4.35869026184082,216000
2011-08-08,4.872000217437744,4.906000137329102,4.679999828338623,4.082581996917725,173500
2011-08-09,4.685999870300293,4.906000137329102,4.650000095367432,4.259706974029541,199000
2011-08-10,4.886000156402588,4.886000156402588,4.28000020980835,3.7161736488342285,497500
2011-08-11,4.5960001945495605,4.835999965667725,4.5960001945495605,4.198928356170654,367500
2011-08-12,4.794000148773193,4.815999984741211,4.7220001220703125,4.125994682312012,214000
2011-08-15,4.822000026702881,4.889999866485596,4.822000026702881,4.237132549285889,164000
2011-08-16,4.677999973297119,4.679999828338623,4.625999927520752,4.020066738128662,206500
2011-08-17,4.639999866485596,4.668000221252441,4.619999885559082,4.011384010314941,226500
2011-08-18,4.46999979019165,4.559999942779541,4.449999809265137,3.8863534927368164,266000
2011-08-19,4.409999847412109,4.48799991607666,4.355999946594238,3.816892147064209,151000
2011-08-22,4.380000114440918,4.380000114440918,4.300000190734863,3.738748073577881,156000
2011-08-23,4.461999893188477,4.53000020980835,4.4039998054504395,3.933239698410034,213000
2011-08-24,4.5,4.579999923706055,4.453999996185303,3.9488685131073,206000
2011-08-25,4.480000019073486,4.556000232696533,4.420000076293945,3.8655152320861816,382000
2011-08-26,4.4679999351501465,4.561999797821045,4.434000015258789,3.961024045944214,134000
2011-08-29,4.6020002365112305,4.693999767303467,4.6020002365112305,4.046114921569824,131500
2011-08-30,4.668000221252441,4.685999870300293,4.604000091552734,4.063478946685791,131000
2011-08-31,4.789999961853027,4.789999961853027,4.734000205993652,4.157252788543701,153500
2011-09-01,4.823999881744385,4.880000114440918,4.75,4.157252788543701,233500
2011-09-02,4.734000205993652,4.789999961853027,4.7220001220703125,4.124258041381836,356500
2011-09-06,4.638000011444092,4.74399995803833,4.627999782562256,4.117311954498291,97500
2011-09-07,4.855999946594238,4.900000095367432,4.7779998779296875,4.233659267425537,140500
2011-09-08,4.811999797821045,4.811999797821045,4.716000080108643,4.108628749847412,129000
2011-09-09,4.73199987411499,4.73199987411499,4.593999862670898,3.9888081550598145,123500
2011-09-12,4.552000045776367,4.552000045776367,4.46999979019165,3.933239698410034,161000
2011-09-13,4.550000190734863,4.636000156402588,4.513999938964844,3.974916458129883,106500
2011-09-14,4.570000171661377,4.656000137329102,4.552000045776367,4.042640686035156,84500
2011-09-15,4.510000228881836,4.550000190734863,4.478000164031982,3.9419219493865967,133500
2011-09-16,4.558000087738037,4.605999946594238,4.547999858856201,3.95928692817688,249000
2011-09-19,4.409999847412109,4.478000164031982,4.4079999923706055,3.868988037109375,104500
2011-09-20,4.438000202178955,4.440000057220459,4.381999969482422,3.804736614227295,128000
2011-09-21,4.3520002365112305,4.3520002365112305,4.199999809265137,3.6467132568359375,478000
2011-09-22,4.056000232696533,4.056000232696533,3.8580000400543213,3.3497660160064697,195500
2011-09-23,4.0320000648498535,4.0879998207092285,4.019999980926514,3.5407845973968506,166500
2011-09-26,4.053999900817871,4.053999900817871,3.99399995803833,3.5077900886535645,178000
2011-09-27,4.076000213623047,4.199999809265137,4.076000213623047,3.60677170753479,299500
2011-09-28,4.214000225067139,4.271999835968018,4.133999824523926,3.5894064903259277,96000
2011-09-29,4.21999979019165,4.26200008392334,4.1020002365112305,3.6241376399993896,108000
2011-09-30,4.230000019073486,4.230000019073486,4.142000198364258,3.60677170753479,410000
2011-10-03,3.8499999046325684,3.861999988555908,3.7699999809265137,3.282041549682617,295000
2011-10-04,3.6659998893737793,3.7799999713897705,3.6519999504089355,3.282041549682617,364000
2011-10-05,3.7119998931884766,3.880000114440918,3.7119998931884766,3.342819929122925,300500
2011-10-06,4.1579999923706055,4.230000019073486,4.1479997634887695,3.6553945541381836,220500
2011-10-07,4.406000137329102,4.4079999923706055,4.320000171661377,3.7821619510650635,123000
2011-10-10,4.3480000495910645,4.4019999504089355,4.3480000495910645,3.796053886413574,89500
2011-10-11,4.323999881744385,4.395999908447266,4.323999881744385,3.7925806045532227,64500
2011-10-12,4.440000057220459,4.547999858856201,4.440000057220459,3.9037182331085205,107500
2011-10-13,4.418000221252441,4.4720001220703125,4.368000030517578,3.83773136138916,141000
2011-10-14,4.429999828338623,4.50600004196167,4.429999828338623,3.849886655807495,70000
2011-10-17,4.546000003814697,4.570000171661377,4.409999847412109,3.8307840824127197,185000
2011-10-18,4.334000110626221,4.421999931335449,4.239999771118164,3.770005941390991,285000
2011-10-19,4.289999961853027,4.349999904632568,4.23799991607666,3.6797068119049072,126500
2011-10-20,4.2179999351501465,4.2179999351501465,4.142000198364258,3.6102452278137207,114500
2011-10-21,4.182000160217285,4.26200008392334,4.182000160217285,3.6484487056732178,152500
2011-10-24,4.406000137329102,4.489999771118164,4.406000137329102,3.868988037109375,175000
2011-10-25,4.519999980926514,4.526000022888184,4.4679999351501465,3.8985095024108887,123500
2011-10-26,4.535999774932861,4.585999965667725,4.441999912261963,3.9436581134796143,201500
2011-10-27,4.800000190734863,4.868000030517578,4.736000061035156,4.193719387054443,132000
2011-10-28,4.829999923706055,4.8460001945495605,4.78000020980835,4.158988952636719,126500
2011-10-31,4.723999977111816,4.723999977111816,4.599999904632568,4.021803379058838,86000
2011-11-01,4.441999912261963,4.559999942779541,4.441999912261963,3.9071922302246094,139500
2011-11-02,4.702000141143799,4.771999835968018,4.691999912261963,4.115576267242432,132500
2011-11-03,4.745999813079834,4.765999794006348,4.638000011444092,4.091263771057129,162500
2011-11-04,4.618000030517578,4.673999786376953,4.564000129699707,4.027012348175049,817000
2011-11-07,4.5,4.550000190734863,4.460000038146973,3.933239698410034,175000
2011-11-08,4.334000110626221,4.334000110626221,4.2220001220703125,3.745694398880005,120500
2011-11-09,4.214000225067139,4.214000225067139,4.019999980926514,3.4904251098632812,193000
2011-11-10,4.188000202178955,4.188000202178955,4.085999965667725,3.5911433696746826,87000
2011-11-11,4.038000106811523,4.107999801635742,4.038000106811523,3.5512032508850098,235000
2011-11-14,4.084000110626221,4.144000053405762,3.9860000610351562,3.4765326976776123,340000
2011-11-15,3.98799991607666,4.064000129699707,3.98799991607666,3.5077900886535645,111500
2011-11-16,3.9760000705718994,4.021999835968018,3.944000005722046,3.4279098510742188,368500
2011-11-17,3.934000015258789,3.9800000190734863,3.8459999561309814,3.3393466472625732,177000
2011-11-18,3.828000068664551,3.885999917984009,3.819999933242798,3.3219809532165527,177000
2011-11-21,3.885999917984009,3.9100000858306885,3.8580000400543213,3.367130994796753,1528000
2011-11-22,4.1020002365112305,4.1020002365112305,3.9860000610351562,3.5077900886535645,2789000
2011-11-23,3.992000102996826,3.992000102996826,3.9100000858306885,3.4035985469818115,333000
2011-11-25,3.9000000953674316,3.9059998989105225,3.8519999980926514,3.3445563316345215,152500
2011-11-28,3.828000068664551,3.828000068664551,3.75600004196167,3.287250518798828,384000
2011-11-29,3.753999948501587,3.7839999198913574,3.73799991607666,3.2542564868927,244000
2011-11-30,3.75600004196167,3.9119999408721924,3.75600004196167,3.354975938796997,331000
2011-12-01,4.050000190734863,4.050000190734863,3.9600000381469727,3.4817421436309814,639000
2011-12-02,3.890000104904175,3.946000099182129,3.869999885559082,3.386232614517212,239000
2011-12-05,3.9119999408721924,3.940000057220459,3.8919999599456787,3.387969732284546,120500
2011-12-06,3.930000066757202,3.9779999256134033,3.930000066757202,3.4418015480041504,291500
2011-12-07,3.9779999256134033,3.9800000190734863,3.930000066757202,3.4418015480041504,247500
2011-12-08,3.940000057220459,3.9600000381469727,3.864000082015991,3.354975938796997,602500
2011-12-09,3.8580000400543213,3.8940000534057617,3.8320000171661377,3.381023645401001,233500
2011-12-12,3.7899999618530273,3.7899999618530273,3.631999969482422,3.210843324661255,391500
2011-12-13,3.7920000553131104,3.8480000495910645,3.7339999675750732,3.242100238800049,371500
2011-12-14,3.808000087738037,3.809999942779541,3.759999990463257,3.2681491374969482,328500
2011-12-15,3.8459999561309814,3.8940000534057617,3.8299999237060547,3.325453996658325,365000
2011-12-16,3.885999917984009,3.9179999828338623,3.859999895095825,3.3567118644714355,351000
2011-12-19,3.9240000247955322,3.9800000190734863,3.9059998989105225,3.4018614292144775,650500
2011-12-20,3.927999973297119,4.02400016784668,3.927999973297119,3.464376926422119,505000
2011-12-21,3.9639999866485596,3.992000102996826,3.934000015258789,3.4418015480041504,275500
2011-12-22,3.9820001125335693,4.03000020980835,3.9820001125335693,3.4765326976776123,449000
2011-12-23,4.0980000495910645,4.0980000495910645,4.038000106811523,3.530364513397217,243500
2011-12-27,4.047999858856201,4.110000133514404,4.047999858856201,3.537310838699341,257500
2011-12-28,4.007999897003174,4.067999839782715,3.9719998836517334,3.464376926422119,208000
2011-12-29,3.9700000286102295,4.03000020980835,3.9700000286102295,3.4938979148864746,254000
2011-12-30,3.9839999675750732,4.061999797821045,3.9839999675750732,3.497370481491089,372500
2012-01-03,4.078000068664551,4.156000137329102,4.078000068664551,3.563359260559082,636000
2012-01-04,4.015999794006348,4.119999885559082,4.015999794006348,3.5477302074432373,641500
2012-01-05,4.044000148773193,4.078000068664551,4.02400016784668,3.5268912315368652,183000
2012-01-06,3.9579999446868896,4.0320000648498535,3.9579999446868896,3.464376926422119,166500
2012-01-09,3.9579999446868896,4.026000022888184,3.9579999446868896,3.4938979148864746,583000
2012-01-10,4.142000198364258,4.188000202178955,4.142000198364258,3.620664119720459,182000
2012-01-11,4.25600004196167,4.3379998207092285,4.25600004196167,3.750903606414795,91500
2012-01-12,4.357999801635742,4.357999801635742,4.306000232696533,3.7682697772979736,327000
2012-01-13,4.326000213623047,4.3979997634887695,4.322000026702881,3.7752153873443604,467000
2012-01-17,4.556000232696533,4.570000171661377,4.519999980926514,3.9453961849212646,350500
2012-01-18,4.639999866485596,4.710000038146973,4.639999866485596,4.084318161010742,139000
2012-01-19,4.676000118255615,4.690000057220459,4.639999866485596,4.042640686035156,155500
2012-01-20,4.631999969482422,4.696000099182129,4.631999969482422,4.0738983154296875,276500
2012-01-23,4.6479997634887695,4.730000019073486,4.6479997634887695,4.091263771057129,397500
2012-01-24,4.714000225067139,4.72599983215332,4.690000057220459,4.103419303894043,221000
2012-01-25,4.716000080108643,4.776000022888184,4.679999828338623,4.103419303894043,272500
2012-01-26,4.78000020980835,4.78000020980835,4.684000015258789,4.066951751708984,87000
2012-01-27,4.630000114440918,4.708000183105469,4.630000114440918,4.080844402313232,357000
2012-01-30,4.710000038146973,4.78000020980835,4.710000038146973,4.150306701660156,189000
2012-01-31,4.860000133514404,4.921999931335449,4.860000133514404,4.237132549285889,153000
2012-02-01,4.808000087738037,4.820000171661377,4.7179999351501465,4.174616813659668,251500
2012-02-02,4.809999942779541,4.8480000495910645,4.809999942779541,4.202401638031006,197000
2012-02-03,4.78000020980835,4.861999988555908,4.78000020980835,4.198928356170654,126000
2012-02-06,4.771999835968018,4.829999923706055,4.769999980926514,4.141623497009277,125500
2012-02-07,4.696000099182129,4.785999774932861,4.696000099182129,4.131204128265381,124000
2012-02-08,4.8480000495910645,4.8480000495910645,4.769999980926514,4.141623497009277,175000
2012-02-09,4.863999843597412,4.920000076293945,4.863999843597412,4.249288082122803,489000
2012-02-10,4.7820000648498535,4.7820000648498535,4.751999855041504,4.138149738311768,332500
2012-02-13,4.817999839782715,4.872000217437744,4.817999839782715,4.195455551147461,200500
2012-02-14,4.8480000495910645,4.8480000495910645,4.771999835968018,4.178090572357178,166500
2012-02-15,4.955999851226807,4.989999771118164,4.943999767303467,4.292701721191406,178000
2012-02-16,5.122000217437744,5.191999912261963,5.122000217437744,4.5062947273254395,195000
2012-02-17,5.145999908447266,5.165999889373779,5.081999778747559,4.421205043792725,147500
2012-02-21,4.980000019073486,5.070000171661377,4.958000183105469,4.311803340911865,149000
2012-02-22,5.061999797821045,5.136000156402588,5.035999774932861,4.3812642097473145,178000
2012-02-23,5.110000133514404,5.156000137329102,5.104000091552734,4.475037574768066,302000
2012-02-24,5.159999847412109,5.168000221252441,5.145999908447266,4.480246543884277,317500
2012-02-27,5.039999961853027,5.099999904632568,5.033999919891357,4.412521839141846,137000
2012-02-28,5.159999847412109,5.182000160217285,5.139999866485596,4.4993486404418945,148000
2012-02-29,5.184000015258789,5.289999961853027,5.150000095367432,4.471563339233398,270500
2012-03-01,5.176000118255615,5.176000118255615,5.136000156402588,4.480246543884277,112500
2012-03-02,5.122000217437744,5.142000198364258,5.119999885559082,4.448989391326904,351500
2012-03-05,5.138000011444092,5.138000011444092,5.064000129699707,4.409048557281494,83000
2012-03-06,5.0320000648498535,5.0320000648498535,4.941999912261963,4.297910690307617,310000
2012-03-07,4.973999977111816,5.039999961853027,4.973999977111816,4.362163543701172,96500
2012-03-08,5.059999942779541,5.111999988555908,5.059999942779541,4.407311916351318,740000
2012-03-09,5.079999923706055,5.150000095367432,5.079999923706055,4.424678325653076,186000
2012-03-12,5.1479997634887695,5.1479997634887695,5.099999904632568,4.454198837280273,131500
2012-03-13,5.170000076293945,5.190000057220459,5.139999866485596,4.5062947273254395,132500
2012-03-14,5.2179999351501465,5.2179999351501465,5.130000114440918,4.497611999511719,115000
2012-03-15,5.340000152587891,5.369999885559082,5.308000087738037,4.6434807777404785,120500
2012-03-16,5.579999923706055,5.599999904632568,5.556000232696533,4.836235523223877,1873000
2012-03-19,5.627999782562256,5.690000057220459,5.627999782562256,4.940426826477051,2202000
2012-03-20,5.565999984741211,5.579999923706055,5.521999835968018,4.843181610107422,2462500
2012-03-21,5.599999904632568,5.599999904632568,5.539999961853027,4.848391532897949,1626500
2012-03-22,5.630000114440918,5.72599983215332,5.6020002365112305,4.94911003112793,899500
2012-03-23,5.730000019073486,5.730000019073486,5.676000118255615,4.9508466720581055,129000
2012-03-26,5.710000038146973,5.730000019073486,5.630000114440918,4.9508466720581055,291000
2012-03-27,5.745999813079834,5.745999813079834,5.656000137329102,4.924798011779785,342000
2012-03-28,5.656000137329102,5.665999889373779,5.590000152587891,4.870965957641602,272500
2012-03-29,5.558000087738037,5.558000087738037,5.452000141143799,4.7824015617370605,166000
2012-03-30,5.552000045776367,5.585999965667725,5.533999919891357,4.8379716873168945,149000
2012-04-02,5.5279998779296875,5.6479997634887695,5.5279998779296875,4.888331413269043,629000
2012-04-03,5.71999979019165,5.75,5.688000202178955,4.992523193359375,214500
2012-04-04,5.664000034332275,5.7220001220703125,5.659999847412109,4.963002681732178,264500
2012-04-05,5.688000202178955,5.769999980926514,5.688000202178955,4.997732162475586,89500
2012-04-09,5.690000057220459,5.691999912261963,5.664000034332275,4.919588565826416,135000
2012-04-10,5.639999866485596,5.690000057220459,5.504000186920166,4.778929710388184,951000
2012-04-11,5.7179999351501465,5.7179999351501465,5.624000072479248,4.905696868896484,384000
2012-04-12,5.691999912261963,5.811999797821045,5.691999912261963,5.0463547706604,189000
2012-04-13,5.822000026702881,5.822000026702881,5.760000228881836,5.03593635559082,170000
2012-04-16,5.892000198364258,5.960000038146973,5.892000198364258,5.157492160797119,739000
2012-04-17,5.9039998054504395,5.98799991607666,5.8979997634887695,5.192224502563477,175500
2012-04-18,6.041999816894531,6.118000030517578,6.039999961853027,5.261684894561768,431000
2012-04-19,6.142000198364258,6.142000198364258,5.980000019073486,5.218272686004639,314000
2012-04-20,5.980000019073486,6.058000087738037,5.980000019073486,5.239109992980957,81000
2012-04-23,6.02400016784668,6.056000232696533,6.01200008392334,5.239109992980957,406000
2012-04-24,6.104000091552734,6.1519999504089355,6.104000091552734,5.315517425537109,127500
2012-04-25,5.8979997634887695,5.8979997634887695,5.849999904632568,5.098451614379883,499500
2012-04-26,5.96999979019165,6.0279998779296875,5.96999979019165,5.233900547027588,183000
2012-04-27,6.079999923706055,6.081999778747559,6.02400016784668,5.263422012329102,80000
2012-04-30,6.23799991607666,6.320000171661377,6.23799991607666,5.424919128417969,136000
2012-05-01,6.239999771118164,6.335999965667725,6.239999771118164,5.470068454742432,154000
2012-05-02,6.239999771118164,6.239999771118164,6.176000118255615,5.386715888977051,562000
2012-05-03,6.3460001945495605,6.3460001945495605,6.303999900817871,5.494379043579102,291000
2012-05-04,6.245999813079834,6.245999813079834,6.136000156402588,5.364140033721924,119500
2012-05-07,5.99399995803833,6.03000020980835,5.941999912261963,5.226954460144043,162500
2012-05-08,5.932000160217285,5.984000205993652,5.855999946594238,5.14533805847168,225000
2012-05-09,5.736000061035156,5.783999919891357,5.710000038146973,5.022042751312256,152000
2012-05-10,5.730000019073486,5.77400016784668,5.7220001220703125,4.983839988708496,374500
2012-05-11,5.71999979019165,5.797999858856201,5.71999979019165,4.997732162475586,124500
2012-05-14,5.730000019073486,5.791999816894531,5.730000019073486,5.009888648986816,123500
2012-05-15,5.877999782562256,5.894000053405762,5.802000045776367,5.037672996520996,233000
2012-05-16,5.71999979019165,5.71999979019165,5.650000095367432,4.965713977813721,189000
2012-05-17,5.796000003814697,5.796000003814697,5.6579999923706055,4.932609558105469,197500
2012-05-18,5.730000019073486,5.78000020980835,5.671999931335449,4.950033187866211,355000
2012-05-21,5.564000129699707,5.570000171661377,5.515999794006348,4.852460861206055,590000
2012-05-22,5.473999977111816,5.473999977111816,5.357999801635742,4.7043609619140625,1549500
2012-05-23,5.452000141143799,5.452000141143799,5.320000171661377,4.713072299957275,131000
2012-05-24,5.538000106811523,5.553999900817871,5.460000038146973,4.774055004119873,156000
2012-05-25,5.539999961853027,5.6020002365112305,5.507999897003174,4.801931858062744,119500
2012-05-29,5.51200008392334,5.573999881744385,5.510000228881836,4.822840213775635,141000
2012-05-30,5.484000205993652,5.5,5.466000080108643,4.7653422355651855,122500
2012-05-31,5.460000038146973,5.51800012588501,5.438000202178955,4.782766342163086,86000
2012-06-01,5.322000026702881,5.48199987411499,5.322000026702881,4.747919082641602,393000
2012-06-04,5.383999824523926,5.432000160217285,5.368000030517578,4.721784591674805,174000
2012-06-05,5.394000053405762,5.441999912261963,5.386000156402588,4.70261812210083,205000
2012-06-06,5.550000190734863,5.659999847412109,5.550000190734863,4.930866718292236,171000
2012-06-07,5.630000114440918,5.814000129699707,5.630000114440918,4.988363742828369,936000
2012-06-08,5.656000137329102,5.734000205993652,5.656000137329102,4.9866228103637695,148500
2012-06-11,5.920000076293945,5.941999912261963,5.823999881744385,5.073739051818848,182500
2012-06-12,5.877999782562256,5.877999782562256,5.769999980926514,5.098133087158203,105000
2012-06-13,5.820000171661377,5.8379998207092285,5.796000003814697,5.049346923828125,167000
2012-06-14,5.760000228881836,5.861999988555908,5.760000228881836,5.082451820373535,210000
2012-06-15,5.883999824523926,5.96999979019165,5.883999824523926,5.174795627593994,61500
2012-06-18,6.079999923706055,6.079999923706055,5.980000019073486,5.235779285430908,114000
2012-06-19,6.093999862670898,6.202000141143799,6.093999862670898,5.352515697479248,244500
2012-06-20,6.119999885559082,6.170000076293945,6.119999885559082,5.375166893005371,216000
2012-06-21,5.920000076293945,5.920000076293945,5.763999938964844,5.0214691162109375,1107500
2012-06-22,5.791999816894531,5.791999816894531,5.697999954223633,4.984879493713379,844000
2012-06-25,5.659999847412109,5.71999979019165,5.630000114440918,4.916927337646484,529000
2012-06-26,5.599999904632568,5.630000114440918,5.590000152587891,4.889049530029297,1244000
2012-06-27,5.828000068664551,5.835999965667725,5.788000106811523,5.068512439727783,621500
2012-06-28,5.599999904632568,5.630000114440918,5.579999923706055,4.904730796813965,609000
2012-06-29,5.811999797821045,5.883999824523926,5.811999797821045,5.126010417938232,591000
2012-07-02,5.783999919891357,5.881999969482422,5.783999919891357,5.117299556732178,88000
2012-07-03,5.980000019073486,6.056000232696533,5.935999870300293,5.270626068115234,205500
2012-07-05,6.046000003814697,6.0980000495910645,6.046000003814697,5.289792060852051,49000
2012-07-06,6.0279998779296875,6.052000045776367,6.004000186920166,5.251460075378418,107500
2012-07-09,5.872000217437744,5.921999931335449,5.869999885559082,5.126010417938232,52500
2012-07-10,5.932000160217285,5.992000102996826,5.860000133514404,5.105103015899658,82500
2012-07-11,5.900000095367432,5.900000095367432,5.800000190734863,5.085935115814209,134000
2012-07-12,5.671999931335449,5.699999809265137,5.639999866485596,4.960486888885498,66000
2012-07-13,5.710000038146973,5.806000232696533,5.710000038146973,5.0406341552734375,195500
2012-07-16,5.806000232696533,5.806000232696533,5.760000228881836,5.0406341552734375,149000
2012-07-17,5.860000133514404,5.929999828338623,5.829999923706055,5.126010417938232,135500
2012-07-18,5.76800012588501,5.769999980926514,5.690000057220459,5.017983436584473,67000
2012-07-19,5.8420000076293945,5.889999866485596,5.829999923706055,5.105103015899658,104500
2012-07-20,5.923999786376953,5.953999996185303,5.875999927520752,5.132979869842529,68000
2012-07-23,5.809999942779541,5.875999927520752,5.78000020980835,5.096390724182129,34500
2012-07-24,5.817999839782715,5.863999843597412,5.809999942779541,5.096390724182129,278000
2012-07-25,5.8420000076293945,5.8420000076293945,5.75,5.028438091278076,392000
2012-07-26,5.820000171661377,5.820000171661377,5.76200008392334,5.066771030426025,71000
2012-07-27,5.872000217437744,5.992000102996826,5.872000217437744,5.19918966293335,98000
2012-07-30,5.892000198364258,5.958000183105469,5.892000198364258,5.136464595794678,274000
2012-07-31,5.9720001220703125,5.9720001220703125,5.9019999504089355,5.141691207885742,297500
2012-08-01,5.889999866485596,5.909999847412109,5.875999927520752,5.136464595794678,554000
2012-08-02,5.920000076293945,5.920000076293945,5.820000171661377,5.0876784324646,150500
2012-08-03,5.995999813079834,6.01800012588501,5.949999809265137,5.241005897521973,56500
2012-08-06,5.978000164031982,6.073999881744385,5.978000164031982,5.2497172355651855,153000
2012-08-07,6.053999900817871,6.104000091552734,6.050000190734863,5.282822608947754,58500
2012-08-08,6.070000171661377,6.0960001945495605,6.059999942779541,5.279337406158447,236000
2012-08-09,6.116000175476074,6.185999870300293,6.116000175476074,5.349031448364258,422000
2012-08-10,5.984000205993652,5.989999771118164,5.961999893188477,5.218355178833008,87000
2012-08-13,5.849999904632568,5.923999786376953,5.840000152587891,5.0876784324646,110000
2012-08-14,5.909999847412109,5.940000057220459,5.900000095367432,5.1434326171875,69000
2012-08-15,5.99399995803833,6.0279998779296875,5.929999828338623,5.237521171569824,213000
2012-08-16,6.296000003814697,6.328000068664551,6.269999980926514,5.5093278884887695,307500
2012-08-17,6.446000099182129,6.446000099182129,6.361999988555908,5.558114051818848,120000
2012-08-20,6.400000095367432,6.446000099182129,6.400000095367432,5.587734222412109,521000
2012-08-21,6.381999969482422,6.421999931335449,6.349999904632568,5.531978607177734,408000
2012-08-22,6.288000106811523,6.369999885559082,6.288000106811523,5.526752948760986,267000
2012-08-23,6.429999828338623,6.429999828338623,6.323999881744385,5.5093278884887695,52000
2012-08-24,6.269999980926514,6.329999923706055,6.269999980926514,5.497131824493408,137500
2012-08-27,6.311999797821045,6.326000213623047,6.269999980926514,5.462285041809082,51000
2012-08-28,6.260000228881836,6.260000228881836,6.210000038146973,5.41001558303833,161500
2012-08-29,6.21999979019165,6.25,6.210000038146973,5.41001558303833,129000
2012-08-30,6.184000015258789,6.184000015258789,6.059999942779541,5.28108024597168,108500
2012-08-31,6.090000152587891,6.131999969482422,6.090000152587891,5.308958530426025,70000
2012-09-04,6.165999889373779,6.165999889373779,6.050000190734863,5.31418514251709,134500
2012-09-05,6.056000232696533,6.084000110626221,6.0279998779296875,5.260171413421631,52500
2012-09-06,6.1620001792907715,6.300000190734863,6.1620001792907715,5.488420009613037,385000
2012-09-07,6.300000190734863,6.322000026702881,6.26800012588501,5.4831929206848145,175500
2012-09-10,6.283999919891357,6.363999843597412,6.28000020980835,5.470996856689453,112000
2012-09-11,6.383999824523926,6.4019999504089355,6.375999927520752,5.566826343536377,208000
2012-09-12,6.435999870300293,6.478000164031982,6.421999931335449,5.608642101287842,72000
2012-09-13,6.420000076293945,6.590000152587891,6.369999885559082,5.699244499206543,303000
2012-09-14,6.599999904632568,6.711999893188477,6.552000045776367,5.798558712005615,323500
2012-09-17,6.619999885559082,6.619999885559082,6.541999816894531,5.714926242828369,155000
2012-09-18,6.550000190734863,6.605999946594238,6.550000190734863,5.7323503494262695,34000
2012-09-19,6.544000148773193,6.639999866485596,6.544000148773193,5.711442470550537,207000
2012-09-20,6.446000099182129,6.51800012588501,6.446000099182129,5.671367645263672,74500
2012-09-21,6.546000003814697,6.585999965667725,6.5279998779296875,5.699244499206543,111000
2012-09-24,6.434000015258789,6.567999839782715,6.434000015258789,5.714926242828369,208000
2012-09-25,6.6579999923706055,6.659999847412109,6.53000020980835,5.688791275024414,297500
2012-09-26,6.564000129699707,6.565999984741211,6.519999980926514,5.697502613067627,86000
2012-09-27,6.71999979019165,6.765999794006348,6.714000225067139,5.892646789550781,132500
2012-09-28,6.8480000495910645,6.8480000495910645,6.75,5.903100967407227,78500
2012-10-01,6.75,6.868000030517578,6.75,5.890904426574707,304500
2012-10-02,6.78000020980835,6.820000171661377,6.74399995803833,5.87696647644043,148500
2012-10-03,6.765999794006348,6.854000091552734,6.760000228881836,5.894389629364014,171500
2012-10-04,6.869999885559082,6.874000072479248,6.78000020980835,5.925750732421875,153000
2012-10-05,6.854000091552734,6.854000091552734,6.769999980926514,5.897874355316162,149000
2012-10-08,6.754000186920166,6.754000186920166,6.699999809265137,5.859541893005371,199500
2012-10-09,6.690000057220459,6.730000019073486,6.630000114440918,5.7811360359191895,300000
2012-10-10,6.6579999923706055,6.7179999351501465,6.6519999504089355,5.8142409324646,75000
2012-10-11,6.676000118255615,6.690000057220459,6.630000114440918,5.777651786804199,189000
2012-10-12,6.696000099182129,6.702000141143799,6.636000156402588,5.782877445220947,60500
2012-10-15,6.644000053405762,6.710000038146973,6.644000053405762,5.8194684982299805,130000
2012-10-16,6.688000202178955,6.7820000648498535,6.688000202178955,5.889162063598633,90000
2012-10-17,6.763999938964844,6.826000213623047,6.739999771118164,5.946659564971924,104500
2012-10-18,6.659999847412109,6.75,6.659999847412109,5.802044868469238,196000
2012-10-19,6.699999809265137,6.739999771118164,6.664000034332275,5.8334059715271,214000
2012-10-22,6.892000198364258,6.892000198364258,6.800000190734863,5.946659564971924,185000
2012-10-23,6.8420000076293945,6.8420000076293945,6.708000183105469,5.873480796813965,64500
2012-10-24,6.943999767303467,6.998000144958496,6.943999767303467,6.051201343536377,97500
2012-10-25,7,7.052000045776367,6.973999977111816,6.0982441902160645,97500
2012-10-26,6.927999973297119,6.934000015258789,6.834000110626221,5.976279258728027,198500
2012-10-31,7.070000171661377,7.099999904632568,6.9120001792907715,6.126121520996094,467000
2012-11-01,7.067999839782715,7.230000019073486,7.067999839782715,6.296873092651367,158500
2012-11-02,7.230000019073486,7.230000019073486,7.131999969482422,6.246346473693848,205500
2012-11-05,7.159999847412109,7.159999847412109,7.076000213623047,6.2184672355651855,101500
2012-11-06,7.1620001792907715,7.185999870300293,7.119999885559082,6.260283946990967,45500
2012-11-07,7.159999847412109,7.159999847412109,6.940000057220459,6.077335834503174,193500
2012-11-08,7.019999980926514,7.019999980926514,6.926000118255615,6.033777713775635,129500
2012-11-09,6.815999984741211,6.909999847412109,6.815999984741211,6.002415180206299,197500
2012-11-12,6.960000038146973,7.03000020980835,6.960000038146973,6.093016624450684,249000
2012-11-13,7,7.110000133514404,6.960000038146973,6.108699798583984,310500
2012-11-14,6.960000038146973,6.960000038146973,6.708000183105469,5.843861103057861,170500
2012-11-15,6.480000019073486,6.484000205993652,6.354000091552734,5.556372165679932,1692500
2012-11-16,6.363999843597412,6.3979997634887695,6.3420000076293945,5.558114051818848,1152000
2012-11-19,6.317999839782715,6.400000095367432,6.317999839782715,5.57553768157959,869000
2012-11-20,6.480000019073486,6.5279998779296875,6.453999996185303,5.687048435211182,222000
2012-11-21,6.610000133514404,6.691999912261963,6.610000133514404,5.8142409324646,107000
2012-11-23,6.6539998054504395,6.6539998054504395,6.5980000495910645,5.784621238708496,58500
2012-11-26,6.550000190734863,6.550000190734863,6.480000019073486,5.650459289550781,188500
2012-11-27,6.449999809265137,6.489999771118164,6.449999809265137,5.641746997833252,77500
2012-11-28,6.559999942779541,6.559999942779541,6.461999893188477,5.697502613067627,163000
2012-11-29,6.613999843597412,6.613999843597412,6.570000171661377,5.723638534545898,167500
2012-11-30,6.5279998779296875,6.5279998779296875,6.489999771118164,5.662655353546143,64500
2012-12-03,6.320000171661377,6.380000114440918,6.257999897003174,5.476222991943359,890500
2012-12-04,6.276000022888184,6.3520002365112305,6.271999835968018,5.497131824493408,192500
2012-12-05,6.415999889373779,6.501999855041504,6.415999889373779,5.6190972328186035,549500
2012-12-06,6.47599983215332,6.538000106811523,6.47599983215332,5.680079460144043,246500
2012-12-07,6.51200008392334,6.51200008392334,6.440000057220459,5.645232200622559,271000
2012-12-10,6.578000068664551,6.578000068664551,6.515999794006348,5.681821823120117,162000
2012-12-11,6.507999897003174,6.556000232696533,6.507999897003174,5.687048435211182,631000
2012-12-12,6.53000020980835,6.570000171661377,6.5,5.6696248054504395,161500
2012-12-13,6.558000087738037,6.558000087738037,6.449999809265137,5.641746997833252,139500
2012-12-14,6.478000164031982,6.486000061035156,6.447999954223633,5.640005588531494,162000
2012-12-17,6.4720001220703125,6.4720001220703125,6.409999847412109,5.631293773651123,105000
2012-12-18,6.464000225067139,6.5,6.423999786376953,5.645232200622559,142000
2012-12-19,6.420000076293945,6.452000141143799,6.415999889373779,5.592960834503174,323000
2012-12-20,6.400000095367432,6.464000225067139,6.400000095367432,5.612127780914307,130500
2012-12-21,6.400000095367432,6.415999889373779,6.369999885559082,5.585991859436035,283000
2012-12-24,6.406000137329102,6.406000137329102,6.320000171661377,5.5459184646606445,218500
2012-12-26,6.349999904632568,6.4079999923706055,6.349999904632568,5.57553768157959,118000
2012-12-27,6.355999946594238,6.418000221252441,6.328000068664551,5.552887439727783,204500
2012-12-28,6.400000095367432,6.449999809265137,6.400000095367432,5.585991859436035,149000
2012-12-31,6.46999979019165,6.53000020980835,6.441999912261963,5.688791275024414,160500
2013-01-02,6.673999786376953,6.730000019073486,6.671999931335449,5.854314804077148,362500
2013-01-03,6.734000205993652,6.734000205993652,6.659999847412109,5.802044868469238,355000
2013-01-04,6.6579999923706055,6.742000102996826,6.6519999504089355,5.831664562225342,101000
2013-01-07,6.590000152587891,6.599999904632568,6.556000232696533,5.749773979187012,83000
2013-01-08,6.5920000076293945,6.5920000076293945,6.539999961853027,5.723638534545898,49000
2013-01-09,6.550000190734863,6.550000190734863,6.50600004196167,5.6957597732543945,130500
2013-01-10,6.546000003814697,6.604000091552734,6.535999774932861,5.753259181976318,148500
2013-01-11,6.567999839782715,6.607999801635742,6.567999839782715,5.755001544952393,180500
2013-01-14,6.590000152587891,6.593999862670898,6.544000148773193,5.730607509613037,181000
2013-01-15,6.684000015258789,6.684000015258789,6.610000133514404,5.788105487823486,146000
2013-01-16,6.854000091552734,6.920000076293945,6.854000091552734,6.02855110168457,124500
2013-01-17,6.941999912261963,6.989999771118164,6.9120001792907715,6.054685115814209,139000
2013-01-18,6.926000118255615,7.019999980926514,6.926000118255615,6.1052141189575195,134000
2013-01-22,6.9679999351501465,6.9679999351501465,6.938000202178955,6.063396453857422,99000
2013-01-23,6.9720001220703125,6.978000164031982,6.914000034332275,6.045973777770996,105000
2013-01-24,6.98199987411499,7.039999961853027,6.98199987411499,6.127864360809326,201000
2013-01-25,6.941999912261963,6.941999912261963,6.900000095367432,6.016354560852051,135000
2013-01-28,6.938000202178955,6.938000202178955,6.872000217437744,6.011127471923828,141000
2013-01-29,6.9079999923706055,6.940000057220459,6.872000217437744,6.044232368469238,195500
2013-01-30,6.992000102996826,7.010000228881836,6.961999893188477,6.0982441902160645,151000
2013-01-31,7.019999980926514,7.041999816894531,7,6.117410659790039,172500
2013-02-01,6.96999979019165,6.98199987411499,6.929999828338623,6.073852062225342,170500
2013-02-04,6.9019999504089355,6.932000160217285,6.829999923706055,5.957112789154053,97500
2013-02-05,6.817999839782715,6.889999866485596,6.817999839782715,5.962340354919434,231000
2013-02-06,6.835999965667725,6.877999782562256,6.835999965667725,5.990218639373779,196000
2013-02-07,6.980000019073486,7.007999897003174,6.949999809265137,6.087790012359619,79000
2013-02-08,7,7.026000022888184,6.941999912261963,6.1017303466796875,81000
2013-02-11,7.019999980926514,7.019999980926514,6.955999851226807,6.089532375335693,125000
2013-02-12,7.019999980926514,7.0279998779296875,6.9720001220703125,6.093016624450684,78000
2013-02-13,6.995999813079834,7.050000190734863,6.995999813079834,6.140061378479004,97500
2013-02-14,7.010000228881836,7.053999900817871,7.007999897003174,6.140061378479004,170000
2013-02-15,7.099999904632568,7.125999927520752,7.084000110626221,6.19058895111084,183500
2013-02-19,7.130000114440918,7.130000114440918,7.090000152587891,6.176650524139404,115000
2013-02-20,7.093999862670898,7.116000175476074,7.033999919891357,6.133091449737549,107500
2013-02-21,7.03000020980835,7.03000020980835,6.940000057220459,6.086048603057861,213000
2013-02-22,6.788000106811523,6.929999828338623,6.788000106811523,6.02855110168457,427500
2013-02-25,6.874000072479248,6.877999782562256,6.739999771118164,5.924009323120117,136500
2013-02-26,6.861999988555908,6.9079999923706055,6.849999904632568,5.990218639373779,141000
2013-02-27,6.769999980926514,6.909999847412109,6.769999980926514,6.002415180206299,98000
2013-02-28,6.866000175476074,6.947999954223633,6.866000175476074,6.037262439727783,152000
2013-03-01,6.935999870300293,6.949999809265137,6.900000095367432,6.040747165679932,164000
2013-03-04,7.03000020980835,7.113999843597412,7.026000022888184,6.150516510009766,282500
2013-03-05,7.061999797821045,7.179999828338623,7.061999797821045,6.23763370513916,139000
2013-03-06,7.239999771118164,7.239999771118164,7.170000076293945,6.258541107177734,143500
2013-03-07,7.173999786376953,7.25,7.173999786376953,6.2986159324646,130000
2013-03-08,7.302000045776367,7.366000175476074,7.302000045776367,6.41709566116333,108000
2013-03-11,7.309999942779541,7.309999942779541,7.21999979019165,6.309071063995361,143500
2013-03-12,7.127999782562256,7.22599983215332,7.127999782562256,6.268995761871338,300000
2013-03-13,7.131999969482422,7.211999893188477,7.131999969482422,6.255056381225586,162500
2013-03-14,7.104000091552734,7.139999866485596,7.104000091552734,6.202785491943359,122000
2013-03-15,7.085999965667725,7.0960001945495605,7.038000106811523,6.140061378479004,132000
2013-03-18,6.831999778747559,6.831999778747559,6.75600004196167,5.932721138000488,125500
2013-03-19,6.664000034332275,6.702000141143799,6.618000030517578,5.7671966552734375,316000
2013-03-20,6.760000228881836,6.797999858856201,6.75600004196167,5.885678291320801,1222000
2013-03-21,6.51200008392334,6.631999969482422,6.480000019073486,5.7323503494262695,1782000
2013-03-22,6.400000095367432,6.420000076293945,6.340000152587891,5.52326774597168,1110500
2013-03-25,6.214000225067139,6.214000225067139,6.064000129699707,5.310700416564941,1136500
2013-03-26,6.210000038146973,6.414000034332275,6.210000038146973,5.572052955627441,505500
2013-03-27,6.449999809265137,6.449999809265137,6.394000053405762,5.603415489196777,125500
2013-03-28,6.4079999923706055,6.4079999923706055,6.3379998207092285,5.566826343536377,114000
2013-04-01,6.311999797821045,6.394000053405762,6.242000102996826,5.457058429718018,426000
2013-04-02,6.309999942779541,6.309999942779541,6.23199987411499,5.444860458374023,122000
2013-04-03,6.223999977111816,6.300000190734863,6.1519999504089355,5.364712715148926,211000
2013-04-04,6.203999996185303,6.203999996185303,6.139999866485596,5.376910209655762,161500
2013-04-05,6.059999942779541,6.093999862670898,5.9679999351501465,5.308958530426025,899000
2013-04-08,6.168000221252441,6.2220001220703125,6.165999889373779,5.399559020996094,598500
2013-04-09,6.331999778747559,6.435999870300293,6.329999923706055,5.606900215148926,98500
2013-04-10,6.458000183105469,6.5,6.414000034332275,5.660913467407227,140500
2013-04-11,6.409999847412109,6.489999771118164,6.409999847412109,5.6365203857421875,236000
2013-04-12,6.461999893188477,6.47599983215332,6.369999885559082,5.573795795440674,148000
2013-04-15,6.340000152587891,6.3460001945495605,6.23199987411499,5.451830863952637,198000
2013-04-16,6.300000190734863,6.315999984741211,6.265999794006348,5.488420009613037,169000
2013-04-17,6.374000072479248,6.383999824523926,6.308000087738037,5.51455545425415,489500
2013-04-18,6.349999904632568,6.389999866485596,6.322000026702881,5.530236721038818,259000
2013-04-19,6.4720001220703125,6.539999961853027,6.4679999351501465,5.6922760009765625,285500
2013-04-22,6.51800012588501,6.599999904632568,6.51800012588501,5.714926242828369,212500
2013-04-23,6.478000164031982,6.535999774932861,6.478000164031982,5.6696248054504395,354500
2013-04-24,6.501999855041504,6.570000171661377,6.501999855041504,5.714926242828369,101000
2013-04-25,6.561999797821045,6.625999927520752,6.561999797821045,5.7480316162109375,163000
2013-04-26,6.590000152587891,6.734000205993652,6.590000152587891,5.864768981933594,454500
2013-04-29,6.710000038146973,6.8460001945495605,6.690000057220459,5.957112789154053,396500
2013-04-30,6.874000072479248,6.909999847412109,6.828000068664551,6.011127471923828,157500
2013-05-01,6.861999988555908,6.8979997634887695,6.8379998207092285,5.979763984680176,115000
2013-05-02,7.038000106811523,7.0960001945495605,7.038000106811523,6.181878089904785,180500
2013-05-03,7.070000171661377,7.116000175476074,7.01200008392334,6.1749091148376465,6056000
2013-05-06,7.038000106811523,7.125999927520752,7.038000106811523,6.197559356689453,65500
2013-05-07,7.125999927520752,7.139999866485596,7.0920000076293945,6.22020959854126,55000
2013-05-08,7.0879998207092285,7.111999988555908,7.03000020980835,6.192330837249756,71500
2013-05-09,7.050000190734863,7.0920000076293945,7.015999794006348,6.136577129364014,330000
2013-05-10,7.0960001945495605,7.1479997634887695,7.072000026702881,6.17142391204834,65500
2013-05-13,6.941999912261963,6.941999912261963,6.883999824523926,6.005899906158447,146000
2013-05-14,7.013999938964844,7.013999938964844,6.906000137329102,6.094759941101074,158000
2013-05-15,7.168000221252441,7.400000095367432,7.113999843597412,6.443231105804443,272500
2013-05-16,7.51800012588501,7.561999797821045,7.478000164031982,6.574189186096191,238000
2013-05-17,7.550000190734863,7.599999904632568,7.501999855041504,6.64412784576416,206500
2013-05-20,7.960000038146973,8.02400016784668,7.940000057220459,7.0130534172058105,275000
2013-05-21,7.883999824523926,7.889999866485596,7.828000068664551,6.888912677764893,464500
2013-05-22,7.857999801635742,7.857999801635742,7.71999979019165,6.784004211425781,307500
2013-05-23,7.49399995803833,7.593999862670898,7.480000019073486,6.635385990142822,125000
2013-05-24,7.677999973297119,7.71999979019165,7.6519999504089355,6.731551647186279,129500
2013-05-28,7.835999965667725,7.918000221252441,7.822000026702881,6.880170822143555,233500
2013-05-29,7.769999980926514,7.8460001945495605,7.754000186920166,6.806735038757324,164500
2013-05-30,7.992000102996826,7.992000102996826,7.920000076293945,6.965844631195068,167000
2013-05-31,7.895999908447266,7.952000141143799,7.8520002365112305,6.902899742126465,125500
2013-06-03,7.880000114440918,7.880000114440918,7.788000106811523,6.880170822143555,206500
2013-06-04,7.815999984741211,7.875999927520752,7.76200008392334,6.818974018096924,155000
2013-06-05,7.760000228881836,7.760000228881836,7.670000076293945,6.7088212966918945,162500
2013-06-06,7.676000118255615,7.78000020980835,7.676000118255615,6.801489353179932,108500
2013-06-07,7.809999942779541,7.809999942779541,7.703999996185303,6.752533435821533,116000
2013-06-10,7.840000152587891,7.8979997634887695,7.811999797821045,6.8731770515441895,149500
2013-06-11,7.75,7.880000114440918,7.75,6.853943824768066,183000
2013-06-12,7.892000198364258,7.892000198364258,7.77400016784668,6.813728332519531,190000
2013-06-13,7.670000076293945,7.809999942779541,7.670000076293945,6.808483600616455,174500
2013-06-14,7.711999893188477,7.791999816894531,7.688000202178955,6.7263054847717285,145000
2013-06-17,7.757999897003174,7.794000148773193,7.728000164031982,6.761275291442871,184500
2013-06-18,7.697999954223633,7.797999858856201,7.697999954223633,6.775262832641602,128000
2013-06-19,7.75,7.75,7.619999885559082,6.670354843139648,164000
2013-06-20,7.489999771118164,7.619999885559082,7.28000020980835,6.373117446899414,227500
2013-06-21,7.392000198364258,7.392000198364258,7.260000228881836,6.44130802154541,338000
2013-06-24,7.196000099182129,7.196000099182129,7.02400016784668,6.200020790100098,498000
2013-06-25,7.400000095367432,7.429999828338623,7.335999965667725,6.495509624481201,351500
2013-06-26,7.458000183105469,7.558000087738037,7.458000183105469,6.5899271965026855,157500
2013-06-27,7.665999889373779,7.75,7.665999889373779,6.764771938323975,192500
2013-06-28,7.794000148773193,7.829999923706055,7.711999893188477,6.8119797706604,98000
2013-07-01,7.794000148773193,7.855999946594238,7.794000148773193,6.818974018096924,109500
2013-07-02,7.806000232696533,7.835999965667725,7.685999870300293,6.775262832641602,180000
2013-07-03,7.671999931335449,7.820000171661377,7.671999931335449,6.8102312088012695,137500
2013-07-05,7.955999851226807,7.961999893188477,7.826000213623047,6.915137767791748,175000
2013-07-08,7.831999778747559,7.861999988555908,7.776000022888184,6.82771635055542,113000
2013-07-09,7.820000171661377,7.835999965667725,7.800000190734863,6.8224711418151855,247000
2013-07-10,7.8420000076293945,7.8420000076293945,7.800000190734863,6.836459636688232,117000
2013-07-11,7.9720001220703125,8.079999923706055,7.9720001220703125,7.056763648986816,145500
2013-07-12,8.003999710083008,8.013999938964844,7.918000221252441,6.9571027755737305,153500
2013-07-15,8.236000061035156,8.321999549865723,8.100000381469727,7.275320053100586,127500
2013-07-16,8.5,8.520000457763672,8.489999771118164,7.444921016693115,175500
2013-07-17,8.557999610900879,8.579999923706055,8.557999610900879,7.48513650894165,248000
2013-07-18,8.501999855041504,8.501999855041504,8.413999557495117,7.416945934295654,106000
2013-07-19,8.654000282287598,8.654000282287598,8.569999694824219,7.514858245849609,3773000
2013-07-22,8.470000267028809,8.479999542236328,8.432000160217285,7.3977131843566895,407000
2013-07-23,8.600000381469727,8.640000343322754,8.571999549865723,7.539336681365967,1456500
2013-07-24,8.57800006866455,8.57800006866455,8.5,7.437926769256592,299000
2013-07-25,8.57800006866455,8.684000015258789,8.571999549865723,7.584796905517578,143500
2013-07-26,8.784000396728516,8.968000411987305,8.784000396728516,7.7858686447143555,752000
2013-07-29,8.960000038146973,9.038000106811523,8.928000450134277,7.8051018714904785,3649000
2013-07-30,9.32800006866455,9.399999618530273,9.326000213623047,8.200252532958984,504500
2013-07-31,9.119999885559082,9.121999740600586,9,7.92574405670166,478000
2013-08-01,9.345999717712402,9.399999618530273,9.300000190734863,8.214241027832031,1961500
2013-08-02,9.329999923706055,9.329999923706055,9.25,8.151297569274902,309000
2013-08-05,9.444000244140625,9.5600004196167,9.444000244140625,8.305161476135254,234500
2013-08-06,9.529999732971191,9.65999984741211,9.529999732971191,8.382095336914062,272500
2013-08-07,9.28600025177002,9.338000297546387,9.199999809265137,8.144302368164062,277500
2013-08-08,9.300000190734863,9.300000190734863,9.180000305175781,8.097095489501953,196000
2013-08-09,9.156000137329102,9.239999771118164,9.13599967956543,8.032401084899902,465500
2013-08-12,9.503999710083008,9.503999710083008,9.390000343322754,8.261448860168457,96000
2013-08-13,9.579999923706055,9.579999923706055,9.486000061035156,8.369852066040039,152500
2013-08-14,9.505999565124512,9.505999565124512,9.100000381469727,8.042892456054688,234500
2013-08-15,9.300000190734863,9.39799976348877,9.300000190734863,8.174025535583496,555000
2013-08-16,9.46399974822998,9.489999771118164,9.387999534606934,8.243964195251465,167500
2013-08-19,9.470000267028809,9.565999984741211,9.470000267028809,8.310404777526855,125500
2013-08-20,9.343999862670898,9.437999725341797,9.343999862670898,8.243964195251465,67500
2013-08-21,9.329999923706055,9.329999923706055,9.168000221252441,8.055131912231445,262000
2013-08-22,9.263999938964844,9.347999572753906,9.25,8.168782234191895,513500
2013-08-23,9.206000328063965,9.22599983215332,9.140000343322754,8.060379028320312,299500
2013-08-26,9.229999542236328,9.229999542236328,9.161999702453613,8.009672164916992,140500
2013-08-27,9.199999809265137,9.289999961853027,9.1899995803833,8.056880950927734,230500
2013-08-28,9.140000343322754,9.197999954223633,9.130000114440918,8.025407791137695,81000
2013-08-29,9.279999732971191,9.359999656677246,9.272000312805176,8.123320579528809,56500
2013-08-30,9.312000274658203,9.345999717712402,9.307999610900879,8.156543731689453,120500
2013-09-03,9.800000190734863,9.800000190734863,9.680000305175781,8.50798225402832,187000
2013-09-04,9.729999542236328,9.84000015258789,9.729999542236328,8.591907501220703,190500
2013-09-05,9.979999542236328,10.041999816894531,9.979999542236328,8.768502235412598,158500
2013-09-06,9.949999809265137,10.079999923706055,9.949999809265137,8.759759902954102,346000
2013-09-09,10.010000228881836,10.208000183105469,10.010000228881836,8.924115180969238,176500
2013-09-10,10.260000228881836,10.378000259399414,10.255999565124512,9.06398868560791,191000
2013-09-11,10.380000114440918,10.447999954223633,10.324000358581543,9.12868595123291,128500
2013-09-12,10.595999717712402,10.680000305175781,10.553999900817871,9.244081497192383,102500
2013-09-13,10.545999526977539,10.645999908447266,10.545999526977539,9.286042213439941,138000
2013-09-16,10.82800006866455,10.958000183105469,10.800000190734863,9.572790145874023,244000
2013-09-17,10.819999694824219,10.829999923706055,10.765999794006348,9.420674324035645,329000
2013-09-18,10.430000305175781,10.640000343322754,10.343999862670898,9.301780700683594,598500
2013-09-19,10.680000305175781,10.680000305175781,10.54800033569336,9.328006744384766,117500
2013-09-20,10.631999969482422,10.670000076293945,10.430000305175781,9.118192672729492,414000
2013-09-23,10.460000038146973,10.543999671936035,10.458000183105469,9.179387092590332,196500
2013-09-24,10.430000305175781,10.434000015258789,10.32800006866455,9.114693641662598,315500
2013-09-25,10.527999877929688,10.5600004196167,10.489999771118164,9.1898775100708,137000
2013-09-26,10.5600004196167,10.588000297546387,10.5,9.228343963623047,249500
2013-09-27,10.72599983215332,10.789999961853027,10.618000030517578,9.375214576721191,203000
2013-09-30,10.494000434875488,10.529999732971191,10.420000076293945,9.186382293701172,249000
2013-10-01,10.541999816894531,10.605999946594238,10.51200008392334,9.244081497192383,188000
2013-10-02,10.64799976348877,10.77400016784668,10.64799976348877,9.418925285339355,303500
2013-10-03,10.779999732971191,10.831999778747559,10.663999557495117,9.389201164245605,165500
2013-10-04,10.831999778747559,10.899999618530273,10.763999938964844,9.501105308532715,210000
2013-10-07,10.71399974822998,10.819999694824219,10.71399974822998,9.445155143737793,73500
2013-10-08,10.918000221252441,10.984000205993652,10.732000350952148,9.382208824157715,275000
2013-10-09,10.668000221252441,10.668000221252441,10.534000396728516,9.287792205810547,207000
2013-10-10,10.649999618530273,10.746000289916992,10.640000343322754,9.385706901550293,1697500
2013-10-11,10.763999938964844,10.916000366210938,10.763999938964844,9.52733039855957,412000
2013-10-14,10.76200008392334,10.998000144958496,10.76200008392334,9.529078483581543,119000
2013-10-15,10.90999984741211,10.944000244140625,10.84000015258789,9.509846687316895,173500
2013-10-16,10.946000099182129,10.998000144958496,10.824000358581543,9.609506607055664,296500
2013-10-17,10.880000114440918,10.90999984741211,10.814000129699707,9.525581359863281,273500
2013-10-18,11.133999824523926,11.140000343322754,11.050000190734863,9.731900215148926,518500
2013-10-21,11.501999855041504,11.597999572753906,11.501999855041504,10.078094482421875,208000
2013-10-22,11.380000114440918,11.447999954223633,11.366000175476074,9.966192245483398,298500
2013-10-23,11.14799976348877,11.14799976348877,11.005999565124512,9.665456771850586,241000
2013-10-24,10.989999771118164,11.029999732971191,10.970000267028809,9.599017143249512,583500
2013-10-25,11.041999816894531,11.041999816894531,10.961999893188477,9.611257553100586,140500
2013-10-28,11.199999809265137,11.222000122070312,11.119999885559082,9.791345596313477,351500
2013-10-29,10.842000007629395,10.866000175476074,10.833999633789062,9.487116813659668,189000
2013-10-30,11.005999565124512,11.03600025177002,10.946000099182129,9.590275764465332,1629000
2013-10-31,10.968000411987305,10.968000411987305,10.871999740600586,9.520339012145996,403500
2013-11-01,10.85200023651123,10.956000328063965,10.826000213623047,9.529078483581543,252500
2013-11-04,10.781999588012695,10.803999900817871,10.729999542236328,9.394448280334473,245000
2013-11-05,10.685999870300293,10.685999870300293,10.557999610900879,9.252823829650879,365500
2013-11-06,10.649999618530273,10.710000038146973,10.649999618530273,9.345491409301758,217500
2013-11-07,10.569999694824219,10.609999656677246,10.362000465393066,9.058744430541992,169000
2013-11-08,10.355999946594238,10.442000389099121,10.34000015258789,9.10944938659668,248500
2013-11-11,10.600000381469727,10.637999534606934,10.571999549865723,9.266810417175293,216000
2013-11-12,10.520000457763672,10.600000381469727,10.470000267028809,9.186382293701172,121000
2013-11-13,10.079999923706055,10.392000198364258,10.079999923706055,9.06398868560791,360500
2013-11-14,10.630000114440918,10.678000450134277,10.53600025177002,9.333253860473633,210500
2013-11-15,10.883999824523926,11.22599983215332,10.881999969482422,9.721407890319824,456000
2013-11-18,11.161999702453613,11.248000144958496,11.038000106811523,9.73889446258545,344500
2013-11-19,10.904000282287598,10.949999809265137,10.800000190734863,9.501105308532715,517500
2013-11-20,10.77400016784668,10.87600040435791,10.760000228881836,9.43291187286377,111000
2013-11-21,10.904000282287598,10.994000434875488,10.857999801635742,9.611257553100586,130000
2013-11-22,10.956000328063965,11.105999946594238,10.932000160217285,9.688188552856445,152000
2013-11-25,11.293999671936035,11.342000007629395,11.22599983215332,9.81407642364502,284500
2013-11-26,11.321999549865723,11.324000358581543,11.22599983215332,9.892757415771484,173500
2013-11-27,11.399999618530273,11.565999984741211,11.399999618530273,10.10606861114502,222000
2013-11-29,11.618000030517578,11.663999557495117,11.600000381469727,10.1497802734375,177000
2013-12-02,11.673999786376953,11.722000122070312,11.600000381469727,10.141037940979004,206500
2013-12-03,11.510000228881836,11.550000190734863,11.355999946594238,9.99067211151123,265000
2013-12-04,11.394000053405762,11.489999771118164,11.314000129699707,10.00115966796875,132000
2013-12-05,11.550000190734863,11.600000381469727,11.494000434875488,10.102572441101074,150000
2013-12-06,11.87600040435791,12.027999877929688,11.87600040435791,10.508214950561523,242500
2013-12-09,11.968000411987305,12.03600025177002,11.881999969482422,10.499470710754395,490000
2013-12-10,11.97599983215332,12.145999908447266,11.97599983215332,10.56941032409668,496000
2013-12-11,12.3100004196167,12.3100004196167,12.04800033569336,10.534440040588379,394000
2013-12-12,12.055999755859375,12.055999755859375,11.935999870300293,10.48023796081543,1185500
2013-12-13,12.076000213623047,12.076000213623047,11.904000282287598,10.44701862335205,449000
2013-12-16,12.050000190734863,12.390000343322754,12,10.773978233337402,392500
2013-12-17,12.065999984741211,12.065999984741211,11.984000205993652,10.516955375671387,236000
2013-12-18,12.107999801635742,12.260000228881836,11.958000183105469,10.700545310974121,299000
2013-12-19,11.989999771118164,12.079999923706055,11.935999870300293,10.5256986618042,297000
2013-12-20,11.958000183105469,12.07800006866455,11.958000183105469,10.5256986618042,251500
2013-12-23,12.039999961853027,12.144000053405762,12.026000022888184,10.593888282775879,967500
2013-12-24,12.149999618530273,12.194000244140625,12.100000381469727,10.660329818725586,559500
2013-12-26,12.199999809265137,12.25,12.161999702453613,10.676065444946289,188500
2013-12-27,12.34000015258789,12.538000106811523,12.34000015258789,10.961063385009766,203500
2013-12-30,12.800000190734863,12.869999885559082,12.791999816894531,11.25130844116211,234000
2013-12-31,12.807999610900879,12.883999824523926,12.793999671936035,11.263545989990234,211000
2014-01-02,12.972000122070312,13.02400016784668,12.880000114440918,11.291522026062012,230000
2014-01-03,12.855999946594238,12.855999946594238,12.729999542236328,11.183117866516113,254000
2014-01-06,12.831999778747559,12.831999778747559,12.720000267028809,11.137656211853027,249000
2014-01-07,12.699999809265137,12.788000106811523,12.685999870300293,11.1743745803833,239500
2014-01-08,12.892000198364258,12.947999954223633,12.838000297546387,11.319497108459473,340000
2014-01-09,12.765999794006348,12.765999794006348,12.61400032043457,11.078208923339844,262000
2014-01-10,12.75,12.956000328063965,12.748000144958496,11.319497108459473,277500
2014-01-13,12.85200023651123,12.86400032043457,12.699999809265137,11.125419616699219,291500
2014-01-14,12.729999542236328,12.904000282287598,12.729999542236328,11.281030654907227,259500
2014-01-15,13.09000015258789,13.220000267028809,13.076000213623047,11.513574600219727,310000
2014-01-16,13.239999771118164,13.239999771118164,13.175999641418457,11.536306381225586,237500
2014-01-17,13.60200023651123,13.72599983215332,13.600000381469727,11.964675903320312,374000
2014-01-21,13.458000183105469,13.508000373840332,13.331999778747559,11.732131958007812,468000
2014-01-22,13.616000175476074,13.739999771118164,13.588000297546387,12.008387565612793,450500
2014-01-23,13.496000289916992,13.505999565124512,13.196000099182129,11.590509414672852,734500
2014-01-24,12.878000259399414,12.878000259399414,12.5,10.94532585144043,2652500
2014-01-27,12.538000106811523,12.63599967956543,12.387999534606934,10.868395805358887,2263500
2014-01-28,12.911999702453613,13.039999961853027,12.911999702453613,11.34921932220459,345000
2014-01-29,13.65999984741211,13.65999984741211,13.284000396728516,11.679678916931152,894500
2014-01-30,14,14,13.776000022888184,12.090563774108887,833000
2014-01-31,13.800000190734863,13.84000015258789,13.649999618530273,12.090563774108887,262000
2014-02-03,13.85200023651123,13.85200023651123,13.45199966430664,11.765351295471191,370000
2014-02-04,13.300000190734863,13.38599967956543,13.163999557495117,11.702407836914062,597000
2014-02-05,13.204000473022461,13.270000457763672,13.0600004196167,11.559036254882812,905000
2014-02-06,13.156000137329102,13.321999549865723,13.062000274658203,11.597501754760742,1052500
2014-02-07,13.517999649047852,13.692000389099121,13.48799991607666,11.93320369720459,191500
2014-02-10,13.803999900817871,13.803999900817871,13.607999801635742,11.919218063354492,385500
2014-02-11,13.711999893188477,13.800000190734863,13.640000343322754,12.055596351623535,248000
2014-02-12,13.911999702453613,13.998000144958496,13.814000129699707,12.108050346374512,323500
2014-02-13,13.814000129699707,14.0600004196167,13.814000129699707,12.288142204284668,171000
2014-02-14,14.196000099182129,14.357999801635742,14.196000099182129,12.548661231994629,311000
2014-02-18,15.026000022888184,15.12399959564209,14.984000205993652,13.183351516723633,555500
2014-02-19,15.043999671936035,15.140000343322754,15.022000312805176,13.148378372192383,570000
2014-02-20,14.5600004196167,14.722000122070312,14.53600025177002,12.868630409240723,381000
2014-02-21,15.003999710083008,15.003999710083008,14.930000305175781,13.078441619873047,362500
2014-02-24,15.005999565124512,15.119999885559082,14.965999603271484,13.192092895507812,398000
2014-02-25,14.954000473022461,15.149999618530273,14.843999862670898,13.136141777038574,1267000
2014-02-26,15.100000381469727,15.140000343322754,15.020000457763672,13.130895614624023,495000
2014-02-27,15.824000358581543,15.887999534606934,15.710000038146973,13.873990058898926,447500
2014-02-28,16.091999053955078,16.091999053955078,15.998000144958496,14.005125045776367,493500
2014-03-03,15.4399995803833,15.567999839782715,15.38599967956543,13.597733497619629,498000
2014-03-04,15.899999618530273,15.982000350952148,15.899999618530273,13.957915306091309,506000
2014-03-05,16.055999755859375,16.13800048828125,15.972000122070312,14.104784965515137,331000
2014-03-06,16.365999221801758,16.645999908447266,16.34600067138672,14.533158302307129,556500
2014-03-07,16.368000030517578,16.3700008392334,16.0939998626709,14.202699661254883,599000
2014-03-10,16.007999420166016,16.007999420166016,15.805999755859375,13.98239517211914,387500
2014-03-11,16,16.030000686645508,15.802000045776367,13.81978702545166,766500
2014-03-12,15.513999938964844,15.628000259399414,15.461999893188477,13.662425994873047,456500
2014-03-13,15.265999794006348,15.305999755859375,14.803999900817871,12.985774993896484,931500
2014-03-14,14.552000045776367,14.600000381469727,14.402000427246094,12.615102767944336,611000
2014-03-17,14.100000381469727,14.265999794006348,14.079999923706055,12.4017915725708,703000
2014-03-18,14.833999633789062,15.081999778747559,14.833999633789062,13.17460823059082,432500
2014-03-19,14.79800033569336,14.79800033569336,14.223999977111816,12.594120025634766,618500
2014-03-20,14.329999923706055,14.479999542236328,14.210000038146973,12.658812522888184,380000
2014-03-21,14.9399995803833,15.149999618530273,14.899999618530273,13.050468444824219,351500
2014-03-24,15.081999778747559,15.182000160217285,14.965999603271484,13.134392738342285,374000
2014-03-25,14.449999809265137,14.612000465393066,14.449999809265137,12.681544303894043,783000
2014-03-26,14.406000137329102,14.40999984741211,14.109999656677246,12.344093322753906,1480500
2014-03-27,13.678000450134277,13.678000450134277,13.357999801635742,11.732131958007812,849500
2014-03-28,13.760000228881836,13.970000267028809,13.760000228881836,12.146517753601074,615000
2014-03-31,13.958000183105469,13.958000183105469,13.815999984741211,12.08182430267334,873000
2014-04-01,14.449999809265137,14.621999740600586,14.449999809265137,12.782952308654785,571500
2014-04-02,14.527999877929688,14.553999900817871,14.428000450134277,12.723505973815918,228500
2014-04-03,14.121999740600586,14.121999740600586,13.9399995803833,12.303878784179688,483000
2014-04-04,13.699999809265137,13.899999618530273,13.25,11.583514213562012,1453000
2014-04-07,12.930000305175781,12.986000061035156,12.630000114440918,11.142903327941895,1103500
2014-04-08,13.031999588012695,13.331999778747559,13.015999794006348,11.649955749511719,913500
2014-04-09,13.607999801635742,13.817999839782715,13.545999526977539,12.078326225280762,1407500
2014-04-10,14.5,14.694000244140625,14.100000381469727,12.414029121398926,713000
2014-04-11,13.38599967956543,13.592000007629395,13.359999656677246,11.767099380493164,469000
2014-04-14,13.609999656677246,13.706000328063965,13.534000396728516,11.912222862243652,427000
2014-04-15,13.359999656677246,13.381999969482422,12.930000305175781,11.602746963500977,715000
2014-04-16,13.515999794006348,13.59000015258789,13.399999618530273,11.88075065612793,1366000
2014-04-17,13.54800033569336,13.684000015258789,13.508000373840332,11.924463272094727,598500
2014-04-21,13.673999786376953,13.678000450134277,13.520000457763672,11.9559326171875,297500
2014-04-22,13.543999671936035,13.673999786376953,13.498000144958496,11.922712326049805,351000
2014-04-23,13.54800033569336,13.630000114440918,13.456000328063965,11.763604164123535,479000
2014-04-24,13.652000427246094,13.718000411987305,13.489999771118164,11.861517906188965,279000
2014-04-25,13.472000122070312,13.550000190734863,13.140000343322754,11.487347602844238,908500
2014-04-28,13.130000114440918,13.130000114440918,12.82800006866455,11.296768188476562,759500
2014-04-29,13.140000343322754,13.265999794006348,13.039999961853027,11.595752716064453,278000
2014-04-30,12.5,12.53600025177002,12.359999656677246,10.875388145446777,594000
2014-05-01,12.449999809265137,12.673999786376953,12.399999618530273,11.074712753295898,626500
2014-05-02,12.75,12.819999694824219,12.680000305175781,11.142903327941895,230000
2014-05-05,12.699999809265137,12.75,12.600000381469727,11.015265464782715,184500
2014-05-06,12.670000076293945,12.727999687194824,12.449999809265137,10.88413143157959,402500
2014-05-07,12.27400016784668,12.27400016784668,12.039999961853027,10.5256986618042,505500
2014-05-08,12.170000076293945,12.270000457763672,12.11400032043457,10.662076950073242,399000
2014-05-09,12.229999542236328,12.342000007629395,12.229999542236328,10.789716720581055,733500
2014-05-12,13.02400016784668,13.13599967956543,13.020000457763672,11.450630187988281,417000
2014-05-13,13.137999534606934,13.144000053405762,13.052000045776367,11.452380180358887,276500
2014-05-14,13.770000457763672,14.239999771118164,13.770000457763672,12.430403709411621,812500
2014-05-15,14.152000427246094,14.185999870300293,13.751999855041504,12.18900203704834,239000
2014-05-16,13.880000114440918,13.904000282287598,13.736000061035156,12.157514572143555,175500
2014-05-19,13.907999992370605,14.020000457763672,13.907999992370605,12.223987579345703,487500
2014-05-20,14.25,14.729999542236328,14.25,12.629820823669434,285800
2014-05-21,14.649999618530273,14.649999618530273,14.399999618530273,12.78725814819336,375700
2014-05-22,14.729999542236328,14.729999542236328,14.5,12.8309907913208,338000
2014-05-23,14.479999542236328,14.479999542236328,14.34000015258789,12.594836235046387,183600
2014-05-27,14.390000343322754,14.399999618530273,14.300000190734863,12.568595886230469,323100
2014-05-28,14.5,14.640000343322754,14.470000267028809,12.769763946533203,281700
2014-05-29,14.260000228881836,14.300000190734863,14.100000381469727,12.463639259338379,193300
2014-05-30,14.100000381469727,14.1899995803833,14.029999732971191,12.349934577941895,116700
2014-06-02,14.1899995803833,14.229999542236328,14.180000305175781,12.411162376403809,151100
2014-06-03,14.239999771118164,14.420000076293945,14.239999771118164,12.594836235046387,182700
2014-06-04,14.149999618530273,14.1899995803833,14.010000228881836,12.341190338134766,209800
2014-06-05,14.029999732971191,14.199999809265137,14,12.419906616210938,285100
2014-06-06,14.0600004196167,14.100000381469727,13.960000038146973,12.323698043823242,117300
2014-06-09,14.1899995803833,14.40999984741211,14.1899995803833,12.586089134216309,251800
2014-06-10,14.600000381469727,14.670000076293945,14.520000457763672,12.8309907913208,441200
2014-06-11,14.75,14.890000343322754,14.75,12.970932006835938,459200
2014-06-12,14.869999885559082,14.920000076293945,14.65999984741211,12.883467674255371,296500
2014-06-13,14.880000114440918,14.949999809265137,14.869999885559082,13.04964828491211,132800
2014-06-16,14.90999984741211,14.949999809265137,14.829999923706055,13.02341079711914,138500
2014-06-17,14.9399995803833,14.9399995803833,14.760000228881836,13.032157897949219,178700
2014-06-18,15,15.119999885559082,14.859999656677246,13.21583080291748,155800
2014-06-19,15,15.010000228881836,14.859999656677246,13.040902137756348,136300
2014-06-20,14.890000343322754,14.979999542236328,14.800000190734863,12.970932006835938,151400
2014-06-23,14.760000228881836,14.760000228881836,14.619999885559082,12.892212867736816,142500
2014-06-24,14.699999809265137,14.960000038146973,14.699999809265137,12.94469165802002,242400
2014-06-25,14.75,14.949999809265137,14.75,13.06714153289795,155200
2014-06-26,15.130000114440918,15.25,15.109999656677246,13.329533576965332,180100
2014-06-27,15.119999885559082,15.279999732971191,15.119999885559082,13.347026824951172,108400
2014-06-30,15.25,15.289999961853027,15.199999809265137,13.355774879455566,115500
2014-07-01,15.319999694824219,15.460000038146973,15.300000190734863,13.504460334777832,156200
2014-07-02,15.869999885559082,15.899999618530273,15.779999732971191,13.801841735839844,209400
2014-07-03,16,16.1200008392334,16,14.099220275878906,201500
2014-07-07,16.219999313354492,16.219999313354492,16.079999923706055,14.072979927062988,187000
2014-07-08,16.149999618530273,16.15999984741211,15.760000228881836,13.819334030151367,364300
2014-07-09,15.729999542236328,15.789999961853027,15.5600004196167,13.775601387023926,246500
2014-07-10,15.739999771118164,15.739999771118164,15.399999618530273,13.618165016174316,195800
2014-07-11,15.729999542236328,15.75,15.5600004196167,13.766853332519531,185200
2014-07-14,15.899999618530273,15.979999542236328,15.800000190734863,13.950530052185059,202800
2014-07-15,15.979999542236328,15.979999542236328,15.760000228881836,13.898050308227539,139600
2014-07-16,16,16.149999618530273,16,14.090472221374512,116600
2014-07-17,15.800000190734863,15.890000343322754,15.609999656677246,13.705629348754883,247300
2014-07-18,15.800000190734863,15.930000305175781,15.800000190734863,13.906797409057617,95300
2014-07-21,15.609999656677246,15.8100004196167,15.520000457763672,13.801841735839844,106200
2014-07-22,16,16.1200008392334,16,14.037993431091309,123500
2014-07-23,16.079999923706055,16.100000381469727,15.949999809265137,13.95927619934082,228600
2014-07-24,15.989999771118164,16.139999389648438,15.970000267028809,14.064233779907227,216700
2014-07-25,16.110000610351562,16.1200008392334,16,14.08172607421875,144100
2014-07-28,16.6299991607666,16.790000915527344,16.5,14.676482200622559,227100
2014-07-29,16.850000381469727,16.950000762939453,16.799999237060547,14.720212936401367,220300
2014-07-30,16.600000381469727,16.760000228881836,16.5,14.492806434631348,173900
2014-07-31,16.40999984741211,16.489999771118164,16.190000534057617,14.195429801940918,260500
2014-08-01,16.440000534057617,16.65999984741211,16.350000381469727,14.449073791503906,248000
2014-08-04,16.739999771118164,16.799999237060547,16.579999923706055,14.693975448608398,122800
2014-08-05,17.059999465942383,17.18000030517578,16.959999084472656,14.877645492553711,276500
2014-08-06,16.959999084472656,17,16.899999618530273,14.781439781188965,601600
2014-08-07,16.68000030517578,16.68000030517578,16.309999465942383,14.361612319946289,241700
2014-08-08,16.75,16.8700008392334,16.65999984741211,14.746456146240234,905500
2014-08-11,16.899999618530273,17.100000381469727,16.899999618530273,14.947619438171387,868000
2014-08-12,17.219999313354492,17.290000915527344,17.110000610351562,15.105056762695312,219400
2014-08-13,17.600000381469727,17.639999389648438,17.299999237060547,15.367446899414062,1216000
2014-08-14,16.850000381469727,16.950000762939453,16.799999237060547,14.790184020996094,813800
2014-08-15,16.940000534057617,16.940000534057617,16.770000457763672,14.711467742919922,373200
2014-08-18,16.790000915527344,16.799999237060547,16.639999389648438,14.624002456665039,266400
2014-08-19,16.68000030517578,16.809999465942383,16.68000030517578,14.676482200622559,234900
2014-08-20,16.969999313354492,17.049999237060547,16.899999618530273,14.91263484954834,208700
2014-08-21,17,17.030000686645508,16.770000457763672,14.667736053466797,255900
2014-08-22,16.729999542236328,16.899999618530273,16.709999084472656,14.641493797302246,177800
2014-08-25,16.850000381469727,16.850000381469727,16.709999084472656,14.632747650146484,113600
2014-08-26,16.75,16.75,16.709999084472656,14.641493797302246,212200
2014-08-27,16.65999984741211,16.670000076293945,16.530000686645508,14.466567993164062,255800
2014-08-28,16.40999984741211,16.479999542236328,16.299999237060547,14.274148941040039,173900
2014-08-29,16.31999969482422,16.3799991607666,16.149999618530273,14.18668270111084,231000
2014-09-02,16.299999237060547,16.309999465942383,16.15999984741211,14.212922096252441,350300
2014-09-03,16.309999465942383,16.780000686645508,16.309999465942383,14.527792930603027,332600
2014-09-04,16.770000457763672,16.799999237060547,16.600000381469727,14.580273628234863,242300
2014-09-05,16.600000381469727,16.6299991607666,16.459999084472656,14.545283317565918,217900
2014-09-08,16.31999969482422,16.34000015258789,16.100000381469727,14.099220275878906,386000
2014-09-09,16.139999389648438,16.170000076293945,15.979999542236328,13.985515594482422,438200
2014-09-10,15.75,15.760000228881836,15.5600004196167,13.7318696975708,861400
2014-09-11,15.579999923706055,15.760000228881836,15.550000190734863,13.661896705627441,521900
2014-09-12,15.680000305175781,15.890000343322754,15.649999618530273,13.723123550415039,435600
2014-09-15,15.890000343322754,15.920000076293945,15.710000038146973,13.740615844726562,488600
2014-09-16,15.670000076293945,15.84000015258789,15.520000457763672,13.749361991882324,566400
2014-09-17,15.869999885559082,16,15.800000190734863,13.828080177307129,329100
2014-09-18,15.90999984741211,15.960000038146973,15.850000381469727,13.915544509887695,1218200
2014-09-19,16.09000015258789,16.1299991607666,15.970000267028809,14.01175308227539,725900
2014-09-22,15.65999984741211,15.65999984741211,15.359999656677246,13.469475746154785,645900
2014-09-23,15.359999656677246,15.420000076293945,15.180000305175781,13.294548034667969,199400
2014-09-24,15.239999771118164,15.369999885559082,15.170000076293945,13.408252716064453,211900
2014-09-25,15.220000267028809,15.220000267028809,14.949999809265137,13.12836742401123,504600
2014-09-26,14.960000038146973,15.170000076293945,14.960000038146973,13.21583080291748,176500
2014-09-29,14.949999809265137,14.949999809265137,14.65999984741211,12.90970516204834,1095100
2014-09-30,14.729999542236328,14.880000114440918,14.729999542236328,12.96218490600586,854400
2014-10-01,14.770000457763672,14.800000190734863,14.430000305175781,12.656058311462402,514100
2014-10-02,14.430000305175781,14.479999542236328,14.130000114440918,12.612329483032227,604100
2014-10-03,15,15,14.829999923706055,13.04964828491211,463000
2014-10-06,15.399999618530273,15.470000267028809,14.989999771118164,13.47822380065918,206100
2014-10-07,15.380000114440918,15.460000038146973,15.199999809265137,13.320788383483887,283200
2014-10-08,15.199999809265137,15.5,15.109999656677246,13.49571704864502,268000
2014-10-09,15.239999771118164,15.239999771118164,14.800000190734863,13.084635734558105,176400
2014-10-10,14.8100004196167,14.869999885559082,14.619999885559082,12.822243690490723,407300
2014-10-13,14.680000305175781,14.899999618530273,14.600000381469727,12.900960922241211,530700
2014-10-14,14.600000381469727,14.729999542236328,14.520000457763672,12.769763946533203,338100
2014-10-15,14.529999732971191,14.699999809265137,14.25,12.813495635986328,446700
2014-10-16,14.260000228881836,14.699999809265137,14.25,12.691044807434082,342300
2014-10-17,14.65999984741211,14.770000457763672,14.600000381469727,12.78725814819336,277100
2014-10-20,14.600000381469727,14.739999771118164,14.600000381469727,12.883467674255371,124200
2014-10-21,15.020000457763672,15.130000114440918,14.970000267028809,13.21583080291748,311900
2014-10-22,15.270000457763672,15.40999984741211,15.170000076293945,13.268309593200684,227500
2014-10-23,15.329999923706055,15.529999732971191,15.289999961853027,13.548192977905273,546300
2014-10-24,15.399999618530273,15.489999771118164,15.300000190734863,13.469475746154785,425400
2014-10-27,15.15999984741211,15.1899995803833,15.050000190734863,13.277054786682129,421500
2014-10-28,15.329999923706055,15.670000076293945,15.329999923706055,13.696884155273438,516500
2014-10-29,15.729999542236328,15.789999961853027,15.579999923706055,13.688136100769043,554400
2014-10-30,15.699999809265137,16.799999237060547,15.600000381469727,13.85431957244873,334500
2014-10-31,16.059999465942383,16.09000015258789,15.930000305175781,14.037993431091309,356800
2014-11-03,16.040000915527344,16.09000015258789,15.8100004196167,13.836827278137207,409700
2014-11-04,15.760000228881836,15.84000015258789,15.619999885559082,13.845572471618652,365900
2014-11-05,15.949999809265137,16.049999237060547,15.930000305175781,14.003009796142578,443200
2014-11-06,16.020000457763672,16.049999237060547,15.930000305175781,14.020503997802734,262900
2014-11-07,15.859999656677246,15.899999618530273,15.729999542236328,13.828080177307129,298200
2014-11-10,16.170000076293945,16.299999237060547,16.139999389648438,14.169189453125,261100
2014-11-11,16.40999984741211,16.459999084472656,16.200000762939453,14.387849807739258,453900
2014-11-12,16.260000228881836,16.280000686645508,15.880000114440918,14.11671257019043,497400
2014-11-13,16.600000381469727,16.690000534057617,16.469999313354492,14.545283317565918,477800
2014-11-14,17.010000228881836,17.360000610351562,17,15.148786544799805,1020200
2014-11-17,16.829999923706055,16.850000381469727,16.600000381469727,14.624002456665039,373800
2014-11-18,16.229999542236328,16.360000610351562,16.1299991607666,14.221670150756836,826800
2014-11-19,16.100000381469727,16.200000762939453,15.930000305175781,13.976768493652344,290000
2014-11-20,16.079999923706055,16.190000534057617,16.030000686645508,14.107963562011719,333700
2014-11-21,16.25,16.540000915527344,16.25,14.300387382507324,372300
2014-11-24,16.06999969482422,16.25,16.06999969482422,14.125456809997559,336600
2014-11-25,16.209999084472656,16.209999084472656,16.049999237060547,14.046738624572754,300400
2014-11-26,16.15999984741211,16.280000686645508,16.09000015258789,14.212922096252441,282000
2014-11-28,16.110000610351562,16.1200008392334,15.899999618530273,13.985515594482422,155700
2014-12-01,15.640000343322754,15.649999618530273,15.329999923706055,13.451987266540527,252300
2014-12-02,15.380000114440918,15.579999923706055,15.380000114440918,13.618165016174316,336100
2014-12-03,15.5,15.550000190734863,15.25,13.390759468078613,230900
2014-12-04,15.350000381469727,15.350000381469727,15.180000305175781,13.312040328979492,322800
2014-12-05,15.3100004196167,15.40999984741211,15.229999542236328,13.47822380065918,255200
2014-12-08,15.1899995803833,15.34000015258789,15,13.163351058959961,306000
2014-12-09,14.970000267028809,14.970000267028809,14.649999618530273,12.96218490600586,345500
2014-12-10,14.880000114440918,14.899999618530273,14.600000381469727,12.78725814819336,340100
2014-12-11,14.600000381469727,14.729999542236328,14.59000015258789,12.78725814819336,271200
2014-12-12,14.600000381469727,14.619999885559082,14.430000305175781,12.629820823669434,722400
2014-12-15,14.479999542236328,14.479999542236328,14.09000015258789,12.358682632446289,265500
2014-12-16,13.720000267028809,14.140000343322754,13.640000343322754,12.14876651763916,1468600
2014-12-17,13.649999618530273,13.979999542236328,13.550000190734863,12.14876651763916,387100
2014-12-18,14.630000114440918,14.649999618530273,14.430000305175781,12.699792861938477,659600
2014-12-19,14.899999618530273,15.109999656677246,14.819999694824219,13.163351058959961,393000
2014-12-22,14.6899995803833,14.729999542236328,14.5,12.857226371765137,383300
2014-12-23,14.600000381469727,14.6899995803833,14.489999771118164,12.769763946533203,353200
2014-12-24,14.59000015258789,14.600000381469727,14.399999618530273,12.691044807434082,151600
2014-12-26,14.550000190734863,15.029999732971191,14.550000190734863,13.02341079711914,178600
2014-12-29,14.680000305175781,14.680000305175781,14.510000228881836,12.726031303405762,233400
2014-12-30,14.539999961853027,14.539999961853027,14.390000343322754,12.664807319641113,495800
2014-12-31,14.430000305175781,14.640000343322754,14.430000305175781,12.691044807434082,440000
2015-01-02,14.40999984741211,14.430000305175781,14.270000457763672,12.577341079711914,305100
2015-01-05,14.479999542236328,14.600000381469727,14.34000015258789,12.769763946533203,418700
2015-01-06,15.399999618530273,15.489999771118164,15.050000190734863,13.373268127441406,625000
2015-01-07,16,16.25,15.949999809265137,14.195429801940918,1378100
2015-01-08,16.489999771118164,16.610000610351562,16.450000762939453,14.519044876098633,1044900
2015-01-09,16.540000915527344,16.600000381469727,16.43000030517578,14.440330505371094,1013900
2015-01-12,16.469999313354492,16.530000686645508,16.15999984741211,14.169189453125,513700
2015-01-13,16.479999542236328,16.65999984741211,16.350000381469727,14.379103660583496,1128700
2015-01-14,16.1299991607666,16.200000762939453,16,14.142951965332031,244400
2015-01-15,16.170000076293945,16.299999237060547,16.040000915527344,14.08172607421875,306500
2015-01-16,15.680000305175781,15.800000190734863,15.609999656677246,13.819334030151367,548900
2015-01-20,16.18000030517578,16.239999771118164,15.970000267028809,14.046738624572754,604600
2015-01-21,16.489999771118164,16.6200008392334,16.40999984741211,14.519044876098633,966200
2015-01-22,16.989999771118164,17.1200008392334,16.889999389648438,14.956369400024414,1105000
2015-01-23,17.09000015258789,17.200000762939453,16.969999313354492,14.947619438171387,1129800
2015-01-26,17.549999237060547,17.729999542236328,17.530000686645508,15.463661193847656,616800
2015-01-27,17.399999618530273,17.479999542236328,17.25,15.236248016357422,372700
2015-01-28,17.469999313354492,17.68000030517578,17.420000076293945,15.245000839233398,497700
2015-01-29,17.299999237060547,17.3700008392334,17.149999618530273,15.1837739944458,1215900
2015-01-30,17,17.040000915527344,16.809999465942383,14.711467742919922,562100
2015-02-02,16.899999618530273,17.440000534057617,16.899999618530273,15.17502498626709,844200
2015-02-03,17.489999771118164,17.489999771118164,17.270000457763672,15.218759536743164,490300
2015-02-04,17.43000030517578,17.5,17.290000915527344,15.17502498626709,380200
2015-02-05,17.43000030517578,17.489999771118164,17.3700008392334,15.245000839233398,243500
2015-02-06,17.440000534057617,17.440000534057617,17.139999389648438,15.0088472366333,169400
2015-02-09,17,17.079999923706055,16.979999542236328,14.877645492553711,254200
2015-02-10,17.1200008392334,17.18000030517578,17.049999237060547,14.991353034973145,391500
2015-02-11,17.110000610351562,17.110000610351562,16.860000610351562,14.842662811279297,399000
2015-02-12,16.719999313354492,16.799999237060547,16.65999984741211,14.632747650146484,329000
2015-02-13,16.760000228881836,16.809999465942383,16.719999313354492,14.685230255126953,255300
2015-02-17,16.790000915527344,16.950000762939453,16.760000228881836,14.77269172668457,505800
2015-02-18,16.8799991607666,16.8799991607666,16.639999389648438,14.562776565551758,494800
2015-02-19,16.700000762939453,16.770000457763672,16.639999389648438,14.624002456665039,214600
2015-02-20,16.639999389648438,16.8799991607666,16.59000015258789,14.746456146240234,498600
2015-02-23,17.049999237060547,17.34000015258789,17.049999237060547,15.052577018737793,542100
2015-02-24,17.260000228881836,17.450000762939453,17.260000228881836,15.218759536743164,430300
2015-02-25,17.5,17.510000228881836,17.3799991607666,15.262490272521973,1093500
2015-02-26,17.350000381469727,17.450000762939453,17.350000381469727,15.17502498626709,277700
2015-02-27,17.540000915527344,17.540000915527344,17.40999984741211,15.22750473022461,337200
2015-03-02,17.450000762939453,17.559999465942383,17.450000762939453,15.349956512451172,290600
2015-03-03,17.479999542236328,17.479999542236328,17.260000228881836,15.17502498626709,249000
2015-03-04,17.1200008392334,17.200000762939453,17.030000686645508,14.973864555358887,364000
2015-03-05,17.1299991607666,17.1299991607666,16.969999313354492,14.860156059265137,483100
2015-03-06,16.889999389648438,16.979999542236328,16.709999084472656,14.650243759155273,303200
2015-03-09,17.020000457763672,17.139999389648438,16.889999389648438,14.921380996704102,249000
2015-03-10,16.709999084472656,16.920000076293945,16.709999084472656,14.632747650146484,221200
2015-03-11,16.850000381469727,17,16.809999465942383,14.728963851928711,980900
2015-03-12,17.1200008392334,17.1200008392334,16.950000762939453,14.91263484954834,362500
2015-03-13,17.100000381469727,17.139999389648438,16.959999084472656,14.956369400024414,1444600
2015-03-16,17.399999618530273,17.6299991607666,17.3799991607666,15.349956512451172,2469700
2015-03-17,17.420000076293945,17.719999313354492,17.149999618530273,15.437421798706055,3932700
2015-03-18,17.670000076293945,17.799999237060547,17.270000457763672,15.113801956176758,2157900
2015-03-19,18.459999084472656,18.65999984741211,18.450000762939453,16.320802688598633,1898000
2015-03-20,18.450000762939453,18.670000076293945,18.3700008392334,16.250835418701172,732400
2015-03-23,18.780000686645508,19.06999969482422,18.760000228881836,16.61818504333496,715700
2015-03-24,18.510000228881836,18.540000915527344,18.440000534057617,16.137134552001953,654600
2015-03-25,18.3700008392334,18.420000076293945,18.149999618530273,15.892234802246094,336700
2015-03-26,17.969999313354492,18.360000610351562,17.969999313354492,15.874736785888672,358800
2015-03-27,18.479999542236328,18.719999313354492,18.299999237060547,16.32955551147461,1024000
2015-03-30,18.700000762939453,18.799999237060547,18.6200008392334,16.40827178955078,419900
2015-03-31,18.989999771118164,19,18.8700008392334,16.59194564819336,444000
2015-04-01,18.950000762939453,19.06999969482422,18.899999618530273,16.67940902709961,838400
2015-04-02,19.31999969482422,19.459999084472656,19.200000762939453,16.95929718017578,515600
2015-04-06,19.31999969482422,19.6299991607666,19.309999465942383,17.125476837158203,363200
2015-04-07,19.600000381469727,19.649999618530273,19.559999465942383,17.116731643676758,597500
2015-04-08,20.270000457763672,20.559999465942383,20.18000030517578,17.746475219726562,567200
2015-04-09,20.770000457763672,21.40999984741211,20.760000228881836,18.516157150268555,1642900
2015-04-10,21.020000457763672,21.06999969482422,20.75,18.411197662353516,756200
2015-04-13,22.030000686645508,22.149999618530273,21.6200008392334,18.90974998474121,784200
2015-04-14,20.670000076293945,20.850000381469727,20.549999237060547,18.16629981994629,628200
2015-04-15,20.31999969482422,20.350000381469727,20.149999618530273,17.711484909057617,513100
2015-04-16,20.65999984741211,20.770000457763672,20.5,18.061344146728516,1359100
2015-04-17,19.920000076293945,19.969999313354492,19.649999618530273,17.361629486083984,1836400
2015-04-20,19.610000610351562,19.8700008392334,19.610000610351562,17.361629486083984,463700
2015-04-21,20.5,20.68000030517578,20.5,18.02635955810547,345800
2015-04-22,20.850000381469727,21.06999969482422,20.84000015258789,18.393707275390625,1060000
2015-04-23,20.809999465942383,21.030000686645508,20.770000457763672,18.34122657775879,341900
2015-04-24,20.889999389648438,21.079999923706055,20.809999465942383,18.437440872192383,328400
2015-04-27,21.079999923706055,21.18000030517578,20.950000762939453,18.332481384277344,287900
2015-04-28,21,21.149999618530273,20.959999084472656,18.498666763305664,681300
2015-04-29,21.139999389648438,21.290000915527344,21.049999237060547,18.489912033081055,333800
2015-04-30,20.700000762939453,20.739999771118164,20.600000381469727,18.035106658935547,420500
2015-05-01,20.700000762939453,20.700000762939453,20.43000030517578,17.886417388916016,1092300
2015-05-04,20.520000457763672,20.59000015258789,20.3700008392334,17.982624053955078,382800
2015-05-05,20.399999618530273,20.399999618530273,20.049999237060547,17.580289840698242,245700
2015-05-06,20.040000915527344,20.1200008392334,19.799999237060547,17.370380401611328,362700
2015-05-07,19.850000381469727,19.93000030517578,19.790000915527344,17.431604385375977,421800
2015-05-08,20.059999465942383,20.190000534057617,19.920000076293945,17.659013748168945,270900
2015-05-11,20.530000686645508,20.59000015258789,20.34000015258789,17.798948287963867,341000
2015-05-12,20.1299991607666,20.200000762939453,20.06999969482422,17.554052352905273,456400
2015-05-13,20.920000076293945,21.100000381469727,20.809999465942383,18.321998596191406,849000
2015-05-14,20.959999084472656,20.979999542236328,20.889999389648438,18.348297119140625,466300
2015-05-15,20.989999771118164,21.059999465942383,20.940000534057617,18.435962677001953,261600
2015-05-18,20.920000076293945,20.93000030517578,20.799999237060547,18.313230514526367,442500
2015-05-19,20.889999389648438,20.899999618530273,20.75,18.199268341064453,768200
2015-05-20,20.360000610351562,20.530000686645508,20.350000381469727,17.97134017944336,442700
2015-05-21,20.270000457763672,20.399999618530273,20.149999618530273,17.874900817871094,311500
2015-05-22,20.540000915527344,20.739999771118164,20.469999313354492,18.137901306152344,504000
2015-05-26,20.459999084472656,20.6200008392334,20.299999237060547,17.813539505004883,351500
2015-05-27,20.56999969482422,20.56999969482422,20.219999313354492,17.90997314453125,308900
2015-05-28,20.09000015258789,20.15999984741211,19.959999084472656,17.594379425048828,668200
2015-05-29,20,20.149999618530273,19.93000030517578,17.497943878173828,248100
2015-06-01,20.149999618530273,20.239999771118164,19.920000076293945,17.506715774536133,583300
2015-06-02,20.200000762939453,20.229999542236328,20.049999237060547,17.708343505859375,752400
2015-06-03,20.459999084472656,20.5,20.25,17.953805923461914,500400
2015-06-04,20.459999084472656,20.459999084472656,20.170000076293945,17.743408203125,217900
2015-06-05,20.040000915527344,20.06999969482422,19.850000381469727,17.594379425048828,550800
2015-06-08,20.079999923706055,20.110000610351562,19.850000381469727,17.4102840423584,296000
2015-06-09,19.950000762939453,20.09000015258789,19.799999237060547,17.524246215820312,220000
2015-06-10,19.889999389648438,20.030000686645508,19.700000762939453,17.550548553466797,567300
2015-06-11,20.030000686645508,20.139999389648438,19.979999542236328,17.629446029663086,244400
2015-06-12,20.290000915527344,20.290000915527344,20.110000610351562,17.725873947143555,170100
2015-06-15,19.81999969482422,20.06999969482422,19.809999465942383,17.39274787902832,286500
2015-06-16,19.959999084472656,19.959999084472656,19.760000228881836,17.419052124023438,120600
2015-06-17,19.899999618530273,20.139999389648438,19.780000686645508,17.43657875061035,867100
2015-06-18,19.90999984741211,20.079999923706055,19.84000015258789,17.576847076416016,1079700
2015-06-19,19.899999618530273,20.040000915527344,19.84000015258789,17.45411491394043,730800
2015-06-22,20.139999389648438,20.299999237060547,20.139999389648438,17.734642028808594,620100
2015-06-23,20.399999618530273,20.520000457763672,20.360000610351562,17.97134017944336,646400
2015-06-24,20.959999084472656,21.149999618530273,20.950000762939453,18.47102928161621,486200
2015-06-25,20.950000762939453,20.989999771118164,20.809999465942383,18.278162002563477,418100
2015-06-26,20.610000610351562,20.790000915527344,20.420000076293945,17.90997314453125,2724300
2015-06-29,19.760000228881836,19.81999969482422,19.459999084472656,17.077152252197266,401800
2015-06-30,20.149999618530273,20.149999618530273,19.899999618530273,17.576847076416016,642300
2015-07-01,20.190000534057617,20.190000534057617,19.920000076293945,17.506715774536133,419400
2015-07-02,20.25,20.350000381469727,19.979999542236328,17.699581146240234,238300
2015-07-06,19,19.149999618530273,18.549999237060547,16.665130615234375,475600
2015-07-07,18.639999389648438,18.68000030517578,17.90999984741211,16.147905349731445,1333000
2015-07-08,17.270000457763672,17.399999618530273,17.170000076293945,15.078393936157227,1538200
2015-07-09,18.81999969482422,18.899999618530273,18.540000915527344,16.340770721435547,5167600
2015-07-10,19.299999237060547,19.350000381469727,19,16.822925567626953,2007300
2015-07-13,19.239999771118164,19.5,19.239999771118164,17.050853729248047,214000
2015-07-14,19.450000762939453,19.799999237060547,19.43000030517578,17.287548065185547,271000
2015-07-15,19.5,19.5,19.110000610351562,16.752792358398438,479800
2015-07-16,19.239999771118164,19.450000762939453,19.239999771118164,17.050853729248047,368400
2015-07-17,19.739999771118164,19.920000076293945,19.729999542236328,17.45411491394043,141400
2015-07-20,19.969999313354492,20.209999084472656,19.93000030517578,17.682043075561523,405000
2015-07-21,20.15999984741211,20.200000762939453,20.09000015258789,17.66451072692871,292300
2015-07-22,20.149999618530273,20.149999618530273,19.75,17.4102840423584,275800
2015-07-23,19.75,20,19.649999618530273,17.234952926635742,238800
2015-07-24,19.549999237060547,19.549999237060547,19.190000534057617,16.884292602539062,1014300
2015-07-27,18.6299991607666,18.649999618530273,18.329999923706055,16.07777214050293,720300
2015-07-28,19,19,18.670000076293945,16.48980140686035,519100
2015-07-29,18.649999618530273,18.84000015258789,18.549999237060547,16.48980140686035,474500
2015-07-30,18.3700008392334,18.579999923706055,18.34000015258789,16.235572814941406,215600
2015-07-31,18.600000381469727,18.799999237060547,18.59000015258789,16.31446647644043,220800
2015-08-03,18.350000381469727,18.5,18.270000457763672,16.04270362854004,203100
2015-08-04,18.420000076293945,18.540000915527344,18.290000915527344,16.147905349731445,196000
2015-08-05,18.350000381469727,18.530000686645508,18.31999969482422,16.174205780029297,109400
2015-08-06,18.18000030517578,18.329999923706055,17.950000762939453,15.806008338928223,175900
2015-08-07,18.09000015258789,18.25,18.079999923706055,15.946276664733887,184700
2015-08-10,18.260000228881836,18.59000015258789,18.260000228881836,16.27063751220703,183400
2015-08-11,18,18.100000381469727,17.899999618530273,15.841075897216797,178800
2015-08-12,17.559999465942383,17.610000610351562,17.15999984741211,15.043326377868652,1207700
2015-08-13,18.520000457763672,18.59000015258789,18.399999618530273,16.20926856994629,308800
2015-08-14,18.40999984741211,18.59000015258789,18.389999389648438,16.261869430541992,930600
2015-08-17,18.229999542236328,18.350000381469727,18.010000228881836,16.07777214050293,1827100
2015-08-18,17.969999313354492,18.010000228881836,17.81999969482422,15.77971076965332,294800
2015-08-19,17.989999771118164,18,17.6200008392334,15.569316864013672,1224000
2015-08-20,17.260000228881836,17.3799991607666,17.139999389648438,15.034558296203613,688200
2015-08-21,16.850000381469727,16.920000076293945,16.5,14.552398681640625,1117900
2015-08-24,14.90999984741211,16.200000762939453,14.899999618530273,13.666984558105469,1545900
2015-08-25,17.299999237060547,17.690000534057617,17.020000457763672,15.034558296203613,1148200
2015-08-26,16.799999237060547,16.8700008392334,16.440000534057617,14.780332565307617,1382100
2015-08-27,16.940000534057617,17.469999313354492,16.93000030517578,15.315086364746094,857600
2015-08-28,16.90999984741211,17.049999237060547,16.829999923706055,14.859230041503906,487000
2015-08-31,16.8799991607666,16.950000762939453,16.75,14.771565437316895,493700
2015-09-01,16.34000015258789,16.3799991607666,16.020000457763672,14.096542358398438,483100
2015-09-02,16.399999618530273,16.450000762939453,16.200000762939453,14.420902252197266,399700
2015-09-03,16.6299991607666,16.780000686645508,16.5,14.63129997253418,299300
2015-09-04,16.3799991607666,16.3799991607666,15.930000305175781,14.11407470703125,263100
2015-09-08,16.719999313354492,16.979999542236328,16.5,14.771565437316895,465600
2015-09-09,17.110000610351562,17.280000686645508,16.770000457763672,14.701431274414062,1212100
2015-09-10,16.389999389648438,16.760000228881836,16.170000076293945,14.552398681640625,921200
2015-09-11,16.31999969482422,16.56999969482422,16.31999969482422,14.517332077026367,617800
2015-09-14,16.559999465942383,16.56999969482422,16.329999923706055,14.499801635742188,364000
2015-09-15,16.860000610351562,17.1299991607666,16.59000015258789,14.859230041503906,2234900
2015-09-16,17.40999984741211,17.760000228881836,17.40999984741211,15.543018341064453,2503900
2015-09-17,16.989999771118164,17.700000762939453,16.989999771118164,15.271249771118164,281000
2015-09-18,17.510000228881836,17.510000228881836,17.100000381469727,15.034558296203613,330800
2015-09-21,17.200000762939453,17.31999969482422,17.149999618530273,15.069623947143555,244900
2015-09-22,16.6299991607666,16.780000686645508,16.59000015258789,14.666362762451172,578800
2015-09-23,16.93000030517578,16.93000030517578,16.6299991607666,14.57869815826416,1189400
2015-09-24,16.600000381469727,16.8700008392334,16.5,14.780332565307617,706400
2015-09-25,16.8700008392334,17.149999618530273,16.719999313354492,14.692667007446289,516100
2015-09-28,16.75,16.75,16.360000610351562,14.438435554504395,296000
2015-09-29,16.510000228881836,16.59000015258789,16.3799991607666,14.482267379760742,555500
2015-09-30,16.549999237060547,16.920000076293945,16.549999237060547,14.797863960266113,446500
2015-10-01,16.93000030517578,17.200000762939453,16.920000076293945,15.034558296203613,1176500
2015-10-02,17.170000076293945,17.899999618530273,17.170000076293945,15.586849212646484,597000
2015-10-05,18,18.299999237060547,18,15.998873710632324,377400
2015-10-06,18.25,18.25,17.93000030517578,15.867376327514648,445100
2015-10-07,18.270000457763672,18.469999313354492,18.239999771118164,16.174205780029297,616000
2015-10-08,18.5,18.75,18.360000610351562,16.375835418701172,753800
2015-10-09,18.5,18.700000762939453,18.40999984741211,16.28816795349121,963100
2015-10-12,18.549999237060547,18.610000610351562,18.489999771118164,16.28816795349121,507200
2015-10-13,18.489999771118164,18.510000228881836,18.260000228881836,16.121606826782227,557000
2015-10-14,18.389999389648438,18.520000457763672,18.360000610351562,16.112836837768555,169900
2015-10-15,18.610000610351562,18.93000030517578,18.600000381469727,16.559934616088867,280000
2015-10-16,18.899999618530273,19.100000381469727,18.899999618530273,16.708967208862305,457200
2015-10-19,19,19.1299991607666,18.780000686645508,16.665130615234375,855000
2015-10-20,18.920000076293945,19.299999237060547,18.90999984741211,16.822925567626953,2126500
2015-10-21,19.15999984741211,19.31999969482422,19.079999923706055,16.72649383544922,2733000
2015-10-22,19.100000381469727,19.270000457763672,18.93000030517578,16.849227905273438,1117800
2015-10-23,19.649999618530273,19.729999542236328,19.559999465942383,17.296316146850586,1624700
2015-10-26,19.399999618530273,19.399999618530273,19.200000762939453,16.85799217224121,440400
2015-10-27,19.229999542236328,19.329999923706055,19.170000076293945,16.884292602539062,795800
2015-10-28,19.290000915527344,19.420000076293945,19.229999542236328,16.98948860168457,1063900
2015-10-29,19.1299991607666,19.1299991607666,18.90999984741211,16.647592544555664,285900
2015-10-30,18.860000610351562,18.899999618530273,18.799999237060547,16.542394638061523,562000
2015-11-02,18.950000762939453,19.270000457763672,18.93000030517578,16.814163208007812,573200
2015-11-03,19.399999618530273,19.610000610351562,19.34000015258789,17.120986938476562,223800
2015-11-04,19.6299991607666,19.799999237060547,19.469999313354492,17.156051635742188,462000
2015-11-05,19.770000457763672,19.770000457763672,19.450000762939453,17.173587799072266,568000
2015-11-06,19.799999237060547,19.8799991607666,19.6299991607666,17.348915100097656,967100
2015-11-09,19.649999618530273,19.649999618530273,19.299999237060547,17.050853729248047,563300
2015-11-10,19.56999969482422,19.65999984741211,19.399999618530273,17.164817810058594,1262500
2015-11-11,19.649999618530273,19.700000762939453,19.520000457763672,17.138519287109375,783500
2015-11-12,19.729999542236328,19.809999465942383,19.610000610351562,17.19988250732422,608800
2015-11-13,19.520000457763672,19.520000457763672,19.200000762939453,16.893056869506836,384200
2015-11-16,19.280000686645508,19.639999389648438,19.149999618530273,17.208654403686523,225200
2015-11-17,19.670000076293945,19.729999542236328,19.600000381469727,17.27001953125,631800
2015-11-18,19.579999923706055,19.780000686645508,19.469999313354492,17.340150833129883,364800
2015-11-19,19.75,19.829999923706055,19.709999084472656,17.357683181762695,356900
2015-11-20,19.8799991607666,20.25,19.760000228881836,17.752172470092773,1894100
2015-11-23,20.229999542236328,20.260000228881836,20.110000610351562,17.66451072692871,1022600
2015-11-24,19.969999313354492,20.260000228881836,19.829999923706055,17.717103958129883,803400
2015-11-25,20.3799991607666,20.3799991607666,20.170000076293945,17.752172470092773,404500
2015-11-27,19.799999237060547,19.860000610351562,19.719999313354492,17.296316146850586,245500
2015-11-30,19.760000228881836,20.020000457763672,19.760000228881836,17.48918342590332,809800
2015-12-01,20.020000457763672,20.079999923706055,19.850000381469727,17.594379425048828,937000
2015-12-02,19.959999084472656,19.959999084472656,19.600000381469727,17.226184844970703,611800
2015-12-03,19.670000076293945,19.90999984741211,19.450000762939453,17.208654403686523,435700
2015-12-04,19.520000457763672,19.540000915527344,19.280000686645508,17.120986938476562,987000
2015-12-07,19.5,19.520000457763672,19.299999237060547,17.103452682495117,668500
2015-12-08,19.149999618530273,19.290000915527344,19.059999465942383,16.831689834594727,1165400
2015-12-09,19.25,19.5,19.25,16.91935920715332,841900
2015-12-10,19.43000030517578,19.43000030517578,19.239999771118164,16.866758346557617,389900
2015-12-11,19,19,18.610000610351562,16.31446647644043,411000
2015-12-14,18.75,18.920000076293945,18.700000762939453,16.57746124267578,672500
2015-12-15,19.06999969482422,19.34000015258789,19.06999969482422,16.893056869506836,775500
2015-12-16,19.579999923706055,19.809999465942383,19.520000457763672,17.32261848449707,758500
2015-12-17,19.6200008392334,19.6200008392334,19.479999542236328,17.112220764160156,944400
2015-12-18,19.670000076293945,19.670000076293945,19.43000030517578,17.156051635742188,371900
2015-12-21,19.549999237060547,19.56999969482422,19.329999923706055,17.103452682495117,742200
2015-12-22,19.399999618530273,19.690000534057617,19.399999618530273,17.164817810058594,732800
2015-12-23,19.649999618530273,19.850000381469727,19.610000610351562,17.383983612060547,377900
2015-12-24,19.700000762939453,19.729999542236328,19.610000610351562,17.252485275268555,63000
2015-12-28,19.510000228881836,19.549999237060547,19.25,17.112220764160156,130500
2015-12-29,19.5,19.649999618530273,19.5,17.208654403686523,618300
2015-12-30,19.40999984741211,19.530000686645508,19.399999618530273,17.033323287963867,254700
2015-12-31,19.59000015258789,19.65999984741211,19.510000228881836,17.19988250732422,382600
2016-01-04,19.1299991607666,19.260000228881836,18.93000030517578,16.77033042907715,469100
2016-01-05,19.09000015258789,19.229999542236328,18.940000534057617,16.72649383544922,170300
2016-01-06,18.639999389648438,18.709999084472656,18.530000686645508,16.35829734802246,333400
2016-01-07,18.049999237060547,18.200000762939453,17.90999984741211,15.700812339782715,548200
2016-01-08,18.329999923706055,18.329999923706055,17.959999084472656,15.753410339355469,1168100
2016-01-11,17.760000228881836,17.979999542236328,17.610000610351562,15.525480270385742,496200
2016-01-12,17.649999618530273,17.81999969482422,17.59000015258789,15.560547828674316,403400
2016-01-13,17.75,17.940000534057617,17.229999542236328,15.113454818725586,1863300
2016-01-14,17.360000610351562,17.65999984741211,17.25,15.420284271240234,784700
2016-01-15,17.18000030517578,17.25,16.940000534057617,14.98195743560791,433800
2016-01-19,17.989999771118164,18.059999465942383,17.549999237060547,15.525480270385742,906100
2016-01-20,17.18000030517578,17.309999465942383,16.760000228881836,15.078393936157227,647800
2016-01-21,17.190000534057617,17.510000228881836,17.149999618530273,15.183588027954102,364000
2016-01-22,17.950000762939453,18.1200008392334,17.950000762939453,15.884910583496094,938800
2016-01-25,18.43000030517578,18.5,18.270000457763672,16.04270362854004,1064400
2016-01-26,18.139999389648438,18.6299991607666,18.139999389648438,16.253103256225586,360800
2016-01-27,18.059999465942383,18.219999313354492,17.899999618530273,15.79724407196045,391900
2016-01-28,18.15999984741211,18.360000610351562,18.149999618530273,16.02517318725586,664800
2016-01-29,18.600000381469727,18.75,18.5,16.428430557250977,455600
2016-02-01,18.649999618530273,18.799999237060547,18.600000381469727,16.463499069213867,597400
2016-02-02,18.610000610351562,18.610000610351562,18.399999618530273,16.13037109375,917100
2016-02-03,18.100000381469727,18.260000228881836,17.850000381469727,16.00764274597168,1978200
2016-02-04,18.200000762939453,18.420000076293945,18.079999923706055,15.963808059692383,1341000
2016-02-05,18.43000030517578,18.43000030517578,18,15.814776420593262,1177200
2016-02-08,17.8799991607666,18,17.450000762939453,15.411516189575195,650700
2016-02-09,17.31999969482422,17.649999618530273,17.170000076293945,15.130990028381348,1118800
2016-02-10,17.5,17.639999389648438,17.40999984741211,15.332619667053223,974800
2016-02-11,17.100000381469727,17.239999771118164,16.959999084472656,15.113454818725586,1006100
2016-02-12,17.3799991607666,17.3799991607666,17.1200008392334,15.209885597229004,984600
2016-02-16,17.889999389648438,18,17.65999984741211,15.674511909484863,421400
2016-02-17,17.989999771118164,18.190000534057617,17.93000030517578,15.893675804138184,910800
2016-02-18,18.200000762939453,18.3700008392334,18.1299991607666,15.893675804138184,1982200
2016-02-19,18.040000915527344,18.200000762939453,18.030000686645508,15.867376327514648,248600
2016-02-22,18.459999084472656,18.469999313354492,18.100000381469727,16.182968139648438,591800
2016-02-23,18.239999771118164,18.25,18,15.788479804992676,712100
2016-02-24,18,18.09000015258789,17.649999618530273,15.858612060546875,308100
2016-02-25,17.850000381469727,18.079999923706055,17.809999465942383,15.806008338928223,866100
2016-02-26,18.31999969482422,18.399999618530273,18.200000762939453,16.069007873535156,379600
2016-02-29,18.299999237060547,18.440000534057617,18.200000762939453,16.0865421295166,256500
2016-03-01,18.56999969482422,19.1299991607666,18.549999237060547,16.71772575378418,1201300
2016-03-02,19,19.1200008392334,18.920000076293945,16.761558532714844,328000
2016-03-03,18.90999984741211,19.1299991607666,18.899999618530273,16.72649383544922,319700
2016-03-04,19.110000610351562,19.260000228881836,18.950000762939453,16.849227905273438,546600
2016-03-07,18.719999313354492,18.989999771118164,18.520000457763672,16.559934616088867,404700
2016-03-08,18.850000381469727,18.850000381469727,18.600000381469727,16.340770721435547,205800
2016-03-09,18.709999084472656,18.719999313354492,18.600000381469727,16.34953498840332,520700
2016-03-10,18.700000762939453,18.979999542236328,18.399999618530273,16.35829734802246,508800
2016-03-11,19,19.290000915527344,18.850000381469727,16.91059112548828,524500
2016-03-14,19.309999465942383,19.729999542236328,19.309999465942383,17.26125144958496,360700
2016-03-15,19.530000686645508,19.530000686645508,19.309999465942383,17.042085647583008,306400
2016-03-16,19.440000534057617,19.649999618530273,19.270000457763672,17.156051635742188,656300
2016-03-17,19.670000076293945,20.399999618530273,19.670000076293945,17.848608016967773,822200
2016-03-18,20.420000076293945,20.65999984741211,20.3700008392334,17.988866806030273,999900
2016-03-21,20.520000457763672,20.549999237060547,20.3700008392334,17.857376098632812,1293300
2016-03-22,20.600000381469727,20.610000610351562,20.3700008392334,18.04146957397461,929500
2016-03-23,20.450000762939453,20.610000610351562,20.43000030517578,17.99764060974121,1062800
2016-03-24,20.5,20.5,20.200000762939453,17.787242889404297,389400
2016-03-28,20.200000762939453,20.579999923706055,20.200000762939453,18.032703399658203,424300
2016-03-29,20.299999237060547,20.56999969482422,20.1299991607666,18.023935317993164,260300
2016-03-30,20.639999389648438,20.639999389648438,20.31999969482422,17.927505493164062,871900
2016-03-31,20.31999969482422,20.469999313354492,20.31999969482422,17.918739318847656,1428700
2016-04-01,20.34000015258789,20.600000381469727,20.170000076293945,18.023935317993164,215100
2016-04-04,20.549999237060547,20.65999984741211,20.469999313354492,17.953805923461914,611200
2016-04-05,20.06999969482422,20.219999313354492,19.979999542236328,17.524246215820312,556000
2016-04-06,20.360000610351562,20.670000076293945,20.299999237060547,18.12036895751953,771400
2016-04-07,20.790000915527344,20.790000915527344,20.510000228881836,18.0765380859375,450600
2016-04-08,20.5,20.780000686645508,20.5,17.988866806030273,347100
2016-04-11,20.700000762939453,20.719999313354492,20.479999542236328,17.988866806030273,312800
2016-04-12,20.6200008392334,20.84000015258789,20.479999542236328,18.208032608032227,421600
2016-04-13,21.149999618530273,21.40999984741211,21.149999618530273,18.734025955200195,593200
2016-04-14,21.329999923706055,21.3799991607666,21.149999618530273,18.672657012939453,373500
2016-04-15,21.170000076293945,21.229999542236328,21.100000381469727,18.558692932128906,220800
2016-04-18,21.3700008392334,21.549999237060547,21.309999465942383,18.865524291992188,481500
2016-04-19,21.309999465942383,21.40999984741211,21.260000228881836,18.751554489135742,319900
2016-04-20,21.030000686645508,21.18000030517578,20.799999237060547,18.47979736328125,920600
2016-04-21,20.81999969482422,21.06999969482422,20.75,18.234331130981445,290700
2016-04-22,20.700000762939453,20.989999771118164,20.700000762939453,18.251869201660156,175100
2016-04-25,20.469999313354492,20.68000030517578,20.440000534057617,17.945035934448242,524800
2016-04-26,20.790000915527344,20.799999237060547,20.690000534057617,18.208032608032227,367500
2016-04-27,20.530000686645508,20.610000610351562,20.440000534057617,18.06777000427246,238200
2016-04-28,20.530000686645508,20.81999969482422,20.530000686645508,18.059003829956055,251900
2016-04-29,20.579999923706055,20.579999923706055,20.15999984741211,17.79600715637207,367200
2016-05-02,20.3799991607666,20.420000076293945,20.209999084472656,17.848608016967773,433700
2016-05-03,19.760000228881836,19.959999084472656,19.709999084472656,17.305084228515625,561500
2016-05-04,19.649999618530273,19.719999313354492,19.549999237060547,17.173587799072266,518800
2016-05-05,19.770000457763672,19.81999969482422,19.540000915527344,17.191118240356445,373300
2016-05-06,19.65999984741211,19.8799991607666,19.6299991607666,17.419052124023438,153600
2016-05-09,20.079999923706055,20.079999923706055,19.75,17.31385040283203,513700
2016-05-10,19.959999084472656,20.139999389648438,19.93000030517578,17.638212203979492,443100
2016-05-11,20,20.15999984741211,19.959999084472656,17.60314178466797,354700
2016-05-12,19.850000381469727,20.040000915527344,19.760000228881836,17.36644744873047,307500
2016-05-13,19.93000030517578,20,19.709999084472656,17.36644744873047,445100
2016-05-16,20.399999618530273,20.700000762939453,20.329999923706055,18.12036895751953,654100
2016-05-17,20.719999313354492,20.850000381469727,20.709999084472656,18.234331130981445,842300
2016-05-18,20.670000076293945,20.700000762939453,19.979999542236328,17.804391860961914,2430400
2016-05-19,20.1200008392334,20.170000076293945,19.959999084472656,17.584583282470703,770700
2016-05-20,20.200000762939453,20.5,20.200000762939453,17.953859329223633,586400
2016-05-23,20.309999465942383,20.579999923706055,20.309999465942383,18.024200439453125,309200
2016-05-24,20.6200008392334,21.040000915527344,20.6200008392334,18.446226119995117,546300
2016-05-25,20.989999771118164,21.299999237060547,20.989999771118164,18.683622360229492,884600
2016-05-26,21.200000762939453,21.219999313354492,21.079999923706055,18.578109741210938,1430900
2016-05-27,21.809999465942383,22.110000610351562,21.799999237060547,19.343040466308594,928200
2016-05-31,22,22.3799991607666,21.989999771118164,19.606809616088867,1648600
2016-06-01,21.950000762939453,21.979999542236328,21.81999969482422,19.25511932373047,1395800
2016-06-02,21.8700008392334,21.969999313354492,21.770000457763672,19.272701263427734,566400
2016-06-03,21.860000610351562,22.1299991607666,21.860000610351562,19.41337776184082,1211200
2016-06-06,22.31999969482422,22.600000381469727,22.31999969482422,19.817827224731445,1174300
2016-06-07,22.6299991607666,22.8700008392334,22.6299991607666,20.046424865722656,427900
2016-06-08,22.799999237060547,22.799999237060547,22.649999618530273,19.92333221435547,210200
2016-06-09,22.479999542236328,22.559999465942383,22.450000762939453,19.817827224731445,395500
2016-06-10,22.270000457763672,22.399999618530273,22.260000228881836,19.641977310180664,932000
2016-06-13,21.709999084472656,21.809999465942383,21.6200008392334,19.035310745239258,964500
2016-06-14,21.6200008392334,21.6299991607666,21.389999389648438,18.903427124023438,681700
2016-06-15,22.15999984741211,22.329999923706055,22.110000610351562,19.457340240478516,1162000
2016-06-16,21.799999237060547,21.989999771118164,21.530000686645508,19.325456619262695,520000
2016-06-17,21.809999465942383,21.850000381469727,21.6299991607666,19.11444091796875,1034900
2016-06-20,22.06999969482422,22.25,22,19.360624313354492,920000
2016-06-21,22.190000534057617,22.280000686645508,22.020000457763672,19.536470413208008,1162700
2016-06-22,22.8700008392334,22.93000030517578,22.670000076293945,19.949708938598633,685100
2016-06-23,22.8700008392334,23.149999618530273,22.790000915527344,20.30139923095703,1138900
2016-06-24,22.079999923706055,22.549999237060547,22.079999923706055,19.483715057373047,1690100
2016-06-27,21.739999771118164,21.75,21.299999237060547,18.92101287841797,995500
2016-06-28,22.059999465942383,22.190000534057617,21.93000030517578,19.47492790222168,1181800
2016-06-29,22.350000381469727,22.469999313354492,22.350000381469727,19.738693237304688,733000
2016-06-30,22.649999618530273,23,22.6299991607666,20.195890426635742,937600
2016-07-01,22.950000762939453,23.1299991607666,22.899999618530273,20.204683303833008,643900
2016-07-05,22.6299991607666,22.729999542236328,22.5,19.87057876586914,372600
2016-07-06,22.309999465942383,22.6200008392334,22.260000228881836,19.888164520263672,605900
2016-07-07,22.75,22.780000686645508,22.559999465942383,19.861787796020508,1378900
2016-07-08,22.780000686645508,23.25,22.780000686645508,20.43328285217285,389400
2016-07-11,23.190000534057617,23.389999389648438,23.139999389648438,20.538793563842773,498200
2016-07-12,23.549999237060547,23.579999923706055,23.350000381469727,20.67947006225586,573300
2016-07-13,23.530000686645508,23.530000686645508,23.239999771118164,20.521207809448242,305600
2016-07-14,23.850000381469727,23.860000610351562,23.610000610351562,20.943239212036133,480200
2016-07-15,23.90999984741211,23.940000534057617,23.75,20.90806770324707,241500
2016-07-18,23.799999237060547,23.8799991607666,23.639999389648438,20.890483856201172,714900
2016-07-19,23.809999465942383,23.809999465942383,23.540000915527344,20.75859832763672,311300
2016-07-20,23.90999984741211,24.100000381469727,23.739999771118164,21.031160354614258,1110500
2016-07-21,23.850000381469727,23.850000381469727,23.65999984741211,20.820146560668945,227800
2016-07-22,23.8799991607666,24.059999465942383,23.790000915527344,21.110292434692383,791800
2016-07-25,24.190000534057617,24.299999237060547,23.940000534057617,21.08391571044922,385900
2016-07-26,23.989999771118164,24.1200008392334,23.8700008392334,21.198213577270508,351800
2016-07-27,24.25,24.399999618530273,24.09000015258789,21.321306228637695,383300
2016-07-28,24.15999984741211,24.31999969482422,24.149999618530273,21.27734375,381900
2016-07-29,24.079999923706055,24.200000762939453,23.979999542236328,21.27734375,344000
2016-08-01,23.850000381469727,23.950000762939453,23.700000762939453,21.02236557006836,1014100
2016-08-02,23.75,23.899999618530273,23.610000610351562,20.846525192260742,558300
2016-08-03,23.479999542236328,23.649999618530273,23.299999237060547,20.69705581665039,414900
2016-08-04,23.56999969482422,23.700000762939453,23.530000686645508,20.828937530517578,175600
2016-08-05,23.979999542236328,23.979999542236328,23.799999237060547,21.039953231811523,444600
2016-08-08,24.260000228881836,24.40999984741211,24.100000381469727,21.312515258789062,638700
2016-08-09,24.329999923706055,24.389999389648438,24.139999389648438,21.38285255432129,180500
2016-08-10,24.15999984741211,24.280000686645508,24.149999618530273,21.242177963256836,277200
2016-08-11,24.290000915527344,24.489999771118164,24.25,21.49715232849121,441100
2016-08-12,24.110000610351562,24.290000915527344,24.110000610351562,21.250967025756836,372300
2016-08-15,24.649999618530273,24.8700008392334,24.5,21.699377059936523,629200
2016-08-16,25.25,25.3700008392334,24.950000762939453,22.06865119934082,1047400
2016-08-17,26.110000610351562,26.25,25.649999618530273,23.044591903686523,973500
2016-08-18,26.31999969482422,26.469999313354492,26.25,23.2468204498291,729800
2016-08-19,26.020000457763672,26.190000534057617,25.899999618530273,23.00942611694336,557400
2016-08-22,26.260000228881836,26.3700008392334,26.149999618530273,23.053386688232422,537000
2016-08-23,26.399999618530273,26.450000762939453,26.1299991607666,23.00942611694336,398800
2016-08-24,25.969999313354492,25.989999771118164,25.780000686645508,22.71048927307129,456200
2016-08-25,25.549999237060547,25.760000228881836,25.549999237060547,22.613773345947266,279200
2016-08-26,25.940000534057617,26.170000076293945,25.700000762939453,22.70169448852539,695500
2016-08-29,25.969999313354492,26.06999969482422,25.8700008392334,22.868749618530273,414700
2016-08-30,26.3700008392334,26.520000457763672,26.25,23.2468204498291,412400
2016-08-31,26.079999923706055,26.170000076293945,25.799999237060547,22.763242721557617,374800
2016-09-01,26.200000762939453,26.200000762939453,25.93000030517578,22.824785232543945,834100
2016-09-02,26.18000030517578,26.290000915527344,26.110000610351562,23.079763412475586,450600
2016-09-06,27.649999618530273,27.799999237060547,27.549999237060547,24.2930965423584,1026900
2016-09-07,27.670000076293945,27.670000076293945,27.31999969482422,24.108463287353516,571000
2016-09-08,27.600000381469727,27.75,27.479999542236328,24.2667236328125,904600
2016-09-09,27.5,27.5,26.959999084472656,23.756772994995117,691100
2016-09-12,26.420000076293945,27.15999984741211,26.40999984741211,23.84469223022461,880100
2016-09-13,26.84000015258789,26.969999313354492,26.40999984741211,23.413869857788086,570700
2016-09-14,26.93000030517578,27.079999923706055,26.799999237060547,23.57213020324707,345700
2016-09-15,27.56999969482422,27.700000762939453,27.450000762939453,24.2667236328125,1933600
2016-09-16,27.59000015258789,27.639999389648438,27.350000381469727,24.064498901367188,1029700
2016-09-19,27.18000030517578,27.219999313354492,27.040000915527344,23.77435874938965,898800
2016-09-20,27,27.059999465942383,26.899999618530273,23.651264190673828,1794900
2016-09-21,27.239999771118164,27.440000534057617,27.079999923706055,24.11725425720215,2434100
2016-09-22,27.65999984741211,27.8700008392334,27.610000610351562,24.486534118652344,1725100
2016-09-23,28.170000076293945,28.239999771118164,28.010000228881836,24.671165466308594,1470300
2016-09-26,27.549999237060547,27.600000381469727,27.40999984741211,24.126047134399414,948200
2016-09-27,27.719999313354492,27.8799991607666,27.549999237060547,24.398609161376953,998500
2016-09-28,28.049999237060547,28.190000534057617,27.75,24.732717514038086,1030200
2016-09-29,28.100000381469727,28.149999618530273,27.860000610351562,24.495325088500977,1245000
2016-09-30,27.860000610351562,27.899999618530273,27.75,24.512907028198242,1355400
2016-10-03,28.1200008392334,28.1200008392334,27.860000610351562,24.574453353881836,620700
2016-10-04,28.139999389648438,28.139999389648438,27.760000228881836,24.495325088500977,1033600
2016-10-05,28.229999542236328,28.229999542236328,27.860000610351562,24.63599967956543,498100
2016-10-06,28.079999923706055,28.09000015258789,27.860000610351562,24.556873321533203,848600
2016-10-07,27.90999984741211,27.979999542236328,27.68000030517578,24.40740203857422,441900
2016-10-10,27.940000534057617,28.100000381469727,27.700000762939453,24.62720489501953,440100
2016-10-11,27.850000381469727,27.860000610351562,27.450000762939453,24.187593460083008,796300
2016-10-12,27.510000228881836,27.600000381469727,27.34000015258789,24.046913146972656,603800
2016-10-13,27.010000228881836,27.030000686645508,26.760000228881836,23.607301712036133,1031000
2016-10-14,27.079999923706055,27.1200008392334,26.969999313354492,23.765560150146484,982600
2016-10-17,26.989999771118164,27.139999389648438,26.860000610351562,23.704017639160156,701300
2016-10-18,27.31999969482422,27.510000228881836,27.139999389648438,24.020538330078125,533200
2016-10-19,27.329999923706055,27.479999542236328,27.270000457763672,24.029335021972656,561300
2016-10-20,27.670000076293945,27.700000762939453,27.40999984741211,24.31947898864746,525600
2016-10-21,27.649999618530273,27.670000076293945,27.520000457763672,24.2843074798584,527600
2016-10-24,27.84000015258789,27.8799991607666,27.700000762939453,24.40740203857422,604000
2016-10-25,27.68000030517578,27.84000015258789,27.520000457763672,24.2667236328125,616400
2016-10-26,27.420000076293945,27.5,27.239999771118164,23.95020294189453,617900
2016-10-27,27.309999465942383,27.3799991607666,27,23.747976303100586,357000
2016-10-28,26.75,27.020000457763672,26.600000381469727,23.431459426879883,561100
2016-10-31,26.600000381469727,26.68000030517578,26.520000457763672,23.325950622558594,631500
2016-11-01,26.739999771118164,26.780000686645508,26.34000015258789,23.2468204498291,739900
2016-11-02,26.3799991607666,26.450000762939453,26.079999923706055,23.00942611694336,1730500
2016-11-03,26.1299991607666,26.15999984741211,25.8700008392334,22.807205200195312,1062900
2016-11-04,25.59000015258789,26.649999618530273,25.420000076293945,22.411548614501953,804700
2016-11-07,26.299999237060547,26.56999969482422,26.020000457763672,23.264400482177734,1520600
2016-11-08,26.510000228881836,26.81999969482422,26.469999313354492,23.431459426879883,1249200
2016-11-09,26.31999969482422,26.450000762939453,26.040000915527344,23.079763412475586,1182600
2016-11-10,26.75,26.75,26.100000381469727,23.123727798461914,1409900
2016-11-11,25.399999618530273,25.43000030517578,25.1299991607666,22.2884578704834,2093400
2016-11-14,24.770000457763672,25.079999923706055,24.399999618530273,21.6114501953125,1306100
2016-11-15,24.729999542236328,25.34000015258789,24.65999984741211,22.20053482055664,1668800
2016-11-16,25.139999389648438,25.530000686645508,24.5,21.9631404876709,1073000
2016-11-17,25.020000457763672,25.350000381469727,24.979999542236328,22.06865119934082,656700
2016-11-18,25.149999618530273,25.260000228881836,25.059999465942383,22.18294906616211,575000
2016-11-21,24.950000762939453,25.1200008392334,24.93000030517578,22.077444076538086,768900
2016-11-22,25.309999465942383,25.34000015258789,25.229999542236328,22.226911544799805,607900
2016-11-23,24.899999618530273,24.899999618530273,24.799999237060547,21.84005355834961,807000
2016-11-25,24.81999969482422,25.110000610351562,24.520000457763672,21.804880142211914,545900
2016-11-28,24.959999084472656,25.440000534057617,24.950000762939453,21.980728149414062,576900
2016-11-29,24.889999389648438,25.389999389648438,24.829999923706055,21.980728149414062,1039100
2016-11-30,25.049999237060547,25.139999389648438,24.920000076293945,21.927974700927734,751400
2016-12-01,25.010000228881836,25.06999969482422,24.65999984741211,21.743335723876953,1230800
2016-12-02,24.520000457763672,24.579999923706055,24.270000457763672,21.356473922729492,1386400
2016-12-05,24.459999084472656,24.700000762939453,24.280000686645508,21.646623611450195,581500
2016-12-06,24.5,24.65999984741211,24.299999237060547,21.409229278564453,960200
2016-12-07,24.6200008392334,24.700000762939453,24.3799991607666,21.681791305541992,665100
2016-12-08,24.850000381469727,24.850000381469727,24.399999618530273,21.49715232849121,739200
2016-12-09,24.489999771118164,24.540000915527344,24.25,21.49715232849121,1208800
2016-12-12,23.93000030517578,23.989999771118164,23.770000457763672,20.943239212036133,1164500
2016-12-13,23.93000030517578,24.350000381469727,23.899999618530273,21.338890075683594,1326600
2016-12-14,24.219999313354492,24.280000686645508,23.850000381469727,20.995990753173828,1359800
2016-12-15,23.68000030517578,23.84000015258789,23.510000228881836,20.81135368347168,971900
2016-12-16,23.65999984741211,23.719999313354492,23.31999969482422,20.582752227783203,852500
2016-12-19,23.440000534057617,23.5,23.25,20.45087242126465,699100
2016-12-20,23.549999237060547,23.600000381469727,23.350000381469727,20.670677185058594,1070000
2016-12-21,23.520000457763672,23.59000015258789,23.450000762939453,20.705841064453125,787700
2016-12-22,23.309999465942383,23.3799991607666,23.09000015258789,20.345361709594727,1169300
2016-12-23,23.170000076293945,23.200000762939453,23,20.318988800048828,679800
2016-12-27,23.1299991607666,23.18000030517578,23.049999237060547,20.371740341186523,487600
2016-12-28,23.649999618530273,23.780000686645508,23.489999771118164,20.69705581665039,639500
2016-12-29,24.15999984741211,24.43000030517578,24.149999618530273,21.41802215576172,863600
2016-12-30,24.5,24.5,24.15999984741211,21.29492950439453,632900
2017-01-03,24.350000381469727,24.540000915527344,24.25,21.49715232849121,802200
2017-01-04,24.479999542236328,24.579999923706055,24.350000381469727,21.585073471069336,977800
2017-01-05,25.079999923706055,25.18000030517578,24.950000762939453,22.051063537597656,805500
2017-01-06,25.329999923706055,25.350000381469727,25.059999465942383,22.156574249267578,745600
2017-01-09,25.299999237060547,25.299999237060547,25.1200008392334,22.226911544799805,455300
2017-01-10,25.350000381469727,26.1200008392334,25.219999313354492,22.78082847595215,2412300
2017-01-11,26.010000228881836,26.030000686645508,25.8799991607666,22.824785232543945,1066300
2017-01-12,25.780000686645508,25.780000686645508,25.559999465942383,22.56981086730957,894700
2017-01-13,25.649999618530273,25.979999542236328,25.649999618530273,22.684110641479492,248300
2017-01-17,25.649999618530273,25.649999618530273,25.5,22.46430206298828,423700
2017-01-18,25.850000381469727,25.899999618530273,25.6299991607666,22.622568130493164,490000
2017-01-19,25.75,25.889999389648438,25.5,22.52585220336914,823800
2017-01-20,25.5,25.600000381469727,25.350000381469727,22.37638282775879,694600
2017-01-23,25.479999542236328,25.649999618530273,25.399999618530273,22.508264541625977,559600
2017-01-24,25.770000457763672,25.979999542236328,25.700000762939453,22.648942947387695,829000
2017-01-25,25.8799991607666,26.170000076293945,25.8799991607666,22.965463638305664,778400
2017-01-26,26.43000030517578,26.559999465942383,26.290000915527344,23.308364868164062,882200
2017-01-27,26.360000610351562,26.5,26.280000686645508,23.11493492126465,1245800
2017-01-30,26.25,26.299999237060547,26.09000015258789,23.02701187133789,360100
2017-01-31,26.18000030517578,26.25,26.09000015258789,23.02701187133789,391000
2017-02-01,26.799999237060547,26.799999237060547,26.360000610351562,23.510583877563477,1132800
2017-02-02,26.5,26.790000915527344,26.5,23.44024658203125,765900
2017-02-03,26.549999237060547,26.6299991607666,26.450000762939453,23.361116409301758,451500
2017-02-06,26.56999969482422,26.940000534057617,26.5,23.44904136657715,294100
2017-02-07,26.649999618530273,26.649999618530273,26.309999465942383,23.17647933959961,358200
2017-02-08,26.25,26.350000381469727,26.15999984741211,23.132516860961914,562000
2017-02-09,26.420000076293945,26.5,26.34000015258789,23.281986236572266,352900
2017-02-10,26.18000030517578,26.31999969482422,26.149999618530273,23.106142044067383,463200
2017-02-13,26.299999237060547,26.389999389648438,26.25,23.150102615356445,491800
2017-02-14,26.239999771118164,26.25,26.030000686645508,23.079763412475586,437800
2017-02-15,26.549999237060547,26.780000686645508,26.3700008392334,23.501792907714844,988200
2017-02-16,27.149999618530273,27.40999984741211,26.899999618530273,23.941410064697266,609700
2017-02-17,27.219999313354492,27.34000015258789,27.149999618530273,24.029335021972656,329500
2017-02-21,27.1200008392334,27.3700008392334,27.059999465942383,24.064498901367188,756000
2017-02-22,27.670000076293945,27.700000762939453,27.469999313354492,24.161216735839844,1240000
2017-02-23,27.68000030517578,27.809999465942383,27.450000762939453,24.178804397583008,915500
2017-02-24,27.139999389648438,27.31999969482422,26.959999084472656,23.835899353027344,502600
2017-02-27,27.049999237060547,27.100000381469727,27,23.809524536132812,272900
2017-02-28,26.700000762939453,26.8799991607666,26.510000228881836,23.352325439453125,729900
2017-03-01,26.93000030517578,27,26.75,23.67763900756836,727100
2017-03-02,26.649999618530273,26.649999618530273,26.469999313354492,23.273195266723633,748700
2017-03-03,26.780000686645508,26.920000076293945,26.729999542236328,23.52817153930664,605400
2017-03-06,26.829999923706055,27.09000015258789,26.799999237060547,23.73039436340332,535500
2017-03-07,27.049999237060547,27.360000610351562,27.049999237060547,23.985370635986328,839000
2017-03-08,27.399999618530273,27.399999618530273,27.149999618530273,23.91503143310547,855700
2017-03-09,26.93000030517578,27.020000457763672,26.670000076293945,23.589717864990234,1178700
2017-03-10,27.280000686645508,27.420000076293945,27.25,24.07328987121582,563000
2017-03-13,27.729999542236328,27.760000228881836,27.6200008392334,24.389816284179688,881600
2017-03-14,27.719999313354492,27.719999313354492,27.40999984741211,24.187593460083008,851600
2017-03-15,27.530000686645508,28.020000457763672,27.479999542236328,24.486534118652344,1791400
2017-03-16,28.5,28.600000381469727,28.450000762939453,25.075613021850586,1250400
2017-03-17,28.600000381469727,28.690000534057617,28.559999465942383,25.11957550048828,732100
2017-03-20,29.350000381469727,29.610000610351562,29.350000381469727,25.99001121520996,1319800
2017-03-21,29.540000915527344,29.6200008392334,29,25.6031494140625,1718400
2017-03-22,28.670000076293945,29.040000915527344,28.450000762939453,25.400928497314453,1602700
2017-03-23,28.75,28.93000030517578,28.559999465942383,25.383344650268555,953600
2017-03-24,28.989999771118164,29.100000381469727,28.940000534057617,25.515230178833008,629800
2017-03-27,28.93000030517578,29.149999618530273,28.799999237060547,25.559192657470703,934000
2017-03-28,29.100000381469727,29.6299991607666,29.100000381469727,25.928464889526367,1174500
2017-03-29,29.520000457763672,29.530000686645508,29.329999923706055,25.866918563842773,981300
2017-03-30,29.15999984741211,29.200000762939453,29.040000915527344,25.567983627319336,663200
2017-03-31,29,29,28.770000457763672,25.374549865722656,666000
2017-04-03,29.030000686645508,29.15999984741211,28.93000030517578,25.550397872924805,856500
2017-04-04,29,29.270000457763672,29,25.682281494140625,650700
2017-04-05,29.559999465942383,29.610000610351562,29.309999465942383,25.840543746948242,1300900
2017-04-06,29.350000381469727,29.520000457763672,29.350000381469727,25.954845428466797,907800
2017-04-07,29.3700008392334,29.399999618530273,29.190000534057617,25.77899742126465,983200
2017-04-10,29.309999465942383,29.309999465942383,29.1200008392334,25.673492431640625,616600
2017-04-11,29.110000610351562,29.170000076293945,28.860000610351562,25.471267700195312,711200
2017-04-12,29.610000610351562,29.850000381469727,29.540000915527344,25.998802185058594,1208400
2017-04-13,29.649999618530273,29.780000686645508,29.600000381469727,26.051555633544922,379700
2017-04-17,29.75,29.84000015258789,29.549999237060547,26.174652099609375,649800
2017-04-18,29.450000762939453,29.450000762939453,29.239999771118164,25.831748962402344,727500
2017-04-19,29.540000915527344,29.700000762939453,29.3700008392334,25.85812759399414,496500
2017-04-20,30.350000381469727,30.700000762939453,30.260000228881836,26.974750518798828,1315700
2017-04-21,30.549999237060547,30.600000381469727,30.399999618530273,26.79890251159668,818200
2017-04-24,30.799999237060547,30.8799991607666,30.68000030517578,27.07146644592285,747800
2017-04-25,31.329999923706055,31.40999984741211,31.209999084472656,27.581417083740234,1097800
2017-04-26,31.15999984741211,31.200000762939453,31.100000381469727,27.370399475097656,918600
2017-04-27,31.479999542236328,31.649999618530273,31.350000381469727,27.660547256469727,804600
2017-04-28,31.579999923706055,31.579999923706055,31.329999923706055,27.563833236694336,966000
2017-05-01,31.40999984741211,31.690000534057617,31.40999984741211,27.827604293823242,813500
2017-05-02,32.08000183105469,32.08000183105469,31.489999771118164,28.064992904663086,1740400
2017-05-03,31.969999313354492,31.989999771118164,31.81999969482422,28.012243270874023,936900
2017-05-04,31.389999389648438,31.399999618530273,31.100000381469727,27.484704971313477,1486800
2017-05-05,31.31999969482422,31.729999542236328,31.260000228881836,27.862768173217773,1222200
2017-05-08,31.479999542236328,31.56999969482422,31.450000762939453,27.713302612304688,1105400
2017-05-09,32.310001373291016,32.4900016784668,32.2400016784668,28.478229522705078,1441700
2017-05-10,32.290000915527344,32.459999084472656,32.290000915527344,28.495813369750977,617500
2017-05-11,32.529998779296875,32.7400016784668,32.43000030517578,28.785959243774414,936000
2017-05-12,33.279998779296875,33.61000061035156,33.25,29.419004440307617,1581500
2017-05-15,33.45000076293945,33.72999954223633,33.40999984741211,29.647605895996094,1955600
2017-05-16,33.459999084472656,33.599998474121094,33.36000061035156,29.53331184387207,3047400
2017-05-17,33.95000076293945,34.25,33.29999923706055,29.409042358398438,3194400
2017-05-18,34,34.22999954223633,33.689998626708984,30.025951385498047,2525300
2017-05-19,34.84000015258789,34.84000015258789,34.630001068115234,30.69574737548828,2130000
2017-05-22,35.720001220703125,36.09000015258789,35.25,31.709245681762695,3275200
2017-05-23,35.619998931884766,35.70000076293945,35.36000061035156,31.356725692749023,2498800
2017-05-24,35.290000915527344,35.29999923706055,34.970001220703125,30.898439407348633,1684200
2017-05-25,35.43000030517578,35.77000045776367,35.36000061035156,31.46247673034668,1517200
2017-05-26,35.599998474121094,35.66999816894531,35.459999084472656,31.347904205322266,1088400
2017-05-30,35.22999954223633,35.400001525878906,35.099998474121094,31.171646118164062,1218700
2017-05-31,34.66999816894531,34.66999816894531,34.20000076293945,30.360849380493164,1809500
2017-06-01,34.720001220703125,35.040000915527344,34.63999938964844,30.845565795898438,1626100
2017-06-02,34.72999954223633,35,34.72999954223633,30.766252517700195,1731000
2017-06-05,34.95000076293945,35.029998779296875,34.880001068115234,30.801498413085938,1678700
2017-06-06,35.31999969482422,35.349998474121094,35.11000061035156,31.021821975708008,1183600
2017-06-07,35.06999969482422,35.06999969482422,34.849998474121094,30.854372024536133,1578000
2017-06-08,35.689998626708984,35.790000915527344,35.349998474121094,31.391969680786133,3009600
2017-06-09,35.849998474121094,35.9900016784668,34.849998474121094,30.757436752319336,6065900
2017-06-12,34.70000076293945,34.70000076293945,33.650001525878906,30.431354522705078,2468200
2017-06-13,35.099998474121094,35.099998474121094,34.72999954223633,30.730995178222656,1877500
2017-06-14,35.599998474121094,35.81999969482422,35.380001068115234,31.250957489013672,1893300
2017-06-15,35.09000015258789,35.099998474121094,34.40999984741211,30.678117752075195,2674600
2017-06-16,35.04999923706055,35.099998474121094,34.81999969482422,30.827938079833984,847700
2017-06-19,35.7599983215332,36.04999923706055,35.599998474121094,31.77093505859375,1811900
2017-06-20,35.97999954223633,36.08000183105469,35.79999923706055,31.638736724853516,1619900
2017-06-21,35.90999984741211,35.959999084472656,35.810001373291016,31.682798385620117,1232600
2017-06-22,36.220001220703125,36.45000076293945,35.970001220703125,32.017704010009766,1956000
2017-06-23,36.099998474121094,36.20000076293945,35.93000030517578,31.744495391845703,1943300
2017-06-26,36.54999923706055,36.72999954223633,36.41999816894531,32.20276641845703,1689400
2017-06-27,36.97999954223633,37.06999969482422,36.689998626708984,32.36140823364258,2289600
2017-06-28,36.33000183105469,36.959999084472656,36.31999969482422,32.572906494140625,1999400
2017-06-29,36.33000183105469,36.41999816894531,35.59000015258789,31.57704734802246,3481000
2017-06-30,35.77000045776367,36.06999969482422,35.75,31.691617965698242,4438600
2017-07-03,36.04999923706055,36.04999923706055,35.689998626708984,31.471290588378906,880700
2017-07-05,34.81999969482422,34.9900016784668,34.540000915527344,30.827938079833984,2664000
2017-07-06,34.779998779296875,34.779998779296875,34.2599983215332,30.211027145385742,2265200
2017-07-07,34.459999084472656,34.7400016784668,34.40999984741211,30.545923233032227,1403300
2017-07-10,34.810001373291016,35.08000183105469,34.7599983215332,30.889619827270508,1054200
2017-07-11,35.7400016784668,35.880001068115234,35.599998474121094,31.57704734802246,1196700
2017-07-12,36.2400016784668,36.70000076293945,36.20000076293945,32.28208541870117,1625000
2017-07-13,36.58000183105469,36.59000015258789,36.2400016784668,31.964813232421875,2026700
2017-07-14,36.779998779296875,37.20000076293945,36.54999923706055,32.661048889160156,1895300
2017-07-17,36.68000030517578,36.849998474121094,36.63999938964844,32.40546798706055,1975500
2017-07-18,36.84000015258789,37.15999984741211,36.56999969482422,32.678672790527344,1840100
2017-07-19,38.29999923706055,38.599998474121094,38.25,33.88605499267578,2293100
2017-07-20,38.2599983215332,38.34000015258789,37.959999084472656,33.63047409057617,1391400
2017-07-21,38.040000915527344,38.2599983215332,37.97999954223633,33.656917572021484,1624700
2017-07-24,38.81999969482422,39.02000045776367,38.70000076293945,34.3531494140625,1282000
2017-07-25,38.849998474121094,38.939998626708984,38.720001220703125,34.21214294433594,1548600
2017-07-26,38.75,38.93000030517578,38.54999923706055,34.23857879638672,1617500
2017-07-27,39.77000045776367,39.77000045776367,38.70000076293945,34.361961364746094,1680300
2017-07-28,39.209999084472656,39.5,39,34.69685745239258,1019100
2017-07-31,40.04999923706055,40.220001220703125,39.790000915527344,35.21682357788086,1566900
2017-08-01,40.20000076293945,40.4900016784668,40.20000076293945,35.613407135009766,1764300
2017-08-02,40.29999923706055,40.29999923706055,39.56999969482422,35.05818557739258,2153200
2017-08-03,39.54999923706055,39.63999938964844,39.22999954223633,34.74092102050781,1439700
2017-08-04,39.90999984741211,39.93000030517578,39.599998474121094,35.11106491088867,893400
2017-08-07,40.9900016784668,41.189998626708984,40.86000061035156,36.20388412475586,1790900
2017-08-08,42.06999969482422,42.34000015258789,41.86000061035156,37.12043380737305,2813400
2017-08-09,42.0099983215332,42.349998474121094,41.810001373291016,37.28788375854492,1576300
2017-08-10,41.790000915527344,41.79999923706055,40.5099983215332,35.789669036865234,2748500
2017-08-11,39.130001068115234,40.02000045776367,38.63999938964844,35.26088333129883,2915700
2017-08-14,41.220001220703125,41.779998779296875,41.220001220703125,36.69740295410156,2033600
2017-08-15,41,41,40.56999969482422,36.00999450683594,1979600
2017-08-16,42.97999954223633,43.900001525878906,42.959999084472656,38.21324157714844,3834000
2017-08-17,42.11000061035156,42.380001068115234,41.97999954223633,37.0058708190918,3189100
2017-08-18,41.79999923706055,42.099998474121094,41.5,36.9177360534668,2202000
2017-08-21,41.86000061035156,42.04999923706055,41.720001220703125,36.99705123901367,1551600
2017-08-22,41.689998626708984,42.31999969482422,41.66999816894531,37.27906799316406,2721900
2017-08-23,42.18000030517578,43.189998626708984,42.11000061035156,37.781410217285156,2894800
2017-08-24,42.22999954223633,42.400001525878906,42.04999923706055,37.199745178222656,2697300
2017-08-25,42.279998779296875,42.349998474121094,41.9900016784668,37.06755447387695,2343200
2017-08-28,41.650001525878906,41.68000030517578,41.29999923706055,36.50352096557617,1974900
2017-08-29,40.79999923706055,41.279998779296875,40.65999984741211,36.24795150756836,1914200
2017-08-30,41.95000076293945,42.040000915527344,41.45000076293945,36.95298767089844,1992200
2017-08-31,42.11000061035156,42.36000061035156,42.099998474121094,37.305511474609375,1671200
2017-09-01,41.869998931884766,42.029998779296875,41.779998779296875,37.014671325683594,2130100
2017-09-05,41.27000045776367,41.38999938964844,40.7599983215332,36.071678161621094,2465700
2017-09-06,41.63999938964844,41.77000045776367,41.400001525878906,36.803165435791016,1277300
2017-09-07,41.25,41.54999923706055,41.15999984741211,36.48588943481445,1343500
2017-09-08,41.33000183105469,41.400001525878906,40.81999969482422,35.97473907470703,1271100
2017-09-11,42.369998931884766,42.75,42.2599983215332,37.64921188354492,1554600
2017-09-12,42.81999969482422,43.02000045776367,42.720001220703125,37.86072540283203,1881500
2017-09-13,42.79999923706055,42.79999923706055,42.61000061035156,37.61396026611328,1383400
2017-09-14,42.97999954223633,43.11000061035156,42.83000183105469,37.887168884277344,1399500
2017-09-15,43.369998931884766,43.72999954223633,43.20000076293945,38.477638244628906,1165900
2017-09-18,44.439998626708984,44.709999084472656,44.25,39.3853759765625,2679600
2017-09-19,44.29999923706055,44.41999816894531,44.060001373291016,38.92709732055664,2051900
2017-09-20,44.36000061035156,44.619998931884766,43.95000076293945,39.04167175292969,1686400
2017-09-21,44.63999938964844,44.65999984741211,44.130001068115234,38.909481048583984,1664100
2017-09-22,44.220001220703125,44.43000030517578,44.150001525878906,39.13861846923828,1007000
2017-09-25,43.720001220703125,43.75,42.599998474121094,37.64921188354492,3033000
2017-09-26,43,43.38999938964844,42.970001220703125,38.10749053955078,2066900
2017-09-27,43.58000183105469,43.599998474121094,42.91999816894531,38.151554107666016,1838500
2017-09-28,42.630001068115234,42.97999954223633,42.56999969482422,37.675655364990234,1282400
2017-09-29,43.02000045776367,43.9900016784668,43,38.7067756652832,1609600
2017-10-02,44.08000183105469,44.439998626708984,44.0099983215332,38.803714752197266,1895400
2017-10-03,44.709999084472656,45.04999923706055,44.5099983215332,39.64977264404297,1677300
2017-10-04,44.810001373291016,45,44.5,39.57044982910156,1569400
2017-10-05,45.09000015258789,45.540000915527344,44.959999084472656,40.037540435791016,1380900
2017-10-06,45.189998626708984,45.27000045776367,44.79999923706055,39.81721496582031,1441600
2017-10-09,45.029998779296875,45.13999938964844,44.95000076293945,39.64977264404297,1345800
2017-10-10,45.2599983215332,45.29999923706055,45.11000061035156,39.878902435302734,1473300
2017-10-11,45.279998779296875,45.45000076293945,45.060001373291016,39.98466491699219,1766400
2017-10-12,45.099998474121094,45.099998474121094,44.70000076293945,39.40300369262695,1599600
2017-10-13,45.20000076293945,45.41999816894531,44.95000076293945,39.73789978027344,3213700
2017-10-16,45.5099983215332,45.79999923706055,45.45000076293945,40.169734954833984,1489000
2017-10-17,45.5,45.54999923706055,45.13999938964844,39.826026916503906,1304800
2017-10-18,45.59000015258789,45.72999954223633,45.34000015258789,40.26668167114258,1186000
2017-10-19,44.68000030517578,44.84000015258789,44.47999954223633,39.4735107421875,1620100
2017-10-20,45.0099983215332,45.0099983215332,44.7400016784668,39.58807373046875,1316200
2017-10-23,44.849998474121094,44.88999938964844,44.5,39.27081298828125,894200
2017-10-24,44.79999923706055,44.849998474121094,44.599998474121094,39.394195556640625,760600
2017-10-25,45.119998931884766,45.22999954223633,44.45000076293945,39.44707489013672,2540400
2017-10-26,44.75,44.79999923706055,44.5,39.22673797607422,1061600
2017-10-27,44.66999816894531,45.47999954223633,44.459999084472656,39.94060134887695,2560900
2017-10-30,44.84000015258789,45.060001373291016,44.77000045776367,39.69383239746094,1416300
2017-10-31,45.06999969482422,45.15999984741211,44.880001068115234,39.70264434814453,1385600
2017-11-01,46.25,46.29999923706055,46.02000045776367,40.583946228027344,1890400
2017-11-02,46.59000015258789,46.61000061035156,46.11000061035156,41.015785217285156,1832500
2017-11-03,47.310001373291016,47.43000030517578,46.900001525878906,41.64151382446289,1522500
2017-11-06,48.459999084472656,49,48.459999084472656,43.07802963256836,2039900
2017-11-07,50.599998474121094,50.599998474121094,49.7400016784668,43.853572845458984,2827600
2017-11-08,49.63999938964844,49.849998474121094,49.470001220703125,43.862388610839844,1527500
2017-11-09,49.63999938964844,49.63999938964844,48.869998931884766,43.50986862182617,2467100
2017-11-10,49.47999954223633,49.880001068115234,49.310001373291016,43.92407989501953,1599300
2017-11-13,49.70000076293945,50.290000915527344,49.599998474121094,44.20609664916992,2118200
2017-11-14,49.91999816894531,49.91999816894531,48.95000076293945,43.271915435791016,3554000
2017-11-15,50.36000061035156,50.47999954223633,49.720001220703125,44.214908599853516,3109200
2017-11-16,50.709999084472656,51.47999954223633,50.619998931884766,45.122650146484375,4109700
2017-11-17,52.02000045776367,52.630001068115234,52.0099983215332,46.092079162597656,4322500
2017-11-20,54.29999923706055,54.77000045776367,52.63999938964844,47.90756607055664,4545800
2017-11-21,55.90999984741211,56.04999923706055,55.75,49.2647705078125,5301600
2017-11-22,55.2400016784668,55.2400016784668,54.5099983215332,48.37464904785156,4043000
2017-11-24,54.13999938964844,54.13999938964844,53.61000061035156,47.352352142333984,2679100
2017-11-27,53.20000076293945,53.25,52.91999816894531,46.70899963378906,3804400
2017-11-28,54.040000915527344,54.27000045776367,53.869998931884766,47.72249221801758,3584500
2017-11-29,52.93000030517578,52.939998626708984,51.349998474121094,45.82769775390625,5081900
2017-11-30,51.400001525878906,51.47999954223633,51,45.10502624511719,2931600
2017-12-01,49.290000915527344,49.380001068115234,48.380001068115234,43.210227966308594,5799100
2017-12-04,50.04999923706055,50.18000030517578,48.79999923706055,43.04278564453125,4872500
2017-12-05,48,48.7599983215332,47.79999923706055,42.32011413574219,4876000
2017-12-06,46.93000030517578,47.959999084472656,46.790000915527344,41.976409912109375,7116900
2017-12-07,48.5,48.70000076293945,48.209999084472656,42.831268310546875,4462500
2017-12-08,50.779998779296875,50.779998779296875,50.439998626708984,44.48811340332031,4752000
2017-12-11,51.83000183105469,52.290000915527344,51.81999969482422,45.942264556884766,2827600
2017-12-12,50.5099983215332,50.599998474121094,50,44.49692916870117,3240300
2017-12-13,50.95000076293945,51.41999816894531,50.900001525878906,45.166717529296875,3284300
2017-12-14,50.90999984741211,50.90999984741211,50.5,44.54099655151367,2887900
2017-12-15,50.13999938964844,50.5,49.849998474121094,44.33829116821289,3209500
2017-12-18,50.849998474121094,51.20000076293945,50.75,45.034523010253906,2974500
2017-12-19,51.31999969482422,51.369998931884766,50.529998779296875,44.831825256347656,2062300
2017-12-20,51.040000915527344,51.08000183105469,50.400001525878906,44.637943267822266,1622500
2017-12-21,51.540000915527344,52.040000915527344,51.41999816894531,45.695499420166016,2723500
2017-12-22,51.9900016784668,52.27000045776367,51.599998474121094,46.02158737182617,1723300
2017-12-26,52.29999923706055,52.380001068115234,52,45.87175750732422,1291000
2017-12-27,51.43000030517578,51.83000183105469,51.40999984741211,45.413482666015625,1704000
2017-12-28,52.380001068115234,52.400001525878906,51.790000915527344,45.73956298828125,1742700
2017-12-29,52.20000076293945,52.20000076293945,51.779998779296875,45.75718688964844,1646500
2018-01-02,53.77000045776367,54.5,52.9900016784668,48.03095626831055,2411200
2018-01-03,54.5099983215332,54.810001373291016,54.5,48.28653335571289,2988400
2018-01-04,55.43000030517578,55.68000030517578,55.27000045776367,48.947505950927734,3059100
2018-01-05,55.52000045776367,55.880001068115234,55.5,49.23833084106445,2837100
2018-01-08,56.27000045776367,56.599998474121094,55.95000076293945,49.76711654663086,2915400
2018-01-09,57.02000045776367,57.209999084472656,56.650001525878906,50.28708267211914,3178700
2018-01-10,56.290000915527344,56.29999923706055,55.77000045776367,49.37053298950195,2633200
2018-01-11,55.099998474121094,55.369998931884766,54.900001525878906,48.780059814453125,2286100
2018-01-12,56.65999984741211,57,56.40999984741211,50.163700103759766,2107500
2018-01-16,57.130001068115234,57.5,56.34000015258789,49.70542907714844,3833000
2018-01-17,57.61000061035156,57.970001220703125,57.119998931884766,51.04500198364258,2636700
2018-01-18,57.5099983215332,57.560001373291016,57.119998931884766,50.60435104370117,2572400
2018-01-19,58.029998779296875,58.20000076293945,57.7599983215332,51.29176712036133,2107400
2018-01-22,59.029998779296875,59.560001373291016,58.900001525878906,52.419830322265625,3198900
2018-01-23,60.70000076293945,60.849998474121094,60.5099983215332,53.6272087097168,3928200
2018-01-24,60.470001220703125,60.77000045776367,59.619998931884766,52.96623992919922,4159200
2018-01-25,59.279998779296875,59.540000915527344,58.65999984741211,52.03206253051758,4178600
2018-01-26,60.5099983215332,61,60.2400016784668,53.72415542602539,2570900
2018-01-29,60.310001373291016,60.310001373291016,59.5,52.7194709777832,4327300
2018-01-30,58.47999954223633,58.720001220703125,57.810001373291016,51.49446487426758,5398100
2018-01-31,59.47999954223633,59.790000915527344,58.720001220703125,52.14663314819336,2631900
2018-02-01,58.2400016784668,58.470001220703125,57.86000061035156,51.03619384765625,3531100
2018-02-02,57.150001525878906,57.20000076293945,55.75,49.17664337158203,5099500
2018-02-05,55.66999816894531,56.540000915527344,53.790000915527344,47.59029769897461,6110700
2018-02-06,52.150001525878906,55.56999969482422,52,48.656673431396484,9918400
2018-02-07,53.70000076293945,54.47999954223633,53.25,47.06151580810547,6263600
2018-02-08,54.04999923706055,54.04999923706055,51.279998779296875,45.210784912109375,7279100
2018-02-09,51.61000061035156,52.70000076293945,49.83000183105469,46.00395584106445,7757100
2018-02-12,53.099998474121094,54.029998779296875,52.70000076293945,47.1937141418457,4801400
2018-02-13,53.939998626708984,54.869998931884766,53.75,48.29534149169922,3335300
2018-02-14,54.79999923706055,56.97999954223633,54.720001220703125,49.86405563354492,5175700
2018-02-15,58.54999923706055,59.18000030517578,57.29999923706055,51.66191864013672,4495400
2018-02-16,58.2400016784668,58.93000030517578,57.900001525878906,51.30939483642578,2692700
2018-02-20,57.06999969482422,57.869998931884766,56.880001068115234,50.6484260559082,3237400
2018-02-21,58.939998626708984,59.439998626708984,58.099998474121094,51.20363235473633,2950500
2018-02-22,57.869998931884766,58.43000030517578,57.5099983215332,50.7894287109375,2729600
2018-02-23,58.15999984741211,58.599998474121094,57.970001220703125,51.600223541259766,1612600
2018-02-26,58.029998779296875,58.709999084472656,57.810001373291016,51.60903549194336,2344600
2018-02-27,57.0099983215332,57.22999954223633,56.099998474121094,49.485103607177734,2818100
2018-02-28,55.380001068115234,55.720001220703125,54.75,48.37464904785156,2999600
2018-03-01,56.779998779296875,56.79999923706055,55,49.1325798034668,3404800
2018-03-02,54.2599983215332,55.95000076293945,54.02000045776367,49.25596237182617,2872900
2018-03-05,54.41999816894531,55.79999923706055,54.36000061035156,49.00038146972656,3379600
2018-03-06,56.75,56.77000045776367,56,49.608482360839844,2648500
2018-03-07,55.95000076293945,56.470001220703125,55.54999923706055,49.61729431152344,2806400
2018-03-08,56.689998626708984,56.91999816894531,56.25,49.890499114990234,1491500
2018-03-09,57.5099983215332,58.16999816894531,57.290000915527344,51.26532745361328,2947500
2018-03-12,58.66999816894531,58.83000183105469,58.13999938964844,51.69717025756836,2627400
2018-03-13,59.31999969482422,59.31999969482422,57.56999969482422,50.96568298339844,3037700
2018-03-14,59.11000061035156,59.16999816894531,58.15999984741211,51.688358306884766,2658600
2018-03-15,59.54999923706055,60,59.310001373291016,52.640159606933594,3607300
2018-03-16,59.279998779296875,59.38999938964844,58.959999084472656,52.2347526550293,3773000
2018-03-19,58.54999923706055,58.599998474121094,57.61000061035156,51.33583450317383,4057000
2018-03-20,59.59000015258789,59.84000015258789,59.40999984741211,52.59609603881836,4025500
2018-03-21,58.189998626708984,58.290000915527344,57.349998474121094,51.0185661315918,6467300
2018-03-22,53.560001373291016,53.58000183105469,51.59000015258789,45.55448532104492,27203300
2018-03-23,53.630001068115234,53.79999923706055,52.279998779296875,46.17140197753906,9625400
2018-03-26,54.43000030517578,55.47999954223633,53.7599983215332,48.70073318481445,7169400
2018-03-27,55.36000061035156,55.5,53.310001373291016,47.28184509277344,5481300
2018-03-28,52.540000915527344,52.7599983215332,51.900001525878906,46.426979064941406,7811000
2018-03-29,52.43000030517578,53.560001373291016,52.11000061035156,46.96457290649414,4925900
2018-04-02,52.91999816894531,52.91999816894531,51.02000045776367,45.3077278137207,5505700
2018-04-03,52.189998626708984,52.45000076293945,51.689998626708984,46.039207458496094,3736800
2018-04-04,50.400001525878906,52.619998931884766,50.349998474121094,46.37410354614258,6980200
2018-04-05,52.91999816894531,53.150001525878906,52.47999954223633,46.36528778076172,5849700
2018-04-06,51.790000915527344,52.45000076293945,50.959999084472656,45.17552947998047,3260700
2018-04-09,52.25,52.7599983215332,51.68000030517578,45.84532165527344,3744600
2018-04-10,53.13999938964844,53.70000076293945,52.95000076293945,47.1937141418457,7083000
2018-04-11,53.2599983215332,53.689998626708984,53.040000915527344,46.841190338134766,4010200
2018-04-12,52.81999969482422,53.4900016784668,52.779998779296875,46.99101638793945,5352100
2018-04-13,52.349998474121094,52.470001220703125,51.400001525878906,45.51042556762695,3743400
2018-04-16,51.560001373291016,51.560001373291016,51.029998779296875,45.298919677734375,2888400
2018-04-17,50.970001220703125,51.900001525878906,50.900001525878906,45.64262390136719,5305900
2018-04-18,51.290000915527344,51.7400016784668,51.060001373291016,45.36060333251953,3168300
2018-04-19,51.72999954223633,51.7400016784668,51.11000061035156,45.29010009765625,1996700
2018-04-20,51.040000915527344,51.060001373291016,50.36000061035156,44.51455307006836,2961000
2018-04-23,50.52000045776367,50.84000015258789,50.20000076293945,44.44405746459961,2734300
2018-04-24,50.7599983215332,50.88999938964844,49.380001068115234,43.862388610839844,4181100
2018-04-25,49.150001525878906,50,48.5099983215332,43.271915435791016,4419800
2018-04-26,48.97999954223633,49.4900016784668,48.880001068115234,43.57155990600586,3994600
2018-04-27,49.68000030517578,49.70000076293945,48.900001525878906,43.606815338134766,2941800
2018-04-30,49.880001068115234,49.880001068115234,49.099998474121094,43.29835891723633,2155400
2018-05-01,49.08000183105469,49.290000915527344,48.470001220703125,43.40411376953125,3687000
2018-05-02,50.040000915527344,50.040000915527344,49.31999969482422,43.63325500488281,3260200
2018-05-03,48.95000076293945,49.09000015258789,47.880001068115234,43.11328125,5208400
2018-05-04,48.689998626708984,49.86000061035156,48.40999984741211,43.72138214111328,3416500
2018-05-07,48.43000030517578,48.93000030517578,48.34000015258789,43.10447692871094,7049400
2018-05-08,49.86000061035156,50.029998779296875,49.29999923706055,44.038658142089844,3056000
2018-05-09,50.5099983215332,50.65999984741211,50.04999923706055,44.585060119628906,2706000
2018-05-10,52,52.959999084472656,51.869998931884766,46.45341873168945,6335600
2018-05-11,52.56999969482422,52.68000030517578,52.0099983215332,46.18902587890625,2451900
2018-05-14,52.599998474121094,52.83000183105469,52.220001220703125,46.13615417480469,4901900
2018-05-15,50.29999923706055,50.439998626708984,49.90999984741211,44.382354736328125,4293600
2018-05-16,52.709999084472656,54.36000061035156,52.709999084472656,47.41403579711914,9869300
2018-05-17,52.61000061035156,53.25,52.52000045776367,46.497344970703125,5623300
2018-05-18,52.060001373291016,52.22999954223633,51.70000076293945,46.117591857910156,3836800
2018-05-21,52.31999969482422,52.68000030517578,52,46.497344970703125,4268600
2018-05-22,52.849998474121094,53.08000183105469,52.099998474121094,46.04694366455078,4469400
2018-05-23,52,52.650001525878906,51.650001525878906,46.40019226074219,3148100
2018-05-24,52.08000183105469,52.20000076293945,51.290000915527344,45.77317428588867,2602200
2018-05-25,51.65999984741211,51.900001525878906,51.310001373291016,45.82615280151367,3030900
2018-05-29,51.380001068115234,51.630001068115234,50.5,44.99600601196289,3976400
2018-05-30,50.40999984741211,51,50.29999923706055,44.92535400390625,4333300
2018-05-31,50.880001068115234,51.400001525878906,50.529998779296875,45.10197830200195,3982600
2018-06-01,51.7400016784668,52.5099983215332,51.650001525878906,46.20589828491211,5390600
2018-06-04,52.93000030517578,53.470001220703125,52.91999816894531,47.053714752197266,3788800
2018-06-05,53.709999084472656,53.9900016784668,53.5,47.54827880859375,3717200
2018-06-06,54.349998474121094,54.72999954223633,54.11000061035156,48.28128433227539,4025400
2018-06-07,54.77000045776367,54.84000015258789,53.54999923706055,47.645423889160156,4322400
2018-06-08,52.9900016784668,53.66999816894531,52.79999923706055,47.33632278442383,5313500
2018-06-11,53.150001525878906,53.65999984741211,53.150001525878906,47.34515380859375,2475700
2018-06-12,53.439998626708984,53.439998626708984,53.0099983215332,47.07138442993164,3066300
2018-06-13,53.22999954223633,53.2400016784668,52.58000183105469,46.576820373535156,4876600
2018-06-14,52.810001373291016,52.90999984741211,52.52000045776367,46.7181282043457,4170900
2018-06-15,52.22999954223633,52.470001220703125,51.599998474121094,46.27655792236328,3471300
2018-06-18,51.689998626708984,51.70000076293945,51.11000061035156,45.57887649536133,3749500
2018-06-19,50.369998931884766,50.93000030517578,50.150001525878906,44.88119125366211,6168600
2018-06-20,51.150001525878906,51.25,50.70000076293945,44.87236404418945,3262600
2018-06-21,50.75,50.75,49.86000061035156,44.09519958496094,5418200
2018-06-22,51,51,50.310001373291016,44.5544319152832,3083000
2018-06-25,49.650001525878906,49.650001525878906,48.34000015258789,43.088417053222656,8402200
2018-06-26,49.16999816894531,49.18000030517578,48.560001373291016,43.23855209350586,5701100
2018-06-27,48.81999969482422,48.939998626708984,47.61000061035156,42.240604400634766,6211400
2018-06-28,48.13999938964844,49,48,43.22972106933594,6826400
2018-06-29,50.18000030517578,50.54999923706055,50.150001525878906,44.3778076171875,6186600
2018-07-02,49.349998474121094,49.599998474121094,49.119998931884766,43.80376434326172,2408300
2018-07-03,50,50.09000015258789,49.40999984741211,43.68894958496094,1287400
2018-07-05,49.5,49.59000015258789,48.849998474121094,43.71544647216797,3099700
2018-07-06,49.33000183105469,50.20000076293945,49.119998931884766,43.96272277832031,2576500
2018-07-09,50.7599983215332,50.9900016784668,50.59000015258789,44.99600601196289,3175000
2018-07-10,49.34000015258789,49.540000915527344,48.9900016784668,43.47700500488281,6785600
2018-07-11,48.040000915527344,48.689998626708984,48,42.576194763183594,3976200
2018-07-12,48.77000045776367,49,48.5,43.220890045166016,5567800
2018-07-13,48.52000045776367,48.83000183105469,48.29999923706055,43.0265998840332,3136200
2018-07-16,48.599998474121094,48.599998474121094,48.20000076293945,42.779319763183594,2550700
2018-07-17,48.029998779296875,48.63999938964844,47.95000076293945,42.788150787353516,3251600
2018-07-18,48.18000030517578,48.599998474121094,48.11000061035156,42.84113693237305,4554500
2018-07-19,47.939998626708984,48.0099983215332,45.880001068115234,42.05514144897461,3247800
2018-07-20,47.95000076293945,48.43000030517578,47.869998931884766,42.56736755371094,4347900
2018-07-23,47.400001525878906,47.529998779296875,47.150001525878906,41.86968231201172,3536400
2018-07-24,48.189998626708984,48.68000030517578,48.0099983215332,42.67334747314453,5455700
2018-07-25,48.540000915527344,49.25,48.33000183105469,43.37102508544922,3011600
2018-07-26,47.779998779296875,48,47.5,42.03748321533203,4147600
2018-07-27,47.529998779296875,47.650001525878906,46.900001525878906,41.52526092529297,3693000
2018-07-30,47,47.41999816894531,45.91999816894531,40.62446212768555,5735000
2018-07-31,45.45000076293945,46.040000915527344,45.2599983215332,40.35951614379883,6370200
2018-08-01,45.22999954223633,45.59000015258789,45.04999923706055,40.138729095458984,4591200
2018-08-02,43.939998626708984,44.4900016784668,43.81999969482422,39.1849365234375,8409800
2018-08-03,44.77000045776367,45.369998931884766,44.7599983215332,39.953277587890625,5918600
2018-08-06,45.15999984741211,45.34000015258789,44.95000076293945,39.864959716796875,3596500
2018-08-07,45.97999954223633,46.06999969482422,45.650001525878906,40.47432327270508,4553900
2018-08-08,46.33000183105469,46.5,45.95000076293945,40.986541748046875,5095400
2018-08-09,47.72999954223633,47.880001068115234,47.5,41.99332046508789,6609100
2018-08-10,47,47.150001525878906,46.75,41.5517578125,5724700
2018-08-13,46.5,46.540000915527344,45.66999816894531,40.40367126464844,5048200
2018-08-14,44.43000030517578,44.470001220703125,44.099998474121094,39.0348014831543,8239100
2018-08-15,40,41.70000076293945,39.79999923706055,36.42953872680664,26774300
2018-08-16,41.599998474121094,42.689998626708984,41.599998474121094,37.70125961303711,11702300
2018-08-17,42.77000045776367,44.5,42.47999954223633,38.972984313964844,10522600
2018-08-20,44.900001525878906,44.900001525878906,44.369998931884766,39.45871353149414,5668600
2018-08-21,44.849998474121094,45.40999984741211,44.84000015258789,39.90910720825195,8162400
2018-08-22,46,46.310001373291016,45.77000045776367,40.72160339355469,6116500
2018-08-23,46.2400016784668,46.36000061035156,44.79999923706055,39.60884094238281,7584600
2018-08-24,45.5099983215332,45.959999084472656,45.38999938964844,40.46549987792969,5538500
2018-08-27,46.310001373291016,46.849998474121094,46.2599983215332,41.03953552246094,6589200
2018-08-28,46.689998626708984,46.720001220703125,46.20000076293945,40.960052490234375,2897700
2018-08-29,45.84000015258789,46.25,45.650001525878906,40.80108642578125,3312700
2018-08-30,45.439998626708984,45.45000076293945,42.5,37.957374572753906,16532000
2018-08-31,43.09000015258789,43.150001525878906,42.279998779296875,38.09867477416992,8848800
2018-09-04,42.630001068115234,42.70000076293945,41.81999969482422,37.153709411621094,7326400
2018-09-05,41.0099983215332,41.9900016784668,40.34000015258789,35.696533203125,14577100
2018-09-06,40.15999984741211,40.560001373291016,39.86000061035156,35.77601623535156,6836700
2018-09-07,40.029998779296875,40.95000076293945,39.939998626708984,35.7230339050293,5383200
2018-09-10,40.189998626708984,40.20000076293945,38.97999954223633,34.68975067138672,7539700
2018-09-11,38.84000015258789,40.09000015258789,38.54999923706055,35.31678771972656,7561800
2018-09-12,39.34000015258789,40.25,38.970001220703125,35.17549133300781,7035600
2018-09-13,42.15999984741211,42.5,41.650001525878906,37.0477409362793,7741000
2018-09-14,42,42.040000915527344,40.869998931884766,36.517852783203125,5039300
2018-09-17,40.75,40.939998626708984,40.349998474121094,35.70536804199219,2885200
2018-09-18,40.630001068115234,41.04999923706055,40.54999923706055,36.244083404541016,3043500
2018-09-19,41.16999816894531,41.95000076293945,41.15999984741211,36.94176483154297,4734500
2018-09-20,41.84000015258789,42.119998931884766,41.709999084472656,37.083065032958984,5233400
2018-09-21,43.06999969482422,43.22999954223633,42.65999984741211,37.77191925048828,5876700
2018-09-24,42.150001525878906,42.16999816894531,41.619998931884766,36.90644073486328,2364200
2018-09-25,42.150001525878906,42.34000015258789,41.880001068115234,37.2508659362793,2591900
2018-09-26,42.20000076293945,42.63999938964844,41.9900016784668,37.11838912963867,4269100
2018-09-27,41.790000915527344,41.790000915527344,41.38999938964844,36.68564987182617,4430100
2018-09-28,41,41.150001525878906,40.630001068115234,36.06745529174805,4068600
2018-10-01,41.040000915527344,41.36000061035156,40.900001525878906,36.350059509277344,2820400
2018-10-02,40.5,40.5,40,35.52873229980469,4038000
2018-10-03,40.5,40.599998474121094,39.810001373291016,35.2637939453125,3943300
2018-10-04,39.58000183105469,39.58000183105469,38.41999816894531,34.106876373291016,6321800
2018-10-05,38.75,38.97999954223633,38.13999938964844,34.38064956665039,5033900
2018-10-08,37.9900016784668,38.599998474121094,37.7599983215332,34.00090789794922,4614400
2018-10-09,37.63999938964844,37.66999816894531,37,32.72035217285156,8261600
2018-10-10,36.29999923706055,36.29999923706055,35.18000030517578,31.26317024230957,11682900
2018-10-11,34.27000045776367,35.650001525878906,34.2599983215332,30.954065322875977,14372100
2018-10-12,37.5,37.90999984741211,36.79999923706055,33.44452667236328,6899400
2018-10-15,36.27000045776367,36.630001068115234,35.869998931884766,31.925527572631836,4890500
2018-10-16,36.27000045776367,37.27000045776367,36.08000183105469,32.80866622924805,4229800
2018-10-17,36.97999954223633,36.97999954223633,36.119998931884766,32.19929504394531,2745300
2018-10-18,35.70000076293945,35.779998779296875,34.779998779296875,30.91874122619629,6378000
2018-10-19,36.189998626708984,36.349998474121094,35.5099983215332,31.545774459838867,3590300
2018-10-22,37.2400016784668,37.47999954223633,36.79999923706055,32.94113540649414,3585400
2018-10-23,35.099998474121094,36.56999969482422,35,31.881362915039062,7775600
2018-10-24,35.29999923706055,35.33000183105469,34.04999923706055,30.07093048095703,6904600
2018-10-25,34.310001373291016,34.97999954223633,34.150001525878906,30.85692596435547,5014500
2018-10-26,33.06999969482422,33.630001068115234,32.68000030517578,29.24960708618164,9837200
2018-10-29,33.2400016784668,33.290000915527344,31.729999542236328,28.39296531677246,10730900
2018-10-30,31.790000915527344,32.400001525878906,31.540000915527344,28.569589614868164,5641800
2018-10-31,34.099998474121094,34.560001373291016,32.5099983215332,30.318206787109375,7051500
2018-11-01,35.689998626708984,37.22999954223633,35.25,32.83515548706055,11069400
2018-11-02,38.689998626708984,38.7400016784668,37.18000030517578,33.426856994628906,8930700
2018-11-05,37.5,38.08000183105469,37.45000076293945,33.400367736816406,6735700
2018-11-06,37.099998474121094,37.869998931884766,37.0099983215332,33.029449462890625,4414600
2018-11-07,38.220001220703125,38.68000030517578,37.97999954223633,34.13338088989258,5928700
2018-11-08,37.349998474121094,37.369998931884766,36.29999923706055,32.234622955322266,7969100
2018-11-09,35.279998779296875,35.290000915527344,34.2599983215332,30.75094985961914,8848100
2018-11-12,34.290000915527344,34.31999969482422,33.400001525878906,29.7883243560791,4188900
2018-11-13,34.75,35.93000030517578,34.45000076293945,30.99822425842285,6534200
2018-11-14,36.709999084472656,37.220001220703125,36.459999084472656,32.322940826416016,9505300
2018-11-15,36.650001525878906,37.65999984741211,36.5099983215332,33.232574462890625,5070900
2018-11-16,37.06999969482422,37.72999954223633,36.95000076293945,33.091270446777344,3011200
2018-11-19,37.099998474121094,37.31999969482422,36.2599983215332,32.21696090698242,4382200
2018-11-20,34.869998931884766,36.04999923706055,34.29999923706055,31.37797737121582,4423400
2018-11-21,37.70000076293945,37.75,36.810001373291016,32.80866622924805,3188600
2018-11-23,37.029998779296875,37.279998779296875,36.880001068115234,32.70268630981445,794500
2018-11-26,38.560001373291016,38.68000030517578,38.2400016784668,33.82427978515625,3587900
2018-11-27,38.58000183105469,39.02000045776367,38.279998779296875,34.30116653442383,3010600
2018-11-28,40.279998779296875,41.099998474121094,38.84000015258789,36.226417541503906,6287100
2018-11-29,39.79999923706055,40.119998931884766,39.209999084472656,35.07833480834961,5179200
2018-11-30,40.13999938964844,40.13999938964844,39.349998474121094,35.39626693725586,3858500
2018-12-03,42.38999938964844,42.63999938964844,41.349998474121094,36.61499786376953,6944400
2018-12-04,41.95000076293945,42.11000061035156,40.2599983215332,35.855499267578125,5935900
2018-12-06,38.70000076293945,39.45000076293945,38.06999969482422,34.80455780029297,5508700
2018-12-07,40.119998931884766,40.630001068115234,39.52000045776367,35.04301834106445,8242100
2018-12-10,39.04999923706055,39.869998931884766,38.2599983215332,34.574947357177734,6641100
2018-12-11,40.29999923706055,40.380001068115234,39.52000045776367,35.352108001708984,3944000
2018-12-12,41.060001373291016,41.36000061035156,40.5,35.76718521118164,4802100
2018-12-13,40.40999984741211,40.540000915527344,39.849998474121094,35.493412017822266,4015800
2018-12-14,39.68000030517578,39.91999816894531,39.099998474121094,34.839881896972656,4190200
2018-12-17,39.290000915527344,39.29999923706055,38.22999954223633,33.78894805908203,5361000
2018-12-18,38.7400016784668,38.88999938964844,38.18000030517578,33.92142105102539,3104800
2018-12-19,38.599998474121094,39.099998474121094,37.369998931884766,33.47102737426758,4614200
2018-12-20,38.400001525878906,39.16999816894531,37.900001525878906,33.77128982543945,5663000
2018-12-21,40.279998779296875,40.599998474121094,39.33000183105469,34.919368743896484,9151500
2018-12-24,38.869998931884766,39.380001068115234,38.79999923706055,34.35416030883789,2329700
2018-12-26,39.20000076293945,39.97999954223633,38.29999923706055,35.307952880859375,4585300
2018-12-27,38.790000915527344,39.849998474121094,38.54999923706055,35.1843147277832,3796000
2018-12-28,39.91999816894531,40.099998474121094,39.209999084472656,34.816009521484375,3809900
2018-12-31,39.95000076293945,40,39.27000045776367,34.86017608642578,3526300
2019-01-02,38.869998931884766,39.779998779296875,38.83000183105469,34.895503997802734,3838100
2019-01-03,38.75,39.0099983215332,38.16999816894531,33.90631103515625,4245600
2019-01-04,39.56999969482422,41.08000183105469,39.41999816894531,35.8758659362793,6018000
2019-01-07,40.4900016784668,41.04999923706055,40.20000076293945,36.123165130615234,2376200
2019-01-08,40.900001525878906,41,40.400001525878906,35.99951171875,3312500
2019-01-09,41.77000045776367,42.75,41.77000045776367,37.386146545410156,6503500
2019-01-10,42.150001525878906,42.56999969482422,41.79999923706055,37.49212646484375,3390500
2019-01-11,41.84000015258789,42.16999816894531,41.720001220703125,37.19184112548828,2886800
2019-01-14,41.150001525878906,41.83000183105469,40.93000030517578,36.51176834106445,3006300
2019-01-15,41.900001525878906,42.220001220703125,41.779998779296875,37.183006286621094,3156300
2019-01-16,42.0099983215332,42.95000076293945,41.9900016784668,37.6511116027832,5530100
2019-01-17,42.15999984741211,43.310001373291016,42.15999984741211,37.88957595825195,3583300
2019-01-18,43.5099983215332,44.02000045776367,43.11000061035156,38.40183639526367,5836100
2019-01-22,43,43,41.939998626708984,37.28015899658203,4023800
2019-01-23,42.599998474121094,42.900001525878906,41.95000076293945,37.26249313354492,2764100
2019-01-24,42.40999984741211,43,42.36000061035156,37.836578369140625,2730000
2019-01-25,43.810001373291016,44.099998474121094,43.70000076293945,38.92293167114258,6127600
2019-01-28,43.040000915527344,43.47999954223633,42.7599983215332,38.40183639526367,4462500
2019-01-29,43.849998474121094,44.060001373291016,43.58000183105469,38.587303161621094,4655700
2019-01-30,44.0099983215332,44.880001068115234,43.91999816894531,39.43518829345703,3364100
2019-01-31,44.290000915527344,44.779998779296875,44.25,39.39986038208008,4195900
2019-02-01,44.29999923706055,44.400001525878906,43.83000183105469,39.090736389160156,4137400
2019-02-04,44.20000076293945,44.70000076293945,44.099998474121094,39.31153106689453,2207700
2019-02-05,44.84000015258789,45.540000915527344,44.779998779296875,40.18590545654297,2912700
2019-02-06,45.83000183105469,45.849998474121094,44.63999938964844,39.5853271484375,3830700
2019-02-07,44.099998474121094,44.54999923706055,43.5,38.77278137207031,2144500
2019-02-08,43.79999923706055,44.349998474121094,43.65999984741211,39.064239501953125,1806300
2019-02-11,44.93000030517578,45.209999084472656,44.65999984741211,39.47051239013672,2945700
2019-02-12,44.79999923706055,44.95000076293945,44.459999084472656,39.408687591552734,2992200
2019-02-13,44.220001220703125,44.380001068115234,43.61000061035156,38.73744583129883,3377500
2019-02-14,43.0099983215332,43.25,42.70000076293945,37.88957595825195,5024300
2019-02-15,42.91999816894531,43.310001373291016,42.81999969482422,37.86307144165039,2446200
2019-02-19,42.900001525878906,43.529998779296875,42.7400016784668,38.18986511230469,3154400
2019-02-20,43.439998626708984,43.93000030517578,43.349998474121094,38.34883499145508,2882100
2019-02-21,43.619998931884766,43.7400016784668,42.83000183105469,38.03971481323242,3531200
2019-02-22,44,44.25,43.599998474121094,39.02007293701172,2688400
2019-02-25,44.25,44.540000915527344,44.040000915527344,39.002418518066406,3973500
2019-02-26,43.75,44.150001525878906,43.650001525878906,38.87876510620117,2560300
2019-02-27,43.45000076293945,43.68000030517578,40.599998474121094,38.507816314697266,4333900
2019-02-28,42.90999984741211,43.22999954223633,42.77000045776367,37.81008529663086,3352500
2019-03-01,42.95000076293945,43.029998779296875,42.43000030517578,37.659942626953125,2850300
2019-03-04,44.18000030517578,44.2400016784668,43.2599983215332,38.68446350097656,2941500
2019-03-05,45.709999084472656,46.790000915527344,45.31999969482422,41.130943298339844,7615900
2019-03-06,46.5099983215332,46.5099983215332,45.849998474121094,40.5656852722168,2347400
2019-03-07,45.13999938964844,45.13999938964844,44.2599983215332,39.258548736572266,4581000
2019-03-08,43.47999954223633,43.79999923706055,43.25,38.53431701660156,5227100
2019-03-11,45.18000030517578,45.61000061035156,45.04999923706055,40.212406158447266,4059700
2019-03-12,45.540000915527344,45.75,45.15999984741211,40.3890495300293,3464900
2019-03-13,45.650001525878906,45.95000076293945,45.59000015258789,40.29188919067383,1884000
2019-03-14,45.66999816894531,45.689998626708984,45.150001525878906,40.18590545654297,1686700
2019-03-15,45.72999954223633,46.04999923706055,45.709999084472656,40.592185974121094,3000400
2019-03-18,46.95000076293945,46.9900016784668,46.689998626708984,41.36941146850586,2734500
2019-03-19,47.11000061035156,47.189998626708984,46.849998474121094,41.56371307373047,2876000
2019-03-20,46.959999084472656,47.4900016784668,46.400001525878906,41.51072692871094,3969400
2019-03-21,45.33000183105469,47,45.2599983215332,41.42240524291992,4916600
2019-03-22,46.119998931884766,46.279998779296875,45.18000030517578,39.97393798828125,4217500
2019-03-25,44.900001525878906,45.41999816894531,44.7599983215332,39.72665023803711,2739000
2019-03-26,45.029998779296875,45.150001525878906,44.560001373291016,39.5853271484375,2416600
2019-03-27,45.220001220703125,45.369998931884766,44.68000030517578,39.72665023803711,2237000
2019-03-28,44.900001525878906,45.09000015258789,44.54999923706055,39.80613327026367,2966300
2019-03-29,45.88999938964844,46.209999084472656,45.66999816894531,40.6098518371582,3690100
2019-04-01,46.40999984741211,47.209999084472656,46.40999984741211,41.660858154296875,3604900
2019-04-02,46.95000076293945,47.11000061035156,46.83000183105469,41.39590835571289,2229200
2019-04-03,48,48.31999969482422,47.79999923706055,42.39392852783203,3994200
2019-04-04,47.83000183105469,48.20000076293945,47.709999084472656,42.438087463378906,4026700
2019-04-05,48.34000015258789,48.7400016784668,48.20000076293945,42.98567581176758,2445200
2019-04-08,48.349998474121094,48.75,48.11000061035156,42.932682037353516,2294300
2019-04-09,48.84000015258789,48.91999816894531,48.599998474121094,42.95918655395508,2124900
2019-04-10,49.560001373291016,51.2400016784668,49.560001373291016,44.51362991333008,9060400
2019-04-11,49.779998779296875,49.90999984741211,49.459999084472656,43.80705642700195,2357400
2019-04-12,50.599998474121094,50.70000076293945,50.060001373291016,44.328147888183594,4097900
2019-04-15,49.5099983215332,49.720001220703125,49.040000915527344,43.54209518432617,1730400
2019-04-16,50.11000061035156,50.400001525878906,49.93000030517578,44.42530059814453,2406900
2019-04-17,50.45000076293945,50.599998474121094,50.11000061035156,44.39881134033203,2318800
2019-04-18,50.290000915527344,50.52000045776367,49.970001220703125,44.48712921142578,2289400
2019-04-22,49.709999084472656,49.880001068115234,49.4900016784668,43.9748649597168,3040300
2019-04-23,49.97999954223633,50.31999969482422,49.81999969482422,44.33698272705078,1719200
2019-04-24,50.04999923706055,50.04999923706055,49.4900016784668,43.78939437866211,2041300
2019-04-25,48.81999969482422,48.869998931884766,48.29999923706055,42.968017578125,2815800
2019-04-26,49.150001525878906,49.5099983215332,48.810001373291016,43.586265563964844,2535200
2019-04-29,49.810001373291016,49.900001525878906,49.40999984741211,43.895381927490234,1383700
2019-04-30,49.40999984741211,49.65999984741211,49.099998474121094,43.489105224609375,1320500
2019-05-01,49.310001373291016,50.04999923706055,49.099998474121094,43.365455627441406,1983700
2019-05-02,49.310001373291016,49.540000915527344,48.90999984741211,43.4714469909668,2868000
2019-05-03,49.470001220703125,50.06999969482422,49.45000076293945,43.94837188720703,2016000
2019-05-06,47.470001220703125,48.34000015258789,47.25,42.65888595581055,5470600
2019-05-07,47.95000076293945,48,47.06999969482422,41.9170036315918,6144300
2019-05-08,49.09000015258789,49.45000076293945,48.709999084472656,43.33013153076172,6302500
2019-05-09,47.36000061035156,48.119998931884766,46.720001220703125,42.16429901123047,5542800
2019-05-10,48.20000076293945,48.77000045776367,47.5,42.80020523071289,3782900
2019-05-13,46.65999984741211,47.040000915527344,46.130001068115234,41.228092193603516,6897100
2019-05-14,47.0099983215332,47.29999923706055,46.75,41.572547912597656,4197100
2019-05-15,46.5099983215332,46.77000045776367,45.45000076293945,41.09561538696289,8520900
2019-05-16,46.66999816894531,47.220001220703125,46.58000183105469,41.447208404541016,3543800
2019-05-17,45.25,45.25,44.63999938964844,39.65824508666992,5606000
2019-05-20,43.04999923706055,43.29999923706055,42.56999969482422,37.81614685058594,4912400
2019-05-21,43.56999969482422,43.58000183105469,42.7599983215332,38.38294982910156,4226100
2019-05-22,42.9900016784668,43.130001068115234,42.68000030517578,38.04640579223633,3363200
2019-05-23,41.540000915527344,41.68000030517578,41.029998779296875,36.771114349365234,5497400
2019-05-24,41.58000183105469,41.630001068115234,40.849998474121094,36.18660354614258,6120000
2019-05-28,41.790000915527344,41.790000915527344,40.900001525878906,36.4168586730957,3005600
2019-05-29,41.08000183105469,41.45000076293945,40.93000030517578,36.70912170410156,2844300
2019-05-30,41.36000061035156,41.79999923706055,41.36000061035156,36.83311080932617,3161000
2019-05-31,41.2599983215332,41.900001525878906,41.130001068115234,36.983665466308594,2840100
2019-06-03,42.7599983215332,43,42.61000061035156,37.88699722290039,3087500
2019-06-04,42.150001525878906,42.75,41.790000915527344,37.541603088378906,5930200
2019-06-05,42.459999084472656,42.5,41.5099983215332,37.027950286865234,3168800
2019-06-06,41.97999954223633,42.41999816894531,41.619998931884766,37.29362869262695,2292100
2019-06-07,42.810001373291016,43.099998474121094,42.5,37.913570404052734,3266900
2019-06-10,43.939998626708984,44.09000015258789,43.40999984741211,38.47150802612305,4475500
2019-06-11,44.16999816894531,44.33000183105469,43.619998931884766,38.8788948059082,3455400
2019-06-12,43.09000015258789,43.09000015258789,42.599998474121094,37.88699722290039,2363400
2019-06-13,42.88999938964844,42.91999816894531,42.220001220703125,37.541603088378906,1984400
2019-06-14,42,42.13999938964844,41.630001068115234,36.99251937866211,2616400
2019-06-17,42.18000030517578,42.349998474121094,41.86000061035156,37.12535858154297,2567500
2019-06-18,42.849998474121094,44.04999923706055,42.7400016784668,38.8169059753418,5141800
2019-06-19,44.25,44.689998626708984,43.849998474121094,39.543121337890625,3332200
2019-06-20,45.54999923706055,45.720001220703125,45.099998474121094,40.287044525146484,2275900
2019-06-21,45.040000915527344,45.5,45,40.23390197753906,2958200
2019-06-24,45.599998474121094,45.599998474121094,45.099998474121094,39.98592758178711,2746800
2019-06-25,44.470001220703125,44.66999816894531,43.79999923706055,38.91432571411133,3252900
2019-06-26,44.97999954223633,45.279998779296875,44.95000076293945,39.808807373046875,2638700
2019-06-27,44.83000183105469,45.41999816894531,44.79999923706055,40.171913146972656,1847900
2019-06-28,45.130001068115234,45.380001068115234,44.959999084472656,40.083343505859375,1633200
2019-07-01,46.630001068115234,47.38999938964844,46.209999084472656,41.1638069152832,3366800
2019-07-02,46.540000915527344,46.560001373291016,46.099998474121094,40.92469024658203,1979800
2019-07-03,45.84000015258789,46.16999816894531,45.83000183105469,40.880409240722656,609400
2019-07-05,45.849998474121094,45.88999938964844,45.41999816894531,40.428741455078125,1678200
2019-07-08,45.0099983215332,45.04999923706055,44.61000061035156,39.71138000488281,2360800
2019-07-09,44.52000045776367,45.09000015258789,44.5099983215332,39.87079620361328,2150400
2019-07-10,45.70000076293945,46.16999816894531,45.400001525878906,40.349037170410156,3305000
2019-07-11,45.720001220703125,45.72999954223633,45.2400016784668,40.16305160522461,1415800
2019-07-12,45.43000030517578,45.52000045776367,45.2599983215332,40.22504425048828,1547200
2019-07-15,45.97999954223633,46.25,45.84000015258789,40.8272705078125,2001200
2019-07-16,46.119998931884766,46.349998474121094,46,40.8272705078125,1414400
2019-07-17,46.45000076293945,46.459999084472656,45.91999816894531,40.71214294433594,2530100
2019-07-18,45.56999969482422,45.7400016784668,45.33000183105469,40.34017562866211,2525500
2019-07-19,46.18000030517578,46.369998931884766,45.630001068115234,40.49959182739258,2366200
2019-07-22,45.849998474121094,45.91999816894531,45.47999954223633,40.30474853515625,2854900
2019-07-23,45.959999084472656,46.33000183105469,45.75,40.880409240722656,2614400
2019-07-24,46.650001525878906,46.9900016784668,46.619998931884766,41.535770416259766,1948800
2019-07-25,47.470001220703125,47.47999954223633,46.810001373291016,41.774879455566406,2527300
2019-07-26,47.380001068115234,47.61000061035156,47.209999084472656,41.94315719604492,2321500
2019-07-29,47.619998931884766,47.75,47.25,42.093711853027344,2498600
2019-07-30,47.25,47.38999938964844,47.0099983215332,41.774879455566406,1997900
2019-07-31,47.02000045776367,47.040000915527344,45.83000183105469,41.1815185546875,1910300
2019-08-01,47.15999984741211,47.529998779296875,45.43000030517578,40.45530700683594,5596000
2019-08-02,44.93000030517578,45.31999969482422,44.75,39.75566864013672,4900600
2019-08-05,42.599998474121094,42.70000076293945,41.93000030517578,37.48847198486328,7300400
2019-08-06,43.2599983215332,43.27000045776367,42.5,37.89585876464844,4398800
2019-08-07,42.77000045776367,43.56999969482422,42.380001068115234,38.43608474731445,3722200
2019-08-08,43.65999984741211,43.91999816894531,43.52000045776367,38.82575988769531,4670200
2019-08-09,43.130001068115234,43.439998626708984,42.66999816894531,38.07298278808594,3389400
2019-08-12,42.790000915527344,42.95000076293945,42.369998931884766,37.878143310546875,4262300
2019-08-13,42.43000030517578,44.150001525878906,42.380001068115234,38.400665283203125,5033500
2019-08-14,41.7599983215332,41.7599983215332,41.220001220703125,36.73569107055664,10273500
2019-08-15,41.79999923706055,41.95000076293945,41.439998626708984,37.00136947631836,3962200
2019-08-16,41.56999969482422,42.0099983215332,41.349998474121094,37.098793029785156,4240200
2019-08-19,43.33000183105469,43.349998474121094,42.52000045776367,37.85157775878906,4409700
2019-08-20,42.36000061035156,42.52000045776367,42.150001525878906,37.391048431396484,2580000
2019-08-21,42.650001525878906,42.70000076293945,42.34000015258789,37.63902282714844,2143100
2019-08-22,42.29999923706055,42.43000030517578,41.880001068115234,37.28477478027344,2856900
2019-08-23,42.02000045776367,42.540000915527344,41.11000061035156,36.62940979003906,5718000
2019-08-26,41.619998931884766,41.75,41.20000076293945,36.54084396362305,2729000
2019-08-27,41.61000061035156,41.849998474121094,41.220001220703125,36.52314376831055,3395200
2019-08-28,40.529998779296875,40.779998779296875,40.349998474121094,35.938629150390625,4941400
2019-08-29,41.220001220703125,41.38999938964844,40.880001068115234,36.22203063964844,3974500
2019-08-30,41.29999923706055,41.38999938964844,41.060001373291016,36.549705505371094,2222300
2019-09-03,41.779998779296875,42.47999954223633,41.7400016784668,37.48847198486328,4442700
2019-09-04,43.5,43.75,43.220001220703125,38.63092041015625,4464600
2019-09-05,43.84000015258789,44,43.61000061035156,38.710628509521484,3185000
2019-09-06,43.83000183105469,43.959999084472656,43.720001220703125,38.772621154785156,3890900
2019-09-09,43.540000915527344,43.97999954223633,43.529998779296875,38.754913330078125,3543500
2019-09-10,43.47999954223633,43.66999816894531,43.2400016784668,38.391807556152344,4004700
2019-09-11,44.18000030517578,44.470001220703125,44,39.08259201049805,3606400
2019-09-12,44.630001068115234,44.93000030517578,44.349998474121094,39.365997314453125,2741700
2019-09-13,44.54999923706055,44.68000030517578,44.43000030517578,39.4899787902832,2823900
2019-09-16,44.150001525878906,44.33000183105469,43.779998779296875,38.940895080566406,3232300
2019-09-17,43.79999923706055,44.20000076293945,43.77000045776367,39.09144592285156,2331600
2019-09-18,43.83000183105469,43.86000061035156,43.15999984741211,38.498085021972656,4042200
2019-09-19,43.220001220703125,43.59000015258789,43.119998931884766,38.22352981567383,2629200
2019-09-20,43.0099983215332,43.16999816894531,42.560001373291016,37.878143310546875,2857700
2019-09-23,42.58000183105469,42.9900016784668,42.560001373291016,37.966697692871094,2350400
2019-09-24,42.75,42.79999923706055,42.18000030517578,37.43532943725586,1718000
2019-09-25,41.93000030517578,42.31999969482422,41.75,37.41761016845703,2780000
2019-09-26,42.150001525878906,42.29999923706055,41.880001068115234,37.18735885620117,2944300
2019-09-27,41.970001220703125,42.33000183105469,40.56999969482422,36.21316909790039,5930500
2019-09-30,41.900001525878906,42.029998779296875,41.619998931884766,36.8685302734375,3637600
2019-10-01,41.720001220703125,41.93000030517578,41.33000183105469,36.73569107055664,2266000
2019-10-02,40.93000030517578,41.18000030517578,40.66999816894531,36.390296936035156,3348800
2019-10-03,41.38999938964844,41.7599983215332,41.040000915527344,36.912811279296875,2675000
2019-10-04,41.099998474121094,41.4900016784668,40.900001525878906,36.68255615234375,2473900
2019-10-07,41.209999084472656,41.29999923706055,40.91999816894531,36.31058883666992,1749300
2019-10-08,40.810001373291016,41.04999923706055,40.599998474121094,36.00947570800781,3577800
2019-10-09,40.650001525878906,40.869998931884766,40.400001525878906,35.92091369628906,3148800
2019-10-10,40.86000061035156,41.2400016784668,40.63999938964844,36.24859619140625,4892000
2019-10-11,41.54999923706055,41.83000183105469,41.5099983215332,36.89509963989258,1631900
2019-10-14,41.58000183105469,41.84000015258789,41.439998626708984,36.74454116821289,3517700
2019-10-15,41.810001373291016,42.119998931884766,41.709999084472656,37.275917053222656,4626200
2019-10-16,42.15999984741211,42.15999984741211,41.720001220703125,37.089935302734375,3409400
2019-10-17,42.119998931884766,42.20000076293945,41.90999984741211,37.24049377441406,2424800
2019-10-18,42.08000183105469,42.22999954223633,41.61000061035156,36.88624572753906,3268800
2019-10-21,41.40999984741211,41.54999923706055,41.16999816894531,36.79767990112305,2249000
2019-10-22,41.68000030517578,41.75,41.22999954223633,36.567420959472656,2324200
2019-10-23,40.529998779296875,40.650001525878906,40.209999084472656,35.94748306274414,3758200
2019-10-24,40.54999923706055,40.650001525878906,40.310001373291016,35.770362854003906,5436500
2019-10-25,40.209999084472656,40.65999984741211,40.15999984741211,35.97405242919922,5175600
2019-10-28,41.189998626708984,41.27000045776367,41.040000915527344,36.39915084838867,5281400
2019-10-29,40.41999816894531,40.41999816894531,40.13999938964844,35.55781173706055,4333500
2019-10-30,40.290000915527344,40.439998626708984,40.040000915527344,35.75264358520508,2229400
2019-10-31,40.70000076293945,40.779998779296875,40.36000061035156,35.867774963378906,2433200
2019-11-01,41.040000915527344,41.209999084472656,40.95000076293945,36.390296936035156,3218000
2019-11-04,41.9900016784668,41.9900016784668,41.72999954223633,37.169639587402344,3684300
2019-11-05,42.380001068115234,42.599998474121094,42.349998474121094,37.532752990722656,2907300
2019-11-06,42.560001373291016,42.66999816894531,42.349998474121094,37.63902282714844,2183800
2019-11-07,42.63999938964844,42.810001373291016,42.54999923706055,37.833858489990234,3161400
2019-11-08,41.959999084472656,41.959999084472656,41.599998474121094,37.01023483276367,2835300
2019-11-11,41.400001525878906,41.83000183105469,41.33000183105469,36.921661376953125,3286400
2019-11-12,42.08000183105469,42.290000915527344,41.93000030517578,37.37334060668945,3586100
2019-11-13,40.29999923706055,41.5,40.279998779296875,36.080326080322266,5947000
2019-11-14,40.91999816894531,41.04999923706055,40.77000045776367,36.20431900024414,3649400
2019-11-15,40.880001068115234,41.060001373291016,40.849998474121094,36.27516174316406,2863800
2019-11-18,42.45000076293945,42.47999954223633,41.83000183105469,37.11650466918945,4090700
2019-11-19,42.849998474121094,42.95000076293945,42.77000045776367,37.92242431640625,4271600
2019-11-20,42.779998779296875,42.779998779296875,42.31999969482422,37.5947380065918,2880900
2019-11-21,42.25,42.380001068115234,42.099998474121094,37.48847198486328,1679700
2019-11-22,42.52000045776367,42.650001525878906,42.45000076293945,37.72758865356445,1880500
2019-11-25,43.209999084472656,43.689998626708984,43.150001525878906,38.63092041015625,3442800
2019-11-26,42.88999938964844,43,42.689998626708984,38.07298278808594,3366700
2019-11-27,42.810001373291016,42.97999954223633,42.709999084472656,37.99327850341797,2121500
2019-11-29,42.380001068115234,42.380001068115234,42.08000183105469,37.32905578613281,1557400
2019-12-02,42.310001373291016,42.31999969482422,41.900001525878906,37.1076545715332,3318800
2019-12-03,41.650001525878906,41.70000076293945,41.209999084472656,36.921661376953125,2734900
2019-12-04,42.040000915527344,42.459999084472656,42.029998779296875,37.45304489135742,3100800
2019-12-05,42.279998779296875,42.369998931884766,42.04999923706055,37.3821907043457,2574500
2019-12-06,42.95000076293945,42.970001220703125,42.720001220703125,37.85157775878906,3043100
2019-12-09,42.72999954223633,42.970001220703125,42.52000045776367,37.68330383300781,2507800
2019-12-10,42.970001220703125,43.2400016784668,42.79999923706055,38.15269088745117,2703600
2019-12-11,43.540000915527344,44.040000915527344,43.459999084472656,38.932037353515625,3482200
2019-12-12,44.689998626708984,45.88999938964844,44.65999984741211,40.54387283325195,7248600
2019-12-13,45.97999954223633,47,45.709999084472656,40.597007751464844,5258300
2019-12-16,46.150001525878906,46.689998626708984,46.150001525878906,41.05752944946289,3050000
2019-12-17,47.41999816894531,47.959999084472656,47.380001068115234,42.22655487060547,6892000
2019-12-18,48.25,48.56999969482422,48.209999084472656,42.89077377319336,3425200
2019-12-19,47.970001220703125,48.310001373291016,47.95000076293945,42.76679229736328,3783100
2019-12-20,48.16999816894531,48.33000183105469,48.099998474121094,42.64280700683594,4489100
2019-12-23,48.38999938964844,48.4900016784668,48.20000076293945,42.9173469543457,1739200
2019-12-24,48.34000015258789,48.45000076293945,48.310001373291016,42.81106948852539,572600
2019-12-26,48.4900016784668,48.869998931884766,48.41999816894531,43.22731399536133,1584300
2019-12-27,49.099998474121094,49.36000061035156,49.08000183105469,43.60812759399414,2065900
2019-12-30,49.02000045776367,49.150001525878906,48.52000045776367,43.05904769897461,2571800
2019-12-31,48.43000030517578,48.43000030517578,47.689998626708984,42.5188102722168,1931300
2020-01-02,49.20000076293945,49.88999938964844,49.20000076293945,44.17493438720703,4293200
2020-01-03,48.79999923706055,49.279998779296875,48.79999923706055,43.422149658203125,2728500
2020-01-06,48.33000183105469,48.79999923706055,48.29999923706055,43.1918830871582,4712100
2020-01-07,49.540000915527344,49.97999954223633,49.189998626708984,44.08636474609375,4667000
2020-01-08,49.209999084472656,49.9900016784668,49.18000030517578,43.97124099731445,2925200
2020-01-09,49.9900016784668,50.4900016784668,49.900001525878906,44.706298828125,2874000
2020-01-10,51.18000030517578,51.66999816894531,51.099998474121094,45.547645568847656,5373200
2020-01-13,51.9900016784668,52.5099983215332,51.959999084472656,46.327003479003906,4920700
2020-01-14,51.54999923706055,51.599998474121094,51.22999954223633,45.51222229003906,3395200
2020-01-15,51.380001068115234,51.43000030517578,51.06999969482422,45.317386627197266,3149400
2020-01-16,51.369998931884766,51.720001220703125,51.36000061035156,45.65392303466797,2269800
2020-01-17,51.45000076293945,51.619998931884766,51.349998474121094,45.698204040527344,1846200
2020-01-21,49.709999084472656,49.81999969482422,49.150001525878906,43.58155822753906,6423300
2020-01-22,49.9900016784668,50.209999084472656,49.61000061035156,44.17493438720703,4748200
2020-01-23,49.02000045776367,49.90999984741211,49,44.14836502075195,4581700
2020-01-24,49.630001068115234,49.689998626708984,48.70000076293945,43.333587646484375,4248300
2020-01-27,46.380001068115234,47.70000076293945,46.2599983215332,41.99629592895508,9271000
2020-01-28,47.54999923706055,48.47999954223633,47.400001525878906,42.70479202270508,7210600
2020-01-29,49.52000045776367,49.560001373291016,49.029998779296875,43.864959716796875,6089200
2020-01-30,48.11000061035156,49.209999084472656,48.08000183105469,43.4664306640625,5431100
2020-01-31,47.93000030517578,47.97999954223633,47.529998779296875,42.43024826049805,5588800
2020-02-03,48.7599983215332,49.540000915527344,48.650001525878906,43.785255432128906,5344100
2020-02-04,51.34000015258789,51.599998474121094,51.099998474121094,45.25539016723633,4850900
2020-02-05,51.45000076293945,51.54999923706055,50.25,45.0251350402832,5240500
2020-02-06,51.290000915527344,51.61000061035156,50.95000076293945,45.538787841796875,3259800
2020-02-07,51.099998474121094,51.279998779296875,50.84000015258789,45.21110534667969,4114900
2020-02-10,51.060001373291016,52.06999969482422,51,46.017024993896484,3547500
2020-02-11,52.72999954223633,53.25,52.54999923706055,46.67238998413086,5289400
2020-02-12,53.130001068115234,53.75,52.810001373291016,47.37203598022461,4969300
2020-02-13,53.400001525878906,53.75,53.150001525878906,47.398597717285156,3460700
2020-02-14,53.310001373291016,53.439998626708984,53.060001373291016,47.203765869140625,2513300
2020-02-18,52.47999954223633,52.880001068115234,52.400001525878906,46.805233001708984,2692100
2020-02-19,52.900001525878906,53.34000015258789,52.880001068115234,47.115203857421875,3497100
2020-02-20,52.79999923706055,52.79999923706055,52.029998779296875,46.28271484375,3589000
2020-02-21,51.7400016784668,51.880001068115234,51.209999084472656,45.583072662353516,4103500
2020-02-24,48.720001220703125,49.7400016784668,48.689998626708984,43.75868606567383,4669900
2020-02-25,51.150001525878906,51.349998474121094,50.310001373291016,44.644309997558594,7824400
2020-02-26,51.18000030517578,51.560001373291016,51.0099983215332,45.21110534667969,6239400
2020-02-27,50.2599983215332,50.779998779296875,49.65999984741211,44.13950729370117,8508600
2020-02-28,48.209999084472656,49.70000076293945,48.15999984741211,43.97124099731445,7163400
2020-03-02,49.650001525878906,50.2400016784668,49.34000015258789,44.47604751586914,6001300
2020-03-03,50.9900016784668,51.18000030517578,49.880001068115234,44.449466705322266,5335900
2020-03-04,50.779998779296875,51.369998931884766,50.72999954223633,45.37051773071289,4213600
2020-03-05,51.65999984741211,51.95000076293945,51.099998474121094,45.7690544128418,6867200
2020-03-06,50.25,50.599998474121094,49.52000045776367,44.36091995239258,4817400
2020-03-09,47.9900016784668,48.630001068115234,47.5,42.29740524291992,6861700
2020-03-10,49.599998474121094,49.900001525878906,48.58000183105469,43.89153289794922,5071600
2020-03-11,48.310001373291016,48.529998779296875,47.5099983215332,42.18227767944336,6092900
2020-03-12,43.619998931884766,44.84000015258789,43.5,38.68406295776367,11802900
2020-03-13,47.58000183105469,47.599998474121094,44.63999938964844,40.95125198364258,8499900
2020-03-16,41.25,43.47999954223633,40.79999923706055,37.24934768676758,9104500
2020-03-17,43.41999816894531,45.20000076293945,43.150001525878906,39.44569778442383,8603800
2020-03-18,41.59000015258789,43.849998474121094,41.20000076293945,37.444183349609375,8460300
2020-03-19,44.09000015258789,45.77000045776367,43.75,40.118770599365234,7809200
2020-03-20,46.689998626708984,46.7400016784668,45.08000183105469,40.07448959350586,8911100
2020-03-23,46.06999969482422,46.79999923706055,45.099998474121094,41.11066818237305,8613400
2020-03-24,47.81999969482422,48.4900016784668,45.90999984741211,42.88191604614258,11939500
2020-03-25,48.939998626708984,50.099998474121094,48.59000015258789,43.61698532104492,5177200
2020-03-26,50.099998474121094,51.20000076293945,49.95000076293945,45.25539016723633,7463400
2020-03-27,48.45000076293945,49.36000061035156,48.20000076293945,42.997047424316406,3762200
2020-03-30,49,49.650001525878906,48.650001525878906,43.962379455566406,3769000
2020-03-31,48.5,49.529998779296875,48.5,43.47528839111328,2589900
2020-04-01,48.0099983215332,48.470001220703125,46.97999954223633,41.67747116088867,4189200
2020-04-02,48.189998626708984,49.029998779296875,48,43.23617172241211,3199500
2020-04-03,48.619998931884766,48.900001525878906,47.54999923706055,42.34169006347656,2865200
2020-04-06,49.47999954223633,49.959999084472656,49.029998779296875,44.228065490722656,2822300
2020-04-07,50.619998931884766,50.650001525878906,49.18000030517578,43.81182098388672,3282500
2020-04-08,49.59000015258789,50.2400016784668,49.400001525878906,44.41404724121094,3214300
2020-04-09,50.400001525878906,50.61000061035156,49.369998931884766,43.81182098388672,4217800
2020-04-13,49.86000061035156,49.869998931884766,49,44.10408020019531,3764500
2020-04-14,50.880001068115234,51.5,50.81999969482422,45.565364837646484,3212600
2020-04-15,50.5,51.20000076293945,50.27000045776367,45.13140106201172,2991100
2020-04-16,52.5,53.33000183105469,52.5,47.035491943359375,5469800
2020-04-17,53,53.02000045776367,52.22999954223633,46.362422943115234,3703900
2020-04-20,52.54999923706055,53.08000183105469,52.20000076293945,46.459835052490234,2532200
2020-04-21,51.25,51.689998626708984,51.0099983215332,45.228816986083984,2480400
2020-04-22,52.900001525878906,53.02000045776367,52.689998626708984,46.814090728759766,2719900
2020-04-23,53.09000015258789,53.400001525878906,52.45000076293945,46.459835052490234,2240600
2020-04-24,52.65999984741211,52.95000076293945,52.45000076293945,46.805233001708984,1635600
2020-04-27,53.31999969482422,53.459999084472656,53.060001373291016,47.203765869140625,1963700
2020-04-28,54.0099983215332,54.20000076293945,53.29999923706055,47.32775115966797,2918100
2020-04-29,54.08000183105469,54.16999816894531,53.75,47.867984771728516,1942400
2020-04-30,53.7400016784668,53.970001220703125,52.349998474121094,46.601539611816406,3097800
2020-05-01,51.4900016784668,51.540000915527344,50.90999984741211,45.21110534667969,5653000
2020-05-04,51.099998474121094,51.689998626708984,50.900001525878906,45.671634674072266,2443600
2020-05-05,52.20000076293945,52.47999954223633,52.11000061035156,46.2030143737793,2653000
2020-05-06,52.75,52.880001068115234,52.45000076293945,46.548404693603516,2884800
2020-05-07,52.5,52.869998931884766,52.380001068115234,46.716670989990234,2647100
2020-05-08,54.0099983215332,54.650001525878906,53.7599983215332,48.32850646972656,5009800
2020-05-11,55.5,56,55.400001525878906,49.55952453613281,4730200
2020-05-12,56.29999923706055,56.5,55.27000045776367,49.01929473876953,4110200
2020-05-13,57.84000015258789,58.65999984741211,57.15999984741211,51.21564483642578,9222800
2020-05-14,55.20000076293945,56.08000183105469,54.65999984741211,49.728233337402344,6025700
2020-05-15,53.849998474121094,54.18000030517578,53.599998474121094,47.96110534667969,4853900
2020-05-18,55.11000061035156,55.95000076293945,54.810001373291016,49.46183395385742,3471400
2020-05-19,55.68000030517578,56,55.369998931884766,49.195438385009766,3537400
2020-05-20,57,57.400001525878906,56.029998779296875,50.2787971496582,5423800
2020-05-21,55.02000045776367,55.459999084472656,54.709999084472656,48.973426818847656,5413200
2020-05-22,53.40999984741211,53.459999084472656,52.400001525878906,46.780059814453125,8033300
2020-05-26,55.0099983215332,55.04999923706055,53.849998474121094,47.87230682373047,5106100
2020-05-27,53.91999816894531,54,53,47.57926559448242,4612200
2020-05-28,52.939998626708984,53.13999938964844,52.25,46.398216247558594,4071300
2020-05-29,52.63999938964844,54.43000030517578,52.5,48.23638153076172,6098200
2020-06-01,54.81999969482422,55.380001068115234,54.68000030517578,49.00006866455078,2425100
2020-06-02,55.97999954223633,56.459999084472656,55.619998931884766,50.04791259765625,4676700
2020-06-03,56.18000030517578,56.5,56.040000915527344,49.98575210571289,3266900
2020-06-04,55.81999969482422,56.150001525878906,55.150001525878906,49.30199432373047,2938900
2020-06-05,56.09000015258789,56.540000915527344,56,49.728233337402344,4014800
2020-06-08,55.689998626708984,55.91999816894531,55.150001525878906,49.53287124633789,4141200
2020-06-09,55.66999816894531,56.11000061035156,55.45000076293945,49.710472106933594,2140700
2020-06-10,57.400001525878906,58.220001220703125,57.060001373291016,51.495365142822266,3594600
2020-06-11,56.630001068115234,56.849998474121094,55.75,49.621673583984375,2407500
2020-06-12,57.47999954223633,57.4900016784668,56,50.39423751831055,1975100
2020-06-15,55.79999923706055,56.97999954223633,55.79999923706055,50.46527862548828,2104300
2020-06-16,58.63999938964844,58.790000915527344,57.900001525878906,51.57528305053711,3410400
2020-06-17,58.099998474121094,58.599998474121094,58,51.86832046508789,2587600
2020-06-18,59.09000015258789,59.400001525878906,58.959999084472656,52.5787239074707,2364300
2020-06-19,59.529998779296875,59.619998931884766,58.599998474121094,52.34784698486328,2540600
2020-06-22,61.459999084472656,62.400001525878906,61.08000183105469,55.189456939697266,7277000
2020-06-23,64.31999969482422,64.5,63.58000183105469,56.8322639465332,4458900
2020-06-24,63,63.43000030517578,62.34000015258789,55.917625427246094,2786700
2020-06-25,62.45000076293945,62.900001525878906,62.189998626708984,55.69562911987305,3143200
2020-06-26,62.5099983215332,62.54999923706055,61.91999816894531,55.233863830566406,2026100
2020-06-29,62.560001373291016,63.06999969482422,62.439998626708984,55.82882308959961,2531000
2020-06-30,64.08000183105469,64.44000244140625,63.810001373291016,56.8322639465332,4062800
2020-07-01,64.1500015258789,65.05999755859375,64.1500015258789,57.7380256652832,2695800
2020-07-02,67.11000061035156,67.13999938964844,66.08000183105469,59.22100067138672,3891200
2020-07-06,67.19000244140625,68,67.01000213623047,60.375396728515625,3609900
2020-07-07,66.6500015258789,67.12000274658203,66.12999725341797,59.052284240722656,2524800
2020-07-08,69.87000274658203,70.91999816894531,69.58999633789062,62.95061111450195,4969700
2020-07-09,72.87999725341797,72.9000015258789,70.51000213623047,63.29693603515625,5876300
2020-07-10,70.95999908447266,71.16999816894531,69.97000122070312,62.5154914855957,3181900
2020-07-13,70.30999755859375,70.37000274658203,68,60.50860595703125,4878100
2020-07-14,67.5999984741211,67.7699966430664,66.52999877929688,59.975799560546875,2870800
2020-07-15,70.08000183105469,70.58000183105469,69.41999816894531,61.991573333740234,2901600
2020-07-16,66.61000061035156,67.26000213623047,66.5999984741211,59.567325592041016,3036400
2020-07-17,67.52999877929688,67.7699966430664,67.30999755859375,59.99355697631836,1377600
2020-07-20,67.5,69.12000274658203,67.5,61.27228546142578,2399800
2020-07-21,72.72000122070312,72.7300033569336,69.9800033569336,63.4834098815918,3606200
2020-07-22,70.25,70.25,69.31999969482422,62.01820755004883,3103800
2020-07-23,71.22000122070312,71.70999908447266,69.83999633789062,62.55101776123047,4844500
2020-07-24,67.87999725341797,68.87999725341797,67.27999877929688,61.112457275390625,3280200
2020-07-27,67.7300033569336,68.4800033569336,67.56999969482422,60.67732620239258,3742600
2020-07-28,69.75,70.13999938964844,68.93000030517578,61.378849029541016,3521600
2020-07-29,69.94999694824219,70.5,69.77999877929688,62.53324508666992,2203200
2020-07-30,68.77999877929688,69.2300033569336,68.5999984741211,61.32556915283203,2107300
2020-07-31,69.12000274658203,69.23999786376953,67.72000122070312,60.819393157958984,2433300
2020-08-03,69.51000213623047,70,69.31999969482422,61.80508041381836,3002200
2020-08-04,70.36000061035156,71.25,70.3499984741211,63.217018127441406,2025400
2020-08-05,72.41000366210938,72.63999938964844,72.19000244140625,64.33589935302734,2474000
2020-08-06,71.63999938964844,72.94999694824219,71.47000122070312,64.44245910644531,1856000
2020-08-07,67.93000030517578,68.44999694824219,66.8499984741211,59.6916389465332,9096500
2020-08-10,64.7300033569336,64.94999694824219,64.11000061035156,57.622589111328125,9031000
2020-08-11,66.62999725341797,66.69999694824219,65.75,58.563873291015625,2973300
2020-08-12,68,68.08000183105469,67.52999877929688,60.38427734375,3888700
2020-08-13,66.12999725341797,66.13999938964844,65.0199966430664,58.004425048828125,4239400
2020-08-14,65.44999694824219,65.44999694824219,64.73999786376953,57.604835510253906,3080100
2020-08-17,65.55000305175781,66.16000366210938,65.25,58.688194274902344,2043800
2020-08-18,66.0999984741211,66.25,65.61000061035156,58.67042922973633,1630600
2020-08-19,65.68000030517578,65.68000030517578,64.75,57.6314697265625,2362700
2020-08-20,64.91999816894531,66.27999877929688,64.91999816894531,58.83915710449219,1669900
2020-08-21,66.94999694824219,69.94999694824219,66.55000305175781,61.76068878173828,3435700
2020-08-24,70.95999908447266,71,69.91999816894531,62.12476348876953,2968500
2020-08-25,70.43000030517578,71.33000183105469,69.94999694824219,63.19925308227539,3723500
2020-08-26,71.48999786376953,71.48999786376953,71,63.23478698730469,3335300
2020-08-27,72.41000366210938,72.41000366210938,70.88999938964844,63.14597702026367,3050900
2020-08-28,69.83000183105469,70.37999725341797,69.58000183105469,62.44445037841797,2338000
2020-08-31,68.63999938964844,68.6500015258789,67.54000091552734,60.68620681762695,3600500
2020-09-01,69.7300033569336,70.52999877929688,69.3499984741211,62.61317825317383,2989300
2020-09-02,70.66000366210938,70.69999694824219,69.20999908447266,62.275733947753906,3754600
2020-09-03,68.37000274658203,68.44999694824219,66.8499984741211,59.6916389465332,4544800
2020-09-04,66.80000305175781,67.2699966430664,65.29000091552734,59.54067611694336,3439900
2020-09-08,64.5999984741211,65.66000366210938,64.4000015258789,57.4893913269043,3321900
2020-09-09,65.47000122070312,66.52999877929688,65.19999694824219,58.90131378173828,2705000
2020-09-10,65.9000015258789,66.19999694824219,64.9800033569336,57.702518463134766,3028900
2020-09-11,66.37999725341797,66.63999938964844,65.62000274658203,58.77699661254883,2406300
2020-09-14,68.1500015258789,68.66000366210938,67.86000061035156,60.79277038574219,1971700
2020-09-15,69.05000305175781,69.19000244140625,68.7300033569336,61.25453567504883,1466500
2020-09-16,68.75,69.18000030517578,68.20999908447266,60.66844177246094,2134600
2020-09-17,67.69999694824219,68.58999633789062,66.58000183105469,59.19436264038086,2331800
2020-09-18,66.80999755859375,67.44999694824219,66.69000244140625,59.51404571533203,4876800
2020-09-21,65.33999633789062,66.62999725341797,65.33999633789062,59.11444091796875,3414600
2020-09-22,66.5,66.5,65.8499984741211,58.945709228515625,1825900
2020-09-23,66.5,66.8499984741211,65.5,58.16427230834961,2045100
2020-09-24,65.0999984741211,66.26000213623047,64.69999694824219,58.270835876464844,2265300
2020-09-25,64.75,65.51000213623047,64.31999969482422,57.99555206298828,4351300
2020-09-28,65.86000061035156,65.86000061035156,65.0199966430664,58.28859329223633,1191700
2020-09-29,65.5999984741211,65.98999786376953,65.25,58.208683013916016,1647900
2020-09-30,66.2300033569336,67.75,65.62000274658203,60.07347869873047,3734900
2020-10-01,68.5,68.69000244140625,67.75,60.84603500366211,2571200
2020-10-02,67.45999908447266,68.58000183105469,67.05000305175781,59.700523376464844,2560300
2020-10-05,67.5199966430664,68.56999969482422,67.5199966430664,60.73060607910156,1506200
2020-10-06,68.37000274658203,69.27999877929688,68.19999694824219,61.10356140136719,3583300
2020-10-07,69.19999694824219,69.70999908447266,68.55000305175781,61.55644607543945,3890000
2020-10-08,68.97000122070312,69.62999725341797,68.70999908447266,61.76957321166992,2187000
2020-10-09,70.05000305175781,70.9800033569336,69.66999816894531,62.995025634765625,2119400
2020-10-12,71.7300033569336,73.12000274658203,71.66000366210938,64.89533996582031,3195100
2020-10-13,73.12000274658203,74.23999786376953,72.44999694824219,65.74783325195312,3768600
2020-10-14,73.97000122070312,74.2300033569336,72.95999908447266,64.82430267333984,2627200
2020-10-15,70.69000244140625,72.18000030517578,70.62000274658203,63.89189910888672,1904000
2020-10-16,72.31999969482422,72.91000366210938,71.95999908447266,64.57565307617188,3445100
2020-10-19,72.87999725341797,73.29000091552734,71.97000122070312,64.0517349243164,1837200
2020-10-20,72.63999938964844,73.37999725341797,72.58000183105469,64.60231018066406,2161300
2020-10-21,72.68000030517578,73.37000274658203,72.58000183105469,64.72662353515625,2154500
2020-10-22,72.81999969482422,73.0999984741211,72.01000213623047,64.1138916015625,1583400
2020-10-23,72.30999755859375,73.02999877929688,71.5199966430664,64.8509521484375,1593600
2020-10-26,72.44000244140625,72.94999694824219,71.7699966430664,64.4602279663086,2334000
2020-10-27,75.19999694824219,77.13999938964844,75.19999694824219,68.1543197631836,3302900
2020-10-28,76.73999786376953,76.80000305175781,75.72000122070312,67.44390106201172,4517200
2020-10-29,77.8499984741211,78.8499984741211,77.63999938964844,69.7349624633789,3842000
2020-10-30,77,77.19999694824219,75.83000183105469,67.79022216796875,3582300
2020-11-02,78.37999725341797,78.41999816894531,76.68000030517578,68.80256652832031,4204400
2020-11-03,75.5,75.9000015258789,74.19000244140625,66.57367706298828,5947700
2020-11-04,77.4800033569336,79.47000122070312,77.18000030517578,69.89480590820312,5321500
2020-11-05,81.22000122070312,81.3499984741211,80.19999694824219,71.77738189697266,5021100
2020-11-06,80.05000305175781,80.27999877929688,79.62999725341797,70.82721710205078,5905800
2020-11-09,80.83000183105469,80.83000183105469,77.30000305175781,69.76161193847656,5604900
2020-11-10,76.3499984741211,76.44999694824219,73.44999694824219,65.53470611572266,6034200
2020-11-11,71.8499984741211,73.95999908447266,71.26000213623047,65.21502685546875,6282600
2020-11-12,76,77.19999694824219,72.86000061035156,65.09070587158203,5667700
2020-11-13,77.19999694824219,77.69999694824219,76.16000366210938,67.89680480957031,7311100
2020-11-16,76.69999694824219,76.83000183105469,75.37000274658203,67.33736419677734,3108100
2020-11-17,75.33000183105469,75.80999755859375,75,66.61807250976562,1772700
2020-11-18,76.58000183105469,76.58000183105469,75,67.01766967773438,3060700
2020-11-19,74.37000274658203,75.47000122070312,74.05000305175781,66.7601547241211,3049200
2020-11-20,75.95999908447266,76.86000061035156,75.95999908447266,67.84352111816406,2661300
2020-11-23,76.05999755859375,76.05999755859375,74.44999694824219,66.3072738647461,2595800
2020-11-24,75.44999694824219,75.8499984741211,74.91000366210938,67.30183410644531,1635200
2020-11-25,74.47000122070312,74.8499984741211,74.08000183105469,66.37831115722656,1783000
2020-11-27,76.29000091552734,76.29000091552734,75.52999877929688,67.44390106201172,1095200
2020-11-30,73.0199966430664,73.61000061035156,72.6500015258789,64.82430267333984,3566800
2020-12-01,74.75,75.05000305175781,74.26000213623047,66.24510955810547,1883200
2020-12-02,74.12000274658203,75.05000305175781,73.66000366210938,66.15631103515625,2092100
2020-12-03,75.94000244140625,76.93000030517578,75.51000213623047,67.88790893554688,1487600
2020-12-04,76.08000183105469,76.0999984741211,75.27999877929688,67.2485580444336,1436000
2020-12-07,75.2300033569336,75.94999694824219,75.18000030517578,67.33736419677734,2157100
2020-12-08,75.75,75.97000122070312,75.01000213623047,67.33736419677734,1515200
2020-12-09,75.83999633789062,75.83999633789062,74.0999984741211,66.23623657226562,1659100
2020-12-10,74.5,75.97000122070312,74.30000305175781,67.34623718261719,2123000
2020-12-11,75.69999694824219,75.69999694824219,75.0199966430664,66.72463989257812,1197900
2020-12-14,74.27999877929688,74.3499984741211,73.0999984741211,64.96638488769531,2448100
2020-12-15,72.75,73.27999877929688,72.4000015258789,64.93087005615234,1873100
2020-12-16,73.94000244140625,74.18000030517578,73.41000366210938,65.76558685302734,1218200
2020-12-17,75.1500015258789,75.52999877929688,74.5999984741211,66.84895324707031,889300
2020-12-18,75.23999786376953,75.44000244140625,74.5,66.87559509277344,1231500
2020-12-21,73.30000305175781,74.37999725341797,73.05999755859375,65.61463165283203,1617600
2020-12-22,74,74.16999816894531,73.0999984741211,65.08183288574219,3708800
2020-12-23,73.30999755859375,73.80000305175781,73.30999755859375,65.40150451660156,1090600
2020-12-24,71.7699966430664,71.88999938964844,68.87999725341797,61.938289642333984,5695300
2020-12-28,68.1500015258789,68.4000015258789,67.12999725341797,59.74491882324219,6858000
2020-12-29,68.95999908447266,69.9000015258789,68.54000091552734,62.03597640991211,4625500
2020-12-30,72.01000213623047,72.47000122070312,71.5999984741211,63.68765640258789,3000800
2020-12-31,72.37000274658203,72.72000122070312,71,63.838626861572266,2562000
2021-01-04,73.87999725341797,74.20999908447266,72.75,64.69110107421875,3019600
2021-01-05,75.0999984741211,76.69999694824219,74.94999694824219,68.07440185546875,2203000
2021-01-06,76.29000091552734,76.66000366210938,72.80000305175781,65.3748779296875,4378100
2021-01-07,73,73.19999694824219,71.79000091552734,64.69110107421875,6867700
2021-01-08,73.18000030517578,77.94999694824219,73.01000213623047,68.32304382324219,10876700
2021-01-11,75.61000061035156,76.22000122070312,75.5,67.26631164550781,3591200
2021-01-12,76,76.76000213623047,76,67.68367767333984,2343600
2021-01-13,76.5999984741211,79.41000366210938,76.5,69.64616394042969,3355200
2021-01-14,81.12000274658203,81.8499984741211,80.76000213623047,71.750732421875,3177600
2021-01-15,82.5999984741211,83.04000091552734,81.77999877929688,73.03834533691406,2698500
2021-01-19,84.55000305175781,86.0199966430664,84.5,76.27955627441406,4152400
2021-01-20,87.3499984741211,88.61000061035156,87.18000030517578,78.20652770996094,4412100
2021-01-21,88.01000213623047,89.08000183105469,87.3499984741211,78.53508758544922,4149800
2021-01-22,88.9000015258789,90.8499984741211,88.79000091552734,80.23117065429688,3690300
2021-01-25,97.91000366210938,98.19000244140625,94.51000213623047,85.24840545654297,6672400
2021-01-26,92.83000183105469,95.7699966430664,91.77999877929688,82.01606750488281,3567900
2021-01-27,89.12999725341797,89.87999725341797,87.75,78.33084106445312,2607400
2021-01-28,87.75,90.36000061035156,87.75,79.75166320800781,2099200
2021-01-29,88.97000122070312,89.8499984741211,88,79.30764770507812,1535700
2021-02-01,91.66000366210938,93.91000366210938,91.66000366210938,83.39247131347656,2423200
2021-02-02,93.66000366210938,94.87999725341797,92.69999694824219,84.00519561767578,2597900
2021-02-03,94.94999694824219,95.16000366210938,93.5,83.4723892211914,2317700
2021-02-04,95.3499984741211,95.48999786376953,94.41000366210938,84.70671844482422,1979100
2021-02-05,95.01000213623047,95.80000305175781,94.30000305175781,84.71559143066406,1532200
2021-02-08,95.58999633789062,95.8499984741211,94.45999908447266,84.4491958618164,2598300
2021-02-09,96.69000244140625,98.25,96.3499984741211,86.83792877197266,2401100
2021-02-10,98.18000030517578,99,96.95999908447266,86.80240631103516,2089600
2021-02-11,98.0999984741211,99.3499984741211,97.80000305175781,87.63713836669922,2041300
2021-02-12,99.01000213623047,99.4000015258789,98.43000030517578,88.00121307373047,960300
2021-02-16,96.61000061035156,97,95.8499984741211,85.33718872070312,1839100
2021-02-17,97.3499984741211,97.80000305175781,96.33000183105469,86.41168212890625,1878300
2021-02-18,95.5999984741211,95.9000015258789,71.88999938964844,85.01752471923828,3150500
2021-02-19,95.3499984741211,96.54000091552734,95.26000213623047,84.80439758300781,1660500
2021-02-22,92.5,92.5,90.01000213623047,80.17789459228516,3129900
2021-02-23,89.27999877929688,91.38999938964844,87.33000183105469,80.56863403320312,3564400
2021-02-24,88.51000213623047,89.66999816894531,87.2300033569336,79.2099609375,3019000
2021-02-25,88.62000274658203,89,86.6500015258789,77.05211639404297,2521600
2021-02-26,86,87.72000122070312,85.5999984741211,77.4339599609375,4191300
2021-03-01,89.87000274658203,91.66999816894531,89.5,81.07478332519531,3492300
2021-03-02,90.76000213623047,90.7699966430664,89.75,79.8404541015625,1160600
2021-03-03,92.75,92.75,89.69000244140625,80.22228240966797,3812900
2021-03-04,89.22000122070312,89.97000122070312,86.12999725341797,77.16755676269531,4579900
2021-03-05,86.91999816894531,87.33999633789062,84.5,77.4783706665039,5211100
2021-03-08,83.4800033569336,87,81.97000122070312,72.99393463134766,3068100
2021-03-09,84.19000244140625,86.83999633789062,83.9800033569336,76.2529296875,2716000
2021-03-10,86.29000091552734,86.29000091552734,84.19000244140625,75.11627197265625,2199500
2021-03-11,87.75,89.5,87.5,79.28101348876953,1911800
2021-03-12,83.5,83.5,81.51000213623047,73.322509765625,5212000
2021-03-15,80.93000030517578,82.95999908447266,80.5999984741211,73.36690521240234,2639700
2021-03-16,81.18000030517578,82.25,81.0999984741211,72.50553894042969,2062600
2021-03-17,80.08999633789062,81.6500015258789,79.55000305175781,72.01715087890625,2070800
2021-03-18,81.55000305175781,81.80999755859375,80.77999877929688,71.92833709716797,1986900
2021-03-19,80.69999694824219,82.63999938964844,80.0999984741211,73.38465881347656,2503300
2021-03-22,81.9000015258789,82.8499984741211,81.62999725341797,73.50011444091797,1853100
2021-03-23,81.6500015258789,81.94000244140625,80.91000366210938,71.8661880493164,1861000
2021-03-24,80.93000030517578,81.16000366210938,76.5999984741211,68.20760345458984,5983900
2021-03-25,77.30999755859375,78.19000244140625,76.80000305175781,68.74927520751953,4747400
2021-03-26,79.44000244140625,80.9800033569336,77.81999969482422,71.91057586669922,5923100
2021-03-29,79.19000244140625,79.80000305175781,78.06999969482422,69.8770523071289,3468900
2021-03-30,78.56999969482422,79.41000366210938,78.02999877929688,70.00138092041016,1715900
2021-03-31,79.30000305175781,80.45999908447266,78.70999908447266,70.86273193359375,3769500
2021-04-01,83.8499984741211,84.44999694824219,83.0999984741211,74.45026397705078,2013100
2021-04-05,84.5999984741211,84.6500015258789,83.1500015258789,74.02403259277344,2212200
2021-04-06,84.19000244140625,84.9800033569336,83,75.16956329345703,2199800
2021-04-07,76.4800033569336,78.9000015258789,76.44000244140625,69.50408172607422,20574000
2021-04-08,80.43000030517578,80.80000305175781,79.8499984741211,71.42217254638672,3793400
2021-04-09,79.9000015258789,80.11000061035156,79.08000183105469,70.5252914428711,2922200
2021-04-12,79,79.30000305175781,78.75,70.37432098388672,2808600
2021-04-13,79.06999969482422,80.5199966430664,78.51000213623047,70.98705291748047,2735300
2021-04-14,80.44999694824219,80.68000030517578,79.2699966430664,70.46312713623047,1916400
2021-04-15,79.9000015258789,80.6500015258789,79.70999908447266,71.0225601196289,2162900
2021-04-16,81.1500015258789,81.55999755859375,80.54000091552734,71.92833709716797,2130800
2021-04-19,80.29000091552734,80.44999694824219,79.30000305175781,70.69401550292969,2154400
2021-04-20,79.30999755859375,79.69000244140625,78.08000183105469,69.797119140625,2979000
2021-04-21,78.5999984741211,79.97000122070312,78.19999694824219,70.8538589477539,1760800
2021-04-22,80.12000274658203,81.44999694824219,79.94000244140625,71.83065032958984,1693100
2021-04-23,81.22000122070312,82.27999877929688,81.1500015258789,72.63874816894531,1640000
2021-04-26,80.56999969482422,80.56999969482422,79.2699966430664,71.30673217773438,1903000
2021-04-27,80.30999755859375,80.9800033569336,80.30999755859375,71.45769500732422,1812400
2021-04-28,80.9000015258789,81.55000305175781,80.47000122070312,72.15922546386719,1132900
2021-04-29,81.55999755859375,81.56999969482422,79.48999786376953,72.01715087890625,2571500
2021-04-30,79.76000213623047,80.25,79.33999633789062,70.73841094970703,2002500
2021-05-03,80.1500015258789,81.05000305175781,80.01000213623047,71.15576934814453,2080100
2021-05-04,79.58000183105469,79.69999694824219,78.02999877929688,69.88592529296875,1784200
2021-05-05,78.69999694824219,79.18000030517578,78.41000366210938,69.88592529296875,1176900
2021-05-06,78.3499984741211,78.8499984741211,77.75,69.5840072631836,1513700
2021-05-07,77.80000305175781,79.37999725341797,77.80000305175781,69.4241714477539,1472500
2021-05-10,76.44999694824219,76.75,74.80000305175781,66.51151275634766,3196300
2021-05-11,73.86000061035156,76.79000091552734,73.2300033569336,67.93231201171875,1961900
2021-05-12,76.55000305175781,76.7699966430664,75.4000015258789,67.33736419677734,2945600
2021-05-13,75.27999877929688,76.11000061035156,73.66000366210938,65.60574340820312,2630100
2021-05-14,75.25,76.81999969482422,74.88999938964844,67.99447631835938,2847200
2021-05-17,77.58999633789062,78.37000274658203,77.05999755859375,69.33536529541016,1981000
2021-05-18,78.44999694824219,79.55000305175781,78,70.19673919677734,1869400
2021-05-19,78.05000305175781,78.94999694824219,78,69.92144775390625,2873000
2021-05-20,79.11000061035156,79.2300033569336,76.80999755859375,68.55390930175781,4594100
2021-05-21,75.75,75.9000015258789,74.41000366210938,66.42234802246094,3301500
2021-05-24,75.4000015258789,76.37000274658203,75.08000183105469,67.43738555908203,1787700
2021-05-25,78.5,78.87999725341797,78.02999877929688,69.6722412109375,2316400
2021-05-26,79.69000244140625,79.77999877929688,78.01000213623047,70.09961700439453,2521300
2021-05-27,78.55000305175781,78.5999984741211,77.80999755859375,69.82360076904297,1168800
2021-05-28,77.69999694824219,78.55000305175781,77.52999877929688,69.7879867553711,1333600
2021-06-01,80.80999755859375,81.3499984741211,80.5999984741211,72.30775451660156,2345000
2021-06-02,80.5999984741211,81.31999969482422,80.5199966430664,72.28995513916016,1219900
2021-06-03,78.91999816894531,79.43000030517578,78.05000305175781,69.76127624511719,2090500
2021-06-04,79.05000305175781,79.83000183105469,78.8499984741211,70.82972717285156,1123300
2021-06-07,77.4000015258789,78,77.12000274658203,69.44963836669922,1610300
2021-06-08,77.94000244140625,78,76.91000366210938,69.08457946777344,1394700
2021-06-09,78,78.37999725341797,77.0999984741211,68.85308837890625,1444600
2021-06-10,77.16000366210938,78.68000030517578,77.16000366210938,69.80580139160156,4021400
2021-06-11,77,77.33999633789062,76.63999938964844,68.7373275756836,2809300
2021-06-14,77.18000030517578,77.47000122070312,76.87999725341797,68.70173645019531,1477200
2021-06-15,77.25,77.37000274658203,76.55000305175781,68.26543426513672,1821500
2021-06-16,77.12000274658203,77.72000122070312,76.05999755859375,68.18531799316406,1849000
2021-06-17,76.93000030517578,78.48999786376953,76.79000091552734,69.71676635742188,1884400
2021-06-18,77.30000305175781,77.41999816894531,76.9000015258789,68.8976058959961,1264400
2021-06-21,76.1500015258789,76.1500015258789,75.11000061035156,67.65998077392578,1838800
2021-06-22,74.20999908447266,74.44000244140625,73.81999969482422,66.03058624267578,2877500
2021-06-23,74.97000122070312,75.81999969482422,74.81999969482422,66.707275390625,1937000
2021-06-24,74.95999908447266,75.80000305175781,74.80999755859375,67.22370147705078,2212600
2021-06-25,76.86000061035156,77.87000274658203,76.69999694824219,69.25375366210938,2398300
2021-06-28,76.66999816894531,77.22000122070312,76.44000244140625,68.64830017089844,1242900
2021-06-29,76.12000274658203,76.75,75.68000030517578,68.20310974121094,1567300
2021-06-30,75.33999633789062,75.5999984741211,75.02999877929688,67.04561614990234,1997100
2021-07-01,75.30000305175781,75.4000015258789,74.23999786376953,66.56481170654297,2028000
2021-07-02,74.13999938964844,74.69999694824219,73.9000015258789,66.05729675292969,1847200
2021-07-06,72.27999877929688,72.27999877929688,71.3499984741211,63.777915954589844,4442200
2021-07-07,70.3499984741211,70.55999755859375,69.55999755859375,62.25537109375,5021400
2021-07-08,67.47000122070312,68.2699966430664,67.30000305175781,60.28762435913086,4282700
2021-07-09,69.58000183105469,71.1500015258789,69.02999877929688,63.01219177246094,2889200
2021-07-12,68.93000030517578,69.18000030517578,68.12000274658203,60.89309310913086,3149000
2021-07-13,70.97000122070312,71.87999725341797,70.72000122070312,63.18136978149414,5503300
2021-07-14,72.5,72.80999755859375,71.72000122070312,63.95600128173828,4100000
2021-07-15,72.55000305175781,73.29000091552734,72.1500015258789,64.66829681396484,3174400
2021-07-16,72.8499984741211,72.8499984741211,71.31999969482422,63.635467529296875,2487700
2021-07-19,70.25,70.37000274658203,69.5,62.299888610839844,3485100
2021-07-20,69.5999984741211,70.19000244140625,69.08999633789062,62.19303894042969,2671900
2021-07-21,69.05999755859375,69.93000030517578,69.01000213623047,62.2286491394043,2493300
2021-07-22,70.0999984741211,70.16999816894531,69.11000061035156,62.00606918334961,1759400
2021-07-23,67.80000305175781,67.94000244140625,66.20999908447266,59.557518005371094,5678300
2021-07-26,62.310001373291016,63.400001525878906,59.380001068115234,53.583072662353516,18457100
2021-07-27,57.45000076293945,59.5,55.77000045776367,52.443389892578125,19200300
2021-07-28,59.36000061035156,62.5,59.349998474121094,54.96316146850586,26054200
2021-07-29,63.869998931884766,63.900001525878906,61.04999923706055,55.176849365234375,8651400
2021-07-30,60.70000076293945,61.79999923706055,60.5,54.49125671386719,5876700
2021-08-02,61.150001525878906,61.849998474121094,60.47999954223633,54.598106384277344,4191500
2021-08-03,57.40999984741211,57.630001068115234,56.5,50.60029983520508,9570600
2021-08-04,58.650001525878906,59.45000076293945,58.41999816894531,52.657073974609375,6281400
2021-08-05,57.11000061035156,58.52000045776367,56.75,51.107810974121094,7475700
2021-08-06,58.88999938964844,59.08000183105469,57.060001373291016,51.38383102416992,8702000
2021-08-09,59.04999923706055,61.150001525878906,59.04999923706055,53.91250991821289,7100100
2021-08-10,62.2599983215332,62.900001525878906,61.529998779296875,55.105621337890625,5027300
2021-08-11,62.5,62.599998474121094,61.54999923706055,55.48848342895508,3202300
2021-08-12,61.689998626708984,61.689998626708984,60.54999923706055,54.33988952636719,4516800
2021-08-13,60.400001525878906,60.529998779296875,59.529998779296875,53.627586364746094,4990400
2021-08-16,57.75,58.20000076293945,57.04999923706055,51.214656829833984,7833000
2021-08-17,55.400001525878906,56.65999984741211,55.04999923706055,49.10445785522461,11977800
2021-08-18,56.31999969482422,58.2400016784668,56.31999969482422,50.92974090576172,9629400
2021-08-19,53.709999084472656,54.65999984741211,53.470001220703125,47.849021911621094,11676200
2021-08-20,54.66999816894531,56.38999938964844,54.65999984741211,49.91470718383789,10451800
2021-08-23,56.209999084472656,57.279998779296875,56.150001525878906,50.87631607055664,7368200
2021-08-24,60.650001525878906,62.650001525878906,60.650001525878906,55.702178955078125,13260200
2021-08-25,61.189998626708984,61.41999816894531,60.38999938964844,54.215240478515625,8768300
2021-08-26,60.54999923706055,60.939998626708984,59.849998474121094,53.38718795776367,6935400
2021-08-27,60.189998626708984,60.189998626708984,58.75,52.496803283691406,8778000
2021-08-30,57.5,58.540000915527344,57,51.91806411743164,7845800
2021-08-31,61,62.18000030517578,60.83000183105469,54.90083694458008,7179900
2021-09-01,62.970001220703125,64.9800033569336,62.84000015258789,57.48292922973633,8588600
2021-09-02,64.16999816894531,64.36000061035156,63.369998931884766,56.42338180541992,6234100
2021-09-03,62.790000915527344,63.369998931884766,62.349998474121094,56.1918830871582,4724700
2021-09-07,65.75,67.66999816894531,65.75,59.735591888427734,6740800
2021-09-08,66.94999694824219,67.05000305175781,65.0199966430664,57.97264862060547,7551000
2021-09-09,62.189998626708984,63.849998474121094,61.70000076293945,56.325439453125,9448200
2021-09-10,62.869998931884766,62.91999816894531,61.900001525878906,55.53300094604492,5982600
2021-09-13,61.5,61.77000045776367,60.86000061035156,54.696044921875,4239400
2021-09-14,60.68000030517578,60.79999923706055,59.75,53.3693733215332,5311400
2021-09-15,58.25,58.33000183105469,57,51.83792495727539,7854400
2021-09-16,58,58.459999084472656,57.40999984741211,51.89134979248047,4761700
2021-09-17,59.349998474121094,59.439998626708984,58.29999923706055,52.443389892578125,7374300
2021-09-20,57.5,58.20000076293945,56.060001373291016,50.46674346923828,6056800
2021-09-21,57.4900016784668,58.45000076293945,57.2400016784668,51.7310791015625,4352300
2021-09-22,58.54999923706055,60.04999923706055,58.40999984741211,52.425575256347656,5906700
2021-09-23,59.52000045776367,59.900001525878906,59.099998474121094,53.24472427368164,3951000
2021-09-24,58.459999084472656,58.790000915527344,58.150001525878906,51.882442474365234,4061600
2021-09-27,59.36000061035156,60.47999954223633,58.68000030517578,53.725528717041016,4828000
2021-09-28,59.75,60.13999938964844,58.88999938964844,52.53241729736328,5645800
2021-09-29,59.5,59.56999969482422,58.119998931884766,51.90915298461914,5530200
2021-09-30,59,59.95000076293945,58.97999954223633,53.218021392822266,3972200
2021-10-01,59.54999923706055,59.720001220703125,58.150001525878906,52.372154235839844,4776600
2021-10-04,58.47999954223633,58.79999923706055,57.279998779296875,51.49067687988281,6627000
2021-10-05,57.41999816894531,58.9900016784668,57.41999816894531,52.08723449707031,3800200
2021-10-06,57.650001525878906,58.25,56.88999938964844,51.73998260498047,5788200
2021-10-07,60.470001220703125,63.43000030517578,58.20000076293945,55.77341079711914,10784800
2021-10-08,62.79999923706055,63.2599983215332,61.599998474121094,56.26311111450195,6036500
2021-10-11,63.459999084472656,63.900001525878906,62.20000076293945,55.45286560058594,4637700
2021-10-12,61.75,62.189998626708984,61.02000045776367,54.56248474121094,4467700
2021-10-13,61.709999084472656,63.849998474121094,61.709999084472656,56.53913497924805,5323500
2021-10-14,63.45000076293945,63.45000076293945,62.2599983215332,55.96929168701172,5398800
2021-10-15,63.63999938964844,64.27999877929688,63.349998474121094,56.97542190551758,5533800
2021-10-18,63.630001068115234,64.4800033569336,63.060001373291016,57.04664611816406,5918400
2021-10-19,64.26000213623047,65.62999725341797,64.0999984741211,58.38221740722656,5777100
2021-10-20,65.80999755859375,66,65.01000213623047,58.141822814941406,5140200
2021-10-21,64.7300033569336,65.6500015258789,64.69999694824219,57.90141296386719,4823900
2021-10-22,65.23999786376953,66.04000091552734,64.22000122070312,57.509639739990234,3703800
2021-10-25,64.8499984741211,65.16000366210938,63.849998474121094,57.91032409667969,4175200
2021-10-26,64.9000015258789,64.9000015258789,61.279998779296875,55.89805603027344,5703800
2021-10-27,62.459999084472656,63.540000915527344,62.20000076293945,55.94257736206055,4820500
2021-10-28,62.720001220703125,62.880001068115234,61.900001525878906,55.844642639160156,4767500
2021-10-29,61.58000183105469,61.650001525878906,60.33000183105469,54.12620544433594,6116900
2021-11-01,60.20000076293945,62.29999923706055,60.0099983215332,55.141231536865234,10868400
2021-11-02,59.72999954223633,59.75,58.060001373291016,51.91806411743164,15451100
2021-11-03,60.0099983215332,60.689998626708984,59.65999984741211,53.96593475341797,5596600
2021-11-04,61.81999969482422,61.939998626708984,59.83000183105469,53.60087966918945,10560500
2021-11-05,59.7599983215332,60,58.20000076293945,52.167362213134766,16666600
2021-11-08,59.310001373291016,60.150001525878906,59.310001373291016,53.24472427368164,8536000
2021-11-09,59.81999969482422,60.22999954223633,59.11000061035156,53.28924560546875,9963000
2021-11-10,60,61.93000030517578,59.900001525878906,55.06110382080078,8969500
2021-11-11,61.79999923706055,62.939998626708984,61.43000030517578,55.61314010620117,8530100
2021-11-12,62.630001068115234,62.95000076293945,62.02000045776367,55.82682800292969,5979200
2021-11-15,63,63.380001068115234,62.41999816894531,55.63985061645508,7274100
2021-11-16,64.54000091552734,65.05000305175781,63.560001373291016,57.53636169433594,7662800
2021-11-17,64.80999755859375,65,63.81999969482422,57.18911361694336,4492900
2021-11-18,62.40999984741211,62.97999954223633,61.75,55.55971908569336,5005800
2021-11-19,63.11000061035156,63.95000076293945,62.7599983215332,56.27201461791992,3183300
2021-11-22,62.599998474121094,63,61.2599983215332,54.83850860595703,4672700
2021-11-23,61.290000915527344,61.79999923706055,60.0099983215332,53.654300689697266,8318300
2021-11-24,59.0099983215332,60.16999816894531,58.380001068115234,53.41389846801758,6254900
2021-11-26,58.900001525878906,59.38999938964844,58.33000183105469,52.808441162109375,4134200
2021-11-29,58.869998931884766,59.20000076293945,58.040000915527344,52.23859405517578,6306800
2021-11-30,58.88999938964844,59.400001525878906,57.869998931884766,52.0427131652832,5091300
2021-12-01,60.34000015258789,60.869998931884766,59.040000915527344,52.73720932006836,4350700
2021-12-02,59.95000076293945,60.4900016784668,58.720001220703125,53.16459274291992,5062100
2021-12-03,58.11000061035156,58.189998626708984,56.22999954223633,50.53797149658203,9461600
2021-12-06,56.790000915527344,58.52000045776367,56.209999084472656,52.0427131652832,4911100
2021-12-07,59.650001525878906,59.9900016784668,59.25,53.18239974975586,3396300
2021-12-08,59.150001525878906,61.09000015258789,59.150001525878906,53.725528717041016,3354300
2021-12-09,59.54999923706055,60.77000045776367,59.130001068115234,52.986515045166016,4268100
2021-12-10,59.43000030517578,59.88999938964844,58.650001525878906,52.9241943359375,3684800
2021-12-13,59.61000061035156,59.61000061035156,58.36000061035156,52.51461410522461,3892200
2021-12-14,57.97999954223633,58.88999938964844,57.91999816894531,52.327632904052734,3086200
2021-12-15,58.189998626708984,58.279998779296875,56.720001220703125,51.32150650024414,4541500
2021-12-16,58.209999084472656,58.470001220703125,56.61000061035156,50.5646858215332,5902600
2021-12-17,56.349998474121094,56.779998779296875,55.209999084472656,50.074974060058594,6797900
2021-12-20,55,55.41999816894531,54.380001068115234,48.81063461303711,4770400
2021-12-21,56.36000061035156,57.97999954223633,56.13999938964844,51.588619232177734,5353100
2021-12-22,56.5,57.290000915527344,56.09000015258789,50.71604537963867,4464300
2021-12-23,58.83000183105469,60.790000915527344,58.790000915527344,53.654300689697266,5446600
2021-12-27,59.65999984741211,60.22999954223633,59.20000076293945,52.870765686035156,2640600
2021-12-28,57.75,58,57.09000015258789,50.86741256713867,3437200
2021-12-29,56.93000030517578,57.29999923706055,56.400001525878906,50.59138870239258,3476400
2021-12-30,56.9900016784668,60,56.77000045776367,52.71049880981445,4636900
2021-12-31,59.20000076293945,59.56999969482422,58.29999923706055,51.90915298461914,2469200
2022-01-03,58.11000061035156,58.47999954223633,57.45000076293945,51.855735778808594,3388700
2022-01-04,58.2400016784668,58.2400016784668,56.84000015258789,51.08110427856445,4111100
2022-01-05,55.349998474121094,56.38999938964844,54.720001220703125,48.792823791503906,6705100
2022-01-06,55.91999816894531,57.25,55.290000915527344,50.14620590209961,3958200
2022-01-07,56.70000076293945,57.45000076293945,56.43000030517578,50.88521957397461,6232700
2022-01-10,57.75,58.22999954223633,57.0099983215332,51.76669692993164,5479500
2022-01-11,59,60.779998779296875,58.79999923706055,54.04606628417969,4789900
2022-01-12,62.279998779296875,62.939998626708984,61.84000015258789,55.702178955078125,6737300
2022-01-13,61.20000076293945,61.400001525878906,59.439998626708984,53.01322937011719,5104600
2022-01-14,60.720001220703125,60.93000030517578,59.900001525878906,54.01935577392578,5770900
2022-01-18,57.18000030517578,58.130001068115234,56.619998931884766,51.241371154785156,6745000
2022-01-19,57.4900016784668,58.29999923706055,57.2599983215332,52.50849914550781,5555800
2022-01-20,61.06999969482422,62,60.33000183105469,55.15216064453125,5855700
2022-01-21,60.470001220703125,60.70000076293945,59.33000183105469,54.386409759521484,5418200
2022-01-24,58.650001525878906,59.349998474121094,57.5099983215332,53.967071533203125,7616400
2022-01-25,58.619998931884766,60.380001068115234,58.599998474121094,54.78751754760742,6320300
2022-01-26,61.18000030517578,61.25,59,54.17673873901367,5377600
2022-01-27,59.459999084472656,60,58.81999969482422,54.14027786254883,5798700
2022-01-28,59.04999923706055,59.18000030517578,57.84000015258789,53.875911712646484,6262200
2022-01-31,60.369998931884766,62.650001525878906,60.29999923706055,57.011837005615234,6697900
2022-02-01,62.709999084472656,62.779998779296875,61.95000076293945,57.20327377319336,5281300
2022-02-02,62.619998931884766,62.75,61.54999923706055,56.62895584106445,6016300
2022-02-03,61.369998931884766,62.349998474121094,61.209999084472656,56.22785568237305,7105200
2022-02-04,61.060001373291016,62.2400016784668,60.810001373291016,56.3828239440918,4810800
2022-02-07,60.83000183105469,61.25,60.54999923706055,55.562381744384766,6642400
2022-02-08,60.54999923706055,61.75,60.5099983215332,56.11845779418945,5175900
2022-02-09,62.040000915527344,63,61.95000076293945,57.403831481933594,6214400
2022-02-10,61.11000061035156,62.689998626708984,61.099998474121094,55.90879821777344,5068000
2022-02-11,61.22999954223633,61.540000915527344,59.900001525878906,54.87868118286133,4203300
2022-02-14,60.150001525878906,60.45000076293945,59.529998779296875,54.8239860534668,4309500
2022-02-15,60.5,61.11000061035156,60.36000061035156,55.67177200317383,4995000
2022-02-16,60.63999938964844,61.720001220703125,60.56999969482422,55.61707305908203,6189000
2022-02-17,61,61.72999954223633,60.209999084472656,55.27067184448242,3098800
2022-02-18,59.88999938964844,59.97999954223633,58.83000183105469,53.875911712646484,2350500
2022-02-22,57.04999923706055,57.630001068115234,56.290000915527344,51.3598747253418,2746100
2022-02-23,56.779998779296875,57,55.529998779296875,50.885841369628906,3625900
2022-02-24,53.52000045776367,55.63999938964844,53.38999938964844,50.667057037353516,3429300
2022-02-25,54.209999084472656,54.95000076293945,53.630001068115234,49.67341232299805,3425000
2022-02-28,53.810001373291016,54.34000015258789,53.310001373291016,49.03528594970703,2954300
2022-03-01,54.29999923706055,55,54.060001373291016,49.746334075927734,3282200
2022-03-02,53.95000076293945,54.2599983215332,53.34000015258789,49.1811408996582,3849700
2022-03-03,53.150001525878906,53.439998626708984,52.02000045776367,47.58583450317383,3080600
2022-03-04,50.720001220703125,51.459999084472656,50.08000183105469,45.93582534790039,4110700
2022-03-07,50.400001525878906,50.70000076293945,48.709999084472656,44.53194808959961,3524700
2022-03-08,49.119998931884766,49.66999816894531,48.38999938964844,44.39521408081055,4997000
2022-03-09,49.81999969482422,50.75,49.52000045776367,46.26400375366211,2188200
2022-03-10,48.15999984741211,48.45000076293945,47.20000076293945,43.03691482543945,5173000
2022-03-11,47.22999954223633,47.2599983215332,44.599998474121094,40.8034782409668,6244100
2022-03-14,41.400001525878906,42.150001525878906,40.130001068115234,37.15705871582031,9795600
2022-03-15,38.11000061035156,40.43000030517578,37.91999816894531,35.93550491333008,11952700
2022-03-16,47.20000076293945,52.95000076293945,47.11000061035156,47.95047378540039,10796100
2022-03-17,48.84000015258789,49.040000915527344,47.27000045776367,44.28581619262695,7013800
2022-03-18,48.06999969482422,52.20000076293945,47.79999923706055,47.130027770996094,7336100
2022-03-21,48.31999969482422,48.95000076293945,47.029998779296875,43.766197204589844,3723900
2022-03-22,49.849998474121094,50.9900016784668,49.68000030517578,46.13637924194336,4281100
2022-03-23,47.0099983215332,48.86000061035156,46.20000076293945,43.62945556640625,11072000
2022-03-24,46.86000061035156,46.9900016784668,45.81999969482422,42.125308990478516,5545900
2022-03-25,45.84000015258789,46.16999816894531,45.0099983215332,41.64215850830078,4759400
2022-03-28,46.54999923706055,47.58000183105469,46.45000076293945,43.228355407714844,5205200
2022-03-29,49.119998931884766,50.09000015258789,48.880001068115234,45.01510238647461,5332200
2022-03-30,48.650001525878906,49.220001220703125,48.099998474121094,44.057918548583984,2268900
2022-03-31,47.599998474121094,47.689998626708984,46.29999923706055,42.31674575805664,2832900
2022-04-01,49.5,50.400001525878906,48.630001068115234,44.79631805419922,2831900
2022-04-04,49.66999816894531,50.5,49.38999938964844,45.908470153808594,3843700
2022-04-05,50.08000183105469,50.15999984741211,48.54999923706055,44.32228469848633,3534900
2022-04-06,48.290000915527344,48.43000030517578,47.130001068115234,43.35597610473633,4618500
2022-04-07,47.45000076293945,47.70000076293945,46.68000030517578,42.81813049316406,2717800
2022-04-08,46.59000015258789,47.20000076293945,46.5,42.599342346191406,3005400
2022-04-11,47.54999923706055,47.970001220703125,46.84000015258789,42.81813049316406,5743800
2022-04-12,47.29999923706055,47.40999984741211,46.119998931884766,42.225582122802734,2895000
2022-04-13,47.279998779296875,48.22999954223633,47.02000045776367,43.77531433105469,2485900
2022-04-14,47.31999969482422,47.5,46.77000045776367,42.708736419677734,1954500
2022-04-18,46.279998779296875,46.689998626708984,45.81999969482422,42.2802848815918,2273500
2022-04-19,46.130001068115234,46.59000015258789,45.45000076293945,42.45348358154297,3828400
2022-04-20,46.349998474121094,46.5,44.75,40.88552474975586,3767500
2022-04-21,44.38999938964844,44.5,42.369998931884766,38.82529830932617,4728700
2022-04-22,43.150001525878906,43.849998474121094,42.36000061035156,38.88911056518555,3437700
2022-04-25,41.33000183105469,42.45000076293945,41.189998626708984,38.68855667114258,4554300
2022-04-26,42.36000061035156,42.470001220703125,41.560001373291016,37.92280960083008,3664700
2022-04-27,42.25,43.060001373291016,42.189998626708984,38.861759185791016,3816300
2022-04-28,43.040000915527344,43.27000045776367,42.099998474121094,39.436073303222656,3084500
2022-04-29,47.70000076293945,48.2400016784668,46.810001373291016,42.90929412841797,6244300
2022-05-02,46.54999923706055,47.470001220703125,45.81999969482422,43.06426239013672,4237100
2022-05-03,48.119998931884766,48.66999816894531,47.7599983215332,43.884708404541016,4263700
2022-05-04,46.599998474121094,47.970001220703125,46.09000015258789,43.665924072265625,6898400
2022-05-05,46.11000061035156,46.29999923706055,44.5099983215332,41.02227020263672,3567700
2022-05-06,44.400001525878906,44.54999923706055,43.29999923706055,39.59104537963867,3633400
2022-05-09,42.5,42.83000183105469,41.5,38.12336349487305,4917000
2022-05-10,43.02000045776367,43.400001525878906,42.029998779296875,39.153472900390625,4673900
2022-05-11,43.61000061035156,44.54999923706055,43.0099983215332,39.34490966796875,4737200
2022-05-12,43.790000915527344,44.54999923706055,42.900001525878906,40.16535949707031,4041900
2022-05-13,44.56999969482422,46,44.349998474121094,41.879173278808594,2269100
2022-05-16,44.5099983215332,45.5,44.5099983215332,41.1498908996582,2126200
2022-05-17,47.22999954223633,47.70000076293945,45.83000183105469,42.63581085205078,5949400
2022-05-18,44.900001525878906,45.150001525878906,43.29999923706055,39.663970947265625,6142200
2022-05-19,43.45000076293945,44.9900016784668,43.2599983215332,41.097389221191406,5243100
2022-05-20,45.040000915527344,45.209999084472656,43.380001068115234,40.52952575683594,2918900
2022-05-23,44.369998931884766,44.400001525878906,43.400001525878906,39.97080612182617,3095300
2022-05-24,43.13999938964844,43.459999084472656,41.439998626708984,38.50532913208008,3898000
2022-05-25,42.2400016784668,42.650001525878906,41.91999816894531,38.99077224731445,3782000
2022-05-26,42.689998626708984,44.25,42.59000015258789,40.3280143737793,3740400
2022-05-27,43.810001373291016,44,43.189998626708984,40.17231369018555,2118100
2022-05-31,45.959999084472656,46.290000915527344,45.40999984741211,41.711055755615234,2612600
2022-06-01,46,46.209999084472656,44.91999816894531,41.50040054321289,2018500
2022-06-02,45.849998474121094,46.95000076293945,45.70000076293945,42.87428283691406,2389800
2022-06-03,46,46.4900016784668,45.77000045776367,42.123226165771484,1852700
2022-06-06,47.04999923706055,47.5,46.31999969482422,42.77353286743164,3576000
2022-06-07,46.72999954223633,47.970001220703125,46.59000015258789,43.80851745605469,2281000
2022-06-08,49.58000183105469,51.58000183105469,49.130001068115234,47.1241569519043,6693500
2022-06-09,50.310001373291016,50.65999984741211,49.150001525878906,45.054168701171875,4504800
2022-06-10,49.599998474121094,49.900001525878906,48.7599983215332,45.29230880737305,2480300
2022-06-13,47.779998779296875,47.939998626708984,46.2400016784668,42.79185104370117,2970400
2022-06-14,47.599998474121094,48.290000915527344,47.18000030517578,43.826839447021484,3266800
2022-06-15,48.08000183105469,48.93000030517578,47.79999923706055,44.59621047973633,2875400
2022-06-16,46.4900016784668,47.02000045776367,45.7599983215332,42.30640411376953,2716600
2022-06-17,47.90999984741211,48.18000030517578,46.47999954223633,42.801002502441406,3264400
2022-06-21,48.36000061035156,48.689998626708984,47.86000061035156,44.12909698486328,3623500
2022-06-22,46.88999938964844,48.290000915527344,46.88999938964844,43.405513763427734,3540600
2022-06-23,47.7400016784668,48.619998931884766,47.5099983215332,43.9642219543457,2349200
2022-06-24,48.97999954223633,49.380001068115234,48.61000061035156,45.04501724243164,3029300
2022-06-27,48.33000183105469,48.54999923706055,47.09000015258789,43.24980926513672,6179300
2022-06-28,46.689998626708984,47.349998474121094,45.41999816894531,41.81180953979492,6372500
2022-06-29,46.099998474121094,46.59000015258789,45.93000030517578,42.49875259399414,3858000
2022-06-30,45.15999984741211,45.5099983215332,44.43000030517578,41.573665618896484,3544100
2022-07-01,45.290000915527344,45.65999984741211,44.529998779296875,41.47291564941406,3450400
2022-07-05,43.150001525878906,44.400001525878906,43,40.27306365966797,4468500
2022-07-06,43.97999954223633,44.15999984741211,43.36000061035156,40.19978713989258,3394300
2022-07-07,44.650001525878906,45.599998474121094,44.630001068115234,41.509552001953125,3151400
2022-07-08,44.709999084472656,45.119998931884766,44.33000183105469,40.8867301940918,2484000
2022-07-11,43.33000183105469,43.630001068115234,42.75,39.30218505859375,3010800
2022-07-12,43,43.34000015258789,42.790000915527344,39.42125701904297,1793400
2022-07-13,42.130001068115234,42.93000030517578,42.11000061035156,38.90834426879883,3934700
2022-07-14,42.33000183105469,42.400001525878906,41.349998474121094,38.11149215698242,3082900
2022-07-15,41.18000030517578,41.54999923706055,40.68000030517578,37.92830276489258,1968000
2022-07-18,42.369998931884766,42.7400016784668,42.16999816894531,38.69767379760742,3611900
2022-07-19,42.599998474121094,43.25,42.349998474121094,39.522003173828125,2865600
2022-07-20,42.959999084472656,43.099998474121094,42.45000076293945,39.1556396484375,2557800
2022-07-21,42.65999984741211,43.2400016784668,42.58000183105469,39.531166076660156,2060900
2022-07-22,42.18000030517578,42.4900016784668,41.70000076293945,38.294673919677734,2872900
2022-07-25,41.5,41.75,41.33000183105469,38.08401107788086,1896200
2022-07-26,41.75,41.81999969482422,41,37.64436721801758,3424400
2022-07-27,40.900001525878906,41.25,40.38999938964844,37.63521194458008,2885400
2022-07-28,40.86000061035156,41.189998626708984,40.150001525878906,37.241363525390625,2348500
2022-07-29,39.22999954223633,39.400001525878906,38.209999084472656,35.409515380859375,14785800
2022-08-01,37.599998474121094,38.369998931884766,36.56999969482422,34.182186126708984,14887700
2022-08-02,37.540000915527344,38.66999816894531,37.11000061035156,34.64014434814453,17385400
2022-08-03,38.43000030517578,39.29999923706055,38.15999984741211,35.92243576049805,14432900
2022-08-04,40,40.75,39.58000183105469,36.36207580566406,5435300
2022-08-05,38.650001525878906,38.79999923706055,37.900001525878906,35.26297378540039,3840200
2022-08-08,38.119998931884766,38.38999938964844,37.54999923706055,34.63098907470703,2976600
2022-08-09,37.84000015258789,38.099998474121094,37.59000015258789,34.57603073120117,3395000
2022-08-10,38.04999923706055,38.369998931884766,37.66999816894531,35.03399658203125,2628200
2022-08-11,38.68000030517578,39.880001068115234,38.65999984741211,35.748409271240234,3367000
2022-08-12,38.119998931884766,38.650001525878906,37.95000076293945,35.20801544189453,5965400
2022-08-15,38,38.529998779296875,37.900001525878906,35.08894729614258,3508100
2022-08-16,38.4900016784668,39.040000915527344,38.16999816894531,35.537750244140625,3868300
2022-08-17,38.599998474121094,40.75,38.56999969482422,36.64601516723633,15760800
2022-08-18,39.380001068115234,39.779998779296875,39.20000076293945,36.26132583618164,3028600
2022-08-19,39.65999984741211,39.90999984741211,39.45000076293945,36.25217056274414,2536700
2022-08-22,39.36000061035156,39.45000076293945,38.93000030517578,35.7850456237793,4049300
2022-08-23,39.650001525878906,39.97999954223633,39.400001525878906,36.44450759887695,2896200
2022-08-24,39.349998474121094,40.63999938964844,39.02000045776367,36.737606048583984,4805300
2022-08-25,41.22999954223633,42.29999923706055,41.11000061035156,38.743473052978516,5450100
2022-08-26,42.95000076293945,43,41.04999923706055,37.79091262817383,2968100
2022-08-29,41.02000045776367,41.70000076293945,40.709999084472656,37.323795318603516,2004000
2022-08-30,40.75,41.04999923706055,39.560001373291016,36.6368522644043,4607800
2022-08-31,41.459999084472656,41.939998626708984,41.15999984741211,37.827552795410156,3986700
2022-09-01,41.29999923706055,41.459999084472656,40.709999084472656,37.71764373779297,3356000
2022-09-02,41.84000015258789,42.189998626708984,41.400001525878906,37.937461853027344,3404600
2022-09-06,39.79999923706055,39.900001525878906,39.099998474121094,35.96822738647461,3289700
2022-09-07,39.400001525878906,39.97999954223633,39.25,36.50862503051758,3022300
2022-09-08,38.400001525878906,38.779998779296875,38.27000045776367,35.317928314208984,3248000
2022-09-09,38.91999816894531,39.34000015258789,38.63999938964844,35.56522750854492,2545800
2022-09-12,38.81999969482422,39.58000183105469,38.77000045776367,36.169734954833984,2034200
2022-09-13,38.369998931884766,38.779998779296875,38.119998931884766,35.07978820800781,2523700
2022-09-14,38.29999923706055,38.47999954223633,38.220001220703125,35.052310943603516,1521500
2022-09-15,38.0099983215332,38.29999923706055,37.70000076293945,34.6126708984375,2759000
2022-09-16,37.20000076293945,37.439998626708984,36.93000030517578,33.89824676513672,1571700
2022-09-19,36.7400016784668,37.099998474121094,36.68000030517578,33.92573165893555,3181500
2022-09-20,37.349998474121094,37.56999969482422,36.900001525878906,34.09975051879883,4046800
2022-09-21,36.36000061035156,36.5,35.81999969482422,32.8998908996582,2705500
2022-09-22,35.91999816894531,36.189998626708984,35.619998931884766,32.698394775390625,2600300
2022-09-23,34.75,34.939998626708984,34.52000045776367,31.93817710876465,2081600
2022-09-26,35.66999816894531,36.650001525878906,35.65999984741211,32.97317123413086,2703700
2022-09-27,35.709999084472656,36.11000061035156,35.040000915527344,32.3137092590332,2252000
2022-09-28,35.11000061035156,35.91999816894531,34.9900016784668,32.780826568603516,2424800
2022-09-29,34.599998474121094,34.70000076293945,33.79999923706055,31.388628005981445,3375200
2022-09-30,33.66999816894531,34.31999969482422,33.65999984741211,30.976459503173828,2244300
2022-10-03,33.540000915527344,33.939998626708984,33.47999954223633,30.958141326904297,2339100
2022-10-04,34.5,35.470001220703125,34.349998474121094,32.341182708740234,3995900
2022-10-05,35.20000076293945,35.470001220703125,34.810001373291016,32.24958801269531,1896300
2022-10-06,35.29999923706055,35.709999084472656,35.150001525878906,32.194637298583984,2516900
2022-10-07,34.11000061035156,34.4900016784668,33.560001373291016,30.92150115966797,2221500
2022-10-10,33.439998626708984,33.54999923706055,32.869998931884766,30.3719539642334,2386600
2022-10-11,32.220001220703125,32.560001373291016,31.829999923706055,29.35527992248535,2705800
2022-10-12,32.25,32.4900016784668,31.93000030517578,29.465187072753906,1738200
2022-10-13,30.950000762939453,31.75,30.719999313354492,28.824045181274414,4376000
2022-10-14,31.809999465942383,31.989999771118164,30.969999313354492,28.402721405029297,2863100
2022-10-17,31.700000762939453,32.189998626708984,31.639999389648438,29.24536895751953,3684500
2022-10-18,32.40999984741211,32.52000045776367,31.59000015258789,29.22705078125,2581600
2022-10-19,30.84000015258789,30.8799991607666,29.940000534057617,27.624187469482422,5691600
2022-10-20,29.709999084472656,30.68000030517578,29.639999389648438,27.2303409576416,4584400
2022-10-21,29.649999618530273,29.979999542236328,29.15999984741211,27.404367446899414,3293200
2022-10-24,26.030000686645508,26.079999923706055,24.75,23.52086067199707,11228100
2022-10-25,26.170000076293945,26.600000381469727,25.690000534057617,23.649089813232422,7933200
2022-10-26,26.709999084472656,28.389999389648438,26.709999084472656,25.51757049560547,7229500
2022-10-27,27.200000762939453,27.700000762939453,26.899999618530273,24.693239212036133,4591300
2022-10-28,25.719999313354492,25.8799991607666,25.25,23.658248901367188,5048700
2022-10-31,26.350000381469727,26.690000534057617,26.059999465942383,24.070415496826172,4446900
2022-11-01,28.950000762939453,29.18000030517578,28.350000381469727,26.030485153198242,4368800
2022-11-02,28.829999923706055,28.959999084472656,28.219999313354492,25.96636962890625,4006800
2022-11-03,27.770000457763672,28.979999542236328,27.65999984741211,26.314420700073242,3816000
2022-11-04,30.540000915527344,30.969999313354492,30.049999237060547,28.292810440063477,5699800
2022-11-07,31.530000686645508,31.700000762939453,30.8799991607666,28.39356231689453,4148000
2022-11-08,31.149999618530273,31.559999465942383,30.65999984741211,28.668336868286133,2784100
2022-11-09,29.84000015258789,30.040000915527344,29.280000686645508,26.863975524902344,3223600
2022-11-10,30.799999237060547,31.739999771118164,30.780000686645508,28.869842529296875,4266700
2022-11-11,33,33.720001220703125,32.900001525878906,30.59177589416504,4283700
2022-11-14,33.540000915527344,34.04999923706055,33.279998779296875,30.59177589416504,7116200
2022-11-15,36.810001373291016,37.59000015258789,36.38999938964844,33.88909149169922,8100900
2022-11-16,39.630001068115234,39.70000076293945,38.40999984741211,35.64765167236328,5236500
2022-11-17,36.83000183105469,39.130001068115234,36.7599983215332,35.830841064453125,6033300
2022-11-18,36.970001220703125,37.09000015258789,36.02000045776367,33.15635299682617,4215300
2022-11-21,36.029998779296875,36.47999954223633,35.560001373291016,32.97317123413086,4363800
2022-11-22,35.380001068115234,35.849998474121094,35.150001525878906,32.75334548950195,1810200
2022-11-23,36.130001068115234,36.56999969482422,35.939998626708984,33.23878479003906,2958300
2022-11-25,34.83000183105469,35.04999923706055,34.58000183105469,31.672561645507812,2807000
2022-11-28,34.61000061035156,35.689998626708984,34.59000015258789,32.341182708740234,4029300
2022-11-29,36.34000015258789,36.650001525878906,36.130001068115234,33.29374313354492,3301700
2022-11-30,37.2599983215332,38.15999984741211,37.220001220703125,34.6126708984375,5791300
2022-12-01,37.900001525878906,38.33000183105469,37.38999938964844,34.704261779785156,2054600
2022-12-02,37.790000915527344,39.7400016784668,37.630001068115234,35.986549377441406,5648700
2022-12-05,40.130001068115234,40.20000076293945,38.79999923706055,35.64765167236328,2958500
2022-12-06,39.95000076293945,40.15999984741211,39.16999816894531,36.48115158081055,2761800
2022-12-07,38.72999954223633,39.470001220703125,38.630001068115234,35.894962310791016,2112300
2022-12-08,40.650001525878906,40.97999954223633,40.349998474121094,37.44287109375,2587500
2022-12-09,41.22999954223633,41.36000061035156,40.650001525878906,37.296321868896484,2504100
2022-12-12,40.790000915527344,40.849998474121094,39.95000076293945,37.04902267456055,2896200
2022-12-13,41.75,42.2400016784668,40.810001373291016,37.59857177734375,3218200
2022-12-14,41.59000015258789,41.939998626708984,41.2599983215332,38.23971939086914,2049700
2022-12-15,41.70000076293945,42.11000061035156,40.119998931884766,37.012386322021484,3313100
2022-12-16,41,41,40.220001220703125,36.9207878112793,2056400
2022-12-19,41.25,41.29999923706055,40.5,37.14977264404297,2545800
2022-12-20,39.36000061035156,39.9900016784668,39.34000015258789,36.14225387573242,1948300
2022-12-21,39.810001373291016,40.81999969482422,39.54999923706055,37.241363525390625,2408400
2022-12-22,40.959999084472656,41.099998474121094,40.29999923706055,37.11313247680664,2706600
2022-12-23,40.689998626708984,40.880001068115234,40.04999923706055,36.8749885559082,1836800
2022-12-27,40.130001068115234,42.16999816894531,40,38.312992095947266,4433500
2022-12-28,41.779998779296875,42.349998474121094,40.77000045776367,37.61689376831055,5272400
2022-12-29,43.06999969482422,43.619998931884766,42.7599983215332,39.65023422241211,4546700
2022-12-30,42.040000915527344,42.91999816894531,42.040000915527344,38.798431396484375,1505500
2023-01-03,43.95000076293945,44.79999923706055,43.95000076293945,40.8317756652832,3207300
2023-01-04,44.29999923706055,46.040000915527344,43.959999084472656,44.376914978027344,4527100
2023-01-05,44.290000915527344,45.290000915527344,44.04999923706055,43.48917770385742,3052700
2023-01-06,45,45.650001525878906,44.650001525878906,44.01023864746094,2483900
2023-01-09,46.59000015258789,46.880001068115234,46.15999984741211,44.74358367919922,4229200
2023-01-10,46.56999969482422,47.040000915527344,46.11000061035156,45.29358673095703,2514800
2023-01-11,47.93000030517578,48.72999954223633,47.93000030517578,46.77957534790039,4435700
2023-01-12,46.81999969482422,46.880001068115234,46.119998931884766,44.84007263183594,5857400
2023-01-13,47.400001525878906,47.849998474121094,47.2599983215332,46.12342834472656,3980000
2023-01-17,47.77000045776367,48.06999969482422,47.5099983215332,46.094478607177734,3051300
2023-01-18,48.84000015258789,48.880001068115234,47.81999969482422,46.21991729736328,3490400
2023-01-19,48.52000045776367,49.27000045776367,48.5,47.47431945800781,3859800
2023-01-20,49.66999816894531,50.459999084472656,49.63999938964844,48.651527404785156,2899200
2023-01-23,50.560001373291016,51.2400016784668,50.5,49.375221252441406,2852200
2023-01-24,50.5,51.099998474121094,50.41999816894531,49.10504150390625,2623200
2023-01-25,50.15999984741211,51.15999984741211,50.15999984741211,49.30767822265625,3088400
2023-01-26,51.93000030517578,52.349998474121094,51.70000076293945,50.504188537597656,2491600
2023-01-27,52.65999984741211,52.880001068115234,52.150001525878906,50.70682144165039,2404100
2023-01-30,49.34000015258789,49.439998626708984,48.65999984741211,47.290985107421875,3932000
2023-01-31,48.900001525878906,48.97999954223633,48.459999084472656,47.040103912353516,4471400
2023-02-01,49.02000045776367,49.470001220703125,48.2599983215332,47.57080841064453,4646200
2023-02-02,49.29999923706055,49.310001373291016,48.099998474121094,46.59624099731445,4588100
2023-02-03,48.7400016784668,49.119998931884766,48.15999984741211,46.557640075683594,3724400
2023-02-06,47.88999938964844,48.02000045776367,47.119998931884766,46.18132019042969,3606100
2023-02-07,48.310001373291016,48.380001068115234,47.52000045776367,46.58658981323242,4123500
2023-02-08,48.72999954223633,48.7400016784668,47.959999084472656,46.5383415222168,3208700
2023-02-09,50.400001525878906,50.63999938964844,49.970001220703125,48.46819305419922,3487300
2023-02-10,48.849998474121094,49.380001068115234,48.34000015258789,46.88571548461914,2548800
2023-02-13,49.119998931884766,49.86000061035156,49.02000045776367,47.87958908081055,2862300
2023-02-14,48.040000915527344,48.529998779296875,47.709999084472656,46.7409782409668,2715500
2023-02-15,47.939998626708984,48.45000076293945,47.7400016784668,46.75062942504883,2103700
2023-02-16,48.400001525878906,49.09000015258789,48.220001220703125,47.05939865112305,3729300
2023-02-17,47.400001525878906,47.4900016784668,46.939998626708984,45.54446792602539,2857400
2023-02-21,45.84000015258789,46.2400016784668,45.5,44.000587463378906,4717500
2023-02-22,45.38999938964844,45.599998474121094,44.599998474121094,43.2093505859375,4041000
2023-02-23,45.75,45.900001525878906,44.119998931884766,42.9874153137207,4034200
2023-02-24,44,44.11000061035156,43.349998474121094,42.07073974609375,4360100
2023-02-27,44.72999954223633,44.7400016784668,44.2400016784668,43.04531478881836,3542700
2023-02-28,44.029998779296875,44.369998931884766,43.83000183105469,42.41810989379883,3777700
2023-03-01,46.5,46.849998474121094,46.2599983215332,44.91727066040039,3466400
2023-03-02,45.91999816894531,47.369998931884766,45.84000015258789,45.583072662353516,4220300
2023-03-03,46.810001373291016,47.290000915527344,46.689998626708984,45.46727752685547,2861700
2023-03-06,46.25,46.650001525878906,46.0099983215332,44.52164840698242,3447500
2023-03-07,45.25,45.29999923706055,44.720001220703125,43.21900177001953,2058300
2023-03-08,44.36000061035156,44.70000076293945,44.22999954223633,42.91987228393555,2289200
2023-03-09,43.2400016784668,43.29999923706055,42.08000183105469,40.75844192504883,3771100
2023-03-10,42.38999938964844,42.869998931884766,42.04999923706055,41.05756759643555,2637200
2023-03-13,43.0099983215332,43.880001068115234,43,42.07073974609375,3138800
2023-03-14,43.529998779296875,44.41999816894531,43.459999084472656,42.83302688598633,2513100
2023-03-15,43,43.220001220703125,42.61000061035156,41.63652038574219,4994600
2023-03-16,42.31999969482422,43.31999969482422,42.31999969482422,41.771610260009766,4762800
2023-03-17,42.79999923706055,43.25,42.470001220703125,41.42423629760742,4950800
2023-03-20,42.380001068115234,43.439998626708984,42.369998931884766,41.520729064941406,4772300
2023-03-21,43.810001373291016,44.22999954223633,43.61000061035156,42.42776107788086,3920300
2023-03-22,44.650001525878906,45.63999938964844,44.599998474121094,43.2286491394043,6725800
2023-03-23,47.7400016784668,48.470001220703125,47.38999938964844,46.200618743896484,5021600
2023-03-24,47.349998474121094,48.130001068115234,47.209999084472656,46.17167282104492,4918800
2023-03-27,46.369998931884766,46.459999084472656,45.90999984741211,44.56989288330078,4149100
2023-03-28,49,49.939998626708984,48.90999984741211,48.1497688293457,6448300
2023-03-29,49.09000015258789,49.58000183105469,48.7599983215332,47.561161041259766,4083400
2023-03-30,49.79999923706055,50.18000030517578,49.5,48.169063568115234,5117700
2023-03-31,49.220001220703125,49.45000076293945,48.75,47.175193786621094,3094200
2023-04-03,49.290000915527344,49.77000045776367,49.220001220703125,47.696250915527344,3890700
2023-04-04,49.08000183105469,49.54999923706055,48.900001525878906,47.7348518371582,1858100
2023-04-05,49.150001525878906,49.380001068115234,48.150001525878906,46.7409782409668,2905300
2023-04-06,48.90999984741211,49.619998931884766,48.540000915527344,47.561161041259766,2109300
2023-04-10,49.0099983215332,49.33000183105469,48.099998474121094,47.26203536987305,1744500
2023-04-11,48,48.04999923706055,47.369998931884766,45.74710464477539,3235400
2023-04-12,45.86000061035156,45.88999938964844,44.43000030517578,43.26724624633789,5731200
2023-04-13,46.099998474121094,46.90999984741211,46.099998474121094,45.119903564453125,3303500
2023-04-14,46.45000076293945,46.58000183105469,45.86000061035156,44.27077102661133,3393200
2023-04-17,47.189998626708984,47.290000915527344,46.779998779296875,45.55411911010742,3831500
2023-04-18,47.02000045776367,47.06999969482422,46.439998626708984,44.869022369384766,2757900
2023-04-19,45.54999923706055,45.63999938964844,45.2599983215332,43.98128890991211,2541600
2023-04-20,45.599998474121094,45.72999954223633,44.95000076293945,43.585670471191406,2752600
2023-04-21,44.45000076293945,44.459999084472656,43.9900016784668,42.553199768066406,4801100
2023-04-24,43.560001373291016,43.689998626708984,43.08000183105469,41.858455657958984,4359300
2023-04-25,42.95000076293945,42.959999084472656,42.130001068115234,40.883880615234375,3656600
2023-04-26,44.540000915527344,44.630001068115234,43.810001373291016,42.44706344604492,2868900
2023-04-27,43.66999816894531,44.43000030517578,43.54999923706055,42.72688674926758,2163400
2023-04-28,43.7400016784668,44.439998626708984,43.7400016784668,42.804080963134766,2618700
2023-05-01,43.66999816894531,44.720001220703125,43.54999923706055,42.533905029296875,2798400
2023-05-02,44.09000015258789,44.09000015258789,42.900001525878906,41.771610260009766,2406200
2023-05-03,43.22999954223633,43.31999969482422,42.779998779296875,41.395294189453125,4781700
2023-05-04,42.72999954223633,43.20000076293945,42.65999984741211,41.54003143310547,2349700
2023-05-05,43.29999923706055,43.97999954223633,43.2599983215332,42.36022186279297,1682100
2023-05-08,43.380001068115234,43.540000915527344,43.060001373291016,41.71371841430664,1983400
2023-05-09,41.61000061035156,41.939998626708984,41.470001220703125,40.39176940917969,3302200
2023-05-10,42.20000076293945,42.400001525878906,41.84000015258789,40.7487907409668,3251000
2023-05-11,41.77000045776367,42.59000015258789,41.70000076293945,41.05756759643555,5160200
2023-05-12,41.84000015258789,41.849998474121094,41.08000183105469,39.82246398925781,4823600
2023-05-15,43.439998626708984,44.529998779296875,43.380001068115234,42.7751350402832,6503500
2023-05-16,43.61000061035156,43.959999084472656,43.54999923706055,42.340919494628906,5143800
2023-05-17,43.79999923706055,44.79999923706055,43.709999084472656,43.08391189575195,5113300
2023-05-18,43.29999923706055,43.29999923706055,42.150001525878906,41.38946533203125,5663600
2023-05-19,42.54999923706055,42.7599983215332,42.380001068115234,41.27287673950195,3282000
2023-05-22,43.59000015258789,44.04999923706055,43.41999816894531,42.27360534667969,1813200
2023-05-23,42.630001068115234,42.72999954223633,42.060001373291016,40.94253921508789,2834100
2023-05-24,42.22999954223633,42.2599983215332,41.540000915527344,40.50532531738281,3566000
2023-05-25,41.290000915527344,41.290000915527344,40.34000015258789,39.27141571044922,2856100
2023-05-26,40.90999984741211,41.349998474121094,40.709999084472656,40.07783126831055,3131100
2023-05-30,40.099998474121094,40.29999923706055,39.400001525878906,38.416419982910156,4169500
2023-05-31,39.45000076293945,39.630001068115234,38.880001068115234,38.40670394897461,3954900
2023-06-01,40.099998474121094,41.41999816894531,40.09000015258789,40.116695404052734,5536900
2023-06-02,42.7599983215332,43.20000076293945,42.720001220703125,41.58378219604492,3540000
2023-06-05,42.88999938964844,43.08000183105469,42.630001068115234,41.71009063720703,3186200
2023-06-06,42.2599983215332,43.349998474121094,42.04999923706055,41.94327163696289,4017800
2023-06-07,42.88999938964844,43.27000045776367,42.400001525878906,41.234012603759766,3471700
2023-06-08,42.619998931884766,43.040000915527344,42.529998779296875,41.58378219604492,2503200
2023-06-09,42.93000030517578,43.029998779296875,42.58000183105469,41.41861343383789,2234200
2023-06-12,43,43.150001525878906,42.83000183105469,41.71009063720703,2294000
2023-06-13,43.900001525878906,44.33000183105469,43.81999969482422,42.72053909301758,3812100
2023-06-14,44.25,45.22999954223633,44.22999954223633,43.84757614135742,4563000
2023-06-15,45.45000076293945,45.68000030517578,45.2599983215332,44.343082427978516,4551900
2023-06-16,46.2599983215332,46.459999084472656,45.47999954223633,44.50825500488281,3508000
2023-06-20,44.349998474121094,44.5,43.65999984741211,42.448490142822266,2565700
2023-06-21,43.369998931884766,43.619998931884766,43.130001068115234,42.176448822021484,2614500
2023-06-22,43.15999984741211,43.38999938964844,42.959999084472656,42.108436584472656,2022600
2023-06-23,42.81999969482422,42.81999969482422,42.29999923706055,41.234012603759766,2462300
2023-06-26,42.380001068115234,42.7400016784668,42.34000015258789,41.20486831665039,1456300
2023-06-27,43.369998931884766,43.66999816894531,43.189998626708984,42.331905364990234,3410900
2023-06-28,42.83000183105469,42.83000183105469,42.43000030517578,41.53520584106445,2971900
2023-06-29,42.40999984741211,42.43000030517578,42,41.00083541870117,2461000
2023-06-30,42.2599983215332,42.7400016784668,42.209999084472656,41.282596588134766,1821000
2023-07-03,43,43.47999954223633,42.90999984741211,41.807247161865234,1203700
2023-07-05,42.72999954223633,42.86000061035156,42.38999938964844,41.26316452026367,2359000
2023-07-06,41.220001220703125,41.56999969482422,41.040000915527344,40.019535064697266,2109200
2023-07-07,41.880001068115234,43.16999816894531,41.86000061035156,41.66151428222656,3959400
2023-07-10,42.0099983215332,42.59000015258789,41.959999084472656,41.20486831665039,1589500
2023-07-11,42.560001373291016,43.09000015258789,42.310001373291016,41.83639907836914,3823900
2023-07-12,44,45.04999923706055,44,43.53667068481445,3929800
2023-07-13,44.90999984741211,45.529998779296875,44.900001525878906,44.08075714111328,2214900
2023-07-14,45.20000076293945,45.25,44.540000915527344,43.39093017578125,3140300
2023-07-17,44.45000076293945,44.709999084472656,43.900001525878906,43.206329345703125,1108700
2023-07-18,42.91999816894531,43.13999938964844,42.459999084472656,41.457481384277344,5084500
2023-07-19,42.77000045776367,43.369998931884766,42.689998626708984,41.486629486083984,1997900
2023-07-20,42.29999923706055,42.66999816894531,42.2599983215332,41.27287673950195,2230000
2023-07-21,42.56999969482422,42.72999954223633,42.029998779296875,40.961971282958984,1989000
2023-07-24,41.65999984741211,43.70000076293945,41.61000061035156,41.894691467285156,4373500
2023-07-25,44.29999923706055,44.779998779296875,43.56999969482422,42.34162139892578,3717200
2023-07-26,43.45000076293945,44.310001373291016,43.45000076293945,42.837127685546875,2415500
2023-07-27,44.20000076293945,44.220001220703125,43.2400016784668,42.1667366027832,3418900
2023-07-28,45.20000076293945,46,45.11000061035156,44.653987884521484,3301300
2023-07-31,45.70000076293945,46.150001525878906,45.34000015258789,44.63455581665039,1950700
2023-08-01,45.43000030517578,45.43000030517578,45.0099983215332,43.81842803955078,1986300
2023-08-02,44.150001525878906,44.150001525878906,43.310001373291016,42.14730453491211,2794700
2023-08-03,44.02000045776367,44.68000030517578,44.02000045776367,43.34235382080078,1843700
2023-08-04,43.959999084472656,44.16999816894531,43.380001068115234,42.263893127441406,1764400
2023-08-07,43.560001373291016,43.61000061035156,42.779998779296875,41.81696319580078,1031100
2023-08-08,42.400001525878906,42.560001373291016,42,41.282596588134766,1861700
2023-08-09,42.779998779296875,43.040000915527344,42.310001373291016,41.544918060302734,1375600
2023-08-10,43.56999969482422,44.22999954223633,43.189998626708984,42.19588088989258,2279900
2023-08-11,42.79999923706055,42.81999969482422,41.869998931884766,40.93282699584961,2566200
2023-08-14,42.470001220703125,42.56999969482422,41.72999954223633,41.039695739746094,1946900
2023-08-15,42.25,42.29999923706055,41.630001068115234,40.65106201171875,2134200
2023-08-16,40.970001220703125,41.150001525878906,40.189998626708984,39.456016540527344,4686400
2023-08-17,42.38999938964844,42.59000015258789,42,40.91339111328125,2776700
2023-08-18,41.15999984741211,41.25,40.77000045776367,39.9223747253418,2064900
2023-08-21,40.650001525878906,40.880001068115234,40.34000015258789,39.621185302734375,2647700
2023-08-22,40.779998779296875,40.779998779296875,40.279998779296875,39.281131744384766,2554500
2023-08-23,40.349998474121094,40.9900016784668,40.349998474121094,39.73777770996094,1583100
2023-08-24,41.33000183105469,41.4900016784668,40.65999984741211,39.825218200683594,1640300
2023-08-25,40.810001373291016,40.93000030517578,40.33000183105469,39.592041015625,1462500
2023-08-28,41.459999084472656,41.970001220703125,41.38999938964844,40.544189453125,3008300
2023-08-29,41.91999816894531,42.380001068115234,41.7400016784668,41.13685989379883,2932100
2023-08-30,41.650001525878906,42.09000015258789,41.56999969482422,40.85509490966797,2590500
2023-08-31,41.47999954223633,41.79999923706055,41.2400016784668,40.23328399658203,2083200
2023-09-01,42.04999923706055,42.84000015258789,42.0099983215332,41.04941177368164,3812600
2023-09-05,41.91999816894531,42.04999923706055,41.63999938964844,40.592769622802734,1269100
2023-09-06,41.70000076293945,42.16999816894531,41.5099983215332,40.43731689453125,2315700
2023-09-07,40.689998626708984,40.86000061035156,40.16999816894531,39.22283935546875,3834300
2023-09-08,40.279998779296875,40.45000076293945,40,39.14510726928711,2073700
2023-09-11,40.970001220703125,41.31999969482422,40.959999084472656,40.02925109863281,1954400
2023-09-12,41.06999969482422,41.529998779296875,41.06999969482422,40.13612747192383,2037500
2023-09-13,41.09000015258789,41.11000061035156,40.72999954223633,39.60175323486328,2680400
2023-09-14,40.959999084472656,41,40.70000076293945,39.70862579345703,1995400
2023-09-15,40.439998626708984,40.52000045776367,40.189998626708984,39.242271423339844,2861600
2023-09-18,39.86000061035156,40,39.61000061035156,38.853633880615234,1401600
2023-09-19,39.79999923706055,39.900001525878906,39.58000183105469,38.49414825439453,2237700
2023-09-20,39.540000915527344,39.849998474121094,39.36000061035156,38.26097106933594,1625700
2023-09-21,38.459999084472656,38.470001220703125,38.209999084472656,37.2116584777832,3537600
2023-09-22,40.060001373291016,40.119998931884766,39.70000076293945,38.649600982666016,3037100
2023-09-25,38.72999954223633,38.97999954223633,38.650001525878906,37.804325103759766,1585300
2023-09-26,38.36000061035156,38.59000015258789,38.220001220703125,37.15336227416992,1230700
2023-09-27,38.45000076293945,38.58000183105469,38.130001068115234,37.43511962890625,1937600
2023-09-28,38,38.279998779296875,37.88999938964844,37.13393020629883,1685100
2023-09-29,39.02000045776367,39.04999923706055,38.560001373291016,37.57114028930664,1285500
2023-10-02,38.70000076293945,38.72999954223633,38.29999923706055,37.357398986816406,925100
2023-10-03,38.130001068115234,38.189998626708984,37.88999938964844,36.939613342285156,2527600
2023-10-04,37.97999954223633,38.09000015258789,37.689998626708984,36.8521728515625,1835900
2023-10-05,38.20000076293945,38.439998626708984,38.060001373291016,37.299095153808594,1673200
2023-10-06,38.70000076293945,39.38999938964844,38.630001068115234,38.192962646484375,2911100
2023-10-09,39,39.400001525878906,38.869998931884766,38.202674865722656,1990700
2023-10-10,39.5,40.220001220703125,39.5,38.911930084228516,2654700
2023-10-11,40.25,40.54999923706055,39.9900016784668,39.018802642822266,1637000
2023-10-12,40.290000915527344,40.29999923706055,39.40999984741211,38.34840774536133,3867100
2023-10-13,39.099998474121094,39.29999923706055,38.689998626708984,37.89176559448242,1659600
2023-10-16,38.5,39.279998779296875,38.47999954223633,38.047218322753906,2249200
2023-10-17,38.36000061035156,38.79999923706055,38.31999969482422,37.60029220581055,1918500
2023-10-18,38.20000076293945,38.29999923706055,37.560001373291016,36.823028564453125,3349200
2023-10-19,37.18000030517578,37.5,37.13999938964844,36.162349700927734,2764700
2023-10-20,36.75,36.88999938964844,36.41999816894531,35.38507843017578,1415500
2023-10-23,36.349998474121094,36.81999969482422,36.150001525878906,35.70570373535156,1148300
2023-10-24,36.40999984741211,37.54999923706055,36.400001525878906,36.42467498779297,2624600
2023-10-25,36.75,37.029998779296875,36.630001068115234,35.822296142578125,1382100
2023-10-26,36.68000030517578,37.029998779296875,36.630001068115234,35.909732818603516,1715400
2023-10-27,37.13999938964844,37.4900016784668,36.849998474121094,35.84172821044922,938000
2023-10-30,37.599998474121094,37.880001068115234,37.310001373291016,36.48297119140625,2169900
2023-10-31,37,37.06999969482422,36.61000061035156,35.95831298828125,2403900
2023-11-01,36.59000015258789,36.970001220703125,36.59000015258789,35.900020599365234,1890800
2023-11-02,37.20000076293945,37.470001220703125,37.029998779296875,36.22064208984375,1502500
2023-11-03,38.86000061035156,39.33000183105469,38.84000015258789,38.047218322753906,2470400
2023-11-06,39.849998474121094,40,39.59000015258789,38.52330017089844,1743700
2023-11-07,39.38999938964844,39.66999816894531,39.15999984741211,38.47471618652344,1447400
2023-11-08,39.369998931884766,39.869998931884766,39.29999923706055,38.50386428833008,1416600
2023-11-09,39.43000030517578,39.83000183105469,39.06999969482422,38.01807403564453,2784400
2023-11-10,38.880001068115234,39.11000061035156,38.70000076293945,37.959774017333984,1450600
2023-11-13,39.63999938964844,40.13999938964844,39.61000061035156,38.72732925415039,5403800
2023-11-14,40.36000061035156,40.79999923706055,40.119998931884766,39.524024963378906,5731300
2023-11-15,42.33000183105469,43.09000015258789,42.310001373291016,41.58378219604492,5489600
2023-11-16,41.18000030517578,41.59000015258789,40.86000061035156,39.932090759277344,3167400
2023-11-17,40.84000015258789,41.08000183105469,40.7599983215332,39.786354064941406,3093100
2023-11-20,41.88999938964844,42.310001373291016,41.790000915527344,40.99111557006836,2792600
2023-11-21,41.63999938964844,41.68000030517578,41.220001220703125,40.1847038269043,1783600
2023-11-22,41.66999816894531,41.70000076293945,41.16999816894531,40.14583969116211,1827300
2023-11-24,41.02000045776367,41.70000076293945,41.02000045776367,40.47618103027344,1063700
2023-11-27,41.33000183105469,41.43000030517578,41.20000076293945,40.174983978271484,2628400
2023-11-28,41.099998474121094,41.27000045776367,40.880001068115234,40.087547302246094,2046000
2023-11-29,40.720001220703125,41,40.599998474121094,39.50459289550781,2447600
2023-11-30,41.689998626708984,41.93000030517578,41.36000061035156,40.43731689453125,2281400
2023-12-01,40.56999969482422,41.060001373291016,40.41999816894531,39.87379455566406,2123000
2023-12-04,40.68000030517578,40.97999954223633,40.52000045776367,39.53373718261719,2332200
2023-12-05,39.560001373291016,39.7400016784668,39.27000045776367,38.52330017089844,5369400
2023-12-06,39.779998779296875,40.04999923706055,39.619998931884766,38.55244445800781,1067600
2023-12-07,39.36000061035156,39.599998474121094,39.310001373291016,38.4261360168457,2156500
2023-12-08,39.08000183105469,39.13999938964844,38.86000061035156,37.81403732299805,2070700
2023-12-11,39.400001525878906,39.720001220703125,39.29999923706055,38.49414825439453,1539200
2023-12-12,39.66999816894531,39.81999969482422,39.439998626708984,38.63988494873047,1048100
2023-12-13,39.20000076293945,39.720001220703125,38.939998626708984,38.59130859375,1749700
2023-12-14,39.150001525878906,40.119998931884766,39.119998931884766,38.902217864990234,2691900
2023-12-15,40.2400016784668,40.459999084472656,39.97999954223633,38.941078186035156,2376400
2023-12-18,39.630001068115234,39.779998779296875,39.29999923706055,38.47471618652344,2032200
2023-12-19,40.15999984741211,40.540000915527344,40.099998474121094,39.2131233215332,2084700
2023-12-20,40.13999938964844,40.150001525878906,39.43000030517578,38.328975677490234,1369600
2023-12-21,39.95000076293945,40.5,39.900001525878906,39.30056381225586,1628800
2023-12-22,35.33000183105469,36.66999816894531,35.11000061035156,35.433658599853516,16675800
2023-12-26,37.52000045776367,38.11000061035156,37.459999084472656,36.65785598754883,8162200
2023-12-27,36.709999084472656,36.75,36.31999969482422,35.57939529418945,5344300
2023-12-28,37.25,37.630001068115234,37.20000076293945,36.33723449707031,4494400
2023-12-29,37.400001525878906,37.869998931884766,37.400001525878906,36.71615219116211,2173500
2024-01-02,37.59000015258789,37.720001220703125,37.36000061035156,36.33723449707031,2813700
2024-01-03,38.119998931884766,38.790000915527344,38.08000183105469,37.648868560791016,3182800
2024-01-04,38.040000915527344,38.119998931884766,37.7599983215332,36.745296478271484,3255600
2024-01-05,37.380001068115234,37.59000015258789,37.27000045776367,36.298370361328125,2920000
2024-01-08,36.79999923706055,37.290000915527344,36.650001525878906,36.201210021972656,3054400
2024-01-09,36.11000061035156,36.31999969482422,36.040000915527344,35.2296257019043,4345100
2024-01-10,35.88999938964844,35.959999084472656,35.689998626708984,34.81184768676758,3246200
2024-01-11,36.63999938964844,36.79999923706055,36.36000061035156,35.744564056396484,2746800
2024-01-12,36.880001068115234,37.349998474121094,36.869998931884766,35.88058853149414,1558600
2024-01-16,36.130001068115234,36.150001525878906,35.619998931884766,34.666107177734375,3424500
2024-01-17,35,35.29999923706055,34.900001525878906,34.238609313964844,3502600
2024-01-18,35.4900016784668,35.59000015258789,35.2400016784668,34.481510162353516,4062200
2024-01-19,34.709999084472656,35.40999984741211,34.459999084472656,34.2094612121582,5288200
2024-01-22,33.540000915527344,34.16999816894531,33.47999954223633,33.15043640136719,4511300
2024-01-23,35.40999984741211,36.31999969482422,35.400001525878906,34.99644470214844,6449000
2024-01-24,36.880001068115234,36.939998626708984,36.380001068115234,35.36565017700195,8089700
2024-01-25,37.060001373291016,37.34000015258789,36.720001220703125,35.9485969543457,5157100
2024-01-26,36.380001068115234,36.66999816894531,36.20000076293945,35.51138687133789,3940000
2024-01-29,36.099998474121094,36.099998474121094,35.380001068115234,34.70497512817383,4463000
2024-01-30,34.79999923706055,35.040000915527344,34.75,33.90827178955078,4044800
2024-01-31,34.599998474121094,35.20000076293945,34.5,33.8499755859375,3748800
2024-02-01,34.91999816894531,35,34.68000030517578,33.88883972167969,4963600
2024-02-02,35.349998474121094,35.41999816894531,35.09000015258789,34.28718948364258,4409100
2024-02-05,35.59000015258789,36.13999938964844,35.369998931884766,35.02559280395508,4001900
2024-02-06,36.970001220703125,37.75,36.83000183105469,36.67728805541992,3979100
2024-02-07,37.27000045776367,37.540000915527344,37.029998779296875,36.21092987060547,2330100
2024-02-08,36.61000061035156,36.7400016784668,36.209999084472656,35.200477600097656,3867900
2024-02-09,36.31999969482422,37.06999969482422,36.29999923706055,36.00689697265625,2060400
2024-02-12,37.04999923706055,37.97999954223633,37.0099983215332,36.42467498779297,2181600
2024-02-13,36.880001068115234,37.400001525878906,36.61000061035156,35.744564056396484,2569200
2024-02-14,36.9900016784668,37.279998779296875,36.880001068115234,36.18177795410156,2753600
2024-02-15,36.58000183105469,36.7400016784668,36.459999084472656,35.589111328125,2101000
2024-02-16,37.29999923706055,37.33000183105469,36.88999938964844,35.86115646362305,2314400
2024-02-20,36.290000915527344,36.369998931884766,33,34.96730041503906,3671500
2024-02-21,36.72999954223633,37.04999923706055,36.599998474121094,35.695987701416016,1974700
2024-02-22,37.040000915527344,37.13999938964844,36.70000076293945,35.89030456542969,3543900
2024-02-23,37.060001373291016,37.189998626708984,36.72999954223633,35.900020599365234,1665400
2024-02-26,36.630001068115234,36.84000015258789,36.5099983215332,35.4919548034668,2692700
2024-02-27,36.43000030517578,36.5099983215332,36.349998474121094,35.38507843017578,1958500
2024-02-28,35.4900016784668,35.4900016784668,34.91999816894531,33.986000061035156,3087100
2024-02-29,35.25,35.29999923706055,34.86000061035156,33.94713592529297,5149600
2024-03-01,35.150001525878906,35.43000030517578,35.029998779296875,34.26776123046875,2146400
2024-03-04,35.130001068115234,35.150001525878906,34.619998931884766,33.743106842041016,1631700
2024-03-05,34.29999923706055,34.34000015258789,34.02000045776367,33.09214401245117,3115200
2024-03-06,35.029998779296875,35.2400016784668,34.91999816894531,33.986000061035156,4304200
2024-03-07,34.560001373291016,34.720001220703125,34.470001220703125,33.64594650268555,1908100
2024-03-08,34.470001220703125,34.689998626708984,34.380001068115234,33.52935028076172,2277500
2024-03-11,35.4900016784668,35.91999816894531,35.439998626708984,34.59809875488281,2476100
2024-03-12,36.91999816894531,37,36.70000076293945,35.92916488647461,2302100
2024-03-13,37,37.5099983215332,36.97999954223633,35.987464904785156,3836400
2024-03-14,36.81999969482422,36.869998931884766,36.400001525878906,35.52110290527344,2377000
2024-03-15,36.209999084472656,36.349998474121094,36.08000183105469,35.113040924072266,1071700
2024-03-18,36.93000030517578,37.04999923706055,36.75,35.802860260009766,2485900
2024-03-19,36.56999969482422,36.619998931884766,36.2400016784668,35.530818939208984,1842700
2024-03-20,37.09000015258789,37.45000076293945,36.91999816894531,36.15262985229492,2529900
2024-03-21,37.04999923706055,37.09000015258789,36.7400016784668,35.79314422607422,3420800
2024-03-22,36.869998931884766,37,36.63999938964844,35.86115646362305,2444400
2024-03-25,36.84000015258789,37,36.7599983215332,35.900020599365234,1818400
2024-03-26,38.11000061035156,38.29999923706055,38,36.9687614440918,1871100
2024-03-27,38.56999969482422,38.91999816894531,38.4900016784668,37.804325103759766,3088800
2024-03-28,38.849998474121094,39.130001068115234,38.7599983215332,37.92091369628906,1469500
2024-04-01,39.31999969482422,39.54999923706055,39.189998626708984,38.309547424316406,2339800
2024-04-02,39.400001525878906,39.66999816894531,39.33000183105469,38.328975677490234,1241800
2024-04-03,39.43000030517578,39.560001373291016,39.290000915527344,38.35812759399414,1239600
2024-04-04,39.779998779296875,39.83000183105469,39.279998779296875,38.280399322509766,1315800
2024-04-05,39.400001525878906,39.779998779296875,39.33000183105469,38.299827575683594,2597100
2024-04-08,39.16999816894531,39.88999938964844,39.130001068115234,38.40670394897461,2806900
2024-04-09,39.040000915527344,39.15999984741211,38.93000030517578,37.97920608520508,1755800
2024-04-10,39.41999816894531,39.599998474121094,39.189998626708984,38.22210693359375,2154800
2024-04-11,40.04999923706055,40.099998474121094,39.65999984741211,38.746761322021484,2922700
2024-04-12,39.099998474121094,39.29999923706055,38.619998931884766,37.60029220581055,3522400
2024-04-15,38.7599983215332,38.869998931884766,38.36000061035156,37.3768310546875,2526500
2024-04-16,38.369998931884766,38.560001373291016,38.27000045776367,37.28938293457031,2418000
2024-04-17,38.470001220703125,38.58000183105469,38.13999938964844,37.12421417236328,1850100
2024-04-18,38.97999954223633,39.060001373291016,38.70000076293945,37.83346939086914,3833600
2024-04-19,38.900001525878906,39.099998474121094,38.84000015258789,37.87233352661133,3189800
2024-04-22,40.66999816894531,41.119998931884766,40.63999938964844,39.85436248779297,3885000
2024-04-23,42.2400016784668,42.56999969482422,42.15999984741211,41.27287673950195,4314300
2024-04-24,43.59000015258789,43.86000061035156,43.5,42.603946685791016,4274900
2024-04-25,43.0099983215332,43.529998779296875,42.90999984741211,42.205596923828125,1733500
2024-04-26,44.400001525878906,44.75,44.29999923706055,43.12860107421875,3161500
2024-04-29,44.27000045776367,44.439998626708984,44.11000061035156,43.14803695678711,2602200
2024-04-30,44.34000015258789,44.349998474121094,43.7400016784668,42.50679016113281,2803600
2024-05-01,43.849998474121094,44.38999938964844,43.650001525878906,42.86627197265625,1687400
2024-05-02,45.900001525878906,47.47999954223633,45.880001068115234,45.81017303466797,4724500
2024-05-03,47,47.20000076293945,46.7599983215332,45.80045700073242,2915700
2024-05-06,47.400001525878906,47.689998626708984,47.2599983215332,46.06278610229492,1366300
2024-05-07,46.720001220703125,46.88999938964844,46.61000061035156,45.470115661621094,1872500
2024-05-08,46,46.310001373291016,45.90999984741211,44.94546127319336,1986300
2024-05-09,47.5,47.75,47.33000183105469,46.27653503417969,2586000
2024-05-10,47.54999923706055,47.720001220703125,47.33000183105469,46.20852279663086,2026700
2024-05-13,48.5,49.33000183105469,48.43000030517578,47.8116340637207,5809800
2024-05-14,50.790000915527344,52.099998474121094,50.77000045776367,50.0462760925293,7031500
2024-05-15,51.65999984741211,51.779998779296875,51,50.14344024658203,3138300
2024-05-16,51,51.720001220703125,50.79999923706055,50.20173263549805,3868600
2024-05-17,50.790000915527344,51.31999969482422,50.599998474121094,50.048885345458984,3195100
2024-05-20,50.70000076293945,50.72999954223633,50.20000076293945,49.26502990722656,1902600
2024-05-21,49.189998626708984,49.34000015258789,49.029998779296875,48.18723678588867,2551100
2024-05-22,48.959999084472656,49.2599983215332,48.68000030517578,47.76591491699219,2308100
2024-05-23,48.81999969482422,49.220001220703125,48.20000076293945,47.32500076293945,2926500
2024-05-24,48.27000045776367,48.63999938964844,48.16999816894531,47.481773376464844,1820700
2024-05-28,48.650001525878906,48.75,48.2599983215332,47.35439682006836,2725400
2024-05-29,47.220001220703125,47.470001220703125,47.20000076293945,46.443172454833984,1666100
2024-05-30,47.2400016784668,47.7599983215332,47.06999969482422,46.7175178527832,900700
2024-05-31,46.2400016784668,46.58000183105469,46.04999923706055,45.59073257446289,3015600
2024-06-03,47.90999984741211,48.029998779296875,47.31999969482422,46.599937438964844,1703400
2024-06-04,48.150001525878906,48.38999938964844,47.91999816894531,47.20742416381836,1915600
2024-06-05,48.58000183105469,49.060001373291016,48.54999923706055,48.05986022949219,2187400
2024-06-06,49,49.099998474121094,48.720001220703125,48.01087188720703,1004800
2024-06-07,47.599998474121094,47.849998474121094,47.22999954223633,46.35498809814453,1926900
2024-06-10,47.349998474121094,47.7599983215332,47.18000030517578,46.678321838378906,991900
2024-06-11,48.02000045776367,48.02000045776367,47.20000076293945,46.501956939697266,1145900
2024-06-12,47.779998779296875,48.099998474121094,47.5,46.648929595947266,1787400
2024-06-13,48.459999084472656,48.68000030517578,48.11000061035156,47.285804748535156,2762900
2024-06-14,48.369998931884766,48.5,47.939998626708984,47.1584358215332,2384700
2024-06-17,48.7599983215332,49.02000045776367,48.43000030517578,47.9324836730957,2141000
2024-06-18,48.31999969482422,48.7400016784668,48.27000045776367,47.726722717285156,1863600
2024-06-20,49.5,49.5099983215332,49.099998474121094,48.275421142578125,1966800
2024-06-21,48.7599983215332,48.959999084472656,48.689998626708984,47.73652267456055,1377700
2024-06-24,48.720001220703125,49.349998474121094,48.650001525878906,47.96187973022461,1098000
2024-06-25,48.5,48.77000045776367,48.33000183105469,47.56995391845703,1374600
2024-06-26,48.5,48.650001525878906,48.2400016784668,47.44257354736328,1210300
2024-06-27,48,48.060001373291016,47.45000076293945,46.59013748168945,1665000
2024-06-28,47.5,47.720001220703125,47.2599983215332,46.40397644042969,2130400
2024-07-01,47.41999816894531,47.869998931884766,47.41999816894531,46.501956939697266,1744800
2024-07-02,47.20000076293945,47.4900016784668,47.09000015258789,46.443172454833984,1441500
2024-07-03,48.33000183105469,48.88999938964844,48.33000183105469,47.7855110168457,2693200
2024-07-05,48.22999954223633,48.47999954223633,48.040000915527344,47.46217346191406,1440600
2024-07-08,48.400001525878906,48.5,48.16999816894531,47.364192962646484,1196700
2024-07-09,48.5,49.06999969482422,48.40999984741211,48.0794563293457,3504700
2024-07-10,48.40999984741211,48.66999816894531,48.34000015258789,47.658138275146484,1987500
2024-07-11,49.33000183105469,49.689998626708984,49.27000045776367,48.50077819824219,3067800
2024-07-12,50.61000061035156,51.02000045776367,50.400001525878906,49.431602478027344,2678500
2024-07-15,49.77000045776367,49.97999954223633,49.369998931884766,48.42238998413086,1878600
2024-07-16,48.15999984741211,48.56999969482422,48.0099983215332,47.550357818603516,2335800
2024-07-17,47.5,47.630001068115234,47.06999969482422,46.22760772705078,2692100
2024-07-18,47.09000015258789,47.25,46.54999923706055,45.68871307373047,3936000
2024-07-19,46.630001068115234,46.7599983215332,46.54999923706055,45.71810531616211,1803100
2024-07-22,47.869998931884766,48.2599983215332,47.869998931884766,47.227020263671875,1843400
2024-07-23,47.04999923706055,47.11000061035156,46.709999084472656,46.031646728515625,2134700
2024-07-24,46.5,46.79999923706055,46.20000076293945,45.34577560424805,1451600
2024-07-25,45,45.349998474121094,44.97999954223633,44.16020202636719,2161900
2024-07-26,45.34000015258789,45.77000045776367,45.189998626708984,44.64031219482422,1347100
2024-07-29,45.66999816894531,45.720001220703125,45.470001220703125,44.689300537109375,1143000
2024-07-30,45.150001525878906,45.34000015258789,45.029998779296875,44.1797981262207,2459100
2024-07-31,46.400001525878906,46.599998474121094,46.0099983215332,45.120418548583984,2223000
2024-08-01,46.7400016784668,46.83000183105469,46.11000061035156,45.25759506225586,2636900
2024-08-02,45.65999984741211,45.970001220703125,45.52000045776367,44.88526916503906,2222400
2024-08-05,44.97999954223633,45.880001068115234,44.959999084472656,44.7382926940918,3440700
2024-08-06,45.380001068115234,45.65999984741211,45.04999923706055,44.503135681152344,1899200
2024-08-07,46.619998931884766,46.77000045776367,46.060001373291016,45.237998962402344,1316700
2024-08-08,47.16999816894531,48,47.16999816894531,46.795902252197266,2524800
2024-08-09,47.41999816894531,47.58000183105469,47.150001525878906,46.59013748168945,1576900
2024-08-12,48.290000915527344,48.900001525878906,47.91999816894531,47.56995391845703,2568700
2024-08-13,48.810001373291016,49.029998779296875,48.54999923706055,47.991275787353516,2167400
2024-08-14,48.72999954223633,48.72999954223633,46.11000061035156,46.38438034057617,5787800
2024-08-15,47.33000183105469,47.900001525878906,47.20000076293945,46.65872573852539,3478000
2024-08-16,47.63999938964844,48.189998626708984,47.630001068115234,47.14863586425781,2018700
2024-08-19,47.90999984741211,48.18000030517578,47.77000045776367,47.03105545043945,2660200
2024-08-20,47.630001068115234,47.7599983215332,46.93000030517578,46.070838928222656,1925300
2024-08-21,47.790000915527344,48.04999923706055,47.630001068115234,47.02125930786133,1724700
2024-08-22,48.16999816894531,48.41999816894531,47.08000183105469,47.01145935058594,1905800
2024-08-23,47.880001068115234,48.599998474121094,47.86000061035156,47.393585205078125,1704400
2024-08-26,48.45000076293945,48.68000030517578,48.290000915527344,47.550357818603516,2288300
2024-08-27,48.79999923706055,48.849998474121094,48.650001525878906,47.76591491699219,1495400
2024-08-28,47.72999954223633,47.95000076293945,47.54999923706055,46.81549835205078,2468000
2024-08-29,48.27000045776367,48.369998931884766,48.209999084472656,47.27600860595703,1137600
2024-08-30,48.72999954223633,49,48.2400016784668,47.53076171875,1305600
2024-09-03,48.2400016784668,48.33000183105469,48.08000183105469,47.16823196411133,1775400
2024-09-04,47.779998779296875,48.099998474121094,47.779998779296875,46.893882751464844,1416100
2024-09-05,47.779998779296875,48.04999923706055,47.75,46.85469055175781,1301200
2024-09-06,47.75,47.84000015258789,47.150001525878906,46.2472038269043,1253100
2024-09-09,47.29999923706055,47.86000061035156,47.29999923706055,46.56074523925781,1072900
2024-09-10,47.0099983215332,47.15999984741211,46.70000076293945,46.0218505859375,1320600
2024-09-11,47.34000015258789,47.779998779296875,47.13999938964844,46.66852569580078,1603700
2024-09-12,47.630001068115234,47.689998626708984,47.380001068115234,46.59013748168945,1278200
2024-09-13,47.779998779296875,47.97999954223633,47.720001220703125,46.85469055175781,1131100
2024-09-16,48.189998626708984,48.400001525878906,48.189998626708984,47.27600860595703,1155600
2024-09-17,48.68000030517578,48.84000015258789,48.5099983215332,47.53076171875,942300
2024-09-18,48.5,48.79999923706055,48.33000183105469,47.42298126220703,1243300
2024-09-19,49.720001220703125,50.220001220703125,49.56999969482422,49.05927276611328,2438700
2024-09-20,49.9900016784668,49.9900016784668,49.41999816894531,48.47138214111328,1577900
2024-09-23,49.65999984741211,50.400001525878906,49.65999984741211,49.11806106567383,1541100
2024-09-24,52.220001220703125,53.880001068115234,52.119998931884766,52.55720520019531,6837500
2024-09-25,52.54999923706055,52.939998626708984,52.33000183105469,51.34223937988281,3562500
2024-09-26,56.400001525878906,57.29999923706055,55.939998626708984,56.113929748535156,9591200
2024-09-27,56.54999923706055,57.25,56.06999969482422,55.888572692871094,6504400
2024-09-30,57.36000061035156,57.36000061035156,55.2400016784668,54.28167724609375,7334000
2024-10-01,56.099998474121094,57.29999923706055,55.4900016784668,56.07473373413086,5536800
2024-10-02,60.04999923706055,60.72999954223633,59.220001220703125,59.43549728393555,5550000
2024-10-03,59.029998779296875,60.04999923706055,58.91999816894531,58.23032760620117,3015000
2024-10-04,60.790000915527344,60.95000076293945,60.15999984741211,59.543277740478516,4627200
2024-10-07,61.43000030517578,62.56999969482422,60.939998626708984,61.09138488769531,4517300
2024-10-08,57.43000030517578,57.91999816894531,56.119998931884766,56.182518005371094,6079800
2024-10-09,55.849998474121094,56.93000030517578,55.77000045776367,55.41826248168945,4742200
2024-10-10,56.279998779296875,56.70000076293945,55.56999969482422,55.016536712646484,3136100
2024-10-11,55.61000061035156,56.91999816894531,55.400001525878906,55.55543518066406,3036600
2024-10-14,56.13999938964844,56.90999984741211,55.619998931884766,54.73239517211914,1888500
2024-10-15,54,54.06999969482422,52.84000015258789,52.04770278930664,4515400
2024-10-16,53.5,54.11000061035156,53.45000076293945,52.674781799316406,2042800
2024-10-17,53.04999923706055,53.130001068115234,52.400001525878906,51.675376892089844,1713400
2024-10-18,55.439998626708984,55.439998626708984,55.0099983215332,53.92894744873047,2046300
2024-10-21,54,54.29999923706055,53.70000076293945,53.04711151123047,1114200
2024-10-22,54.16999816894531,54.75,54.09000015258789,53.43903732299805,2137700
2024-10-23,54.849998474121094,55,54.40999984741211,53.31166076660156,1446800
2024-10-24,54.220001220703125,54.36000061035156,53.779998779296875,53.11569595336914,1616800
2024-10-25,54.20000076293945,54.59000015258789,54.040000915527344,52.958927154541016,1604700
2024-10-28,53.65999984741211,54.25,53.529998779296875,52.98832702636719,2068500
2024-10-29,54.25,54.25,53.59000015258789,52.52781295776367,2512900
2024-10-30,52.790000915527344,53.18000030517578,52.599998474121094,51.83214569091797,1638000
2024-10-31,52.349998474121094,52.40999984741211,51.959999084472656,51.156070709228516,1961900
2024-11-01,53.95000076293945,54.119998931884766,53.5099983215332,52.51801300048828,1739500
2024-11-04,53.79999923706055,54.22999954223633,53.630001068115234,52.58659744262695,1514700
2024-11-05,54.54999923706055,54.93000030517578,54.5099983215332,53.811363220214844,1958800
2024-11-06,53.439998626708984,53.97999954223633,53.04999923706055,52.60619354248047,2526800
2024-11-07,55.220001220703125,56.349998474121094,55.20000076293945,54.93815231323242,2849300
2024-11-08,53.90999984741211,53.90999984741211,52.86000061035156,52.0966911315918,2593000
2024-11-11,52.95000076293945,52.95000076293945,52.40999984741211,51.44021987915039,2274100
2024-11-12,51.79999923706055,51.83000183105469,50.790000915527344,50.00968933105469,2982700
2024-11-13,51.90999984741211,51.93000030517578,49.970001220703125,49.11806106567383,3511100
2024-11-14,51.650001525878906,51.900001525878906,51.560001373291016,50.6171760559082,3337400
2024-11-15,51.41999816894531,51.83000183105469,51.119998931884766,50.60737991333008,2717100
2024-11-18,52,52.2599983215332,51.720001220703125,51.156070709228516,1383700
2024-11-19,51.939998626708984,51.97999954223633,51.560001373291016,50.81313705444336,849900
2024-11-20,52.54999923706055,52.70000076293945,52.099998474121094,51.35203552246094,2853400
2024-11-21,52.2400016784668,52.31999969482422,52.02000045776367,51.14627456665039,1921200
2024-11-22,51.470001220703125,51.470001220703125,51.130001068115234,50.16646194458008,2064600
2024-11-25,50.599998474121094,50.86000061035156,50.5099983215332,49.65695571899414,2295700
2024-11-26,50.68000030517578,50.970001220703125,50.25,49.3728141784668,1524200
2024-11-27,51.54999923706055,51.790000915527344,51.29999923706055,50.43101119995117,1763900
2024-11-29,51.25,51.72999954223633,50.91999816894531,50.55838394165039,1153200
2024-12-02,51.650001525878906,51.689998626708984,51.29999923706055,50.509395599365234,1601500
2024-12-03,51.70000076293945,52.02000045776367,51.61000061035156,50.656368255615234,1392800
2024-12-04,51.95000076293945,52.040000915527344,51.189998626708984,50.264442443847656,1336700
2024-12-05,51.97999954223633,52.29999923706055,51.97999954223633,51.06788635253906,1560000
2024-12-06,52.849998474121094,53.06999969482422,52.650001525878906,51.626380920410156,1204400
2024-12-09,54.86000061035156,55.84000015258789,54.86000061035156,54.18369674682617,4561100
2024-12-10,52.959999084472656,53.15999984741211,52.83000183105469,51.9791145324707,2411800
2024-12-11,52.650001525878906,52.790000915527344,52.5099983215332,51.71456527709961,1926500
2024-12-12,52.779998779296875,53.189998626708984,52.61000061035156,51.920326232910156,1118000
2024-12-13,52.75,52.79999923706055,52.47999954223633,51.577388763427734,1219600
2024-12-16,51.90999984741211,52.18000030517578,51.72999954223633,50.75434875488281,1552600
2024-12-17,51.81999969482422,52.29999923706055,51.72999954223633,51.21485900878906,1376400
2024-12-18,52.34000015258789,52.349998474121094,51.349998474121094,50.47999954223633,1915200
2024-12-19,53.31999969482422,53.38999938964844,53.029998779296875,52.00851058959961,2931800
2024-12-20,54.61000061035156,54.97999954223633,54.45000076293945,53.57621383666992,4376900
2024-12-23,53.77000045776367,54.279998779296875,53.650001525878906,53.07650375366211,2308200
2024-12-24,54.099998474121094,54.099998474121094,53.95000076293945,52.88054656982422,545300
2024-12-26,54.22999954223633,54.439998626708984,53.849998474121094,53.01771926879883,725100
2024-12-27,53.79999923706055,53.880001068115234,53.380001068115234,52.51801300048828,1366300
2024-12-30,53.75,53.75,53.150001525878906,52.15548324584961,2182000
2024-12-31,53.119998931884766,53.349998474121094,53.040000915527344,52.10649108886719,1196700
2025-01-02,53,53.54999923706055,53,52.135887145996094,2106000
2025-01-03,53.209999084472656,53.400001525878906,52.939998626708984,52.0966911315918,1647600
2025-01-06,53.130001068115234,53.25,47.939998626708984,48.020668029785156,23441400
2025-01-07,49.20000076293945,49.2400016784668,47.90999984741211,47.13883972167969,9127400
2025-01-08,47.43000030517578,47.75,47.11000061035156,46.70771408081055,3195200
2025-01-10,47.279998779296875,47.400001525878906,46.81999969482422,45.89447021484375,3575300
2025-01-13,46.88999938964844,47.119998931884766,46.7599983215332,46.002254486083984,2698600
2025-01-14,48.099998474121094,48.13999938964844,47.650001525878906,46.72731399536133,3595200
2025-01-15,48.86000061035156,48.900001525878906,48.630001068115234,47.86389923095703,3439200
2025-01-16,49,49,48.54999923706055,47.7855110168457,3631800
2025-01-17,48.70000076293945,49.84000015258789,48.599998474121094,48.34400939941406,4331600
2025-01-21,49.630001068115234,49.720001220703125,49.060001373291016,48.236228942871094,2430000
2025-01-22,49.06999969482422,49.34000015258789,48.959999084472656,48.25582504272461,1505700
2025-01-23,48.79999923706055,49.27000045776367,48.70000076293945,48.246028900146484,3181000
2025-01-24,49.959999084472656,50.95000076293945,49.95000076293945,49.333614349365234,3592800
2025-01-27,50.779998779296875,51.43000030517578,50.77000045776367,50.078277587890625,4918600
2025-01-28,51.54999923706055,52.599998474121094,51.279998779296875,51.5381965637207,3467800
2025-01-29,52.619998931884766,53.150001525878906,52.20000076293945,51.577388763427734,5553000
2025-01-30,52.5,54.5,52.400001525878906,53.331260681152344,4768400
2025-01-31,54.439998626708984,54.439998626708984,52.88999938964844,51.94972229003906,4563100
2025-02-03,51.79999923706055,52.97999954223633,51.61000061035156,51.37163162231445,2966400
2025-02-04,53.79999923706055,54.79999923706055,53.79999923706055,53.35085678100586,4018400
2025-02-05,53.720001220703125,53.95000076293945,53.56999969482422,52.54740905761719,1788000
2025-02-06,54.0099983215332,54.20000076293945,53.900001525878906,52.90993881225586,3392200
2025-02-07,54.869998931884766,55.709999084472656,54.86000061035156,53.85055923461914,4292100
2025-02-10,56,56.5,55.939998626708984,55.35947036743164,4765000
2025-02-11,55.20000076293945,55.7599983215332,54.849998474121094,54.21309280395508,4269900
2025-02-12,56.400001525878906,57.7400016784668,56.369998931884766,56.30989456176758,3350100
2025-02-13,56.869998931884766,57.810001373291016,56.5099983215332,56.6136360168457,5410400
2025-02-14,61.099998474121094,61.75,60.400001525878906,60.287933349609375,9022200
2025-02-18,64.88999938964844,64.9000015258789,63.900001525878906,63.148990631103516,8847800
2025-02-19,63.849998474121094,63.849998474121094,63.25,61.99281311035156,4947500
2025-02-20,64.5999984741211,66.2699966430664,64.54000091552734,63.883846282958984,7830100
2025-02-21,66.55999755859375,67.5999984741211,66.19999694824219,65.36336517333984,6712400
2025-02-24,63.75,63.75,61.34000015258789,60.39571762084961,9964600
2025-02-25,62.25,62.66999816894531,61.95000076293945,61.11098098754883,3388900
2025-02-26,64.30000305175781,64.38999938964844,63.709999084472656,62.649288177490234,4780900
2025-02-27,63.470001220703125,64,63.02000045776367,61.99281311035156,2783200
2025-02-28,61.31999969482422,61.939998626708984,61.08000183105469,60.3663215637207,3025700
2025-03-03,62.34000015258789,62.54999923706055,60.959999084472656,59.84701919555664,3124000
2025-03-04,62.560001373291016,64.06999969482422,62.290000915527344,62.12018966674805,4619800
2025-03-05,65.3499984741211,67.69999694824219,64.98999786376953,66.18641662597656,7491600
2025-03-06,69.3499984741211,69.98999786376953,68.73999786376953,67.55815124511719,5461900
2025-03-07,68.1500015258789,68.87000274658203,67.62000274658203,66.84288787841797,4737600
2025-03-10,66.30000305175781,66.44999694824219,64.94000244140625,64.1288070678711,9445700
2025-03-11,66.5199966430664,67.7699966430664,66.08000183105469,65.64752197265625,6675400
2025-03-12,66.37999725341797,66.52999877929688,65.37000274658203,64.99104309082031,5461700
2025-03-13,65.4000015258789,66.72000122070312,65.06999969482422,64.98124694824219,5112100
2025-03-14,68.0999984741211,68.4800033569336,67.62999725341797,66.67632293701172,6490800
2025-03-17,68.43000030517578,70,68.06999969482422,68.38119506835938,7001200
2025-03-18,70.12000274658203,70.12999725341797,68.91999816894531,68.08724975585938,7386800
2025-03-19,71.6500015258789,71.81999969482422,69.20999908447266,68.18522644042969,6520800
2025-03-20,66.29000091552734,66.62000274658203,65.66000366210938,64.80487823486328,4220300
2025-03-21,65.47000122070312,66.37999725341797,65.11000061035156,64.39335632324219,3549300
2025-03-24,65.83999633789062,65.9800033569336,65.19999694824219,64.03082275390625,2027300
2025-03-25,64.7699966430664,65.55000305175781,64.68000030517578,63.521324157714844,2700000
2025-03-26,65,65.48999786376953,64.66999816894531,63.638893127441406,2640800
2025-03-27,65.44999694824219,66.81999969482422,65.0199966430664,65.14781188964844,5266700
2025-03-28,65.51000213623047,65.69999694824219,64.52999877929688,63.73687744140625,2945300
2025-03-31,63.5,64.05000305175781,63.119998931884766,62.55130386352539,4865500
2025-04-01,64.76000213623047,64.88999938964844,64,63.276371002197266,2258000
2025-04-02,64.16000366210938,64.93000030517578,63.900001525878906,62.72766876220703,1278900
2025-04-03,63.0099983215332,64.58999633789062,63.0099983215332,62.962825775146484,4297900
2025-04-04,60.0099983215332,60.70000076293945,58.099998474121094,58.70063781738281,13776400
2025-04-07,55.77000045776367,58.58000183105469,53.93000030517578,54.154300689697266,13330500
2025-04-08,57.09000015258789,57.34000015258789,53.380001068115234,52.900142669677734,10180900
2025-04-09,54.619998931884766,56.29999923706055,52.29999923706055,55.11452102661133,15323900
2025-04-10,56.58000183105469,56.9900016784668,55.16999816894531,54.9283561706543,7521100
2025-04-11,55.349998474121094,57.68000030517578,55.060001373291016,56.24130630493164,8147900
2025-04-14,58,59.70000076293945,57.900001525878906,57.85799789428711,5242300
2025-04-15,58.56999969482422,59.189998626708984,58.45000076293945,57.60324478149414,2092900
2025-04-16,57.68000030517578,58.43000030517578,57.529998779296875,56.63323211669922,3216600
2025-04-17,58.599998474121094,58.880001068115234,57.97999954223633,56.829193115234375,1344800
2025-04-21,58.349998474121094,58.689998626708984,57.310001373291016,56.84878921508789,1864800
2025-04-22,59,60.34000015258789,58.90999984741211,58.886802673339844,3008500
2025-04-23,61.220001220703125,62.16999816894531,61.130001068115234,60.1899528503418,4387000
2025-04-24,60.95000076293945,61.63999938964844,60.95000076293945,60.013587951660156,1722700
2025-04-25,61.5,62.310001373291016,61.29999923706055,60.72885513305664,1832300
2025-04-28,62.16999816894531,62.220001220703125,61.5,60.53288650512695,814400
2025-04-29,61,61.20000076293945,60.810001373291016,59.69024658203125,983600
2025-04-30,61.25,61.25,60.540000915527344,59.827423095703125,2025900
2025-05-01,61.11000061035156,61.689998626708984,60.939998626708984,60.121368408203125,2441800
2025-05-02,63.5,64.18000030517578,63.119998931884766,62.659088134765625,4218400
2025-05-05,63.16999816894531,63.880001068115234,63.029998779296875,62.355342864990234,805100
2025-05-06,63.970001220703125,65.19000244140625,63.939998626708984,63.580108642578125,2598300
2025-05-07,63.4900016784668,63.59000015258789,62.290000915527344,61.22855758666992,2573800
2025-05-08,63.9900016784668,64.66999816894531,63.61000061035156,63.09020233154297,2274600
2025-05-09,64.04000091552734,64.1500015258789,63.25,62.00260925292969,1995800
2025-05-12,66.16000366210938,66.51000213623047,65.87999725341797,64.88326263427734,3880800
2025-05-13,65.3499984741211,66.11000061035156,65.1500015258789,64.28557586669922,2367700
2025-05-14,67.44999694824219,68.52999877929688,66.6500015258789,66.50975036621094,5539100
2025-05-15,66.72000122070312,66.72000122070312,65.80000305175781,64.82447814941406,3261600
2025-05-16,65.5,65.75,65.02999877929688,64.14840698242188,1563600
2025-05-19,65.30999755859375,66,65.12999725341797,65.22879028320312,1141600
2025-05-20,66.16999816894531,66.48999786376953,65.7699966430664,65.63406372070312,1572300
2025-05-21,66.75,67.13999938964844,65.94999694824219,65.4264907836914,3232500
2025-05-22,66.18000030517578,66.18000030517578,65.26000213623047,64.61595153808594,2720800
2025-05-23,64.97000122070312,65.9000015258789,64.97000122070312,65.00144958496094,1432200
2025-05-27,65.3499984741211,65.5,65.06999969482422,64.52698516845703,1457600
2025-05-28,64.52999877929688,64.55000305175781,63.7400016784668,63.11347961425781,1740200
2025-05-29,64.87999725341797,64.87999725341797,64.0999984741211,63.50886535644531,1714800
2025-05-30,63.279998779296875,63.540000915527344,62.13999938964844,62.05582046508789,2661600
2025-06-02,63.400001525878906,64.27999877929688,63.310001373291016,63.45943832397461,2481000
2025-06-03,64.5,64.63999938964844,64.05999755859375,63.51875305175781,1707400
2025-06-04,65.79000091552734,65.94000244140625,65.25,64.97179412841797,1641300
2025-06-05,65.62999725341797,66.1500015258789,65.43000030517578,65.00144958496094,1275500
2025-06-06,65.73999786376953,66.08000183105469,65.05999755859375,65.2584457397461,1565700
2025-06-09,65.72000122070312,66.2699966430664,65.61000061035156,65.36717987060547,1801300
2025-06-10,65.4000015258789,65.83000183105469,65.02999877929688,64.97179412841797,2593900
2025-06-11,65.95999908447266,66.2300033569336,65.44000244140625,64.91248321533203,1219500
2025-06-12,65.05000305175781,65.72000122070312,65.0199966430664,64.89271545410156,2475600
2025-06-13,65.02999877929688,65.22000122070312,64.4000015258789,64.0624008178711,1802600
2025-06-16,65.1500015258789,65.4800033569336,64.80999755859375,64.131591796875,3176800
2025-06-17,65.19999694824219,65.45999908447266,65.11000061035156,64.36883544921875,1158100
2025-06-18,64.69999694824219,64.91999816894531,64.36000061035156,63.87459945678711,1921100
2025-06-20,64.80000305175781,64.80000305175781,63.84000015258789,63.261749267578125,1635600
2025-06-23,64.13999938964844,64.51000213623047,63.61000061035156,63.74609375,2178600
2025-06-24,64.63999938964844,65.94999694824219,64.58000183105469,65.00144958496094,3600400
2025-06-25,65.5999984741211,65.80000305175781,64.8499984741211,64.30951690673828,2252200
2025-06-26,65,65.86000061035156,64.75,64.44790649414062,1456900
2025-06-27,65.37999725341797,65.45999908447266,64.93000030517578,64.26010131835938,1194100
2025-06-30,64.3499984741211,64.51000213623047,63.81999969482422,63.7559814453125,1617900
2025-07-01,64.20999908447266,64.68000030517578,64.20999908447266,63.7559814453125,646900
2025-07-02,63.81999969482422,63.81999969482422,63.349998474121094,63.05417251586914,1412300
2025-07-03,63.4900016784668,63.83000183105469,63.380001068115234,62.836708068847656,846900
2025-07-07,63.650001525878906,64.23999786376953,63.630001068115234,63.093711853027344,1296800
2025-07-08,64.22000122070312,64.4800033569336,63.900001525878906,63.24197769165039,706200
2025-07-09,63.349998474121094,63.68000030517578,63.150001525878906,62.73786544799805,1411200
2025-07-10,63.45000076293945,63.45000076293945,62.709999084472656,62.461090087890625,1449400
2025-07-11,63.189998626708984,63.4900016784668,63.0099983215332,62.39189910888672,1114600
2025-07-14,63.279998779296875,63.720001220703125,63.279998779296875,62.9256706237793,1035900
2025-07-15,65.91999816894531,66.02999877929688,65.36000061035156,65.23867797851562,2796600
2025-07-16,66,66.3499984741211,65.41000366210938,65.49568176269531,2985700
2025-07-17,65.80000305175781,66.5,65.68000030517578,65.50556182861328,1187300
2025-07-18,66.26000213623047,66.73999786376953,65.80000305175781,65.2683334350586,3021000
2025-07-21,66.05999755859375,67.0199966430664,66.05999755859375,65.87129211425781,2252000
2025-07-22,67.02999877929688,67.80000305175781,66.8499984741211,66.90918731689453,2299800
2025-07-23,70.19999694824219,70.63999938964844,69.91999816894531,69.53849792480469,3042500
2025-07-24,70.69999694824219,70.94000244140625,70.23999786376953,69.58792877197266,1418000
2025-07-25,70.30000305175781,70.44000244140625,69.61000061035156,69.3704605102539,1007100
2025-07-28,70.31999969482422,70.5199966430664,69.95999908447266,69.2913818359375,1125800
2025-07-29,70.27999877929688,70.70999908447266,70.11000061035156,69.32103729248047,1466000
2025-07-30,69.52999877929688,69.87000274658203,69.16999816894531,68.63899993896484,1356900
2025-07-31,69.69999694824219,70.31999969482422,69.69999694824219,69.26173400878906,1470500
2025-08-01,67.9800033569336,68.05999755859375,67.36000061035156,67.12664794921875,1763700
2025-08-04,70.11000061035156,70.48999786376953,70.04000091552734,69.40011596679688,1803400
2025-08-05,70.9000015258789,71.6500015258789,70.8499984741211,70.68511962890625,1676600
2025-08-06,72.41000366210938,73.33000183105469,72.3499984741211,72.43470001220703,2997900
2025-08-07,72.38999938964844,72.38999938964844,71.80000305175781,71.12004089355469,1333900
2025-08-08,71.4000015258789,71.87999725341797,71.31999969482422,70.85315704345703,1413000
2025-08-11,71.5,71.5999984741211,70.91999816894531,70.33916473388672,2576000
2025-08-12,71.3499984741211,72.0199966430664,71.2300033569336,70.9421157836914,1845500
2025-08-13,75.30000305175781,77.19999694824219,74,76.19087219238281,4511200
2025-08-14,75.29000091552734,75.3499984741211,74.37999725341797,73.92728424072266,2245100
2025-08-15,75.69000244140625,75.9800033569336,75.36000061035156,74.73782348632812,900200
2025-08-18,75.33999633789062,75.5199966430664,75.0199966430664,74.15462493896484,1376800
2025-08-19,76,76.16999816894531,75.3499984741211,74.61920928955078,1122400
2025-08-20,75.5,75.87000274658203,75.06999969482422,74.8465576171875,1878700
2025-08-21,75.73999786376953,76.4800033569336,75.73999786376953,75.57801818847656,1090600
2025-08-22,76.83999633789062,78.19999694824219,76.77999877929688,76.98163604736328,1420600
2025-08-25,78.66000366210938,78.73999786376953,78.11000061035156,77.24852752685547,1794900
2025-08-26,78.69999694824219,78.9800033569336,78.19999694824219,77.39679718017578,1317700
2025-08-27,76.38999938964844,76.4000015258789,75.8499984741211,75.25182342529297,1674900
2025-08-28,76.4800033569336,77.19000244140625,76.26000213623047,76.01294708251953,1663200
2025-08-29,76.86000061035156,77.8499984741211,76.63999938964844,76.69498443603516,2052700
2025-09-02,76.38999938964844,77.31999969482422,75.94999694824219,76.38855743408203,3006000
2025-09-03,76.5999984741211,77.33000183105469,76.5999984741211,76.19087219238281,1441700
2025-09-04,76.18000030517578,76.19999694824219,75.5999984741211,75.32101440429688,1713800
2025-09-05,77.7300033569336,77.75,77.08000183105469,76.77406311035156,1456300
2025-09-08,79,79.47000122070312,78.83999633789062,78.4841079711914,1698100
2025-09-09,80.1500015258789,81.25,80.1500015258789,80.22380828857422,2352100
2025-09-10,81.87000274658203,81.87000274658203,80.51000213623047,79.6801528930664,1458300
2025-09-11,80.80999755859375,82.19999694824219,80.80999755859375,81.12330627441406,2174100
2025-09-12,82.41999816894531,82.81999969482422,82.26000213623047,81.35066223144531,961600
2025-09-15,82.87999725341797,83.16999816894531,82.69999694824219,81.93385314941406,1262200
2025-09-16,82.91000366210938,83.93000030517578,82.73999786376953,82.87288665771484,1753700
2025-09-17,84.81999969482422,85.2699966430664,84.58000183105469,84.05905151367188,1727000
2025-09-18,82.43000030517578,82.93000030517578,82.1500015258789,81.69661712646484,1869000
2025-09-19,82.66000366210938,82.83000183105469,82.25,81.40996551513672,1229700
2025-09-22,82.5999984741211,83.05999755859375,82.4000015258789,81.79546356201172,1552900
2025-09-23,81.9800033569336,82.18000030517578,81.51000213623047,80.58953857421875,1176400
2025-09-24,83.36000061035156,83.37000274658203,82.69999694824219,81.75592803955078,1941000
2025-09-25,83.48999786376953,83.51000213623047,82.83000183105469,82.3489990234375,1307200
2025-09-26,83,83.48999786376953,82.5999984741211,82.42808532714844,969700
2025-09-29,84.5999984741211,85.3499984741211,84.5999984741211,83.99974822998047,1215200
2025-09-30,85.61000061035156,85.75,85,84.16778564453125,1784700
2025-10-01,85.41000366210938,85.94999694824219,85.23999786376953,84.78062438964844,2481200
2025-10-02,86.66999816894531,87.12000274658203,86.36000061035156,85.57140350341797,1877600
2025-10-03,86.62000274658203,86.80000305175781,86.30000305175781,85.51209259033203,1250000
2025-10-06,86.81999969482422,87.68000030517578,86.81999969482422,86.3226318359375,1175200
2025-10-07,87.33000183105469,87.5,86,85.136474609375,1031600
2025-10-08,86.62000274658203,86.94000244140625,86.1500015258789,85.82839965820312,1210000
2025-10-09,86.93000030517578,86.93000030517578,85.01000213623047,84.37535858154297,2044700
2025-10-10,83.79000091552734,84.22000122070312,79.41000366210938,79.03764343261719,5225200
2025-10-13,81.80000305175781,82.30000305175781,81.51000213623047,80.68838500976562,2237600
2025-10-14,79.44999694824219,80.98999786376953,79.41000366210938,79.32430267333984,1853200
2025-10-15,80.5199966430664,80.95999908447266,80,79.33419036865234,1698000
2025-10-16,79.98999786376953,80.19000244140625,79.41999816894531,78.76087951660156,1596000
2025-10-17,78.9000015258789,80.44000244140625,78.87999725341797,79.28475952148438,2522800
2025-10-20,80.75,82.0199966430664,80.54000091552734,80.7872314453125,2720500
2025-10-21,81.05000305175781,81.05000305175781,80.51000213623047,79.86795806884766,1622500
2025-10-22,80.26000213623047,80.55999755859375,79.1500015258789,79.02776336669922,1694700
2025-10-23,81.37999725341797,82.5,81.19000244140625,80.87619018554688,1888800
2025-10-24,82.30000305175781,82.52999877929688,82.04000091552734,81.21227264404297,1360800
2025-10-27,84.69999694824219,84.8499984741211,84.41000366210938,83.70320129394531,1905400
2025-10-28,83.1500015258789,83.8499984741211,83,82.87288665771484,1539000
2025-10-29,83.87999725341797,84.7699966430664,83.87999725341797,83.32759094238281,1610700
2025-10-30,83.41000366210938,83.8499984741211,83.2699966430664,82.50716400146484,2714200
2025-10-31,81.19999694824219,81.43000030517578,80.56999969482422,80.43138885498047,1886300
2025-11-03,80.5999984741211,80.80999755859375,80.12000274658203,79.69991302490234,965800
2025-11-04,80.4000015258789,81.08000183105469,80.20999908447266,79.32430267333984,1895100
2025-11-05,80.66000366210938,81.68000030517578,80.66000366210938,80.3720703125,1598800
2025-11-06,82.69999694824219,82.91999816894531,82.08000183105469,81.43961334228516,1828400
2025-11-07,80.97000122070312,81.56999969482422,80.4800033569336,80.54011535644531,1967600
2025-11-10,83.44999694824219,83.83000183105469,83.06999969482422,82.60600280761719,1628400
2025-11-11,83.45999908447266,84.31999969482422,83.30999755859375,82.80369567871094,1537100
2025-11-12,84.5,84.62999725341797,83.37999725341797,83.03104400634766,1724500
2025-11-13,85.94000244140625,86,81.52999877929688,82.37865447998047,4079900
2025-11-14,81.6500015258789,83,79.70999908447266,80.92562103271484,2915200
2025-11-17,81.18000030517578,81.8499984741211,80.58000183105469,79.9964599609375,1955000
2025-11-18,79.97000122070312,80.48999786376953,79.44000244140625,79.23534393310547,2466300
2025-11-19,79.66000366210938,79.9000015258789,79.04000091552734,78.63237762451172,2061700
2025-11-20,79.87000274658203,79.97000122070312,77.72000122070312,76.93222045898438,2766100
2025-11-21,78.08999633789062,79.33999633789062,77.70999908447266,78.12825775146484,2827200
2025-11-24,80,80.97000122070312,80,79.89761352539062,3078800
2025-11-25,80.79000091552734,80.83999633789062,79.87000274658203,79.06729888916016,2471900
2025-11-26,79.55000305175781,79.87999725341797,78.2699966430664,78.03929901123047,3181500
2025-11-28,78.8499984741211,79.27999877929688,78.45999908447266,78.12825775146484,1125700
2025-12-01,79.5,80.36000061035156,79.41999816894531,78.88937377929688,1661700
2025-12-02,79,79.23999786376953,78.55000305175781,78.24687957763672,2041000
2025-12-03,78.33999633789062,78.80000305175781,78,77.60437774658203,1637900
2025-12-04,78.58999633789062,78.62000274658203,77.8499984741211,77.2188720703125,1725500
2025-12-05,78.23999786376953,78.61000061035156,77.95999908447266,77.28807067871094,1132100
2025-12-08,77.76000213623047,78.04000091552734,74.58000183105469,76.87290954589844,1960900
2025-12-09,77.23999786376953,77.38999938964844,76.91000366210938,76.418212890625,1359900
2025-12-10,77.5,77.93000030517578,77.27999877929688,76.43798828125,2056400
2025-12-11,77.61000061035156,77.98999786376953,77.30999755859375,76.7641830444336,2050700
2025-12-12,78.91999816894531,79.04000091552734,77.55000305175781,76.91244506835938,1919400
2025-12-15,77.52999877929688,77.80000305175781,76.83999633789062,76.26006317138672,1756900
2025-12-16,76.58000183105469,77.05000305175781,76.22000122070312,76.09202575683594,1671500
2025-12-17,77.93000030517578,77.93000030517578,76.37999725341797,75.6373291015625,2190400
2025-12-18,77.8499984741211,78.4000015258789,77.58000183105469,76.70487213134766,2013900
2025-12-19,78.83999633789062,79.36000061035156,78.7300033569336,77.90090942382812,2689100
2025-12-22,78.76000213623047,79.12000274658203,78.69000244140625,78.01953125,1275600
2025-12-23,77.16999816894531,77.58999633789062,76.61000061035156,76.69498443603516,2155400
2025-12-24,77.25,77.87999725341797,77.25,76.52694702148438,584300
2025-12-26,77.80000305175781,78.38999938964844,77.75,77.17933654785156,1255000
2025-12-29,76.6500015258789,76.97000122070312,76.5,76.06236267089844,2282100
2025-12-30,77.47000122070312,77.47000122070312,76.95999908447266,76.16121673583984,1031200
2025-12-31,77,77.27999877929688,76.51000213623047,75.66698455810547,1014800
2026-01-02,79.86000061035156,80.55999755859375,79.54000091552734,79.62084197998047,2526600
2026-01-05,79.9000015258789,81.18000030517578,79.5999984741211,80.13484191894531,2218500
2026-01-06,81,81.44999694824219,80.8499984741211,80.0656509399414,2184900
2026-01-07,79.98999786376953,79.98999786376953,79.30999755859375,78.67191314697266,1703900
2026-01-08,79.12000274658203,79.38999938964844,78.68000030517578,78.03929901123047,2669200
2026-01-09,78.58999633789062,79.02999877929688,78.30000305175781,78.0294189453125,1149700
2026-01-12,79.75,82.47000122070312,79.69999694824219,81.44950103759766,5202800
2026-01-13,80.73999786376953,81.0199966430664,79.97000122070312,79.17603302001953,4916500
2026-01-14,80.58999633789062,81.25,80.1500015258789,80.19415283203125,3944900
2026-01-15,79.88999938964844,80.51000213623047,79.22000122070312,79.25511169433594,2217200
2026-01-16,79.01000213623047,79.05000305175781,77.98999786376953,77.6933364868164,2087600
2026-01-20,76.9000015258789,77.29000091552734,76.0199966430664,75.18263244628906,4054800
2026-01-21,77.12999725341797,77.44000244140625,76.52999877929688,76.052490234375,3118500
2026-01-22,76.9000015258789,77.25,76.2699966430664,75.42974853515625,3922800
2026-01-23,76.13999938964844,76.83999633789062,75.72000122070312,75.83502197265625,2355400
2026-01-26,77.06999969482422,77.27999877929688,76.61000061035156,76.15132904052734,1835500
2026-01-27,78.0199966430664,78.33000183105469,77.73999786376953,77.17933654785156,2049400
2026-01-28,79.43000030517578,79.44999694824219,78.13999938964844,77.73287200927734,2904900
2026-01-29,79.41000366210938,79.88999938964844,78.27999877929688,78.42479705810547,2875600
2026-01-30,77.8499984741211,78.0199966430664,74.9800033569336,75.50882720947266,5555700
2026-02-02,76.61000061035156,77.12999725341797,76.01000213623047,75.39021301269531,3603500
2026-02-03,74.12000274658203,74.44999694824219,72.76000213623047,72.8795166015625,5524000
2026-02-04,71.26000213623047,71.27999877929688,69.95999908447266,69.86469268798828,5428100
2026-02-05,71.08999633789062,71.45999908447266,69.81999969482422,69.05415344238281,4091000
2026-02-06,70.80000305175781,71.52999877929688,70.66000366210938,70.66535186767578,3552800
2026-02-09,71.75,72.08999633789062,71.54000091552734,70.9717788696289,3127000
2026-02-10,70.5,70.9800033569336,70.2699966430664,69.86469268798828,3351100
2026-02-11,69.69999694824219,69.95999908447266,68.91000366210938,68.69830322265625,3711900
2026-02-12,68.6500015258789,68.6500015258789,66.80000305175781,66.59288024902344,4952100
2026-02-13,67.5,68.4000015258789,67.36000061035156,67.49237823486328,2618400
2026-02-17,67.83999633789062,68.27999877929688,67.63999938964844,67.09699249267578,1479500
2026-02-18,68.5,68.83999633789062,68.0199966430664,67.54180145263672,2584200
2026-02-19,68.26000213623047,68.41999816894531,67.7300033569336,67.34410858154297,1373000
2026-02-20,66.66999816894531,68.06999969482422,66.4800033569336,67.2650375366211,1998000
2026-02-23,68.51000213623047,69.01000213623047,67.88999938964844,67.19583892822266,1581000
2026-02-24,66.6500015258789,67.20999908447266,66.52999877929688,66.19749450683594,2649600
2026-02-25,66.87000274658203,67.18000030517578,66.52999877929688,66.09864807128906,2935400
2026-02-26,65.80999755859375,65.81999969482422,65.05000305175781,64.84329223632812,3020000
2026-02-27,66.0999984741211,66.19000244140625,65.69999694824219,64.942138671875,2185900
2026-03-02,65.0199966430664,65.94000244140625,65.0199966430664,64.79386901855469,2590900
2026-03-03,64.05999755859375,64.77999877929688,63.290000915527344,63.676902770996094,3908600
2026-03-04,65.30999755859375,65.38999938964844,64.75,64.37871551513672,3705700
2026-03-05,64.02999877929688,64.43000030517578,63.56999969482422,63.370479583740234,3406100
2026-03-06,65,65.97000122070312,64.9000015258789,64.68514251708984,3031000
2026-03-09,65.88999938964844,67.22000122070312,65.3499984741211,66.22714233398438,3547700
2026-03-10,70.4800033569336,74.47000122070312,70.4800033569336,73.10685729980469,10685600
2026-03-11,70.88999938964844,71.16999816894531,70.0999984741211,70.33916473388672,4953800
2026-03-12,70,70,69.11000061035156,68.37210845947266,3491500
2026-03-13,70.58000183105469,70.91999816894531,69.7699966430664,69.13323211669922,2645000
2026-03-16,71.38999938964844,72.19000244140625,71.1500015258789,71.04096984863281,3285600
2026-03-17,70.48999786376953,71.44999694824219,69.12999725341797,68.40176391601562,3448000
2026-03-18,67.04000091552734,68.48999786376953,65.55000305175781,65.23867797851562,8406900
2026-03-19,64.11000061035156,65.93000030517578,63.560001373291016,64.0821762084961,5459400
2026-03-20,64.52999877929688,64.52999877929688,63.38999938964844,62.76751708984375,3688200
2026-03-23,65.08999633789062,65.41999816894531,64.08000183105469,63.81528854370117,4494000
2026-03-24,64.86000061035156,65.29000091552734,64.5999984741211,64.33917236328125,4315900
2026-03-25,65,65.08999633789062,64.18000030517578,63.61759567260742,3605000
2026-03-26,63.27000045776367,63.45000076293945,62.58000183105469,62.01628494262695,4749700
2026-03-27,62.66999816894531,62.68000030517578,61.63999938964844,61.46274185180664,3383900
2026-03-30,61.68000030517578,61.709999084472656,60.91999816894531,60.32600784301758,2986500
2026-03-31,61.939998626708984,63.279998779296875,61.709999084472656,62.49074935913086,4471900
2026-04-01,63.5099983215332,64.77999877929688,63.47999954223633,62.76751708984375,4704600
2026-04-02,62.209999084472656,62.790000915527344,61.75,61.55170440673828,3181200
2026-04-06,62.290000915527344,62.880001068115234,62.15999984741211,61.680206298828125,3117300
2026-04-07,62.470001220703125,62.650001525878906,61.65999984741211,61.779052734375,2417200
2026-04-08,65.31999969482422,65.4000015258789,64.44000244140625,64.01298522949219,3404300
2026-04-09,64.73999786376953,65.01000213623047,64.30999755859375,64.12171936035156,3165000
2026-04-10,64.55999755859375,64.73999786376953,63.93000030517578,63.24197769165039,2253200
2026-04-13,62.54999923706055,64.66999816894531,62.40999984741211,62.87624740600586,4370400
2026-04-14,63.31999969482422,64.19999694824219,63.220001220703125,62.9948616027832,3944400
2026-04-15,64.01000213623047,64.37999725341797,63.63999938964844,63.50886535644531,3448800
2026-04-16,66.1500015258789,66.30000305175781,65.5,65.13983154296875,4968700
2026-04-17,65.94999694824219,67.87000274658203,65.69999694824219,65.93060302734375,4270100
2026-04-20,66.80999755859375,67.38999938964844,66.5,66.0393295288086,2613600
2026-04-21,66.2300033569336,66.29000091552734,65.02999877929688,64.34906005859375,3709500
2026-04-22,65.0199966430664,65.25,64.12999725341797,63.7065544128418,4953300
2026-04-23,63.18000030517578,63.2400016784668,61.619998931884766,61.49239730834961,9784500
2026-04-24,62.59000015258789,62.95000076293945,62.279998779296875,61.858131408691406,5001400
2026-04-27,61.04999923706055,61.31999969482422,60.77000045776367,60.32600784301758,3781600
2026-04-28,60.45000076293945,60.709999084472656,60.29999923706055,59.8416633605957,2980500
2026-04-29,60.95000076293945,60.95000076293945,60.16999816894531,59.57477569580078,4055500
2026-04-30,60.060001373291016,61.04999923706055,59.900001525878906,60.316123962402344,3006800
2026-05-01,60.93000030517578,61.36000061035156,60.90999984741211,60.494049072265625,2111000
2026-05-04,60.5,60.70000076293945,60.099998474121094,59.72304153442383,3780200
2026-05-05,60.5,60.689998626708984,60.20000076293945,59.64396667480469,2159300
2026-05-06,59.93000030517578,61.08000183105469,59.2599983215332,60.09865951538086,5320500
2026-05-07,61.25,61.36000061035156,60.529998779296875,59.920738220214844,2976600
2026-05-08,60.599998474121094,60.599998474121094,59.560001373291016,59.129966735839844,3304900
2026-05-11,60.459999084472656,60.459999084472656,59.189998626708984,58.793888092041016,3297700
2026-05-12,58.349998474121094,58.70000076293945,57.90999984741211,57.627498626708984,4647700
2026-05-13,59.630001068115234,61.9900016784668,59.22999954223633,60.395198822021484,13721900
2026-05-14,59.279998779296875,59.709999084472656,58.7599983215332,58.210693359375,5524100
2026-05-15,58.869998931884766,59.47999954223633,58.540000915527344,58.01300048828125,4659100
2026-05-18,57.5099983215332,57.650001525878906,57.0099983215332,57.43000030517578,6895800
2026-05-19,58.52000045776367,58.880001068115234,58.36000061035156,58.61000061035156,2938600
2026-05-20,58.20000076293945,58.68000030517578,57.70000076293945,58.650001525878906,6754900
2026-05-21,56.209999084472656,57.13999938964844,56,56.81999969482422,2973800
2026-05-22,55.150001525878906,56.150001525878906,54.939998626708984,56.06999969482422,3899900
2026-05-26,56.08000183105469,56.279998779296875,55.58000183105469,56.13999938964844,4422500
2026-05-27,55.5,55.75,55.18000030517578,55.56999969482422,3149800
2026-05-28,54.36000061035156,54.709999084472656,54.119998931884766,54.619998931884766,2754700
2026-05-29,54.5,54.720001220703125,54.220001220703125,54.599998474121094,2976600
2026-06-01,55.31999969482422,55.689998626708984,54.97999954223633,55.29999923706055,5015300
2026-06-02,61.029998779296875,61.380001068115234,59.11000061035156,60.33000183105469,8593200
2026-06-03,59.34000015258789,59.349998474121094,58.119998931884766,58.130001068115234,4796400
2026-06-04,58.380001068115234,58.97999954223633,58.060001373291016,58.18000030517578,5228500
2026-06-05,57.970001220703125,57.97999954223633,56.63999938964844,56.95000076293945,3926600
2026-06-08,57.040000915527344,57.400001525878906,56.52000045776367,56.650001525878906,3901000
2026-06-09,57.970001220703125,58.470001220703125,57.09000015258789,57.630001068115234,8217400
2026-06-10,59.099998474121094,59.56999969482422,58.93000030517578,59.18000030517578,5097400
2026-06-11,58.08000183105469,59.29999923706055,57.7400016784668,59.18000030517578,4701500
2026-06-12,59.09000015258789,59.34000015258789,58.709999084472656,59.060001373291016,2238400
2026-06-15,58.93000030517578,59.20000076293945,58.54999923706055,58.79999923706055,2132200
2026-06-16,57.31999969482422,57.36000061035156,56.65999984741211,57.220001220703125,3152000
2026-06-17,56.810001373291016,57.189998626708984,55.72999954223633,55.72999954223633,3483500
2026-06-18,56.099998474121094,56.380001068115234,55.79999923706055,56.099998474121094,3573700
2026-06-22,55.529998779296875,55.59000015258789,54.29999923706055,55.310001373291016,3977400
2026-06-23,53.06999969482422,53.959999084472656,53,53.619998931884766,4419900
2026-06-24,54.599998474121094,55.189998626708984,54.5099983215332,55,4673100
