Date,Open,High,Low,Close,Volume
2009-02-13,33,33,33,28.444183349609375,0
2009-02-17,32.25,32.25,31.549999237060547,27.19436264038086,400
2009-02-18,32.5,32.5,32.5,28.013214111328125,200
2009-02-19,33.70000076293945,33.70000076293945,32.900001525878906,28.357994079589844,800
2009-02-20,32.900001525878906,32.900001525878906,32.900001525878906,28.357994079589844,0
2009-02-23,31,31.25,31,26.935781478881836,2000
2009-02-24,31.25,31.25,31.25,26.935781478881836,0
2009-02-25,33.18000030517578,33.18000030517578,32.58000183105469,28.59933853149414,165300
2009-02-26,33.18000030517578,33.18000030517578,33.18000030517578,28.59933853149414,0
2009-02-27,31.600000381469727,31.600000381469727,31.600000381469727,27.23746681213379,88200
2009-03-02,31.100000381469727,31.100000381469727,30,25.85835075378418,500
2009-03-03,31.5,31.5,29.850000381469727,26.289321899414062,1200
2009-03-04,30.25,30.75,30.25,26.504810333251953,1100
2009-03-05,30.75,30.75,30.75,26.504810333251953,0
2009-03-06,30.75,30.75,30.75,26.504810333251953,0
2009-03-09,30.75,30.75,30.75,26.504810333251953,0
2009-03-10,30,30,30,25.85835075378418,300
2009-03-11,29.5,29.5,29.5,25.427383422851562,25600
2009-03-12,29.5,29.5,29.5,25.427383422851562,0
2009-03-13,29.5,29.5,29.5,25.427383422851562,0
2009-03-16,30.5,30.5,30.5,26.289321899414062,800
2009-03-17,30.25,30.950000762939453,30.25,26.677202224731445,80800
2009-03-18,30.25,32.099998474121094,30.25,27.668432235717773,34500
2009-03-19,32.099998474121094,32.099998474121094,32.099998474121094,27.668432235717773,0
2009-03-20,32.099998474121094,32.099998474121094,32.099998474121094,27.668432235717773,0
2009-03-23,31.299999237060547,31.299999237060547,31.299999237060547,26.97887420654297,1000
2009-03-24,32.400001525878906,32.400001525878906,32.400001525878906,27.927019119262695,73700
2009-03-25,32.5,32.5,32,27.582239151000977,700
2009-03-26,33.29999923706055,33.29999923706055,33.29999923706055,28.702768325805664,1500
2009-03-27,32.849998474121094,33.099998474121094,32.849998474121094,28.444183349609375,1200
2009-03-30,31.809999465942383,32.45000076293945,31.799999237060547,27.970121383666992,200600
2009-03-31,32.45000076293945,32.45000076293945,32.45000076293945,27.970121383666992,0
2009-04-01,32.45000076293945,32.45000076293945,32.45000076293945,27.970121383666992,0
2009-04-02,36.25,36.25,36.25,31.245508193969727,300
2009-04-03,37.150001525878906,37.29999923706055,37.099998474121094,32.15054702758789,1200
2009-04-06,36.849998474121094,36.849998474121094,36.70000076293945,31.762666702270508,500
2009-04-07,36.849998474121094,36.849998474121094,36.849998474121094,31.762666702270508,0
2009-04-08,36.849998474121094,36.849998474121094,36.849998474121094,31.762666702270508,0
2009-04-09,36.849998474121094,36.849998474121094,36.849998474121094,31.762666702270508,0
2009-04-13,38.900001525878906,39,38.900001525878906,33.61585998535156,400
2009-04-14,39,39,39,33.61585998535156,0
2009-04-15,39,39,39,33.61585998535156,0
2009-04-16,38.7599983215332,38.7599983215332,38.7599983215332,33.408992767333984,500
2009-04-17,38.349998474121094,38.349998474121094,38.349998474121094,33.05559158325195,30400
2009-04-20,38.349998474121094,38.349998474121094,38.349998474121094,33.05559158325195,0
2009-04-21,38.349998474121094,38.349998474121094,38.349998474121094,33.05559158325195,0
2009-04-22,38.900001525878906,39,38.900001525878906,33.61585998535156,900
2009-04-23,39.45000076293945,39.45000076293945,39.349998474121094,33.917537689208984,1200
2009-04-24,40.040000915527344,40.290000915527344,39.599998474121094,34.13302230834961,150200
2009-04-27,39.25,39.25,38.900001525878906,33.529659271240234,1200
2009-04-28,38,38,38,32.75390625,200000
2009-04-29,40,40,40,34.4777946472168,300
2009-04-30,39.75,39.75,39.75,34.26231384277344,22100
2009-05-01,39.75,39.75,39.75,34.26231384277344,0
2009-05-04,40.25,40.650001525878906,40.25,34.69328689575195,141100
2009-05-05,40.5,41.25,40.5,35.03806686401367,700
2009-05-06,42,42,41.5,35.770721435546875,300400
2009-05-07,40.5,40.5,39.75,34.26231384277344,1400
2009-05-08,39.20000076293945,39.20000076293945,38.5,33.18488693237305,30200
2009-05-11,38.25,38.25,38.25,32.96939468383789,100
2009-05-12,38.25,38.25,38.25,32.96939468383789,0
2009-05-13,38.25,38.25,38.25,32.96939468383789,0
2009-05-14,36.72999954223633,36.72999954223633,36.72999954223633,31.659242630004883,66600
2009-05-15,36.72999954223633,36.72999954223633,36.72999954223633,31.659242630004883,0
2009-05-18,36.72999954223633,36.72999954223633,36.72999954223633,31.659242630004883,0
2009-05-19,36.72999954223633,36.72999954223633,36.72999954223633,31.659242630004883,0
2009-05-20,36.72999954223633,36.72999954223633,36.72999954223633,31.659242630004883,0
2009-05-21,37.70000076293945,37.70000076293945,37.70000076293945,32.495330810546875,100
2009-05-22,37.79999923706055,37.79999923706055,37.79999923706055,32.581520080566406,5100
2009-05-26,37.79999923706055,37.79999923706055,37.79999923706055,32.581520080566406,0
2009-05-27,38.75,38.75,38.75,33.400367736816406,100
2009-05-28,38.75,38.75,38.75,33.400367736816406,0
2009-05-29,40.25,40.25,40.25,34.69328689575195,281100
2009-06-01,40.75,40.75,40.75,35.12425994873047,200
2009-06-02,40.70000076293945,40.849998474121094,40.70000076293945,35.21045684814453,36200
2009-06-03,40,40,39.25,33.83134078979492,1000
2009-06-04,39.5,39.5,39.5,34.04682159423828,100
2009-06-05,39.5,39.5,39.5,34.04682159423828,0
2009-06-08,39.5,39.650001525878906,39.5,34.176116943359375,40200
2009-06-09,39.560001373291016,40.099998474121094,39.560001373291016,34.563995361328125,300
2009-06-10,39.25,39.25,39.25,33.83134078979492,100
2009-06-11,39.5,39.5,39,33.61585998535156,11300
2009-06-12,38.900001525878906,38.900001525878906,38.900001525878906,33.529659271240234,700
2009-06-15,38.900001525878906,38.900001525878906,38.900001525878906,33.529659271240234,0
2009-06-16,38.38999938964844,38.38999938964844,38.38999938964844,33.09006881713867,47200
2009-06-17,38.38999938964844,38.38999938964844,38.38999938964844,33.09006881713867,0
2009-06-18,38.38999938964844,38.38999938964844,38.38999938964844,33.09006881713867,0
2009-06-19,38.400001525878906,38.400001525878906,38.400001525878906,33.09868240356445,200
2009-06-22,37.900001525878906,37.900001525878906,37.900001525878906,32.667720794677734,200
2009-06-23,37.400001525878906,37.400001525878906,37.29999923706055,32.15054702758789,1100
2009-06-24,37.75,38,37.75,32.75390625,1200
2009-06-25,38,38,38,32.75390625,0
2009-06-26,38.099998474121094,38.56999969482422,38.099998474121094,32.8400993347168,9200
2009-06-29,37.5,37.5,37.25,32.107452392578125,2100
2009-06-30,37.25,37.25,37.25,32.107452392578125,0
2009-07-01,37.939998626708984,38.150001525878906,37.93000030517578,32.88319396972656,40100
2009-07-02,38.150001525878906,38.150001525878906,38.150001525878906,32.88319396972656,0
2009-07-06,38.150001525878906,38.150001525878906,37.54999923706055,32.75390625,600
2009-07-07,38,38,38,32.75390625,0
2009-07-08,36.86000061035156,36.86000061035156,36.849998474121094,31.762666702270508,410400
2009-07-09,36.849998474121094,36.849998474121094,36.849998474121094,31.762666702270508,0
2009-07-10,37,37,37,31.8919677734375,200
2009-07-13,37,37,37,31.8919677734375,0
2009-07-14,37.95000076293945,37.95000076293945,37.720001220703125,32.512569427490234,28300
2009-07-15,37.720001220703125,37.720001220703125,37.720001220703125,32.512569427490234,0
2009-07-16,37.599998474121094,37.599998474121094,37.25,32.34880065917969,212200
2009-07-17,37.099998474121094,37.099998474121094,37.099998474121094,31.978164672851562,300
2009-07-20,37.25,37.25,37.25,32.107452392578125,100
2009-07-21,38.5,38.5,38.5,33.18488693237305,100
2009-07-22,38.5,38.5,38.5,33.18488693237305,0
2009-07-23,39.70000076293945,40.150001525878906,39.70000076293945,34.60708999633789,200
2009-07-24,39.349998474121094,40.25,39.349998474121094,34.69328689575195,1100
2009-07-27,39.599998474121094,39.599998474121094,39.599998474121094,34.13302230834961,100
2009-07-28,39.70000076293945,39.75,39.70000076293945,34.26231384277344,200
2009-07-29,40,40,40,34.4777946472168,10000
2009-07-30,41.970001220703125,42.36000061035156,41.970001220703125,36.17583465576172,195000
2009-07-31,42.25,42.25,42.25,36.417179107666016,100
2009-08-03,42.25,42.25,42.25,36.417179107666016,0
2009-08-04,43.25,43.25,43.25,37.27912139892578,200
2009-08-05,41.790000915527344,41.900001525878906,41.75,35.986209869384766,34900
2009-08-06,43.099998474121094,43.099998474121094,43,37.06363296508789,300
2009-08-07,43.150001525878906,43.20000076293945,43.099998474121094,37.23602294921875,800
2009-08-10,42,42.5,42,36.63265609741211,500
2009-08-11,42.25,42.5,42.099998474121094,36.28788757324219,55500
2009-08-12,41.900001525878906,43,41.900001525878906,37.06363296508789,200
2009-08-13,43,43,43,37.06363296508789,0
2009-08-14,43,43,43,37.06363296508789,0
2009-08-17,43,43,43,37.06363296508789,0
2009-08-18,43,43,43,37.06363296508789,0
2009-08-19,43.099998474121094,43.099998474121094,43.099998474121094,37.14983367919922,200
2009-08-20,43.25,43.25,43.25,37.27912139892578,300
2009-08-21,43.25,43.25,43.25,37.27912139892578,0
2009-08-24,42.75,42.75,42.75,36.84814453125,23300
2009-08-25,43.20000076293945,43.20000076293945,43.20000076293945,37.23602294921875,100
2009-08-26,43.20000076293945,43.20000076293945,43.20000076293945,37.23602294921875,0
2009-08-27,43.20000076293945,43.20000076293945,43.20000076293945,37.23602294921875,0
2009-08-28,42.900001525878906,42.900001525878906,42.900001525878906,36.97743606567383,100
2009-08-31,42.400001525878906,42.5,42.400001525878906,36.63265609741211,200
2009-09-01,42.5,42.5,42.5,36.63265609741211,0
2009-09-02,42.5,42.5,42.5,36.63265609741211,0
2009-09-03,42.5,42.5,42.5,36.63265609741211,0
2009-09-04,41.25,41.45000076293945,41.25,35.55522918701172,1400
2009-09-08,41.599998474121094,41.599998474121094,41.599998474121094,35.85691452026367,100
2009-09-09,41.599998474121094,41.599998474121094,41.599998474121094,35.85691452026367,0
2009-09-10,42.349998474121094,42.349998474121094,42.349998474121094,36.50337219238281,100
2009-09-11,42.20000076293945,42.20000076293945,42.20000076293945,36.37407684326172,1100
2009-09-14,42.20000076293945,42.20000076293945,42.20000076293945,36.37407684326172,0
2009-09-15,42.20000076293945,42.20000076293945,42.20000076293945,36.37407684326172,0
2009-09-16,41.150001525878906,41.150001525878906,41.150001525878906,35.46903610229492,200
2009-09-17,41.150001525878906,41.150001525878906,41.150001525878906,35.46903610229492,0
2009-09-18,42.099998474121094,42.099998474121094,42.099998474121094,36.28788757324219,25600
2009-09-21,41.5,41.5,41.5,35.770721435546875,100
2009-09-22,41.5,41.5,41.5,35.770721435546875,0
2009-09-23,41.5,41.5,41.5,35.770721435546875,0
2009-09-24,41.5,41.5,41.5,35.770721435546875,0
2009-09-25,41.099998474121094,41.099998474121094,41.099998474121094,35.425941467285156,400
2009-09-28,40.650001525878906,40.650001525878906,40.650001525878906,35.03806686401367,200
2009-09-29,40.650001525878906,40.650001525878906,40.650001525878906,35.03806686401367,0
2009-09-30,39.900001525878906,39.900001525878906,39.650001525878906,34.176116943359375,6400
2009-10-01,38.650001525878906,39,38.650001525878906,33.61585998535156,500
2009-10-02,37.849998474121094,37.849998474121094,37.849998474121094,32.6246223449707,100
2009-10-05,37.45000076293945,37.45000076293945,37.099998474121094,31.978164672851562,600
2009-10-06,38.5099983215332,38.5099983215332,38.4900016784668,33.176265716552734,60000
2009-10-07,38.5,38.68000030517578,36.66999816894531,33.27969741821289,554800
2009-10-08,39.54999923706055,39.54999923706055,39.54999923706055,34.08992385864258,300
2009-10-09,39.599998474121094,39.599998474121094,39.599998474121094,34.13302230834961,200
2009-10-12,39.599998474121094,39.599998474121094,39.599998474121094,34.13302230834961,0
2009-10-13,39.900001525878906,39.900001525878906,39.900001525878906,34.39160919189453,100
2009-10-14,40.29999923706055,40.29999923706055,39.849998474121094,34.348506927490234,800
2009-10-15,39.849998474121094,39.849998474121094,39.849998474121094,34.348506927490234,0
2009-10-16,39.849998474121094,39.849998474121094,39.849998474121094,34.348506927490234,0
2009-10-19,39.25,39.25,39.25,33.83134078979492,200
2009-10-20,39.25,39.25,39.25,33.83134078979492,0
2009-10-21,39.25,39.25,39.25,33.83134078979492,0
2009-10-22,39.25,39.25,39.25,33.83134078979492,0
2009-10-23,39.86000061035156,39.86000061035156,38.5,33.18488693237305,23200
2009-10-26,39.349998474121094,39.349998474121094,39,33.61585998535156,1000
2009-10-27,39,39,39,33.61585998535156,0
2009-10-28,39.04999923706055,39.04999923706055,39.04999923706055,33.65895462036133,100
2009-10-29,40.25,40.25,39.849998474121094,34.348506927490234,60300
2009-10-30,40.060001373291016,40.29999923706055,40.040000915527344,34.73637771606445,18100
2009-11-02,39.54999923706055,39.54999923706055,39.54999923706055,34.08992385864258,300
2009-11-03,39.95000076293945,39.95000076293945,39.20000076293945,33.960636138916016,900
2009-11-04,39.650001525878906,39.650001525878906,39.650001525878906,34.176116943359375,20300
2009-11-05,40.150001525878906,40.22999954223633,40.150001525878906,34.60708999633789,100100
2009-11-06,38.970001220703125,39.20000076293945,38.959999084472656,33.788246154785156,150100
2009-11-09,39.47999954223633,39.47999954223633,39.47999954223633,34.02958679199219,17000
2009-11-10,38.400001525878906,38.400001525878906,38.13999938964844,32.87458038330078,83400
2009-11-11,38.5,38.5,38.5,33.18488693237305,2000
2009-11-12,38.5,38.5,38.5,33.18488693237305,0
2009-11-13,39.02000045776367,39.02000045776367,39.02000045776367,33.63309860229492,42000
2009-11-16,39.02000045776367,39.02000045776367,39.02000045776367,33.63309860229492,0
2009-11-17,39.02000045776367,39.02000045776367,39.02000045776367,33.63309860229492,0
2009-11-18,40.5,40.5,39.75,34.26231384277344,1400
2009-11-19,38.25,38.25,38.25,32.96939468383789,3400
2009-11-20,39.20000076293945,39.20000076293945,39.20000076293945,33.788246154785156,1000
2009-11-23,39.20000076293945,39.20000076293945,39.20000076293945,33.788246154785156,0
2009-11-24,39.20000076293945,39.20000076293945,39.20000076293945,33.788246154785156,0
2009-11-25,38.75,38.75,38.70000076293945,33.35727310180664,86900
2009-11-27,38.70000076293945,38.70000076293945,38.70000076293945,33.35727310180664,0
2009-11-30,38.70000076293945,38.70000076293945,38.70000076293945,33.35727310180664,0
2009-12-01,40.369998931884766,40.5,40.25,34.908775329589844,97400
2009-12-02,40.650001525878906,40.650001525878906,40.650001525878906,35.03806686401367,40600
2009-12-03,42.25,42.29999923706055,42.25,36.46027374267578,52000
2009-12-04,41.75,41.75,41.75,35.986209869384766,2500
2009-12-07,41.75,41.75,41.75,35.986209869384766,0
2009-12-08,41.75,41.75,41.75,35.986209869384766,0
2009-12-09,41.75,41.75,41.75,35.986209869384766,0
2009-12-10,41.75,41.75,41.75,35.986209869384766,0
2009-12-11,41.849998474121094,41.849998474121094,41.849998474121094,36.0723991394043,200
2009-12-14,41.849998474121094,41.849998474121094,41.849998474121094,36.0723991394043,0
2009-12-15,41,41.75,41,35.339744567871094,400
2009-12-16,41.5,41.5,41.5,35.770721435546875,10100
2009-12-17,41,41,41,35.339744567871094,500
2009-12-18,41.25,41.25,41.25,35.55522918701172,1000
2009-12-21,41.25,41.25,41.25,35.55522918701172,0
2009-12-22,41.25,41.25,41.25,35.55522918701172,0
2009-12-23,41.25,41.25,41.25,35.55522918701172,0
2009-12-24,41.25,41.25,41.25,35.55522918701172,0
2009-12-28,41.900001525878906,41.900001525878906,41.900001525878906,36.11549758911133,500
2009-12-29,42.25,42.25,42.25,36.417179107666016,100
2009-12-30,41.79999923706055,41.79999923706055,41.79999923706055,36.02930450439453,700
2009-12-31,42.5,42.5,42.5,36.63265609741211,300
2010-01-04,42.5,42.5,42.5,36.63265609741211,0
2010-01-05,42.5,42.5,42.5,36.63265609741211,0
2010-01-06,42.5,42.5,42.5,36.63265609741211,0
2010-01-07,40.5,40.5,40.5,34.908775329589844,4900
2010-01-08,42.25,42.25,42.25,36.417179107666016,2500
2010-01-11,43.45000076293945,43.45000076293945,42.599998474121094,36.7188606262207,500
2010-01-12,45,45,44.25,38.14106750488281,200
2010-01-13,44.25,44.25,44.25,38.14106750488281,0
2010-01-14,44.75,44.75,44.75,38.57204055786133,500
2010-01-15,44.75,44.75,44.75,38.57204055786133,0
2010-01-19,44.75,44.75,44.75,38.57204055786133,0
2010-01-20,44.25,44.630001068115234,44.25,38.46861267089844,100100
2010-01-21,44.75,44.75,44.75,38.57204055786133,1400
2010-01-22,44.75,44.75,44.75,38.57204055786133,0
2010-01-25,44.75,44.75,44.75,38.57204055786133,100
2010-01-26,43.75,43.75,43,37.06363296508789,600
2010-01-27,40.099998474121094,41,39.650001525878906,34.4777946472168,53700
2010-01-28,38.849998474121094,40,38.20000076293945,34.4777946472168,303400
2010-01-29,38.400001525878906,39.25,38.349998474121094,33.44346237182617,3100
2010-02-01,39.900001525878906,41,39.5,34.82258224487305,207200
2010-02-02,40.5,40.5,38.400001525878906,33.61585998535156,32800
2010-02-03,38.099998474121094,38.25,35.75,31.805763244628906,559800
2010-02-04,36.5,36.650001525878906,35.349998474121094,31.159311294555664,30400
2010-02-05,36.29999923706055,37.75,36,32.107452392578125,214900
2010-02-08,37.400001525878906,37.5,36,31.719579696655273,2500
2010-02-09,38.25,39.20000076293945,36.95000076293945,32.495330810546875,101400
2010-02-10,37.25,37.84000015258789,37.25,32.581520080566406,14600
2010-02-11,38.45000076293945,38.45000076293945,37.7400016784668,32.52980422973633,108400
2010-02-12,38.599998474121094,39.5,38,33.44346237182617,14300
2010-02-16,38.70000076293945,38.70000076293945,37.70000076293945,33.18488693237305,46700
2010-02-17,37.20000076293945,37.849998474121094,36.75,32.322940826416016,204600
2010-02-18,37.25,37.25,37.20000076293945,32.06435775756836,1200
2010-02-19,37,37,36.20000076293945,31.8919677734375,191700
2010-02-22,36.95000076293945,37.25,36.099998474121094,31.159311294555664,52500
2010-02-23,35.95000076293945,36.95000076293945,35.45000076293945,31.848873138427734,2800
2010-02-24,36.599998474121094,36.70000076293945,36.5,31.63338279724121,1100
2010-02-25,36.95000076293945,37.29999923706055,36.45000076293945,31.46099281311035,6800
2010-02-26,37.04999923706055,37.95000076293945,37.04999923706055,32.710819244384766,283100
2010-03-01,37.5,37.75,36.349998474121094,31.676477432250977,4800
2010-03-02,37.95000076293945,37.95000076293945,36.75,32.538429260253906,4300
2010-03-03,38.099998474121094,38.29999923706055,38.04999923706055,33.01249313354492,81100
2010-03-04,38.20000076293945,38.20000076293945,37.25,32.23674392700195,1200
2010-03-05,38.25,38.400001525878906,37.79999923706055,32.96939468383789,2100
2010-03-08,38.599998474121094,38.95000076293945,38.54999923706055,33.22798156738281,5700
2010-03-09,39.5,39.5,37.75,32.75390625,19600
2010-03-10,38.54999923706055,38.54999923706055,37.5,33.14178466796875,35000
2010-03-11,38.150001525878906,38.75,38,33.18488693237305,1300
2010-03-12,37.75,38.599998474121094,37.75,33.27107620239258,1400
2010-03-15,38,38.54999923706055,38,33.22798156738281,11500
2010-03-16,39.45000076293945,39.95000076293945,38.81999969482422,34.04682159423828,1900
2010-03-17,39.400001525878906,40,39.400001525878906,34.39160919189453,1400
2010-03-18,39.599998474121094,39.75,38.5,33.18488693237305,60900
2010-03-19,39.400001525878906,39.95000076293945,39.400001525878906,34.43470764160156,300
2010-03-22,40.25,40.25,40,34.4777946472168,600
2010-03-23,40.150001525878906,41.25,39.849998474121094,35.55522918701172,600
2010-03-24,40.349998474121094,41.5,40.349998474121094,35.46903610229492,1400
2010-03-25,39.95000076293945,40.150001525878906,39.95000076293945,34.60708999633789,400
2010-03-26,40.150001525878906,40.25,40.150001525878906,34.69328689575195,21100
2010-03-29,40.5,40.849998474121094,40.5,35.21045684814453,400
2010-03-30,40.04999923706055,41.04999923706055,39.5,35.38283920288086,3600
2010-03-31,40,40.5,40,34.908775329589844,300
2010-04-01,40.5,40.5,40.5,34.908775329589844,0
2010-04-05,41.25,41.25,40.5,34.908775329589844,1000
2010-04-06,40.5,41,40,34.4777946472168,363000
2010-04-07,39.75,40.29999923706055,39.75,34.39160919189453,121300
2010-04-08,39.5,40,39.099998474121094,34.04682159423828,1400
2010-04-09,39.54999923706055,40.349998474121094,39.150001525878906,33.745155334472656,700
2010-04-12,39.84000015258789,40,39.84000015258789,34.4777946472168,80200
2010-04-13,39.75,39.75,39,34.26231384277344,55100
2010-04-14,39.20000076293945,39.81999969482422,39.20000076293945,34.32265090942383,199000
2010-04-15,39.81999969482422,39.81999969482422,39.81999969482422,34.32265090942383,0
2010-04-16,39.81999969482422,39.81999969482422,39.81999969482422,34.32265090942383,0
2010-04-19,39,40,39,34.4777946472168,1400
2010-04-20,40,40,39.150001525878906,33.788246154785156,501500
2010-04-21,39.13999938964844,39.13999938964844,39.13999938964844,33.73652648925781,400000
2010-04-22,38.04999923706055,38.29999923706055,37.900001525878906,33.01249313354492,74400
2010-04-23,38,38.5,37.5,33.18488693237305,2600
2010-04-26,38.75,38.75,38.75,33.400367736816406,91500
2010-04-27,38.29999923706055,38.349998474121094,37.79999923706055,33.05559158325195,300
2010-04-28,38,38,38,32.75390625,5100
2010-04-29,38.650001525878906,38.650001525878906,38.650001525878906,33.314178466796875,300
2010-04-30,38.70000076293945,38.79999923706055,38.70000076293945,33.44346237182617,68200
2010-05-03,39.04999923706055,39.5,39.04999923706055,33.702049255371094,1700
2010-05-04,38.75,38.75,38,32.75390625,1700
2010-05-05,37.95000076293945,38.900001525878906,37.20000076293945,32.538429260253906,3900
2010-05-06,37.099998474121094,37.75,35.5,31.59028434753418,99900
2010-05-07,38.45000076293945,39.90999984741211,36.75,32.581520080566406,226700
2010-05-10,38.29999923706055,38.29999923706055,38.29999923706055,33.01249313354492,100
2010-05-11,37.5,37.5,37.5,32.322940826416016,500
2010-05-12,39,39.54999923706055,38.25,34.08992385864258,23900
2010-05-13,38.400001525878906,38.689998626708984,38.400001525878906,33.21074295043945,501300
2010-05-14,37.25,37.25,37.25,32.107452392578125,400100
2010-05-17,37.25,37.25,37.25,32.107452392578125,0
2010-05-18,38.20000076293945,38.25,38.189998626708984,32.96939468383789,40200
2010-05-19,38,38.400001525878906,37.04999923706055,31.93505859375,102300
2010-05-20,37.099998474121094,37.11000061035156,36.75,31.8919677734375,652200
2010-05-21,37,38.25,36.25,31.8919677734375,188900
2010-05-24,37,37,37,31.8919677734375,0
2010-05-25,36.25,36.79999923706055,36.25,31.245508193969727,1100
2010-05-26,36.25,36.5,36.25,31.46099281311035,1800
2010-05-27,37,37,36.25,31.659242630004883,66300
2010-05-28,36.40999984741211,36.599998474121094,36.40999984741211,31.547183990478516,85900
2010-06-01,35.75,35.75,35.54999923706055,30.81454086303711,700
2010-06-02,35.20000076293945,35.5,35.20000076293945,30.599048614501953,700
2010-06-03,37.099998474121094,37.099998474121094,37.099998474121094,31.978164672851562,200
2010-06-04,36,36,36,31.030019760131836,300
2010-06-07,34.29999923706055,35.290000915527344,34.29999923706055,30.383560180664062,57300
2010-06-08,35.25,35.25,35.25,30.383560180664062,0
2010-06-09,34.599998474121094,34.599998474121094,34.25,29.521615982055664,800
2010-06-10,35.849998474121094,35.900001525878906,35.849998474121094,30.943828582763672,98600
2010-06-11,35.75,35.75,35.75,30.81454086303711,2100
2010-06-14,35.75,35.75,35.75,30.81454086303711,0
2010-06-15,36.38999938964844,36.38999938964844,36.38999938964844,31.366174697875977,33900
2010-06-16,35.45000076293945,36.75,35.45000076293945,31.676477432250977,1400
2010-06-17,36.75,36.75,36.75,31.676477432250977,0
2010-06-18,35.45000076293945,35.5,35.45000076293945,30.599048614501953,200
2010-06-21,35.5,35.5,35.5,30.599048614501953,61100
2010-06-22,35.5,35.5,35.5,30.599048614501953,0
2010-06-23,35.5,35.5,35.5,30.599048614501953,0
2010-06-24,35.20000076293945,35.209999084472656,35.20000076293945,30.349082946777344,24000
2010-06-25,35.22999954223633,35.22999954223633,34.599998474121094,29.82329559326172,165700
2010-06-28,35,35,33.5,28.87515640258789,1200
2010-06-29,34.34000015258789,34.349998474121094,34.189998626708984,29.51299476623535,279800
2010-06-30,34.75,34.75,34.75,29.952590942382812,184800
2010-07-01,34.29999923706055,34.95000076293945,34.099998474121094,30.124982833862305,160800
2010-07-02,34.04999923706055,34.43000030517578,34.04999923706055,29.521615982055664,138100
2010-07-06,34.79999923706055,34.79999923706055,34.79999923706055,29.995683670043945,200
2010-07-07,34.79999923706055,34.79999923706055,34.79999923706055,29.995683670043945,0
2010-07-08,34.79999923706055,34.79999923706055,34.79999923706055,29.995683670043945,0
2010-07-09,35.099998474121094,35.099998474121094,35.099998474121094,30.2542724609375,300
2010-07-12,35.099998474121094,35.099998474121094,35.099998474121094,30.2542724609375,0
2010-07-13,35.099998474121094,35.099998474121094,35.099998474121094,30.2542724609375,0
2010-07-14,36.04999923706055,37.20000076293945,36.04999923706055,31.848873138427734,137100
2010-07-15,36.45000076293945,36.45000076293945,35.75,31.055877685546875,89700
2010-07-16,35.29999923706055,35.29999923706055,35.29999923706055,30.42666244506836,200
2010-07-19,35.25,37,35.25,31.8919677734375,17100
2010-07-20,35.20000076293945,35.20000076293945,35.20000076293945,30.34046173095703,200
2010-07-21,35.20000076293945,35.20000076293945,35.20000076293945,30.34046173095703,0
2010-07-22,35.20000076293945,35.20000076293945,35.20000076293945,30.34046173095703,0
2010-07-23,35.20000076293945,35.45000076293945,35.20000076293945,30.555952072143555,477600
2010-07-26,36.5,36.5,35.150001525878906,30.297367095947266,300
2010-07-27,34.75,34.75,34.70000076293945,29.90949058532715,60400
2010-07-28,35.25,35.25,35.25,30.383560180664062,100
2010-07-29,34.54999923706055,34.54999923706055,34.54999923706055,29.78019905090332,100
2010-07-30,34.70000076293945,34.70000076293945,34.70000076293945,29.90949058532715,300
2010-08-02,36.099998474121094,36.099998474121094,35.5,30.599048614501953,101100
2010-08-03,36.130001068115234,36.130001068115234,36.130001068115234,31.14206886291504,66000
2010-08-04,37.29999923706055,38,36.84000015258789,32.09021759033203,77800
2010-08-05,36.13999938964844,36.13999938964844,36.040000915527344,31.064504623413086,554000
2010-08-06,35.790000915527344,36.130001068115234,35.790000915527344,31.14206886291504,119900
2010-08-09,35.880001068115234,36.25,35.599998474121094,31.245508193969727,440000
2010-08-10,35.5,35.5,35.5,30.599048614501953,100
2010-08-11,35.5,35.5,35.5,30.599048614501953,0
2010-08-12,34.75,34.75,34.75,29.952590942382812,150100
2010-08-13,35.29999923706055,35.29999923706055,35.29999923706055,30.42666244506836,400
2010-08-16,34.970001220703125,35.13999938964844,34.970001220703125,30.28874969482422,38400
2010-08-17,35.25,35.25,35,30.168073654174805,149900
2010-08-18,35,35,35,30.168073654174805,0
2010-08-19,35,35,35,30.168073654174805,0
2010-08-20,34.77000045776367,34.77000045776367,34.77000045776367,29.969831466674805,200
2010-08-23,34.77000045776367,34.77000045776367,34.77000045776367,29.969831466674805,0
2010-08-24,34.54999923706055,35,34.54999923706055,30.168073654174805,300
2010-08-25,34.36000061035156,34.5,34,29.737104415893555,28400
2010-08-26,34,34.25,34,29.30613136291504,100500
2010-08-27,34,34,34,29.30613136291504,0
2010-08-30,34,34,34,29.30613136291504,0
2010-08-31,34.16999816894531,34.16999816894531,34.16999816894531,29.452659606933594,3200
2010-09-01,34.16999816894531,34.16999816894531,34.16999816894531,29.452659606933594,0
2010-09-02,33.45000076293945,33.45000076293945,33.04999923706055,28.487281799316406,1700
2010-09-03,34.349998474121094,35,34.349998474121094,30.168073654174805,72400
2010-09-07,35,35,35,30.168073654174805,0
2010-09-08,35,35,35,30.168073654174805,0
2010-09-09,35.0099983215332,35.0099983215332,35.0099983215332,30.176692962646484,32400
2010-09-10,35.599998474121094,35.599998474121094,35,30.418041229248047,32300
2010-09-13,34.900001525878906,34.900001525878906,34.79999923706055,29.995683670043945,900
2010-09-14,34.79999923706055,35.04999923706055,34.79999923706055,30.13360023498535,365700
2010-09-15,34.959999084472656,34.959999084472656,34.959999084472656,30.13360023498535,0
2010-09-16,35.54999923706055,35.880001068115234,35.54999923706055,30.926586151123047,20200
2010-09-17,35.869998931884766,35.869998931884766,35.869998931884766,30.917964935302734,14600
2010-09-20,35.599998474121094,35.599998474121094,35.599998474121094,30.68524169921875,104100
2010-09-21,35.650001525878906,36.349998474121094,35.650001525878906,30.917964935302734,432600
2010-09-22,35.58000183105469,35.650001525878906,35.54999923706055,30.64214515686035,325500
2010-09-23,35.849998474121094,35.849998474121094,35.849998474121094,30.900733947753906,300
2010-09-24,36.27000045776367,36.58000183105469,36.27000045776367,31.529949188232422,1100
2010-09-27,36.599998474121094,36.599998474121094,36.599998474121094,31.547183990478516,100
2010-09-28,36.119998931884766,36.52000045776367,36.119998931884766,31.478235244750977,43400
2010-09-29,36.68000030517578,36.790000915527344,36.290000915527344,31.279987335205078,6700
2010-09-30,35.95000076293945,36.220001220703125,35.79999923706055,30.900733947753906,431300
2010-10-01,35.90999984741211,35.91999816894531,35.650001525878906,30.961061477661133,265900
2010-10-04,35.650001525878906,35.650001525878906,35.099998474121094,30.2542724609375,300
2010-10-05,35.099998474121094,35.099998474121094,35.099998474121094,30.2542724609375,0
2010-10-06,35.20000076293945,35.95000076293945,35.20000076293945,30.909351348876953,900
2010-10-07,35.68000030517578,36.150001525878906,35.68000030517578,30.900733947753906,900
2010-10-08,35.849998474121094,35.849998474121094,35.849998474121094,30.900733947753906,0
2010-10-11,35.849998474121094,35.849998474121094,35.849998474121094,30.900733947753906,0
2010-10-12,35.20000076293945,35.20000076293945,35.099998474121094,30.2542724609375,1400
2010-10-13,34.75,34.95000076293945,34.75,30.124982833862305,200
2010-10-14,35.54999923706055,35.54999923706055,35.54999923706055,30.64214515686035,600
2010-10-15,35.45000076293945,35.97999954223633,35.45000076293945,30.926586151123047,366200
2010-10-18,36.470001220703125,36.470001220703125,36.189998626708984,31.202407836914062,82600
2010-10-19,35.90999984741211,35.90999984741211,35.400001525878906,30.78866958618164,28600
2010-10-20,35.95000076293945,36.04999923706055,35.95000076293945,31.073118209838867,1200
2010-10-21,35.720001220703125,35.7400016784668,35.720001220703125,30.80591583251953,28000
2010-10-22,35.7400016784668,35.7400016784668,35.7400016784668,30.80591583251953,0
2010-10-25,35.65999984741211,35.65999984741211,35.540000915527344,30.633527755737305,200
2010-10-26,35.5,35.5,35.150001525878906,30.34046173095703,1000
2010-10-27,35.61000061035156,35.61000061035156,35.58000183105469,30.668010711669922,44300
2010-10-28,35.95000076293945,35.95000076293945,35.099998474121094,30.383560180664062,301400
2010-10-29,35.08000183105469,35.08000183105469,35.08000183105469,30.237030029296875,28400
2010-11-01,35.34000015258789,35.34000015258789,34.849998474121094,30.038780212402344,1200
2010-11-02,34.9900016784668,35.5,34.9900016784668,30.599048614501953,97100
2010-11-03,35.16999816894531,35.16999816894531,35.16999816894531,30.314607620239258,600
2010-11-04,35.97999954223633,36,35.79999923706055,31.030019760131836,41500
2010-11-05,36.45000076293945,36.900001525878906,36.45000076293945,31.59028434753418,1300
2010-11-08,36.650001525878906,36.650001525878906,36.650001525878906,31.59028434753418,0
2010-11-09,36.79999923706055,36.79999923706055,36.650001525878906,31.59028434753418,200
2010-11-10,37,37,37,31.8919677734375,200
2010-11-11,38.099998474121094,38.099998474121094,37.56999969482422,32.39189529418945,23300
2010-11-12,37.75,38.099998474121094,37.75,32.59014129638672,2900
2010-11-15,37.79999923706055,37.79999923706055,37.75,32.538429260253906,1200
2010-11-16,37.75,37.75,37.439998626708984,32.27122497558594,114800
2010-11-17,37.650001525878906,37.650001525878906,37.650001525878906,32.45222854614258,1800
2010-11-18,38.25,38.88999938964844,38.25,33.01249313354492,800
2010-11-19,39.060001373291016,39.060001373291016,39,33.61585998535156,140700
2010-11-22,39,39,39,33.61585998535156,300
2010-11-23,38.630001068115234,38.63999938964844,38.630001068115234,33.3055534362793,23200
2010-11-24,39.5,39.5,39.310001373291016,33.883060455322266,800
2010-11-26,38.849998474121094,38.849998474121094,38.849998474121094,33.48656463623047,300
2010-11-29,38.45000076293945,38.45000076293945,38.45000076293945,33.14178466796875,100
2010-11-30,38.45000076293945,38.45000076293945,38.45000076293945,33.14178466796875,0
2010-12-01,39.25,39.56999969482422,39.25,34.0813102722168,33300
2010-12-02,39.5,39.5,39.400001525878906,33.960636138916016,700
2010-12-03,39.5,39.5,39.400001525878906,34.04682159423828,4600
2010-12-06,39.209999084472656,39.349998474121094,39.209999084472656,33.917537689208984,1900
2010-12-07,39.349998474121094,39.349998474121094,39.279998779296875,33.85720443725586,200
2010-12-08,39.279998779296875,39.279998779296875,39.279998779296875,33.85720443725586,0
2010-12-09,38.86000061035156,38.86000061035156,38.86000061035156,33.495182037353516,400
2010-12-10,38.86000061035156,38.86000061035156,38.86000061035156,33.495182037353516,0
2010-12-13,38.560001373291016,38.970001220703125,38.560001373291016,33.23660659790039,150200
2010-12-14,39.029998779296875,39.029998779296875,39.029998779296875,33.641719818115234,45600
2010-12-15,39.029998779296875,39.279998779296875,39.029998779296875,33.85720443725586,1400
2010-12-16,38.75,38.75,38.75,33.400367736816406,200
2010-12-17,38.75,38.75,38.75,33.400367736816406,0
2010-12-20,38.95000076293945,38.95000076293945,38.43000030517578,33.529659271240234,60400
2010-12-21,38.459999084472656,39,38.459999084472656,33.61585998535156,17100
2010-12-22,38.59000015258789,38.59000015258789,38.59000015258789,33.262451171875,100
2010-12-23,38.619998931884766,38.619998931884766,38.619998931884766,33.2883186340332,300
2010-12-27,38.619998931884766,38.619998931884766,38.619998931884766,33.2883186340332,0
2010-12-28,38.849998474121094,38.849998474121094,38.849998474121094,33.48656463623047,1600
2010-12-29,39.22999954223633,39.369998931884766,39.22999954223633,33.934776306152344,800
2010-12-30,39.11000061035156,39.189998626708984,39.11000061035156,33.77962112426758,300
2010-12-31,39.2400016784668,39.2400016784668,39.2400016784668,33.822723388671875,100
2011-01-03,39.95000076293945,39.95000076293945,39.400001525878906,33.960636138916016,26000
2011-01-04,40,40,39.599998474121094,34.43470764160156,11500
2011-01-05,40,40.029998779296875,40,34.503658294677734,900
2011-01-06,40.25,40.47999954223633,40.25,34.891536712646484,2200
2011-01-07,41.2400016784668,41.75,41.220001220703125,35.68452072143555,268400
2011-01-10,41.599998474121094,41.599998474121094,41.400001525878906,35.770721435546875,2400
2011-01-11,41.900001525878906,41.900001525878906,41.849998474121094,36.0723991394043,600
2011-01-12,42.18000030517578,42.2599983215332,42.18000030517578,36.356834411621094,236800
2011-01-13,42.31999969482422,42.9900016784668,42.31999969482422,36.589561462402344,300
2011-01-14,42.45000076293945,42.70000076293945,42.45000076293945,36.8050537109375,168200
2011-01-18,42.5,42.5,42.5,36.63265609741211,200
2011-01-19,42.04999923706055,42.25,42.04999923706055,36.417179107666016,180200
2011-01-20,41.650001525878906,41.650001525878906,41.650001525878906,35.90000534057617,168600
2011-01-21,41.13999938964844,41.13999938964844,40.88999938964844,35.24493408203125,600
2011-01-24,41.630001068115234,42,41.630001068115234,36.20168685913086,400
2011-01-25,41.540000915527344,42.099998474121094,41.540000915527344,36.28788757324219,1400
2011-01-26,41.04999923706055,41.04999923706055,41,35.339744567871094,400
2011-01-27,41,41,41,35.339744567871094,0
2011-01-28,40.880001068115234,40.95000076293945,40.880001068115234,35.296653747558594,400
2011-01-31,40.79999923706055,41.41999816894531,40.79999923706055,35.701759338378906,30400
2011-02-01,41.650001525878906,41.650001525878906,41.650001525878906,35.90000534057617,200
2011-02-02,42.900001525878906,42.900001525878906,42.27000045776367,36.434410095214844,1000
2011-02-03,42.22999954223633,42.22999954223633,41.900001525878906,36.20168685913086,800
2011-02-04,42,42,42,36.20168685913086,0
2011-02-07,42,42.25,42,36.417179107666016,1400
2011-02-08,42.5,45,42.5,38.19279098510742,135600
2011-02-09,44.70000076293945,44.75,44.369998931884766,38.27035903930664,560400
2011-02-10,45.02000045776367,45.45000076293945,44.95000076293945,38.78752899169922,1700
2011-02-11,44.97999954223633,44.97999954223633,44.54999923706055,38.399654388427734,20900
2011-02-14,46.04999923706055,46.599998474121094,46,39.727054595947266,600
2011-02-15,46.5,46.849998474121094,46.5,40.33903121948242,100600
2011-02-16,46.29999923706055,46.95000076293945,46.29999923706055,40.46832275390625,900
2011-02-17,46.95000076293945,47.099998474121094,46.349998474121094,39.95115280151367,1000
2011-02-18,46.279998779296875,46.400001525878906,46.279998779296875,39.9942512512207,2100
2011-02-22,45.529998779296875,45.529998779296875,45.04999923706055,38.83062744140625,600
2011-02-23,44.54999923706055,45,44.54999923706055,38.78752899169922,3500
2011-02-24,44.869998931884766,45.060001373291016,44.599998474121094,38.83924865722656,2600
2011-02-25,45.75,46.04999923706055,45.75,39.69256591796875,35000
2011-02-28,46.439998626708984,46.5,46.150001525878906,40.080448150634766,4700
2011-03-01,46.56999969482422,46.56999969482422,46.150001525878906,39.77875900268555,151400
2011-03-02,46.150001525878906,46.150001525878906,46.150001525878906,39.77875900268555,10200
2011-03-03,46.150001525878906,46.150001525878906,46.150001525878906,39.77875900268555,0
2011-03-04,46.04999923706055,46.25,44.95000076293945,39.04610824584961,11000
2011-03-07,44.70000076293945,45.25,44.70000076293945,39.00301742553711,5500
2011-03-08,44.58000183105469,44.650001525878906,44.58000183105469,38.48584747314453,1300
2011-03-09,44.54999923706055,44.599998474121094,44.529998779296875,38.44274139404297,34400
2011-03-10,44.08000183105469,44.400001525878906,43.599998474121094,37.6669921875,15300
2011-03-11,43,43.04999923706055,42.349998474121094,37.06363296508789,700
2011-03-14,40,41.20000076293945,40,35.425941467285156,11500
2011-03-15,38,41.04999923706055,38,34.908775329589844,56800
2011-03-16,41.25,41.25,39,34.865684509277344,52700
2011-03-17,41.5,41.5,40.75,35.12425994873047,211700
2011-03-18,40.20000076293945,40.75,40.20000076293945,35.12425994873047,6300
2011-03-21,42.25,42.25,41.79999923706055,36.02930450439453,1500
2011-03-22,41.20000076293945,41.79999923706055,41.099998474121094,35.425941467285156,1200
2011-03-23,41.099998474121094,41.099998474121094,40.900001525878906,35.25354766845703,5900
2011-03-24,40.400001525878906,40.900001525878906,40.349998474121094,34.77948760986328,4400
2011-03-25,40.349998474121094,40.369998931884766,40.349998474121094,34.77948760986328,120500
2011-03-28,40.720001220703125,40.75,40.720001220703125,35.115638732910156,400
2011-03-29,40,40.09000015258789,39.599998474121094,34.13302230834961,2100
2011-03-30,40.4900016784668,40.5,40.4900016784668,34.908775329589844,1500
2011-03-31,40,40.5,40,34.908775329589844,1000
2011-04-01,40.38999938964844,40.5,40,34.4777946472168,800
2011-04-04,40.27000045776367,40.27000045776367,40,34.52089309692383,2100
2011-04-05,38.88999938964844,38.939998626708984,38.88999938964844,33.529659271240234,2300
2011-04-06,38.20000076293945,39.099998474121094,38.20000076293945,33.314178466796875,3100
2011-04-07,38.79999923706055,38.900001525878906,38.22999954223633,33.529659271240234,2100
2011-04-08,39.599998474121094,39.599998474121094,39.20000076293945,33.83134078979492,2900
2011-04-11,38.70000076293945,38.70000076293945,38.20000076293945,33.14178466796875,500
2011-04-12,38.5,39,38.5,33.61585998535156,14500
2011-04-13,38.63999938964844,39.099998474121094,38.63999938964844,33.702049255371094,200
2011-04-14,39,39,39,33.61585998535156,100
2011-04-15,38.84000015258789,39.16999816894531,38.84000015258789,33.69343185424805,500
2011-04-18,39.09000015258789,39.09000015258789,39.09000015258789,33.69343185424805,0
2011-04-19,38.04999923706055,38.06999969482422,38.029998779296875,32.77976608276367,900
2011-04-20,38.720001220703125,38.849998474121094,38.630001068115234,33.48656463623047,1100
2011-04-21,38.599998474121094,38.900001525878906,38.599998474121094,33.48656463623047,1400
2011-04-25,39.4900016784668,39.95000076293945,39.4900016784668,34.26231384277344,800
2011-04-26,39.619998931884766,39.619998931884766,39,33.61585998535156,136000
2011-04-27,39.25,39.29999923706055,38.599998474121094,33.87443542480469,199500
2011-04-28,39.61000061035156,39.75,39.61000061035156,34.26231384277344,2500
2011-04-29,40,40,39.689998626708984,34.4777946472168,1300
2011-05-02,40.04999923706055,40.04999923706055,39.970001220703125,34.45195007324219,1300
2011-05-03,39.650001525878906,39.70000076293945,39.650001525878906,34.21922302246094,74800
2011-05-04,39.70000076293945,40.20000076293945,39.70000076293945,34.4777946472168,3900
2011-05-05,39.95000076293945,39.959999084472656,39.95000076293945,34.443321228027344,80000
2011-05-06,39.77000045776367,39.77000045776367,39.5,34.04682159423828,1700
2011-05-09,39.849998474121094,39.849998474121094,39.25,33.87443542480469,33500
2011-05-10,40.650001525878906,40.650001525878906,40.04999923706055,34.52089309692383,1600
2011-05-11,40.650001525878906,40.70000076293945,40.310001373291016,35.08116912841797,564500
2011-05-12,41.45000076293945,41.849998474121094,41.45000076293945,36.02067947387695,306000
2011-05-13,41.90999984741211,41.90999984741211,41.5,35.85691452026367,900
2011-05-16,41.18000030517578,41.349998474121094,41.18000030517578,35.64142608642578,400
2011-05-17,40.91999816894531,40.91999816894531,40.25,34.69328689575195,200
2011-05-18,40.599998474121094,40.849998474121094,40.599998474121094,35.21045684814453,26200
2011-05-19,40.849998474121094,40.849998474121094,40.849998474121094,35.21045684814453,0
2011-05-20,40.45000076293945,40.45000076293945,40.20000076293945,34.65019607543945,700
2011-05-23,39.95000076293945,39.95000076293945,39.70000076293945,34.26231384277344,1600
2011-05-24,39.599998474121094,39.900001525878906,39.599998474121094,34.21922302246094,37900
2011-05-25,39.70000076293945,39.70000076293945,39.70000076293945,34.21922302246094,0
2011-05-26,40.86000061035156,40.86000061035156,40.86000061035156,35.21907424926758,30400
2011-05-27,41.349998474121094,41.349998474121094,41.349998474121094,35.64142608642578,200
2011-05-31,41.290000915527344,41.290000915527344,41.290000915527344,35.5897102355957,100
2011-06-01,41.43000030517578,41.43000030517578,40.45000076293945,34.865684509277344,25700
2011-06-02,40.45000076293945,40.45000076293945,40.45000076293945,34.865684509277344,0
2011-06-03,40.43000030517578,40.43000030517578,40.43000030517578,34.84843444824219,355000
2011-06-06,40.279998779296875,40.279998779296875,40.279998779296875,34.719139099121094,100
2011-06-07,40.65999984741211,40.65999984741211,40.619998931884766,35.012210845947266,300
2011-06-08,40.849998474121094,40.849998474121094,40.849998474121094,35.21045684814453,300
2011-06-09,41.130001068115234,41.130001068115234,41.130001068115234,35.4517936706543,1000
2011-06-10,40.619998931884766,40.70000076293945,40.130001068115234,34.58985900878906,4800
2011-06-13,40.130001068115234,40.130001068115234,40.130001068115234,34.58985900878906,0
2011-06-14,40.279998779296875,40.29999923706055,40.15999984741211,34.61571502685547,1300
2011-06-15,40.2400016784668,40.2400016784668,39.400001525878906,33.960636138916016,4700
2011-06-16,39.849998474121094,39.849998474121094,39.689998626708984,34.2795524597168,101100
2011-06-17,40.099998474121094,40.20000076293945,39.880001068115234,34.374359130859375,1600
2011-06-20,39.91999816894531,39.91999816894531,39.91999816894531,34.40884017944336,400
2011-06-21,39.97999954223633,40.41999816894531,39.97999954223633,34.563995361328125,3300
2011-06-22,40.2599983215332,40.400001525878906,40.2599983215332,34.82258224487305,2000
2011-06-23,40.25,40.29999923706055,40.25,34.73637771606445,2100
2011-06-24,40.29999923706055,40.29999923706055,40.29999923706055,34.73637771606445,0
2011-06-27,40.15999984741211,40.15999984741211,40.15999984741211,34.61571502685547,100
2011-06-28,40.15999984741211,40.15999984741211,40.15999984741211,34.61571502685547,0
2011-06-29,40.79999923706055,40.79999923706055,40.689998626708984,35.072540283203125,200
2011-06-30,41.25,41.25,40.880001068115234,35.296653747558594,2800
2011-07-01,41.29999923706055,42.04999923706055,41.209999084472656,36.24479293823242,14200
2011-07-05,42.04999923706055,42.04999923706055,41.52000045776367,35.865535736083984,5300
2011-07-06,42,42,41.91999816894531,36.20168685913086,1200
2011-07-07,42.209999084472656,42.209999084472656,41.959999084472656,36.38269805908203,2100
2011-07-08,42.25,42.400001525878906,42.25,36.546470642089844,800
2011-07-11,42.20000076293945,42.2400016784668,41.95000076293945,36.15859603881836,2000
2011-07-12,42.18000030517578,42.20000076293945,42.18000030517578,36.37407684326172,3900
2011-07-13,42.52000045776367,42.52000045776367,42.5,36.63265609741211,9900
2011-07-14,42.220001220703125,42.220001220703125,42.20000076293945,36.37407684326172,700
2011-07-15,42.099998474121094,42.099998474121094,41.79999923706055,36.02930450439453,1400
2011-07-18,41.75,41.75,41.75,35.986209869384766,200
2011-07-19,42.150001525878906,42.279998779296875,42.150001525878906,36.44304275512695,4100
2011-07-20,42.29999923706055,42.29999923706055,42.25,36.417179107666016,300
2011-07-21,42.45000076293945,42.900001525878906,42.45000076293945,36.97743606567383,400
2011-07-22,42.29999923706055,42.86000061035156,42.29999923706055,36.69300079345703,80900
2011-07-25,41.79999923706055,41.9900016784668,41.79999923706055,36.16720962524414,600
2011-07-26,41.93000030517578,42.09000015258789,41.93000030517578,36.27927017211914,24000
2011-07-27,41.369998931884766,41.939998626708984,40.900001525878906,35.25354766845703,50100
2011-07-28,40.66999816894531,41,40.66999816894531,35.08977508544922,3300
2011-07-29,40.709999084472656,40.709999084472656,40.709999084472656,35.08977508544922,0
2011-08-01,41.290000915527344,41.290000915527344,40.970001220703125,35.31389236450195,400
2011-08-02,41.029998779296875,41.029998779296875,40.72999954223633,35.10701370239258,25100
2011-08-03,40.72999954223633,40.84000015258789,39.75,35.20184326171875,2700
2011-08-04,39.650001525878906,39.689998626708984,38.560001373291016,33.23660659790039,97500
2011-08-05,38.70000076293945,39.25,37,33.83134078979492,23300
2011-08-08,38.29999923706055,38.29999923706055,36.5,31.46099281311035,1300
2011-08-09,37.900001525878906,38.849998474121094,37.79999923706055,33.48656463623047,3300
2011-08-10,38,38,36.880001068115234,32.538429260253906,900
2011-08-11,37.599998474121094,37.75,37.599998474121094,32.538429260253906,400
2011-08-12,37.22999954223633,37.650001525878906,37.22999954223633,32.45222854614258,400
2011-08-15,37.5,37.5,37.5,32.322940826416016,100
2011-08-16,37.70000076293945,37.70000076293945,37.349998474121094,32.19364547729492,1100
2011-08-17,37.22999954223633,37.22999954223633,37.22999954223633,32.09021759033203,200
2011-08-18,35.70000076293945,35.70000076293945,35.29999923706055,30.42666244506836,54700
2011-08-19,36.29999923706055,36.29999923706055,35.20000076293945,30.34046173095703,56200
2011-08-22,35.349998474121094,35.75,34.959999084472656,30.81454086303711,2400
2011-08-23,36,36,36,31.030019760131836,15000
2011-08-24,35.90999984741211,36,35.90999984741211,31.030019760131836,1800
2011-08-25,36.2400016784668,36.2400016784668,35.79999923706055,30.857629776000977,1200
2011-08-26,35.95000076293945,35.95000076293945,35.95000076293945,30.98692512512207,200
2011-08-29,35.65999984741211,36.119998931884766,35.65999984741211,31.133455276489258,800
2011-08-30,36.119998931884766,36.119998931884766,36.119998931884766,31.133455276489258,0
2011-08-31,36.08000183105469,36.08000183105469,35.79999923706055,30.857629776000977,20100
2011-09-01,35.90999984741211,36.34000015258789,35.790000915527344,30.84901237487793,5500
2011-09-02,35.220001220703125,35.220001220703125,35,30.168073654174805,500
2011-09-06,34.040000915527344,34.400001525878906,33.540000915527344,29.650907516479492,2400
2011-09-07,34.400001525878906,34.400001525878906,34.400001525878906,29.650907516479492,0
2011-09-08,34.45000076293945,34.7400016784668,34.349998474121094,29.607810974121094,40700
2011-09-09,34.400001525878906,34.400001525878906,33.91999816894531,29.30613136291504,700
2011-09-12,34,34,34,29.30613136291504,200
2011-09-13,34.2599983215332,34.400001525878906,34,29.30613136291504,50900
2011-09-14,34.72999954223633,34.72999954223633,34.72999954223633,29.93535041809082,400
2011-09-15,34.72999954223633,34.72999954223633,34.72999954223633,29.93535041809082,0
2011-09-16,35.54999923706055,35.70000076293945,35.25,30.77144432067871,3300
2011-09-19,34.5,35.29999923706055,34.5,30.42666244506836,52300
2011-09-20,35.150001525878906,35.70000076293945,35.150001525878906,30.77144432067871,1300
2011-09-21,34.75,34.810001373291016,34.599998474121094,30.004310607910156,59300
2011-09-22,33.45000076293945,33.45000076293945,33.25,28.65966796875,300
2011-09-23,33.400001525878906,34.02000045776367,33.400001525878906,29.3233642578125,600
2011-09-26,33.939998626708984,33.959999084472656,33.75,29.090646743774414,16000
2011-09-27,34.54999923706055,34.54999923706055,34.54999923706055,29.78019905090332,100
2011-09-28,35.650001525878906,35.650001525878906,34.86000061035156,30.168073654174805,222700
2011-09-29,35,35,35,30.168073654174805,400
2011-09-30,34.70000076293945,34.70000076293945,34.099998474121094,29.392322540283203,700
2011-10-03,34.040000915527344,34.040000915527344,33.599998474121094,28.96135139465332,600
2011-10-04,33,33.72999954223633,32.43000030517578,29.07340431213379,126400
2011-10-05,32.70000076293945,32.70000076293945,32.70000076293945,28.185604095458984,50200
2011-10-06,33.099998474121094,33.540000915527344,33.099998474121094,28.74586296081543,1100
2011-10-07,33.72999954223633,33.72999954223633,33.43000030517578,28.814821243286133,200
2011-10-10,33.599998474121094,33.599998474121094,33.599998474121094,28.96135139465332,200
2011-10-11,33.68000030517578,33.68000030517578,33.68000030517578,29.03031349182129,24000
2011-10-12,34.099998474121094,34.099998474121094,33.75,29.228553771972656,116100
2011-10-13,33.90999984741211,33.90999984741211,33.90999984741211,29.228553771972656,0
2011-10-14,33.90999984741211,33.90999984741211,33.90999984741211,29.228553771972656,0
2011-10-17,33.90999984741211,33.90999984741211,33.90999984741211,29.228553771972656,0
2011-10-18,33.900001525878906,34.25,33.900001525878906,29.521615982055664,400
2011-10-19,33.369998931884766,33.810001373291016,33.369998931884766,28.918254852294922,1400
2011-10-20,33.75,33.75,33.599998474121094,28.96135139465332,200500
2011-10-21,33.630001068115234,33.650001525878906,33.630001068115234,29.00444984436035,20000
2011-10-24,34.25,34.25,33.650001525878906,29.219940185546875,2100
2011-10-25,33.25,33.25,33.25,28.65966796875,200
2011-10-26,32.95000076293945,32.95000076293945,32.95000076293945,28.401090621948242,200
2011-10-27,34.150001525878906,34.150001525878906,34.150001525878906,29.435420989990234,100
2011-10-28,34.95000076293945,34.95000076293945,34.7599983215332,29.961204528808594,100500
2011-10-31,33.900001525878906,33.900001525878906,33.529998779296875,28.96135139465332,40300
2011-11-01,32.86000061035156,33.150001525878906,32.86000061035156,28.57347869873047,40400
2011-11-02,32.4900016784668,32.59000015258789,32.4900016784668,28.090784072875977,120000
2011-11-03,32.099998474121094,32.099998474121094,32.099998474121094,27.668432235717773,4000
2011-11-04,32.25,32.25,32.25,27.797725677490234,200
2011-11-07,32.25,32.25,32.25,27.797725677490234,0
2011-11-08,32.25,32.25,32.25,27.797725677490234,0
2011-11-09,32.29999923706055,32.29999923706055,32,27.582239151000977,67900
2011-11-10,32.5,32.54999923706055,32.189998626708984,28.056306838989258,65400
2011-11-11,31.969999313354492,32.29999923706055,31.969999313354492,27.668432235717773,276500
2011-11-14,31.850000381469727,32.5,31.850000381469727,28.013214111328125,2900
2011-11-15,31.989999771118164,31.989999771118164,31.989999771118164,27.57362174987793,44000
2011-11-16,32.099998474121094,32.11000061035156,32.099998474121094,27.67705535888672,55600
2011-11-17,32.27000045776367,32.40999984741211,31.799999237060547,27.935638427734375,194400
2011-11-18,31.81999969482422,31.81999969482422,31.809999465942383,27.41847038269043,34000
2011-11-21,31,31,30.600000381469727,26.375520706176758,500
2011-11-22,30.649999618530273,30.899999618530273,30.649999618530273,26.435855865478516,60600
2011-11-23,30.600000381469727,30.600000381469727,30.600000381469727,26.375520706176758,400
2011-11-25,31.229999542236328,31.450000762939453,31.059999465942383,26.77201271057129,57800
2011-11-28,31.780000686645508,31.790000915527344,31.780000686645508,27.401229858398438,1600
2011-11-29,32.5099983215332,32.5099983215332,32.15999984741211,27.72015380859375,60600
2011-11-30,33.25,33.25,33.099998474121094,28.530384063720703,59100
2011-12-01,32.650001525878906,32.650001525878906,32.650001525878906,28.14250946044922,500
2011-12-02,33.04999923706055,33.11000061035156,33,28.444183349609375,36000
2011-12-05,33.77000045776367,34,33.77000045776367,29.30613136291504,152500
2011-12-06,34,34,34,29.30613136291504,0
2011-12-07,34.45000076293945,34.45000076293945,34.040000915527344,29.340604782104492,238100
2011-12-08,34.040000915527344,34.040000915527344,34.040000915527344,29.340604782104492,0
2011-12-09,33.79999923706055,33.79999923706055,33.79999923706055,29.133743286132812,73700
2011-12-12,33.79999923706055,33.79999923706055,33.79999923706055,29.133743286132812,0
2011-12-13,32.959999084472656,32.959999084472656,32.959999084472656,28.40970802307129,3100
2011-12-14,32.959999084472656,32.959999084472656,32.959999084472656,28.40970802307129,0
2011-12-15,32.41999816894531,33,32.40999984741211,28.444183349609375,2000
2011-12-16,32.0099983215332,32.09000015258789,31.549999237060547,27.19436264038086,95400
2011-12-19,31.649999618530273,31.649999618530273,31.600000381469727,27.23746681213379,2600
2011-12-20,31.790000915527344,31.899999618530273,31.790000915527344,27.49604606628418,800
2011-12-21,32.279998779296875,32.279998779296875,32.279998779296875,27.823585510253906,2400
2011-12-22,31.81999969482422,32.34000015258789,31.81999969482422,27.87529945373535,3200
2011-12-23,32.650001525878906,32.650001525878906,32.650001525878906,28.14250946044922,100
2011-12-27,31.950000762939453,32.54999923706055,31.899999618530273,27.797725677490234,20500
2011-12-28,31.950000762939453,31.950000762939453,31.799999237060547,27.40985107421875,1500
2011-12-29,32.11000061035156,32.11000061035156,32.11000061035156,27.67705535888672,300
2011-12-30,32.650001525878906,32.880001068115234,32.650001525878906,28.340755462646484,600
2012-01-03,33.459999084472656,33.54999923706055,33.459999084472656,28.840682983398438,1700
2012-01-04,34.47999954223633,34.540000915527344,34.47999954223633,29.771581649780273,1100
2012-01-05,34.58000183105469,34.599998474121094,34.58000183105469,29.82329559326172,400
2012-01-06,34.599998474121094,34.599998474121094,34.59000015258789,29.81468391418457,300
2012-01-09,34.02000045776367,34.02000045776367,34.02000045776367,29.3233642578125,100
2012-01-10,34,34,34,29.30613136291504,300
2012-01-11,34,34.11000061035156,34,29.40094566345215,29100
2012-01-12,33.97999954223633,33.9900016784668,33.97999954223633,29.297513961791992,113600
2012-01-13,34.52000045776367,34.52000045776367,34.02000045776367,29.3233642578125,80200
2012-01-17,33.90999984741211,34.099998474121094,33.650001525878906,29.392322540283203,70900
2012-01-18,33.349998474121094,34.25,33.349998474121094,29.521615982055664,1200
2012-01-19,33.810001373291016,34.470001220703125,33.810001373291016,29.711246490478516,168200
2012-01-20,34.900001525878906,35.619998931884766,34.900001525878906,30.40941619873047,1700
2012-01-23,35.93000030517578,35.93000030517578,35.56999969482422,30.823156356811523,60200
2012-01-24,35.959999084472656,35.959999084472656,35.959999084472656,30.99553871154785,88800
2012-01-25,36.29999923706055,36.5099983215332,36.20000076293945,31.46961212158203,77600
2012-01-26,37.79999923706055,37.79999923706055,36.95000076293945,31.848873138427734,76300
2012-01-27,37,37,37,31.8919677734375,48300
2012-01-30,35.900001525878906,36.79999923706055,35.900001525878906,31.236888885498047,700
2012-01-31,36.5,37.099998474121094,36.5,31.978164672851562,1000
2012-02-01,37.849998474121094,37.95000076293945,37.25,32.69357681274414,153200
2012-02-02,38.130001068115234,38.130001068115234,38.130001068115234,32.86595916748047,36700
2012-02-03,38.54999923706055,38.54999923706055,38.0099983215332,33.22798156738281,5600
2012-02-06,38.45000076293945,39.099998474121094,38.45000076293945,33.684814453125,22900
2012-02-07,39.810001373291016,40,39.61000061035156,34.141639709472656,66400
2012-02-08,40.25,40.849998474121094,40.25,34.994964599609375,800
2012-02-09,40.650001525878906,40.650001525878906,40.150001525878906,34.60708999633789,2400
2012-02-10,39.79999923706055,39.79999923706055,39.25,34.176116943359375,81400
2012-02-13,39.75,39.75,39.75,34.26231384277344,30100
2012-02-14,39.70000076293945,40.04999923706055,39.70000076293945,34.52089309692383,100900
2012-02-15,41.099998474121094,41.599998474121094,41.04999923706055,35.85691452026367,16100
2012-02-16,42,42,41.45000076293945,35.727622985839844,300
2012-02-17,42,42,41.349998474121094,35.64142608642578,500
2012-02-21,41.25,41.54999923706055,41.25,35.68452072143555,1300
2012-02-22,42,42,41.75,35.986209869384766,400
2012-02-23,41.5,41.95000076293945,41.5,36.15859603881836,400
2012-02-24,42,42.099998474121094,41.900001525878906,36.11549758911133,1200
2012-02-27,41.900001525878906,41.900001525878906,41.849998474121094,36.0723991394043,300
2012-02-28,42,42,42,36.20168685913086,500
2012-02-29,41.7599983215332,41.95000076293945,41.34000015258789,36.15859603881836,54700
2012-03-01,41.599998474121094,41.599998474121094,41.41999816894531,35.701759338378906,40200
2012-03-02,40.95000076293945,40.95000076293945,40.20000076293945,35.0552978515625,361400
2012-03-05,41,41,40.29999923706055,35.296653747558594,115800
2012-03-06,39.650001525878906,39.75,39.650001525878906,34.26231384277344,1100
2012-03-07,40.650001525878906,40.650001525878906,40.650001525878906,35.03806686401367,4100
2012-03-08,40.650001525878906,40.650001525878906,40.650001525878906,35.03806686401367,0
2012-03-09,41.400001525878906,42.04999923706055,41.400001525878906,36.24479293823242,61800
2012-03-12,42.04999923706055,42.04999923706055,42.04999923706055,36.24479293823242,0
2012-03-13,41.400001525878906,41.400001525878906,41.400001525878906,35.68452072143555,200
2012-03-14,41.400001525878906,41.400001525878906,41.400001525878906,35.68452072143555,0
2012-03-15,42.349998474121094,43,42.349998474121094,37.06363296508789,500
2012-03-16,43.29999923706055,43.29999923706055,42.5,36.63265609741211,24700
2012-03-19,42.5,42.5,42.5,36.63265609741211,0
2012-03-20,41.630001068115234,41.630001068115234,41.630001068115234,35.88277816772461,100
2012-03-21,41.599998474121094,41.599998474121094,41.599998474121094,35.85691452026367,60300
2012-03-22,42,42.22999954223633,42,36.399932861328125,58400
2012-03-23,42,42,41.349998474121094,35.64142608642578,47600
2012-03-26,42.45000076293945,42.45000076293945,42.45000076293945,36.589561462402344,300
2012-03-27,42.45000076293945,42.45000076293945,42.45000076293945,36.589561462402344,0
2012-03-28,43.310001373291016,43.31999969482422,43,37.06363296508789,2500
2012-03-29,42.83000183105469,43.25,42.83000183105469,37.14983367919922,300
2012-03-30,43.70000076293945,43.75,43.70000076293945,37.71009826660156,200
2012-04-02,42.619998931884766,43.20000076293945,42.619998931884766,37.14983367919922,1300
2012-04-03,43.599998474121094,43.599998474121094,43.040000915527344,37.098114013671875,48600
2012-04-04,41.54999923706055,42.04999923706055,41.54999923706055,36.24479293823242,56400
2012-04-05,41.93000030517578,41.93000030517578,41.93000030517578,36.141357421875,100
2012-04-09,41.04999923706055,41.099998474121094,40.599998474121094,34.994964599609375,600
2012-04-10,41.099998474121094,41.5,40.099998474121094,34.563995361328125,900
2012-04-11,41.349998474121094,41.349998474121094,41.349998474121094,35.64142608642578,100
2012-04-12,41.400001525878906,41.5,41.400001525878906,35.770721435546875,600
2012-04-13,40.54999923706055,41.04999923706055,40.45000076293945,34.865684509277344,700
2012-04-16,40.5,41.20000076293945,40.25,34.69328689575195,1000
2012-04-17,40.52000045776367,40.52000045776367,40.52000045776367,34.9260139465332,100
2012-04-18,40.52000045776367,40.52000045776367,40.52000045776367,34.9260139465332,0
2012-04-19,40.619998931884766,40.619998931884766,40.619998931884766,35.012210845947266,100
2012-04-20,40.22999954223633,40.849998474121094,40.22999954223633,34.91739273071289,23100
2012-04-23,39.970001220703125,39.970001220703125,39.970001220703125,34.45195007324219,300
2012-04-24,39.970001220703125,39.970001220703125,39.970001220703125,34.45195007324219,0
2012-04-25,40.9900016784668,40.9900016784668,40.9900016784668,35.33112716674805,200
2012-04-26,40.099998474121094,40.349998474121094,40.099998474121094,34.77948760986328,200
2012-04-27,41.29999923706055,41.29999923706055,41.29999923706055,35.598331451416016,400
2012-04-30,41.29999923706055,41.29999923706055,41.29999923706055,35.598331451416016,0
2012-05-01,40.599998474121094,40.599998474121094,40.150001525878906,34.60708999633789,20600
2012-05-02,39.70000076293945,39.70000076293945,39.65999984741211,34.18474197387695,500
2012-05-03,39.65999984741211,39.65999984741211,39.65999984741211,34.18474197387695,0
2012-05-04,39.65999984741211,39.65999984741211,39.65999984741211,34.18474197387695,0
2012-05-07,39.56999969482422,39.56999969482422,39.56999969482422,34.10715866088867,2200
2012-05-08,39.56999969482422,39.56999969482422,39.56999969482422,34.10715866088867,0
2012-05-09,40,40.130001068115234,39.959999084472656,34.58985900878906,72800
2012-05-10,39.810001373291016,40.11000061035156,39.810001373291016,34.57261657714844,140100
2012-05-11,40.59000015258789,40.59000015258789,40.59000015258789,34.98634719848633,2000
2012-05-14,39.630001068115234,40.2400016784668,39.630001068115234,34.684669494628906,200
2012-05-15,39.43000030517578,39.43000030517578,39.43000030517578,33.986488342285156,28000
2012-05-16,38.790000915527344,38.79999923706055,38.790000915527344,33.44346237182617,34000
2012-05-17,38.79999923706055,38.79999923706055,38.79999923706055,33.44346237182617,0
2012-05-18,37.95000076293945,38.38999938964844,37.95000076293945,33.09006881713867,55000
2012-05-21,37.5,37.5,37.5,32.322940826416016,1100
2012-05-22,38.45000076293945,38.45000076293945,38.45000076293945,33.14178466796875,200
2012-05-23,38.45000076293945,38.45000076293945,38.45000076293945,33.14178466796875,400
2012-05-24,38.45000076293945,38.45000076293945,38.45000076293945,33.14178466796875,0
2012-05-25,38.45000076293945,38.45000076293945,38.45000076293945,33.14178466796875,0
2012-05-29,38.209999084472656,39,38.209999084472656,33.45208740234375,25100
2012-05-30,38.5,38.5,38.5,33.18488693237305,100
2012-05-31,38.150001525878906,38.150001525878906,38.150001525878906,32.88319396972656,34400
2012-06-01,37.7599983215332,37.7599983215332,37.7599983215332,32.54704284667969,280500
2012-06-04,36.849998474121094,37.29999923706055,36.79999923706055,32.15054702758789,500
2012-06-05,37.29999923706055,37.29999923706055,37.29999923706055,32.15054702758789,0
2012-06-06,37.29999923706055,37.29999923706055,37.29999923706055,32.15054702758789,0
2012-06-07,39.04999923706055,39.04999923706055,38.25,33.529659271240234,500
2012-06-08,38.900001525878906,38.900001525878906,38.900001525878906,33.529659271240234,0
2012-06-11,38.900001525878906,38.900001525878906,38.900001525878906,33.529659271240234,0
2012-06-12,38.45000076293945,38.45000076293945,38.45000076293945,33.14178466796875,1200
2012-06-13,37.79999923706055,38.0099983215332,37.79999923706055,32.581520080566406,2100
2012-06-14,37.79999923706055,37.79999923706055,37.79999923706055,32.581520080566406,0
2012-06-15,37.83000183105469,37.83000183105469,37.83000183105469,32.607383728027344,200
2012-06-18,37.83000183105469,37.83000183105469,37.83000183105469,32.607383728027344,0
2012-06-19,38,38,38,32.75390625,200
2012-06-20,38,38,38,32.75390625,0
2012-06-21,38.54999923706055,38.54999923706055,38.45000076293945,33.14178466796875,700
2012-06-22,38.849998474121094,38.849998474121094,38.849998474121094,33.48656463623047,300
2012-06-25,38.849998474121094,38.849998474121094,38.849998474121094,33.48656463623047,0
2012-06-26,38.849998474121094,38.849998474121094,38.849998474121094,33.48656463623047,0
2012-06-27,38.45000076293945,38.45000076293945,38.45000076293945,33.14178466796875,300
2012-06-28,38.5,38.5,38.5,33.18488693237305,200
2012-06-29,39.79999923706055,39.849998474121094,39.79999923706055,34.348506927490234,7300
2012-07-02,39.849998474121094,39.849998474121094,39.849998474121094,34.348506927490234,0
2012-07-03,39.849998474121094,39.849998474121094,39.849998474121094,34.348506927490234,0
2012-07-05,39.849998474121094,39.849998474121094,39.849998474121094,34.348506927490234,0
2012-07-06,39.849998474121094,39.849998474121094,39.849998474121094,34.348506927490234,0
2012-07-09,39.20000076293945,39.20000076293945,39.18000030517578,33.77100372314453,800
2012-07-10,38.54999923706055,38.54999923706055,38.349998474121094,33.05559158325195,3800
2012-07-11,38.25,38.25,38.25,32.96939468383789,100
2012-07-12,37.95000076293945,37.95000076293945,37.95000076293945,32.710819244384766,35600
2012-07-13,37.95000076293945,37.95000076293945,37.95000076293945,32.710819244384766,0
2012-07-16,37.790000915527344,37.790000915527344,37.790000915527344,32.572898864746094,200
2012-07-17,37.599998474121094,37.599998474121094,37.599998474121094,32.409122467041016,2000
2012-07-18,37.599998474121094,37.599998474121094,37.599998474121094,32.409122467041016,0
2012-07-19,38.099998474121094,38.099998474121094,38.099998474121094,32.8400993347168,100
2012-07-20,38,38,37.33000183105469,32.17641067504883,21000
2012-07-23,37.439998626708984,37.45000076293945,37.439998626708984,32.279850006103516,300
2012-07-24,37,37,36.099998474121094,31.116214752197266,200
2012-07-25,36.45000076293945,36.45000076293945,35.88999938964844,30.935209274291992,500
2012-07-26,35.88999938964844,35.88999938964844,35.88999938964844,30.935209274291992,0
2012-07-27,37.54999923706055,37.70000076293945,37.54999923706055,32.495330810546875,700
2012-07-30,38.04999923706055,38.04999923706055,38.04999923706055,32.7970085144043,100
2012-07-31,38.400001525878906,38.45000076293945,38.349998474121094,33.14178466796875,577400
2012-08-01,38.2400016784668,38.2400016784668,38.2400016784668,32.96078872680664,1400
2012-08-02,38.20000076293945,38.20000076293945,38.20000076293945,32.92630386352539,200
2012-08-03,40,40.95000076293945,40,35.296653747558594,3400
2012-08-06,40.54999923706055,40.68000030517578,40.29999923706055,35.06392288208008,155600
2012-08-07,40.5,40.650001525878906,40.5,35.03806686401367,2100
2012-08-08,40.40999984741211,40.40999984741211,40.150001525878906,34.60708999633789,58300
2012-08-09,40.470001220703125,40.470001220703125,40.470001220703125,34.88291549682617,1300
2012-08-10,41.04999923706055,41.04999923706055,41.04999923706055,35.38283920288086,100
2012-08-13,41.04999923706055,41.04999923706055,41.04999923706055,35.38283920288086,0
2012-08-14,40.54999923706055,40.54999923706055,40.54999923706055,34.95186996459961,500
2012-08-15,39.849998474121094,39.849998474121094,39.849998474121094,34.348506927490234,1200
2012-08-16,41.52000045776367,41.52000045776367,40.900001525878906,35.25354766845703,56400
2012-08-17,41.0099983215332,41.0099983215332,40.95000076293945,35.296653747558594,4600
2012-08-20,40.5099983215332,40.5099983215332,40.5099983215332,34.91739273071289,1000
2012-08-21,40.5099983215332,40.5099983215332,40.5099983215332,34.91739273071289,0
2012-08-22,41.349998474121094,41.349998474121094,41.349998474121094,35.64142608642578,300
2012-08-23,41.119998931884766,41.20000076293945,40.65999984741211,35.04667663574219,83400
2012-08-24,40.900001525878906,41.54999923706055,40.900001525878906,35.55522918701172,2400
2012-08-27,41.2400016784668,41.2400016784668,40.61000061035156,35.49489974975586,300
2012-08-28,40.150001525878906,40.689998626708984,40.150001525878906,34.65019607543945,80600
2012-08-29,40.040000915527344,40.41999816894531,40.040000915527344,34.61571502685547,32800
2012-08-30,40.15999984741211,40.15999984741211,40.15999984741211,34.61571502685547,0
2012-08-31,40.15999984741211,40.15999984741211,40.15999984741211,34.61571502685547,0
2012-09-04,39.65999984741211,39.65999984741211,38.900001525878906,33.61585998535156,1200
2012-09-05,38.959999084472656,38.959999084472656,38.959999084472656,33.58137893676758,100
2012-09-06,39.54999923706055,40.349998474121094,39.54999923706055,34.77948760986328,300
2012-09-07,40.470001220703125,40.470001220703125,40.470001220703125,34.88291549682617,160200
2012-09-10,40.779998779296875,41.29999923706055,40.779998779296875,35.598331451416016,700
2012-09-11,40.20000076293945,40.650001525878906,40.20000076293945,35.03806686401367,127200
2012-09-12,41.540000915527344,41.540000915527344,40.7400016784668,35.115638732910156,71900
2012-09-13,41.470001220703125,41.470001220703125,41.470001220703125,35.744850158691406,50000
2012-09-14,41.7400016784668,41.7400016784668,41.7400016784668,35.97758483886719,50800
2012-09-17,40.900001525878906,41.209999084472656,40.900001525878906,35.348365783691406,134200
2012-09-18,41.04999923706055,41.04999923706055,41.04999923706055,35.38283920288086,5100
2012-09-19,41.54999923706055,41.54999923706055,41.54999923706055,35.81381607055664,100
2012-09-20,41.11000061035156,41.220001220703125,41.11000061035156,35.529380798339844,600
2012-09-21,41.220001220703125,41.220001220703125,41.220001220703125,35.529380798339844,0
2012-09-24,41.220001220703125,41.220001220703125,41.220001220703125,35.529380798339844,0
2012-09-25,40.29999923706055,40.79999923706055,40.29999923706055,35.16735076904297,200
2012-09-26,40.79999923706055,40.79999923706055,40.79999923706055,35.16735076904297,0
2012-09-27,39.880001068115234,40.119998931884766,39.77000045776367,34.30541229248047,283600
2012-09-28,39.83000183105469,39.83000183105469,38.900001525878906,33.529659271240234,1065700
2012-10-01,38.13999938964844,38.630001068115234,38.13999938964844,33.05559158325195,67600
2012-10-02,38.5099983215332,38.5099983215332,38.2599983215332,32.97801971435547,27900
2012-10-03,38.79999923706055,38.79999923706055,38.150001525878906,32.96939468383789,1200
2012-10-04,39.099998474121094,39.849998474121094,39.099998474121094,34.348506927490234,500
2012-10-05,39.08000183105469,39.29999923706055,39,33.62447738647461,64300
2012-10-08,38.970001220703125,38.970001220703125,38.970001220703125,33.589996337890625,100
2012-10-09,38.400001525878906,38.400001525878906,37.849998474121094,32.6418571472168,1500
2012-10-10,36.900001525878906,36.900001525878906,36.900001525878906,31.805763244628906,200
2012-10-11,37.5099983215332,37.5099983215332,37.150001525878906,32.02125549316406,29900
2012-10-12,37,37,37,31.8919677734375,400
2012-10-15,37,37,37,31.8919677734375,0
2012-10-16,38.66999816894531,38.66999816894531,38.66999816894531,33.3314094543457,100
2012-10-17,38.970001220703125,38.970001220703125,38.849998474121094,33.48656463623047,28600
2012-10-18,38.95000076293945,38.95000076293945,38.95000076293945,33.57276153564453,1000
2012-10-19,38.7599983215332,38.7599983215332,38.54999923706055,33.22798156738281,900
2012-10-22,38.54999923706055,38.54999923706055,38.54999923706055,33.22798156738281,0
2012-10-23,38.709999084472656,38.709999084472656,38.709999084472656,33.36589050292969,200
2012-10-24,38.709999084472656,38.709999084472656,38.709999084472656,33.36589050292969,0
2012-10-25,38.709999084472656,38.709999084472656,38.709999084472656,33.36589050292969,0
2012-10-26,38.709999084472656,38.709999084472656,38.709999084472656,33.36589050292969,0
2012-10-31,38.630001068115234,38.630001068115234,38.5,33.18488693237305,1600
2012-11-01,39.08000183105469,39.08000183105469,39.08000183105469,33.684814453125,200
2012-11-02,39.20000076293945,39.20000076293945,39.20000076293945,33.788246154785156,200
2012-11-05,39.93000030517578,39.939998626708984,39.93000030517578,34.426082611083984,28000
2012-11-06,40.150001525878906,40.91999816894531,40.150001525878906,35.270782470703125,900
2012-11-07,40.20000076293945,40.20000076293945,40.20000076293945,34.65019607543945,300
2012-11-08,40.20000076293945,40.20000076293945,40.20000076293945,34.65019607543945,0
2012-11-09,39.79999923706055,39.79999923706055,39.79999923706055,34.30541229248047,100
2012-11-12,39.79999923706055,39.79999923706055,39.79999923706055,34.30541229248047,0
2012-11-13,39.79999923706055,39.79999923706055,39.79999923706055,34.30541229248047,0
2012-11-14,38.25,38.619998931884766,37.810001373291016,33.2883186340332,1800
2012-11-15,38.619998931884766,38.619998931884766,38.619998931884766,33.2883186340332,0
2012-11-16,40.599998474121094,40.599998474121094,40.599998474121094,34.994964599609375,196500
2012-11-19,40.599998474121094,40.599998474121094,40.599998474121094,34.994964599609375,0
2012-11-20,41.27000045776367,41.27000045776367,41.099998474121094,35.425941467285156,62200
2012-11-21,41.95000076293945,41.95000076293945,41.95000076293945,36.15859603881836,100
2012-11-23,42.31999969482422,42.400001525878906,42.31999969482422,36.546470642089844,5000
2012-11-26,42.849998474121094,42.970001220703125,42.849998474121094,37.037776947021484,2700
2012-11-27,42.41999816894531,43,42.400001525878906,37.037776947021484,5400
2012-11-28,42.970001220703125,42.970001220703125,42.970001220703125,37.037776947021484,0
2012-11-29,42.720001220703125,42.810001373291016,42.720001220703125,36.899871826171875,300
2012-11-30,42.70000076293945,42.70000076293945,42.689998626708984,36.79643249511719,300
2012-12-03,42.689998626708984,42.689998626708984,42.689998626708984,36.79643249511719,0
2012-12-04,43.11000061035156,43.11000061035156,43.11000061035156,37.158451080322266,300
2012-12-05,42.560001373291016,42.560001373291016,42.54999923706055,36.68437957763672,42200
2012-12-06,42.75,42.75,42.65999984741211,36.77919006347656,3200
2012-12-07,42.66999816894531,42.66999816894531,42.66999816894531,36.77919006347656,0
2012-12-10,42.66999816894531,42.66999816894531,42.66999816894531,36.77919006347656,0
2012-12-11,42.66999816894531,42.66999816894531,42.66999816894531,36.77919006347656,0
2012-12-12,43.029998779296875,43.029998779296875,43.029998779296875,37.089500427246094,100
2012-12-13,42.779998779296875,42.900001525878906,42.779998779296875,36.97743606567383,300
2012-12-14,42.939998626708984,42.939998626708984,42.939998626708984,37.011905670166016,100
2012-12-17,43.18000030517578,43.18000030517578,43.130001068115234,37.17569351196289,3200
2012-12-18,44.38999938964844,44.5,44.099998474121094,38.35655975341797,2500
2012-12-19,45.380001068115234,45.380001068115234,45.380001068115234,39.11506271362305,2100
2012-12-20,45.90999984741211,46,45.90999984741211,39.571895599365234,800
2012-12-21,44.939998626708984,45,44.849998474121094,38.78752899169922,800
2012-12-24,44.900001525878906,45.25,44.900001525878906,39.00301742553711,500
2012-12-26,45.61000061035156,45.61000061035156,45.099998474121094,38.87372589111328,160100
2012-12-27,45.689998626708984,46.0099983215332,45.689998626708984,39.65808868408203,40300
2012-12-28,46.119998931884766,46.25,46.060001373291016,39.7011833190918,7600
2012-12-31,46.5,46.58000183105469,46.5,40.1494026184082,500
2013-01-02,46.58000183105469,46.58000183105469,46.58000183105469,40.1494026184082,0
2013-01-03,47.25,48,47.25,41.37335968017578,500
2013-01-04,48.18000030517578,48.5,48.18000030517578,41.8043327331543,1300
2013-01-07,47.68000030517578,47.68000030517578,47.66999816894531,41.0975456237793,400
2013-01-08,47.04999923706055,47.04999923706055,46.709999084472656,40.26144790649414,700
2013-01-09,46.709999084472656,46.709999084472656,46.709999084472656,40.26144790649414,0
2013-01-10,48.18000030517578,48.18000030517578,47.900001525878906,41.28717041015625,800
2013-01-11,48.20000076293945,48.20000076293945,48.060001373291016,41.42507553100586,119400
2013-01-14,48.20000076293945,48.65999984741211,48.20000076293945,41.94224548339844,80800
2013-01-15,48.0099983215332,48.279998779296875,47.68000030517578,41.61470413208008,101800
2013-01-16,47.130001068115234,47.540000915527344,47.130001068115234,40.88205337524414,274000
2013-01-17,47.599998474121094,48.29999923706055,47.599998474121094,41.63193893432617,2700
2013-01-18,47.84000015258789,48.13999938964844,47.84000015258789,41.49403762817383,136400
2013-01-22,47.54999923706055,47.54999923706055,47.099998474121094,40.59761047363281,1100
2013-01-23,47,47.540000915527344,47,40.97686767578125,1200
2013-01-24,48.29999923706055,48.29999923706055,47.619998931884766,41.04582595825195,356700
2013-01-25,48.060001373291016,48.06999969482422,47.75,41.31303024291992,68700
2013-01-28,47.77000045776367,47.849998474121094,47.13999938964844,41.1234016418457,3100
2013-01-29,47.650001525878906,47.849998474121094,47.650001525878906,41.24407196044922,113200
2013-01-30,48.54999923706055,48.54999923706055,48.54999923706055,41.8474235534668,200
2013-01-31,47.45000076293945,47.45000076293945,47.45000076293945,40.899288177490234,1000
2013-02-01,49,49,48.54999923706055,42.235294342041016,1300
2013-02-04,48.900001525878906,48.900001525878906,48.900001525878906,42.149112701416016,100
2013-02-05,49.9900016784668,49.9900016784668,49,42.235294342041016,130700
2013-02-06,50.779998779296875,50.869998931884766,50.779998779296875,43.77819061279297,162200
2013-02-07,52.099998474121094,52.099998474121094,51.529998779296875,44.41603088378906,900
2013-02-08,52.70000076293945,52.70000076293945,52.380001068115234,45.277976989746094,61900
2013-02-11,52.75,52.75,52.54999923706055,45.31245040893555,400
2013-02-12,52.95000076293945,52.95000076293945,52.689998626708984,45.51070022583008,900
2013-02-13,52,52,52,44.82113265991211,500
2013-02-14,51.099998474121094,51.70000076293945,51.099998474121094,44.55393981933594,1100
2013-02-15,51.279998779296875,51.279998779296875,51,43.95919418334961,80500
2013-02-19,50.88999938964844,51.220001220703125,50.88999938964844,43.898860931396484,84000
2013-02-20,51.56999969482422,51.65999984741211,51.56999969482422,44.528076171875,106700
2013-02-21,51.65999984741211,51.65999984741211,51.65999984741211,44.528076171875,0
2013-02-22,51.65999984741211,51.65999984741211,51.65999984741211,44.528076171875,0
2013-02-25,50.369998931884766,50.369998931884766,50.369998931884766,43.416168212890625,20100
2013-02-26,51.209999084472656,51.290000915527344,51,43.95919418334961,384800
2013-02-27,51,51,51,43.95919418334961,0
2013-02-28,51.130001068115234,51.400001525878906,51.130001068115234,44.303977966308594,152900
2013-03-01,51.0099983215332,51.0099983215332,51.0099983215332,43.96781921386719,101300
2013-03-04,50.720001220703125,50.720001220703125,50.720001220703125,43.71784973144531,100
2013-03-05,51.5,51.61000061035156,51.5,44.48497772216797,2200
2013-03-06,51.77000045776367,51.95000076293945,51.77000045776367,44.7694206237793,253500
2013-03-07,52,52,52,44.82113265991211,1000
2013-03-08,52,52.099998474121094,52,44.90732955932617,1900
2013-03-11,51.650001525878906,51.650001525878906,51.650001525878906,44.51945877075195,1000
2013-03-12,51.349998474121094,51.45000076293945,51.349998474121094,44.295352935791016,235600
2013-03-13,51.060001373291016,51.75,51.060001373291016,44.60565185546875,1100
2013-03-14,51.75,51.75,51.75,44.60565185546875,0
2013-03-15,51.650001525878906,51.650001525878906,51.630001068115234,44.50222396850586,500
2013-03-18,51.29999923706055,52,50.9900016784668,44.82113265991211,11000
2013-03-19,52.0099983215332,52.0099983215332,51.63999938964844,44.51084518432617,500
2013-03-20,51.25,52.16999816894531,51.25,44.96766662597656,600
2013-03-21,52.5,52.5,51.63999938964844,44.86424255371094,1000
2013-03-22,51.650001525878906,51.650001525878906,51.650001525878906,44.51945877075195,900
2013-03-25,52.45000076293945,52.45000076293945,52.45000076293945,45.20901870727539,200
2013-03-26,52.45000076293945,52.45000076293945,52.45000076293945,45.20901870727539,0
2013-03-27,51.209999084472656,51.380001068115234,50.95000076293945,44.157440185546875,1000
2013-03-28,51.5,51.5,51.5,44.390167236328125,500
2013-04-01,50.810001373291016,50.810001373291016,50.810001373291016,43.79542541503906,100
2013-04-02,50.29999923706055,50.29999923706055,50.29999923706055,43.355838775634766,800
2013-04-03,50.689998626708984,50.689998626708984,50.630001068115234,43.65752029418945,500
2013-04-04,52.29999923706055,52.31999969482422,52.29999923706055,45.096961975097656,120200
2013-04-05,52.880001068115234,53.06999969482422,52.849998474121094,45.55379104614258,489400
2013-04-08,53.40999984741211,53.7599983215332,53.40999984741211,46.32954025268555,44100
2013-04-09,53.88999938964844,53.900001525878906,53.88999938964844,46.45883560180664,600
2013-04-10,53.84000015258789,53.84000015258789,53.84000015258789,46.4071159362793,800
2013-04-11,56.400001525878906,56.75,56.02000045776367,48.699886322021484,39300
2013-04-12,56.95000076293945,56.95000076293945,56.20000076293945,48.44131088256836,2700
2013-04-15,56.20000076293945,56.20000076293945,56.20000076293945,48.44131088256836,0
2013-04-16,56.20000076293945,56.20000076293945,56.20000076293945,48.44131088256836,30200
2013-04-17,55.54999923706055,55.54999923706055,55.54999923706055,47.88104248046875,200
2013-04-18,55.220001220703125,55.220001220703125,55.220001220703125,47.59660720825195,1100
2013-04-19,55.220001220703125,55.220001220703125,55.220001220703125,47.59660720825195,0
2013-04-22,55.439998626708984,55.86000061035156,55.439998626708984,48.13962936401367,18300
2013-04-23,56.09000015258789,56.20000076293945,56.09000015258789,48.44131088256836,1100
2013-04-24,56.54999923706055,57.02000045776367,56.54999923706055,49.14809799194336,1400
2013-04-25,57.34000015258789,58.099998474121094,57.34000015258789,50.010047912597656,105800
2013-04-26,57.790000915527344,57.810001373291016,57.779998779296875,49.80317687988281,37800
2013-04-29,57.779998779296875,57.779998779296875,57.779998779296875,49.80317687988281,0
2013-04-30,58.380001068115234,58.380001068115234,57.79999923706055,49.82041931152344,600
2013-05-01,57.54999923706055,57.58000183105469,56.86000061035156,49.01881790161133,98600
2013-05-02,56.900001525878906,56.900001525878906,56.900001525878906,49.0446662902832,105200
2013-05-03,57.20000076293945,57.79999923706055,57.20000076293945,49.82041931152344,400
2013-05-06,57.900001525878906,57.900001525878906,57.20000076293945,49.30325698852539,1000
2013-05-07,58.150001525878906,58.20000076293945,57.849998474121094,50.16520690917969,90800
2013-05-08,59.91999816894531,59.95000076293945,59,51.67359924316406,110900
2013-05-09,59.04999923706055,59.779998779296875,58.599998474121094,50.7254638671875,1700
2013-05-10,59.650001525878906,60.630001068115234,59.650001525878906,52.190773010253906,171800
2013-05-13,62.040000915527344,62.5099983215332,61.5,53.70779037475586,5100
2013-05-14,61.79999923706055,61.79999923706055,61.79999923706055,53.2681999206543,280200
2013-05-15,62.599998474121094,63.349998474121094,62.599998474121094,54.60420608520508,122900
2013-05-16,63.45000076293945,63.45000076293945,62.5,53.880184173583984,2900
2013-05-17,63.720001220703125,63.720001220703125,63.720001220703125,54.92314147949219,200
2013-05-20,63.650001525878906,63.650001525878906,63.650001525878906,54.8628044128418,200
2013-05-21,64.5,64.5,64.5,55.59545135498047,200
2013-05-22,64.6500015258789,65,64.6500015258789,56.02642822265625,500
2013-05-23,60.400001525878906,61.95000076293945,60.25,53.397499084472656,3000
2013-05-24,60.79999923706055,60.79999923706055,59.900001525878906,51.84599304199219,2800
2013-05-28,61.04999923706055,62.20000076293945,61.04999923706055,53.61298370361328,81900
2013-05-29,60.5,60.5,59.349998474121094,51.27711486816406,800
2013-05-30,59.4900016784668,59.4900016784668,59.4900016784668,51.27711486816406,0
2013-05-31,59.189998626708984,59.619998931884766,59.189998626708984,51.371925354003906,84500
2013-06-03,58.29999923706055,58.29999923706055,57.34000015258789,49.73422622680664,2600
2013-06-04,59.290000915527344,59.290000915527344,59.290000915527344,51.10471725463867,100
2013-06-05,58.08000183105469,58.08000183105469,57.20000076293945,49.52735900878906,7400
2013-06-06,57.459999084472656,57.459999084472656,57.459999084472656,49.52735900878906,0
2013-06-07,57.5,57.5,57.5,49.56184005737305,100
2013-06-10,60.529998779296875,60.529998779296875,60.25,51.93218994140625,41700
2013-06-11,59.54999923706055,60.650001525878906,59.54999923706055,52.2769660949707,40600
2013-06-12,60.0099983215332,60.220001220703125,59.9900016784668,51.70808410644531,108300
2013-06-13,59.20000076293945,60.15999984741211,59.20000076293945,51.854610443115234,500
2013-06-14,59.20000076293945,59.20000076293945,59.20000076293945,51.02714538574219,400
2013-06-17,60.5,60.5,60.41999816894531,52.07872009277344,1600
2013-06-18,60.75,60.75,60.75,52.3631591796875,100
2013-06-19,61.02000045776367,61.25,61.02000045776367,52.79412841796875,600
2013-06-20,59.099998474121094,59.45000076293945,59.099998474121094,51.242637634277344,500
2013-06-21,59.540000915527344,59.540000915527344,59.5099983215332,51.294349670410156,400
2013-06-24,59.5099983215332,59.5099983215332,59.5099983215332,51.294349670410156,0
2013-06-25,59.5099983215332,59.5099983215332,59.5099983215332,51.294349670410156,0
2013-06-26,59.5099983215332,59.5099983215332,59.5099983215332,51.294349670410156,0
2013-06-27,59.970001220703125,60.54999923706055,59.970001220703125,52.190773010253906,700
2013-06-28,61,61,61,52.578643798828125,900
2013-07-01,61.5099983215332,61.5099983215332,61.5099983215332,53.01824188232422,200
2013-07-02,61.95000076293945,62.560001373291016,61.95000076293945,53.923282623291016,113100
2013-07-03,61.369998931884766,61.400001525878906,60.47999954223633,52.923423767089844,3600
2013-07-05,61.400001525878906,61.400001525878906,61.400001525878906,52.923423767089844,0
2013-07-08,61.400001525878906,61.400001525878906,61.400001525878906,52.923423767089844,0
2013-07-09,63.119998931884766,63.119998931884766,62.97999954223633,54.285301208496094,500
2013-07-10,63.369998931884766,63.369998931884766,63.119998931884766,54.405967712402344,200
2013-07-11,64,64.63999938964844,64,55.71613311767578,300
2013-07-12,64.11000061035156,64.11000061035156,64.11000061035156,55.25929260253906,300
2013-07-15,64.11000061035156,64.11000061035156,64.11000061035156,55.25929260253906,0
2013-07-16,64.44999694824219,64.69000244140625,64.37999725341797,55.56097412109375,900
2013-07-17,64.95999908447266,65,64.80000305175781,56.02642822265625,600
2013-07-18,64.5,64.5,64.5,55.59545135498047,800
2013-07-19,65.12999725341797,65.29000091552734,64.80000305175781,56.27639389038086,3200
2013-07-22,65,65.30999755859375,65,56.29362487792969,1000
2013-07-23,65.30999755859375,65.30999755859375,65.30999755859375,56.29362487792969,0
2013-07-24,65.30999755859375,65.30999755859375,65.30999755859375,56.29362487792969,0
2013-07-25,63.650001525878906,63.70000076293945,63.650001525878906,54.90589904785156,1400
2013-07-26,61.150001525878906,62.349998474121094,61.150001525878906,53.74226379394531,2300
2013-07-29,60.70000076293945,60.70000076293945,59.900001525878906,51.914955139160156,58300
2013-07-30,61.20000076293945,61.58000183105469,61.20000076293945,53.078575134277344,20300
2013-07-31,60.5,61.400001525878906,60.5,52.88032531738281,400
2013-08-01,63.45000076293945,63.70000076293945,63.11000061035156,54.449066162109375,23900
2013-08-02,65.30000305175781,67,64.6500015258789,57.75031280517578,214700
2013-08-05,64.37000274658203,64.94000244140625,63.83000183105469,55.86265182495117,102800
2013-08-06,65.27999877929688,65.27999877929688,64.56999969482422,55.655792236328125,500
2013-08-07,63.900001525878906,63.900001525878906,63.849998474121094,55.035186767578125,360200
2013-08-08,64.31999969482422,64.4000015258789,63.900001525878906,55.50926208496094,112700
2013-08-09,63.70000076293945,64.4000015258789,63.58000183105469,54.802459716796875,1900
2013-08-12,63.9900016784668,64.08999633789062,63.900001525878906,55.07829284667969,78200
2013-08-13,65.26000213623047,65.26000213623047,65.26000213623047,56.25053405761719,100
2013-08-14,65.16999816894531,65.16999816894531,64.5,55.59545135498047,1700
2013-08-15,64.5,64.5,64.5,55.59545135498047,0
2013-08-16,63.970001220703125,63.970001220703125,63.970001220703125,55.13862609863281,40700
2013-08-19,63.970001220703125,63.970001220703125,63.970001220703125,55.13862609863281,0
2013-08-20,63.5,63.5,63.400001525878906,54.64731979370117,20200
2013-08-21,62.400001525878906,62.400001525878906,61.29999923706055,53.0958137512207,1200
2013-08-22,61.75,62.18000030517578,61.75,53.59574508666992,400
2013-08-23,63.560001373291016,63.560001373291016,63.560001373291016,54.78522491455078,500
2013-08-26,63.560001373291016,63.560001373291016,63.560001373291016,54.78522491455078,0
2013-08-27,62.20000076293945,62.369998931884766,62.20000076293945,53.75950622558594,20100
2013-08-28,62.369998931884766,62.369998931884766,62.369998931884766,53.75950622558594,0
2013-08-29,62.25,62.25,62,53.44059371948242,200
2013-08-30,61,61,60.06999969482422,51.77703094482422,1100
2013-09-03,62.040000915527344,62.040000915527344,61.75,53.242340087890625,700
2013-09-04,62.849998474121094,63.380001068115234,62.849998474121094,54.63008117675781,8100
2013-09-05,63.380001068115234,63.380001068115234,63.380001068115234,54.63008117675781,0
2013-09-06,63.290000915527344,63.290000915527344,62.79999923706055,54.13014221191406,800
2013-09-09,62.79999923706055,62.79999923706055,62.79999923706055,54.13014221191406,0
2013-09-10,63.650001525878906,63.65999984741211,63.650001525878906,54.87141799926758,140000
2013-09-11,63.34000015258789,63.79999923706055,63.099998474121094,54.99209213256836,154900
2013-09-12,62.84000015258789,63.400001525878906,62.84000015258789,54.64731979370117,85500
2013-09-13,63.400001525878906,63.400001525878906,63.400001525878906,54.64731979370117,0
2013-09-16,64.25,64.25,63.04999923706055,54.34563446044922,1200
2013-09-17,62.45000076293945,63.47999954223633,62.45000076293945,54.71626663208008,23300
2013-09-18,64.12999725341797,64.12999725341797,64.12999725341797,55.27653121948242,40000
2013-09-19,63.84000015258789,64.94999694824219,63.84000015258789,55.98332595825195,700
2013-09-20,65.36000061035156,65.36000061035156,64.37999725341797,55.7505989074707,500
2013-09-23,64.66999816894531,64.66999816894531,64.6500015258789,55.72475051879883,1000
2013-09-24,65,65,65,56.02642822265625,100
2013-09-25,65,65,65,56.02642822265625,0
2013-09-26,65.4000015258789,65.4000015258789,65.4000015258789,56.37120819091797,500
2013-09-27,66.16999816894531,66.16999816894531,64.66999816894531,55.74198532104492,20400
2013-09-30,63.880001068115234,63.880001068115234,63.880001068115234,55.0610466003418,1700
2013-10-01,63.880001068115234,63.880001068115234,63.880001068115234,55.0610466003418,0
2013-10-02,62.939998626708984,64,62.939998626708984,54.509403228759766,4400
2013-10-03,63.349998474121094,63.349998474121094,63.349998474121094,54.60420608520508,300
2013-10-04,63.27000045776367,63.91999816894531,62.95000076293945,55.09552764892578,1500
2013-10-07,63.91999816894531,63.91999816894531,63.91999816894531,55.09552764892578,0
2013-10-08,61.869998931884766,61.88999938964844,61.869998931884766,53.34577178955078,64400
2013-10-09,63.43000030517578,63.43000030517578,63.43000030517578,54.673179626464844,2100
2013-10-10,64.88999938964844,65.5,64.88999938964844,56.37120819091797,64600
2013-10-11,65.37000274658203,65.37000274658203,65.08999633789062,56.121238708496094,212300
2013-10-14,65.11000061035156,65.11000061035156,65.11000061035156,56.121238708496094,0
2013-10-15,65.23999786376953,65.23999786376953,64.41000366210938,55.51788330078125,213500
2013-10-16,64.48999786376953,64.48999786376953,64.48999786376953,55.58683395385742,100
2013-10-17,64.62000274658203,64.62000274658203,64.62000274658203,55.698890686035156,300
2013-10-18,64.80000305175781,64.80999755859375,64.77999877929688,55.8368034362793,48300
2013-10-21,64.9000015258789,64.9000015258789,64.9000015258789,55.940242767333984,200
2013-10-22,65.4000015258789,65.6500015258789,65.4000015258789,56.56944274902344,800
2013-10-23,64.61000061035156,64.61000061035156,64.61000061035156,55.69026565551758,200000
2013-10-24,64.3499984741211,65.01000213623047,64.3499984741211,56.03504943847656,1200
2013-10-25,64.44000244140625,64.44000244140625,64.37000274658203,55.483402252197266,108200
2013-10-28,64.37000274658203,64.37000274658203,64.37000274658203,55.483402252197266,0
2013-10-29,64.23999786376953,64.23999786376953,63.29999923706055,55.33686447143555,1700
2013-10-30,64.3499984741211,65.41999816894531,64.3499984741211,56.38844680786133,300
2013-10-31,64.58000183105469,65.25,64.58000183105469,56.241905212402344,400
2013-11-01,65.05000305175781,65.05000305175781,64.63999938964844,55.71613311767578,19800
2013-11-04,63.77000045776367,63.77000045776367,63.77000045776367,54.96623611450195,200
2013-11-05,63.5,64.19000244140625,63.5,54.7335090637207,331200
2013-11-06,67.08999633789062,67.08999633789062,63.650001525878906,54.8628044128418,10200
2013-11-07,63.5,63.5,63,54.30253982543945,1300
2013-11-08,62.9900016784668,62.9900016784668,62.9900016784668,54.29391860961914,100
2013-11-11,63.70000076293945,63.70000076293945,63,54.62145233154297,58200
2013-11-12,63.36000061035156,63.40999984741211,63.36000061035156,54.65593338012695,642800
2013-11-13,63.68000030517578,63.86000061035156,63.68000030517578,55.04380798339844,300
2013-11-14,63.689998626708984,63.869998931884766,63.689998626708984,55.05242919921875,200
2013-11-15,63.88999938964844,63.88999938964844,63.36000061035156,54.61283874511719,31600
2013-11-18,63.08000183105469,64.1500015258789,63.08000183105469,54.948997497558594,116100
2013-11-19,63.70000076293945,63.70000076293945,62.689998626708984,54.90589904785156,341400
2013-11-20,63.150001525878906,63.689998626708984,63.150001525878906,54.897281646728516,20100
2013-11-21,62.689998626708984,62.70000076293945,62.689998626708984,54.0439567565918,233000
2013-11-22,62.290000915527344,63.45000076293945,62.290000915527344,54.500789642333984,84300
2013-11-25,63.22999954223633,63.22999954223633,63.22999954223633,54.500789642333984,0
2013-11-26,63.22999954223633,63.22999954223633,63.22999954223633,54.500789642333984,0
2013-11-27,62.79999923706055,62.79999923706055,62.79999923706055,54.13014221191406,23000
2013-11-29,62.619998931884766,63.02000045776367,61.88999938964844,53.34577178955078,42600
2013-12-02,62.650001525878906,62.650001525878906,62.650001525878906,54.000858306884766,70200
2013-12-03,62.650001525878906,62.650001525878906,62.650001525878906,54.000858306884766,0
2013-12-04,60.470001220703125,61.630001068115234,60.470001220703125,52.14767074584961,76800
2013-12-05,61.150001525878906,61.18000030517578,61.150001525878906,52.733795166015625,30100
2013-12-06,61.58000183105469,61.58000183105469,61.58000183105469,53.078575134277344,100
2013-12-09,60.630001068115234,61.619998931884766,60.630001068115234,53.11304473876953,20500
2013-12-10,60.93000030517578,60.93000030517578,60.86000061035156,52.457977294921875,90200
2013-12-11,60.95000076293945,60.95000076293945,60.38999938964844,52.0528564453125,38100
2013-12-12,60.209999084472656,60.209999084472656,60,51.71670150756836,800
2013-12-13,60.16999816894531,60.45000076293945,60,52.104576110839844,65800
2013-12-16,59.4900016784668,60.029998779296875,59.0099983215332,51.7425651550293,112400
2013-12-17,60.029998779296875,60.029998779296875,60.029998779296875,51.7425651550293,0
2013-12-18,60.06999969482422,60.689998626708984,59.810001373291016,51.77703094482422,800
2013-12-19,58.779998779296875,59.77000045776367,58.779998779296875,51.51845169067383,211700
2013-12-20,59.349998474121094,59.630001068115234,59.349998474121094,51.39777374267578,300
2013-12-23,59.97999954223633,59.97999954223633,59.97999954223633,51.6994743347168,600
2013-12-24,58.47999954223633,58.47999954223633,58.47999954223633,50.40654373168945,200
2013-12-26,60.13999938964844,60.13999938964844,60.13999938964844,51.837371826171875,200
2013-12-27,60.40999984741211,60.54999923706055,60.40999984741211,52.190773010253906,800
2013-12-30,60.439998626708984,60.439998626708984,60.439998626708984,52.09595489501953,100
2013-12-31,60.439998626708984,61.599998474121094,60.439998626708984,53.0958137512207,500
2014-01-02,60.439998626708984,60.439998626708984,60.20000076293945,51.889095306396484,300
2014-01-03,60.400001525878906,61.720001220703125,60.349998474121094,52.88895034790039,600
2014-01-06,60.060001373291016,60.060001373291016,60.060001373291016,51.7684211730957,400
2014-01-07,59.81999969482422,59.81999969482422,59.81999969482422,51.56155014038086,1700
2014-01-08,59.40999984741211,59.40999984741211,59.40999984741211,51.208152770996094,200
2014-01-09,59.40999984741211,59.40999984741211,59.40999984741211,51.208152770996094,0
2014-01-10,59.40999984741211,59.40999984741211,59.40999984741211,51.208152770996094,0
2014-01-13,60.25,60.25,59.97999954223633,51.6994743347168,300
2014-01-14,59.58000183105469,59.65999984741211,59.58000183105469,51.42363739013672,66600
2014-01-15,59.029998779296875,59.2599983215332,59.029998779296875,51.078861236572266,600
2014-01-16,59.34000015258789,59.34000015258789,59.34000015258789,51.147823333740234,800
2014-01-17,59.400001525878906,59.400001525878906,59.400001525878906,51.19953155517578,1200
2014-01-21,60,60,60,51.71670150756836,300
2014-01-22,60.040000915527344,60.040000915527344,60.040000915527344,51.751182556152344,500
2014-01-23,60.0099983215332,60.0099983215332,60.0099983215332,51.725318908691406,200
2014-01-24,59.400001525878906,59.400001525878906,59.209999084472656,51.03575897216797,500
2014-01-27,59.5,59.5,58.290000915527344,50.24278259277344,700
2014-01-28,58.33000183105469,58.849998474121094,58.33000183105469,50.7254638671875,700
2014-01-29,59.47999954223633,59.47999954223633,59.02000045776367,50.87199783325195,300
2014-01-30,59.02000045776367,59.02000045776367,59.02000045776367,50.87199783325195,0
2014-01-31,57.349998474121094,57.349998474121094,57.150001525878906,49.260162353515625,400
2014-02-03,57.20000076293945,57.20000076293945,56.29999923706055,48.52750015258789,22300
2014-02-04,56.349998474121094,56.400001525878906,55.709999084472656,48.01895523071289,900
2014-02-05,58.09000015258789,58.09000015258789,57.20000076293945,49.82904052734375,18500
2014-02-06,57.84000015258789,58.2400016784668,57.81999969482422,50.199676513671875,35100
2014-02-07,58.5,59,57.86000061035156,49.87215042114258,1400
2014-02-10,57.86000061035156,57.86000061035156,57.86000061035156,49.87215042114258,0
2014-02-11,58.5,58.5,58.33000183105469,50.277252197265625,800
2014-02-12,58.810001373291016,59.2400016784668,58.79999923706055,51.03575897216797,69400
2014-02-13,58.130001068115234,58.130001068115234,57.81999969482422,49.83766174316406,20600
2014-02-14,57.79999923706055,57.86000061035156,57.79999923706055,49.87215042114258,37200
2014-02-18,57.349998474121094,58.20000076293945,57.349998474121094,50.16520690917969,800
2014-02-19,57.75,58.380001068115234,57.38999938964844,50.320350646972656,400
2014-02-20,57.5099983215332,57.900001525878906,57.5099983215332,49.906620025634766,137100
2014-02-21,57.900001525878906,57.900001525878906,57.900001525878906,49.906620025634766,0
2014-02-24,58.5,58.5,58.33000183105469,50.277252197265625,200
2014-02-25,57.849998474121094,58.220001220703125,57.849998474121094,49.8635139465332,162400
2014-02-26,57.849998474121094,57.849998474121094,57.849998474121094,49.8635139465332,0
2014-02-27,58.2400016784668,58.2400016784668,58.2400016784668,50.199676513671875,300
2014-02-28,57.29999923706055,57.29999923706055,57.29999923706055,49.38944625854492,100
2014-03-03,57.09000015258789,57.09000015258789,56.529998779296875,48.92399978637695,40400
2014-03-04,56.7599983215332,56.7599983215332,56.7599983215332,48.92399978637695,0
2014-03-05,56.900001525878906,56.900001525878906,56.7400016784668,49.0446662902832,800
2014-03-06,57.150001525878906,57.91999816894531,57.150001525878906,49.923851013183594,43000
2014-03-07,57.20000076293945,57.20000076293945,56.84000015258789,48.99295425415039,800
2014-03-10,57,57,57,49.13086700439453,200
2014-03-11,57,57,57,49.13086700439453,0
2014-03-12,55.79999923706055,56,55.0099983215332,48.26892852783203,92000
2014-03-13,55.209999084472656,55.790000915527344,55.0099983215332,48.08790588378906,78500
2014-03-14,55,55.0099983215332,54.36000061035156,46.85533905029297,560000
2014-03-17,54.939998626708984,54.939998626708984,54.939998626708984,47.35525894165039,300
2014-03-18,55.2599983215332,55.349998474121094,55.119998931884766,47.70865249633789,2700
2014-03-19,54.900001525878906,54.900001525878906,54.36000061035156,46.85533905029297,700
2014-03-20,53.5,53.7599983215332,53.34000015258789,46.338165283203125,65400
2014-03-21,53.7599983215332,53.7599983215332,53.130001068115234,45.79513931274414,400
2014-03-24,53.72999954223633,54.38999938964844,53.310001373291016,45.95029067993164,2400
2014-03-25,54.599998474121094,54.599998474121094,54.599998474121094,47.06219482421875,800
2014-03-26,55.84000015258789,55.880001068115234,54.849998474121094,48.165489196777344,3400
2014-03-27,56,56,56,48.26892852783203,500
2014-03-28,56.220001220703125,56.4900016784668,56.220001220703125,48.674034118652344,287900
2014-03-31,56.36000061035156,57.119998931884766,56.36000061035156,49.21706771850586,53800
2014-04-01,56.779998779296875,56.779998779296875,56.650001525878906,48.83781051635742,40800
2014-04-02,56.9900016784668,57.0099983215332,56.720001220703125,48.915374755859375,22300
2014-04-03,56.63999938964844,56.63999938964844,56.599998474121094,48.78608322143555,34300
2014-04-04,56.5,56.5,55.79999923706055,48.096527099609375,58100
2014-04-07,55.290000915527344,55.45000076293945,55.150001525878906,47.53627014160156,82600
2014-04-08,54.70000076293945,54.70000076293945,54.279998779296875,46.78636932373047,400
2014-04-09,53.459999084472656,53.5,53.189998626708984,46.114051818847656,41100
2014-04-10,52.38999938964844,52.56999969482422,52.11000061035156,45.31245040893555,149800
2014-04-11,52,52,52,44.82113265991211,80300
2014-04-14,53.029998779296875,53.65999984741211,53.029998779296875,46.20024871826172,20400
2014-04-15,52.630001068115234,53.38999938964844,52.58000183105469,45.846858978271484,1100
2014-04-16,53.189998626708984,53.189998626708984,53.189998626708984,45.846858978271484,0
2014-04-17,53.4900016784668,53.4900016784668,53.4900016784668,46.105445861816406,100
2014-04-21,53.4900016784668,53.4900016784668,53.4900016784668,46.105445861816406,0
2014-04-22,54.16999816894531,54.900001525878906,54.16999816894531,47.32078170776367,112200
2014-04-23,54.150001525878906,54.189998626708984,53.47999954223633,46.09681701660156,33300
2014-04-24,53.5,53.5,53.5,46.114051818847656,1500
2014-04-25,53.900001525878906,53.900001525878906,53.900001525878906,46.45883560180664,500
2014-04-28,53.900001525878906,53.900001525878906,53.900001525878906,46.45883560180664,0
2014-04-29,53.38999938964844,54.220001220703125,53.31999969482422,46.476070404052734,800
2014-04-30,53.91999816894531,53.91999816894531,53.599998474121094,46.20024871826172,800
2014-05-01,55.150001525878906,55.349998474121094,55.099998474121094,47.70865249633789,59200
2014-05-02,54.75,55.150001525878906,54.75,47.372501373291016,280300
2014-05-05,54.75,54.75,54.75,47.191490173339844,30600
2014-05-06,54.650001525878906,54.650001525878906,54.58000183105469,47.044960021972656,400
2014-05-07,54.869998931884766,54.869998931884766,54.869998931884766,47.294918060302734,200
2014-05-08,54.25,54.869998931884766,53.900001525878906,47.294918060302734,52100
2014-05-09,55,55,54.54999923706055,47.40696716308594,164600
2014-05-12,54.75,54.75,54.400001525878906,47.148399353027344,22900
2014-05-13,55.709999084472656,55.779998779296875,55,48.079288482666016,155000
2014-05-14,55.400001525878906,56.0099983215332,55.400001525878906,48.1568717956543,1300
2014-05-15,55.65999984741211,55.65999984741211,54.650001525878906,47.53627014160156,41700
2014-05-16,54.869998931884766,54.869998931884766,54.75,47.191490173339844,26300
2014-05-19,54.38999938964844,54.54999923706055,54.38999938964844,47.019100189208984,1400
2014-05-20,54.29999923706055,54.29999923706055,54,46.54503631591797,400
2014-05-21,54.04999923706055,54.04999923706055,54,46.54503631591797,500
2014-05-22,54.88999938964844,54.88999938964844,54.880001068115234,47.30354309082031,150200
2014-05-23,54.83000183105469,54.83000183105469,54.83000183105469,47.26044464111328,300
2014-05-27,54.2599983215332,55.290000915527344,54.2599983215332,47.65693664550781,4600
2014-05-28,54.5,54.5,54.5,46.97600555419922,200
2014-05-29,55.599998474121094,55.61000061035156,55.119998931884766,47.510406494140625,26100
2014-05-30,56.25,56.77000045776367,56.25,48.77747344970703,97700
2014-06-02,56.720001220703125,57.68000030517578,56.720001220703125,49.09638214111328,31700
2014-06-03,56.5099983215332,57.38999938964844,56.5099983215332,48.94124221801758,253400
2014-06-04,56.77000045776367,57.29999923706055,56.77000045776367,49.01881790161133,29100
2014-06-05,57.5099983215332,57.5099983215332,57.08000183105469,49.44978713989258,400
2014-06-06,58,58,58,49.992801666259766,300
2014-06-09,57.900001525878906,57.900001525878906,57.900001525878906,49.906620025634766,200
2014-06-10,56.880001068115234,56.900001525878906,56.880001068115234,49.0446662902832,20400
2014-06-11,57.599998474121094,57.599998474121094,56.84000015258789,48.99295425415039,62300
2014-06-12,57.560001373291016,57.849998474121094,57.560001373291016,49.8635139465332,35000
2014-06-13,57.77000045776367,57.77000045776367,57.77000045776367,49.79456329345703,200
2014-06-16,57.77000045776367,57.77000045776367,57.77000045776367,49.79456329345703,0
2014-06-17,57.77000045776367,57.77000045776367,57.77000045776367,49.79456329345703,0
2014-06-18,56.9900016784668,56.9900016784668,56.9900016784668,49.122249603271484,200
2014-06-19,59.06999969482422,59.06999969482422,58.5099983215332,50.432403564453125,300
2014-06-20,58.630001068115234,58.630001068115234,58.59000015258789,50.50135803222656,700
2014-06-23,58.619998931884766,58.91999816894531,58.619998931884766,50.78580093383789,300
2014-06-24,58.91999816894531,58.91999816894531,58.91999816894531,50.78580093383789,0
2014-06-25,57.900001525878906,58.88999938964844,57.900001525878906,50.23415756225586,2000
2014-06-26,58.40999984741211,58.40999984741211,58.40999984741211,50.34621047973633,800
2014-06-27,59.40999984741211,59.40999984741211,59.40999984741211,51.208152770996094,200
2014-06-30,59.61000061035156,59.61000061035156,59.61000061035156,51.38054275512695,100
2014-07-01,60.43000030517578,61.36000061035156,60.43000030517578,52.88895034790039,600
2014-07-02,61.70000076293945,61.70000076293945,61.70000076293945,53.182010650634766,600
2014-07-03,60.900001525878906,61.04999923706055,60.22999954223633,52.62173843383789,1600
2014-07-07,60.58000183105469,60.709999084472656,60.04999923706055,51.75980758666992,24300
2014-07-08,60.04999923706055,60.04999923706055,60.04999923706055,51.75980758666992,38000
2014-07-09,58.93000030517578,60.0099983215332,58.93000030517578,51.725318908691406,75100
2014-07-10,58.650001525878906,59.25,57.90999984741211,51.07024383544922,106700
2014-07-11,58.90999984741211,59.59000015258789,58.90999984741211,50.820274353027344,88100
2014-07-14,58.959999084472656,58.959999084472656,58.959999084472656,50.820274353027344,0
2014-07-15,59.79999923706055,59.79999923706055,58.84000015258789,50.71684646606445,500
2014-07-16,60.099998474121094,60.099998474121094,59.15999984741211,50.99266815185547,48500
2014-07-17,59.5,59.5,59.5,51.285728454589844,111800
2014-07-18,59,59.810001373291016,59,51.52707290649414,1300
2014-07-21,59.47999954223633,59.47999954223633,59.36000061035156,51.16506576538086,300
2014-07-22,59.349998474121094,59.349998474121094,59.349998474121094,51.15643310546875,200
2014-07-23,59.119998931884766,60.16999816894531,59.119998931884766,51.86323547363281,400
2014-07-24,59.31999969482422,59.31999969482422,59.31999969482422,51.13058090209961,200
2014-07-25,60.13999938964844,60.4900016784668,60.13999938964844,52.139060974121094,1000
2014-07-28,60,60,60,51.71670150756836,100
2014-07-29,60,60,60,51.71670150756836,0
2014-07-30,60,60.20000076293945,59.790000915527344,51.56155014038086,107600
2014-07-31,59.81999969482422,59.81999969482422,59.81999969482422,51.56155014038086,200
2014-08-01,58.970001220703125,58.970001220703125,58.70000076293945,50.5961799621582,300
2014-08-04,59.40999984741211,59.40999984741211,58.25,51.208152770996094,700
2014-08-05,59.5,60,59.5,51.71670150756836,900
2014-08-06,58.54999923706055,58.59000015258789,58.54999923706055,50.50135803222656,85500
2014-08-07,58.20000076293945,59.119998931884766,58.20000076293945,50.16520690917969,71100
2014-08-08,58.20000076293945,58.5,58.20000076293945,50.42378234863281,500
2014-08-11,58.31999969482422,58.33000183105469,58.20000076293945,50.16520690917969,25400
2014-08-12,58.20000076293945,58.20000076293945,58.20000076293945,50.16520690917969,0
2014-08-13,59.0099983215332,59.02000045776367,59.0099983215332,50.87199783325195,60000
2014-08-14,58.90999984741211,58.90999984741211,58,50.73408508300781,60800
2014-08-15,58.20000076293945,58.79999923706055,58.20000076293945,50.682369232177734,23400
2014-08-18,58.79999923706055,58.79999923706055,58.79999923706055,50.682369232177734,100
2014-08-19,57.83000183105469,57.83000183105469,57.83000183105469,49.846282958984375,400
2014-08-20,57.369998931884766,57.369998931884766,57.0099983215332,49.13948059082031,500
2014-08-21,57.0099983215332,57.0099983215332,57.0099983215332,49.13948059082031,0
2014-08-22,57.0099983215332,57.0099983215332,57.0099983215332,49.13948059082031,0
2014-08-25,56.88999938964844,57.91999816894531,56.88999938964844,49.17395782470703,1400
2014-08-26,57.58000183105469,57.58000183105469,57.2400016784668,49.3549690246582,31600
2014-08-27,56.900001525878906,57.650001525878906,56.810001373291016,48.96709442138672,2300
2014-08-28,56.810001373291016,56.810001373291016,56.810001373291016,48.96709442138672,0
2014-08-29,56.63999938964844,57.58000183105469,56.63999938964844,49.63079833984375,1500
2014-09-02,57.63999938964844,57.63999938964844,57.63999938964844,49.68251037597656,200
2014-09-03,58.34000015258789,58.34000015258789,57.540000915527344,49.613555908203125,1400
2014-09-04,57.86000061035156,57.86000061035156,57.86000061035156,49.87215042114258,30900
2014-09-05,57.86000061035156,57.86000061035156,57.86000061035156,49.87215042114258,0
2014-09-08,58.5,58.5,57.86000061035156,49.87215042114258,1200
2014-09-09,58.150001525878906,58.150001525878906,57.54999923706055,49.60493850708008,1300
2014-09-10,57.7400016784668,58.20000076293945,57.7400016784668,49.80317687988281,42400
2014-09-11,58.15999984741211,58.16999816894531,58.15999984741211,50.139339447021484,120100
2014-09-12,58.16999816894531,58.16999816894531,58.16999816894531,50.139339447021484,0
2014-09-15,58.16999816894531,58.16999816894531,58.16999816894531,50.139339447021484,0
2014-09-16,59,59,59,50.854766845703125,2200
2014-09-17,59,59,59,50.854766845703125,0
2014-09-18,59,59,59,50.854766845703125,0
2014-09-19,59,59,59,50.854766845703125,0
2014-09-22,58.900001525878906,60,58.900001525878906,51.71670150756836,25500
2014-09-23,59.220001220703125,59.220001220703125,59.220001220703125,51.04438400268555,1100
2014-09-24,58.97999954223633,58.97999954223633,58.97999954223633,50.8375129699707,500
2014-09-25,58.97999954223633,58.97999954223633,58.97999954223633,50.8375129699707,0
2014-09-26,58.9900016784668,59.0099983215332,58.95000076293945,50.846134185791016,1500
2014-09-29,58.34000015258789,58.599998474121094,58.34000015258789,50.40654373168945,1800
2014-09-30,58.61000061035156,58.61000061035156,58.61000061035156,50.51860046386719,14400
2014-10-01,58.439998626708984,58.439998626708984,58.189998626708984,50.15657043457031,1300
2014-10-02,57.5,57.5,57.11000061035156,49.38082504272461,1500
2014-10-03,57.290000915527344,57.290000915527344,57.290000915527344,49.38082504272461,0
2014-10-06,57.290000915527344,57.290000915527344,57.290000915527344,49.38082504272461,0
2014-10-07,57.66999816894531,58.75,57.66999816894531,50.49274444580078,253100
2014-10-08,57.25,57.75,57.25,49.648033142089844,2700
2014-10-09,57.470001220703125,57.470001220703125,57.470001220703125,49.53599166870117,20100
2014-10-10,57.470001220703125,57.470001220703125,57.470001220703125,49.53599166870117,0
2014-10-13,57.29999923706055,57.29999923706055,56.880001068115234,49.346351623535156,1200
2014-10-14,55.31999969482422,56,55.31999969482422,48.18273162841797,243500
2014-10-15,55.470001220703125,55.61000061035156,54.13999938964844,46.66570281982422,51500
2014-10-16,54.66999816894531,55.54999923706055,54.66999816894531,47.84656524658203,900
2014-10-17,55.5099983215332,55.5099983215332,55.5099983215332,47.84656524658203,0
2014-10-20,56.65999984741211,56.66999816894531,55.880001068115234,48.165489196777344,26500
2014-10-21,55.689998626708984,56.400001525878906,55.45000076293945,48.613704681396484,12800
2014-10-22,56.7599983215332,56.7599983215332,55.79999923706055,48.13100814819336,11000
2014-10-23,56.599998474121094,57.06999969482422,56.2599983215332,48.49302291870117,12900
2014-10-24,57.2400016784668,57.2400016784668,56.970001220703125,49.105010986328125,1100
2014-10-27,56.7599983215332,56.86000061035156,56.650001525878906,48.82918930053711,1700
2014-10-28,57.15999984741211,57.18000030517578,57.15999984741211,49.26878356933594,14900
2014-10-29,57.29999923706055,57.29999923706055,57.29999923706055,49.38944625854492,400
2014-10-30,57,58.029998779296875,57,50.01866912841797,600
2014-10-31,59,60.59000015258789,59,51.9666633605957,357200
2014-11-03,61,61,60,52.552799224853516,53100
2014-11-04,59.16999816894531,59.619998931884766,59.02000045776367,51.389163970947266,72600
2014-11-05,60.54999923706055,60.54999923706055,59.849998474121094,51.587406158447266,700
2014-11-06,59.75,59.75,59.09000015258789,51.078861236572266,1300
2014-11-07,59.59000015258789,59.59000015258789,58.84000015258789,50.71684646606445,40200
2014-11-10,59,59.150001525878906,58.16999816894531,50.984046936035156,201600
2014-11-11,59.63999938964844,59.63999938964844,59.0099983215332,51.33744430541992,86700
2014-11-12,59.70000076293945,59.70000076293945,59.209999084472656,51.04438400268555,40100
2014-11-13,60.08000183105469,60.119998931884766,59.59000015258789,51.80290222167969,2500
2014-11-14,60.06999969482422,60.06999969482422,60.06999969482422,51.77703094482422,1100
2014-11-17,59.290000915527344,59.38999938964844,59.290000915527344,51.19091796875,20900
2014-11-18,59.45000076293945,59.45000076293945,59.45000076293945,51.242637634277344,2100
2014-11-19,59.58000183105469,60.150001525878906,59.43000030517578,51.328826904296875,61500
2014-11-20,59.9900016784668,59.9900016784668,59.54999923706055,51.60464859008789,1900
2014-11-21,60.08000183105469,60.83000183105469,60.08000183105469,52.38039779663086,852000
2014-11-24,61,61,60.709999084472656,52.41487121582031,134000
2014-11-25,61,61,60.810001373291016,52.41487121582031,800
2014-11-26,60.63999938964844,60.72999954223633,60.459999084472656,52.113197326660156,20600
2014-11-28,61.31999969482422,61.95000076293945,61.290000915527344,53.17339324951172,37700
2014-12-01,62.08000183105469,62.5,62.08000183105469,53.638832092285156,3100
2014-12-02,63.08000183105469,63.369998931884766,63.08000183105469,54.53525924682617,111500
2014-12-03,63.63999938964844,63.779998779296875,63.41999816894531,54.66455841064453,174500
2014-12-04,64,64.7300033569336,63.869998931884766,55.05242919921875,1700
2014-12-05,64.27999877929688,64.44000244140625,63.900001525878906,55.54374313354492,1600
2014-12-08,64.51000213623047,64.51000213623047,64.01000213623047,55.17310333251953,50600
2014-12-09,63.900001525878906,63.900001525878906,63.4900016784668,55.035186767578125,700
2014-12-10,62.81999969482422,63.41999816894531,62.52000045776367,53.88880157470703,460700
2014-12-11,62.68000030517578,63.04999923706055,62.68000030517578,54.34563446044922,500
2014-12-12,63.04999923706055,63.04999923706055,63.04999923706055,54.34563446044922,0
2014-12-15,60.900001525878906,60.959999084472656,60.849998474121094,52.44935607910156,80600
2014-12-16,60.95000076293945,61.68000030517578,60.95000076293945,53.164772033691406,64500
2014-12-17,61.220001220703125,61.220001220703125,60.77000045776367,52.38039779663086,1600
2014-12-18,61.060001373291016,62.31999969482422,61.060001373291016,53.7164192199707,800
2014-12-19,63.20000076293945,63.20000076293945,63.20000076293945,54.47493362426758,200
2014-12-22,62.630001068115234,63.349998474121094,62.630001068115234,53.983619689941406,39700
2014-12-23,63.43000030517578,63.43000030517578,63.43000030517578,54.673179626464844,100
2014-12-24,63.43000030517578,63.43000030517578,63.43000030517578,54.673179626464844,0
2014-12-26,64.0999984741211,64.0999984741211,64.0999984741211,55.250675201416016,200
2014-12-29,63.900001525878906,63.900001525878906,62.4900016784668,54.83694076538086,20900
2014-12-30,62.5,62.5,62.34000015258789,53.81122970581055,600
2014-12-31,62.43000030517578,62.43000030517578,62.43000030517578,53.81122970581055,0
2015-01-02,62.43000030517578,62.43000030517578,62.43000030517578,53.81122970581055,0
2015-01-05,61.65999984741211,61.65999984741211,61.27000045776367,52.811370849609375,900
2015-01-06,60.970001220703125,60.970001220703125,60.970001220703125,52.552799224853516,200
2015-01-07,60.970001220703125,60.970001220703125,60.970001220703125,52.552799224853516,112000
2015-01-08,62.83000183105469,62.83000183105469,62.83000183105469,54.156005859375,1400
2015-01-09,62.83000183105469,62.83000183105469,62.83000183105469,54.156005859375,0
2015-01-12,63.150001525878906,63.5,62.900001525878906,54.7335090637207,15200
2015-01-13,63.5,63.5,63.349998474121094,54.60420608520508,600
2015-01-14,62.119998931884766,62.720001220703125,62.119998931884766,53.768131256103516,163900
2015-01-15,63.68000030517578,63.68000030517578,63.529998779296875,54.75937271118164,500
2015-01-16,64,64.25,64,55.35411071777344,700
2015-01-20,65.0199966430664,65.0199966430664,64.04000091552734,55.19895553588867,500
2015-01-21,64.7699966430664,64.7699966430664,64.7699966430664,55.82817459106445,900
2015-01-22,64.70999908447266,64.70999908447266,64.70999908447266,55.776466369628906,100
2015-01-23,64.70999908447266,64.70999908447266,64.70999908447266,55.776466369628906,0
2015-01-26,65.04000091552734,65.75,65.04000091552734,56.672882080078125,1200
2015-01-27,65.58000183105469,65.58000183105469,65.58000183105469,56.5263557434082,70800
2015-01-28,65.75,65.75,65.75,56.672882080078125,600
2015-01-29,65.72000122070312,65.7699966430664,65.72000122070312,56.69011688232422,307200
2015-01-30,65.7699966430664,65.7699966430664,65.7699966430664,56.69011688232422,0
2015-02-02,65.47000122070312,65.47000122070312,65.47000122070312,56.431541442871094,200
2015-02-03,65,65.75,65,56.50050354003906,44800
2015-02-04,65.8499984741211,66.66999816894531,65.75,57.45726013183594,41300
2015-02-05,65.37000274658203,65.79000091552734,65.37000274658203,56.5435905456543,40700
2015-02-06,64.76000213623047,65.19000244140625,64.76000213623047,55.940242767333984,122900
2015-02-09,64.13999938964844,64.13999938964844,64.13999938964844,55.285160064697266,600
2015-02-10,65.30999755859375,65.30999755859375,65.30999755859375,56.29362487792969,39800
2015-02-11,66,66,65.5,56.45740509033203,31900
2015-02-12,65.72000122070312,65.88999938964844,65.72000122070312,56.793556213378906,120900
2015-02-13,65.88999938964844,65.88999938964844,65.88999938964844,56.793556213378906,0
2015-02-17,65.88999938964844,65.88999938964844,65.88999938964844,56.793556213378906,0
2015-02-18,66.47000122070312,66.4800033569336,66.47000122070312,57.302101135253906,300
2015-02-19,67.20999908447266,68.05999755859375,67.20999908447266,58.66397476196289,500
2015-02-20,68.19999694824219,68.19999694824219,68,58.61226272583008,400
2015-02-23,67.83999633789062,68.5,67.83999633789062,59.04323196411133,31100
2015-02-24,68.9000015258789,69.55999755859375,68.9000015258789,59.95689392089844,1100
2015-02-25,68.95999908447266,68.97000122070312,68.95999908447266,59.448341369628906,10300
2015-02-26,68.19999694824219,68.44000244140625,67.9000015258789,58.526065826416016,27500
2015-02-27,68,68.05000305175781,68,58.655364990234375,46600
2015-03-02,67.76000213623047,67.77999877929688,67.76000213623047,58.42263412475586,49200
2015-03-03,67.77999877929688,67.77999877929688,67.77999877929688,58.42263412475586,0
2015-03-04,67.44999694824219,67.44999694824219,67.44999694824219,58.13819122314453,100
2015-03-05,67.61000061035156,67.61000061035156,67.45999908447266,58.14680862426758,30300
2015-03-06,67.98999786376953,67.98999786376953,67.55000305175781,58.224388122558594,200
2015-03-09,67.70999908447266,67.94000244140625,67.70999908447266,58.41400909423828,28300
2015-03-10,66.97000122070312,66.9800033569336,66.95999908447266,57.73308181762695,68400
2015-03-11,67,67.0999984741211,67,57.836509704589844,5400
2015-03-12,67.7699966430664,67.7699966430664,67.7699966430664,58.41400909423828,4400
2015-03-13,67.80000305175781,67.80000305175781,67.80000305175781,58.43988037109375,132200
2015-03-16,67.80000305175781,67.80000305175781,67.80000305175781,58.43988037109375,0
2015-03-17,67.80000305175781,67.80000305175781,67.80000305175781,58.43988037109375,0
2015-03-18,69.30000305175781,69.30000305175781,69.30000305175781,59.73280334472656,200
2015-03-19,69.5199966430664,70,69.5199966430664,60.33614730834961,43500
2015-03-20,70,70,70,60.33614730834961,0
2015-03-23,72.06999969482422,73.63999938964844,72.06999969482422,63.47361755371094,300
2015-03-24,73.63999938964844,73.63999938964844,73.63999938964844,63.47361755371094,0
2015-03-25,73.44000244140625,73.44000244140625,72.06999969482422,62.35309982299805,1000
2015-03-26,72.33999633789062,72.33999633789062,72.33999633789062,62.35309982299805,0
2015-03-27,72.33999633789062,72.33999633789062,72.33999633789062,62.35309982299805,0
2015-03-30,71.51000213623047,71.51000213623047,70.4000015258789,61.06881332397461,700
2015-03-31,69.38999938964844,70,69.38999938964844,60.33614730834961,114000
2015-04-01,69.05999755859375,69.44000244140625,69.05999755859375,59.767250061035156,28600
2015-04-02,69.87999725341797,70.63999938964844,69.66999816894531,60.88780975341797,2900
2015-04-06,69.5,70.6500015258789,69.5,60.89642333984375,1400
2015-04-07,70.19000244140625,70.5199966430664,69.98999786376953,60.784358978271484,88100
2015-04-08,69.62000274658203,69.69000244140625,69.62000274658203,60.06895446777344,500
2015-04-09,70.0199966430664,70.0999984741211,70.0199966430664,60.422340393066406,700
2015-04-10,69.5999984741211,69.5999984741211,69.58999633789062,59.982757568359375,30000
2015-04-13,68.95999908447266,68.95999908447266,67.80000305175781,59.19839096069336,89000
2015-04-14,68.5,68.5,68.5,59.04323196411133,200
2015-04-15,68.5,68.5,68.5,59.04323196411133,0
2015-04-16,69.05000305175781,69.05000305175781,68.98999786376953,59.4655876159668,1200
2015-04-17,68.98999786376953,68.98999786376953,68.98999786376953,59.4655876159668,0
2015-04-20,68.98999786376953,68.98999786376953,68.98999786376953,59.4655876159668,0
2015-04-21,70.12999725341797,70.12999725341797,70.12999725341797,60.44818878173828,300
2015-04-22,70.12999725341797,70.12999725341797,70.12999725341797,60.44818878173828,0
2015-04-23,70.41999816894531,70.58999633789062,70.41999816894531,60.84469223022461,90800
2015-04-24,70.76000213623047,70.76000213623047,70.76000213623047,60.991233825683594,100
2015-04-27,70.5,70.5,69.6500015258789,60.71540832519531,400
2015-04-28,71.05000305175781,71.06999969482422,71.05000305175781,61.2584342956543,99700
2015-04-29,71.06999969482422,71.06999969482422,71.06999969482422,61.2584342956543,0
2015-04-30,69.54000091552734,70.0199966430664,69.54000091552734,60.35338592529297,13000
2015-05-01,70.44999694824219,70.44999694824219,69.30000305175781,59.73280334472656,800
2015-05-04,69.12000274658203,69.12000274658203,69.12000274658203,59.57764434814453,100
2015-05-05,68.55999755859375,68.55999755859375,68.55999755859375,59.09494400024414,200
2015-05-06,68.20999908447266,68.20999908447266,68.20999908447266,58.79326248168945,100
2015-05-07,68.20999908447266,68.20999908447266,68.20999908447266,58.79326248168945,0
2015-05-08,70.8499984741211,70.8499984741211,70.8499984741211,61.06881332397461,25900
2015-05-11,68.88999938964844,68.9000015258789,68.33999633789062,58.90531921386719,187400
2015-05-12,68.3499984741211,68.3499984741211,68.3499984741211,58.91393280029297,86100
2015-05-13,69,69,69,59.47420883178711,114200
2015-05-14,69,69,69,59.47420883178711,1000
2015-05-15,69,69,69,59.47420883178711,0
2015-05-18,69,69,69,59.47420883178711,0
2015-05-19,69.8499984741211,69.8499984741211,69.8499984741211,60.20686721801758,13500
2015-05-20,68.9000015258789,69.12000274658203,68.9000015258789,59.57764434814453,400
2015-05-21,69.08999633789062,69.16000366210938,69.08999633789062,59.61212921142578,29300
2015-05-22,68.79000091552734,69.41999816894531,68.79000091552734,59.83622741699219,20500
2015-05-26,68.80000305175781,68.80000305175781,68.80000305175781,59.301815032958984,200
2015-05-27,69.36000061035156,69.36000061035156,69.08000183105469,59.54316329956055,128000
2015-05-28,69.08999633789062,69.69000244140625,69.08999633789062,60.06895446777344,49500
2015-05-29,69.19999694824219,69.19999694824219,68.47000122070312,59.017372131347656,69200
2015-06-01,69.16000366210938,69.16000366210938,68.41000366210938,58.965667724609375,12300
2015-06-02,68.41000366210938,68.41000366210938,68.41000366210938,58.965667724609375,0
2015-06-03,68.4000015258789,68.4000015258789,68.4000015258789,58.95704650878906,300
2015-06-04,68.5999984741211,68.69000244140625,68.5999984741211,59.207000732421875,23200
2015-06-05,67.08999633789062,67.08999633789062,66.98999786376953,57.74169921875,11900
2015-06-08,66.98999786376953,66.98999786376953,66.98999786376953,57.74169921875,0
2015-06-09,66.98999786376953,66.98999786376953,66.98999786376953,57.74169921875,0
2015-06-10,66.33000183105469,66.33000183105469,66.33000183105469,57.17281723022461,200
2015-06-11,67.58999633789062,67.61000061035156,67.58999633789062,58.27610397338867,18400
2015-06-12,67.61000061035156,67.61000061035156,67.61000061035156,58.27610397338867,0
2015-06-15,67.4000015258789,67.4000015258789,67.4000015258789,58.0950927734375,300
2015-06-16,67.4000015258789,67.4000015258789,67.4000015258789,58.0950927734375,0
2015-06-17,67.1500015258789,67.1500015258789,67.12999725341797,57.86235427856445,76800
2015-06-18,67.12999725341797,67.12999725341797,67.12999725341797,57.86235427856445,0
2015-06-19,67.12999725341797,67.12999725341797,67.12999725341797,57.86235427856445,6700
2015-06-22,67.12999725341797,67.12999725341797,67.12999725341797,57.86235427856445,0
2015-06-23,67.93000030517578,67.93000030517578,67.93000030517578,58.55192565917969,500
2015-06-24,67.93000030517578,67.93000030517578,67.93000030517578,58.55192565917969,0
2015-06-25,66.95999908447266,66.95999908447266,66.95999908447266,57.71584701538086,100
2015-06-26,67.5199966430664,67.7699966430664,67.33999633789062,58.04338455200195,24600
2015-06-29,66.12999725341797,66.12999725341797,66.12999725341797,57.00041961669922,200
2015-06-30,66.12999725341797,66.12999725341797,66.12999725341797,57.00041961669922,0
2015-07-01,66.19999694824219,67.43000030517578,66.19999694824219,58.12095260620117,10200
2015-07-02,67.43000030517578,67.43000030517578,67.43000030517578,58.12095260620117,0
2015-07-06,66.12999725341797,66.12999725341797,66.12999725341797,57.00041961669922,300
2015-07-07,66.12999725341797,66.12999725341797,66.12999725341797,57.00041961669922,0
2015-07-08,64.43000030517578,64.45999908447266,63.779998779296875,55.250675201416016,1800
2015-07-09,64.0999984741211,64.0999984741211,64.0999984741211,55.250675201416016,0
2015-07-10,65.3499984741211,65.3499984741211,65.3499984741211,56.328102111816406,100
2015-07-13,65.87000274658203,65.91000366210938,65.87000274658203,56.8108024597168,200
2015-07-14,65.91000366210938,65.91000366210938,65.91000366210938,56.8108024597168,0
2015-07-15,66.48999786376953,67.44000244140625,66.48999786376953,58.129573822021484,30200
2015-07-16,68.12999725341797,68.16999816894531,68.12999725341797,58.75878143310547,50000
2015-07-17,68.26000213623047,68.26000213623047,68.26000213623047,58.83636474609375,100
2015-07-20,68.7300033569336,68.77999877929688,66.9800033569336,57.73308181762695,600
2015-07-21,66.9800033569336,66.9800033569336,66.9800033569336,57.73308181762695,0
2015-07-22,66.9800033569336,66.9800033569336,66.9800033569336,57.73308181762695,0
2015-07-23,67.23999786376953,67.23999786376953,67.23999786376953,57.957191467285156,100
2015-07-24,66.80000305175781,66.80000305175781,66.80000305175781,57.57793426513672,400
2015-07-27,65.76000213623047,65.76000213623047,65.5,56.45740509033203,700
2015-07-28,65.5,65.5,65.5,56.45740509033203,0
2015-07-29,65.5,65.5,65.5,56.45740509033203,0
2015-07-30,65.5,65.5,65.5,56.45740509033203,0
2015-07-31,66.80999755859375,66.80999755859375,66.80999755859375,57.586551666259766,69300
2015-08-03,66.80999755859375,66.80999755859375,66.80999755859375,57.586551666259766,0
2015-08-04,65.75,65.75,64.44999694824219,55.55235290527344,20900
2015-08-05,64.44999694824219,64.44999694824219,64.44999694824219,55.55235290527344,0
2015-08-06,63.810001373291016,64.66999816894531,63.790000915527344,55.74198532104492,16100
2015-08-07,64.98999786376953,65.08999633789062,64.98999786376953,56.10399627685547,2000
2015-08-10,65.08999633789062,65.08999633789062,65.08999633789062,56.10399627685547,0
2015-08-11,65.08999633789062,65.08999633789062,65.08999633789062,56.10399627685547,0
2015-08-12,63.529998779296875,63.560001373291016,62.5,54.78522491455078,291300
2015-08-13,63.560001373291016,63.560001373291016,63.560001373291016,54.78522491455078,0
2015-08-14,63.09000015258789,63.13999938964844,63.09000015258789,54.42321014404297,6500
2015-08-17,63.13999938964844,63.13999938964844,63.13999938964844,54.42321014404297,0
2015-08-18,63.13999938964844,63.13999938964844,63.13999938964844,54.42321014404297,0
2015-08-19,63.13999938964844,63.13999938964844,63.13999938964844,54.42321014404297,0
2015-08-20,62.029998779296875,62.029998779296875,61.439998626708984,52.95790100097656,11800
2015-08-21,60.290000915527344,61.15999984741211,60.130001068115234,52.707942962646484,81900
2015-08-24,57.7599983215332,57.7599983215332,57.099998474121094,49.21706771850586,20000
2015-08-25,57.54999923706055,58.20000076293945,56.5099983215332,48.70851516723633,78600
2015-08-26,57.810001373291016,57.810001373291016,57.470001220703125,49.53599166870117,21100
2015-08-27,58.38999938964844,58.38999938964844,58.38999938964844,50.3289680480957,100
2015-08-28,60.220001220703125,61.060001373291016,60.220001220703125,52.578643798828125,49700
2015-08-31,59.900001525878906,59.900001525878906,59.900001525878906,51.6305046081543,400
2015-09-01,56.59000015258789,56.59000015258789,56.59000015258789,48.77747344970703,200
2015-09-02,58.619998931884766,58.619998931884766,58.619998931884766,50.527217864990234,58100
2015-09-03,59.939998626708984,60.86000061035156,59.939998626708984,52.457977294921875,1200
2015-09-04,59.060001373291016,59.060001373291016,59.060001373291016,50.90647506713867,400
2015-09-08,60.25,60.25,60.25,51.93218994140625,17200
2015-09-09,61.13999938964844,61.13999938964844,60.72999954223633,52.38039779663086,300
2015-09-10,59.029998779296875,60.13999938964844,59.029998779296875,51.285728454589844,1800
2015-09-11,59.5,59.5,59.5,51.285728454589844,0
2015-09-14,58.970001220703125,58.970001220703125,58.18000030517578,50.14796829223633,11400
2015-09-15,58.18000030517578,58.18000030517578,58.18000030517578,50.14796829223633,0
2015-09-16,61.61000061035156,61.61000061035156,60.22999954223633,51.914955139160156,20300
2015-09-17,59.7400016784668,59.7400016784668,59.7400016784668,51.49260330200195,100
2015-09-18,59.7400016784668,59.7400016784668,59.7400016784668,51.49260330200195,0
2015-09-21,59.75,60.61000061035156,59.75,51.501216888427734,2400
2015-09-22,59.4900016784668,59.4900016784668,57.9900016784668,51.2340087890625,1300
2015-09-23,58.849998474121094,59.650001525878906,58.849998474121094,51.41502380371094,45100
2015-09-24,58.16999816894531,58.91999816894531,57.869998931884766,49.88075637817383,900
2015-09-25,57.869998931884766,57.869998931884766,57.869998931884766,49.88075637817383,0
2015-09-28,57.720001220703125,57.720001220703125,57.439998626708984,49.51011276245117,1800
2015-09-29,57.439998626708984,57.439998626708984,57.439998626708984,49.51011276245117,0
2015-09-30,57.36000061035156,57.61000061035156,57.36000061035156,49.65665054321289,1000
2015-10-01,58.619998931884766,58.900001525878906,58.619998931884766,50.76856231689453,900
2015-10-02,59.91999816894531,59.91999816894531,59.599998474121094,51.371925354003906,400
2015-10-05,60.5,60.5,60.5,52.14767074584961,7500
2015-10-06,60.16999816894531,60.16999816894531,60.16999816894531,51.86323547363281,20100
2015-10-07,61.470001220703125,61.470001220703125,61.439998626708984,52.983760833740234,112600
2015-10-08,61.470001220703125,61.470001220703125,60.54999923706055,52.190773010253906,700
2015-10-09,61.630001068115234,61.630001068115234,61.599998474121094,53.0958137512207,300
2015-10-12,61.099998474121094,61.310001373291016,61.099998474121094,52.84585189819336,300
2015-10-13,61.54999923706055,61.54999923706055,61.41999816894531,52.94065856933594,21600
2015-10-14,61.41999816894531,61.41999816894531,61.41999816894531,52.94065856933594,0
2015-10-15,60.279998779296875,61.130001068115234,60.279998779296875,52.69069290161133,2700
2015-10-16,61.130001068115234,61.130001068115234,61.130001068115234,52.69069290161133,0
2015-10-19,61.130001068115234,61.130001068115234,61.130001068115234,52.69069290161133,0
2015-10-20,61.130001068115234,61.630001068115234,61.130001068115234,53.121673583984375,200
2015-10-21,61.81999969482422,61.81999969482422,61.81999969482422,53.285438537597656,200
2015-10-22,62.56999969482422,62.56999969482422,61.7599983215332,53.23372268676758,200
2015-10-23,62.11000061035156,62.11000061035156,62.11000061035156,53.535404205322266,5100
2015-10-26,61.939998626708984,62.31999969482422,61.939998626708984,53.7164192199707,40200
2015-10-27,63.11000061035156,63.11000061035156,63.11000061035156,54.3973503112793,1000
2015-10-28,63.20000076293945,63.20000076293945,63.20000076293945,54.47493362426758,200
2015-10-29,62,62,62,53.44059371948242,114500
2015-10-30,62,62,62,53.44059371948242,0
2015-11-02,61.560001373291016,61.63999938964844,61.560001373291016,53.13029098510742,60300
2015-11-03,61.63999938964844,61.63999938964844,61.63999938964844,53.13029098510742,40000
2015-11-04,60.93000030517578,60.93000030517578,60.93000030517578,52.518310546875,1100
2015-11-05,62.25,62.33000183105469,62.25,53.725032806396484,6900
2015-11-06,62.33000183105469,62.33000183105469,62.33000183105469,53.725032806396484,0
2015-11-09,60.9900016784668,62.36000061035156,60.9900016784668,53.75088882446289,1100
2015-11-10,62.36000061035156,62.36000061035156,62.36000061035156,53.75088882446289,0
2015-11-11,62.36000061035156,62.36000061035156,62.36000061035156,53.75088882446289,0
2015-11-12,62.36000061035156,62.36000061035156,62.36000061035156,53.75088882446289,0
2015-11-13,60.59000015258789,60.59000015258789,60.59000015258789,52.225250244140625,200
2015-11-16,60.7400016784668,60.7400016784668,60.189998626708984,51.88046646118164,1100
2015-11-17,60.84000015258789,60.84000015258789,60.84000015258789,52.44073486328125,100
2015-11-18,60.84000015258789,60.84000015258789,60.84000015258789,52.44073486328125,0
2015-11-19,61.380001068115234,61.9900016784668,61.380001068115234,53.431976318359375,17300
2015-11-20,61.9900016784668,61.9900016784668,61.9900016784668,53.431976318359375,0
2015-11-23,61.70000076293945,61.70000076293945,61.70000076293945,53.182010650634766,100
2015-11-24,62.36000061035156,62.36000061035156,62.36000061035156,53.75088882446289,16400
2015-11-25,61.45000076293945,61.45000076293945,61.45000076293945,52.96652603149414,200
2015-11-27,61.45000076293945,61.45000076293945,61.45000076293945,52.96652603149414,0
2015-11-30,61.45000076293945,61.45000076293945,61.45000076293945,52.96652603149414,0
2015-12-01,63.20000076293945,63.20000076293945,63.20000076293945,54.47493362426758,300
2015-12-02,63.2599983215332,63.2599983215332,63.2599983215332,54.526641845703125,200
2015-12-03,62.720001220703125,62.720001220703125,62.380001068115234,53.83708572387695,4400
2015-12-04,62.099998474121094,62.54999923706055,62.099998474121094,53.91465759277344,26200
2015-12-07,62.16999816894531,62.16999816894531,62.16999816894531,53.587120056152344,300
2015-12-08,61.22999954223633,61.22999954223633,61.099998474121094,52.66483688354492,1400
2015-12-09,61.099998474121094,61.099998474121094,61.099998474121094,52.66483688354492,0
2015-12-10,62.15999984741211,62.25,62.15999984741211,53.65607833862305,800
2015-12-11,62.25,62.25,62.25,53.65607833862305,0
2015-12-14,61.099998474121094,61.099998474121094,61.099998474121094,52.66483688354492,20000
2015-12-15,61.400001525878906,61.400001525878906,60.38999938964844,52.0528564453125,50100
2015-12-16,62.349998474121094,62.349998474121094,61.9900016784668,53.431976318359375,4900
2015-12-17,61.9900016784668,61.9900016784668,61.9900016784668,53.431976318359375,0
2015-12-18,61.9900016784668,61.9900016784668,61.9900016784668,53.431976318359375,0
2015-12-21,61.84000015258789,61.84000015258789,61.84000015258789,53.30267333984375,200
2015-12-22,62.29999923706055,62.29999923706055,62.099998474121094,53.52677536010742,5300
2015-12-23,63.459999084472656,63.5,63.459999084472656,54.7335090637207,1100
2015-12-24,61.90999984741211,61.90999984741211,61.90999984741211,53.363014221191406,100
2015-12-28,61.81999969482422,61.81999969482422,61.81999969482422,53.285438537597656,100
2015-12-29,62.380001068115234,62.400001525878906,62.380001068115234,53.785377502441406,40000
2015-12-30,61.349998474121094,61.349998474121094,61.349998474121094,52.88032531738281,1900
2015-12-31,61.45000076293945,61.45000076293945,61.45000076293945,52.96652603149414,100
2016-01-04,60.150001525878906,61.5099983215332,60.150001525878906,53.01824188232422,400
2016-01-05,61.349998474121094,61.349998474121094,61.349998474121094,52.88032531738281,100
2016-01-06,59.709999084472656,59.709999084472656,59.709999084472656,51.46673583984375,200
2016-01-07,57.47999954223633,57.56999969482422,57.47999954223633,49.62217330932617,30400
2016-01-08,57.45000076293945,57.45000076293945,56.65999984741211,48.872283935546875,600
2016-01-11,56.70000076293945,56.70000076293945,56.70000076293945,48.872283935546875,0
2016-01-12,58.7400016784668,58.7400016784668,58.7400016784668,50.630645751953125,100
2016-01-13,58.04999923706055,58.04999923706055,58.04999923706055,50.035911560058594,100
2016-01-14,57.95000076293945,57.95000076293945,57.95000076293945,49.9497184753418,100
2016-01-15,56.189998626708984,56.349998474121094,56.189998626708984,48.57060623168945,800
2016-01-19,59.09000015258789,59.09000015258789,57.43000030517578,49.501502990722656,300
2016-01-20,55.5,56.18000030517578,55.5,48.424072265625,600
2016-01-21,55.099998474121094,55.099998474121094,55.099998474121094,47.4931640625,200
2016-01-22,58.54999923706055,58.54999923706055,57.33000183105469,49.415313720703125,62300
2016-01-25,56.939998626708984,56.939998626708984,56.939998626708984,49.07915115356445,400
2016-01-26,56.70000076293945,56.939998626708984,56.119998931884766,49.07915115356445,2300
2016-01-27,57.5,57.5,57.5,49.56184005737305,100
2016-01-28,57.5,58.119998931884766,57.5,50.09624099731445,300
2016-01-29,59.52000045776367,59.54999923706055,59.52000045776367,51.328826904296875,22100
2016-02-01,59.54999923706055,59.54999923706055,59.54999923706055,51.328826904296875,0
2016-02-02,59.220001220703125,59.220001220703125,59.220001220703125,51.04438400268555,300
2016-02-03,57.22999954223633,58.290000915527344,56.90999984741211,50.24278259277344,21500
2016-02-04,58.290000915527344,58.290000915527344,58.290000915527344,50.24278259277344,0
2016-02-05,55.90999984741211,55.90999984741211,55,47.40696716308594,900
2016-02-08,55.099998474121094,55.099998474121094,54.599998474121094,47.06219482421875,34700
2016-02-09,53.310001373291016,53.43000030517578,53.310001373291016,46.0537223815918,349000
2016-02-10,53.43000030517578,53.43000030517578,53.43000030517578,46.0537223815918,0
2016-02-11,53.54999923706055,53.54999923706055,53.54999923706055,46.157161712646484,38000
2016-02-12,51.650001525878906,52.459999084472656,50.97999954223633,45.21763229370117,68500
2016-02-16,54.790000915527344,54.790000915527344,53.900001525878906,46.46746063232422,153500
2016-02-17,54.06999969482422,54.06999969482422,54.040000915527344,46.57950973510742,118000
2016-02-18,53.97999954223633,53.97999954223633,53.380001068115234,46.0106315612793,19000
2016-02-19,53.099998474121094,53.22999954223633,53.099998474121094,45.82960891723633,202100
2016-02-22,54.18000030517578,54.18000030517578,52.560001373291016,45.3038330078125,2100
2016-02-23,53.45000076293945,53.45000076293945,53.20000076293945,45.85547637939453,600
2016-02-24,52.38999938964844,52.38999938964844,52,44.933197021484375,76200
2016-02-25,52.130001068115234,52.130001068115234,52.130001068115234,44.933197021484375,0
2016-02-26,52.130001068115234,52.130001068115234,52.130001068115234,44.933197021484375,0
2016-02-29,52,52,52,44.82113265991211,100
2016-03-01,53.2400016784668,53.81999969482422,53.2400016784668,46.38988494873047,400
2016-03-02,53.81999969482422,53.81999969482422,53.81999969482422,46.38988494873047,0
2016-03-03,53.66999816894531,53.66999816894531,53.66999816894531,46.260589599609375,200
2016-03-04,53.66999816894531,53.66999816894531,53.66999816894531,46.260589599609375,0
2016-03-07,54.15999984741211,54.18000030517578,52.900001525878906,45.98476028442383,390500
2016-03-08,52.790000915527344,52.790000915527344,52.790000915527344,45.5020751953125,84900
2016-03-09,52.880001068115234,52.880001068115234,52.880001068115234,45.579654693603516,43300
2016-03-10,54.06999969482422,54.06999969482422,53.349998474121094,45.98476028442383,61600
2016-03-11,53.349998474121094,53.349998474121094,53.349998474121094,45.98476028442383,0
2016-03-14,54,54,54,46.54503631591797,200
2016-03-15,53.939998626708984,53.939998626708984,53.61000061035156,46.21748733520508,20200
2016-03-16,52.95000076293945,52.95000076293945,52.95000076293945,45.639991760253906,41900
2016-03-17,53,54.790000915527344,53,47.139774322509766,1000
2016-03-18,52.959999084472656,53.54999923706055,52.959999084472656,46.157161712646484,126800
2016-03-21,53.54999923706055,53.54999923706055,53.54999923706055,46.157161712646484,0
2016-03-22,53.52000045776367,53.52000045776367,53.52000045776367,46.13129425048828,100
2016-03-23,53.689998626708984,53.689998626708984,53.689998626708984,46.277828216552734,200
2016-03-24,52.900001525878906,53.18000030517578,52.900001525878906,45.83823776245117,6300
2016-03-28,53.18000030517578,53.18000030517578,53.18000030517578,45.83823776245117,0
2016-03-29,53.18000030517578,53.18000030517578,53.18000030517578,45.83823776245117,0
2016-03-30,53.220001220703125,54.349998474121094,53.220001220703125,46.846710205078125,40800
2016-03-31,53.2599983215332,53.2599983215332,52.689998626708984,45.4158821105957,500
2016-04-01,51.70000076293945,52.150001525878906,51.70000076293945,44.950435638427734,500
2016-04-04,50.849998474121094,50.849998474121094,50.849998474121094,43.82990264892578,90100
2016-04-05,49.34000015258789,49.470001220703125,49.34000015258789,42.597320556640625,31600
2016-04-06,49.400001525878906,50.08000183105469,49.400001525878906,43.16620635986328,70100
2016-04-07,49.06999969482422,49.06999969482422,49.06999969482422,42.29563903808594,25000
2016-04-08,50.11000061035156,50.849998474121094,50.11000061035156,43.78681182861328,1000
2016-04-11,50.79999923706055,50.79999923706055,50.79999923706055,43.78681182861328,166200
2016-04-12,51.290000915527344,51.290000915527344,50.779998779296875,43.80405044555664,24800
2016-04-13,51.560001373291016,51.88999938964844,51.560001373291016,44.7263298034668,17500
2016-04-14,51.88999938964844,51.88999938964844,51.88999938964844,44.7263298034668,1800
2016-04-15,51.970001220703125,51.970001220703125,51.65999984741211,44.528076171875,74600
2016-04-18,50.959999084472656,50.959999084472656,50.77000045776367,43.76094436645508,800
2016-04-19,52.22999954223633,52.22999954223633,52.22999954223633,45.019386291503906,16200
2016-04-20,51.900001525878906,51.900001525878906,51.56999969482422,44.45050811767578,1400
2016-04-21,53.040000915527344,53.040000915527344,53.040000915527344,45.71756362915039,100
2016-04-22,54.189998626708984,54.189998626708984,54.189998626708984,46.708797454833984,200
2016-04-25,54.400001525878906,54.400001525878906,54.33000183105469,46.829471588134766,300
2016-04-26,54.33000183105469,54.33000183105469,54.33000183105469,46.829471588134766,0
2016-04-27,53.22999954223633,53.45000076293945,53.22999954223633,46.07096481323242,12500
2016-04-28,51.22999954223633,52.09000015258789,51.22999954223633,44.364315032958984,1600
2016-04-29,50.83000183105469,50.83000183105469,50.83000183105469,43.81266403198242,26200
2016-05-02,51.959999084472656,52.130001068115234,51.709999084472656,44.5711784362793,116300
2016-05-03,50.529998779296875,50.650001525878906,50.45000076293945,43.4851188659668,400
2016-05-04,50.45000076293945,50.45000076293945,50.45000076293945,43.4851188659668,0
2016-05-05,50.45000076293945,50.45000076293945,50.45000076293945,43.4851188659668,0
2016-05-06,50.310001373291016,50.310001373291016,50.310001373291016,43.36445999145508,10400
2016-05-09,52.54999923706055,52.54999923706055,51.689998626708984,44.55393981933594,13400
2016-05-10,52,52.34000015258789,52,45.08835220336914,40400
2016-05-11,50.7599983215332,50.7599983215332,49.09000015258789,42.4938850402832,53400
2016-05-12,50.58000183105469,50.58000183105469,50.5,43.52821731567383,331700
2016-05-13,50.599998474121094,50.599998474121094,50.25,43.4851188659668,2500
2016-05-16,50.95000076293945,50.95000076293945,50.95000076293945,43.916099548339844,200
2016-05-17,51.5,51.5,51.5,44.390167236328125,100
2016-05-18,50.040000915527344,50.529998779296875,50.040000915527344,43.554080963134766,4600
2016-05-19,50,50.439998626708984,50,43.30411911010742,1700
2016-05-20,49.869998931884766,49.869998931884766,49.869998931884766,42.985206604003906,200
2016-05-23,49.869998931884766,49.869998931884766,49.869998931884766,42.985206604003906,0
2016-05-24,50.41999816894531,50.41999816894531,50.41999816894531,43.459266662597656,500
2016-05-25,50.5,50.5,50.5,43.52821731567383,42200
2016-05-26,51,51.02000045776367,51,43.97642517089844,60000
2016-05-27,51.02000045776367,51.02000045776367,51.02000045776367,43.97642517089844,0
2016-05-31,51.59000015258789,51.59000015258789,51.40999984741211,44.31259536743164,900
2016-06-01,51.79999923706055,52,51.689998626708984,44.55393981933594,400
2016-06-02,52.029998779296875,52.029998779296875,51.40999984741211,44.31259536743164,800
2016-06-03,52.66999816894531,52.66999816894531,51.720001220703125,44.60565185546875,900
2016-06-06,51.75,51.75,51.75,44.60565185546875,0
2016-06-07,52.81999969482422,52.81999969482422,52.81999969482422,45.52793884277344,40200
2016-06-08,53.470001220703125,53.470001220703125,53.470001220703125,46.08820343017578,2000
2016-06-09,51.790000915527344,51.790000915527344,51.790000915527344,44.64013671875,100
2016-06-10,51.790000915527344,51.790000915527344,51.790000915527344,44.64013671875,0
2016-06-13,49.880001068115234,51.560001373291016,49.880001068115234,44.04539108276367,4900
2016-06-14,50.040000915527344,50.040000915527344,50.040000915527344,43.13173294067383,100
2016-06-15,52.189998626708984,52.189998626708984,52.189998626708984,44.98490524291992,2100
2016-06-16,52.189998626708984,52.189998626708984,52.189998626708984,44.98490524291992,0
2016-06-17,52.189998626708984,52.189998626708984,52.189998626708984,44.98490524291992,0
2016-06-20,53.22999954223633,53.790000915527344,52.93000030517578,46.36402130126953,106300
2016-06-21,53.61000061035156,54.7400016784668,53.61000061035156,46.338165283203125,600
2016-06-22,52.630001068115234,52.630001068115234,52.630001068115234,45.36417007446289,200
2016-06-23,54.369998931884766,54.369998931884766,54.369998931884766,46.86395263671875,100
2016-06-24,52.2400016784668,53.849998474121094,52.22999954223633,46.415733337402344,1100
2016-06-27,49.810001373291016,49.81999969482422,49.66999816894531,42.83004379272461,124100
2016-06-28,49,49.66999816894531,49,42.74385452270508,228300
2016-06-29,50.72999954223633,50.72999954223633,50.72999954223633,43.726470947265625,200
2016-06-30,49.06999969482422,49.91999816894531,49.06999969482422,43.02828598022461,30700
2016-07-01,49.77000045776367,49.77000045776367,49.70000076293945,42.84728240966797,176000
2016-07-05,50.58000183105469,50.58000183105469,49.77000045776367,42.89900588989258,89500
2016-07-06,49.18000030517578,49.18000030517578,49.18000030517578,42.390464782714844,200
2016-07-07,50.02000045776367,50.220001220703125,50.02000045776367,43.28688049316406,332000
2016-07-08,50.869998931884766,50.869998931884766,50.869998931884766,43.847145080566406,60300
2016-07-11,52.20000076293945,52.20000076293945,51.939998626708984,44.7694206237793,55100
2016-07-12,53.099998474121094,53.099998474121094,52.61000061035156,45.346923828125,1000
2016-07-13,53.540000915527344,53.560001373291016,53.540000915527344,46.1657829284668,500
2016-07-14,54,54,53.540000915527344,46.14854049682617,500
2016-07-15,53.540000915527344,53.540000915527344,53.540000915527344,46.14854049682617,0
2016-07-18,55.040000915527344,55.040000915527344,55.040000915527344,47.44145202636719,200
2016-07-19,54.540000915527344,54.540000915527344,54.540000915527344,47.01048278808594,400
2016-07-20,53.790000915527344,53.790000915527344,53.790000915527344,46.36402130126953,200
2016-07-21,54.380001068115234,54.380001068115234,54.380001068115234,46.87256622314453,300
2016-07-22,54.31999969482422,54.31999969482422,54.31999969482422,46.82085418701172,200
2016-07-25,54.5,54.5,54.5,46.97600555419922,100
2016-07-26,54.5,54.5,54.5,46.97600555419922,0
2016-07-27,54.5,54.5,54.5,46.97600555419922,0
2016-07-28,54.5,54.5,54.5,46.97600555419922,0
2016-07-29,56.349998474121094,56.54999923706055,55.9900016784668,48.74298858642578,108000
2016-08-01,56.97999954223633,56.97999954223633,55.689998626708984,48.00172424316406,1200
2016-08-02,55.779998779296875,55.790000915527344,55.70000076293945,48.06205368041992,400
2016-08-03,55.52000045776367,55.52000045776367,55.52000045776367,47.85518264770508,300
2016-08-04,55.709999084472656,56.099998474121094,55.709999084472656,48.35511016845703,645400
2016-08-05,56.099998474121094,56.099998474121094,56.099998474121094,48.35511016845703,6100
2016-08-08,58.619998931884766,58.619998931884766,58.619998931884766,50.527217864990234,300
2016-08-09,59.43000030517578,59.43000030517578,59.43000030517578,51.225399017333984,300
2016-08-10,59,59,59,50.854766845703125,100
2016-08-11,58.689998626708984,58.689998626708984,58.689998626708984,50.587554931640625,400
2016-08-12,58.47999954223633,58.689998626708984,58.2599983215332,50.216915130615234,1000
2016-08-15,58.68000030517578,58.83000183105469,58.68000030517578,50.708221435546875,800
2016-08-16,58.83000183105469,58.83000183105469,58.83000183105469,50.708221435546875,0
2016-08-17,58.79999923706055,59,58.79999923706055,50.854766845703125,300
2016-08-18,59.06999969482422,59.06999969482422,59.06999969482422,50.91510009765625,300
2016-08-19,59.06999969482422,59.06999969482422,59.06999969482422,50.91510009765625,0
2016-08-22,59.06999969482422,59.06999969482422,59.06999969482422,50.91510009765625,0
2016-08-23,59.439998626708984,59.439998626708984,59.439998626708984,51.2340087890625,100
2016-08-24,59.439998626708984,59.439998626708984,59.439998626708984,51.2340087890625,0
2016-08-25,59.439998626708984,59.439998626708984,59.439998626708984,51.2340087890625,0
2016-08-26,58.400001525878906,59.59000015258789,58.400001525878906,50.42378234863281,1100
2016-08-29,58.5,58.5,58.5,50.42378234863281,0
2016-08-30,58.5,58.5,58.5,50.42378234863281,0
2016-08-31,58.5,58.5,58.5,50.42378234863281,0
2016-09-01,60.16999816894531,60.16999816894531,60.16999816894531,51.86323547363281,2200
2016-09-02,60.16999816894531,60.16999816894531,60.16999816894531,51.86323547363281,0
2016-09-06,59.720001220703125,60.31999969482422,59.720001220703125,51.99252700805664,80100
2016-09-07,60.31999969482422,60.31999969482422,60.31999969482422,51.99252700805664,0
2016-09-08,61.540000915527344,61.540000915527344,59.91999816894531,51.64773941040039,200
2016-09-09,59.91999816894531,59.91999816894531,59.91999816894531,51.64773941040039,0
2016-09-12,58.599998474121094,59.130001068115234,58.599998474121094,50.9668083190918,1300
2016-09-13,59.18000030517578,59.66999816894531,59.18000030517578,51.43225860595703,202100
2016-09-14,58.630001068115234,58.630001068115234,58.349998474121094,50.31172180175781,400
2016-09-15,58.369998931884766,58.369998931884766,58.369998931884766,50.31172180175781,0
2016-09-16,57.380001068115234,57.40999984741211,57.380001068115234,49.475650787353516,132100
2016-09-19,57.400001525878906,57.400001525878906,57.400001525878906,49.475650787353516,0
2016-09-20,57.400001525878906,57.400001525878906,57.400001525878906,49.475650787353516,0
2016-09-21,59.470001220703125,59.59000015258789,59.40999984741211,51.36330032348633,400
2016-09-22,60.099998474121094,60.29999923706055,60.099998474121094,51.975284576416016,4600
2016-09-23,58.75,59.04999923706055,58.75,50.699607849121094,195700
2016-09-26,58.58000183105469,58.58000183105469,58.0099983215332,50.001426696777344,1300
2016-09-27,58.0099983215332,58.0099983215332,58.0099983215332,50.001426696777344,0
2016-09-28,57.86000061035156,58.29999923706055,57.86000061035156,50.25139236450195,5000
2016-09-29,57.40999984741211,58.34000015258789,57.40999984741211,49.58769607543945,66200
2016-09-30,57.70000076293945,57.900001525878906,57.40999984741211,49.48426055908203,32600
2016-10-03,57.529998779296875,57.540000915527344,57.529998779296875,49.5963134765625,139500
2016-10-04,57.540000915527344,57.540000915527344,57.540000915527344,49.5963134765625,0
2016-10-05,57.599998474121094,57.709999084472656,57.599998474121094,49.74284744262695,30300
2016-10-06,58.20000076293945,58.20000076293945,58.20000076293945,50.16520690917969,32000
2016-10-07,58.689998626708984,58.689998626708984,58.58000183105469,50.49274444580078,500
2016-10-10,58.58000183105469,58.58000183105469,58.58000183105469,50.49274444580078,0
2016-10-11,58.58000183105469,58.58000183105469,58.58000183105469,50.49274444580078,0
2016-10-12,57.70000076293945,57.709999084472656,57.70000076293945,49.74284744262695,34100
2016-10-13,57.709999084472656,57.709999084472656,57.709999084472656,49.74284744262695,0
2016-10-14,57.709999084472656,57.709999084472656,57.709999084472656,49.74284744262695,0
2016-10-17,57.25,57.279998779296875,57.25,49.3722038269043,200
2016-10-18,57.279998779296875,57.279998779296875,57.279998779296875,49.3722038269043,0
2016-10-19,57.279998779296875,57.279998779296875,57.279998779296875,49.3722038269043,0
2016-10-20,58.040000915527344,58.459999084472656,58.040000915527344,50.38930130004883,300
2016-10-21,58.630001068115234,58.630001068115234,57.459999084472656,49.52735900878906,300
2016-10-24,57.459999084472656,57.459999084472656,57.459999084472656,49.52735900878906,0
2016-10-25,57.150001525878906,58.33000183105469,57.150001525878906,50.277252197265625,200
2016-10-26,58.33000183105469,58.33000183105469,58.33000183105469,50.277252197265625,0
2016-10-27,57.58000183105469,57.58000183105469,57.58000183105469,49.63079833984375,100
2016-10-28,57.58000183105469,57.58000183105469,57.58000183105469,49.63079833984375,0
2016-10-31,58.68000030517578,58.68000030517578,58.68000030517578,50.57893371582031,200
2016-11-01,57.25,57.25,56.79999923706055,49.13086700439453,300
2016-11-02,57.25,57.25,56.68000030517578,48.88090515136719,500
2016-11-03,56.709999084472656,56.709999084472656,56.709999084472656,48.88090515136719,0
2016-11-04,56.709999084472656,56.709999084472656,56.709999084472656,48.88090515136719,0
2016-11-07,56.11000061035156,56.150001525878906,56.11000061035156,48.398216247558594,400
2016-11-08,57.5099983215332,57.5099983215332,56.060001373291016,48.32063674926758,51000
2016-11-09,56,56.439998626708984,55,48.6481819152832,15000
2016-11-10,55.34000015258789,56.439998626708984,54.22999954223633,46.7432746887207,44600
2016-11-11,55.97999954223633,55.97999954223633,55.97999954223633,48.25168228149414,200
2016-11-14,56.52000045776367,56.52000045776367,55.709999084472656,48.01895523071289,300
2016-11-15,56.369998931884766,56.369998931884766,56.369998931884766,48.58784103393555,100
2016-11-16,56.369998931884766,56.369998931884766,56.369998931884766,48.58784103393555,0
2016-11-17,55.810001373291016,55.810001373291016,55.810001373291016,48.10514831542969,100
2016-11-18,55.810001373291016,55.810001373291016,55.810001373291016,48.10514831542969,46000
2016-11-21,55.810001373291016,55.810001373291016,55.810001373291016,48.10514831542969,47100
2016-11-22,57.4900016784668,57.4900016784668,57.4900016784668,49.553218841552734,100
2016-11-23,57.13999938964844,57.13999938964844,57.13999938964844,49.25153732299805,200
2016-11-25,58.54999923706055,58.7599983215332,58.54999923706055,50.647884368896484,3100
2016-11-28,58.779998779296875,58.779998779296875,58.54999923706055,50.6392707824707,1800
2016-11-29,59,59,59,50.854766845703125,300
2016-11-30,58.54999923706055,59,58.54999923706055,50.854766845703125,38100
2016-12-01,59.290000915527344,59.290000915527344,59.290000915527344,51.10471725463867,100
2016-12-02,59.290000915527344,59.290000915527344,59.290000915527344,51.10471725463867,0
2016-12-05,58.08000183105469,59.220001220703125,58.08000183105469,50.449642181396484,900
2016-12-06,58.529998779296875,58.529998779296875,58.529998779296875,50.449642181396484,100
2016-12-07,60,60,60,51.71670150756836,900
2016-12-08,60,60,60,51.71670150756836,0
2016-12-09,61.02000045776367,61.02000045776367,61.02000045776367,52.595890045166016,200
2016-12-12,60.650001525878906,60.650001525878906,60.650001525878906,52.2769660949707,34000
2016-12-13,61.93000030517578,61.93000030517578,61.93000030517578,53.38025665283203,30100
2016-12-14,61.22999954223633,61.2599983215332,61.22999954223633,52.80275344848633,1400
2016-12-15,60.619998931884766,60.619998931884766,60.619998931884766,52.25110626220703,33200
2016-12-16,59.84000015258789,61.20000076293945,59.84000015258789,52.751041412353516,71100
2016-12-19,61.20000076293945,61.20000076293945,61.20000076293945,52.751041412353516,0
2016-12-20,60.709999084472656,60.709999084472656,60.709999084472656,52.32868576049805,200
2016-12-21,60.709999084472656,60.709999084472656,60.709999084472656,52.32868576049805,300
2016-12-22,60.70000076293945,60.70000076293945,60.70000076293945,52.320068359375,7800
2016-12-23,60.70000076293945,60.70000076293945,60.70000076293945,52.320068359375,0
2016-12-27,59.4900016784668,59.81999969482422,59.4900016784668,51.38054275512695,23900
2016-12-28,59.08000183105469,59.09000015258789,59.08000183105469,50.932334899902344,2800
2016-12-29,58.86000061035156,58.90999984741211,58.86000061035156,50.77717590332031,1000
2016-12-30,59.59000015258789,59.59000015258789,58.81999969482422,50.699607849121094,400
2017-01-03,58.9900016784668,59.11000061035156,58.9900016784668,50.9495735168457,300
2017-01-04,60,60,60,51.71670150756836,54500
2017-01-05,60,60.849998474121094,60,52.104576110839844,19600
2017-01-06,59.5,60,59.5,51.371925354003906,4000
2017-01-09,58.66999816894531,59.939998626708984,58.66999816894531,51.664981842041016,3600
2017-01-10,59.209999084472656,59.209999084472656,59.209999084472656,51.03575897216797,100
2017-01-11,59.79999923706055,59.810001373291016,59.529998779296875,51.31158447265625,147000
2017-01-12,59.540000915527344,59.54999923706055,59.34000015258789,51.147823333740234,1500
2017-01-13,59.34000015258789,59.34000015258789,59.34000015258789,51.147823333740234,0
2017-01-17,58.709999084472656,58.709999084472656,58.709999084472656,50.60478973388672,200
2017-01-18,58.709999084472656,58.709999084472656,58.709999084472656,50.60478973388672,0
2017-01-19,58.709999084472656,58.709999084472656,58.709999084472656,50.60478973388672,0
2017-01-20,58.619998931884766,58.70000076293945,58.619998931884766,50.5961799621582,2200
2017-01-23,58.27000045776367,59.540000915527344,58.27000045776367,51.32020950317383,800
2017-01-24,58.529998779296875,58.7599983215332,58.5,50.647884368896484,37000
2017-01-25,59.47999954223633,59.47999954223633,59.41999816894531,51.21677017211914,40100
2017-01-26,59.2599983215332,59.310001373291016,59.2599983215332,51.12195587158203,2000
2017-01-27,58.900001525878906,58.900001525878906,58.310001373291016,50.46687698364258,50300
2017-01-30,58.459999084472656,58.459999084472656,58.459999084472656,50.38930130004883,4600
2017-01-31,57.70000076293945,57.70000076293945,56.70000076293945,48.872283935546875,36100
2017-02-01,56.70000076293945,56.70000076293945,56.70000076293945,48.872283935546875,40000
2017-02-02,57.25,57.25,57.25,49.346351623535156,200
2017-02-03,57.25,57.25,57.25,49.346351623535156,0
2017-02-06,57.70000076293945,57.70000076293945,56.77000045776367,48.9326171875,1200
2017-02-07,56.459999084472656,56.47999954223633,56.459999084472656,48.682647705078125,30000
2017-02-08,56.5099983215332,56.63999938964844,56.5099983215332,48.80332946777344,12200
2017-02-09,55.709999084472656,55.84000015258789,55.709999084472656,48.13100814819336,108500
2017-02-10,56.31999969482422,56.31999969482422,56.209999084472656,48.449928283691406,500
2017-02-13,57.11000061035156,57.290000915527344,57.11000061035156,49.38082504272461,6000
2017-02-14,57.56999969482422,57.56999969482422,57.290000915527344,49.38082504272461,2100
2017-02-15,56.7400016784668,57.150001525878906,56.7400016784668,49.260162353515625,60400
2017-02-16,56.7400016784668,56.7400016784668,56.7400016784668,48.906768798828125,100
2017-02-17,56.79999923706055,56.79999923706055,56.54999923706055,48.74298858642578,400
2017-02-21,56.5,57.310001373291016,56.5,49.3980712890625,600
2017-02-22,57.380001068115234,57.380001068115234,57.380001068115234,49.458412170410156,500
2017-02-23,57.279998779296875,57.279998779296875,57.279998779296875,49.3722038269043,300
2017-02-24,56.79999923706055,56.79999923706055,56.79999923706055,48.958473205566406,14200
2017-02-27,56.630001068115234,56.630001068115234,56.56999969482422,48.76022720336914,1000
2017-02-28,56.56999969482422,56.56999969482422,56.56999969482422,48.76022720336914,0
2017-03-01,57.08000183105469,57.08000183105469,57.08000183105469,49.19982147216797,200
2017-03-02,56.709999084472656,56.709999084472656,56.709999084472656,48.88090515136719,5100
2017-03-03,56.560001373291016,56.58000183105469,56.560001373291016,48.768856048583984,1000
2017-03-06,56.900001525878906,56.900001525878906,56.5099983215332,48.70851516723633,400
2017-03-07,56.09000015258789,56.29999923706055,56.09000015258789,48.52750015258789,300
2017-03-08,56.25,56.25,55.68000030517578,48.32925796508789,800
2017-03-09,56.06999969482422,56.06999969482422,56.06999969482422,48.32925796508789,0
2017-03-10,55.97999954223633,55.97999954223633,55.97999954223633,48.25168228149414,500
2017-03-13,56.380001068115234,56.380001068115234,56.380001068115234,48.59646224975586,400
2017-03-14,56.45000076293945,56.45000076293945,56.08000183105469,48.33787536621094,300
2017-03-15,56.08000183105469,56.08000183105469,56.08000183105469,48.33787536621094,0
2017-03-16,56.08000183105469,56.08000183105469,56.08000183105469,48.33787536621094,0
2017-03-17,56.08000183105469,56.08000183105469,56.08000183105469,48.33787536621094,0
2017-03-20,56.08000183105469,56.08000183105469,56.08000183105469,48.33787536621094,0
2017-03-21,55.84000015258789,55.84000015258789,55.52000045776367,47.85518264770508,800
2017-03-22,55.369998931884766,55.540000915527344,55.22999954223633,47.605228424072266,400
2017-03-23,55.47999954223633,55.709999084472656,55.47999954223633,48.01895523071289,1400
2017-03-24,56,56,55.61000061035156,47.932762145996094,400
2017-03-27,55.81999969482422,55.81999969482422,55.81999969482422,48.11377716064453,60400
2017-03-28,55.22999954223633,55.22999954223633,55.22999954223633,47.605228424072266,100
2017-03-29,55.22999954223633,55.22999954223633,55.22999954223633,47.605228424072266,9000
2017-03-30,55.099998474121094,55.099998474121094,55.099998474121094,47.4931640625,800
2017-03-31,54.56999969482422,54.56999969482422,54.310001373291016,46.83809280395508,44800
2017-04-03,54.34000015258789,54.34000015258789,54.34000015258789,46.83809280395508,0
2017-04-04,54,54.5099983215332,54,46.984619140625,900
2017-04-05,54.189998626708984,54.189998626708984,53.38999938964844,46.062339782714844,64000
2017-04-06,53,53,52.77000045776367,45.60550308227539,60400
2017-04-07,52.83000183105469,52.83000183105469,52.83000183105469,45.53656005859375,200
2017-04-10,52.77000045776367,52.83000183105469,52.77000045776367,45.53656005859375,600
2017-04-11,54.16999816894531,54.16999816894531,53.27000045776367,45.915809631347656,16500
2017-04-12,53.220001220703125,53.220001220703125,53.029998779296875,45.70893859863281,400
2017-04-13,53.0099983215332,53.0099983215332,52.2599983215332,45.04524612426758,1200
2017-04-17,53.349998474121094,53.349998474121094,53.040000915527344,45.73480987548828,700
2017-04-18,52.86000061035156,52.86000061035156,52.86000061035156,45.562408447265625,200
2017-04-19,52.86000061035156,52.86000061035156,52.86000061035156,45.562408447265625,0
2017-04-20,53.20000076293945,53.20000076293945,52.959999084472656,45.67447280883789,38200
2017-04-21,54.06999969482422,54.06999969482422,53.689998626708984,46.277828216552734,1300
2017-04-24,53.540000915527344,53.56999969482422,53.5,46.114051818847656,72500
2017-04-25,54.75,54.75,54.75,47.191490173339844,12100
2017-04-26,55.040000915527344,55.040000915527344,55.029998779296875,47.432830810546875,200
2017-04-27,55.029998779296875,55.029998779296875,54.65999984741211,47.11391830444336,600
2017-04-28,54.79999923706055,54.79999923706055,54.79999923706055,47.234588623046875,4100
2017-05-01,54.5,54.5,54.41999816894531,46.907047271728516,1100
2017-05-02,54.779998779296875,54.779998779296875,54.400001525878906,47.001861572265625,1000
2017-05-03,54.349998474121094,54.380001068115234,54.20000076293945,46.71742630004883,700
2017-05-04,54.20000076293945,54.650001525878906,54.20000076293945,47.044960021972656,1200
2017-05-05,54.86000061035156,54.86000061035156,54.599998474121094,47.06219482421875,40600
2017-05-08,54.599998474121094,54.599998474121094,54.599998474121094,47.06219482421875,0
2017-05-09,54.599998474121094,54.599998474121094,54.599998474121094,47.06219482421875,8000
2017-05-10,53.33000183105469,53.33000183105469,52.83000183105469,45.83823776245117,9400
2017-05-11,53.900001525878906,53.900001525878906,53.27000045776367,45.94166946411133,53400
2017-05-12,53.75,53.75,53.119998931884766,45.78651428222656,600
2017-05-15,53.2400016784668,53.27000045776367,53.2400016784668,45.915809631347656,51000
2017-05-16,54.27000045776367,54.27000045776367,53.040000915527344,46.0106315612793,1100
2017-05-17,53.369998931884766,53.470001220703125,53.060001373291016,45.73480987548828,1700
2017-05-18,53.060001373291016,53.060001373291016,53.060001373291016,45.73480987548828,0
2017-05-19,54.209999084472656,54.209999084472656,53.22999954223633,46.243350982666016,11100
2017-05-22,53.58000183105469,53.58000183105469,53.58000183105469,46.183013916015625,400
2017-05-23,54.349998474121094,54.349998474121094,54.349998474121094,46.846710205078125,200
2017-05-24,54.349998474121094,54.349998474121094,54.349998474121094,46.846710205078125,0
2017-05-25,54.349998474121094,54.349998474121094,54.349998474121094,46.846710205078125,0
2017-05-26,53.5,53.5,53.5,46.114051818847656,5400
2017-05-30,53.2599983215332,53.88999938964844,53.2599983215332,46.45021057128906,1100
2017-05-31,53.900001525878906,53.900001525878906,53.279998779296875,45.9244270324707,1100
2017-06-01,53.349998474121094,53.400001525878906,53.349998474121094,46.02786636352539,800
2017-06-02,54.56999969482422,54.56999969482422,54.5099983215332,46.984619140625,400
2017-06-05,54,54,53.959999084472656,46.51054763793945,400
2017-06-06,53.959999084472656,53.959999084472656,53.959999084472656,46.51054763793945,0
2017-06-07,53.959999084472656,53.959999084472656,53.959999084472656,46.51054763793945,0
2017-06-08,53.45000076293945,53.45000076293945,52.689998626708984,45.4158821105957,900
2017-06-09,52.689998626708984,52.689998626708984,52.689998626708984,45.4158821105957,0
2017-06-12,52.58000183105469,52.689998626708984,52.58000183105469,45.4158821105957,48400
2017-06-13,52.97999954223633,53.15999984741211,52.97999954223633,45.82099533081055,400
2017-06-14,53.189998626708984,53.189998626708984,53.189998626708984,45.846858978271484,100
2017-06-15,52.86000061035156,52.86000061035156,52.86000061035156,45.562408447265625,8000
2017-06-16,52.540000915527344,52.540000915527344,52.540000915527344,45.286590576171875,42100
2017-06-19,52.459999084472656,52.459999084472656,52,45.0624885559082,86100
2017-06-20,52.20000076293945,52.34000015258789,51.88999938964844,44.7263298034668,1900
2017-06-21,51.88999938964844,51.88999938964844,51.88999938964844,44.7263298034668,0
2017-06-22,53.11000061035156,53.11000061035156,53.11000061035156,45.77790069580078,100
2017-06-23,53.11000061035156,53.11000061035156,53.11000061035156,45.77790069580078,0
2017-06-26,53.11000061035156,53.11000061035156,53.11000061035156,45.77790069580078,0
2017-06-27,51.849998474121094,51.869998931884766,51.849998474121094,44.70908737182617,300
2017-06-28,53.130001068115234,53.130001068115234,51.9900016784668,44.812522888183594,600
2017-06-29,51.9900016784668,51.9900016784668,51.9900016784668,44.812522888183594,0
2017-06-30,51.9900016784668,51.9900016784668,51.9900016784668,44.812522888183594,0
2017-07-03,52.5,53.2599983215332,52.5,45.907188415527344,40800
2017-07-05,53.599998474121094,54.16999816894531,53.599998474121094,46.338165283203125,24700
2017-07-06,53.7599983215332,53.7599983215332,53.7599983215332,46.338165283203125,0
2017-07-07,54.209999084472656,54.22999954223633,54.209999084472656,46.7432746887207,34700
2017-07-10,54.849998474121094,54.849998474121094,54.849998474121094,47.277687072753906,1000
2017-07-11,53.880001068115234,54.13999938964844,53.58000183105469,46.183013916015625,10700
2017-07-12,53.58000183105469,53.58000183105469,53.58000183105469,46.183013916015625,0
2017-07-13,54.810001373291016,54.810001373291016,54.810001373291016,47.24320602416992,900
2017-07-14,55.220001220703125,55.220001220703125,55.220001220703125,47.59660720825195,75400
2017-07-17,55.220001220703125,55.220001220703125,55.220001220703125,47.59660720825195,0
2017-07-18,54.9900016784668,54.9900016784668,54.709999084472656,47.157012939453125,14500
2017-07-19,54.709999084472656,54.709999084472656,54.709999084472656,47.157012939453125,0
2017-07-20,54.65999984741211,54.65999984741211,54.65999984741211,47.11391830444336,18100
2017-07-21,54.65999984741211,54.65999984741211,54.65999984741211,47.11391830444336,0
2017-07-24,54.72999954223633,54.72999954223633,54.72999954223633,47.174251556396484,9200
2017-07-25,55.16999816894531,55.16999816894531,55.16999816894531,47.55350112915039,200
2017-07-26,55.349998474121094,55.349998474121094,55.349998474121094,47.70865249633789,600
2017-07-27,56,56,55.5099983215332,48.05343246459961,47400
2017-07-28,56.060001373291016,56.099998474121094,56.060001373291016,48.35511016845703,39000
2017-07-31,56.939998626708984,56.939998626708984,56.939998626708984,49.07915115356445,200
2017-08-01,57,57.04999923706055,57,49.17395782470703,1100
2017-08-02,57.5,57.5,57.5,49.56184005737305,300
2017-08-03,57.369998931884766,57.369998931884766,57.369998931884766,49.44978713989258,36000
2017-08-04,56.75,56.810001373291016,56.599998474121094,48.96709442138672,1300
2017-08-07,56.709999084472656,57.869998931884766,56.709999084472656,49.78594207763672,1100
2017-08-08,57.25,57.2599983215332,57.25,49.346351623535156,4800
2017-08-09,56.380001068115234,56.380001068115234,56.380001068115234,48.59646224975586,200
2017-08-10,56.380001068115234,56.380001068115234,56.380001068115234,48.59646224975586,0
2017-08-11,56.97999954223633,56.97999954223633,56.04999923706055,48.31202697753906,200
2017-08-14,56.04999923706055,56.04999923706055,56.04999923706055,48.31202697753906,0
2017-08-15,56.779998779296875,56.779998779296875,56.779998779296875,48.94124221801758,45000
2017-08-16,56.58000183105469,56.58000183105469,56.58000183105469,48.768856048583984,300
2017-08-17,55.970001220703125,56.099998474121094,55.970001220703125,48.35511016845703,50600
2017-08-18,55.779998779296875,55.779998779296875,55.779998779296875,48.079288482666016,300
2017-08-21,55.779998779296875,55.779998779296875,55.779998779296875,48.079288482666016,0
2017-08-22,56.34000015258789,56.34000015258789,56.31999969482422,48.544742584228516,60000
2017-08-23,56.31999969482422,56.31999969482422,56.31999969482422,48.544742584228516,0
2017-08-24,56.13999938964844,56.16999816894531,56.13999938964844,48.41545104980469,58100
2017-08-25,56.310001373291016,56.470001220703125,56.310001373291016,48.53611755371094,34100
2017-08-28,56.72999954223633,56.72999954223633,56.45000076293945,48.65679931640625,1700
2017-08-29,56,56,56,48.26892852783203,100
2017-08-30,55.599998474121094,55.599998474121094,55.599998474121094,47.92414474487305,500
2017-08-31,56.619998931884766,56.619998931884766,55.599998474121094,47.950008392333984,68500
2017-09-01,56.599998474121094,56.650001525878906,56.599998474121094,48.82918930053711,400
2017-09-05,56.83000183105469,56.83000183105469,56.83000183105469,48.98434066772461,300
2017-09-06,56.83000183105469,56.900001525878906,56.83000183105469,49.0446662902832,13300
2017-09-07,56.900001525878906,56.900001525878906,56.900001525878906,49.0446662902832,200
2017-09-08,56.900001525878906,56.900001525878906,56.900001525878906,49.0446662902832,0
2017-09-11,56.900001525878906,56.900001525878906,56.900001525878906,49.0446662902832,0
2017-09-12,58.45000076293945,58.45000076293945,57.779998779296875,50.3289680480957,500
2017-09-13,58.38999938964844,58.38999938964844,58.38999938964844,50.3289680480957,0
2017-09-14,58.38999938964844,58.38999938964844,58.38999938964844,50.3289680480957,0
2017-09-15,58.029998779296875,58.810001373291016,58.029998779296875,50.18244552612305,64600
2017-09-18,58.650001525878906,58.7400016784668,58.650001525878906,50.630645751953125,400
2017-09-19,58.7400016784668,58.7400016784668,58.7400016784668,50.630645751953125,0
2017-09-20,59.5099983215332,60.66999816894531,59.5099983215332,52.2942008972168,800
2017-09-21,59.70000076293945,59.75,59.70000076293945,51.501216888427734,500
2017-09-22,59.75,59.75,59.75,51.501216888427734,0
2017-09-25,60.75,60.75,60.33000183105469,52.001136779785156,500
2017-09-26,60.33000183105469,60.33000183105469,60.33000183105469,52.001136779785156,0
2017-09-27,60.33000183105469,60.33000183105469,60.33000183105469,52.001136779785156,0
2017-09-28,59.810001373291016,59.810001373291016,59.810001373291016,51.55293273925781,100
2017-09-29,59.75,59.75,59.75,51.501216888427734,100
2017-10-02,59.75,59.75,59.75,51.501216888427734,0
2017-10-03,59.91999816894531,59.91999816894531,59.63999938964844,51.406402587890625,30400
2017-10-04,60.29999923706055,60.31999969482422,60.29999923706055,51.99252700805664,700
2017-10-05,60.18000030517578,60.18000030517578,60.0099983215332,51.725318908691406,300
2017-10-06,60.970001220703125,60.970001220703125,60.439998626708984,52.09595489501953,500
2017-10-09,60.869998931884766,61,60.869998931884766,52.578643798828125,300
2017-10-10,61.369998931884766,62.06999969482422,61.369998931884766,53.50092697143555,6700
2017-10-11,61.7599983215332,61.7599983215332,61.7599983215332,53.23372268676758,100
2017-10-12,61.619998931884766,61.619998931884766,61.619998931884766,53.11304473876953,100
2017-10-13,61.939998626708984,61.939998626708984,61.939998626708984,53.388877868652344,200
2017-10-16,61.939998626708984,61.939998626708984,61.939998626708984,53.388877868652344,0
2017-10-17,61.47999954223633,61.47999954223633,61.470001220703125,52.983760833740234,700
2017-10-18,61.400001525878906,62.09000015258789,61.400001525878906,53.51816940307617,600
2017-10-19,61.7599983215332,61.7599983215332,61.7599983215332,53.23372268676758,300
2017-10-20,61.5099983215332,61.529998779296875,61.5099983215332,53.03548049926758,400
2017-10-23,61.79999923706055,61.79999923706055,61.61000061035156,53.11304473876953,33000
2017-10-24,61.869998931884766,61.869998931884766,61.86000061035156,53.32854080200195,48800
2017-10-25,61.22999954223633,61.54999923706055,61.22999954223633,53.052711486816406,20700
2017-10-26,61.86000061035156,61.86000061035156,61.54999923706055,53.3112907409668,1400
2017-10-27,61.849998474121094,61.849998474121094,61.849998474121094,53.3112907409668,0
2017-10-30,61.849998474121094,61.849998474121094,61.849998474121094,53.3112907409668,0
2017-10-31,61.849998474121094,61.849998474121094,61.849998474121094,53.3112907409668,0
2017-11-01,62.400001525878906,62.400001525878906,61.29999923706055,52.837223052978516,1400
2017-11-02,62.560001373291016,62.560001373291016,62.15999984741211,53.57849884033203,300
2017-11-03,63,63,63,54.30253982543945,2800
2017-11-06,63,63,63,54.30253982543945,5000
2017-11-07,63,63.38999938964844,62.83000183105469,54.586971282958984,6400
2017-11-08,63.400001525878906,63.400001525878906,63.400001525878906,54.64731979370117,70900
2017-11-09,63.52000045776367,63.52000045776367,62.2400016784668,54.59559631347656,4300
2017-11-10,62.04999923706055,62.290000915527344,62.04999923706055,53.6905517578125,200
2017-11-13,63.279998779296875,63.41999816894531,62.34000015258789,54.66455841064453,1400
2017-11-14,63.41999816894531,63.41999816894531,63.41999816894531,54.66455841064453,0
2017-11-15,61.04999923706055,61.04999923706055,61.04999923706055,52.62173843383789,200
2017-11-16,61.08000183105469,62.209999084472656,61.08000183105469,53.6215934753418,40500
2017-11-17,62.06999969482422,62.06999969482422,62.06999969482422,53.50092697143555,100
2017-11-20,62,62,62,53.44059371948242,500
2017-11-21,62.06999969482422,62.09000015258789,62.06999969482422,53.51816940307617,1200
2017-11-22,63,63.09000015258789,62.959999084472656,54.29391860961914,1100
2017-11-24,62.9900016784668,62.9900016784668,62.9900016784668,54.29391860961914,0
2017-11-27,64,64,62.7599983215332,54.09566879272461,1800
2017-11-28,62.77000045776367,63.58000183105469,62.77000045776367,54.354248046875,800
2017-11-29,62.7599983215332,62.7599983215332,62.7599983215332,54.09566879272461,200
2017-11-30,62.7599983215332,62.7599983215332,62.7599983215332,54.09566879272461,40100
2017-12-01,62.33000183105469,62.33000183105469,62.33000183105469,53.725032806396484,16000
2017-12-04,62.36000061035156,62.38999938964844,62.36000061035156,53.776756286621094,32100
2017-12-05,62.38999938964844,62.38999938964844,62.38999938964844,53.776756286621094,100
2017-12-06,60.720001220703125,61.869998931884766,60.720001220703125,53.32854080200195,500
2017-12-07,62.279998779296875,62.279998779296875,61.619998931884766,53.2681999206543,24400
2017-12-08,61.79999923706055,61.79999923706055,61.79999923706055,53.2681999206543,0
2017-12-11,61.56999969482422,61.56999969482422,61.56999969482422,53.06995391845703,100
2017-12-12,61.5,62.52000045776367,61.5,53.59574508666992,62200
2017-12-13,62.18000030517578,62.18000030517578,62.18000030517578,53.59574508666992,0
2017-12-14,62.18000030517578,62.18000030517578,62.18000030517578,53.59574508666992,0
2017-12-15,62.18000030517578,62.18000030517578,62.18000030517578,53.59574508666992,0
2017-12-18,64.12000274658203,64.12000274658203,62.91999816894531,55.06967544555664,5400
2017-12-19,64.4800033569336,64.4800033569336,63.66999816894531,54.880035400390625,400
2017-12-20,63.33000183105469,63.33000183105469,63.33000183105469,54.586971282958984,100
2017-12-21,64.5,64.5,64.5,55.59545135498047,100
2017-12-22,64.5,64.5,64.5,55.59545135498047,0
2017-12-26,64.5,64.5,64.5,55.59545135498047,0
2017-12-27,63.43000030517578,64.86000061035156,63.43000030517578,55.90575408935547,4100
2017-12-28,64.5999984741211,64.5999984741211,64.5999984741211,55.681644439697266,200
2017-12-29,64.5999984741211,64.5999984741211,64.5999984741211,55.681644439697266,0
2018-01-02,64.5999984741211,64.5999984741211,64.5999984741211,55.681644439697266,0
2018-01-03,64.31999969482422,64.31999969482422,64.31999969482422,55.4403076171875,300
2018-01-04,65.25,65.83000183105469,65.25,56.741844177246094,50300
2018-01-05,66.1500015258789,67.04000091552734,66.1500015258789,57.784793853759766,33500
2018-01-08,67.04000091552734,67.04000091552734,67.04000091552734,57.784793853759766,8100
2018-01-09,67,67,66.75,57.5434455871582,20500
2018-01-10,68.1500015258789,69,68.1500015258789,58.76741027832031,9100
2018-01-11,68.52999877929688,69.0999984741211,68.52999877929688,59.56039810180664,1000
2018-01-12,68.98999786376953,68.98999786376953,67.3499984741211,59.35353469848633,800
2018-01-16,68.70999908447266,69.18000030517578,68.70999908447266,59.62936782836914,24300
2018-01-17,70.23999786376953,70.23999786376953,69.94999694824219,60.33614730834961,7600
2018-01-18,70,70,70,60.33614730834961,0
2018-01-19,69.30000305175781,70.2300033569336,69.30000305175781,60.534400939941406,700
2018-01-22,69.77999877929688,69.77999877929688,69.77999877929688,60.14651107788086,300
2018-01-23,69.47000122070312,69.47000122070312,69.47000122070312,59.87932205200195,500
2018-01-24,69.5,69.5,69.5,59.905181884765625,100
2018-01-25,69.5,69.5,69.5,59.905181884765625,300
2018-01-26,70,70,69.55000305175781,59.94828796386719,400
2018-01-29,69.55000305175781,70.12999725341797,69.55000305175781,60.44818878173828,33100
2018-01-30,70.12999725341797,70.12999725341797,70.12999725341797,60.44818878173828,12000
2018-01-31,68.6500015258789,68.6500015258789,68.6500015258789,59.17251968383789,18200
2018-02-01,68.6500015258789,68.6500015258789,68.6500015258789,59.17251968383789,0
2018-02-02,68.73999786376953,69.76000213623047,68.54000091552734,59.086341857910156,2600
2018-02-05,66.9000015258789,67.63999938964844,65.0999984741211,56.112613677978516,6000
2018-02-06,65.31999969482422,70.0199966430664,65.31999969482422,59.47420883178711,23400
2018-02-07,69,69.19000244140625,69,59.637969970703125,300
2018-02-08,67.91000366210938,68.05999755859375,67.55999755859375,58.232994079589844,44200
2018-02-09,67.3499984741211,67.8499984741211,67.3499984741211,58.0519905090332,12800
2018-02-12,67.3499984741211,67.3499984741211,67.3499984741211,58.0519905090332,0
2018-02-13,68.19000244140625,68.19000244140625,68.19000244140625,58.77602767944336,200
2018-02-14,67.30000305175781,67.30000305175781,67.30000305175781,58.0088996887207,200
2018-02-15,67.30000305175781,67.30000305175781,66.4000015258789,57.233154296875,10600
2018-02-16,68.05999755859375,68.05999755859375,68.05999755859375,58.66397476196289,16000
2018-02-20,67.94000244140625,68.9800033569336,67.94000244140625,59.45696258544922,24400
2018-02-21,68.9800033569336,68.9800033569336,68.9800033569336,59.45696258544922,16000
2018-02-22,67.62000274658203,67.62000274658203,67.62000274658203,58.28472900390625,4300
2018-02-23,68.5199966430664,68.52999877929688,68.5199966430664,59.069095611572266,44100
2018-02-26,68.52999877929688,68.52999877929688,68.52999877929688,59.069095611572266,0
2018-02-27,68.05999755859375,68.05999755859375,68.05999755859375,58.66397476196289,600
2018-02-28,68.05999755859375,68.30000305175781,68.05999755859375,58.672603607177734,5300
2018-03-01,67.05999755859375,67.05999755859375,64.97000122070312,56.94871139526367,12700
2018-03-02,65.5,65.5,65.5,56.45740509033203,100
2018-03-05,65.5,65.5,65.5,56.45740509033203,0
2018-03-06,65.75,65.75,65.54000091552734,56.491878509521484,1400
2018-03-07,63.849998474121094,63.849998474121094,63.849998474121094,55.035186767578125,700
2018-03-08,63.93000030517578,63.93000030517578,63.93000030517578,55.10414123535156,12100
2018-03-09,64.7300033569336,64.7300033569336,64.7300033569336,55.7937126159668,58300
2018-03-12,64.3499984741211,66.08999633789062,64.3499984741211,55.681644439697266,1200
2018-03-13,64.5999984741211,64.5999984741211,64.5999984741211,55.681644439697266,0
2018-03-14,66.06999969482422,66.06999969482422,65.97000122070312,56.862510681152344,1100
2018-03-15,64.56999969482422,64.56999969482422,64.56999969482422,55.655792236328125,400
2018-03-16,64.1500015258789,64.1500015258789,64.1500015258789,55.29377746582031,400
2018-03-19,64,64,64,55.16447830200195,300
2018-03-20,64,64,64,55.16447830200195,0
2018-03-21,64.55000305175781,64.55000305175781,64.55000305175781,55.6385498046875,6300
2018-03-22,64.87000274658203,64.87000274658203,63.34000015258789,54.59559631347656,6300
2018-03-23,63,63,62.38999938964844,53.776756286621094,600
2018-03-26,62.27000045776367,62.27000045776367,62.27000045776367,53.67332077026367,800
2018-03-27,65.31999969482422,65.31999969482422,65.30999755859375,56.29362487792969,700
2018-03-28,65,65,63.36000061035156,54.61283874511719,72700
2018-03-29,63.36000061035156,63.36000061035156,63.36000061035156,54.61283874511719,0
2018-04-02,63.36000061035156,63.36000061035156,63.36000061035156,54.61283874511719,0
2018-04-03,63.400001525878906,63.4900016784668,63.400001525878906,54.724891662597656,500
2018-04-04,63.5,63.5,62.779998779296875,54.112911224365234,300
2018-04-05,62.779998779296875,62.779998779296875,62.779998779296875,54.112911224365234,0
2018-04-06,63.650001525878906,63.650001525878906,63.650001525878906,54.8628044128418,200
2018-04-09,62.060001373291016,63.22999954223633,62.060001373291016,54.500789642333984,62400
2018-04-10,64.01000213623047,64.04000091552734,64,55.19895553588867,225100
2018-04-11,65.05000305175781,65.05000305175781,63.09000015258789,55.13001251220703,15500
2018-04-12,63.959999084472656,63.959999084472656,63.959999084472656,55.13001251220703,0
2018-04-13,64.4000015258789,64.41000366210938,64.4000015258789,55.51788330078125,32100
2018-04-16,63.869998931884766,63.869998931884766,63.869998931884766,55.05242919921875,300
2018-04-17,63.790000915527344,63.790000915527344,63.790000915527344,54.98347091674805,100
2018-04-18,63.790000915527344,63.790000915527344,63.790000915527344,54.98347091674805,0
2018-04-19,64.5,64.5,64.5,55.59545135498047,100
2018-04-20,64.5,64.5,64.5,55.59545135498047,0
2018-04-23,64.5,64.5,64.5,55.59545135498047,35000
2018-04-24,64.5,64.5,64.5,55.59545135498047,0
2018-04-25,64.5,64.5,64.5,55.59545135498047,0
2018-04-26,64.5,64.5,64.5,55.59545135498047,0
2018-04-27,65.61000061035156,65.61000061035156,65.61000061035156,56.55221176147461,24000
2018-04-30,65.61000061035156,65.61000061035156,65.61000061035156,56.55221176147461,0
2018-05-01,65.61000061035156,65.61000061035156,65.61000061035156,56.55221176147461,0
2018-05-02,65,65,64.3499984741211,55.46615982055664,44500
2018-05-03,64.33000183105469,64.33000183105469,64.33000183105469,55.44892501831055,100
2018-05-04,64.80999755859375,64.80999755859375,64.80999755859375,55.86265182495117,400
2018-05-07,64.80999755859375,64.80999755859375,64.80999755859375,55.86265182495117,500
2018-05-08,64.8499984741211,64.8499984741211,64.8499984741211,55.89713668823242,32200
2018-05-09,64.8499984741211,64.8499984741211,64.8499984741211,55.89713668823242,0
2018-05-10,64.8499984741211,64.8499984741211,64.8499984741211,55.89713668823242,0
2018-05-11,68.0199966430664,68.0199966430664,68.0199966430664,58.62949752807617,400
2018-05-14,68.30000305175781,68.30000305175781,68.30000305175781,58.87084197998047,100
2018-05-15,68.11000061035156,68.11000061035156,68.11000061035156,58.70707702636719,300
2018-05-16,68.11000061035156,68.11000061035156,68.11000061035156,58.70707702636719,0
2018-05-17,68.11000061035156,68.11000061035156,68.11000061035156,58.70707702636719,0
2018-05-18,68.08999633789062,68.08999633789062,68.06999969482422,58.672603607177734,10000
2018-05-21,68.08999633789062,68.08999633789062,68.08999633789062,58.6898307800293,300
2018-05-22,68.16000366210938,68.16000366210938,68.16000366210938,58.750179290771484,1100
2018-05-23,67.38999938964844,67.38999938964844,67.38999938964844,58.08647155761719,400
2018-05-24,65.97000122070312,65.97000122070312,65.97000122070312,56.862510681152344,200
2018-05-25,65,65,64.66999816894531,55.74198532104492,400
2018-05-29,63.79999923706055,63.88999938964844,63.79999923706055,55.06967544555664,16300
2018-05-30,63.88999938964844,63.88999938964844,63.88999938964844,55.06967544555664,12100
2018-05-31,63.88999938964844,63.88999938964844,63.88999938964844,55.06967544555664,0
2018-06-01,65.5199966430664,65.66999816894531,64.69999694824219,56.603939056396484,42400
2018-06-04,67.37999725341797,67.37999725341797,67.37999725341797,58.07786178588867,100
2018-06-05,67.37999725341797,67.37999725341797,67.37999725341797,58.07786178588867,0
2018-06-06,67.37999725341797,67.37999725341797,67.37999725341797,58.07786178588867,0
2018-06-07,68.30000305175781,68.41999816894531,67.33999633789062,58.04338455200195,200800
2018-06-08,67.37999725341797,67.37999725341797,67.37999725341797,58.07786178588867,100
2018-06-11,68.80000305175781,68.80000305175781,68.80000305175781,59.301815032958984,400
2018-06-12,67.23999786376953,67.25,67.23999786376953,57.96580505371094,40000
2018-06-13,68.86000061035156,68.9000015258789,68.86000061035156,59.38800811767578,300
2018-06-14,67.97000122070312,68.48999786376953,67.97000122070312,59.03461837768555,500
2018-06-15,68.16999816894531,68.58000183105469,68.16999816894531,59.11219024658203,12800
2018-06-18,67.12999725341797,68.83999633789062,67.12999725341797,59.3362922668457,28300
2018-06-19,67.91999816894531,67.91999816894531,67.9000015258789,58.53468704223633,8000
2018-06-20,67.66999816894531,67.66999816894531,67.66999816894531,58.32781982421875,200
2018-06-21,66.94999694824219,66.94999694824219,66.94999694824219,57.70722579956055,700
2018-06-22,66.94999694824219,66.94999694824219,66.94999694824219,57.70722579956055,0
2018-06-25,64.18000030517578,64.18000030517578,63.7400016784668,55.07829284667969,1000
2018-06-26,63.900001525878906,63.900001525878906,63.900001525878906,55.07829284667969,0
2018-06-27,63.900001525878906,63.900001525878906,63.900001525878906,55.07829284667969,0
2018-06-28,65.72000122070312,65.72000122070312,65.72000122070312,56.64702606201172,100
2018-06-29,63.81999969482422,63.81999969482422,63.81999969482422,55.00933074951172,1000
2018-07-02,65.27999877929688,65.27999877929688,65.27999877929688,56.26777267456055,100
2018-07-03,65.27999877929688,65.27999877929688,65.27999877929688,56.26777267456055,0
2018-07-05,65.27999877929688,65.27999877929688,65.27999877929688,56.26777267456055,12000
2018-07-06,64.87999725341797,64.87999725341797,64.87999725341797,55.92298889160156,16500
2018-07-09,66.02999877929688,66.02999877929688,66.02999877929688,56.91423797607422,200
2018-07-10,65,65,65,56.02642822265625,200
2018-07-11,65,65,65,56.02642822265625,0
2018-07-12,65,65,65,56.02642822265625,0
2018-07-13,65,65,65,56.02642822265625,100
2018-07-16,65,65,65,56.02642822265625,0
2018-07-17,65,65,65,56.02642822265625,0
2018-07-18,65,65,65,56.02642822265625,0
2018-07-19,65.02999877929688,65.02999877929688,65.02999877929688,56.05228805541992,2100
2018-07-20,65.72000122070312,65.72000122070312,65.72000122070312,56.64702606201172,400
2018-07-23,66,66,66,56.88836669921875,500
2018-07-24,66.44999694824219,66.44999694824219,66.44999694824219,57.2762451171875,1300
2018-07-25,64.98999786376953,65.69999694824219,64.98999786376953,56.05228805541992,35700
2018-07-26,65.02999877929688,65.02999877929688,65.02999877929688,56.05228805541992,0
2018-07-27,65.02999877929688,65.02999877929688,65.02999877929688,56.05228805541992,0
2018-07-30,67.6500015258789,68.08999633789062,67.6500015258789,58.6898307800293,400
2018-07-31,66.33999633789062,66.33999633789062,65.97000122070312,56.862510681152344,33100
2018-08-01,65.97000122070312,65.97000122070312,65.97000122070312,56.862510681152344,0
2018-08-02,66,66,64.66999816894531,55.74198532104492,500
2018-08-03,64.66999816894531,64.66999816894531,64.66999816894531,55.74198532104492,0
2018-08-06,63.400001525878906,65.05000305175781,63.400001525878906,55.207576751708984,1300
2018-08-07,63.59000015258789,64.55999755859375,63.59000015258789,55.62992858886719,16200
2018-08-08,63.11000061035156,63.11000061035156,63.11000061035156,54.3973503112793,300
2018-08-09,63.11000061035156,63.11000061035156,63.11000061035156,54.3973503112793,100
2018-08-10,62,63.31999969482422,62,54.57835388183594,600
2018-08-13,63.31999969482422,63.31999969482422,63.31999969482422,54.57835388183594,0
2018-08-14,62,62,62,53.44059371948242,40200
2018-08-15,61.31999969482422,61.33000183105469,61.31999969482422,52.86309051513672,2400
2018-08-16,61.310001373291016,62.16999816894531,61.310001373291016,52.88032531738281,16600
2018-08-17,61.29999923706055,62.790000915527344,60.56999969482422,54.12153244018555,1100
2018-08-20,62.13999938964844,62.13999938964844,60.38999938964844,52.811370849609375,700
2018-08-21,60.58000183105469,60.58000183105469,60.58000183105469,52.21663284301758,200
2018-08-22,62.22999954223633,62.22999954223633,62.22999954223633,53.638832092285156,300
2018-08-23,62.22999954223633,62.22999954223633,62.22999954223633,53.638832092285156,0
2018-08-24,62.22999954223633,62.22999954223633,62.22999954223633,53.638832092285156,26100
2018-08-27,61.83000183105469,63.38999938964844,61.83000183105469,54.63868713378906,36700
2018-08-28,64.2300033569336,64.2300033569336,63,54.30253982543945,800
2018-08-29,63,63,63,54.30253982543945,800
2018-08-30,63,63,62.34000015258789,53.7336540222168,700
2018-08-31,63.22999954223633,63.22999954223633,63.22999954223633,54.500789642333984,200
2018-09-04,62.61000061035156,62.61000061035156,62.61000061035156,53.96637725830078,500
2018-09-05,59.65999984741211,60.880001068115234,59.619998931884766,51.389163970947266,700
2018-09-06,59.619998931884766,59.619998931884766,59.619998931884766,51.389163970947266,0
2018-09-07,59.70000076293945,60.04999923706055,58.959999084472656,51.75980758666992,39100
2018-09-10,58.849998474121094,59.95000076293945,58.849998474121094,51.67359924316406,900
2018-09-11,60.59000015258789,60.599998474121094,59.22999954223633,51.053001403808594,37500
2018-09-12,59.22999954223633,59.22999954223633,59.22999954223633,51.053001403808594,0
2018-09-13,59.22999954223633,59.22999954223633,59.22999954223633,51.053001403808594,0
2018-09-14,61.189998626708984,61.2599983215332,61.16999816894531,52.80275344848633,12100
2018-09-17,61.130001068115234,61.130001068115234,60.189998626708984,51.88046646118164,45300
2018-09-18,61.630001068115234,61.630001068115234,61.630001068115234,53.121673583984375,400
2018-09-19,61.630001068115234,61.630001068115234,61.630001068115234,53.121673583984375,0
2018-09-20,63.15999984741211,63.15999984741211,62.15999984741211,53.57849884033203,300
2018-09-21,62.15999984741211,62.15999984741211,62.15999984741211,53.57849884033203,0
2018-09-24,62,62,62,53.44059371948242,100
2018-09-25,62.33000183105469,62.83000183105469,62.33000183105469,54.156005859375,500
2018-09-26,62.209999084472656,62.209999084472656,61.310001373291016,52.84585189819336,200
2018-09-27,61.2599983215332,62.029998779296875,61.2599983215332,53.46644973754883,6800
2018-09-28,61.599998474121094,62.20000076293945,61.599998474121094,53.61298370361328,26100
2018-10-01,62.31999969482422,62.34000015258789,61.470001220703125,52.983760833740234,42100
2018-10-02,61.93000030517578,62.810001373291016,61.93000030517578,54.13014221191406,700
2018-10-03,62.79999923706055,62.79999923706055,62.79999923706055,54.13014221191406,0
2018-10-04,62.79999923706055,62.79999923706055,62.79999923706055,54.13014221191406,0
2018-10-05,62.79999923706055,62.79999923706055,62.79999923706055,54.13014221191406,0
2018-10-08,60.95000076293945,62.31999969482422,60.95000076293945,53.7164192199707,5300
2018-10-09,59.810001373291016,59.81999969482422,59.810001373291016,51.56155014038086,40000
2018-10-10,59.560001373291016,59.56999969482422,59.560001373291016,51.34606170654297,10200
2018-10-11,59,59.34000015258789,57.849998474121094,51.147823333740234,46300
2018-10-12,59.34000015258789,59.34000015258789,59.34000015258789,51.147823333740234,0
2018-10-15,57.849998474121094,57.849998474121094,57.849998474121094,49.8635139465332,200
2018-10-16,57.849998474121094,57.849998474121094,57.849998474121094,49.8635139465332,300
2018-10-17,58.43000030517578,59.779998779296875,58.43000030517578,50.527217864990234,40400
2018-10-18,58.5099983215332,58.5099983215332,58.5099983215332,50.432403564453125,300
2018-10-19,58.5,58.650001525878906,57.849998474121094,49.8635139465332,400
2018-10-22,57.849998474121094,57.849998474121094,57.849998474121094,49.8635139465332,0
2018-10-23,57.900001525878906,59.38999938964844,57.900001525878906,51.19091796875,600
2018-10-24,58.11000061035156,58.11000061035156,57.849998474121094,49.8635139465332,131900
2018-10-25,58.2400016784668,58.380001068115234,57.15999984741211,49.26878356933594,82000
2018-10-26,57.15999984741211,57.15999984741211,57.15999984741211,49.26878356933594,0
2018-10-29,58.86000061035156,58.86000061035156,57.11000061035156,49.22568893432617,71000
2018-10-30,57.68000030517578,57.689998626708984,57.68000030517578,49.72561264038086,121000
2018-10-31,58,58,58,49.992801666259766,200
2018-11-01,58.66999816894531,59.189998626708984,58.66999816894531,50.57893371582031,60300
2018-11-02,57.900001525878906,57.91999816894531,57.11000061035156,49.22568893432617,100100
2018-11-05,57.84000015258789,58.279998779296875,57.79999923706055,50.23415756225586,123100
2018-11-06,58.29999923706055,58.66999816894531,58.29999923706055,50.5703125,80500
2018-11-07,58.66999816894531,58.66999816894531,58.66999816894531,50.5703125,100
2018-11-08,58.66999816894531,58.66999816894531,58.66999816894531,50.5703125,100
2018-11-09,57.7400016784668,57.7400016784668,57.7400016784668,49.76871109008789,200
2018-11-12,57.7400016784668,57.7400016784668,57.7400016784668,49.76871109008789,0
2018-11-13,57.7400016784668,57.7400016784668,57.7400016784668,49.76871109008789,100
2018-11-14,57.61000061035156,57.61000061035156,57.61000061035156,49.65665054321289,100
2018-11-15,58.56999969482422,58.599998474121094,58.41999816894531,50.354820251464844,2800
2018-11-16,59.029998779296875,59.029998779296875,58.97999954223633,50.8375129699707,300
2018-11-19,58.97999954223633,58.97999954223633,58.54999923706055,50.46687698364258,400
2018-11-20,59,59,58.939998626708984,50.803043365478516,2100
2018-11-21,58.40999984741211,60.310001373291016,58.40999984741211,51.9838981628418,200
2018-11-23,60.310001373291016,60.310001373291016,60.310001373291016,51.9838981628418,100
2018-11-26,60.310001373291016,60.310001373291016,60.310001373291016,51.9838981628418,0
2018-11-27,60.310001373291016,60.310001373291016,60.310001373291016,51.9838981628418,46600
2018-11-28,60.310001373291016,60.310001373291016,60.310001373291016,51.9838981628418,100
2018-11-29,60.310001373291016,60.310001373291016,60.310001373291016,51.9838981628418,100
2018-11-30,61.29999923706055,61.29999923706055,59.900001525878906,51.6305046081543,600
2018-12-03,61.4900016784668,61.540000915527344,61.4900016784668,53.044097900390625,1000
2018-12-04,62.20000076293945,62.20000076293945,62.20000076293945,53.61298370361328,100
2018-12-06,60.68000030517578,60.68000030517578,59.7400016784668,51.49260330200195,400
2018-12-07,60.709999084472656,60.709999084472656,59.900001525878906,51.6305046081543,1300
2018-12-10,61.45000076293945,61.45000076293945,61.45000076293945,52.96652603149414,200
2018-12-11,58.65999984741211,59.7599983215332,58.65999984741211,51.50983810424805,900
2018-12-12,61.880001068115234,61.880001068115234,60.84000015258789,52.44073486328125,10600
2018-12-13,60.689998626708984,60.689998626708984,60.68000030517578,52.302818298339844,10000
2018-12-14,59.45000076293945,59.7599983215332,59.45000076293945,51.50983810424805,22300
2018-12-17,59.7599983215332,59.7599983215332,59.7599983215332,51.50983810424805,0
2018-12-18,59.7599983215332,59.7599983215332,59.7599983215332,51.50983810424805,0
2018-12-19,60.13999938964844,60.13999938964844,60.13999938964844,51.837371826171875,300
2018-12-20,60.13999938964844,60.13999938964844,60.13999938964844,51.837371826171875,100
2018-12-21,58.5,58.5,57.380001068115234,49.48426055908203,80800
2018-12-24,57.04999923706055,57.04999923706055,56.4900016784668,48.691280364990234,600
2018-12-26,57.13999938964844,57.13999938964844,56.939998626708984,49.07915115356445,400
2018-12-27,55.9900016784668,58.75,55.9900016784668,50.6392707824707,400
2018-12-28,58.7599983215332,58.93000030517578,57,49.13086700439453,1000
2018-12-31,57,57,57,49.13086700439453,100
2019-01-02,58.81999969482422,58.81999969482422,58.81999969482422,50.699607849121094,200
2019-01-03,57.61000061035156,57.61000061035156,57.470001220703125,49.53599166870117,500
2019-01-04,59.349998474121094,60.04999923706055,59.349998474121094,51.75980758666992,2700
2019-01-07,60.04999923706055,60.04999923706055,60.04999923706055,51.75980758666992,100
2019-01-08,60.04999923706055,60.04999923706055,60.04999923706055,51.75980758666992,100
2019-01-09,61.209999084472656,62,61.209999084472656,53.0958137512207,3100
2019-01-10,62,62,62,53.44059371948242,300
2019-01-11,62,62,62,53.44059371948242,100
2019-01-14,62,62,62,53.44059371948242,100
2019-01-15,62.16999816894531,62.16999816894531,62.16999816894531,53.587120056152344,1100
2019-01-16,61.90999984741211,62.130001068115234,61.90999984741211,53.55265426635742,44300
2019-01-17,62.11000061035156,62.11000061035156,62.11000061035156,53.535404205322266,500
2019-01-18,61.11000061035156,61.11000061035156,61.11000061035156,52.6734619140625,500
2019-01-22,60.779998779296875,60.779998779296875,60.779998779296875,52.38901901245117,300
2019-01-23,62.150001525878906,62.150001525878906,62.150001525878906,53.56988525390625,900
2019-01-24,60.599998474121094,60.650001525878906,60.599998474121094,52.2769660949707,200
2019-01-25,62.36000061035156,62.36000061035156,62.36000061035156,53.75088882446289,200
2019-01-28,62.36000061035156,62.36000061035156,62.36000061035156,53.75088882446289,22600
2019-01-29,62.36000061035156,62.36000061035156,62.36000061035156,53.75088882446289,0
2019-01-30,62.36000061035156,62.36000061035156,62.36000061035156,53.75088882446289,100
2019-01-31,62.400001525878906,62.400001525878906,61.4900016784668,53.000999450683594,300
2019-02-01,62.02000045776367,62.02000045776367,62.02000045776367,53.457828521728516,200
2019-02-04,61.130001068115234,61.150001525878906,61.130001068115234,52.699317932128906,14200
2019-02-05,61.13999938964844,61.13999938964844,61.13999938964844,52.699317932128906,0
2019-02-06,61,61,60.790000915527344,52.39763641357422,300
2019-02-07,60,60,60,51.71670150756836,12300
2019-02-08,58.77000045776367,58.77000045776367,58.77000045776367,50.65650939941406,100
2019-02-11,58.77000045776367,58.77000045776367,58.77000045776367,50.65650939941406,100
2019-02-12,60.599998474121094,60.599998474121094,59.130001068115234,50.9668083190918,900
2019-02-13,59.130001068115234,59.130001068115234,59.130001068115234,50.9668083190918,100
2019-02-14,59.56999969482422,59.58000183105469,59.56999969482422,51.354679107666016,6000
2019-02-15,61.34000015258789,61.34000015258789,61.310001373291016,52.84585189819336,700
2019-02-19,61.79999923706055,61.79999923706055,61.79999923706055,53.2681999206543,2800
2019-02-20,60.38999938964844,61.2400016784668,60.38999938964844,52.785518646240234,32300
2019-02-21,61.2400016784668,61.2400016784668,61.2400016784668,52.785518646240234,100
2019-02-22,61.2400016784668,61.2400016784668,61.2400016784668,52.785518646240234,100
2019-02-25,61.38999938964844,61.400001525878906,61.27000045776367,52.82861328125,98000
2019-02-26,61.630001068115234,61.630001068115234,61.630001068115234,53.121673583984375,20700
2019-02-27,61.08000183105469,61.11000061035156,61.08000183105469,52.6734619140625,116400
2019-02-28,60,60,60,51.71670150756836,300
2019-03-01,60,60,60,51.71670150756836,0
2019-03-04,60.40999984741211,60.40999984741211,58.65999984741211,51.00990676879883,11400
2019-03-05,59.04999923706055,59.06999969482422,59.04999923706055,50.91510009765625,96000
2019-03-06,59.06999969482422,59.09000015258789,59.06999969482422,50.932334899902344,54000
2019-03-07,59.060001373291016,59.060001373291016,58.9900016784668,50.846134185791016,13500
2019-03-08,58.29999923706055,58.29999923706055,58.29999923706055,50.25139236450195,14200
2019-03-11,58.4900016784668,58.4900016784668,58.4900016784668,50.4151611328125,400
2019-03-12,58.349998474121094,58.349998474121094,58.349998474121094,50.29449462890625,300
2019-03-13,58.349998474121094,58.349998474121094,58.349998474121094,50.29449462890625,100
2019-03-14,58.709999084472656,58.709999084472656,58.709999084472656,50.60478973388672,100
2019-03-15,58.790000915527344,58.790000915527344,58.790000915527344,50.67374801635742,100
2019-03-18,58.790000915527344,58.790000915527344,58.790000915527344,50.67374801635742,100
2019-03-19,59.97999954223633,60.790000915527344,59.97999954223633,52.39763641357422,300
2019-03-20,59.779998779296875,60.5,59.75,51.501216888427734,8600
2019-03-21,60.4900016784668,60.4900016784668,60.4900016784668,52.139060974121094,300
2019-03-22,60,60,60,51.71670150756836,1000
2019-03-25,58.90999984741211,60.959999084472656,58.90999984741211,52.54417419433594,300
2019-03-26,62.16999816894531,62.16999816894531,60.72999954223633,52.345916748046875,400
2019-03-27,59.02000045776367,61.31999969482422,59.02000045776367,53.044002532958984,600
2019-03-28,60.04999923706055,60.04999923706055,58.790000915527344,51.945411682128906,800
2019-03-29,58.290000915527344,58.290000915527344,58.290000915527344,50.42295455932617,200
2019-04-01,61.0099983215332,61.0099983215332,58.90999984741211,51.91080856323242,20400
2019-04-02,60,60,60,51.90215301513672,300
2019-04-03,60,60,60,51.90215301513672,100
2019-04-04,60,60,60,51.90215301513672,100
2019-04-05,60,60,60,51.90215301513672,1700
2019-04-08,60,60,60,51.90215301513672,100
2019-04-09,60,60,60,51.90215301513672,300
2019-04-10,60,60,60,51.90215301513672,0
2019-04-11,60,60,60,51.90215301513672,100
2019-04-12,60,60,60,51.90215301513672,100
2019-04-15,60,60,60,51.90215301513672,95500
2019-04-16,60,60,60,51.90215301513672,100
2019-04-17,60,60,60,51.90215301513672,100
2019-04-18,61.83000183105469,61.83000183105469,61.83000183105469,53.485172271728516,200
2019-04-22,62.09000015258789,62.099998474121094,62.09000015258789,53.718727111816406,20100
2019-04-23,62.13999938964844,62.13999938964844,62.13999938964844,53.753334045410156,200
2019-04-24,62.099998474121094,62.36000061035156,61.56999969482422,53.943641662597656,12400
2019-04-25,62.36000061035156,62.36000061035156,62.36000061035156,53.943641662597656,100
2019-04-26,60.630001068115234,60.630001068115234,60.630001068115234,52.4471321105957,800
2019-04-29,61.15999984741211,62.439998626708984,61.15999984741211,54.01284408569336,800
2019-04-30,60.7400016784668,60.7400016784668,60.7400016784668,52.54228591918945,800
2019-05-01,60.900001525878906,60.900001525878906,60.900001525878906,52.68069076538086,100
2019-05-02,61.279998779296875,61.279998779296875,61.279998779296875,53.009403228759766,100
2019-05-03,61.279998779296875,61.279998779296875,61.279998779296875,53.009403228759766,100
2019-05-06,61.22999954223633,61.22999954223633,61.20000076293945,52.94020462036133,8200
2019-05-07,61.20000076293945,61.20000076293945,61.20000076293945,52.94020462036133,100
2019-05-08,62.540000915527344,62.540000915527344,60.529998779296875,52.360626220703125,800
2019-05-09,60.119998931884766,60.27000045776367,60,52.13572311401367,500
2019-05-10,59.5,59.5,59.5,51.469642639160156,100
2019-05-13,59.79999923706055,59.79999923706055,59.79999923706055,51.729148864746094,200
2019-05-14,59.79999923706055,59.79999923706055,59.79999923706055,51.729148864746094,100
2019-05-15,59.540000915527344,59.540000915527344,59.31999969482422,51.31393814086914,60500
2019-05-16,59.86000061035156,60.16999816894531,58.63999938964844,52.04921340942383,800
2019-05-17,59.91999816894531,60.06999969482422,59.91999816894531,51.962703704833984,200
2019-05-20,60.06999969482422,60.06999969482422,60.06999969482422,51.962703704833984,100
2019-05-21,58.2599983215332,58.2599983215332,58.2599983215332,50.39699172973633,200
2019-05-22,59.56999969482422,59.56999969482422,59.56999969482422,51.53019332885742,16300
2019-05-23,58.16999816894531,58.65999984741211,58.16999816894531,50.74300765991211,2100
2019-05-24,60.27000045776367,60.27000045776367,58.790000915527344,50.85546112060547,1700
2019-05-28,61.119998931884766,61.119998931884766,59.41999816894531,51.40043258666992,700
2019-05-29,60.0099983215332,60.0099983215332,60.0099983215332,51.91080856323242,100
2019-05-30,60.0099983215332,60.0099983215332,60.0099983215332,51.91080856323242,100
2019-05-31,57.93000030517578,58.529998779296875,57.93000030517578,50.59595489501953,1600
2019-06-03,58.4900016784668,58.4900016784668,58.4900016784668,50.59595489501953,2900
2019-06-04,58.099998474121094,58.099998474121094,58.099998474121094,50.25859069824219,100
2019-06-05,58.099998474121094,58.099998474121094,58.099998474121094,50.25859069824219,100
2019-06-06,59.880001068115234,59.880001068115234,59.880001068115234,51.7983512878418,200
2019-06-07,60.56999969482422,60.56999969482422,60.369998931884766,52.22221755981445,34200
2019-06-10,61.779998779296875,61.790000915527344,61.779998779296875,53.45056915283203,26100
2019-06-11,61.90999984741211,61.90999984741211,61.90999984741211,53.554378509521484,800
2019-06-12,62.849998474121094,62.86000061035156,62.849998474121094,54.37615966796875,18000
2019-06-13,62.86000061035156,62.86000061035156,62.86000061035156,54.37615966796875,100
2019-06-14,62.220001220703125,62.2599983215332,61.439998626708984,53.85714340209961,31400
2019-06-17,61.34000015258789,62.58000183105469,61.34000015258789,53.234317779541016,700
2019-06-18,61.540000915527344,61.540000915527344,61.540000915527344,53.234317779541016,100
2019-06-19,61.540000915527344,61.540000915527344,61.540000915527344,53.234317779541016,100
2019-06-20,61.540000915527344,61.540000915527344,61.540000915527344,53.234317779541016,3000
2019-06-21,61.540000915527344,61.619998931884766,61.540000915527344,53.303504943847656,200
2019-06-24,61.619998931884766,61.619998931884766,61.619998931884766,53.303504943847656,100
2019-06-25,61.619998931884766,61.619998931884766,61.619998931884766,53.303504943847656,100
2019-06-26,62,62,62,53.632225036621094,200
2019-06-27,61.2400016784668,62.2400016784668,61.2400016784668,52.97480392456055,600
2019-06-28,62.5099983215332,62.709999084472656,62.08000183105469,54.24641418457031,500
2019-07-01,63,63,63,54.49726867675781,4200
2019-07-02,63.369998931884766,63.75,63.369998931884766,55.14604568481445,26000
2019-07-03,62.779998779296875,62.779998779296875,62.779998779296875,54.30696105957031,800
2019-07-05,61.790000915527344,61.790000915527344,61.77000045776367,53.43327713012695,400
2019-07-08,62.470001220703125,63.65999984741211,62.470001220703125,54.981689453125,120300
2019-07-09,62.900001525878906,62.900001525878906,62.900001525878906,54.410762786865234,200
2019-07-10,63.95000076293945,63.95000076293945,63.95000076293945,55.319053649902344,100
2019-07-11,63.95000076293945,63.95000076293945,63.95000076293945,55.319053649902344,100
2019-07-12,63.95000076293945,63.95000076293945,63.95000076293945,55.319053649902344,100
2019-07-15,63.95000076293945,63.95000076293945,63.95000076293945,55.319053649902344,100
2019-07-16,63.400001525878906,64.54000091552734,63.400001525878906,55.62180709838867,78700
2019-07-17,64.6500015258789,64.6500015258789,64.6500015258789,55.92457580566406,14000
2019-07-18,65.0199966430664,65.0199966430664,65.0199966430664,56.24463653564453,300
2019-07-19,65.08000183105469,65.08000183105469,65.05999755859375,56.27923583984375,300
2019-07-22,65.05999755859375,65.05999755859375,65.05999755859375,56.27923583984375,100
2019-07-23,65.05999755859375,65.05999755859375,65.05999755859375,56.27923583984375,0
2019-07-24,66.44000244140625,66.44000244140625,66.44000244140625,57.472991943359375,100
2019-07-25,66.29000091552734,66.29000091552734,66.29000091552734,57.343238830566406,16000
2019-07-26,65.13999938964844,65.13999938964844,65.13999938964844,56.348445892333984,200
2019-07-29,65.13999938964844,65.13999938964844,65.13999938964844,56.348445892333984,100
2019-07-30,65.61000061035156,65.61000061035156,65.61000061035156,56.75501251220703,200
2019-07-31,65.61000061035156,65.61000061035156,65.61000061035156,56.75501251220703,100
2019-08-01,66.02999877929688,66.27999877929688,65.98999786376953,57.33458709716797,1800
2019-08-02,65.4800033569336,65.4800033569336,65.27999877929688,56.63390350341797,1900
2019-08-05,64.93000030517578,64.93000030517578,64.93000030517578,56.16679382324219,400
2019-08-06,64.93000030517578,64.93000030517578,64.93000030517578,56.16679382324219,100
2019-08-07,64.93000030517578,64.93000030517578,64.93000030517578,56.16679382324219,100
2019-08-08,63.189998626708984,65.1500015258789,63.189998626708984,55.915931701660156,8500
2019-08-09,64.63999938964844,64.63999938964844,63.630001068115234,55.04224395751953,300
2019-08-12,64.63999938964844,64.63999938964844,63.630001068115234,55.04224395751953,100
2019-08-13,64.63999938964844,64.63999938964844,63.630001068115234,55.04224395751953,100
2019-08-14,63.599998474121094,63.88999938964844,63.279998779296875,54.739479064941406,1200
2019-08-15,63.540000915527344,63.540000915527344,63.540000915527344,54.96438217163086,100
2019-08-16,63.540000915527344,63.540000915527344,63.540000915527344,54.96438217163086,0
2019-08-19,63.86000061035156,63.86000061035156,63.86000061035156,55.24119567871094,300
2019-08-20,64.27999877929688,64.27999877929688,64.27999877929688,55.6045036315918,400
2019-08-21,64.27999877929688,64.27999877929688,64.27999877929688,55.6045036315918,0
2019-08-22,64.27999877929688,64.27999877929688,64.27999877929688,55.6045036315918,0
2019-08-23,64.27999877929688,64.27999877929688,64.27999877929688,55.6045036315918,0
2019-08-26,64.27999877929688,64.27999877929688,64.27999877929688,55.6045036315918,0
2019-08-27,63.88999938964844,63.88999938964844,63.88999938964844,55.267154693603516,200
2019-08-28,63.88999938964844,63.88999938964844,63.88999938964844,55.267154693603516,0
2019-08-29,64.25,64.25,64.25,55.57855987548828,200
2019-08-30,65.23999786376953,66.86000061035156,65.23999786376953,57.8363037109375,300
2019-09-03,66.02999877929688,66.02999877929688,66.02999877929688,57.11833572387695,1000
2019-09-04,66.02999877929688,66.02999877929688,66.02999877929688,57.11833572387695,0
2019-09-05,65.36000061035156,65.36000061035156,65.36000061035156,56.53874969482422,200
2019-09-06,66,66.25,65.93000030517578,57.031822204589844,135500
2019-09-09,65.70999908447266,65.70999908447266,65.70999908447266,56.84150695800781,900
2019-09-10,65.83999633789062,66.43000030517578,65.83999633789062,57.4643440246582,800
2019-09-11,67.19999694824219,67.75,67.19999694824219,58.4072265625,9300
2019-09-12,67.36000061035156,67.36000061035156,67.36000061035156,58.26882553100586,100
2019-09-13,68.05999755859375,69.43000030517578,68.05999755859375,60.0594482421875,400
2019-09-16,69.43000030517578,69.43000030517578,69.43000030517578,60.0594482421875,100
2019-09-17,69.2300033569336,69.2300033569336,69.13999938964844,59.808597564697266,300
2019-09-18,68.66000366210938,68.68000030517578,68.66000366210938,59.41067886352539,18000
2019-09-19,68.68000030517578,68.68000030517578,68.68000030517578,59.41067886352539,100
2019-09-20,67.52999877929688,67.52999877929688,67.52999877929688,58.41587829589844,100
2019-09-23,68,68.04000091552734,67.91000366210938,58.857032775878906,700
2019-09-24,68.04000091552734,68.04000091552734,68.04000091552734,58.857032775878906,100
2019-09-25,68.04000091552734,68.04000091552734,68.04000091552734,58.857032775878906,100
2019-09-26,67.31999969482422,68.76000213623047,67.31999969482422,59.47987747192383,2200
2019-09-27,68.76000213623047,68.76000213623047,68.76000213623047,59.64069366455078,100
2019-09-30,68.76000213623047,68.76000213623047,68.76000213623047,59.64069366455078,5000
2019-10-01,67.88999938964844,67.88999938964844,66.48999786376953,57.6717414855957,168100
2019-10-02,66,66,64.97000122070312,56.353336334228516,400
2019-10-03,64.91000366210938,65.08999633789062,64.70999908447266,56.45741653442383,29500
2019-10-04,65.08999633789062,65.08999633789062,65.08999633789062,56.45741653442383,100
2019-10-07,65.08999633789062,65.08999633789062,65.08999633789062,56.45741653442383,100
2019-10-08,65.08999633789062,65.08999633789062,65.08999633789062,56.45741653442383,15600
2019-10-09,65.3499984741211,67.38999938964844,65.3499984741211,56.93447494506836,500
2019-10-10,65.63999938964844,65.63999938964844,65.63999938964844,56.93447494506836,100
2019-10-11,65.63999938964844,65.63999938964844,65.63999938964844,56.93447494506836,100
2019-10-14,66.44000244140625,66.44000244140625,66.44000244140625,57.62837600708008,500
2019-10-15,67.52999877929688,68.58000183105469,67.52999877929688,59.47588348388672,6200
2019-10-16,67.58000183105469,68.5,67.58000183105469,59.415157318115234,1400
2019-10-17,66.87000274658203,66.87000274658203,66.87000274658203,58.001346588134766,36200
2019-10-18,66.87000274658203,66.87000274658203,66.87000274658203,58.001346588134766,0
2019-10-21,67.18000030517578,67.18000030517578,67.18000030517578,58.27023696899414,700
2019-10-22,68.19000244140625,68.19000244140625,67.51000213623047,58.55646896362305,400
2019-10-23,67.51000213623047,67.51000213623047,67.51000213623047,58.55646896362305,5400
2019-10-24,67.51000213623047,67.51000213623047,67.51000213623047,58.55646896362305,1000
2019-10-25,68.2300033569336,68.2300033569336,68.19000244140625,59.14627456665039,1200
2019-10-28,67.73999786376953,67.73999786376953,67.73999786376953,58.75595474243164,300
2019-10-29,69.13999938964844,69.13999938964844,69.13999938964844,59.970298767089844,200
2019-10-30,68.76000213623047,69.44999694824219,68.76000213623047,60.239166259765625,500
2019-10-31,69.44999694824219,69.44999694824219,69.44999694824219,60.239166259765625,200
2019-11-01,69.44999694824219,69.45999908447266,69.26000213623047,60.187129974365234,1200
2019-11-04,69.38999938964844,69.38999938964844,69.38999938964844,60.187129974365234,100
2019-11-05,70.94000244140625,70.94000244140625,69.5,60.28254318237305,2000
2019-11-06,69.12999725341797,69.12999725341797,69.12999725341797,59.96161651611328,100
2019-11-07,72.33000183105469,72.33000183105469,71.12999725341797,61.69635772705078,900
2019-11-08,71.12999725341797,71.12999725341797,71.12999725341797,61.69635772705078,200
2019-11-11,71.12999725341797,71.12999725341797,71.12999725341797,61.69635772705078,100
2019-11-12,71.12999725341797,71.12999725341797,71.12999725341797,61.69635772705078,41000
2019-11-13,71.41999816894531,71.41999816894531,71.41999816894531,61.94789123535156,31100
2019-11-14,71.41999816894531,71.41999816894531,71.41999816894531,61.94789123535156,600
2019-11-15,71.41999816894531,71.41999816894531,71.41999816894531,61.94789123535156,500
2019-11-18,71.41999816894531,71.41999816894531,71.41999816894531,61.94789123535156,100
2019-11-19,71.0199966430664,71.0199966430664,70.91999816894531,61.51421356201172,8600
2019-11-20,69.76000213623047,69.76000213623047,69.76000213623047,60.5080680847168,100
2019-11-21,69.76000213623047,69.76000213623047,69.76000213623047,60.5080680847168,100
2019-11-22,69.76000213623047,69.76000213623047,69.76000213623047,60.5080680847168,13500
2019-11-25,69.76000213623047,69.76000213623047,69.76000213623047,60.5080680847168,0
2019-11-26,69.76000213623047,69.76000213623047,69.76000213623047,60.5080680847168,0
2019-11-27,69.76000213623047,69.76000213623047,69.76000213623047,60.5080680847168,0
2019-11-29,70.1500015258789,70.1500015258789,70.12999725341797,60.828975677490234,16000
2019-12-02,70.12999725341797,70.12999725341797,70.12999725341797,60.828975677490234,100
2019-12-03,70.12999725341797,70.12999725341797,70.12999725341797,60.828975677490234,100
2019-12-04,70,70,70,60.71622085571289,1000
2019-12-05,70.26000213623047,70.26000213623047,70.26000213623047,60.941749572753906,200
2019-12-06,70.26000213623047,70.26000213623047,70.26000213623047,60.941749572753906,0
2019-12-09,70.1500015258789,71.43000030517578,70.1500015258789,61.95656967163086,500
2019-12-10,71.43000030517578,71.43000030517578,71.43000030517578,61.95656967163086,0
2019-12-11,71.43000030517578,71.43000030517578,71.43000030517578,61.95656967163086,0
2019-12-12,70.68000030517578,70.79000091552734,70.66000366210938,61.39277267456055,120100
2019-12-13,71,71.08000183105469,71,61.65299606323242,22900
2019-12-16,71.80000305175781,72,71.55999755859375,62.069313049316406,600
2019-12-17,71.55999755859375,71.55999755859375,71.55999755859375,62.069313049316406,0
2019-12-18,71.55999755859375,71.55999755859375,71.55999755859375,62.069313049316406,0
2019-12-19,70.5199966430664,71.25,70.5199966430664,61.80044937133789,800
2019-12-20,71.25,71.25,71.25,61.80044937133789,0
2019-12-23,71.25,71.25,71.25,61.80044937133789,0
2019-12-24,71.25,71.25,71.25,61.80044937133789,0
2019-12-26,71.25,71.25,71.25,61.80044937133789,0
2019-12-27,70.5,70.5,70.5,61.14992141723633,300
2019-12-30,69.30999755859375,70.5,69.30999755859375,61.14992141723633,700
2019-12-31,69.75,70.5999984741211,69.75,61.236663818359375,300
2020-01-02,71.4800033569336,71.4800033569336,71.4800033569336,61.99995040893555,800
2020-01-03,71.4800033569336,71.4800033569336,71.4800033569336,61.99995040893555,0
2020-01-06,69.5,69.5,69.5,60.28254318237305,200
2020-01-07,70.3499984741211,70.77999877929688,70.3499984741211,61.39277267456055,6500
2020-01-08,70.77999877929688,70.77999877929688,70.77999877929688,61.39277267456055,0
2020-01-09,70.75,70.75,70.75,61.36677169799805,8200
2020-01-10,70.47000122070312,70.47000122070312,69.5,60.28254318237305,800
2020-01-13,69.5,69.5,69.5,60.28254318237305,0
2020-01-14,69.5,69.5,69.5,60.28254318237305,0
2020-01-15,69.95999908447266,69.95999908447266,69.95999908447266,60.68152618408203,100
2020-01-16,69.69999694824219,69.69999694824219,69.69999694824219,60.45600891113281,100
2020-01-17,69.5,70.38999938964844,69.5,61.054500579833984,500
2020-01-21,69.31999969482422,72.1500015258789,69.31999969482422,61.45349884033203,800
2020-01-22,70.8499984741211,70.8499984741211,70.8499984741211,61.45349884033203,15100
2020-01-23,70.5,70.83999633789062,70.5,61.44481658935547,600
2020-01-24,70.83999633789062,70.83999633789062,70.83999633789062,61.44481658935547,33100
2020-01-27,70.06999969482422,71.2300033569336,70.06999969482422,61.748409271240234,800
2020-01-28,70.63999938964844,70.63999938964844,70.63999938964844,61.2713623046875,200
2020-01-29,70.63999938964844,70.63999938964844,70.63999938964844,61.2713623046875,0
2020-01-30,70.63999938964844,70.63999938964844,70.63999938964844,61.2713623046875,0
2020-01-31,68.81999969482422,68.81999969482422,68.81999969482422,59.692726135253906,300
2020-02-03,69.41000366210938,70.69999694824219,69.41000366210938,61.323387145996094,21300
2020-02-04,70.69999694824219,70.69999694824219,70.69999694824219,61.323387145996094,0
2020-02-05,71.72000122070312,71.72000122070312,71.36000061035156,61.8958740234375,300
2020-02-06,71.62999725341797,71.62999725341797,71.62999725341797,62.13005447387695,300
2020-02-07,72.55000305175781,72.55000305175781,72.5,62.88467788696289,600
2020-02-10,71.63999938964844,71.63999938964844,69.5999984741211,60.78561782836914,700
2020-02-11,70.30000305175781,70.30000305175781,70.22000122070312,60.907047271728516,300
2020-02-12,70.22000122070312,70.22000122070312,70.22000122070312,60.907047271728516,600
2020-02-13,70.22000122070312,70.22000122070312,70.22000122070312,60.907047271728516,0
2020-02-14,70.13999938964844,70.13999938964844,70.13999938964844,60.83765411376953,200
2020-02-18,70.19000244140625,70.19000244140625,68.31999969482422,59.35445785522461,10900
2020-02-19,68.41000366210938,68.41000366210938,67.83000183105469,58.83402633666992,900
2020-02-20,67.83000183105469,67.83000183105469,67.83000183105469,58.83402633666992,100
2020-02-21,67.83000183105469,67.83000183105469,67.83000183105469,58.83402633666992,0
2020-02-24,66.0999984741211,66.0999984741211,66.0999984741211,57.333465576171875,300
2020-02-25,67.08000183105469,67.75,67.08000183105469,58.69524002075195,131200
2020-02-26,68.37000274658203,69.3499984741211,68.37000274658203,60.15242385864258,26300
2020-02-27,66.19000244140625,66.19000244140625,66.19000244140625,57.411537170410156,6700
2020-02-28,63.290000915527344,65.3499984741211,63.040000915527344,56.68293380737305,68100
2020-03-02,64.45999908447266,66.81999969482422,64.45999908447266,57.957977294921875,1300
2020-03-03,66.29000091552734,66.86000061035156,65.22000122070312,56.58751678466797,40400
2020-03-04,65.55000305175781,65.55000305175781,65.55000305175781,56.856422424316406,300
2020-03-05,65.08000183105469,65.08000183105469,65.08000183105469,56.44874954223633,1200
2020-03-06,63.029998779296875,64.75,63.029998779296875,56.16250991821289,300
2020-03-09,62,62.09000015258789,61.650001525878906,53.473655700683594,100400
2020-03-10,62.75,62.75,62.72999954223633,54.4104118347168,40100
2020-03-11,64.31999969482422,64.31999969482422,62.38999938964844,54.13285446166992,112400
2020-03-12,58.5,59.27000045776367,53.849998474121094,51.409297943115234,1400
2020-03-13,60,60,54.709999084472656,47.57550048828125,3400
2020-03-16,56.939998626708984,56.939998626708984,56.02000045776367,48.590335845947266,600
2020-03-17,57.68000030517578,59.150001525878906,57.18000030517578,51.30521011352539,8100
2020-03-18,59.290000915527344,59.290000915527344,56.970001220703125,49.414337158203125,37900
2020-03-19,59,60.9900016784668,58.9900016784668,51.175113677978516,98000
2020-03-20,56.09000015258789,60.15999984741211,55,52.042484283447266,1300
2020-03-23,56.630001068115234,59.79999923706055,53.900001525878906,47.58417510986328,2600
2020-03-24,56.560001373291016,58.45000076293945,55.650001525878906,49.874046325683594,6200
2020-03-25,58.5,58.5,58.2599983215332,50.53324890136719,400
2020-03-26,62.59000015258789,63.630001068115234,62.59000015258789,55.07828903198242,1100
2020-03-27,68.56999969482422,68.56999969482422,62.11000061035156,56.908447265625,5900
2020-03-30,62.5,62.5,61.66999816894531,53.672935485839844,900
2020-03-31,59.22999954223633,59.22999954223633,59.22999954223633,51.54933547973633,400
2020-04-01,59.0099983215332,59.0099983215332,59.0099983215332,51.35787582397461,40300
2020-04-02,57.97999954223633,57.97999954223633,57.97999954223633,50.461429595947266,400
2020-04-03,53.63999938964844,57.189998626708984,53.63999938964844,49.77387619018555,400
2020-04-06,59.65999984741211,61.27000045776367,59.65999984741211,51.9845085144043,1000
2020-04-07,65,65,60.619998931884766,52.75909423828125,1100
2020-04-08,62.099998474121094,62.20000076293945,62.099998474121094,54.134212493896484,300
2020-04-09,60.83000183105469,60.83000183105469,60.83000183105469,52.941864013671875,100
2020-04-13,64.19000244140625,64.19000244140625,60.130001068115234,53.13332748413086,1000
2020-04-14,62.18000030517578,63.5,61.86000061035156,53.83829116821289,120700
2020-04-15,59.91999816894531,59.91999816894531,59.91999816894531,52.14985656738281,600
2020-04-16,62.11000061035156,62.11000061035156,60.869998931884766,52.97666931152344,30700
2020-04-17,62.849998474121094,62.849998474121094,60.90999984741211,53.0114860534668,300
2020-04-20,61.119998931884766,61.119998931884766,61.119998931884766,53.194252014160156,300
2020-04-21,58.41999816894531,61.86000061035156,58.41999816894531,53.83829116821289,500
2020-04-22,59.61000061035156,59.61000061035156,59.61000061035156,51.88006591796875,200
2020-04-23,60.790000915527344,60.790000915527344,60.790000915527344,52.907047271728516,100
2020-04-24,60.790000915527344,60.790000915527344,60.790000915527344,52.907047271728516,0
2020-04-27,60.790000915527344,60.790000915527344,60.790000915527344,52.907047271728516,0
2020-04-28,62.5,63.77000045776367,61.93000030517578,53.89922332763672,1500
2020-04-29,63.56999969482422,63.56999969482422,63.56999969482422,55.32654571533203,14800
2020-04-30,63.599998474121094,63.599998474121094,63.599998474121094,55.352657318115234,600
2020-05-01,60.5,60.5,60.5,52.65465545654297,400
2020-05-04,60.5,60.5,60.5,52.65465545654297,0
2020-05-05,60.5,60.5,60.5,52.65465545654297,0
2020-05-06,61.630001068115234,61.630001068115234,61.16999816894531,53.237770080566406,400
2020-05-07,59.279998779296875,60.040000915527344,59.279998779296875,52.254310607910156,5200
2020-05-08,60.220001220703125,60.220001220703125,60.220001220703125,52.41096115112305,1100
2020-05-11,60.380001068115234,62.79999923706055,60.380001068115234,52.93315124511719,900
2020-05-12,62.04999923706055,62.04999923706055,60.13999938964844,52.34133529663086,700
2020-05-13,58.66999816894531,59.20000076293945,58.65999984741211,51.52323532104492,35300
2020-05-14,57.56999969482422,57.56999969482422,57.56999969482422,50.1046028137207,3400
2020-05-15,57.56999969482422,57.56999969482422,57.56999969482422,50.1046028137207,0
2020-05-18,60.2599983215332,60.27000045776367,60.2599983215332,52.45448684692383,400
2020-05-19,57.11000061035156,59.90999984741211,57.11000061035156,52.14116287231445,600
2020-05-20,60.90999984741211,60.90999984741211,59.38999938964844,52.167266845703125,800
2020-05-21,61.4900016784668,61.4900016784668,59.33000183105469,51.63637924194336,700
2020-05-22,58.29999923706055,58.29999923706055,58.29999923706055,50.73994064331055,400
2020-05-26,61.400001525878906,61.400001525878906,61.400001525878906,53.43794631958008,200
2020-05-27,61.54999923706055,63.06999969482422,61.54999923706055,54.891387939453125,16300
2020-05-28,62.650001525878906,64.37999725341797,62.650001525878906,56.03151321411133,1500
2020-05-29,64,64,64,55.70079040527344,500
2020-06-01,60.20000076293945,63.4900016784668,60.20000076293945,55.256927490234375,5900
2020-06-02,63.16999816894531,63.290000915527344,63.16999816894531,55.082862854003906,28000
2020-06-03,66.19999694824219,66.19999694824219,64.95999908447266,56.57111740112305,4100
2020-06-04,65.36000061035156,65.36000061035156,62.720001220703125,55.42228698730469,800
2020-06-05,64.2300033569336,66,64.08999633789062,55.77912139892578,800
2020-06-08,66,66.33000183105469,64.73999786376953,56.980167388916016,1800
2020-06-09,65.20999908447266,65.20999908447266,64.13999938964844,55.82264709472656,700
2020-06-10,66.38999938964844,66.38999938964844,64.61000061035156,56.231685638427734,400
2020-06-11,65.2699966430664,65.2699966430664,62.08000183105469,54.02976608276367,2200
2020-06-12,64.62000274658203,64.62000274658203,64.62000274658203,56.24039840698242,1300
2020-06-15,64.62000274658203,64.62000274658203,64.62000274658203,56.24039840698242,100
2020-06-16,64.5,66.43000030517578,64.5,57.815677642822266,6000
2020-06-17,66.43000030517578,66.43000030517578,66.43000030517578,57.815677642822266,200
2020-06-18,67.12999725341797,67.12999725341797,64,55.70079040527344,2300
2020-06-19,65.4000015258789,65.4000015258789,64.5,56.135955810546875,1500
2020-06-22,64.79000091552734,64.79000091552734,64.4000015258789,56.04892349243164,12300
2020-06-23,65.83000183105469,65.83000183105469,65.83000183105469,57.293487548828125,107400
2020-06-24,63.779998779296875,63.779998779296875,63.779998779296875,55.509315490722656,300
2020-06-25,63,63,63,54.83046340942383,200
2020-06-26,63,63,63,54.83046340942383,300
2020-06-29,63,63,63,54.83046340942383,0
2020-06-30,65.2300033569336,65.2300033569336,65.2300033569336,56.77129364013672,300
2020-07-01,61.5,61.5,61.5,53.52497863769531,200
2020-07-02,65.19999694824219,65.19999694824219,63,54.83046340942383,3000
2020-07-06,62.970001220703125,63.20000076293945,62.470001220703125,55.00452423095703,3100
2020-07-07,61.75,62.79999923706055,61.75,54.22124099731445,4600
2020-07-08,61.90999984741211,61.90999984741211,61.90999984741211,53.88180923461914,100
2020-07-09,62,62.34000015258789,61.2400016784668,53.2986946105957,600
2020-07-10,62.29999923706055,62.400001525878906,62.29999923706055,54.30827331542969,1400
2020-07-13,65.02999877929688,65.02999877929688,64.01000213623047,55.70949935913086,1200
2020-07-14,62.22999954223633,63.529998779296875,62.22999954223633,54.952308654785156,59800
2020-07-15,65.08999633789062,65.08999633789062,63.56999969482422,55.448387145996094,30800
2020-07-16,63.709999084472656,63.709999084472656,63.709999084472656,55.448387145996094,11400
2020-07-17,64.54000091552734,64.55000305175781,64.08999633789062,55.78782272338867,2200
2020-07-20,61.06999969482422,64.33999633789062,61.06999969482422,55.996700286865234,3100
2020-07-21,64.33999633789062,64.33999633789062,64.33999633789062,55.996700286865234,0
2020-07-22,62.4900016784668,62.4900016784668,62.4900016784668,54.38660430908203,100
2020-07-23,62.4900016784668,62.4900016784668,62.4900016784668,54.38660430908203,0
2020-07-24,63,63.75,62.4900016784668,55.352657318115234,1000
2020-07-27,63.400001525878906,64.9000015258789,63.400001525878906,55.30914306640625,1100
2020-07-28,63.5,63.5,63.5,55.265628814697266,300
2020-07-29,62.4900016784668,62.4900016784668,62.16999816894531,54.108089447021484,1000
2020-07-30,62.16999816894531,62.16999816894531,62.16999816894531,54.108089447021484,1300
2020-07-31,60.470001220703125,60.470001220703125,59.70000076293945,51.95839309692383,600
2020-08-03,58.689998626708984,60.779998779296875,58.689998626708984,52.062828063964844,17300
2020-08-04,59.81999969482422,61.900001525878906,59.81999969482422,53.87310791015625,2000
2020-08-05,61.959999084472656,63.880001068115234,61.959999084472656,55.265628814697266,1400
2020-08-06,63.70000076293945,63.70000076293945,63.59000015258789,55.343955993652344,1000
2020-08-07,64.88999938964844,64.91000366210938,64.48999786376953,56.12724685668945,41000
2020-08-10,65,65.41000366210938,64.5,56.81480407714844,2700
2020-08-11,66,68.18000030517578,66,58.77303695678711,30100
2020-08-12,67.52999877929688,67.52999877929688,67.52999877929688,58.77303695678711,0
2020-08-13,68,68,67.75,59.03413391113281,1400
2020-08-14,67.94999694824219,67.94999694824219,66.44999694824219,57.83308410644531,600
2020-08-17,66.44999694824219,66.44999694824219,66.44999694824219,57.83308410644531,0
2020-08-18,69.1500015258789,69.1500015258789,67.5999984741211,58.833961486816406,800
2020-08-19,67.26000213623047,67.6500015258789,67.26000213623047,58.87747573852539,1400
2020-08-20,67.6500015258789,67.6500015258789,67.6500015258789,58.87747573852539,0
2020-08-21,67,67,67,58.311763763427734,2800
2020-08-24,67.45999908447266,67.45999908447266,67.33999633789062,58.607669830322266,600
2020-08-25,66.20999908447266,66.20999908447266,66.20999908447266,57.624210357666016,300
2020-08-26,67.70999908447266,67.80999755859375,67.70999908447266,59.0167236328125,900
2020-08-27,66.05000305175781,66.72000122070312,66.05000305175781,57.902713775634766,1800
2020-08-28,66.36000061035156,66.36000061035156,66.25,57.65901184082031,400
2020-08-31,68.19999694824219,68.19999694824219,68.19999694824219,59.35615158081055,200
2020-09-01,65.98999786376953,66,65.98999786376953,57.44144058227539,56200
2020-09-02,67.62999725341797,67.62999725341797,66,57.44144058227539,800
2020-09-03,66,66,66,57.44144058227539,0
2020-09-04,67.75,67.75,67.75,58.964508056640625,300
2020-09-08,67.45999908447266,67.45999908447266,65.69000244140625,57.17164611816406,20600
2020-09-09,65.69000244140625,65.69000244140625,65.18000030517578,56.72776794433594,500
2020-09-10,64.58000183105469,64.58000183105469,64.58000183105469,56.2055778503418,500
2020-09-11,65.68000030517578,65.68000030517578,65.68000030517578,57.162933349609375,300
2020-09-14,66.72000122070312,67.31999969482422,66.72000122070312,58.590267181396484,500
2020-09-15,67.31999969482422,67.31999969482422,67.31999969482422,58.590267181396484,0
2020-09-16,67.31999969482422,67.31999969482422,67.31999969482422,58.590267181396484,0
2020-09-17,67.31999969482422,67.31999969482422,67.31999969482422,58.590267181396484,0
2020-09-18,67.25,67.25,66.95999908447266,58.276954650878906,500
2020-09-21,67,67.95999908447266,67,59.14727020263672,54700
2020-09-22,66.48999786376953,66.48999786376953,66.48999786376953,57.867889404296875,400
2020-09-23,66.33000183105469,66.33000183105469,66.19999694824219,57.615509033203125,500
2020-09-24,66.19999694824219,66.19999694824219,66.19999694824219,57.615509033203125,0
2020-09-25,66.19999694824219,66.19999694824219,66.19999694824219,57.615509033203125,0
2020-09-28,67.6500015258789,68.72000122070312,67.30999755859375,59.808719635009766,600
2020-09-29,66.0199966430664,66.0199966430664,66.0199966430664,57.62571716308594,300
2020-09-30,66.06999969482422,66.06999969482422,66.06999969482422,57.66937255859375,200
2020-10-01,66.5,66.5,66.5,58.04468536376953,400
2020-10-02,66.04000091552734,66.04000091552734,65.0999984741211,56.82269287109375,500
2020-10-05,64.7300033569336,64.7300033569336,64.7300033569336,56.4997444152832,300
2020-10-06,64.7300033569336,64.7300033569336,64.7300033569336,56.4997444152832,0
2020-10-07,68.25,68.25,65.41000366210938,57.093284606933594,2300
2020-10-08,65.54000091552734,65.54000091552734,65.54000091552734,57.20675277709961,500
2020-10-09,66.4000015258789,66.4000015258789,65,56.73541259765625,800
2020-10-12,65.8499984741211,65.8499984741211,64.91000366210938,56.656856536865234,600
2020-10-13,64.91000366210938,64.91000366210938,64.91000366210938,56.656856536865234,0
2020-10-14,65.05999755859375,65.05999755859375,65.05999755859375,56.787784576416016,400
2020-10-15,65.05999755859375,65.05999755859375,65.05999755859375,56.787784576416016,0
2020-10-16,64.2300033569336,64.2300033569336,64.2300033569336,56.063323974609375,300
2020-10-19,64.2300033569336,64.2300033569336,64.2300033569336,56.063323974609375,100
2020-10-20,64.2300033569336,64.2300033569336,64.2300033569336,56.063323974609375,100
2020-10-21,64.2300033569336,64.2300033569336,64.2300033569336,56.063323974609375,200
2020-10-22,65.58000183105469,66.55000305175781,65.58000183105469,57.774112701416016,500
2020-10-23,65.56999969482422,65.7699966430664,65.56999969482422,57.407501220703125,500
2020-10-26,66.83000183105469,66.83000183105469,66.83000183105469,58.33273696899414,300
2020-10-27,66.86000061035156,66.86000061035156,66.86000061035156,58.35892105102539,400
2020-10-28,64.43000030517578,64.43000030517578,64.43000030517578,56.23788070678711,300
2020-10-29,66.69000244140625,66.69000244140625,66.69000244140625,58.21052932739258,200
2020-10-30,66.69000244140625,66.69000244140625,66.69000244140625,58.21052932739258,0
2020-11-02,67.70999908447266,67.70999908447266,66.16999816894531,57.756649017333984,400
2020-11-03,66.16999816894531,66.16999816894531,66.16999816894531,57.756649017333984,0
2020-11-04,66.88999938964844,67.08000183105469,66.88999938964844,58.55094909667969,300
2020-11-05,66.98999786376953,66.98999786376953,66.98999786376953,58.47239303588867,200
2020-11-06,69.95999908447266,69.95999908447266,69.95999908447266,61.06474685668945,400
2020-11-09,70.94999694824219,70.94999694824219,69.44000244140625,60.61087417602539,1800
2020-11-10,71,71,71,61.972537994384766,200
2020-11-11,71,71.66000366210938,70.56999969482422,62.54861068725586,900
2020-11-12,70.66000366210938,70.66000366210938,69.83999633789062,60.96002197265625,700
2020-11-13,69.81999969482422,69.81999969482422,69.81999969482422,60.94255828857422,400
2020-11-16,69.81999969482422,69.81999969482422,69.81999969482422,60.94255828857422,0
2020-11-17,69.58999633789062,70.25,69.58999633789062,61.3178825378418,600
2020-11-18,71.26000213623047,71.26000213623047,70.9000015258789,61.88524627685547,800
2020-11-19,69.48999786376953,70.33999633789062,69.48999786376953,60.97747039794922,41300
2020-11-20,71.56999969482422,71.56999969482422,71.05999755859375,62.02488708496094,300
2020-11-23,71.05999755859375,71.05999755859375,71.05999755859375,62.02488708496094,200
2020-11-24,71.47000122070312,71.5199966430664,71.47000122070312,62.4264030456543,1600
2020-11-25,69.81999969482422,70.43000030517578,69.81999969482422,61.47500228881836,600
2020-11-27,70.41000366210938,70.41000366210938,70.41000366210938,61.45753479003906,700
2020-11-30,67.66000366210938,69.55999755859375,67.5,58.917545318603516,3300
2020-12-01,67.6500015258789,67.97000122070312,67.6500015258789,59.21430969238281,1300
2020-12-02,68,68,67.4000015258789,58.83026123046875,2200
2020-12-03,69.02999877929688,69.02999877929688,69.02999877929688,60.25300979614258,100
2020-12-04,69.2300033569336,69.2300033569336,69.2300033569336,60.427574157714844,300
2020-12-07,68.38999938964844,69.1500015258789,68.38999938964844,59.816585540771484,1100
2020-12-08,69.29000091552734,69.29000091552734,69.29000091552734,60.479949951171875,300
2020-12-09,70.38999938964844,70.72000122070312,70.25,61.3178825378418,1700
2020-12-10,72.31999969482422,72.31999969482422,71.5,62.408958435058594,1100
2020-12-11,72.70999908447266,75.66999816894531,72.70999908447266,65.55120849609375,10900
2020-12-14,79.80000305175781,79.80000305175781,76.19999694824219,67.24455261230469,3300
2020-12-15,76.70999908447266,76.70999908447266,76.30999755859375,66.94778442382812,1000
2020-12-16,74.25,77.61000061035156,74.25,67.74208068847656,2100
2020-12-17,79.80000305175781,79.80000305175781,77.75,67.86428833007812,3600
2020-12-18,76.5,77.05999755859375,76.5,66.94778442382812,600
2020-12-21,75.48999786376953,77.30000305175781,74.94999694824219,67.47149658203125,3700
2020-12-22,77.44000244140625,77.44000244140625,76,66.66847229003906,2200
2020-12-23,75.11000061035156,75.58999633789062,75.11000061035156,65.97891235351562,1400
2020-12-24,75.13999938964844,75.70999908447266,74,65.07115173339844,2000
2020-12-28,76.11000061035156,77,76.02999877929688,66.36296081542969,1500
2020-12-29,77.12999725341797,77.62999725341797,77.0199966430664,67.3231201171875,4700
2020-12-30,78.02999877929688,78.25,77.55999755859375,68.30071258544922,1300
2020-12-31,77.58000183105469,78.6500015258789,77.58000183105469,68.64984130859375,1000
2021-01-04,76.97000122070312,80.05000305175781,76.37000274658203,66.93907165527344,2600
2021-01-05,76.27999877929688,76.27999877929688,76.27999877929688,66.58118438720703,400
2021-01-06,77.25,77.25,77.25,67.42786407470703,700
2021-01-07,76.12999725341797,76.12999725341797,75.37000274658203,65.85671997070312,4100
2021-01-08,77.06999969482422,77.16000366210938,75,66.77322387695312,2400
2021-01-11,76.80999755859375,76.80999755859375,76.19999694824219,66.51134490966797,900
2021-01-12,76.04000091552734,76.19999694824219,75.80999755859375,66.17095184326172,1300
2021-01-13,75.1500015258789,76.69000244140625,75.1500015258789,66.93907165527344,23400
2021-01-14,75.91000366210938,75.91000366210938,75.91000366210938,66.25823974609375,400
2021-01-15,74.05999755859375,74.5199966430664,74.05999755859375,65.04496765136719,25400
2021-01-19,76.16999816894531,76.16999816894531,74.3499984741211,64.95767211914062,900
2021-01-20,73.91000366210938,74.5,73.91000366210938,65.02751159667969,1000
2021-01-21,73.70999908447266,76,73.70999908447266,65.83053588867188,82100
2021-01-22,74.19999694824219,74.54000091552734,74,64.5910873413086,63000
2021-01-25,75,75,72.54000091552734,63.46510314941406,2100
2021-01-26,73,73,73,63.71822738647461,900
2021-01-27,73.88999938964844,73.88999938964844,71.61000061035156,62.539878845214844,4000
2021-01-28,71.62000274658203,71.62000274658203,70.2300033569336,61.98998260498047,1400
2021-01-29,71.0199966430664,71.5199966430664,70.63999938964844,61.9026985168457,2500
2021-02-01,72.16000366210938,72.16000366210938,70,61.24805450439453,1700
2021-02-02,71,71,70.26000213623047,61.32661437988281,18600
2021-02-03,74.4000015258789,74.73999786376953,72.94999694824219,64.7394790649414,1600
2021-02-04,76.33999633789062,76.33999633789062,73.81999969482422,64.5910873413086,9200
2021-02-05,75,75.08000183105469,74.4000015258789,64.94022369384766,3100
2021-02-08,75.5199966430664,75.58999633789062,75.5199966430664,65.97891235351562,700
2021-02-09,76.48999786376953,77.48999786376953,75.69999694824219,67.2532730102539,3900
2021-02-10,79.18000030517578,82,78.04000091552734,70.61376190185547,10600
2021-02-11,82.30000305175781,82.30000305175781,79.54000091552734,69.42668914794922,2500
2021-02-12,82.19999694824219,82.19999694824219,80.5,70.439208984375,1600
2021-02-16,79.63999938964844,79.63999938964844,76.69999694824219,69.2608413696289,9300
2021-02-17,79.44999694824219,79.44999694824219,76.9800033569336,67.19218444824219,2300
2021-02-18,78.33000183105469,78.83000183105469,75.19999694824219,66.67720031738281,4100
2021-02-19,76.3499984741211,76.87000274658203,76.3499984741211,66.81684875488281,1900
2021-02-22,76.83000183105469,77.62999725341797,76.55000305175781,67.75952911376953,1900
2021-02-23,75.8499984741211,77.02999877929688,75,67.23580932617188,2700
2021-02-24,75.87000274658203,76.33999633789062,75.5,66.26695251464844,3200
2021-02-25,75.91999816894531,75.91999816894531,74.55000305175781,65.42901611328125,2000
2021-02-26,75.30999755859375,75.30999755859375,74.55000305175781,65.07115173339844,1600
2021-03-01,74.69999694824219,75.37000274658203,74.69999694824219,65.20207214355469,21900
2021-03-02,74.69999694824219,74.80000305175781,74.01000213623047,65.28936767578125,1900
2021-03-03,74.80000305175781,74.80000305175781,74.80000305175781,65.28936767578125,400
2021-03-04,73.66000366210938,73.69000244140625,72.19999694824219,64.32049560546875,1400
2021-03-05,72.58999633789062,74.12999725341797,72.5,64.70454406738281,1300
2021-03-08,74.66999816894531,75.43000030517578,73.91000366210938,64.84420776367188,1900
2021-03-09,78.0999984741211,78.0999984741211,75.05999755859375,66.33677673339844,500
2021-03-10,76,76,76,66.33677673339844,600
2021-03-11,77.0999984741211,77.0999984741211,75.66999816894531,66.04875183105469,700
2021-03-12,75.9000015258789,76.80000305175781,75.47000122070312,65.8741683959961,1500
2021-03-15,78.33000183105469,78.33000183105469,76.2699966430664,67.47149658203125,1100
2021-03-16,77.30999755859375,77.51000213623047,76.66000366210938,67.15727233886719,2200
2021-03-17,78.05000305175781,78.05000305175781,75.9000015258789,66.71210479736328,1700
2021-03-18,78.0199966430664,79.62999725341797,78.0199966430664,69.50523376464844,1500
2021-03-19,79.63999938964844,79.63999938964844,78.81999969482422,68.79823303222656,600
2021-03-22,77.3499984741211,78.3499984741211,76.26000213623047,68.38798522949219,1400
2021-03-23,77.5,77.5,75.62999725341797,66.01383972167969,1000
2021-03-24,75.94999694824219,75.94999694824219,75.01000213623047,65.47267150878906,2100
2021-03-25,77.7699966430664,77.7699966430664,75,65.46395111083984,1600
2021-03-26,76.58000183105469,76.58000183105469,76.58000183105469,66.84304809570312,400
2021-03-29,76.75,78.19999694824219,76.75,67.3056640625,10200
2021-03-30,74.27999877929688,77.1500015258789,74.27999877929688,66.98675537109375,3200
2021-03-31,77.3499984741211,78.58000183105469,77.3499984741211,68.29144287109375,2100
2021-04-01,78.18000030517578,78.18000030517578,76,67.64347839355469,1900
2021-04-05,77.25,77.5,77.25,67.86239624023438,700
2021-04-06,77.5,77.69000244140625,75,67.98497009277344,1800
2021-04-07,78.62999725341797,78.62999725341797,77.94999694824219,68.25641632080078,800
2021-04-08,77.94999694824219,77.95999908447266,77.13999938964844,68.26519012451172,1800
2021-04-09,77.79000091552734,77.79000091552734,76.22000122070312,67.80108642578125,2300
2021-04-12,77.12999725341797,77.66999816894531,76.4000015258789,66.8991928100586,2800
2021-04-13,77.83000183105469,80.19000244140625,77.16000366210938,67.56465911865234,1800
2021-04-14,77.94000244140625,77.94000244140625,77.94000244140625,68.24767303466797,300
2021-04-15,78.12000274658203,78.5999984741211,78.12000274658203,68.5453872680664,1200
2021-04-16,78.72000122070312,79.4000015258789,78.52999877929688,68.7643051147461,1900
2021-04-19,78.93000030517578,78.93000030517578,78.05000305175781,68.65047454833984,1400
2021-04-20,77.83999633789062,77.83999633789062,77,67.73979187011719,1800
2021-04-21,76.51000213623047,77.77999877929688,76.51000213623047,68.1075668334961,4900
2021-04-22,76.69999694824219,76.70999908447266,76.69999694824219,67.1706314086914,500
2021-04-23,77.75,77.75,77.30000305175781,67.83611297607422,600
2021-04-26,77.47000122070312,77.4800033569336,76.47000122070312,67.59969329833984,1700
2021-04-27,78.29000091552734,78.29000091552734,76.16999816894531,66.6977767944336,4300
2021-04-28,76.45999908447266,77.41999816894531,76.45999908447266,67.7923355102539,1200
2021-04-29,76.5,76.5,76.5,66.98675537109375,500
2021-04-30,74.91999816894531,76.0999984741211,74.91999816894531,65.94473266601562,1900
2021-05-03,75.95999908447266,76.47000122070312,75.86000061035156,66.77659606933594,1200
2021-05-04,75.80000305175781,75.80000305175781,75.0999984741211,65.7608413696289,1000
2021-05-05,75.88999938964844,76.1500015258789,75.88999938964844,66.6802749633789,500
2021-05-06,78.02999877929688,78.02999877929688,78.02999877929688,68.32649230957031,400
2021-05-07,76.69000244140625,76.88999938964844,76.69000244140625,67.32823944091797,500
2021-05-10,77.47000122070312,77.7699966430664,77.38999938964844,67.76606750488281,1200
2021-05-11,77.29000091552734,77.29000091552734,76.80000305175781,67.24942779541016,700
2021-05-12,78.41999816894531,78.41999816894531,76.5999984741211,67.16187286376953,51500
2021-05-13,78.33999633789062,78.33999633789062,76.9000015258789,67.44207763671875,63200
2021-05-14,79.9000015258789,79.9000015258789,78.0999984741211,68.38777160644531,5000
2021-05-17,80.1500015258789,80.1500015258789,79.0999984741211,69.60492706298828,2700
2021-05-18,77.80000305175781,81.86000061035156,77.80000305175781,70.92713928222656,1600
2021-05-19,79.69000244140625,79.69000244140625,79,69.65745544433594,184600
2021-05-20,81.5199966430664,81.5199966430664,79.58999633789062,69.69248962402344,1000
2021-05-21,82.55000305175781,82.55000305175781,78.94999694824219,70.91838836669922,1400
2021-05-24,82.55000305175781,82.55000305175781,81,71.60138702392578,1600
2021-05-25,79.06999969482422,81.80000305175781,79.06999969482422,71.62765502929688,600
2021-05-26,82.1500015258789,82.1500015258789,82.1500015258789,71.93413543701172,500
2021-05-27,85.01000213623047,85.01000213623047,82.5,72.67843627929688,1900
2021-05-28,82.58000183105469,83.6500015258789,82.5,73.0286865234375,2600
2021-06-01,83.6500015258789,88.51000213623047,83.6500015258789,76.13722229003906,3900
2021-06-02,88,89,88,77.75717163085938,4600
2021-06-03,89.70999908447266,90.44999694824219,88.5,77.49446868896484,34300
2021-06-04,89,91.18000030517578,89,79.53472137451172,36900
2021-06-07,94.3499984741211,94.3499984741211,90,80.19145202636719,2700
2021-06-08,91.77999877929688,91.77999877929688,90.75,79.46466064453125,800
2021-06-09,91,91.0999984741211,90.76000213623047,79.4734115600586,1200
2021-06-10,90.80000305175781,90.80000305175781,90.13999938964844,78.93052673339844,1200
2021-06-11,90,90.27999877929688,90,79.0531234741211,3200
2021-06-14,91.55000305175781,91.55000305175781,89.5999984741211,79.088134765625,2400
2021-06-15,90.5,90.69999694824219,90.19000244140625,78.97431182861328,2000
2021-06-16,92.55000305175781,92.55000305175781,92.12999725341797,80.67304992675781,700
2021-06-17,92.5999984741211,95.2300033569336,91,80.81315612792969,12700
2021-06-18,89.9000015258789,89.9000015258789,87.44000244140625,77.89727783203125,4100
2021-06-21,88.95999908447266,88.95999908447266,88.95999908447266,77.89727783203125,0
2021-06-22,89.5999984741211,90.44999694824219,89.5999984741211,79.19322204589844,1400
2021-06-23,88.12999725341797,88.9000015258789,87.9800033569336,77.84471893310547,1000
2021-06-24,89.45999908447266,89.45999908447266,88.3499984741211,77.3631362915039,1300
2021-06-25,90.3499984741211,90.3499984741211,87,78.50146484375,4200
2021-06-28,88.83000183105469,89.0999984741211,87.9800033569336,77.03914642333984,2300
2021-06-29,89.25,89.25,88.88999938964844,77.83597564697266,3600
2021-06-30,87,87,87,76.18101501464844,800
2021-07-01,88.16000366210938,88.16000366210938,87.58000183105469,76.68888092041016,1000
2021-07-02,89.08000183105469,89.08000183105469,89,77.93228912353516,700
2021-07-06,89,89,87.54000091552734,76.92530059814453,4900
2021-07-07,86.06999969482422,89.94000244140625,86.06999969482422,77.3806381225586,3000
2021-07-08,88.36000061035156,88.98999786376953,87,77.92353057861328,2200
2021-07-09,87,89.63999938964844,87,78.37012481689453,6500
2021-07-12,89,89.51000213623047,88.77999877929688,78.3263168334961,2400
2021-07-13,89.66999816894531,89.66999816894531,88.86000061035156,77.80970001220703,2300
2021-07-14,89.7699966430664,90.70999908447266,89.7699966430664,79.37710571289062,1100
2021-07-15,86.61000061035156,91.05000305175781,86.61000061035156,77.88851165771484,1000
2021-07-16,88.94999694824219,88.94999694824219,88.94999694824219,77.88851165771484,5700
2021-07-19,87.94999694824219,87.94999694824219,87.55000305175781,76.83773803710938,2000
2021-07-20,87.75,89.37999725341797,87.75,78.2650375366211,1500
2021-07-21,89.81999969482422,89.81999969482422,88.83000183105469,78.01985168457031,900
2021-07-22,89.81999969482422,90.5199966430664,88.80000305175781,79.26327514648438,1900
2021-07-23,89.80999755859375,89.80999755859375,89.52999877929688,78.3963623046875,1400
2021-07-26,89.83000183105469,89.83000183105469,89.43000030517578,78.41389465332031,1600
2021-07-27,89.33999633789062,89.33999633789062,89.33999633789062,78.2300033569336,200
2021-07-28,89.33999633789062,89.33999633789062,89.33999633789062,78.2300033569336,0
2021-07-29,90,91.02999877929688,90,79.09689331054688,3000
2021-07-30,90.1500015258789,90.2300033569336,90.0999984741211,78.89550018310547,900
2021-08-02,91.12999725341797,91.12999725341797,90.91999816894531,79.7186050415039,2400
2021-08-03,91.5,92.45999908447266,91.5,80.29652404785156,2100
2021-08-04,93.5999984741211,93.5999984741211,90.7699966430664,79.482177734375,20200
2021-08-05,91.29000091552734,91.9000015258789,91.29000091552734,80.47166442871094,400
2021-08-06,90.87000274658203,91.08999633789062,90.87000274658203,79.66607666015625,2100
2021-08-09,91,91,91,79.68357849121094,400
2021-08-10,89.75,90.05000305175781,89.2699966430664,78.85171508789062,3300
2021-08-11,89.91999816894531,90.83000183105469,89.91999816894531,79.53472137451172,1000
2021-08-12,90.83000183105469,90.83000183105469,90.69000244140625,79.41213989257812,1000
2021-08-13,90.95999908447266,90.95999908447266,90.95999908447266,79.64854431152344,400
2021-08-16,90.95999908447266,90.95999908447266,90.95999908447266,79.64854431152344,0
2021-08-17,89.05000305175781,89.77999877929688,89.05000305175781,77.97607421875,700
2021-08-18,88.80999755859375,89.23999786376953,88.19999694824219,77.71337890625,2400
2021-08-19,85.16999816894531,86,84.16999816894531,74.44722747802734,4500
2021-08-20,83.4800033569336,84.3499984741211,82,71.80278015136719,6300
2021-08-23,82,82,82,71.80278015136719,600
2021-08-24,85,85.68000030517578,84.05999755859375,74.71868896484375,3300
2021-08-25,85.83999633789062,87,85.83999633789062,76.18101501464844,900
2021-08-26,87,87,85.45999908447266,76.11970520019531,8500
2021-08-27,86.93000030517578,86.93000030517578,86.93000030517578,76.11970520019531,0
2021-08-30,86.93000030517578,86.93000030517578,86.77999877929688,75.98836517333984,1100
2021-08-31,89,89,87,76.18101501464844,800
2021-09-01,86.5,87.7300033569336,86.5,76.82022857666016,35600
2021-09-02,87.02999877929688,87.87999725341797,87.02999877929688,76.95156860351562,600
2021-09-03,88.66000366210938,89.25,88.56999969482422,78.15121459960938,6200
2021-09-07,89.80000305175781,90.41000366210938,89.80000305175781,79.16694641113281,800
2021-09-08,90.5,90.8499984741211,90,79.5522232055664,2700
2021-09-09,90.8499984741211,91,89.98999786376953,78.80793762207031,56900
2021-09-10,89.4000015258789,89.4000015258789,88.7300033569336,77.81847381591797,3500
2021-09-13,89,89.55000305175781,89,78.15121459960938,800
2021-09-14,89.95999908447266,90.0199966430664,89.5199966430664,78.38762664794922,45300
2021-09-15,91.5199966430664,91.5199966430664,91.5199966430664,80.138916015625,139200
2021-09-16,91.5,91.5,90.13999938964844,78.93052673339844,500
2021-09-17,90.13999938964844,90.13999938964844,90.13999938964844,78.93052673339844,600
2021-09-20,88.72000122070312,90.12000274658203,88,77.05664825439453,1700
2021-09-21,90,91.25,90,79.9024887084961,500
2021-09-22,90.19999694824219,90.87999725341797,90.19999694824219,79.57849884033203,1100
2021-09-23,91.30000305175781,91.30000305175781,91.02999877929688,79.70984649658203,800
2021-09-24,91.94999694824219,91.94999694824219,91.94999694824219,80.51543426513672,700
2021-09-27,95.44999694824219,95.44999694824219,92,80.7868881225586,1100
2021-09-28,92.5199966430664,92.5199966430664,91.58999633789062,80.2002182006836,800
2021-09-29,17.799999237060547,19.639999389648438,17.799999237060547,17.203001022338867,25000
2021-09-30,18.989999771118164,18.989999771118164,17.81999969482422,16.018098831176758,36800
2021-10-01,17.190000534057617,18.25,17.190000534057617,15.798673629760742,8200
2021-10-04,16.8700008392334,17.920000076293945,16.8700008392334,15.070178985595703,21600
2021-10-05,17.610000610351562,17.610000610351562,17.170000076293945,15.193056106567383,11000
2021-10-06,17.030000686645508,17.030000686645508,16.350000381469727,14.543557167053223,10600
2021-10-07,16.56999969482422,17.049999237060547,16.56999969482422,14.903413772583008,25900
2021-10-08,17.760000228881836,17.760000228881836,16.979999542236328,15.245720863342285,4000
2021-10-11,17.030000686645508,17.75,17.030000686645508,15.377372741699219,105800
2021-10-12,18.149999618530273,18.149999618530273,17.43000030517578,15.482699394226074,7600
2021-10-13,17.90999984741211,17.90999984741211,17.579999923706055,15.430036544799805,1211600
2021-10-14,17.579999923706055,17.989999771118164,17.5,15.53536319732666,10500
2021-10-15,17.700000762939453,17.700000762939453,17.5,15.53536319732666,5200
2021-10-18,18.399999618530273,18.399999618530273,17.809999465942383,15.667017936706543,23300
2021-10-19,18.200000762939453,18.200000762939453,17.84000015258789,15.737234115600586,12900
2021-10-20,18,18.049999237060547,17.68000030517578,15.702125549316406,9400
2021-10-21,17.84000015258789,17.84000015258789,17.09000015258789,15.623130798339844,17300
2021-10-22,17.5,17.790000915527344,17.079999923706055,15.298380851745605,8900
2021-10-25,17.610000610351562,17.610000610351562,17.1200008392334,15.026294708251953,55900
2021-10-26,17.8799991607666,17.8799991607666,17.229999542236328,15.482699394226074,7800
2021-10-27,17.09000015258789,17.889999389648438,17.09000015258789,15.614355087280273,287500
2021-10-28,18.1299991607666,18.1299991607666,17.75,15.649463653564453,7200
2021-10-29,17.6299991607666,18,17.5,15.7284574508667,7900
2021-11-01,17.40999984741211,17.920000076293945,17.40999984741211,15.702125549316406,13300
2021-11-02,17.920000076293945,17.920000076293945,17.81999969482422,15.675795555114746,6500
2021-11-03,18.530000686645508,18.530000686645508,17.8799991607666,15.710899353027344,18100
2021-11-04,17.559999465942383,18.670000076293945,17.559999465942383,15.95666217803955,17600
2021-11-05,18,18.25,17.34000015258789,15.675795555114746,10500
2021-11-08,18.40999984741211,18.40999984741211,18,15.895220756530762,7900
2021-11-09,18,18.209999084472656,17.579999923706055,15.614355087280273,10900
2021-11-10,18.219999313354492,18.219999313354492,17.799999237060547,15.623130798339844,10800
2021-11-11,18.299999237060547,18.360000610351562,17.290000915527344,15.877669334411621,5700
2021-11-12,17.899999618530273,18.790000915527344,17.68000030517578,16.132198333740234,13500
2021-11-15,19,19,17.899999618530273,16.246301651000977,12300
2021-11-16,19.139999389648438,19.139999389648438,18.34000015258789,16.430620193481445,10300
2021-11-17,19.110000610351562,19.110000610351562,18.510000228881836,16.413068771362305,13900
2021-11-18,19.139999389648438,19.139999389648438,18.399999618530273,16.25507926940918,25800
2021-11-19,18.170000076293945,19.299999237060547,18.170000076293945,16.588605880737305,17200
2021-11-22,18.969999313354492,18.969999313354492,17.860000610351562,16.325292587280273,20800
2021-11-23,18.600000381469727,18.760000228881836,18.25,16.158531188964844,18100
2021-11-24,18.979999542236328,18.979999542236328,18.25,16.14975357055664,9700
2021-11-26,18.799999237060547,18.799999237060547,18.049999237060547,15.877669334411621,7900
2021-11-29,17.190000534057617,18.200000762939453,17.1299991607666,15.667017936706543,16100
2021-11-30,17.440000534057617,18.09000015258789,17.219999313354492,15.737234115600586,17600
2021-12-01,18.639999389648438,18.639999389648438,17.6299991607666,15.789894104003906,89500
2021-12-02,18.34000015258789,18.399999618530273,18,15.798673629760742,8000
2021-12-03,18.860000610351562,18.860000610351562,18.040000915527344,16.14097785949707,6100
2021-12-06,18.809999465942383,18.809999465942383,18.309999465942383,16.237525939941406,121100
2021-12-07,19.079999923706055,19.079999923706055,18.290000915527344,16.413068771362305,21300
2021-12-08,18.709999084472656,18.709999084472656,17.700000762939453,16.061986923217773,8200
2021-12-09,17.719999313354492,18.68000030517578,17.719999313354492,15.921550750732422,3400
2021-12-10,18.110000610351562,18.219999313354492,18.010000228881836,15.895220756530762,4300
2021-12-13,18.15999984741211,18.15999984741211,17.09000015258789,15.500255584716797,2061400
2021-12-14,18.100000381469727,18.440000534057617,17.90999984741211,15.825004577636719,16800
2021-12-15,18.5,19,18.299999237060547,16.456951141357422,384800
2021-12-16,18.549999237060547,19.360000610351562,18.479999542236328,16.404287338256836,11200
2021-12-17,17.979999542236328,18.700000762939453,17.979999542236328,16.404287338256836,10300
2021-12-20,18.06999969482422,18.610000610351562,17.959999084472656,16.07076072692871,10700
2021-12-21,18.520000457763672,18.520000457763672,18.18000030517578,15.982988357543945,107600
2021-12-22,18.209999084472656,18.209999084472656,18,15.95666217803955,6400
2021-12-23,17.780000686645508,18.520000457763672,17.780000686645508,16.07076072692871,5800
2021-12-27,18.93000030517578,18.93000030517578,17.81999969482422,16.25507926940918,5900
2021-12-28,18.440000534057617,18.719999313354492,18.360000610351562,16.246301651000977,1600
2021-12-29,18.5,18.559999465942383,18.31999969482422,16.11464500427246,6100
2021-12-30,17.729999542236328,18.520000457763672,17.729999542236328,16.14975357055664,4300
2021-12-31,18.200000762939453,18.799999237060547,18.200000762939453,16.14975357055664,7200
2022-01-03,18.6200008392334,18.739999771118164,18.5,16.404287338256836,4700
2022-01-04,19.43000030517578,20.239999771118164,18.709999084472656,17.52775001525879,163100
2022-01-05,20,20.190000534057617,19.690000534057617,17.281993865966797,83600
2022-01-06,20.329999923706055,20.329999923706055,19.700000762939453,17.50141716003418,11300
2022-01-07,19.399999618530273,20.610000610351562,19.399999618530273,17.457530975341797,11600
2022-01-10,19.889999389648438,20.6299991607666,19.799999237060547,17.387317657470703,62600
2022-01-11,19.559999465942383,20.770000457763672,19.559999465942383,17.659404754638672,7900
2022-01-12,21.059999465942383,21.059999465942383,20.149999618530273,18.133365631103516,11700
2022-01-13,21.010000228881836,21.360000610351562,20.75,18.642433166503906,11900
2022-01-14,21.309999465942383,21.440000534057617,21.049999237060547,18.69509506225586,7200
2022-01-18,21.09000015258789,21.450000762939453,20.760000228881836,18.34401512145996,28800
2022-01-19,19.790000915527344,20.5,19.790000915527344,17.72962188720703,12200
2022-01-20,20.5,20.530000686645508,20.1299991607666,17.685733795166016,10000
2022-01-21,20.110000610351562,20.579999923706055,19.670000076293945,17.448755264282227,123300
2022-01-24,19.030000686645508,20.100000381469727,19.030000686645508,17.159114837646484,20600
2022-01-25,20.010000228881836,20.1200008392334,19.399999618530273,17.290769577026367,3400
2022-01-26,19.860000610351562,19.860000610351562,19.270000457763672,17.088895797729492,23000
2022-01-27,19.56999969482422,19.829999923706055,18.93000030517578,16.614938735961914,18000
2022-01-28,19.790000915527344,19.790000915527344,18.90999984741211,16.869470596313477,14400
2022-01-31,20.059999465942383,20.059999465942383,19,17.132783889770508,3500
2022-02-01,18.950000762939453,20,18.950000762939453,17.220556259155273,3600
2022-02-02,19.25,20,19.25,17.220556259155273,16000
2022-02-03,20.510000228881836,20.510000228881836,19.5,17.545303344726562,4000
2022-02-04,19.93000030517578,19.93000030517578,19.5,17.220556259155273,7800
2022-02-07,20.360000610351562,20.360000610351562,19.700000762939453,17.334657669067383,14500
2022-02-08,20.200000762939453,20.200000762939453,19.799999237060547,17.3785400390625,27800
2022-02-09,19.600000381469727,20.34000015258789,19.600000381469727,17.676959991455078,10800
2022-02-10,20.079999923706055,20.079999923706055,19.5,17.1152286529541,36800
2022-02-11,19.649999618530273,19.81999969482422,19.25,16.913360595703125,25200
2022-02-14,18.399999618530273,19.450000762939453,18.299999237060547,16.544723510742188,31900
2022-02-15,18.889999389648438,19.010000228881836,18.889999389648438,16.650047302246094,10200
2022-02-16,18.639999389648438,19.459999084472656,18.639999389648438,16.676376342773438,5400
2022-02-17,19.260000228881836,19.260000228881836,18.6299991607666,16.360401153564453,8200
2022-02-18,18.729999542236328,18.920000076293945,18.610000610351562,16.57105255126953,4200
2022-02-22,18.399999618530273,19.239999771118164,18.25,16.298961639404297,10400
2022-02-23,18.670000076293945,18.850000381469727,18.139999389648438,16.237525939941406,3400
2022-02-24,18.010000228881836,18.559999465942383,17.450000762939453,15.623130798339844,17500
2022-02-25,18.43000030517578,18.56999969482422,18.40999984741211,16.298961639404297,2600
2022-02-28,18.56999969482422,18.719999313354492,18.299999237060547,16.132198333740234,3900
2022-03-01,18.510000228881836,18.510000228881836,18.049999237060547,15.868892669677734,247400
2022-03-02,18.030000686645508,18.030000686645508,17.579999923706055,15.7284574508667,12400
2022-03-03,17.920000076293945,18,17.450000762939453,15.473919868469238,8900
2022-03-04,17.200000762939453,17.5,16.90999984741211,14.92096996307373,22700
2022-03-07,16.6299991607666,16.6299991607666,16.030000686645508,14.157364845275879,17600
2022-03-08,15.199999809265137,16.149999618530273,15.199999809265137,13.92038631439209,8500
2022-03-09,16.479999542236328,16.860000610351562,16.100000381469727,14.648881912231445,10800
2022-03-10,16.860000610351562,16.90999984741211,16.299999237060547,14.411901473999023,28900
2022-03-11,15.949999809265137,16.65999984741211,15.859999656677246,14.166143417358398,10800
2022-03-14,15.84000015258789,16.719999313354492,15.84000015258789,14.078373908996582,6200
2022-03-15,16.420000076293945,16.43000030517578,16.290000915527344,14.42067813873291,3400
2022-03-16,16.979999542236328,17.149999618530273,16.979999542236328,14.999963760375977,12700
2022-03-17,16.989999771118164,17.309999465942383,16.950000762939453,14.982407569885254,5600
2022-03-18,17.440000534057617,17.440000534057617,16.989999771118164,15.052624702453613,29200
2022-03-21,17.5,17.5,17.239999771118164,15.131616592407227,1200
2022-03-22,17.059999465942383,17.3799991607666,17.059999465942383,15.166728973388672,8700
2022-03-23,17.829999923706055,18.260000228881836,17.489999771118164,15.368600845336914,627100
2022-03-24,18.030000686645508,18.149999618530273,17.950000762939453,15.877669334411621,112300
2022-03-25,18.299999237060547,18.299999237060547,17.770000457763672,15.596800804138184,79000
2022-03-28,17.350000381469727,18,17.350000381469727,15.789894104003906,7400
2022-03-29,18.040000915527344,19,18.040000915527344,16.03565216064453,5100
2022-03-30,18.110000610351562,18.200000762939453,18.020000457763672,16.060537338256836,5300
2022-03-31,18.110000610351562,18.200000762939453,18.09000015258789,16.07831573486328,2800
2022-04-01,18.020000457763672,18.040000915527344,17.940000534057617,15.953885078430176,7400
2022-04-04,17.729999542236328,18.40999984741211,17.729999542236328,16.362730026245117,8100
2022-04-05,17.489999771118164,18.5,17.489999771118164,15.96277141571045,5000
2022-04-06,17.780000686645508,17.850000381469727,17.520000457763672,15.598365783691406,5000
2022-04-07,17.350000381469727,17.510000228881836,17.299999237060547,15.473932266235352,3900
2022-04-08,17.389999389648438,17.389999389648438,16.979999542236328,15.18062973022461,6300
2022-04-11,17.100000381469727,17.1200008392334,16.770000457763672,15.109528541564941,16800
2022-04-12,16.84000015258789,17,16.5,14.665130615234375,3900
2022-04-13,16.989999771118164,17.020000457763672,16.899999618530273,15.020647048950195,3600
2022-04-14,17.530000686645508,18.049999237060547,15.9399995803833,14.940656661987305,9300
2022-04-18,16.510000228881836,17.540000915527344,16.510000228881836,15.109528541564941,7100
2022-04-19,16.989999771118164,17.15999984741211,16.989999771118164,15.18062973022461,5400
2022-04-20,17.610000610351562,17.670000076293945,17.5,15.553927421569824,405800
2022-04-21,18.200000762939453,18.200000762939453,17.1299991607666,15.41171932220459,12400
2022-04-22,17.43000030517578,17.43000030517578,16.989999771118164,15.100638389587402,9100
2022-04-25,16.989999771118164,17.200000762939453,16.93000030517578,15.287287712097168,11000
2022-04-26,17.200000762939453,17.200000762939453,16.709999084472656,14.851777076721191,5800
2022-04-27,17,17,16.690000534057617,14.834001541137695,125100
2022-04-28,16.639999389648438,17.25,16.639999389648438,15.331727027893066,2600
2022-04-29,17.25,17.3700008392334,16.93000030517578,15.207297325134277,2100
2022-05-02,17.600000381469727,17.600000381469727,16.860000610351562,15.118416786193848,7300
2022-05-03,17.010000228881836,17.229999542236328,17.010000228881836,15.25173568725586,4100
2022-05-04,16.979999542236328,17.450000762939453,16.979999542236328,15.509486198425293,4300
2022-05-05,16.899999618530273,17.200000762939453,16.899999618530273,15.091752052307129,11700
2022-05-06,17.579999923706055,17.579999923706055,17.030000686645508,15.456157684326172,184600
2022-05-09,17.549999237060547,17.549999237060547,16.3700008392334,14.842890739440918,286400
2022-05-10,16.75,16.760000228881836,16.299999237060547,14.798449516296387,6000
2022-05-11,16.329999923706055,16.329999923706055,15.770000457763672,14.01630973815918,16500
2022-05-12,15.890000343322754,15.949999809265137,15.729999542236328,14.069636344909668,6900
2022-05-13,16.030000686645508,16.1200008392334,16.030000686645508,14.32738971710205,2700
2022-05-16,16.030000686645508,16.030000686645508,15.739999771118164,14.114076614379883,8500
2022-05-17,16.709999084472656,16.709999084472656,15.680000305175781,13.936318397521973,194300
2022-05-18,15.869999885559082,15.869999885559082,15.59000015258789,13.85632610321045,285600
2022-05-19,15.779999732971191,15.779999732971191,15.600000381469727,13.865215301513672,7900
2022-05-20,16,16,15.6899995803833,13.945204734802246,6000
2022-05-23,16.610000610351562,16.610000610351562,16.059999465942383,14.318501472473145,1005900
2022-05-24,16.18000030517578,16.18000030517578,16,14.274059295654297,211300
2022-05-25,16.06999969482422,16.200000762939453,16.06999969482422,14.398492813110352,8200
2022-05-26,16.6200008392334,16.6200008392334,16.440000534057617,14.718456268310547,17400
2022-05-27,16.520000457763672,16.68000030517578,16.520000457763672,14.825114250183105,2600
2022-05-31,17,17,16.579999923706055,14.73623275756836,203400
2022-06-01,16.75,16.920000076293945,16.75,14.905104637145996,2700
2022-06-02,16.75,17.020000457763672,16.75,15.127305030822754,6700
2022-06-03,16.760000228881836,16.760000228881836,16.450000762939453,14.620691299438477,6200
2022-06-06,16.59000015258789,16.59000015258789,16.559999465942383,14.718456268310547,600
2022-06-07,16.520000457763672,16.600000381469727,16.520000457763672,14.754010200500488,1600
2022-06-08,16.65999984741211,16.65999984741211,16.600000381469727,14.771787643432617,401500
2022-06-09,16.65999984741211,16.65999984741211,16.59000015258789,14.745121955871582,1100
2022-06-10,16.489999771118164,16.489999771118164,16.1200008392334,14.371826171875,700
2022-06-13,16.200000762939453,16.200000762939453,15.510000228881836,13.829662322998047,3300
2022-06-14,15.279999732971191,15.989999771118164,15.050000190734863,13.998533248901367,2100
2022-06-15,15.75,15.75,15.5,13.927430152893066,15100
2022-06-16,15.4399995803833,16.18000030517578,15.4399995803833,14.042975425720215,21100
2022-06-17,15.779999732971191,15.779999732971191,14.850000381469727,13.687455177307129,14000
2022-06-21,15.289999961853027,15.960000038146973,15.289999961853027,14.025197982788086,406400
2022-06-22,15.84000015258789,16.329999923706055,15.369999885559082,13.660792350769043,201600
2022-06-23,15.829999923706055,15.829999923706055,15.680000305175781,13.936318397521973,1600
2022-06-24,15.789999961853027,15.949999809265137,15.770000457763672,14.131852149963379,8800
2022-06-27,15.859999656677246,15.930000305175781,15.649999618530273,13.91854190826416,15100
2022-06-28,16.479999542236328,16.479999542236328,15.75,13.998533248901367,3400
2022-06-29,15.75,15.75,15.5,13.776334762573242,14100
2022-06-30,14.869999885559082,15.359999656677246,14.869999885559082,13.65190315246582,13600
2022-07-01,15.8100004196167,15.8100004196167,15.260000228881836,13.802997589111328,34800
2022-07-05,15.649999618530273,15.649999618530273,15.260000228881836,13.714119911193848,9100
2022-07-06,15.260000228881836,15.260000228881836,15.25,13.554137229919434,700
2022-07-07,15.630000114440918,15.640000343322754,15.550000190734863,13.900765419006348,5600
2022-07-08,15.420000076293945,15.760000228881836,15.420000076293945,13.882990837097168,12300
2022-07-11,15.710000038146973,15.710000038146973,15.539999961853027,13.83855152130127,164800
2022-07-12,15.600000381469727,15.609999656677246,15.600000381469727,13.865215301513672,252900
2022-07-13,15.479999542236328,15.489999771118164,15.380000114440918,13.767446517944336,2400
2022-07-14,14.8100004196167,15.329999923706055,14.8100004196167,13.571910858154297,1400
2022-07-15,15.5,15.680000305175781,15.5,13.936318397521973,1100
2022-07-18,16,16,15.670000076293945,13.954092979431152,1900
2022-07-19,15.850000381469727,16.079999923706055,15.850000381469727,14.291836738586426,2600
2022-07-20,16,16.209999084472656,15.770000457763672,14.114076614379883,209300
2022-07-21,15.319999694824219,15.9399995803833,15.319999694824219,14.105189323425293,4800
2022-07-22,16.079999923706055,16.079999923706055,16,14.229619979858398,2800
2022-07-25,15.420000076293945,15.930000305175781,15.420000076293945,14.131852149963379,5100
2022-07-26,15.359999656677246,15.949999809265137,15.359999656677246,14.051861763000488,45000
2022-07-27,15.880000114440918,16,15.850000381469727,14.220731735229492,700
2022-07-28,16.09000015258789,16.09000015258789,15.770000457763672,14.220731735229492,5600
2022-07-29,16.43000030517578,16.43000030517578,15.5,14.425155639648438,3200
2022-08-01,17.200000762939453,17.200000762939453,16.549999237060547,14.834001541137695,447000
2022-08-02,16.75,16.75,16.389999389648438,14.567362785339355,503000
2022-08-03,16.299999237060547,16.389999389648438,16.270000457763672,14.478484153747559,6000
2022-08-04,16.15999984741211,16.15999984741211,15.300000190734863,13.91854190826416,4200
2022-08-05,16.15999984741211,16.15999984741211,15.65999984741211,13.945204734802246,5900
2022-08-08,16,16,15.600000381469727,13.865215301513672,2200
2022-08-09,15.34000015258789,15.40999984741211,15.25,13.580798149108887,604000
2022-08-10,15.75,15.8100004196167,15.75,14.007421493530273,58200
2022-08-11,16.459999084472656,16.459999084472656,15.489999771118164,14.09630012512207,4300
2022-08-12,16.5,16.5,16.059999465942383,14.318501472473145,3600
2022-08-15,16.100000381469727,16.100000381469727,15.970000267028809,14.220731735229492,6900
2022-08-16,15.300000190734863,16,15.300000190734863,14.167404174804688,3600
2022-08-17,16,16.110000610351562,15.979999542236328,14.318501472473145,4300
2022-08-18,15.75,15.979999542236328,15.75,14.114076614379883,5000
2022-08-19,15.739999771118164,15.739999771118164,15.630000114440918,13.936318397521973,2300
2022-08-22,15.699999809265137,15.699999809265137,15.449999809265137,13.731893539428711,5500
2022-08-23,15.4399995803833,15.4399995803833,15.399999618530273,13.687455177307129,1000
2022-08-24,14.930000305175781,15.470000267028809,14.930000305175781,13.731893539428711,2700
2022-08-25,14.949999809265137,15.890000343322754,14.949999809265137,13.81188678741455,6300
2022-08-26,15.5,15.5,15.25,13.554137229919434,2700
2022-08-29,15.5600004196167,15.5600004196167,15.119999885559082,13.518583297729492,4200
2022-08-30,15.6899995803833,15.6899995803833,14.949999809265137,13.287496566772461,8000
2022-08-31,15.260000228881836,15.350000381469727,15.260000228881836,13.571910858154297,41000
2022-09-01,15.130000114440918,15.130000114440918,14.5600004196167,12.976418495178223,111300
2022-09-02,14.770000457763672,14.770000457763672,14.5600004196167,12.94975471496582,7400
2022-09-06,14.619999885559082,14.729999542236328,14.380000114440918,12.860875129699707,3100
2022-09-07,14.350000381469727,14.350000381469727,14.229999542236328,12.700891494750977,743200
2022-09-08,14.779999732971191,14.779999732971191,14.220000267028809,12.700891494750977,15100
2022-09-09,15.029999732971191,15.029999732971191,14.34000015258789,12.763107299804688,13400
2022-09-12,14.399999618530273,14.539999961853027,14.369999885559082,12.771993637084961,19500
2022-09-13,14.59000015258789,14.59000015258789,14.039999961853027,12.478693008422852,8900
2022-09-14,14.1899995803833,14.300000190734863,14.1899995803833,12.620899200439453,8100
2022-09-15,14.15999984741211,14.15999984741211,14.050000190734863,12.487580299377441,404100
2022-09-16,14.050000190734863,14.130000114440918,14.020000457763672,12.549796104431152,308500
2022-09-19,14.119999885559082,14.140000343322754,14.039999961853027,12.567573547363281,5400
2022-09-20,13.720000267028809,14.119999885559082,13.720000267028809,12.487580299377441,5600
2022-09-21,14,14.029999732971191,13.829999923706055,12.469804763793945,2500
2022-09-22,13.859999656677246,14.199999809265137,13.859999656677246,12.620899200439453,4300
2022-09-23,13.489999771118164,14.069999694824219,13.489999771118164,12.025406837463379,9000
2022-09-26,13.529999732971191,13.609999656677246,13.5,12.025406837463379,6900
2022-09-27,13.640000343322754,13.680000305175781,13.279999732971191,12.025406837463379,4300
2022-09-28,13.529999732971191,13.710000038146973,13.529999732971191,12.185389518737793,5500
2022-09-29,13.449999809265137,13.449999809265137,13.319999694824219,12.044066429138184,5600
2022-09-30,13.479999542236328,13.479999542236328,13.069999694824219,11.765018463134766,103900
2022-10-03,13.9399995803833,13.9399995803833,13.350000381469727,12.206093788146973,287100
2022-10-04,13.970000267028809,13.979999542236328,13.920000076293945,12.530149459838867,404000
2022-10-05,13.359999656677246,13.8100004196167,13.359999656677246,12.431133270263672,2200
2022-10-06,13.65999984741211,13.65999984741211,13.649999618530273,12.287105560302734,1600
2022-10-07,13.600000381469727,13.600000381469727,13.5600004196167,12.242101669311523,313700
2022-10-10,13.649999618530273,13.960000038146973,13.539999961853027,12.287105560302734,2800
2022-10-11,13.430000305175781,13.890000343322754,13.430000305175781,12.161086082458496,365000
2022-10-12,13.609999656677246,13.609999656677246,13.539999961853027,12.224098205566406,46100
2022-10-13,12.970000267028809,13.680000305175781,12.970000267028809,12.314112663269043,4800
2022-10-14,13.600000381469727,13.600000381469727,13.380000114440918,12.0620698928833,12400
2022-10-17,13.380000114440918,13.789999961853027,13.380000114440918,12.413128852844238,6100
2022-10-18,13.75,13.75,13.279999732971191,11.954049110412598,315900
2022-10-19,13,13.300000190734863,13,11.909041404724121,2200
2022-10-20,13.420000076293945,13.420000076293945,13.300000190734863,11.99905776977539,4700
2022-10-21,13.140000343322754,13.5,13.140000343322754,12.152084350585938,1900
2022-10-24,13.029999732971191,13.510000228881836,13.029999732971191,12.02606201171875,4600
2022-10-25,13.640000343322754,13.739999771118164,13.640000343322754,12.368122100830078,4600
2022-10-26,13.800000190734863,13.9399995803833,13.789999961853027,12.422131538391113,7700
2022-10-27,14,14,13.600000381469727,12.242101669311523,3200
2022-10-28,13.640000343322754,13.989999771118164,13.640000343322754,12.593159675598145,145900
2022-10-31,13.890000343322754,13.890000343322754,13.819999694824219,12.48514175415039,4200
2022-11-01,13.869999885559082,13.869999885559082,13.390000343322754,12.053068161010742,10600
2022-11-02,13.5,13.789999961853027,13.5,12.287105560302734,2500
2022-11-03,13,13.59000015258789,12.65999984741211,12.233098983764648,8200
2022-11-04,13.59000015258789,14,13.59000015258789,12.359119415283203,5600
2022-11-07,14,14,13.6899995803833,12.46713924407959,162300
2022-11-08,13.6899995803833,13.819999694824219,13.6899995803833,12.422131538391113,3200
2022-11-09,13.699999809265137,13.699999809265137,13.449999809265137,12.107076644897461,10100
2022-11-10,13.800000190734863,14,13.59000015258789,12.60216236114502,3500
2022-11-11,14.140000343322754,14.350000381469727,14.130000114440918,12.719182968139648,3600
2022-11-14,14.670000076293945,14.670000076293945,13.789999961853027,12.800196647644043,102500
2022-11-15,14.380000114440918,14.430000305175781,14.34000015258789,12.944219589233398,11600
2022-11-16,14.289999961853027,14.289999961853027,14.1899995803833,12.77319049835205,500
2022-11-17,14.25,14.25,14.25,12.827199935913086,1300
2022-11-18,14.5,14.5,14.260000228881836,12.836201667785645,63900
2022-11-21,14.569999694824219,14.569999694824219,14.079999923706055,12.674173355102539,2800
2022-11-22,14.5,14.6899995803833,14.5,13.223268508911133,1500
2022-11-23,14.229999542236328,14.949999809265137,14.229999542236328,13.043237686157227,2000
2022-11-25,14.489999771118164,14.489999771118164,14.489999771118164,13.043237686157227,100
2022-11-28,14.220000267028809,14.890000343322754,14.220000267028809,13.25927448272705,281700
2022-11-29,14.6899995803833,14.819999694824219,14.5,13.052239418029785,9800
2022-11-30,14.710000038146973,14.789999961853027,14.529999732971191,13.313284873962402,1300
2022-12-01,14.800000190734863,14.899999618530273,14.760000228881836,13.286279678344727,5600
2022-12-02,14.90999984741211,14.90999984741211,14.529999732971191,13.17825984954834,264800
2022-12-05,14.369999885559082,14.420000076293945,14.260000228881836,12.836201667785645,11200
2022-12-06,14.170000076293945,14.199999809265137,14.020000457763672,12.66517162322998,6400
2022-12-07,14.180000305175781,14.1899995803833,14.149999618530273,12.737184524536133,4000
2022-12-08,14.149999618530273,14.220000267028809,14.149999618530273,12.800196647644043,4000
2022-12-09,14.220000267028809,14.420000076293945,14.220000267028809,12.971224784851074,83800
2022-12-12,14.40999984741211,14.65999984741211,14.300000190734863,12.93521785736084,7800
2022-12-13,14.640000343322754,14.640000343322754,14.460000038146973,13.016233444213867,4000
2022-12-14,14.59000015258789,14.619999885559082,14.399999618530273,13.034235000610352,44700
2022-12-15,14.319999694824219,14.319999694824219,14.100000381469727,12.719182968139648,2300
2022-12-16,13.1899995803833,14.100000381469727,13.1899995803833,12.674173355102539,7800
2022-12-19,14,14.029999732971191,13.890000343322754,12.51214599609375,7800
2022-12-20,14,14.050000190734863,13.800000190734863,12.503144264221191,5300
2022-12-21,13.300000190734863,13.760000228881836,13.300000190734863,12.386123657226562,7600
2022-12-22,13.399999618530273,13.729999542236328,13.399999618530273,12.359119415283203,6700
2022-12-23,13.449999809265137,13.649999618530273,13.449999809265137,12.278106689453125,3300
2022-12-27,13.640000343322754,13.670000076293945,13.5600004196167,12.305110931396484,12500
2022-12-28,13.84000015258789,13.84000015258789,13.380000114440918,12.07107162475586,112000
2022-12-29,13.420000076293945,13.75,13.420000076293945,12.350117683410645,2200
2022-12-30,13.25,13.65999984741211,13.25,12.251102447509766,8000
2023-01-03,14,14,13.789999961853027,12.458136558532715,9800
2023-01-04,13.949999809265137,13.949999809265137,13.739999771118164,12.440133094787598,3500
2023-01-05,13.569999694824219,13.779999732971191,13.5,12.332115173339844,241400
2023-01-06,13.609999656677246,13.729999542236328,13.609999656677246,12.359119415283203,102000
2023-01-09,13.930000305175781,14.369999885559082,13.930000305175781,12.93521785736084,8000
2023-01-10,14,14.210000038146973,13.90999984741211,12.611163139343262,402500
2023-01-11,14.25,14.25,13.890000343322754,12.503144264221191,207800
2023-01-12,14.34000015258789,14.34000015258789,14.039999961853027,12.836201667785645,122600
2023-01-13,13.90999984741211,14.079999923706055,13.90999984741211,12.60216236114502,11600
2023-01-17,14.470000267028809,14.640000343322754,14.460000038146973,13.043237686157227,422800
2023-01-18,14.720000267028809,14.729999542236328,14.520000457763672,13.15125560760498,5000
2023-01-19,14.5600004196167,14.5600004196167,14.239999771118164,12.818198204040527,1300
2023-01-20,14.460000038146973,14.619999885559082,14.460000038146973,13.15125560760498,3200
2023-01-23,14.569999694824219,14.670000076293945,14.539999961853027,13.142254829406738,16200
2023-01-24,14.609999656677246,14.670000076293945,14.59000015258789,13.13325309753418,24300
2023-01-25,14.729999542236328,14.729999542236328,14.569999694824219,13.17825984954834,6200
2023-01-26,14.550000190734863,14.550000190734863,14.5,13.070242881774902,3600
2023-01-27,14.550000190734863,14.800000190734863,14.550000190734863,13.232269287109375,6900
2023-01-30,14.510000228881836,14.800000190734863,14.510000228881836,13.061240196228027,5400
2023-01-31,14.479999542236328,14.720000267028809,14.479999542236328,13.196263313293457,34200
2023-02-01,14.550000190734863,14.850000381469727,14.550000190734863,13.232269287109375,5400
2023-02-02,14.699999809265137,14.699999809265137,14.600000381469727,13.196263313293457,47900
2023-02-03,14.600000381469727,14.65999984741211,14.34000015258789,13.052239418029785,15800
2023-02-06,14.319999694824219,14.449999809265137,14.319999694824219,12.899211883544922,4200
2023-02-07,14.369999885559082,14.460000038146973,14.300000190734863,13.007230758666992,2200
2023-02-08,14.399999618530273,14.420000076293945,14.34000015258789,12.98022747039795,1300
2023-02-09,14.729999542236328,14.729999542236328,14.460000038146973,13.25927448272705,211700
2023-02-10,14.449999809265137,14.449999809265137,14.300000190734863,12.944219589233398,403500
2023-02-13,14.25,14.609999656677246,14.09000015258789,13.15125560760498,3100
2023-02-14,14.279999732971191,14.279999732971191,14.1899995803833,12.818198204040527,3000
2023-02-15,14.100000381469727,14.100000381469727,14.039999961853027,12.674173355102539,2300
2023-02-16,14.229999542236328,14.350000381469727,14.229999542236328,12.872207641601562,2300
2023-02-17,14.25,14.300000190734863,14.25,12.872207641601562,3000
2023-02-21,14.130000114440918,14.130000114440918,13.859999656677246,12.476139068603516,3000
2023-02-22,13.920000076293945,13.930000305175781,13.819999694824219,12.49414348602295,29900
2023-02-23,13.850000381469727,13.9399995803833,13.8100004196167,12.458136558532715,4600
2023-02-24,13.65999984741211,13.65999984741211,13.550000190734863,12.224098205566406,2100
2023-02-27,13.65999984741211,13.65999984741211,13.65999984741211,12.29610824584961,6300
2023-02-28,13.630000114440918,13.680000305175781,13.630000114440918,12.314112663269043,1800
2023-03-01,13.550000190734863,13.720000267028809,13.550000190734863,12.332115173339844,2200
2023-03-02,13.5,13.720000267028809,13.489999771118164,12.350117683410645,34800
2023-03-03,13.970000267028809,13.970000267028809,13.880000114440918,12.521147727966309,6300
2023-03-06,13.899999618530273,14.130000114440918,13.899999618530273,12.60216236114502,3600
2023-03-07,14.039999961853027,14.069999694824219,13.930000305175781,12.548151969909668,14800
2023-03-08,13.9399995803833,13.9399995803833,13.90999984741211,12.521147727966309,5400
2023-03-09,13.899999618530273,14.069999694824219,13.899999618530273,12.521147727966309,2800
2023-03-10,13.729999542236328,13.829999923706055,13.729999542236328,12.449134826660156,500900
2023-03-13,13.979999542236328,13.979999542236328,13.739999771118164,12.368122100830078,1600
2023-03-14,13.430000305175781,13.609999656677246,13.430000305175781,12.251102447509766,12500
2023-03-15,13.430000305175781,13.430000305175781,13.239999771118164,11.918045043945312,79200
2023-03-16,13.470000267028809,13.550000190734863,13.4399995803833,12.143081665039062,6300
2023-03-17,13.390000343322754,13.449999809265137,13.369999885559082,12.035065650939941,94700
2023-03-20,13.359999656677246,13.520000457763672,13.359999656677246,12.170086860656738,2100
2023-03-21,13.520000457763672,13.569999694824219,13.520000457763672,12.215096473693848,3100
2023-03-22,13.630000114440918,13.8100004196167,13.59000015258789,12.233098983764648,5200
2023-03-23,13.65999984741211,13.699999809265137,13.5600004196167,12.206093788146973,12500
2023-03-24,13.649999618530273,13.75,13.529999732971191,12.224098205566406,11500
2023-03-27,13.600000381469727,13.739999771118164,13.600000381469727,12.368122100830078,2900
2023-03-28,13.779999732971191,13.869999885559082,13.770000457763672,12.48514175415039,2900
2023-03-29,13.829999923706055,13.920000076293945,13.829999923706055,12.530149459838867,1700
2023-03-30,14,14,13.859999656677246,12.717331886291504,1600
2023-03-31,13.930000305175781,14.15999984741211,13.930000305175781,12.946720123291016,2100
2023-04-03,14.119999885559082,14.260000228881836,14.119999885559082,13.08435344696045,2600
2023-04-04,14.1899995803833,14.1899995803833,14.100000381469727,12.937545776367188,1200
2023-04-05,14.100000381469727,14.100000381469727,14.100000381469727,12.937545776367188,0
2023-04-06,13.869999885559082,13.899999618530273,13.869999885559082,12.754032135009766,2200
2023-04-10,13.829999923706055,13.829999923706055,13.710000038146973,12.65310287475586,47100
2023-04-11,13.699999809265137,13.75,13.6899995803833,12.616400718688965,4800
2023-04-12,13.680000305175781,13.680000305175781,13.65999984741211,12.54299545288086,1500
2023-04-13,13.699999809265137,13.710000038146973,13.699999809265137,12.579697608947754,100700
2023-04-14,13.640000343322754,13.670000076293945,13.579999923706055,12.460415840148926,2000
2023-04-17,13.5,13.75,13.5,12.570521354675293,2900
2023-04-18,13.5,13.8100004196167,13.5,12.561345100402832,700
2023-04-19,13.550000190734863,13.5600004196167,13.520000457763672,12.405363082885742,3300
2023-04-20,13.5,13.5,13.350000381469727,12.249378204345703,3200
2023-04-21,13.289999961853027,13.430000305175781,13.289999961853027,12.249378204345703,19600
2023-04-24,13.369999885559082,13.479999542236328,13.350000381469727,12.350308418273926,804400
2023-04-25,13.630000114440918,13.630000114440918,13.390000343322754,12.286080360412598,7900
2023-04-26,13.75,13.75,13.4399995803833,12.59804916381836,2900
2023-04-27,13.800000190734863,13.8100004196167,13.600000381469727,12.48794174194336,8000
2023-04-28,13.6899995803833,13.729999542236328,13.6899995803833,12.59804916381836,4200
2023-05-01,13.720000267028809,13.729999542236328,13.649999618530273,12.524643898010254,3100
2023-05-02,13.5,13.510000228881836,13.5,12.396186828613281,9900
2023-05-03,13.550000190734863,13.630000114440918,13.550000190734863,12.478767395019531,2700
2023-05-04,13.010000228881836,13.539999961853027,13.010000228881836,12.423712730407715,3800
2023-05-05,13.920000076293945,13.920000076293945,13.75,12.616400718688965,1000
2023-05-08,13.800000190734863,13.819999694824219,13.770000457763672,12.634751319885254,4100
2023-05-09,13.899999618530273,14.270000457763672,13.899999618530273,12.974247932434082,26200
2023-05-10,14.300000190734863,14.359999656677246,14.289999961853027,13.176109313964844,61900
2023-05-11,14.350000381469727,14.350000381469727,14.199999809265137,13.075178146362305,205800
2023-05-12,14.239999771118164,14.449999809265137,14.239999771118164,13.130231857299805,26500
2023-05-15,14.199999809265137,14.229999542236328,14.15999984741211,13.0568265914917,12100
2023-05-16,14.270000457763672,14.270000457763672,14.170000076293945,13.001774787902832,41000
2023-05-17,14.09000015258789,14.229999542236328,14.09000015258789,13.0568265914917,48700
2023-05-18,14.25,14.279999732971191,14.210000038146973,13.03847599029541,4300
2023-05-19,14.229999542236328,14.229999542236328,14.079999923706055,13.03847599029541,12400
2023-05-22,14.149999618530273,14.149999618530273,14.109999656677246,12.965070724487305,262700
2023-05-23,14.079999923706055,14.079999923706055,13.520000457763672,12.66227912902832,13800
2023-05-24,13.960000038146973,13.960000038146973,13.949999809265137,12.799911499023438,141100
2023-05-25,13.920000076293945,13.960000038146973,13.920000076293945,12.809087753295898,20900
2023-05-26,13.9399995803833,14.029999732971191,13.9399995803833,12.827437400817871,3000
2023-05-30,13.829999923706055,13.949999809265137,13.649999618530273,12.65310287475586,2000
2023-05-31,13.359999656677246,13.640000343322754,13.359999656677246,12.51546859741211,271700
2023-06-01,14.050000190734863,14.050000190734863,14,12.891666412353516,3400
2023-06-02,14.390000343322754,14.770000457763672,14.390000343322754,13.414673805236816,14900
2023-06-05,14.329999923706055,14.640000343322754,14.079999923706055,13.396323204040527,6100
2023-06-06,14.399999618530273,14.850000381469727,14.399999618530273,13.598184585571289,1500
2023-06-07,14.850000381469727,14.850000381469727,14.539999961853027,13.478902816772461,3200
2023-06-08,14.539999961853027,14.800000190734863,14.539999961853027,13.543131828308105,2500
2023-06-09,15.050000190734863,15.050000190734863,14.84000015258789,13.625713348388672,7000
2023-06-12,14.850000381469727,15,14.850000381469727,13.744993209838867,4900
2023-06-13,15.760000228881836,15.899999618530273,15.520000457763672,14.524917602539062,14600
2023-06-14,16.829999923706055,16.829999923706055,16.299999237060547,15.185555458068848,39800
2023-06-15,16.540000915527344,16.8799991607666,16.450000762939453,15.479175567626953,136000
2023-06-16,16.780000686645508,16.780000686645508,16.5,15.194732666015625,12700
2023-06-20,16.389999389648438,16.389999389648438,15.670000076293945,14.396459579467773,568500
2023-06-21,15.90999984741211,15.90999984741211,15.630000114440918,14.341404914855957,9900
2023-06-22,15.770000457763672,15.770000457763672,15.6899995803833,14.405633926391602,1000
2023-06-23,15.020000457763672,15.510000228881836,15.020000457763672,14.075315475463867,7000
2023-06-26,15.199999809265137,15.550000190734863,15.199999809265137,14.222124099731445,4600
2023-06-27,15.609999656677246,15.640000343322754,15.600000381469727,14.350582122802734,1800
2023-06-28,16.170000076293945,16.170000076293945,15.75,14.690077781677246,5800
2023-06-29,16.020000457763672,16.049999237060547,16.020000457763672,14.726778984069824,371100
2023-06-30,16.290000915527344,16.290000915527344,16.020000457763672,14.726778984069824,155400
2023-07-03,16.290000915527344,16.290000915527344,16.079999923706055,14.75430679321289,1200
2023-07-05,16.209999084472656,16.209999084472656,16.170000076293945,14.85523796081543,32100
2023-07-06,16.25,16.270000457763672,16.040000915527344,14.78183364868164,5100
2023-07-07,16.18000030517578,16.270000457763672,16.170000076293945,14.901115417480469,5100
2023-07-10,16.59000015258789,16.68000030517578,16,14.726778984069824,12200
2023-07-11,15.979999542236328,15.979999542236328,15.729999542236328,14.53409194946289,28800
2023-07-12,16,16.110000610351562,15.949999809265137,14.644200325012207,3900
2023-07-13,16.549999237060547,16.549999237060547,16.049999237060547,14.791009902954102,111000
2023-07-14,16.25,16.25,15.899999618530273,14.625848770141602,32800
2023-07-17,15.40999984741211,15.960000038146973,15.40999984741211,14.570795059204102,58700
2023-07-18,16,16.3700008392334,16,14.992871284484863,10200
2023-07-19,16.5,16.540000915527344,16.360000610351562,15.011220932006836,15200
2023-07-20,16.510000228881836,16.510000228881836,16.299999237060547,14.992871284484863,2600
2023-07-21,16.299999237060547,16.299999237060547,16.290000915527344,14.946993827819824,175900
2023-07-24,16.799999237060547,16.799999237060547,16.43000030517578,15.10297679901123,3400
2023-07-25,16.670000076293945,16.690000534057617,16.020000457763672,15.31401538848877,289900
2023-07-26,16.56999969482422,16.56999969482422,16.479999542236328,15.158031463623047,4100
2023-07-27,17.1200008392334,17.1200008392334,16.549999237060547,15.194732666015625,2300
2023-07-28,16.479999542236328,16.969999313354492,16.450000762939453,15.332365989685059,7200
2023-07-31,16.899999618530273,16.989999771118164,16.760000228881836,15.460824012756348,6500
2023-08-01,17,17.360000610351562,17,15.800321578979492,23500
2023-08-02,17.950000762939453,17.950000762939453,17.350000381469727,15.965481758117676,5400
2023-08-03,17.200000762939453,17.200000762939453,16.700000762939453,15.323193550109863,8600
2023-08-04,17.18000030517578,17.190000534057617,17.06999969482422,15.662688255310059,34300
2023-08-07,17.239999771118164,17.3799991607666,17.190000534057617,15.919604301452637,5100
2023-08-08,17.360000610351562,17.3700008392334,16.899999618530273,15.53423023223877,6500
2023-08-09,17.25,17.25,16.670000076293945,15.35071849822998,6700
2023-08-10,17.459999084472656,17.459999084472656,16.40999984741211,15.378244400024414,16600
2023-08-11,16.31999969482422,16.729999542236328,16.31999969482422,15.332365989685059,1900
2023-08-14,16.09000015258789,17.059999465942383,16.09000015258789,15.268136978149414,210500
2023-08-15,16.639999389648438,16.639999389648438,16.489999771118164,15.158031463623047,1800
2023-08-16,16.520000457763672,16.520000457763672,16.200000762939453,14.864413261413574,5000
2023-08-17,16.270000457763672,16.3799991607666,16.25,14.91029167175293,2800
2023-08-18,15.569999694824219,16.18000030517578,15.569999694824219,14.800183296203613,2700
2023-08-21,16.290000915527344,16.290000915527344,16.15999984741211,14.946993827819824,3400
2023-08-22,16.5,16.59000015258789,16.5,15.148856163024902,13700
2023-08-23,16.219999313354492,16.549999237060547,16.219999313354492,15.185555458068848,15200
2023-08-24,16.350000381469727,16.420000076293945,16.280000686645508,15.066275596618652,5600
2023-08-25,16.5,16.5,16.5,15.139679908752441,300
2023-08-28,16.510000228881836,17.18000030517578,16.1299991607666,15.277314186096191,4400
2023-08-29,16.700000762939453,16.700000762939453,16.399999618530273,15.323193550109863,2200
2023-08-30,17,17,16.739999771118164,15.442471504211426,6900
2023-08-31,16.670000076293945,17.219999313354492,16.670000076293945,15.736091613769531,2002300
2023-09-01,16.8700008392334,17.309999465942383,16.8700008392334,15.800321578979492,2600
2023-09-05,17.299999237060547,17.56999969482422,17.299999237060547,16.075586318969727,27400
2023-09-06,17.40999984741211,17.90999984741211,17.40999984741211,16.433433532714844,12000
2023-09-07,17.959999084472656,18.43000030517578,17.770000457763672,16.415081024169922,5500
2023-09-08,17.110000610351562,18.200000762939453,17.110000610351562,16.240747451782227,144000
2023-09-11,17.5,17.899999618530273,17.5,16.38755989074707,4200
2023-09-12,17.75,18.25,17.75,16.745403289794922,10900
2023-09-13,18.93000030517578,18.93000030517578,18.1200008392334,16.8922119140625,6300
2023-09-14,18.799999237060547,18.8700008392334,18.700000762939453,17.314289093017578,408800
2023-09-15,19.100000381469727,19.190000534057617,18.860000610351562,17.37851905822754,34900
2023-09-18,18.90999984741211,18.90999984741211,18.549999237060547,17.259235382080078,7700
2023-09-19,19.100000381469727,19.729999542236328,19.100000381469727,18.103384017944336,571200
2023-09-20,18.959999084472656,19.579999923706055,18.920000076293945,17.36016845703125,193000
2023-09-21,18.149999618530273,18.739999771118164,18.149999618530273,17.1124267578125,288100
2023-09-22,18.6299991607666,18.65999984741211,18.399999618530273,16.88303565979004,568600
2023-09-25,17.920000076293945,18.59000015258789,17.920000076293945,16.956439971923828,7400
2023-09-26,18.110000610351562,18.110000610351562,18.010000228881836,16.561891555786133,701600
2023-09-27,19.239999771118164,19.239999771118164,18.010000228881836,16.690353393554688,10900
2023-09-28,18.420000076293945,18.420000076293945,18.040000915527344,16.951065063476562,7800
2023-09-29,18.200000762939453,18.5,18,16.7005558013916,2300
2023-10-02,17.56999969482422,18.219999313354492,17.56999969482422,16.505718231201172,447700
2023-10-03,17.799999237060547,17.799999237060547,17.309999465942383,16.125314712524414,17800
2023-10-04,17,17.15999984741211,16.790000915527344,15.763469696044922,1773600
2023-10-05,16.84000015258789,17.40999984741211,16.84000015258789,15.976865768432617,1005400
2023-10-06,16.639999389648438,17.350000381469727,16.639999389648438,16.09748077392578,2500
2023-10-09,17.399999618530273,17.399999618530273,17.209999084472656,16.134592056274414,3100
2023-10-10,17.030000686645508,17.75,17.030000686645508,16.35726547241211,3600
2023-10-11,17.84000015258789,17.84000015258789,17.739999771118164,16.505718231201172,17900
2023-10-12,17.700000762939453,18.829999923706055,17.700000762939453,16.923229217529297,1800
2023-10-13,18.469999313354492,18.469999313354492,17.989999771118164,16.8026180267334,3100
2023-10-16,18.3799991607666,18.3799991607666,17.84000015258789,16.626331329345703,9700
2023-10-17,17.90999984741211,17.950000762939453,17.729999542236328,16.459325790405273,5900
2023-10-18,17.700000762939453,17.770000457763672,17.559999465942383,16.35726547241211,6600
2023-10-19,17.40999984741211,17.579999923706055,17.40999984741211,16.171707153320312,3900
2023-10-20,17.43000030517578,17.43000030517578,17.3799991607666,16.162429809570312,5000
2023-10-23,17.860000610351562,17.860000610351562,17.350000381469727,16.162429809570312,2700
2023-10-24,17.5,17.5,17.350000381469727,16.143871307373047,3000
2023-10-25,17.450000762939453,17.68000030517578,17.450000762939453,16.366544723510742,3800
2023-10-26,17.65999984741211,17.8700008392334,17,15.986144065856934,137600
2023-10-27,18.09000015258789,18.09000015258789,17.260000228881836,16.01397705078125,2700
2023-10-30,17.81999969482422,17.81999969482422,17.25,16.09748077392578,23300
2023-10-31,17.290000915527344,17.610000610351562,17.290000915527344,16.255207061767578,8400
2023-11-01,18.40999984741211,18.899999618530273,18.040000915527344,17.350021362304688,385600
2023-11-02,19.079999923706055,19.079999923706055,18.5,17.26651954650879,588800
2023-11-03,18.270000457763672,18.940000534057617,18.270000457763672,17.53558349609375,19000
2023-11-06,18.950000762939453,19,18.90999984741211,17.628366470336914,74200
2023-11-07,19,19,18.799999237060547,17.56342124938965,5100
2023-11-08,18.799999237060547,18.799999237060547,18.260000228881836,17.025287628173828,6300
2023-11-09,18.520000457763672,18.6200008392334,18.389999389648438,17.080957412719727,2500
2023-11-10,18.479999542236328,18.670000076293945,18.479999542236328,17.322187423706055,21600
2023-11-13,18.690000534057617,19.43000030517578,18.540000915527344,17.36857795715332,2400
2023-11-14,18.780000686645508,19.18000030517578,18.780000686645508,17.767536163330078,11500
2023-11-15,18.950000762939453,19.100000381469727,18.950000762939453,17.721145629882812,900
2023-11-16,19.950000762939453,19.950000762939453,19,17.665475845336914,5000
2023-11-17,19.229999542236328,19.299999237060547,19.229999542236328,17.906709671020508,4500
2023-11-20,18.700000762939453,19,18.440000534057617,17.489192962646484,3700
2023-11-21,17.93000030517578,18.850000381469727,17.93000030517578,16.951065063476562,6700
2023-11-22,18.170000076293945,18.440000534057617,18.170000076293945,17.108793258666992,4900
2023-11-24,18.799999237060547,18.850000381469727,18.770000457763672,17.46135902404785,2900
2023-11-27,19.200000762939453,19.200000762939453,18.34000015258789,17.34074592590332,1221000
2023-11-28,18.34000015258789,18.920000076293945,18.34000015258789,17.26651954650879,6900
2023-11-29,19,19.149999618530273,18.889999389648438,17.53558349609375,2700
2023-11-30,18.700000762939453,18.959999084472656,18.59000015258789,17.544864654541016,3900
2023-12-01,19.139999389648438,19.5,18.889999389648438,18.092267990112305,3700
2023-12-04,19.56999969482422,19.600000381469727,18.68000030517578,17.396413803100586,9000
2023-12-05,19.559999465942383,19.559999465942383,18.790000915527344,17.46135902404785,2400
2023-12-06,18.190000534057617,19.219999313354492,18.190000534057617,17.69331169128418,4800
2023-12-07,19.690000534057617,19.690000534057617,18.850000381469727,17.758258819580078,11200
2023-12-08,18.899999618530273,18.899999618530273,18.510000228881836,17.396413803100586,486700
2023-12-11,18.8799991607666,18.8799991607666,18.700000762939453,17.350021362304688,502200
2023-12-12,18.700000762939453,19,18.40999984741211,17.18301773071289,4500
2023-12-13,18.75,18.75,18.329999923706055,17.127347946166992,208300
2023-12-14,18.170000076293945,18.40999984741211,18.100000381469727,16.94178581237793,9300
2023-12-15,18.209999084472656,18.299999237060547,18.100000381469727,16.8026180267334,5300
2023-12-18,18.360000610351562,18.360000610351562,18.260000228881836,16.988178253173828,3100
2023-12-19,18.729999542236328,18.729999542236328,18.360000610351562,17.118072509765625,4000
2023-12-20,18.5,18.5,18.010000228881836,16.7098331451416,8500
2023-12-21,18,18.1299991607666,17.739999771118164,16.821170806884766,7400
2023-12-22,17.799999237060547,18.700000762939453,17.799999237060547,16.7005558013916,7200
2023-12-26,18.600000381469727,18.600000381469727,17.75,16.719112396240234,504700
2023-12-27,18.049999237060547,18.100000381469727,17.809999465942383,16.746944427490234,471300
2023-12-28,18.6200008392334,18.6200008392334,18,16.7005558013916,5600
2023-12-29,18.549999237060547,18.889999389648438,18.260000228881836,17.01601219177246,10700
2024-01-02,18.350000381469727,18.350000381469727,18,16.886119842529297,3900
2024-01-03,18.610000610351562,18.610000610351562,18,16.8118953704834,2600
2024-01-04,17.81999969482422,18.399999618530273,17.81999969482422,16.988178253173828,612700
2024-01-05,18.68000030517578,18.8799991607666,18.65999984741211,17.377857208251953,10100
2024-01-08,18.399999618530273,18.860000610351562,18.399999618530273,17.498472213745117,445200
2024-01-09,19.149999618530273,19.149999618530273,18.549999237060547,17.24796485900879,11600
2024-01-10,18.309999465942383,19.25,18.309999465942383,17.70258903503418,9200
2024-01-11,19.440000534057617,19.65999984741211,19.010000228881836,18.101547241210938,337800
2024-01-12,20,20,19.520000457763672,18.138660430908203,7400
2024-01-16,19.90999984741211,19.90999984741211,19.1299991607666,18.175771713256836,508100
2024-01-17,19.389999389648438,19.700000762939453,19.25,18.203609466552734,5100
2024-01-18,19.75,20,19.75,18.509784698486328,5900
2024-01-19,19.959999084472656,20.1200008392334,19.90999984741211,18.658231735229492,7900
2024-01-22,20.68000030517578,20.68000030517578,20.09000015258789,18.769569396972656,6900
2024-01-23,20.149999618530273,20.25,20.139999389648438,18.686065673828125,708500
2024-01-24,20.149999618530273,20.149999618530273,20.030000686645508,18.621118545532227,6800
2024-01-25,20,20.020000457763672,19.829999923706055,18.435558319091797,7600
2024-01-26,19.75,19.850000381469727,19.75,18.324220657348633,5200
2024-01-29,19.290000915527344,20.149999618530273,19.290000915527344,18.491226196289062,223900
2024-01-30,19.200000762939453,20.25,19.200000762939453,18.676788330078125,8600
2024-01-31,20.5,20.5,19.829999923706055,18.75101089477539,83100
2024-02-01,19.950000762939453,20.43000030517578,19.950000762939453,18.78812599182129,9400
2024-02-02,20.450000762939453,20.450000762939453,20,18.658231735229492,13400
2024-02-05,20.93000030517578,20.93000030517578,20.110000610351562,18.936574935913086,10700
2024-02-06,21.469999313354492,22.440000534057617,20.780000686645508,20.15200424194336,203000
2024-02-07,21.549999237060547,22.979999542236328,21.190000534057617,20.736522674560547,9200
2024-02-08,21.530000686645508,22.600000381469727,21.530000686645508,20.931364059448242,6700
2024-02-09,21.399999618530273,22.959999084472656,21.399999618530273,21.302486419677734,25300
2024-02-12,21.510000228881836,22.950000762939453,21.510000228881836,20.875696182250977,3200
2024-02-13,23.5,23.5,22.8799991607666,21.506607055664062,9900
2024-02-14,23.530000686645508,23.530000686645508,22.649999618530273,21.014867782592773,7600
2024-02-15,23.030000686645508,23.049999237060547,22.65999984741211,21.200429916381836,11000
2024-02-16,22.899999618530273,23.170000076293945,22.65999984741211,21.126203536987305,16000
2024-02-20,22.90999984741211,23.68000030517578,22.649999618530273,21.339599609375,7500
2024-02-21,23.149999618530273,23.149999618530273,22.639999389648438,21.005586624145508,7000
2024-02-22,22.59000015258789,23.889999389648438,22.59000015258789,22.02617835998535,11200
2024-02-23,23.770000457763672,24,23.469999313354492,21.803504943847656,9300
2024-02-26,23.979999542236328,24.760000228881836,23.110000610351562,22.03545570373535,8300
2024-02-27,24.81999969482422,24.81999969482422,23.5,22.03545570373535,10900
2024-02-28,24.559999465942383,24.559999465942383,23.719999313354492,22.081846237182617,7300
2024-02-29,24.280000686645508,24.75,23.940000534057617,22.9632625579834,231800
2024-03-01,24.850000381469727,25.219999313354492,24.31999969482422,22.78697967529297,7500
2024-03-04,23.899999618530273,24.639999389648438,23.899999618530273,22.62925148010254,6800
2024-03-05,24.030000686645508,24.8799991607666,24.030000686645508,22.97254180908203,9600
2024-03-06,25,25.6200008392334,25,23.436447143554688,19000
2024-03-07,25.219999313354492,25.219999313354492,24.59000015258789,23.065324783325195,8200
2024-03-08,25,25,24.270000457763672,22.592144012451172,208500
2024-03-11,23.860000610351562,23.860000610351562,23.5,21.924118041992188,164200
2024-03-12,23.700000762939453,23.770000457763672,23.690000534057617,22.03545570373535,5900
2024-03-13,23.700000762939453,23.700000762939453,23.239999771118164,21.562273025512695,4200
2024-03-14,23.25,24,23.1200008392334,21.469493865966797,8600
2024-03-15,24.350000381469727,24.350000381469727,23.40999984741211,21.794225692749023,9200
2024-03-18,23.600000381469727,24,23.600000381469727,22.091123580932617,286000
2024-03-19,24,24.600000381469727,24,22.555028915405273,8900
2024-03-20,24.5,24.670000076293945,24.360000610351562,22.889041900634766,503300
2024-03-21,25.6299991607666,25.6299991607666,25.030000686645508,23.325109481811523,8800
2024-03-22,25.329999923706055,25.6200008392334,25.329999923706055,23.686954498291016,9700
2024-03-25,26.020000457763672,26.020000457763672,25.209999084472656,23.501394271850586,19900
2024-03-26,25.5,25.5,25.299999237060547,23.501394271850586,6400
2024-03-27,24.670000076293945,25.5,24.670000076293945,23.640565872192383,8000
2024-03-28,25.3799991607666,25.450000762939453,25.1299991607666,23.713790893554688,35800
2024-04-01,25.440000534057617,25.75,23.049999237060547,22.71867561340332,20300
2024-04-02,22.700000762939453,24.59000015258789,22.700000762939453,22.681123733520508,7100
2024-04-03,24.450000762939453,24.450000762939453,23.90999984741211,22.71867561340332,205100
2024-04-04,24.170000076293945,24.43000030517578,24,22.568470001220703,7900
2024-04-05,23.809999465942383,24.15999984741211,23.809999465942383,22.62479591369629,207000
2024-04-08,24.510000228881836,24.520000457763672,24.329999923706055,22.97214698791504,5100
2024-04-09,23.399999618530273,24.899999618530273,23.399999618530273,23.12235450744629,406900
2024-04-10,24.6299991607666,24.700000762939453,24.31999969482422,22.831329345703125,15400
2024-04-11,25.420000076293945,25.420000076293945,24.40999984741211,23.394603729248047,29100
2024-04-12,24.889999389648438,25.190000534057617,24.43000030517578,22.93459701538086,21600
2024-04-15,24.690000534057617,24.690000534057617,24.170000076293945,22.69051170349121,6300
2024-04-16,22.979999542236328,24.43000030517578,22.979999542236328,22.2586669921875,138300
2024-04-17,22.709999084472656,24.100000381469727,22.709999084472656,22.023971557617188,205000
2024-04-18,23.260000228881836,23.700000762939453,23.229999542236328,21.977031707763672,484800
2024-04-19,22.6200008392334,23,22.350000381469727,21.4700870513916,11100
2024-04-22,22.780000686645508,23.200000762939453,22.719999313354492,21.676620483398438,266800
2024-04-23,23.059999465942383,23.389999389648438,22.899999618530273,21.761112213134766,402700
2024-04-24,23.860000610351562,23.860000610351562,23.200000762939453,21.83621597290039,511700
2024-04-25,23.450000762939453,23.450000762939453,22.25,21.12273597717285,109500
2024-04-26,22.8700008392334,23,22.479999542236328,21.291717529296875,201400
2024-04-29,23,23.40999984741211,22.649999618530273,21.629682540893555,4500
2024-04-30,23.100000381469727,23.790000915527344,22.540000915527344,21.31049346923828,11000
2024-05-01,23,23,22.700000762939453,21.582740783691406,4200
2024-05-02,22.5,23.190000534057617,22.5,21.695396423339844,86900
2024-05-03,23.25,23.989999771118164,23.09000015258789,21.695396423339844,10100
2024-05-06,23.6200008392334,23.719999313354492,23.139999389648438,21.826826095581055,2700
2024-05-07,23.329999923706055,23.329999923706055,23.149999618530273,21.732948303222656,215500
2024-05-08,24.049999237060547,24.049999237060547,22.899999618530273,22.24928092956543,1009500
2024-05-09,23.360000610351562,23.360000610351562,22.739999771118164,21.39498519897461,5300
2024-05-10,20.600000381469727,23,20.600000381469727,20.559459686279297,18100
2024-05-13,22,22,21.549999237060547,20.230886459350586,10200
2024-05-14,21.68000030517578,21.93000030517578,21.649999618530273,20.58762550354004,5900
2024-05-15,21.219999313354492,22,21.190000534057617,20.559459686279297,72800
2024-05-16,21.709999084472656,21.709999084472656,21.600000381469727,20.296602249145508,8800
2024-05-17,23.540000915527344,23.540000915527344,21.209999084472656,20.550071716308594,179300
2024-05-20,22.600000381469727,22.600000381469727,22.06999969482422,20.756608963012695,2200
2024-05-21,22.110000610351562,22.350000381469727,21.899999618530273,20.765995025634766,7100
2024-05-22,21.5,22.290000915527344,21.5,20.39986801147461,4700
2024-05-23,22.43000030517578,22.43000030517578,21.5,20.2778263092041,95700
2024-05-24,22.280000686645508,22.280000686645508,21.600000381469727,20.390480041503906,1600
2024-05-28,21.709999084472656,21.93000030517578,21.34000015258789,20.418643951416016,7300
2024-05-29,21.719999313354492,21.719999313354492,21.25,20.090068817138672,3700
2024-05-30,21.75,21.860000610351562,21,19.977413177490234,13600
2024-05-31,21.600000381469727,21.670000076293945,21.43000030517578,20.34354019165039,1500
2024-06-03,20.549999237060547,21.520000457763672,20.549999237060547,20.11823081970215,6700
2024-06-04,21.610000610351562,21.610000610351562,21.010000228881836,20.099458694458008,5900
2024-06-05,21.299999237060547,21.299999237060547,20.65999984741211,19.82720947265625,6800
2024-06-06,21.100000381469727,21.389999389648438,20.899999618530273,19.761491775512695,4600
2024-06-07,20.799999237060547,20.829999923706055,20.5,19.4798583984375,6100
2024-06-10,20.170000076293945,20.899999618530273,20.170000076293945,19.36720085144043,9700
2024-06-11,19.979999542236328,21.260000228881836,19.979999542236328,19.26393699645996,49500
2024-06-12,21.31999969482422,21.31999969482422,20.010000228881836,19.348426818847656,5700
2024-06-13,21.25,21.25,19.850000381469727,18.803930282592773,14500
2024-06-14,20.200000762939453,20.610000610351562,19.600000381469727,18.512903213500977,22800
2024-06-17,19.600000381469727,19.600000381469727,19.420000076293945,18.39086151123047,6400
2024-06-18,19.600000381469727,19.600000381469727,17.950000762939453,18.221879959106445,10200
2024-06-20,20.799999237060547,20.799999237060547,19.219999313354492,18.221879959106445,4700
2024-06-21,20.5,20.5,19.100000381469727,18.156164169311523,4400
2024-06-24,19.299999237060547,19.93000030517578,18.399999618530273,18.672496795654297,3900
2024-06-25,19.93000030517578,20.649999618530273,19.899999618530273,19.36720085144043,4600
2024-06-26,20.6299991607666,20.6299991607666,20.139999389648438,19.03862762451172,3300
2024-06-27,19.469999313354492,20.700000762939453,18.950000762939453,19.15127944946289,24500
2024-06-28,20.75,21.700000762939453,20.299999237060547,19.320261001586914,1800
2024-07-01,19,20.700000762939453,19,19.292097091674805,2200
2024-07-02,20.600000381469727,20.649999618530273,20.520000457763672,19.357812881469727,3000
2024-07-03,20.010000228881836,20.700000762939453,20.010000228881836,19.376588821411133,2100
2024-07-05,20.989999771118164,20.989999771118164,20.549999237060547,19.348426818847656,5500
2024-07-08,20.56999969482422,20.600000381469727,20.420000076293945,19.188831329345703,8900
2024-07-09,18.950000762939453,20.43000030517578,18.950000762939453,18.92597007751465,12300
2024-07-10,20,20.75,20,19.432918548583984,3200
2024-07-11,20.030000686645508,21.110000610351562,20.030000686645508,19.160667419433594,55100
2024-07-12,19.200000762939453,20.8799991607666,19.200000762939453,19.245159149169922,238100
2024-07-15,20.700000762939453,20.989999771118164,19.350000381469727,19.432918548583984,8300
2024-07-16,20.989999771118164,21.1299991607666,20.5,19.4798583984375,6000
2024-07-17,19,20.799999237060547,19,18.982297897338867,5400
2024-07-18,18.489999771118164,20.989999771118164,18.489999771118164,18.49412727355957,51900
2024-07-19,19.649999618530273,20.1200008392334,19.639999389648438,18.888418197631836,3300
2024-07-22,20.1299991607666,20.760000228881836,19.850000381469727,18.747600555419922,3400
2024-07-23,19.969999313354492,20.3700008392334,19.290000915527344,19.104341506958008,8400
2024-07-24,20.3700008392334,20.3799991607666,19.530000686645508,18.49412727355957,6700
2024-07-25,19.3799991607666,20.049999237060547,19.3799991607666,18.484739303588867,10800
2024-07-26,20.100000381469727,20.100000381469727,19.030000686645508,18.090450286865234,13800
2024-07-29,20,20,19.110000610351562,18.04351043701172,15200
2024-07-30,19.799999237060547,19.799999237060547,19.280000686645508,18.128000259399414,1400
2024-07-31,19.329999923706055,19.510000228881836,19.020000457763672,18.090450286865234,422600
2024-08-01,18.25,19.149999618530273,16.700000762939453,16.926353454589844,93800
2024-08-02,18.030000686645508,18.25,17.139999389648438,16.287975311279297,26900
2024-08-05,16.850000381469727,17,14.449999809265137,15.921847343444824,46900
2024-08-06,17,17.5,16.719999313354492,15.771642684936523,27400
2024-08-07,17.989999771118164,18,16.549999237060547,15.64021110534668,165600
2024-08-08,18.049999237060547,18.049999237060547,16.549999237060547,16.01572608947754,29300
2024-08-09,17.079999923706055,17.899999618530273,16.110000610351562,15.705927848815918,9900
2024-08-12,17,17.049999237060547,16.799999237060547,15.818580627441406,16800
2024-08-13,18.399999618530273,18.399999618530273,16.899999618530273,16.24103355407715,407200
2024-08-14,17.899999618530273,17.899999618530273,17.510000228881836,16.654102325439453,452800
2024-08-15,17.139999389648438,18.43000030517578,17.139999389648438,17.179824829101562,58100
2024-08-16,16.649999618530273,18.399999618530273,16.649999618530273,17.151660919189453,27700
2024-08-19,18,18.520000457763672,18,17.376970291137695,202300
2024-08-20,18.75,18.75,17.68000030517578,17.161048889160156,3900
2024-08-21,19.75,19.75,18,17.039005279541016,5000
2024-08-22,18.139999389648438,18.489999771118164,18.139999389648438,17.10472297668457,10000
2024-08-23,18.100000381469727,18.639999389648438,17.31999969482422,17.217376708984375,155100
2024-08-26,18.5,18.5,18.100000381469727,17.00145721435547,12400
2024-08-27,18.5,18.6200008392334,18.1299991607666,17.480236053466797,1500
2024-08-28,18.68000030517578,19,18.18000030517578,17.58350372314453,6700
2024-08-29,18.950000762939453,19.049999237060547,18.940000534057617,17.883914947509766,12200
2024-08-30,18.010000228881836,19.149999618530273,18.010000228881836,17.780651092529297,2500
2024-09-03,19.950000762939453,19.950000762939453,17.649999618530273,17.461462020874023,194300
2024-09-04,18.469999313354492,18.559999465942383,18.450000762939453,17.32064437866211,4100
2024-09-05,17.440000534057617,18.979999542236328,17.440000534057617,17.264314651489258,102100
2024-09-06,18.540000915527344,18.559999465942383,17.530000686645508,17.085947036743164,242800
2024-09-09,18.31999969482422,18.31999969482422,17.149999618530273,16.316139221191406,242400
2024-09-10,16,17.600000381469727,16,16.38185691833496,141000
2024-09-11,16.290000915527344,17.389999389648438,16.290000915527344,16.23164939880371,156900
2024-09-12,17.84000015258789,17.84000015258789,17.110000610351562,16.269201278686523,21400
2024-09-13,17.1200008392334,18.139999389648438,17.1200008392334,16.588388442993164,74800
2024-09-16,17.65999984741211,17.75,17.5,16.66349220275879,307400
2024-09-17,15.800000190734863,17.489999771118164,15.800000190734863,16.194095611572266,223700
2024-09-18,17.020000457763672,17.709999084472656,17.020000457763672,16.39124298095703,7200
2024-09-19,18,18.5,17.729999542236328,17.27370262145996,348100
2024-09-20,16.790000915527344,18.520000457763672,16.790000915527344,17.376970291137695,725900
2024-09-23,18.25,18.549999237060547,18.25,17.41452407836914,3600
2024-09-24,18.5,18.5,18.15999984741211,17.19860076904297,4100
2024-09-25,16.979999542236328,18.579999923706055,16.979999542236328,17.283090591430664,504700
2024-09-26,18.5,18.989999771118164,18.360000610351562,17.827587127685547,137200
2024-09-27,17.899999618530273,19,17.899999618530273,17.576093673706055,6800
2024-09-30,17.989999771118164,18.5,17.31999969482422,16.81398582458496,2300
2024-10-01,17.360000610351562,18.5,17.360000610351562,17.14740753173828,14300
2024-10-02,18.3700008392334,18.399999618530273,17.829999923706055,17.528461456298828,336200
2024-10-03,16.25,19.149999618530273,16.25,16.57582664489746,107700
2024-10-04,17.989999771118164,18.889999389648438,17.850000381469727,17.004512786865234,775400
2024-10-07,19,19,17.40999984741211,16.842565536499023,7200
2024-10-08,17.549999237060547,17.93000030517578,17.420000076293945,17.08072280883789,3800
2024-10-09,17.5,17.5,17.31999969482422,16.671091079711914,28700
2024-10-10,17.100000381469727,17.510000228881836,16.34000015258789,16.442459106445312,35600
2024-10-11,17.350000381469727,18,17.260000228881836,16.74730110168457,5100
2024-10-14,17.600000381469727,18.329999923706055,17.260000228881836,16.81398582458496,7400
2024-10-15,17.899999618530273,17.899999618530273,16.940000534057617,16.137615203857422,37600
2024-10-16,15.649999618530273,17.420000076293945,15.649999618530273,16.17572021484375,2100
2024-10-17,16.979999542236328,17.559999465942383,16.940000534057617,16.242403030395508,5100
2024-10-18,17.200000762939453,17.450000762939453,17.149999618530273,16.34719467163086,846900
2024-10-21,17.850000381469727,17.850000381469727,15.619999885559082,16.509143829345703,7200
2024-10-22,17.219999313354492,17.219999313354492,16.950000762939453,16.261457443237305,2300
2024-10-23,17.260000228881836,17.309999465942383,17,16.194774627685547,5000
2024-10-24,16.950000762939453,17.799999237060547,16.950000762939453,16.22335433959961,8400
2024-10-25,15.850000381469727,17.59000015258789,15.850000381469727,16.261457443237305,6900
2024-10-28,18.469999313354492,18.469999313354492,17.139999389648438,16.328142166137695,37800
2024-10-29,17.059999465942383,17.719999313354492,16.299999237060547,16.48056411743164,104300
2024-10-30,17.700000762939453,17.860000610351562,17.610000610351562,16.775882720947266,135900
2024-10-31,17.360000610351562,17.479999542236328,17.260000228881836,16.51866912841797,105700
2024-11-01,17.729999542236328,17.729999542236328,17.290000915527344,16.57582664489746,2400
2024-11-04,18,18,17.25,16.57582664489746,6500
2024-11-05,17.31999969482422,17.420000076293945,17.31999969482422,16.594881057739258,8700
2024-11-06,16.299999237060547,17.510000228881836,16.299999237060547,16.442459106445312,811500
2024-11-07,16.850000381469727,18,16.850000381469727,16.87114143371582,519100
2024-11-08,18.110000610351562,18.110000610351562,17.25,16.54724884033203,9200
2024-11-11,17,17.5,17,16.451984405517578,5800
2024-11-12,17.639999389648438,17.700000762939453,17.399999618530273,16.690143585205078,6000
2024-11-13,17.25,17.280000686645508,17.1299991607666,16.318614959716797,160300
2024-11-14,17.5,17.790000915527344,17.200000762939453,16.718721389770508,3800
2024-11-15,17.399999618530273,17.399999618530273,17.09000015258789,16.2805118560791,1600
2024-11-18,17.260000228881836,17.790000915527344,15.880000114440918,16.671091079711914,7600
2024-11-19,17.5,17.920000076293945,17.079999923706055,16.366247177124023,293700
2024-11-20,18,18,17.15999984741211,16.499616622924805,5300
2024-11-21,17.190000534057617,17.809999465942383,17.190000534057617,16.718721389770508,7600
2024-11-22,15.800000190734863,17.520000457763672,15.800000190734863,16.537723541259766,209000
2024-11-25,16,17.75,16,16.909250259399414,253800
2024-11-26,17.8799991607666,18,17.139999389648438,16.65203857421875,14700
2024-11-27,17,17.479999542236328,16.93000030517578,16.166196823120117,19000
2024-11-29,15.979999542236328,17.5,15.979999542236328,16.48056411743164,8200
2024-12-02,17.299999237060547,17.59000015258789,17.100000381469727,16.671091079711914,13900
2024-12-03,17.010000228881836,17.719999313354492,17.010000228881836,16.804458618164062,4000
2024-12-04,17.43000030517578,17.6200008392334,17.260000228881836,16.68061637878418,559800
2024-12-05,16.049999237060547,17.6299991607666,16.049999237060547,16.61393165588379,3400
2024-12-06,17.399999618530273,17.59000015258789,17.18000030517578,16.623458862304688,10600
2024-12-09,16.049999237060547,17.829999923706055,16.049999237060547,16.623458862304688,20300
2024-12-10,17.459999084472656,17.799999237060547,17.459999084472656,16.861618041992188,5000
2024-12-11,17.600000381469727,17.729999542236328,17.18000030517578,16.775882720947266,6000
2024-12-12,17.3799991607666,17.760000228881836,17.260000228881836,16.718721389770508,5700
2024-12-13,17.5,17.780000686645508,17.100000381469727,16.366247177124023,5000
2024-12-16,18,18,17.260000228881836,16.442459106445312,1700
2024-12-17,17.299999237060547,17.760000228881836,16.81999969482422,16.58535385131836,6700
2024-12-18,17.6299991607666,17.889999389648438,17.360000610351562,16.671091079711914,141100
2024-12-19,17.389999389648438,17.5,17.3799991607666,16.556772232055664,5600
2024-12-20,17.600000381469727,18,17.459999084472656,17.14740753173828,25900
2024-12-23,18,18.3700008392334,17.8700008392334,17.14740753173828,3900
2024-12-24,18,18.09000015258789,17.899999618530273,17.099777221679688,3800
2024-12-26,19.510000228881836,19.709999084472656,19.329999923706055,18.690673828125,649000
2024-12-27,19.190000534057617,22.530000686645508,19.190000534057617,18.95741081237793,312700
2024-12-30,19.600000381469727,19.84000015258789,19.360000610351562,18.719253540039062,355500
2024-12-31,21.639999389648438,21.639999389648438,19.360000610351562,18.709726333618164,11200
2025-01-02,19.639999389648438,20.760000228881836,19,18.10004234313965,2300
2025-01-03,21,21,19,18.4620418548584,1254600
2025-01-06,18.5,20.360000610351562,18.5,18.83357048034668,70500
2025-01-07,20.850000381469727,20.850000381469727,19.399999618530273,18.566829681396484,2276100
2025-01-08,20.200000762939453,20.200000762939453,19,18.35725212097168,1060100
2025-01-10,19.280000686645508,19.600000381469727,18.190000534057617,18.004777908325195,5000
2025-01-13,19.899999618530273,19.899999618530273,18.06999969482422,17.38556671142578,15800
2025-01-14,18.489999771118164,18.90999984741211,18.18000030517578,17.59514617919922,17200
2025-01-15,18.75,18.850000381469727,18.010000228881836,17.795196533203125,603300
2025-01-16,19.1299991607666,19.1299991607666,18.06999969482422,17.280776977539062,410100
2025-01-17,18,18.510000228881836,18,17.252197265625,4300
2025-01-21,19.579999923706055,19.579999923706055,18.440000534057617,17.61419677734375,107900
2025-01-22,19.200000762939453,19.200000762939453,18.059999465942383,17.35698890686035,11300
2025-01-23,17.350000381469727,18.809999465942383,17.350000381469727,17.776147842407227,5700
2025-01-24,16.950000762939453,18.729999542236328,16.950000762939453,17.62372398376465,2700
2025-01-27,18.540000915527344,18.729999542236328,18.540000915527344,17.766618728637695,262400
2025-01-28,18.520000457763672,18.649999618530273,18.450000762939453,17.699935913085938,4300
2025-01-29,18.600000381469727,18.989999771118164,18.600000381469727,17.823776245117188,5200
2025-01-30,18.600000381469727,19,18.600000381469727,18.10004234313965,177200
2025-01-31,18.010000228881836,19.290000915527344,18.010000228881836,17.9666748046875,7400
2025-02-03,16.600000381469727,19.25,16.600000381469727,17.471303939819336,1048400
2025-02-04,19.1200008392334,19.200000762939453,18.600000381469727,17.7189884185791,378200
2025-02-05,21.030000686645508,21.030000686645508,17.649999618530273,18.690673828125,32800
2025-02-06,19.489999771118164,19.489999771118164,18.579999923706055,17.804725646972656,510800
2025-02-07,19.100000381469727,19.670000076293945,19.100000381469727,18.242935180664062,2900
2025-02-10,20.049999237060547,20.049999237060547,18.3799991607666,17.652305603027344,3700
2025-02-11,19,19,18.459999084472656,17.61419677734375,12000
2025-02-12,18.309999465942383,18.56999969482422,18.010000228881836,17.38556671142578,6300
2025-02-13,18.56999969482422,18.600000381469727,18.190000534057617,17.442724227905273,5200
2025-02-14,18.809999465942383,18.809999465942383,18.3799991607666,17.557039260864258,3200
2025-02-18,17.450000762939453,18.899999618530273,17.450000762939453,17.528461456298828,20800
2025-02-19,16.5,18.399999618530273,16.5,17.366512298583984,472300
2025-02-20,18,18.18000030517578,17.860000610351562,17.214092254638672,8800
2025-02-21,18.09000015258789,18.09000015258789,17.700000762939453,17.137880325317383,7600
2025-02-24,17.6299991607666,17.989999771118164,17.579999923706055,16.918777465820312,10400
2025-02-25,17.6200008392334,18.010000228881836,17.6200008392334,17.042617797851562,79300
2025-02-26,17.799999237060547,18.229999542236328,17.799999237060547,17.166460037231445,4300
2025-02-27,17.260000228881836,18.299999237060547,17.260000228881836,17.404619216918945,4900
2025-02-28,18.299999237060547,18.450000762939453,17.790000915527344,17.214092254638672,48800
2025-03-03,18.600000381469727,19,18.420000076293945,17.7475643157959,559300
2025-03-04,20.049999237060547,20.049999237060547,17.790000915527344,17.61419677734375,44400
2025-03-05,18.709999084472656,19.34000015258789,18.709999084472656,18.328672409057617,598700
2025-03-06,20.049999237060547,20.049999237060547,18.610000610351562,17.766618728637695,1806300
2025-03-07,18,19.139999389648438,18,18.061933517456055,6400
2025-03-10,19.34000015258789,19.34000015258789,18,18.214359283447266,18200
2025-03-11,19,19,18.1200008392334,17.766618728637695,13400
2025-03-12,18.3799991607666,18.5,18.079999923706055,17.50940704345703,1800
2025-03-13,18.3799991607666,18.3799991607666,18.149999618530273,17.433197021484375,1545800
2025-03-14,18.450000762939453,18.450000762939453,18.450000762939453,17.576093673706055,54100
2025-03-17,18.75,18.950000762939453,18.479999542236328,17.89046287536621,700700
2025-03-18,19.139999389648438,19.139999389648438,18.079999923706055,18.11909294128418,11400
2025-03-19,19.020000457763672,19.299999237060547,19.020000457763672,18.166725158691406,18800
2025-03-20,18.75,19.229999542236328,18.75,17.938093185424805,3500
2025-03-21,19.420000076293945,19.420000076293945,18.75,18.414411544799805,1182100
2025-03-24,19.5,19.5,18.899999618530273,18.2238826751709,5400
2025-03-25,19,19.40999984741211,18.079999923706055,18.35725212097168,34800
2025-03-26,19.149999618530273,19.149999618530273,18.809999465942383,18.004777908325195,2600
2025-03-27,18,18.899999618530273,18,17.51893424987793,11500
2025-03-28,18,18.1299991607666,17.75,17.461700439453125,22800
2025-03-31,15.899999618530273,18.25,15.899999618530273,17.461700439453125,17200
2025-04-01,16.350000381469727,18.56999969482422,16.350000381469727,16.899045944213867,11200
2025-04-02,17.149999618530273,18.1200008392334,17.149999618530273,17.316184997558594,6300
2025-04-03,15.199999809265137,17.639999389648438,15.199999809265137,16.297584533691406,15700
2025-04-04,16.5,16.889999389648438,15.84000015258789,15.531211853027344,1012600
2025-04-07,15.010000228881836,17,13.949999809265137,15.511809349060059,956800
2025-04-08,18.299999237060547,18.299999237060547,15.819999694824219,15.346893310546875,39900
2025-04-09,16.5,17.43000030517578,15.819999694824219,16.86994171142578,11200
2025-04-10,18,18,16.5,16.152070999145508,6800
2025-04-11,16.989999771118164,16.989999771118164,16.649999618530273,16.152070999145508,246500
2025-04-14,16.799999237060547,17.649999618530273,16.75,16.58861541748047,36800
2025-04-15,17.860000610351562,18.450000762939453,17.389999389648438,17.442296981811523,6500
2025-04-16,18.450000762939453,18.450000762939453,17.5,17.316184997558594,5000
2025-04-17,15.899999618530273,18,15.899999618530273,16.78263282775879,8200
2025-04-21,16.780000686645508,18.420000076293945,16.780000686645508,17.190073013305664,8500
2025-04-22,17.649999618530273,18.200000762939453,17.260000228881836,17.57811164855957,3200
2025-04-23,18.1200008392334,18.3799991607666,18.1200008392334,17.752727508544922,12200
2025-04-24,18.260000228881836,18.600000381469727,17.510000228881836,18.04375648498535,17100
2025-04-25,18.75,18.799999237060547,18.6299991607666,18.072856903076172,4100
2025-04-28,18,19.399999618530273,18,18.703420639038086,15400
2025-04-29,19,19.670000076293945,18.8799991607666,19.081756591796875,6100
2025-04-30,20,20,18.700000762939453,18.674318313598633,3000
2025-05-01,20.75,20.75,18.899999618530273,18.46089744567871,3900
2025-05-02,19.600000381469727,19.600000381469727,18.31999969482422,18.53850555419922,6900
2025-05-05,17.700000762939453,19.770000457763672,17.700000762939453,18.868337631225586,10100
2025-05-06,19.309999465942383,19.799999237060547,19.030000686645508,18.46089744567871,1800
2025-05-07,19.420000076293945,19.420000076293945,18.31999969482422,17.77212905883789,4200
2025-05-08,20,20,18.889999389648438,18.664615631103516,3500
2025-05-09,19,19,18.469999313354492,18.111663818359375,174400
2025-05-12,19,19.670000076293945,18.40999984741211,18.276578903198242,17600
2025-05-13,19.25,19.280000686645508,18.93000030517578,18.596710205078125,10300
2025-05-14,19,19.06999969482422,18.65999984741211,18.49970054626465,924500
2025-05-15,20.3799991607666,20.3799991607666,18.079999923706055,17.77212905883789,569800
2025-05-16,18.700000762939453,18.700000762939453,18,17.840036392211914,2100
2025-05-19,19.1200008392334,19.1200008392334,18.200000762939453,18.121362686157227,412500
2025-05-20,18.770000457763672,19.18000030517578,18.350000381469727,17.927345275878906,3700
2025-05-21,18.479999542236328,18.799999237060547,18.079999923706055,17.898242950439453,3400
2025-05-22,18.040000915527344,18.299999237060547,18.020000457763672,17.752727508544922,517000
2025-05-23,18.700000762939453,18.700000762939453,18.329999923706055,17.781831741333008,4504000
2025-05-27,16.450000762939453,18.860000610351562,16.450000762939453,18.04375648498535,6200
2025-05-28,18.100000381469727,18.799999237060547,18.100000381469727,17.655719757080078,402700
2025-05-29,18.5,18.75,18.479999542236328,18.04375648498535,1043600
2025-05-30,18.8799991607666,19.139999389648438,18.549999237060547,18.04375648498535,17800
2025-06-02,19.360000610351562,19.360000610351562,18.6299991607666,18.33478355407715,6700
2025-06-03,19.239999771118164,19.239999771118164,19.239999771118164,18.664615631103516,800
2025-06-04,19.239999771118164,19.690000534057617,18.649999618530273,18.315380096435547,2103200
2025-06-05,18.700000762939453,18.799999237060547,18.399999618530273,17.966148376464844,435000
2025-06-06,18.5,18.8799991607666,18.25,18.315380096435547,8000
2025-06-09,18.8799991607666,18.8799991607666,18.260000228881836,18.05345916748047,220800
2025-06-10,18.610000610351562,18.670000076293945,18.469999313354492,18.072856903076172,282800
2025-06-11,18.6299991607666,18.6299991607666,18.219999313354492,17.733327865600586,440900
2025-06-12,18.709999084472656,18.709999084472656,18.200000762939453,17.985551834106445,10200
2025-06-13,18,18.610000610351562,17.829999923706055,17.946746826171875,724900
2025-06-16,17.770000457763672,18.239999771118164,17.600000381469727,17.07366180419922,479800
2025-06-17,17.600000381469727,18.600000381469727,17.31999969482422,17.26767921447754,2800
2025-06-18,18.170000076293945,18.170000076293945,17.489999771118164,17.09306526184082,103600
2025-06-20,17.6200008392334,18.299999237060547,15.600000381469727,16.763233184814453,9300
2025-06-23,16.75,18.5,16.75,16.491605758666992,1207900
2025-06-24,18.399999618530273,18.5,17.010000228881836,16.772933959960938,500100
2025-06-25,17.079999923706055,17.81999969482422,16.90999984741211,17.05426025390625,178600
2025-06-26,17.299999237060547,18.1200008392334,16.799999237060547,16.58861541748047,14800
2025-06-27,17.309999465942383,17.799999237060547,17.18000030517578,16.976652145385742,369300
2025-06-30,18.709999084472656,18.709999084472656,16.989999771118164,16.976652145385742,12000
2025-07-01,16.5,17.600000381469727,16.5,16.734128952026367,2700
2025-07-02,17.139999389648438,18.25,17.09000015258789,16.937847137451172,709400
2025-07-03,17.1299991607666,17.459999084472656,17.1299991607666,16.879642486572266,3500
2025-07-07,17.079999923706055,17.799999237060547,16.65999984741211,16.161771774291992,964300
2025-07-08,18.270000457763672,18.270000457763672,16.5,16.5498104095459,10600
2025-07-09,17.25,17.270000457763672,16.979999542236328,16.491605758666992,19500
2025-07-10,17.5,17.5,16.850000381469727,16.54010772705078,9700
2025-07-11,16.690000534057617,17.3799991607666,16.690000534057617,16.46250343322754,12500
2025-07-14,17.59000015258789,17.59000015258789,16.5,16.65652084350586,108400
2025-07-15,17.110000610351562,17.360000610351562,17.030000686645508,16.520709991455078,14200
2025-07-16,16.860000610351562,16.989999771118164,16.850000381469727,16.34609031677246,1300
2025-07-17,17.020000457763672,17.229999542236328,16.920000076293945,16.53040885925293,1900
2025-07-18,16.93000030517578,16.979999542236328,16.899999618530273,16.404294967651367,13900
2025-07-21,17.329999923706055,17.329999923706055,16.81999969482422,16.569211959838867,15000
2025-07-22,17.299999237060547,17.299999237060547,16.969999313354492,16.61771583557129,261500
2025-07-23,17.799999237060547,19.280000686645508,17.600000381469727,18.703420639038086,25800
2025-07-24,19.389999389648438,19.389999389648438,19.030000686645508,18.703420639038086,33900
2025-07-25,19,19.200000762939453,18.760000228881836,18.557905197143555,6100
2025-07-28,19.100000381469727,19.170000076293945,18.75,18.37359046936035,117500
2025-07-29,18.75,18.989999771118164,18.100000381469727,18.42209243774414,4500
2025-07-30,18.520000457763672,19.34000015258789,18.520000457763672,18.198970794677734,1000
2025-07-31,18.020000457763672,18.65999984741211,18,17.461700439453125,1516700
2025-08-01,18.5,19.239999771118164,17.8700008392334,17.335588455200195,2200
2025-08-04,18,19.010000228881836,18,18.44149398803711,7400
2025-08-05,19,19,18.190000534057617,17.646018981933594,856100
2025-08-06,17.299999237060547,19.389999389648438,17.299999237060547,18.810131072998047,10000
2025-08-07,18.350000381469727,18.350000381469727,17.790000915527344,17.461700439453125,19500
2025-08-08,17.5,19.100000381469727,17.5,17.713924407958984,5500
2025-08-11,18.260000228881836,18.940000534057617,17.59000015258789,17.95644760131836,49000
2025-08-12,17.899999618530273,19.3700008392334,17.899999618530273,18.65491485595703,10500
2025-08-13,19,19.399999618530273,18.5,18.431795120239258,4600
2025-08-14,17.600000381469727,19.030000686645508,17.600000381469727,18.383289337158203,3500
2025-08-15,18.959999084472656,19.200000762939453,18.959999084472656,18.48029899597168,3400
2025-08-18,19.5,21.25,18.770000457763672,19.178768157958984,18000
2025-08-19,19.25,19.850000381469727,18.780000686645508,18.771326065063477,4400
2025-08-20,19.850000381469727,19.850000381469727,19.5,19.246673583984375,4200
2025-08-21,19.799999237060547,19.799999237060547,18.600000381469727,18.04375648498535,23500
2025-08-22,17.850000381469727,20.139999389648438,17.850000381469727,19.207868576049805,10300
2025-08-25,18.75,19.920000076293945,18.75,18.916841506958008,10600
2025-08-26,19.700000762939453,20.479999542236328,19.579999923706055,18.994449615478516,3300
2025-08-27,19.75,19.850000381469727,19.579999923706055,18.994449615478516,1100
2025-08-28,17.899999618530273,20.450000762939453,17.899999618530273,19.498897552490234,503400
2025-08-29,20.059999465942383,20.059999465942383,19.5,19.178768157958984,1500
2025-09-02,20,20.100000381469727,18.940000534057617,18.81983184814453,8700
2025-09-03,18.5,20.899999618530273,18.5,19.062355041503906,2800
2025-09-04,20.520000457763672,20.579999923706055,19.739999771118164,19.149662017822266,5400
2025-09-05,20.829999923706055,20.829999923706055,19.920000076293945,19.38248634338379,112600
2025-09-08,20.09000015258789,20.34000015258789,20.09000015258789,19.731719970703125,7500
2025-09-09,19.920000076293945,20.209999084472656,19.920000076293945,19.605606079101562,5100
2025-09-10,20.030000686645508,20.100000381469727,19.709999084472656,19.498897552490234,5300
2025-09-11,20.219999313354492,20.219999313354492,20.219999313354492,19.61530876159668,2400
2025-09-12,20,20.09000015258789,19.559999465942383,18.975046157836914,2300
2025-09-15,19.600000381469727,19.790000915527344,19.5,19.11086082458496,2500
2025-09-16,19.68000030517578,19.93000030517578,19.510000228881836,19.333980560302734,2400
2025-09-17,18.600000381469727,20.329999923706055,18.600000381469727,19.48919677734375,3200
2025-09-18,19,20.18000030517578,19,19.295177459716797,14200
2025-09-19,19.760000228881836,19.950000762939453,19.760000228881836,19.285476684570312,1500
2025-09-22,19.5,20.229999542236328,19.5,19.401887893676758,7800
2025-09-23,18.299999237060547,20.209999084472656,18.299999237060547,19.25637435913086,175200
2025-09-24,20.760000228881836,20.760000228881836,19.59000015258789,19.23697280883789,3300
2025-09-25,20,20,19.75,19.178768157958984,2200
2025-09-26,19.65999984741211,19.65999984741211,19.56999969482422,18.9847469329834,3900
2025-09-29,19.700000762939453,20.219999313354492,19.639999389648438,19.70496368408203,2500
2025-09-30,19.600000381469727,19.760000228881836,19.020000457763672,18.739421844482422,130800
2025-10-01,17.84000015258789,19.75,17.84000015258789,19.09410858154297,1103300
2025-10-02,19.5,19.600000381469727,18.729999542236328,18.79853630065918,404300
2025-10-03,19.1299991607666,19.420000076293945,19,19.133520126342773,12900
2025-10-06,19.5,19.829999923706055,19.440000534057617,19.537471771240234,1200
2025-10-07,18.649999618530273,20.020000457763672,18.649999618530273,19.50791358947754,3100
2025-10-08,17.950000762939453,19.549999237060547,17.950000762939453,19.2616024017334,1300
2025-10-09,19.3700008392334,19.3799991607666,19.15999984741211,18.975881576538086,3800
2025-10-10,18.889999389648438,19.729999542236328,18.770000457763672,18.79853630065918,703100
2025-10-13,18.649999618530273,19,18.649999618530273,18.52266502380371,1204000
2025-10-14,18.799999237060547,19.110000610351562,18.799999237060547,18.828094482421875,1002800
2025-10-15,19.329999923706055,19.329999923706055,18.979999542236328,19.015289306640625,1123200
2025-10-16,19.540000915527344,19.6299991607666,19.420000076293945,19.133520126342773,2100
2025-10-17,19.889999389648438,19.889999389648438,19.520000457763672,19.369979858398438,1001400
2025-10-20,18.200000762939453,20,18.200000762939453,19.064552307128906,471300
2025-10-21,20,20.200000762939453,19.81999969482422,19.892162322998047,5600
2025-10-22,20.079999923706055,20.399999618530273,20.059999465942383,19.902013778686523,5200
2025-10-23,20.399999618530273,20.399999618530273,20.059999465942383,20.099063873291016,1300
2025-10-24,20.399999618530273,20.649999618530273,20,20.345375061035156,5200
2025-10-27,19.25,20.920000076293945,19.25,20.611392974853516,301100
2025-10-28,20.920000076293945,20.959999084472656,20.56999969482422,20.493162155151367,3700
2025-10-29,20.799999237060547,20.799999237060547,20.549999237060547,20.473459243774414,3500
2025-10-30,20.5,21,20.079999923706055,20.197587966918945,2800
2025-10-31,20.079999923706055,20.649999618530273,20.079999923706055,19.783784866333008,2100
2025-11-03,20.149999618530273,20.6200008392334,20.149999618530273,20.315818786621094,2263900
2025-11-04,21,21,19.899999618530273,20.32567024230957,2800
2025-11-05,20.329999923706055,20.329999923706055,19.260000228881836,19.82319450378418,4600
2025-11-06,20.299999237060547,20.3700008392334,20.059999465942383,20.069507598876953,3300
2025-11-07,20.450000762939453,20.450000762939453,19.90999984741211,19.783784866333008,1500
2025-11-10,20.3799991607666,20.75,20.020000457763672,19.72467041015625,252000
2025-11-11,20.309999465942383,20.600000381469727,20.18000030517578,20.296113967895508,2200
2025-11-12,20.459999084472656,20.780000686645508,20.299999237060547,20.365079879760742,10000
2025-11-13,20.290000915527344,20.290000915527344,20.290000915527344,19.990686416625977,2300
2025-11-14,20.600000381469727,20.600000381469727,20.3799991607666,20.256702423095703,1900
2025-11-17,19.8799991607666,20.700000762939453,19.65999984741211,19.754226684570312,1900
2025-11-18,19.700000762939453,20.450000762939453,19.40999984741211,19.586732864379883,34700
2025-11-19,18.5,20.520000457763672,18.5,19.744375228881836,5200
2025-11-20,19.010000228881836,19.90999984741211,19.010000228881836,19.025142669677734,2800
2025-11-21,19.690000534057617,19.899999618530273,19.440000534057617,19.6064395904541,4500
2025-11-24,19.950000762939453,20.520000457763672,19.8799991607666,19.586732864379883,1400
2025-11-25,19.5,20.06999969482422,19.329999923706055,19.399538040161133,6200
2025-11-26,20.520000457763672,20.520000457763672,19.760000228881836,20.21729278564453,1800
2025-11-28,20.520000457763672,20.520000457763672,20.520000457763672,20.21729278564453,0
2025-12-01,20,20,19.780000686645508,19.55717658996582,1700
2025-12-02,19.3799991607666,20.40999984741211,19.3799991607666,20.089210510253906,5900
2025-12-03,20.389999389648438,20.389999389648438,20.389999389648438,20.089210510253906,0
2025-12-04,20.3799991607666,20.3799991607666,19.6200008392334,19.57688331604004,6000
2025-12-05,19.75,20.3799991607666,19.440000534057617,19.15322494506836,1100
2025-12-08,17.950000762939453,20.780000686645508,17.950000762939453,19.754226684570312,1724300
2025-12-09,19.1299991607666,19.8700008392334,19.1299991607666,19.409391403198242,648100
2025-12-10,19.989999771118164,20,19.81999969482422,19.70496368408203,501300
2025-12-11,19.989999771118164,20.350000381469727,19.989999771118164,19.96112823486328,3000
2025-12-12,19.5,20.899999618530273,19.5,20.108915328979492,6300
2025-12-15,21.25,21.690000534057617,21,21.21239471435547,22900
2025-12-16,20.350000381469727,21.59000015258789,20.350000381469727,21.271509170532227,2700
2025-12-17,21.549999237060547,21.549999237060547,21.389999389648438,21.20254135131836,3500
2025-12-18,21.649999618530273,21.760000228881836,21.649999618530273,21.439001083374023,3000
2025-12-19,20.829999923706055,22,20.829999923706055,21.675460815429688,10600
2025-12-22,22.100000381469727,22.260000228881836,21,21.645902633666992,6200
2025-12-23,21.940000534057617,21.969999313354492,21.59000015258789,21.419296264648438,6600
2025-12-24,22,22,21.34000015258789,21.439001083374023,1200
2025-12-26,19.549999237060547,21.56999969482422,19.549999237060547,21.24195098876953,11800
2025-12-29,19.700000762939453,21.579999923706055,19.700000762939453,21.08431053161621,3900
2025-12-30,21.25,21.290000915527344,21.25,20.975934982299805,600
2025-12-31,21.290000915527344,21.639999389648438,21,20.98578643798828,3900
2026-01-02,21.100000381469727,21.860000610351562,21.100000381469727,21.419296264648438,12500
2026-01-05,22,22,21.399999618530273,21.172983169555664,642900
2026-01-06,22,22.010000228881836,20.75,21.389738082885742,3300
2026-01-07,21.360000610351562,22.200000762939453,21,21.035049438476562,3000
2026-01-08,21.5,21.549999237060547,21.010000228881836,20.7985897064209,81100
2026-01-09,21.75,22.1299991607666,21.56999969482422,21.62619972229004,9300
2026-01-12,22.549999237060547,22.549999237060547,21,21.921772003173828,9700
2026-01-13,22,23,21.90999984741211,22.542478561401367,9300
2026-01-14,20.700000762939453,23.549999237060547,20.700000762939453,22.73952865600586,14400
2026-01-15,23.079999923706055,23.299999237060547,22.799999237060547,22.926725387573242,6100
2026-01-16,21.299999237060547,23.719999313354492,21.299999237060547,23.330677032470703,5000
2026-01-20,22,23.1200008392334,22,22.365135192871094,23100
2026-01-21,22.799999237060547,23.360000610351562,22.760000228881836,22.798643112182617,3700
2026-01-22,22.049999237060547,23.40999984741211,22.049999237060547,22.394691467285156,9100
2026-01-23,22.360000610351562,23.18000030517578,22.239999771118164,22.838054656982422,5700
2026-01-26,24.5,24.5,20.700000762939453,22.22719955444336,3800
2026-01-27,22.010000228881836,23.3799991607666,22.010000228881836,23.03510284423828,1400
2026-01-28,23.5,23.5,21.809999465942383,22.414396286010742,209600
2026-01-29,21.989999771118164,22.420000076293945,21.989999771118164,22.06955909729004,1000
2026-01-30,20.600000381469727,22.700000762939453,20.600000381469727,22.158231735229492,3500
2026-02-02,23.110000610351562,23.149999618530273,22.700000762939453,22.808496475219727,137100
2026-02-03,22.700000762939453,23.350000381469727,22.700000762939453,23.00554656982422,141800
2026-02-04,23.979999542236328,24.309999465942383,22.75,23.80359649658203,6100
2026-02-05,23.8799991607666,24.5,23.8799991607666,24.049907684326172,3700
2026-02-06,24.399999618530273,25,24.239999771118164,24.27651596069336,3600
2026-02-09,23.170000076293945,24.540000915527344,23.170000076293945,24.17799186706543,111400
2026-02-10,24.110000610351562,24.579999923706055,23.850000381469727,23.498170852661133,2600
2026-02-11,23.43000030517578,24.559999465942383,23.43000030517578,24.197694778442383,3600
2026-02-12,23.549999237060547,24.18000030517578,23.09000015258789,23.60654640197754,83000
2026-02-13,24.200000762939453,24.850000381469727,24.200000762939453,24.26666259765625,8600
2026-02-17,23.989999771118164,24.639999389648438,23.68000030517578,24.197694778442383,9600
2026-02-18,24.3799991607666,24.56999969482422,23.979999542236328,23.626251220703125,8700
2026-02-19,22.700000762939453,24.3700008392334,22.700000762939453,23.941530227661133,4200
2026-02-20,23.899999618530273,23.950000762939453,23.559999465942383,23.458759307861328,3600
2026-02-23,23.18000030517578,24.030000686645508,23.18000030517578,23.54743194580078,4600
2026-02-24,23.670000076293945,24.799999237060547,23.25,23.567136764526367,7800
2026-02-25,24.25,24.489999771118164,23.110000610351562,22.769086837768555,1084400
2026-02-26,23.149999618530273,24.299999237060547,23.149999618530273,22.94643211364746,1300
2026-02-27,23.829999923706055,24.3799991607666,23.350000381469727,23.478464126586914,3400
2026-03-02,24.56999969482422,24.579999923706055,23.399999618530273,23.054807662963867,5100
2026-03-03,23.030000686645508,23.360000610351562,21.75,22.709970474243164,11800
2026-03-04,23.25,23.25,21.899999618530273,21.576934814453125,600
2026-03-05,22.06999969482422,23.100000381469727,22.06999969482422,22.759233474731445,15600
2026-03-06,21.81999969482422,22.3700008392334,21.81999969482422,21.961183547973633,2800
2026-03-09,19.350000381469727,22.8700008392334,19.350000381469727,22.443954467773438,5100
2026-03-10,21.440000534057617,23.5,20.610000610351562,21.773984909057617,6200
2026-03-11,23.329999923706055,23.329999923706055,22.329999923706055,22.000593185424805,1700
2026-03-12,22.950000762939453,23.030000686645508,21.799999237060547,22.69026756286621,600
2026-03-13,21.540000915527344,22.25,20.889999389648438,21.636049270629883,111100
2026-03-16,22.700000762939453,22.700000762939453,21.239999771118164,21.675460815429688,3000
2026-03-17,22,22.229999542236328,20.969999313354492,20.660654067993164,2100
2026-03-18,23,23,21.059999465942383,20.749326705932617,304400
2026-03-19,20.799999237060547,20.950000762939453,20.799999237060547,20.54242515563965,19000
2026-03-20,19.149999618530273,22.31999969482422,19.149999618530273,20.246849060058594,503300
2026-03-23,20.09000015258789,21.81999969482422,20.09000015258789,20.916818618774414,3700
2026-03-24,21.790000915527344,21.829999923706055,21,21.50796890258789,7200
2026-03-25,22.200000762939453,22.200000762939453,20.639999389648438,20.335521697998047,108500
2026-03-26,22,22,20.649999618530273,20.69021224975586,7100
2026-03-27,21.149999618530273,21.6200008392334,20.700000762939453,20.83799934387207,1700
2026-03-30,21.329999923706055,21.329999923706055,20.5,20.5,2000
2026-03-31,21.360000610351562,21.799999237060547,20.25,21.440000534057617,3800
2026-04-01,21.18000030517578,21.299999237060547,21.149999618530273,21.299999237060547,1800
2026-04-02,20.5,21.65999984741211,20.5,20.760000228881836,7200
2026-04-06,20.760000228881836,20.93000030517578,20.479999542236328,20.93000030517578,3400
2026-04-07,20.25,21.100000381469727,20.1200008392334,20.1200008392334,1500
2026-04-08,21.399999618530273,23.399999618530273,21.399999618530273,21.5,8300
2026-04-09,21.5,22.200000762939453,20.389999389648438,21.40999984741211,11100
2026-04-10,20.610000610351562,21.56999969482422,20.600000381469727,21.489999771118164,7000
2026-04-13,20.010000228881836,21.760000228881836,20.010000228881836,20.639999389648438,6000
2026-04-14,22.93000030517578,22.93000030517578,20.899999618530273,20.899999618530273,30500
2026-04-15,20.899999618530273,20.93000030517578,20.020000457763672,20.299999237060547,185800
2026-04-16,23.450000762939453,23.450000762939453,20.489999771118164,21,609800
2026-04-17,21,21.979999542236328,20.799999237060547,20.799999237060547,5100
2026-04-20,21.1200008392334,21.489999771118164,20.739999771118164,21.489999771118164,4020900
2026-04-21,21.700000762939453,21.700000762939453,20.489999771118164,20.489999771118164,3900
2026-04-22,21.450000762939453,21.450000762939453,20.079999923706055,21,495300
2026-04-23,20.200000762939453,20.950000762939453,19.600000381469727,20.149999618530273,7100
2026-04-24,19.010000228881836,20.600000381469727,19.010000228881836,19.329999923706055,11100
2026-04-27,19.790000915527344,19.790000915527344,19.25,19.6299991607666,2500
2026-04-28,19.299999237060547,20.059999465942383,19.100000381469727,19.31999969482422,3500
2026-04-29,18.100000381469727,20.299999237060547,18.100000381469727,19.049999237060547,2700
2026-04-30,17.75,19.959999084472656,17.75,19.350000381469727,14700
2026-05-01,20.239999771118164,20.239999771118164,18.719999313354492,19.139999389648438,3800
2026-05-04,19.010000228881836,19.190000534057617,18.6200008392334,18.940000534057617,2600
2026-05-05,18.5,19.450000762939453,18.5,18.979999542236328,2400
2026-05-06,19.549999237060547,19.639999389648438,19.1299991607666,19.59000015258789,4900
2026-05-07,19.5,19.549999237060547,19.049999237060547,19.190000534057617,412100
2026-05-08,19,19.610000610351562,18.56999969482422,19.020000457763672,8700
2026-05-11,18.6299991607666,18.81999969482422,18.329999923706055,18.81999969482422,7500
2026-05-12,18.229999542236328,18.920000076293945,18.1299991607666,18.510000228881836,29900
2026-05-13,18.489999771118164,19.059999465942383,18.200000762939453,18.809999465942383,6500
2026-05-14,20.790000915527344,20.790000915527344,18.670000076293945,19.15999984741211,4900
2026-05-15,19.34000015258789,19.420000076293945,19.09000015258789,19.329999923706055,3800
2026-05-18,19,19.729999542236328,18.93000030517578,19.729999542236328,7900
2026-05-19,18.670000076293945,18.920000076293945,18.399999618530273,18.399999618530273,5800
2026-05-20,18.719999313354492,19.670000076293945,18.719999313354492,19.399999618530273,2300
2026-05-21,19.25,19.690000534057617,18.6200008392334,18.920000076293945,6800
2026-05-22,19,19.739999771118164,18.760000228881836,19.5,36600
2026-05-26,20,20.010000228881836,18.75,19.030000686645508,7600
2026-05-27,19.100000381469727,19.209999084472656,18.989999771118164,19,4600
2026-05-28,17.649999618530273,19.459999084472656,17.649999618530273,19.459999084472656,8900
2026-05-29,19.389999389648438,19.389999389648438,18.610000610351562,19.09000015258789,1855200
2026-06-01,18.649999618530273,19.139999389648438,18.399999618530273,19.09000015258789,2500
2026-06-02,18.3799991607666,18.700000762939453,17.809999465942383,18.510000228881836,3814400
2026-06-03,16.549999237060547,18.600000381469727,16.549999237060547,18.280000686645508,7900
2026-06-04,18.049999237060547,18.940000534057617,17.93000030517578,18.940000534057617,13300
2026-06-05,18.1299991607666,18.329999923706055,17.65999984741211,17.700000762939453,24400
2026-06-08,18.260000228881836,18.799999237060547,17.780000686645508,17.899999618530273,4900
2026-06-09,17.8799991607666,18.850000381469727,17.5,17.5,12600
2026-06-10,17.700000762939453,17.969999313354492,17.299999237060547,17.299999237060547,13900
2026-06-11,17.149999618530273,17.989999771118164,17.079999923706055,17.829999923706055,116400
2026-06-12,17.559999465942383,18,17.200000762939453,17.829999923706055,42000
2026-06-15,17.549999237060547,18.149999618530273,17.549999237060547,18.049999237060547,22600
2026-06-16,17.670000076293945,18.049999237060547,17.479999542236328,17.719999313354492,829600
2026-06-17,17,18.25,17,17.770000457763672,8900
2026-06-18,18.799999237060547,18.799999237060547,17.5,17.5,2800
2026-06-22,17.200000762939453,17.290000915527344,17.040000915527344,17.040000915527344,160800
2026-06-23,17,17.459999084472656,16.899999618530273,17.459999084472656,3500
2026-06-24,17.459999084472656,17.65999984741211,16.739999771118164,16.739999771118164,24600
2026-06-25,17,17.079999923706055,16.5,16.600000381469727,18200
2026-06-26,17.030000686645508,17.309999465942383,17.030000686645508,17.309999465942383,13400
2026-06-29,17.31999969482422,17.31999969482422,17.020000457763672,17.200000762939453,8000
2026-06-30,18,18,16.540000915527344,16.989999771118164,6100
2026-07-01,16.979999542236328,17.040000915527344,16.59000015258789,16.979999542236328,12200
2026-07-02,17.040000915527344,17.959999084472656,17.040000915527344,17.200000762939453,7600
2026-07-06,16.700000762939453,18.100000381469727,16.700000762939453,18.100000381469727,35700
2026-07-07,18.100000381469727,18.149999618530273,17.969999313354492,17.979999542236328,3900
2026-07-08,18.100000381469727,18.190000534057617,17.270000457763672,17.639999389648438,2900
2026-07-09,17.5,17.989999771118164,17.3799991607666,17.579999923706055,7900
2026-07-10,18,18.190000534057617,16,17.31999969482422,604100
2026-07-13,18,18,17.5,17.700000762939453,429800
2026-07-14,17.799999237060547,17.940000534057617,17.579999923706055,17.579999923706055,7000
2026-07-15,17.799999237060547,17.799999237060547,17.549999237060547,17.549999237060547,6800
2026-07-16,17.75,17.920000076293945,17.600000381469727,17.8799991607666,4100
2026-07-17,17.5,17.8799991607666,17.5,17.84000015258789,4400
2026-07-20,17.8799991607666,17.959999084472656,17.8799991607666,17.899999618530273,17400
2026-07-21,18,18.06999969482422,17.8799991607666,17.940000534057617,23800
2026-07-22,18.049999237060547,18.100000381469727,18.030000686645508,18.100000381469727,1400
2026-07-23,17.979999542236328,18.059999465942383,17.75,17.920000076293945,5000
2026-07-24,17.860000610351562,18.059999465942383,17.860000610351562,17.940000534057617,400
2026-07-27,18.149999618530273,18.15999984741211,17.940000534057617,18.100000381469727,11400
2026-07-28,18.200000762939453,18.790000915527344,17.940000534057617,17.940000534057617,16700
2026-07-29,19.399999618530273,19.43000030517578,17.950000762939453,19,205800
2026-07-30,19.25,19.5,18.030000686645508,19.190000534057617,3500
2026-07-31,18.56999969482422,19.149999618530273,18.190000534057617,18.8799991607666,3300
2026-08-03,18.40999984741211,18.950000762939453,18.020000457763672,18.799999237060547,7900
2026-08-04,19.59000015258789,19.59000015258789,18.329999923706055,18.780000686645508,12500
2026-08-05,18.309999465942383,18.809999465942383,18.309999465942383,18.729999542236328,3500
2026-08-06,20.799999237060547,20.799999237060547,18.559999465942383,19.030000686645508,326700
2026-08-07,18.799999237060547,19.030000686645508,18.799999237060547,19.030000686645508,196200
2026-08-10,17.450000762939453,19.360000610351562,17.450000762939453,18.75,6200
2026-08-11,19.420000076293945,19.420000076293945,18.639999389648438,18.920000076293945,205300
2026-08-12,18.90999984741211,18.989999771118164,18.860000610351562,18.989999771118164,800
2026-08-13,18.700000762939453,18.8700008392334,17.579999923706055,18.8700008392334,170200
2026-08-14,18.200000762939453,19,18.200000762939453,18.860000610351562,6800
2026-08-17,19,19.389999389648438,18.760000228881836,19.040000915527344,9200
2026-08-18,19.31999969482422,19.31999969482422,18.079999923706055,18.799999237060547,2700
2026-08-19,18.579999923706055,19.5,18.389999389648438,18.700000762939453,161000
2026-08-20,18.709999084472656,19.200000762939453,18.709999084472656,19.200000762939453,5500
2026-08-21,19.5,20,19.1200008392334,19.1200008392334,70200
2026-08-24,19.780000686645508,19.780000686645508,19.299999237060547,19.510000228881836,15100
2026-08-25,18,19.530000686645508,18,19,4200
2026-08-26,17.75,19.3799991607666,17.75,19.15999984741211,3900
2026-08-27,19.899999618530273,19.899999618530273,19.200000762939453,19.350000381469727,2100
2026-08-28,19.559999465942383,19.6299991607666,19.25,19.549999237060547,2700
2026-08-31,19.899999618530273,19.899999618530273,19.079999923706055,19.079999923706055,7800
2026-09-01,19.850000381469727,19.899999618530273,19.200000762939453,19.84000015258789,3300
2026-09-02,19.5,19.5,19.5,19.5,6200
2026-09-03,19.600000381469727,20,19.600000381469727,19.950000762939453,3700
2026-09-04,19.920000076293945,19.920000076293945,19.610000610351562,19.68000030517578,238800
2026-09-08,19.200000762939453,19.799999237060547,19.049999237060547,19.549999237060547,4300
2026-09-09,19.799999237060547,19.799999237060547,19.020000457763672,19.139999389648438,3500
2026-09-10,20.25,20.25,19.139999389648438,19.200000762939453,4000
2026-09-11,19.75,20.200000762939453,19.75,19.809999465942383,23700
2026-09-14,19.760000228881836,20.3700008392334,19.299999237060547,20.3700008392334,12000
2026-09-15,18.549999237060547,19.549999237060547,18.5,19.530000686645508,5800
2026-09-16,19.479999542236328,19.799999237060547,19.200000762939453,19.200000762939453,1600
2026-09-17,19.399999618530273,19.6299991607666,19.040000915527344,19.31999969482422,202200
2026-09-18,19.049999237060547,19.18000030517578,19.049999237060547,19.1200008392334,89200
2026-09-21,19.600000381469727,19.84000015258789,19.229999542236328,19.229999542236328,1600
2026-09-22,19.75,19.920000076293945,19.200000762939453,19.799999237060547,1700
2026-09-23,19.079999923706055,20,19.079999923706055,19.700000762939453,1300
2026-09-24,19,19.700000762939453,18.579999923706055,18.780000686645508,5100
2026-09-25,18.860000610351562,19.719999313354492,18.799999237060547,19.559999465942383,2800
